time,symbol,family,side,regime,gross12h,mfe24h,mae24h
2020-01-02 02:00:00+00:00,BTCUSDT,Breakout,-1,range,0.0049619343171619645,0.031053950570427147,0.0022298006295908834
2020-01-02 03:00:00+00:00,BTCUSDT,Breakout,-1,bear,0.00014591801371910407,0.025715243802342802,-0.003267721672613355
2020-01-02 07:00:00+00:00,BTCUSDT,Breakout,-1,bear,0.018025876672163266,0.023010709723167988,-0.010895440910804854
2020-01-02 16:00:00+00:00,BTCUSDT,Breakout,-1,bear,-0.02195298747022889,0.01497955206032664,-0.037057369131058504
2020-01-02 17:00:00+00:00,BTCUSDT,Breakout,-1,bear,-0.035701880043520484,0.0032798132874780617,-0.052588971215152824
2020-01-03 01:00:00+00:00,BTCUSDT,Breakout,-1,bear,-0.06700761394039567,-0.010713549095535901,-0.06514407225254693
2020-01-03 04:00:00+00:00,BTCUSDT,Breakout,1,bear,0.024794673233051512,0.0281648499452416,-0.0057201393043389
2020-01-03 09:00:00+00:00,BTCUSDT,Breakout,1,bear,-0.009241472264010842,0.008458642777887437,-0.01581315561969454
2020-01-03 16:00:00+00:00,BTCUSDT,Breakout,1,bull,-0.007140728701070076,0.0023499932276853652,-0.017223350941351745
2020-01-05 01:00:00+00:00,BTCUSDT,Breakout,1,bull,-0.0040009010071972995,0.004917997618766767,-0.020825065162127676
2020-01-05 21:00:00+00:00,BTCUSDT,Breakout,-1,bull,-0.024544807849994354,0.000734443641971616,-0.024415839003437467
2020-01-05 22:00:00+00:00,BTCUSDT,Breakout,-1,bull,-0.02758133917934602,-0.0010267694433414576,-0.029793993330758495
2020-01-06 02:00:00+00:00,BTCUSDT,Breakout,1,bull,-0.00046101080593441424,0.06177014902041833,-0.008861210577283618
2020-01-06 22:00:00+00:00,BTCUSDT,Breakout,1,bull,0.02362127107652401,0.06264591439688716,-0.0010233463035019819
2020-01-07 00:00:00+00:00,BTCUSDT,Breakout,1,bull,-0.002171042125568068,0.07328059293657208,-0.01992593362415751
2020-01-07 18:00:00+00:00,BTCUSDT,Breakout,1,bull,0.03716615670384571,0.052884035573481425,-0.011322790924360948
2020-01-07 20:00:00+00:00,BTCUSDT,Breakout,1,bull,0.018485205100667645,0.03703531353822376,-0.03623320626158011
2020-01-08 00:00:00+00:00,BTCUSDT,Breakout,1,bull,-0.01763842125285764,0.002174729758717575,-0.06728270183210616
2020-01-08 19:00:00+00:00,BTCUSDT,Breakout,-1,bull,0.0014174424517109374,0.016454385094883284,-0.007714954708382127
2020-01-09 16:00:00+00:00,BTCUSDT,Breakout,-1,range,0.0030230604266812122,0.008636950136127197,-0.015871067240076142
2020-01-09 17:00:00+00:00,BTCUSDT,Breakout,-1,range,0.00685488987698879,0.006329365409979526,-0.018235699005220596
2020-01-10 05:00:00+00:00,BTCUSDT,Breakout,-1,range,-0.02804762365695468,-0.0005291517439423021,-0.054849804794631085
2020-01-10 08:00:00+00:00,BTCUSDT,Breakout,-1,range,-0.0483918062251405,-0.00606422393376449,-0.060653918775994686
2020-01-10 15:00:00+00:00,BTCUSDT,Breakout,1,range,0.012293781332592957,0.024130125404751457,-0.019057406516683528
2020-01-10 23:00:00+00:00,BTCUSDT,Breakout,1,bull,-0.019163918026974258,0.010369083316985828,-0.024761517176002723
2020-01-11 01:00:00+00:00,BTCUSDT,Breakout,1,bull,-0.014535418135244171,0.00955229840766636,-0.031343859610676206
2020-01-13 06:00:00+00:00,BTCUSDT,Breakout,-1,bull,-0.005667820326746176,-0.0040067979110069984,-0.051272127324377026
2020-01-14 00:00:00+00:00,BTCUSDT,Breakout,1,bull,0.027229729321582408,0.07745836529807248,-0.0002706180118032808
2020-01-14 01:00:00+00:00,BTCUSDT,Breakout,1,bull,0.017996713437585576,0.056640479217290984,-0.00775197472166711
2020-01-14 04:00:00+00:00,BTCUSDT,Breakout,1,bull,0.01814884373072978,0.045542683370027204,-0.007301272447192475
2020-01-14 14:00:00+00:00,BTCUSDT,Breakout,1,bull,0.014202220117167874,0.025585608784821634,-0.02053654364360402
2020-01-14 17:00:00+00:00,BTCUSDT,Breakout,1,bull,-0.019648302997694156,0.014800212487871223,-0.02509017653101031
2020-01-17 05:00:00+00:00,BTCUSDT,Breakout,1,bull,-6.518641065644815e-05,0.015896492971106735,-0.01265065928187048
2020-01-19 00:00:00+00:00,BTCUSDT,Breakout,1,bull,-0.03742097961892088,0.024876807253731315,-0.06022694631178849
2020-01-19 01:00:00+00:00,BTCUSDT,Breakout,1,bull,-0.056063699513776655,0.005578841693949066,-0.07792244678143323
2020-01-19 11:00:00+00:00,BTCUSDT,Breakout,-1,bull,-0.00011602740544347512,0.00578758483786046,0.004364238745341642
2020-01-21 19:00:00+00:00,BTCUSDT,Breakout,-1,range,-0.024423329908826785,-0.015505165459889447,-0.023096089619762727
2020-01-21 20:00:00+00:00,BTCUSDT,Breakout,1,range,-0.0049700091582964845,0.010965885059368574,-0.015872852127326587
2020-01-21 21:00:00+00:00,BTCUSDT,Breakout,1,range,-0.005960146669047317,0.009379677822486387,-0.017416949338753374
2020-01-23 05:00:00+00:00,BTCUSDT,Breakout,-1,range,0.026116422776379156,0.024983769190888183,0.005716981396456711
2020-01-23 09:00:00+00:00,BTCUSDT,Breakout,-1,range,0.005563201687066699,0.012250641111362315,0.00426381954445898
2020-01-23 13:00:00+00:00,BTCUSDT,Breakout,-1,bear,-0.000239145771304905,0.004726716169841438,-0.006923270079276733
2020-01-24 02:00:00+00:00,BTCUSDT,Breakout,-1,bear,-0.019532096180229663,-0.001705297614749579,-0.020774063109249896
2020-01-24 09:00:00+00:00,BTCUSDT,Breakout,-1,bear,-0.029373755592655204,-0.006233067900062839,-0.025388025401323233
2020-01-24 10:00:00+00:00,BTCUSDT,Breakout,-1,bear,-0.025850290697674527,-0.008882025193798437,-0.027376453488372254
2020-01-24 13:00:00+00:00,BTCUSDT,Breakout,1,bear,-0.021158172574445078,0.007127124999261936,-0.023105584193961692
2020-01-25 21:00:00+00:00,BTCUSDT,Breakout,1,bear,0.0030896179783843625,0.0272265140200052,-0.01141753197409201
2020-01-26 16:00:00+00:00,BTCUSDT,Breakout,1,range,0.01654525250030847,0.03656065710640344,-0.0018109231592379205
2020-01-26 17:00:00+00:00,BTCUSDT,Breakout,1,range,0.008622981247697448,0.027722721485633928,-0.0038486291371888637
2020-01-27 00:00:00+00:00,BTCUSDT,Breakout,1,range,0.009229941982562329,0.05083333717962324,-0.01169579846671509
2020-01-27 11:00:00+00:00,BTCUSDT,Breakout,1,bull,0.020136970310128843,0.0502445734899275,-0.0035089486201110853
2020-01-27 18:00:00+00:00,BTCUSDT,Breakout,1,bull,0.015750742641101656,0.03607547934107469,-0.002835538752362976
2020-01-27 19:00:00+00:00,BTCUSDT,Breakout,1,bull,0.012763542585437104,0.03064347148658375,-0.004333985520548533
2020-01-27 20:00:00+00:00,BTCUSDT,Breakout,1,bull,0.0016429365962180587,0.024228031145717477,-0.010531701890990064
2020-01-28 00:00:00+00:00,BTCUSDT,Breakout,1,bull,-0.002193584069577703,0.04115366436511114,-0.01889170569615717
2020-01-28 01:00:00+00:00,BTCUSDT,Breakout,1,bull,-0.0050494166807961705,0.033730234695049655,-0.02588701164450613
2020-01-28 23:00:00+00:00,BTCUSDT,Breakout,1,bull,-0.009097795718258861,0.0065475189861028404,-0.016701812324316
2020-01-30 20:00:00+00:00,BTCUSDT,Breakout,1,bull,-0.02066994751135387,0.00021283410520456236,-0.038073308829589814
2020-01-02 02:00:00+00:00,BTCUSDT,Donchian,-1,range,0.0049619343171619645,0.031053950570427147,0.0022298006295908834
2020-01-02 03:00:00+00:00,BTCUSDT,Donchian,-1,bear,0.00014591801371910407,0.025715243802342802,-0.003267721672613355
2020-01-02 07:00:00+00:00,BTCUSDT,Donchian,-1,bear,0.018025876672163266,0.023010709723167988,-0.010895440910804854
2020-01-02 16:00:00+00:00,BTCUSDT,Donchian,-1,bear,-0.02195298747022889,0.01497955206032664,-0.037057369131058504
2020-01-02 17:00:00+00:00,BTCUSDT,Donchian,-1,bear,-0.035701880043520484,0.0032798132874780617,-0.052588971215152824
2020-01-03 01:00:00+00:00,BTCUSDT,Donchian,-1,bear,-0.06700761394039567,-0.010713549095535901,-0.06514407225254693
2020-01-03 04:00:00+00:00,BTCUSDT,Donchian,1,bear,0.024794673233051512,0.0281648499452416,-0.0057201393043389
2020-01-03 09:00:00+00:00,BTCUSDT,Donchian,1,bear,-0.009241472264010842,0.008458642777887437,-0.01581315561969454
2020-01-03 16:00:00+00:00,BTCUSDT,Donchian,1,bull,-0.007140728701070076,0.0023499932276853652,-0.017223350941351745
2020-01-05 01:00:00+00:00,BTCUSDT,Donchian,1,bull,-0.0040009010071972995,0.004917997618766767,-0.020825065162127676
2020-01-05 21:00:00+00:00,BTCUSDT,Donchian,-1,bull,-0.024544807849994354,0.000734443641971616,-0.024415839003437467
2020-01-05 22:00:00+00:00,BTCUSDT,Donchian,-1,bull,-0.02758133917934602,-0.0010267694433414576,-0.029793993330758495
2020-01-06 02:00:00+00:00,BTCUSDT,Donchian,1,bull,-0.00046101080593441424,0.06177014902041833,-0.008861210577283618
2020-01-06 22:00:00+00:00,BTCUSDT,Donchian,1,bull,0.02362127107652401,0.06264591439688716,-0.0010233463035019819
2020-01-07 00:00:00+00:00,BTCUSDT,Donchian,1,bull,-0.002171042125568068,0.07328059293657208,-0.01992593362415751
2020-01-07 18:00:00+00:00,BTCUSDT,Donchian,1,bull,0.03716615670384571,0.052884035573481425,-0.011322790924360948
2020-01-07 20:00:00+00:00,BTCUSDT,Donchian,1,bull,0.018485205100667645,0.03703531353822376,-0.03623320626158011
2020-01-08 00:00:00+00:00,BTCUSDT,Donchian,1,bull,-0.01763842125285764,0.002174729758717575,-0.06728270183210616
2020-01-08 19:00:00+00:00,BTCUSDT,Donchian,-1,bull,0.0014174424517109374,0.016454385094883284,-0.007714954708382127
2020-01-09 16:00:00+00:00,BTCUSDT,Donchian,-1,range,0.0030230604266812122,0.008636950136127197,-0.015871067240076142
2020-01-09 17:00:00+00:00,BTCUSDT,Donchian,-1,range,0.00685488987698879,0.006329365409979526,-0.018235699005220596
2020-01-10 05:00:00+00:00,BTCUSDT,Donchian,-1,range,-0.02804762365695468,-0.0005291517439423021,-0.054849804794631085
2020-01-10 08:00:00+00:00,BTCUSDT,Donchian,-1,range,-0.0483918062251405,-0.00606422393376449,-0.060653918775994686
2020-01-10 15:00:00+00:00,BTCUSDT,Donchian,1,range,0.012293781332592957,0.024130125404751457,-0.019057406516683528
2020-01-10 23:00:00+00:00,BTCUSDT,Donchian,1,bull,-0.019163918026974258,0.010369083316985828,-0.024761517176002723
2020-01-11 01:00:00+00:00,BTCUSDT,Donchian,1,bull,-0.014535418135244171,0.00955229840766636,-0.031343859610676206
2020-01-13 06:00:00+00:00,BTCUSDT,Donchian,-1,bull,-0.005667820326746176,-0.0040067979110069984,-0.051272127324377026
2020-01-14 00:00:00+00:00,BTCUSDT,Donchian,1,bull,0.027229729321582408,0.07745836529807248,-0.0002706180118032808
2020-01-14 01:00:00+00:00,BTCUSDT,Donchian,1,bull,0.017996713437585576,0.056640479217290984,-0.00775197472166711
2020-01-14 04:00:00+00:00,BTCUSDT,Donchian,1,bull,0.01814884373072978,0.045542683370027204,-0.007301272447192475
2020-01-14 14:00:00+00:00,BTCUSDT,Donchian,1,bull,0.014202220117167874,0.025585608784821634,-0.02053654364360402
2020-01-14 17:00:00+00:00,BTCUSDT,Donchian,1,bull,-0.019648302997694156,0.014800212487871223,-0.02509017653101031
2020-01-17 05:00:00+00:00,BTCUSDT,Donchian,1,bull,-6.518641065644815e-05,0.015896492971106735,-0.01265065928187048
2020-01-19 00:00:00+00:00,BTCUSDT,Donchian,1,bull,-0.03742097961892088,0.024876807253731315,-0.06022694631178849
2020-01-19 01:00:00+00:00,BTCUSDT,Donchian,1,bull,-0.056063699513776655,0.005578841693949066,-0.07792244678143323
2020-01-19 11:00:00+00:00,BTCUSDT,Donchian,-1,bull,-0.00011602740544347512,0.00578758483786046,0.004364238745341642
2020-01-21 19:00:00+00:00,BTCUSDT,Donchian,-1,range,-0.024423329908826785,-0.015505165459889447,-0.023096089619762727
2020-01-21 20:00:00+00:00,BTCUSDT,Donchian,1,range,-0.0049700091582964845,0.010965885059368574,-0.015872852127326587
2020-01-21 21:00:00+00:00,BTCUSDT,Donchian,1,range,-0.005960146669047317,0.009379677822486387,-0.017416949338753374
2020-01-23 05:00:00+00:00,BTCUSDT,Donchian,-1,range,0.026116422776379156,0.024983769190888183,0.005716981396456711
2020-01-23 09:00:00+00:00,BTCUSDT,Donchian,-1,range,0.005563201687066699,0.012250641111362315,0.00426381954445898
2020-01-23 13:00:00+00:00,BTCUSDT,Donchian,-1,bear,-0.000239145771304905,0.004726716169841438,-0.006923270079276733
2020-01-24 02:00:00+00:00,BTCUSDT,Donchian,-1,bear,-0.019532096180229663,-0.001705297614749579,-0.020774063109249896
2020-01-24 09:00:00+00:00,BTCUSDT,Donchian,-1,bear,-0.029373755592655204,-0.006233067900062839,-0.025388025401323233
2020-01-24 10:00:00+00:00,BTCUSDT,Donchian,-1,bear,-0.025850290697674527,-0.008882025193798437,-0.027376453488372254
2020-01-24 13:00:00+00:00,BTCUSDT,Donchian,1,bear,-0.021158172574445078,0.007127124999261936,-0.023105584193961692
2020-01-25 21:00:00+00:00,BTCUSDT,Donchian,1,bear,0.0030896179783843625,0.0272265140200052,-0.01141753197409201
2020-01-26 16:00:00+00:00,BTCUSDT,Donchian,1,range,0.01654525250030847,0.03656065710640344,-0.0018109231592379205
2020-01-26 17:00:00+00:00,BTCUSDT,Donchian,1,range,0.008622981247697448,0.027722721485633928,-0.0038486291371888637
2020-01-27 00:00:00+00:00,BTCUSDT,Donchian,1,range,0.009229941982562329,0.05083333717962324,-0.01169579846671509
2020-01-27 11:00:00+00:00,BTCUSDT,Donchian,1,bull,0.020136970310128843,0.0502445734899275,-0.0035089486201110853
2020-01-27 18:00:00+00:00,BTCUSDT,Donchian,1,bull,0.015750742641101656,0.03607547934107469,-0.002835538752362976
2020-01-27 19:00:00+00:00,BTCUSDT,Donchian,1,bull,0.012763542585437104,0.03064347148658375,-0.004333985520548533
2020-01-27 20:00:00+00:00,BTCUSDT,Donchian,1,bull,0.0016429365962180587,0.024228031145717477,-0.010531701890990064
2020-01-28 00:00:00+00:00,BTCUSDT,Donchian,1,bull,-0.002193584069577703,0.04115366436511114,-0.01889170569615717
2020-01-28 01:00:00+00:00,BTCUSDT,Donchian,1,bull,-0.0050494166807961705,0.033730234695049655,-0.02588701164450613
2020-01-28 23:00:00+00:00,BTCUSDT,Donchian,1,bull,-0.009097795718258861,0.0065475189861028404,-0.016701812324316
2020-01-30 20:00:00+00:00,BTCUSDT,Donchian,1,bull,-0.02066994751135387,0.00021283410520456236,-0.038073308829589814
2020-01-04 12:00:00+00:00,BTCUSDT,Pullback,1,bull,0.008442022145430883,0.025327434451549058,-0.0055609820160713586
2020-01-04 13:00:00+00:00,BTCUSDT,Pullback,1,bull,0.02169047038485039,0.026715141685319743,-0.0042150800413151
2020-01-04 14:00:00+00:00,BTCUSDT,Pullback,1,bull,0.0178272546274012,0.0248927930687437,-0.005982529645998325
2020-01-04 16:00:00+00:00,BTCUSDT,Pullback,1,bull,0.020845655078749692,0.02612757661387488,-0.004784944470000663
2020-01-04 18:00:00+00:00,BTCUSDT,Pullback,1,bull,0.020877884228367005,0.026096670764664376,-0.0032008192344866737
2020-01-06 00:00:00+00:00,BTCUSDT,Pullback,1,bull,0.024335536120878798,0.08691630989464327,-0.0012191500124084653
2020-01-07 15:00:00+00:00,BTCUSDT,Pullback,1,bull,0.06867067141538752,0.09001159720997642,-0.004647894031620026
2020-01-08 16:00:00+00:00,BTCUSDT,Pullback,1,bull,-0.01823610122354069,0.001282168132764161,-0.03806598300788522
2020-01-08 17:00:00+00:00,BTCUSDT,Pullback,1,bull,-0.017031049122029907,0.0058514844011972045,-0.037827390490378865
2020-01-08 18:00:00+00:00,BTCUSDT,Pullback,1,bull,-0.017844797305096693,0.008975149844415053,-0.03483936951775479
2020-01-08 20:00:00+00:00,BTCUSDT,Pullback,1,bull,-0.014009095912057123,0.009842517239623039,-0.03400966735695554
2020-01-08 22:00:00+00:00,BTCUSDT,Pullback,1,bull,-0.022342744735874498,0.006339605263320891,-0.040577930349761426
2020-01-08 23:00:00+00:00,BTCUSDT,Pullback,1,bull,-0.022123267955691528,1.9851510699941954e-05,-0.03844120975106202
2020-01-11 08:00:00+00:00,BTCUSDT,Pullback,1,bull,0.01331147028193147,0.029291689268278853,-0.012404095722430286
2020-01-11 10:00:00+00:00,BTCUSDT,Pullback,1,bull,0.003092621021135722,0.029077090900967884,-0.012610000881124073
2020-01-11 11:00:00+00:00,BTCUSDT,Pullback,1,bull,-0.003633626135275292,0.030110027441641485,-0.01161890777546315
2020-01-11 14:00:00+00:00,BTCUSDT,Pullback,1,bull,0.004822746086017737,0.02910774233182134,-0.012580591115275541
2020-01-11 21:00:00+00:00,BTCUSDT,Pullback,1,bull,0.004027170138996006,0.010801203340639276,-0.01864339254239633
2020-01-11 22:00:00+00:00,BTCUSDT,Pullback,1,bull,0.005217244992768544,0.013880073885195854,-0.01565420936530748
2020-01-12 00:00:00+00:00,BTCUSDT,Pullback,1,bull,0.008982693245118911,0.017095893537347973,-0.002997952164243589
2020-01-12 01:00:00+00:00,BTCUSDT,Pullback,1,bull,0.012332040118187226,0.01671756453986717,-0.001259737860454302
2020-01-12 04:00:00+00:00,BTCUSDT,Pullback,1,bull,0.004146874670993395,0.015662255141790205,-0.00042360547714448415
2020-01-12 06:00:00+00:00,BTCUSDT,Pullback,1,bull,0.00404283176256337,0.013798790612223222,-0.004278972700376804
2020-01-12 16:00:00+00:00,BTCUSDT,Pullback,1,bull,0.0016837238791518327,0.011467824838442775,-0.006568373374713055
2020-01-12 17:00:00+00:00,BTCUSDT,Pullback,1,bull,-0.00045668525499076296,0.01211326781751354,-0.005934439745934883
2020-01-12 21:00:00+00:00,BTCUSDT,Pullback,1,bull,0.0012081080213930395,0.011898444884853365,-0.006145432018934915
2020-01-13 02:00:00+00:00,BTCUSDT,Pullback,1,bull,-0.003589483331198129,0.045187579451501314,-0.007930368457877202
2020-01-13 03:00:00+00:00,BTCUSDT,Pullback,1,bull,-0.002758925190824657,0.046467601437058415,-0.006715399045167714
2020-01-13 04:00:00+00:00,BTCUSDT,Pullback,1,bull,-0.0016119339759724793,0.05881157735559084,-0.00823822635542848
2020-01-13 09:00:00+00:00,BTCUSDT,Pullback,1,bull,0.0027251314805067928,0.059765547485200354,-0.007194297807199712
2020-01-13 23:00:00+00:00,BTCUSDT,Pullback,1,bull,0.05142857142857138,0.09614199433008741,-0.0004905706890175887
2020-01-15 04:00:00+00:00,BTCUSDT,Pullback,1,bull,0.020655476734119826,0.036631632765702804,-0.0041169191082913725
2020-01-15 05:00:00+00:00,BTCUSDT,Pullback,1,bull,0.02128131106150133,0.03513893594605011,-0.002565453288096653
2020-01-15 07:00:00+00:00,BTCUSDT,Pullback,1,bull,0.015629797059406147,0.033552335085424545,-0.004094263050029023
2020-01-15 08:00:00+00:00,BTCUSDT,Pullback,1,bull,0.020576674523362426,0.03227030735995373,-0.005329593592453774
2020-01-16 00:00:00+00:00,BTCUSDT,Pullback,1,bull,-0.004562834798003346,0.0031129940409377888,-0.01941828419160252
2020-01-16 01:00:00+00:00,BTCUSDT,Pullback,1,bull,0.0033899868551530155,0.013971588681594982,-0.008803588312616739
2020-01-16 02:00:00+00:00,BTCUSDT,Pullback,1,bull,0.004033729929536767,0.01579877555735254,-0.0070174425320549405
2020-01-16 04:00:00+00:00,BTCUSDT,Pullback,1,bull,0.0008857549357452754,0.021273131253406685,-0.00603167930821058
2020-01-16 05:00:00+00:00,BTCUSDT,Pullback,1,bull,-0.002940413288234023,0.022427970781867534,-0.011781171710491645
2020-01-16 06:00:00+00:00,BTCUSDT,Pullback,1,bull,-0.004638763057619788,0.033382138299066666,-0.013927745737585262
2020-01-16 07:00:00+00:00,BTCUSDT,Pullback,1,bull,0.002412345315262243,0.03813715380082505,-0.00939042243665289
2020-01-16 08:00:00+00:00,BTCUSDT,Pullback,1,bull,0.007259333799250811,0.03852800744240015,-0.009017462698768353
2020-01-16 10:00:00+00:00,BTCUSDT,Pullback,1,bull,0.007125934593729344,0.04309834482137842,-0.003638554133446048
2020-01-16 13:00:00+00:00,BTCUSDT,Pullback,1,bull,0.004981613422201825,0.03872672948747424,-0.007814295564238072
2020-01-16 14:00:00+00:00,BTCUSDT,Pullback,1,bull,0.007962567533985387,0.03993133853049735,-0.006663660042890429
2020-01-16 17:00:00+00:00,BTCUSDT,Pullback,1,bull,0.0245864544768859,0.040873785848768884,-0.0023088305571707934
2020-01-16 18:00:00+00:00,BTCUSDT,Pullback,1,bull,0.022084153897328873,0.04038498503130139,-0.0014836334170873489
2020-01-16 21:00:00+00:00,BTCUSDT,Pullback,1,bull,0.03205523306624469,0.03941473556387587,-0.00186747375877383
2020-01-17 00:00:00+00:00,BTCUSDT,Pullback,1,bull,0.014491086831512456,0.03956296722254171,-0.001495112133410026
2020-01-17 12:00:00+00:00,BTCUSDT,Pullback,1,bull,0.018349393492801402,0.019725654687677174,-0.004081169935381435
2020-01-17 14:00:00+00:00,BTCUSDT,Pullback,1,bull,0.015363614646964452,0.023217190503816543,-0.0006711485740936718
2020-01-18 04:00:00+00:00,BTCUSDT,Pullback,1,bull,0.004150277551223214,0.039862546060851045,-0.0041141292437548715
2020-01-18 05:00:00+00:00,BTCUSDT,Pullback,1,bull,0.006459408489831064,0.03952435264756704,-0.00443802016871242
2020-01-18 06:00:00+00:00,BTCUSDT,Pullback,1,bull,0.0025732642019837826,0.03756762849413886,-0.0045085662759242195
2020-01-18 07:00:00+00:00,BTCUSDT,Pullback,1,bull,0.0069277516717873855,0.03981791071751317,-0.002349539128863154
2020-01-18 08:00:00+00:00,BTCUSDT,Pullback,1,bull,0.0050648014904568495,0.03814333467161668,-0.001362342507341796
2020-01-18 16:00:00+00:00,BTCUSDT,Pullback,1,bull,0.03024020267381844,0.03556466527770907,-0.04321668189120231
2020-01-18 18:00:00+00:00,BTCUSDT,Pullback,1,bull,0.021159482530863638,0.034904545674284915,-0.043826582407983095
2020-01-24 11:00:00+00:00,BTCUSDT,Pullback,-1,bear,-0.003017860028325048,0.010364091742944836,-0.007777524309219075
2020-01-24 12:00:00+00:00,BTCUSDT,Pullback,-1,bear,0.015400758431690087,0.013549682960394271,-0.004533536087089507
2020-01-25 16:00:00+00:00,BTCUSDT,Pullback,-1,bear,-0.002012267529830858,0.0010486295991266603,-0.011999387102334724
2020-01-25 19:00:00+00:00,BTCUSDT,Pullback,-1,bear,-0.0025007620630090877,0.002444578594098412,-0.02351337943565479
2020-01-25 20:00:00+00:00,BTCUSDT,Pullback,-1,bear,-0.00578585642380558,0.003241704032660664,-0.022695511541851898
2020-01-25 22:00:00+00:00,BTCUSDT,Pullback,-1,bear,-0.010127060533996257,0.0022394314498435097,-0.02440896585614305
2020-01-26 03:00:00+00:00,BTCUSDT,Pullback,-1,bear,-0.010661197303224679,-0.0006295183169524599,-0.033157816777917404
2020-01-26 04:00:00+00:00,BTCUSDT,Pullback,-1,bear,-0.01593439873270297,-0.0025971946952239033,-0.033270135725524064
2020-01-26 05:00:00+00:00,BTCUSDT,Pullback,-1,bear,-0.023400660544854235,-0.0013542601324907366,-0.031989175464385955
2020-01-28 16:00:00+00:00,BTCUSDT,Pullback,1,bull,0.04087504567044187,0.05264799451063551,-0.008060276072252903
2020-01-28 17:00:00+00:00,BTCUSDT,Pullback,1,bull,0.04166129168575705,0.05090143990178242,-0.001962794752832564
2020-01-29 23:00:00+00:00,BTCUSDT,Pullback,1,bull,0.004210074105896355,0.03093115669638058,-0.010802276876812344
2020-01-30 00:00:00+00:00,BTCUSDT,Pullback,1,bull,0.01068403684269481,0.03383134730874282,-0.006664598788567955
2020-01-30 01:00:00+00:00,BTCUSDT,Pullback,1,bull,0.010191137580357168,0.03190643073681487,-0.008514114940551765
2020-01-30 02:00:00+00:00,BTCUSDT,Pullback,1,bull,0.010371752550824898,0.03652735799445628,-0.004074192855206826
2020-01-30 03:00:00+00:00,BTCUSDT,Pullback,1,bull,0.011313128267854244,0.03354638091874618,-0.006938402832212143
2020-01-02 03:00:00+00:00,BTCUSDT,MeanReversion_RSI,1,bear,-0.00014591801371910407,0.006693988879363788,-0.037019680692100376
2020-01-02 05:00:00+00:00,BTCUSDT,MeanReversion_RSI,1,bear,-0.023625732961106816,0.023062347942103045,-0.03811958337537702
2020-01-02 06:00:00+00:00,BTCUSDT,MeanReversion_RSI,1,bear,-0.02273555804823324,0.023555804823331528,-0.03765563656758275
2020-01-02 07:00:00+00:00,BTCUSDT,MeanReversion_RSI,1,bear,-0.018025876672163266,0.027075395775765454,-0.034346526796819266
2020-01-02 16:00:00+00:00,BTCUSDT,MeanReversion_RSI,1,bear,0.02195298747022889,0.050736140013419195,-0.026408553097263532
2020-01-02 17:00:00+00:00,BTCUSDT,MeanReversion_RSI,1,bear,0.035701880043520484,0.06321642748670131,-0.014844564122143966
2020-01-02 18:00:00+00:00,BTCUSDT,MeanReversion_RSI,1,bear,0.032590371385323946,0.06276031765389489,-0.015267186524817733
2020-01-02 19:00:00+00:00,BTCUSDT,MeanReversion_RSI,1,bear,0.03131769884116786,0.06130004699517433,-0.01662024460415157
2020-01-02 20:00:00+00:00,BTCUSDT,MeanReversion_RSI,1,bear,0.04507591847313508,0.06657067365495783,-0.011736585576570091
2020-01-02 22:00:00+00:00,BTCUSDT,MeanReversion_RSI,1,bear,0.048726321165621256,0.06268255872006612,-0.015339236423943636
2020-01-02 23:00:00+00:00,BTCUSDT,MeanReversion_RSI,1,bear,0.05401721334551368,0.06395251966377669,-0.014162515584512647
2020-01-03 00:00:00+00:00,BTCUSDT,MeanReversion_RSI,1,bear,0.05585303139335496,0.06821338078846062,-0.010214485446918053
2020-01-03 01:00:00+00:00,BTCUSDT,MeanReversion_RSI,1,bear,0.06700761394039567,0.07589829100300083,-0.0030937987491176377
2020-01-03 02:00:00+00:00,BTCUSDT,MeanReversion_RSI,1,bear,0.04316670933667788,0.06540018237834011,-0.0024221224351248516
2020-01-03 03:00:00+00:00,BTCUSDT,MeanReversion_RSI,1,bear,0.05306483767191805,0.06620222099073736,-0.00021734906115289387
2020-01-03 07:00:00+00:00,BTCUSDT,MeanReversion_RSI,-1,bear,-0.019572048980136092,-0.014167785029772118,-0.01906079727480603
2020-01-03 08:00:00+00:00,BTCUSDT,MeanReversion_RSI,-1,bear,-0.0078602920914852,-0.0069757508955634595,-0.010639294571507252
2020-01-03 09:00:00+00:00,BTCUSDT,MeanReversion_RSI,-1,bear,0.009241472264010842,0.004971988318822507,0.0012457199648747697
2020-01-03 10:00:00+00:00,BTCUSDT,MeanReversion_RSI,-1,range,0.0018084815321477432,0.00018741450068393561,-0.003556771545827564
2020-01-03 11:00:00+00:00,BTCUSDT,MeanReversion_RSI,-1,range,-0.0004919522874420323,0.004017383222655324,0.00028753997964048317
2020-01-03 12:00:00+00:00,BTCUSDT,MeanReversion_RSI,-1,range,0.0025540970037847277,0.0017673804935279813,-0.001970888757466094
2020-01-03 13:00:00+00:00,BTCUSDT,MeanReversion_RSI,-1,range,0.005560796453069394,0.00509660267326606,0.0013708009861054249
2020-01-03 14:00:00+00:00,BTCUSDT,MeanReversion_RSI,-1,bull,-0.009848745984254226,-0.0077116108483736845,-0.011485377859280055
2020-01-03 15:00:00+00:00,BTCUSDT,MeanReversion_RSI,-1,bull,-0.0018151970814692664,0.001008746570876795,-0.0027323636791092287
2020-01-03 16:00:00+00:00,BTCUSDT,MeanReversion_RSI,-1,bull,0.007140728701070076,0.010073140999593666,0.006365975890559428
2020-01-03 17:00:00+00:00,BTCUSDT,MeanReversion_RSI,-1,bull,0.0016184090630907422,0.006020753716220795,0.0022984128711119878
2020-01-05 01:00:00+00:00,BTCUSDT,MeanReversion_RSI,-1,bull,0.0040009010071972995,0.013087397698141046,0.0015848073024488096
2020-01-05 02:00:00+00:00,BTCUSDT,MeanReversion_RSI,-1,bull,0.0018110173806615837,0.011099870622423014,-0.0004258846510902803
2020-01-05 03:00:00+00:00,BTCUSDT,MeanReversion_RSI,-1,bull,0.0015464572617270855,0.01530939178478019,-0.0013176993103818369
2020-01-05 04:00:00+00:00,BTCUSDT,MeanReversion_RSI,-1,bull,-0.0001542295096037538,0.012835918577547956,-0.007628325657621282
2020-01-05 05:00:00+00:00,BTCUSDT,MeanReversion_RSI,-1,bull,-0.0003928941143658271,0.012976233258419678,-0.007485102206107319
2020-01-05 06:00:00+00:00,BTCUSDT,MeanReversion_RSI,-1,bull,0.002766572614820162,0.012896814753623476,-0.007566167083284281
2020-01-05 07:00:00+00:00,BTCUSDT,MeanReversion_RSI,-1,bull,0.0028339885675694454,0.013703641172829073,-0.00674261488038308
2020-01-05 08:00:00+00:00,BTCUSDT,MeanReversion_RSI,-1,bull,0.0001292113129888195,0.00928437121871839,-0.011253497790621125
2020-01-05 09:00:00+00:00,BTCUSDT,MeanReversion_RSI,-1,bull,0.008330640818524526,0.009058966074313446,-0.011577813677975168
2020-01-06 11:00:00+00:00,BTCUSDT,MeanReversion_RSI,-1,bull,-0.028831564986737446,-0.0007068965517240677,-0.04707559681697604
2020-01-06 12:00:00+00:00,BTCUSDT,MeanReversion_RSI,-1,bull,-0.044586307695566596,0.0010736829841766493,-0.04521251244466096
2020-01-06 13:00:00+00:00,BTCUSDT,MeanReversion_RSI,-1,bull,-0.05097481560236572,-0.0027682902518439967,-0.049232507143331716
2020-01-06 14:00:00+00:00,BTCUSDT,MeanReversion_RSI,-1,bull,-0.04697852262711799,-2.3856384564924227e-05,-0.046360907337826385
2020-01-06 22:00:00+00:00,BTCUSDT,MeanReversion_RSI,-1,bull,-0.02362127107652401,-0.012795071335927277,-0.04474708171206232
2020-01-06 23:00:00+00:00,BTCUSDT,MeanReversion_RSI,-1,bull,-0.01836571321024194,-0.012340490809408688,-0.03836470771741518
2020-01-07 00:00:00+00:00,BTCUSDT,MeanReversion_RSI,-1,bull,0.002171042125568068,0.004702023517721976,-0.03216640347163957
2020-01-07 01:00:00+00:00,BTCUSDT,MeanReversion_RSI,-1,bull,0.006934697005333779,0.006947342331747652,-0.05484657425462136
2020-01-07 02:00:00+00:00,BTCUSDT,MeanReversion_RSI,-1,bull,0.0071687083286390285,0.00588510065686787,-0.055974915217333665
2020-01-07 03:00:00+00:00,BTCUSDT,MeanReversion_RSI,-1,bull,0.016392799221126908,0.005756723668401631,-0.05611128062097159
2020-01-07 04:00:00+00:00,BTCUSDT,MeanReversion_RSI,-1,bull,-0.00897157620104272,-0.0009215015759842515,-0.06320506660174963
2020-01-07 05:00:00+00:00,BTCUSDT,MeanReversion_RSI,-1,bull,-0.00871332401879843,0.0025250857360599177,-0.0595440111774419
2020-01-07 06:00:00+00:00,BTCUSDT,MeanReversion_RSI,-1,bull,-0.021056974559488184,0.003056923780023313,-0.058979078860508904
2020-01-07 07:00:00+00:00,BTCUSDT,MeanReversion_RSI,-1,bull,-0.024224449893871514,0.004252750847633879,-0.05770883999056653
2020-01-07 08:00:00+00:00,BTCUSDT,MeanReversion_RSI,-1,bull,-0.03524213995943204,0.004421906693712008,-0.057529158215010145
2020-01-07 09:00:00+00:00,BTCUSDT,MeanReversion_RSI,-1,bull,-0.020581424936386927,0.0008753180661578153,-0.061296437659033254
2020-01-07 10:00:00+00:00,BTCUSDT,MeanReversion_RSI,-1,bull,-0.020657313877640027,0.004941637988271852,-0.05697708600477447
2020-01-07 11:00:00+00:00,BTCUSDT,MeanReversion_RSI,-1,bull,-0.03197904772995974,0.00591656054664258,-0.05594149769742773
2020-01-07 12:00:00+00:00,BTCUSDT,MeanReversion_RSI,-1,bull,-0.07173041334469699,0.0025364882149194745,-0.05953189916538504
2020-01-07 15:00:00+00:00,BTCUSDT,MeanReversion_RSI,1,bull,0.06867067141538752,0.09001159720997642,-0.004647894031620026
2020-01-07 20:00:00+00:00,BTCUSDT,MeanReversion_RSI,-1,bull,-0.018485205100667645,0.012367147155458169,-0.021528314386865643
2020-01-08 00:00:00+00:00,BTCUSDT,MeanReversion_RSI,-1,bull,0.01763842125285764,0.04599049755683626,0.011382073352982802
2020-01-08 01:00:00+00:00,BTCUSDT,MeanReversion_RSI,-1,bull,-0.001511340425252472,0.04023555899898168,0.005763626835007307
2020-01-08 04:00:00+00:00,BTCUSDT,MeanReversion_RSI,-1,bull,0.027375598676502633,0.04394686843372575,0.0022988698521009265
2020-01-08 05:00:00+00:00,BTCUSDT,MeanReversion_RSI,-1,bull,0.030884035274113097,0.044279708271477314,0.0013034729700238668
2020-01-08 06:00:00+00:00,BTCUSDT,MeanReversion_RSI,-1,bull,0.03420163030448342,0.04639055382402302,0.0016315032366339688
2020-01-08 11:00:00+00:00,BTCUSDT,MeanReversion_RSI,-1,bull,0.03304508066915579,0.05176430785768449,0.0068683955428011645
2020-01-08 18:00:00+00:00,BTCUSDT,MeanReversion_RSI,1,bull,-0.017844797305096693,0.008975149844415053,-0.03483936951775479
2020-01-08 19:00:00+00:00,BTCUSDT,MeanReversion_RSI,1,bull,-0.0014174424517109374,0.020583674929849805,-0.023734942027984762
2020-01-09 00:00:00+00:00,BTCUSDT,MeanReversion_RSI,1,bull,-0.007064421393238596,0.009874362832903216,-0.026505397549560272
2020-01-09 03:00:00+00:00,BTCUSDT,MeanReversion_RSI,1,range,-0.006030879510592668,0.006214356986847358,-0.02606008510338831
2020-01-09 04:00:00+00:00,BTCUSDT,MeanReversion_RSI,1,range,-0.018957470831765133,0.00449504453644467,-0.02772425040772797
2020-01-09 05:00:00+00:00,BTCUSDT,MeanReversion_RSI,1,range,-0.017917767592682377,0.007900232500468896,-0.02615409985058026
2020-01-09 16:00:00+00:00,BTCUSDT,MeanReversion_RSI,1,range,-0.0030230604266812122,0.041627184014097374,-0.019167788805213415
2020-01-09 18:00:00+00:00,BTCUSDT,MeanReversion_RSI,1,range,-0.008670531329238229,0.04258979324609902,-0.018261362632749134
2020-01-10 09:00:00+00:00,BTCUSDT,MeanReversion_RSI,1,range,0.04424976082261467,0.07096114307344892,-0.0056961811992314315
2020-01-10 15:00:00+00:00,BTCUSDT,MeanReversion_RSI,-1,range,-0.012293781332592957,0.010627668384019295,-0.013209895520833737
2020-01-10 19:00:00+00:00,BTCUSDT,MeanReversion_RSI,-1,bull,-0.0018836011378489115,-0.0011730656197530553,-0.013503894925065207
2020-01-10 20:00:00+00:00,BTCUSDT,MeanReversion_RSI,-1,bull,0.0027900355871885996,0.0006127185517561529,-0.011696116354634079
2020-01-10 21:00:00+00:00,BTCUSDT,MeanReversion_RSI,-1,bull,-0.008158623908790297,-0.0022991131282836808,-0.014643811264164697
2020-01-10 22:00:00+00:00,BTCUSDT,MeanReversion_RSI,-1,bull,0.0044797786055360556,0.002514161462290554,-0.009771254548037733
2020-01-10 23:00:00+00:00,BTCUSDT,MeanReversion_RSI,-1,bull,0.019163918026974258,0.016240835667697073,0.004124482611985503
2020-01-11 00:00:00+00:00,BTCUSDT,MeanReversion_RSI,-1,bull,0.013267685865615886,0.012621973068395409,0.0004610487207427072
2020-01-11 01:00:00+00:00,BTCUSDT,MeanReversion_RSI,-1,bull,0.014535418135244171,0.017036109051551396,0.0061604167655863185
2020-01-11 02:00:00+00:00,BTCUSDT,MeanReversion_RSI,-1,bull,0.018689312407214276,0.016722465050401314,0.0069552106840610195
2020-01-11 03:00:00+00:00,BTCUSDT,MeanReversion_RSI,-1,bull,0.007857112241836495,0.011272555827011255,0.0014511655247158028
2020-01-12 13:00:00+00:00,BTCUSDT,MeanReversion_RSI,-1,bull,0.0009198212288861196,0.008699720624204654,0.0021605388119241287
2020-01-14 00:00:00+00:00,BTCUSDT,MeanReversion_RSI,-1,bull,-0.027229729321582408,-0.01970074963605506,-0.0549269995831998
2020-01-14 01:00:00+00:00,BTCUSDT,MeanReversion_RSI,-1,bull,-0.017996713437585576,1.184773761542246e-06,-0.034544448564824304
2020-01-14 02:00:00+00:00,BTCUSDT,MeanReversion_RSI,-1,bull,-0.030810651953395274,-0.00519040982907204,-0.039859503427092546
2020-01-14 03:00:00+00:00,BTCUSDT,MeanReversion_RSI,-1,bull,-0.0255211432565432,-0.006223258054461445,-0.03602901589640406
2020-01-14 04:00:00+00:00,BTCUSDT,MeanReversion_RSI,-1,bull,-0.01814884373072978,0.0008757306547934052,-0.028719745088522597
2020-01-14 05:00:00+00:00,BTCUSDT,MeanReversion_RSI,-1,bull,-0.03577883502878376,-0.004139066995624052,-0.033883088146928086
2020-01-14 06:00:00+00:00,BTCUSDT,MeanReversion_RSI,-1,bull,-0.030798328650910367,-0.001799787970184319,-0.030211313657373395
2020-01-14 07:00:00+00:00,BTCUSDT,MeanReversion_RSI,-1,bull,-0.030660452138622007,-0.0020515458227496897,-0.030470211484194154
2020-01-14 08:00:00+00:00,BTCUSDT,MeanReversion_RSI,-1,bull,-0.021366517961962872,-0.00176097675510678,-0.030171401737496994
2020-01-14 09:00:00+00:00,BTCUSDT,MeanReversion_RSI,-1,bull,-0.0280492907751404,-0.0029525569236990012,-0.031396775695002876
2020-01-14 10:00:00+00:00,BTCUSDT,MeanReversion_RSI,-1,bull,-0.026090128896333997,-0.0015355415100626324,-0.02936415208547416
2020-01-14 11:00:00+00:00,BTCUSDT,MeanReversion_RSI,-1,bull,-0.034554713583674124,-0.007432381738380123,-0.028693213789998895
2020-01-14 12:00:00+00:00,BTCUSDT,MeanReversion_RSI,-1,bull,-0.03273180174861268,-0.010690671477664893,-0.032020266408240294
2020-01-14 13:00:00+00:00,BTCUSDT,MeanReversion_RSI,-1,bull,-0.02273306541997333,-0.009259420902130167,-0.021259658323178998
2020-01-14 14:00:00+00:00,BTCUSDT,MeanReversion_RSI,-1,bull,-0.014202220117167874,0.0030751933635603246,-0.00877838374734452
2020-01-14 15:00:00+00:00,BTCUSDT,MeanReversion_RSI,-1,bull,-0.005112825236011975,0.0016244531429887576,-0.010246373474556814
2020-01-14 16:00:00+00:00,BTCUSDT,MeanReversion_RSI,-1,bull,0.009082503629892491,0.0014899543226523093,-0.01038247150491145
2020-01-14 17:00:00+00:00,BTCUSDT,MeanReversion_RSI,-1,bull,0.019648302997694156,0.013559183218463278,0.0018302622314184669
2020-01-14 18:00:00+00:00,BTCUSDT,MeanReversion_RSI,-1,bull,0.010758542141229954,0.01231321184510259,0.0005694760820045275
2020-01-14 19:00:00+00:00,BTCUSDT,MeanReversion_RSI,-1,bull,0.016524584635087436,0.011932839749243085,0.00018458130806631168
2020-01-14 21:00:00+00:00,BTCUSDT,MeanReversion_RSI,-1,bull,-0.0015400410677617327,0.008532536368750177,-0.00574171213236796
2020-01-14 22:00:00+00:00,BTCUSDT,MeanReversion_RSI,-1,bull,-0.006238646224058453,0.008597144879039842,-0.00719210617473931
2020-01-14 23:00:00+00:00,BTCUSDT,MeanReversion_RSI,-1,bull,0.009851558073654454,0.017349575070821577,0.0016997167138810276
2020-01-15 00:00:00+00:00,BTCUSDT,MeanReversion_RSI,-1,bull,0.0010659317507586419,0.012431315161626433,-0.0032968722419302043
2020-01-15 01:00:00+00:00,BTCUSDT,MeanReversion_RSI,-1,bull,-0.012071472951843853,0.013174155577252655,-0.0025422012230786883
2020-01-15 02:00:00+00:00,BTCUSDT,MeanReversion_RSI,-1,bull,-0.004286922279980621,0.017035471958178228,0.0013806111414639277
2020-01-16 03:00:00+00:00,BTCUSDT,MeanReversion_RSI,1,bull,0.008025268202867197,0.022789726176322134,-0.0045556321445590076
2020-01-17 05:00:00+00:00,BTCUSDT,MeanReversion_RSI,-1,bull,6.518641065644815e-05,0.004129221943993566,-0.0037527142272715253
2020-01-17 06:00:00+00:00,BTCUSDT,MeanReversion_RSI,-1,bull,-0.005228603603603554,0.002159909909909996,-0.005737612612612741
2020-01-17 07:00:00+00:00,BTCUSDT,MeanReversion_RSI,-1,bull,0.006786293252836972,0.009355469841802244,0.0015148974229972634
2020-01-17 08:00:00+00:00,BTCUSDT,MeanReversion_RSI,-1,bull,0.0059482582099055215,0.008531879016277166,0.0006847881912079856
2020-01-17 09:00:00+00:00,BTCUSDT,MeanReversion_RSI,-1,bull,0.005244568245125314,0.012722005571030648,0.007130919220055709
2020-01-17 10:00:00+00:00,BTCUSDT,MeanReversion_RSI,-1,bull,0.00022244603448018374,0.009520466711901099,0.003911249621338708
2020-01-17 11:00:00+00:00,BTCUSDT,MeanReversion_RSI,-1,bull,-0.0004722637587482037,0.006022765132351671,0.0003937400933983204
2020-01-18 22:00:00+00:00,BTCUSDT,MeanReversion_RSI,-1,bull,-0.009851859375226812,0.034071339203301965,-0.021235014894422033
2020-01-19 01:00:00+00:00,BTCUSDT,MeanReversion_RSI,-1,bull,0.056063699513776655,0.05459443339308723,0.0004631738551467146
2020-01-19 02:00:00+00:00,BTCUSDT,MeanReversion_RSI,-1,bull,0.05885216184153519,0.055477643818094946,0.0013969544210880036
2020-01-19 03:00:00+00:00,BTCUSDT,MeanReversion_RSI,-1,bull,0.05741076552779112,0.05572394650186918,0.0039180899884126985
2020-01-19 04:00:00+00:00,BTCUSDT,MeanReversion_RSI,-1,bull,0.05514431691739552,0.05498052516005192,0.0037464634629725824
2020-01-19 05:00:00+00:00,BTCUSDT,MeanReversion_RSI,-1,bull,0.051704970697525665,0.05303550873384433,0.006254404124667934
2020-01-19 06:00:00+00:00,BTCUSDT,MeanReversion_RSI,-1,bull,0.04669912276066168,0.047184643027004314,0.00011449911043004413
2020-01-19 08:00:00+00:00,BTCUSDT,MeanReversion_RSI,-1,bull,0.0503695235253071,0.050467170775165715,0.005424359587643424
2020-01-19 14:00:00+00:00,BTCUSDT,MeanReversion_RSI,1,bull,0.004510908513209122,0.01593197225269427,-0.021178077680395924
2020-01-19 15:00:00+00:00,BTCUSDT,MeanReversion_RSI,1,range,0.0037689547401318357,0.01411390207199914,-0.022929737238106318
2020-01-19 16:00:00+00:00,BTCUSDT,MeanReversion_RSI,1,range,-0.0007523437066619953,0.012477811061186062,-0.02450606497660912
2020-01-19 17:00:00+00:00,BTCUSDT,MeanReversion_RSI,1,range,0.0015496237287428993,0.010881981672208996,-0.026043601773240388
2020-01-19 18:00:00+00:00,BTCUSDT,MeanReversion_RSI,1,range,0.003193257318795606,0.011786757394440572,-0.02517187577593849
2020-01-19 19:00:00+00:00,BTCUSDT,MeanReversion_RSI,1,range,0.0015008648170249383,0.012237998569614605,-0.024737117576987266
2020-01-19 20:00:00+00:00,BTCUSDT,MeanReversion_RSI,1,range,-0.0008399429254738466,0.012198235773249966,-0.024775427914526915
2020-01-19 21:00:00+00:00,BTCUSDT,MeanReversion_RSI,1,range,-0.007399364067038783,0.0032105909411626055,-0.03316770670112068
2020-01-19 22:00:00+00:00,BTCUSDT,MeanReversion_RSI,1,range,0.0012486703972620639,0.011697035563982716,-0.014237154881376446
2020-01-19 23:00:00+00:00,BTCUSDT,MeanReversion_RSI,1,range,-0.00954645439560764,0.005113802787780619,-0.020651630799979448
2020-01-20 00:00:00+00:00,BTCUSDT,MeanReversion_RSI,1,range,-0.009031280136951647,0.009414264554561402,-0.01646140855208822
2020-01-21 19:00:00+00:00,BTCUSDT,MeanReversion_RSI,1,range,0.024423329908826785,0.033209121760532145,-0.00029403116730375434
2020-01-22 13:00:00+00:00,BTCUSDT,MeanReversion_RSI,1,bull,-0.005257484919136912,0.00854312386662226,-0.03524110876725506
2020-01-22 20:00:00+00:00,BTCUSDT,MeanReversion_RSI,1,range,-0.01771857231680718,0.002898878400529714,-0.03955186777515418
2020-01-22 21:00:00+00:00,BTCUSDT,MeanReversion_RSI,1,range,-0.02460936102232747,0.0035355756478137046,-0.0389421206759033
2020-01-23 06:00:00+00:00,BTCUSDT,MeanReversion_RSI,1,range,-0.021829252721481507,0.010342391858221722,-0.029673023916707897
2020-01-23 08:00:00+00:00,BTCUSDT,MeanReversion_RSI,1,range,-0.015885579670403938,0.0008948629931873064,-0.027229905804513677
2020-01-23 09:00:00+00:00,BTCUSDT,MeanReversion_RSI,1,range,-0.005563201687066699,0.006843649299363097,-0.021083599501548478
2020-01-23 10:00:00+00:00,BTCUSDT,MeanReversion_RSI,1,range,-0.005353412771071264,0.006337513395360039,-0.024533912438700733
2020-01-23 11:00:00+00:00,BTCUSDT,MeanReversion_RSI,1,bear,-0.0028705887374743666,0.008796735994764049,-0.02215013143525879
2020-01-23 12:00:00+00:00,BTCUSDT,MeanReversion_RSI,1,bear,-0.002311387792790609,0.0032703173950303643,-0.022460762710558524
2020-01-23 13:00:00+00:00,BTCUSDT,MeanReversion_RSI,1,bear,0.000239145771304905,0.013978070332771209,-0.013882412024249446
2020-01-23 14:00:00+00:00,BTCUSDT,MeanReversion_RSI,1,bear,-0.007383639880017334,0.01675743411048103,-0.014837759415902707
2020-01-23 15:00:00+00:00,BTCUSDT,MeanReversion_RSI,1,bear,-0.004403096031476705,0.018305596856160733,-0.014323209240286627
2020-01-23 16:00:00+00:00,BTCUSDT,MeanReversion_RSI,1,bear,-0.005241517505401139,0.019609062182044612,-0.013987343361242632
2020-01-23 17:00:00+00:00,BTCUSDT,MeanReversion_RSI,1,bear,-0.0013129024135820622,0.022505185664784433,-0.011186647962303398
2020-01-23 18:00:00+00:00,BTCUSDT,MeanReversion_RSI,1,bear,0.0003760316920466966,0.021273334323310467,-0.012377909455400848
2020-01-23 19:00:00+00:00,BTCUSDT,MeanReversion_RSI,1,bear,-0.004093401150925935,0.017741254084450597,-0.01579360665637153
2020-01-23 20:00:00+00:00,BTCUSDT,MeanReversion_RSI,1,bear,-0.004840095465393768,0.01766109785202863,-0.015871121718377124
2020-01-23 21:00:00+00:00,BTCUSDT,MeanReversion_RSI,1,bear,-0.015607223949085758,0.01485631595733028,-0.018583485260306842
2020-01-24 02:00:00+00:00,BTCUSDT,MeanReversion_RSI,1,bear,0.019532096180229663,0.02630755529881834,-0.007509567477796186
2020-01-24 10:00:00+00:00,BTCUSDT,MeanReversion_RSI,1,bear,0.025850290697674527,0.032945736434108586,-0.000966569767441805
2020-01-25 11:00:00+00:00,BTCUSDT,MeanReversion_RSI,1,bear,0.003080895443087428,0.020313715213709393,-0.003379007838673176
2020-01-25 12:00:00+00:00,BTCUSDT,MeanReversion_RSI,1,bear,0.004514106583072053,0.024010127803231196,-0.00034482758620701937
2020-01-26 14:00:00+00:00,BTCUSDT,MeanReversion_RSI,-1,range,-0.02348925419843817,-0.0028468597611097657,-0.03272292023706869
2020-01-26 15:00:00+00:00,BTCUSDT,MeanReversion_RSI,-1,range,-0.02439033038520333,-0.006318603713864057,-0.03466131173078457
2020-01-26 16:00:00+00:00,BTCUSDT,MeanReversion_RSI,-1,range,-0.01654525250030847,-0.009530865068585692,-0.029402806930896697
2020-01-26 17:00:00+00:00,BTCUSDT,MeanReversion_RSI,-1,range,-0.008622981247697448,-0.0009233911774171322,-0.02132660532488906
2020-01-26 18:00:00+00:00,BTCUSDT,MeanReversion_RSI,-1,range,-0.009841936770044635,-0.0008650458520935711,-0.02126707066561906
2020-01-26 19:00:00+00:00,BTCUSDT,MeanReversion_RSI,-1,range,-0.010619915376927525,-0.004548723648692743,-0.03467117491570382
2020-01-26 20:00:00+00:00,BTCUSDT,MeanReversion_RSI,-1,range,-0.004686057490864481,-0.004788765600253209,-0.041473067716156775
2020-01-26 21:00:00+00:00,BTCUSDT,MeanReversion_RSI,-1,range,-0.0047663234076595895,-0.001055823775104825,-0.038523614173155085
2020-01-26 22:00:00+00:00,BTCUSDT,MeanReversion_RSI,-1,range,-0.006871137026239094,-0.004664723032069995,-0.04154169096209914
2020-01-26 23:00:00+00:00,BTCUSDT,MeanReversion_RSI,-1,range,-0.014684347495880434,-0.004473238952481751,-0.03716202484900499
2020-01-27 00:00:00+00:00,BTCUSDT,MeanReversion_RSI,-1,range,-0.009229941982562329,0.0019189140538820038,-0.030561850650099753
2020-01-27 01:00:00+00:00,BTCUSDT,MeanReversion_RSI,-1,range,-0.00928438942926224,0.0010267225031241889,-0.048253647809928024
2020-01-27 02:00:00+00:00,BTCUSDT,MeanReversion_RSI,-1,range,-0.011913057445920971,0.00043912715388993995,-0.05298069111680426
2020-01-27 03:00:00+00:00,BTCUSDT,MeanReversion_RSI,-1,range,-0.013059746696988395,0.0020029790852524876,-0.05133326179836595
2020-01-27 04:00:00+00:00,BTCUSDT,MeanReversion_RSI,-1,range,-0.01687170677818073,-0.0005876466947765113,-0.05406233913460934
2020-01-27 05:00:00+00:00,BTCUSDT,MeanReversion_RSI,-1,range,-0.013428443285431468,0.0001514268804676533,-0.053283767038413865
2020-01-27 06:00:00+00:00,BTCUSDT,MeanReversion_RSI,-1,range,-0.025998614638651718,0.0014165319787577957,-0.05195105056568927
2020-01-27 12:00:00+00:00,BTCUSDT,MeanReversion_RSI,-1,bull,-0.037743744533433876,-0.0015606510144230423,-0.0418060105072402
2020-01-27 16:00:00+00:00,BTCUSDT,MeanReversion_RSI,-1,bull,-0.031441897502986205,-0.002167112223423029,-0.03657357374438308
2020-01-27 18:00:00+00:00,BTCUSDT,MeanReversion_RSI,-1,bull,-0.015750742641101656,-0.00786974525159767,-0.02529480601314238
2020-01-27 19:00:00+00:00,BTCUSDT,MeanReversion_RSI,-1,bull,-0.012763542585437104,-0.0025856163616906347,-0.019919319814999614
2020-01-27 20:00:00+00:00,BTCUSDT,MeanReversion_RSI,-1,bull,-0.0016429365962180587,0.0036551724137932062,-0.013570634037819884
2020-01-27 21:00:00+00:00,BTCUSDT,MeanReversion_RSI,-1,bull,-0.0018616452038668907,0.0014960047087361206,-0.01576713159490617
2020-01-27 22:00:00+00:00,BTCUSDT,MeanReversion_RSI,-1,bull,-0.013235690235690267,-0.005290684624017938,-0.022671156004489434
2020-01-27 23:00:00+00:00,BTCUSDT,MeanReversion_RSI,-1,bull,-0.019780986603632034,-0.010357195345095827,-0.024085639824941607
2020-01-28 00:00:00+00:00,BTCUSDT,MeanReversion_RSI,-1,bull,0.002193584069577703,0.00777174386077395,-0.029146793852676378
2020-01-28 01:00:00+00:00,BTCUSDT,MeanReversion_RSI,-1,bull,0.0050494166807961705,0.014846335180191739,-0.021808973215994953
2020-01-28 02:00:00+00:00,BTCUSDT,MeanReversion_RSI,-1,bull,0.009614468361958894,0.013588185748286685,-0.023113935502667715
2020-01-28 03:00:00+00:00,BTCUSDT,MeanReversion_RSI,-1,bull,0.01044546952007408,0.012997929756382032,-0.02372615356626584
2020-01-28 04:00:00+00:00,BTCUSDT,MeanReversion_RSI,-1,bull,0.009874389123503025,0.006723363799494564,-0.03023418173155301
2020-01-28 05:00:00+00:00,BTCUSDT,MeanReversion_RSI,-1,bull,0.00827149928093096,0.006766086411801542,-0.030189869508827405
2020-01-28 07:00:00+00:00,BTCUSDT,MeanReversion_RSI,-1,bull,0.003117791971105399,0.004657346815398089,-0.03237707046917193
2020-01-28 23:00:00+00:00,BTCUSDT,MeanReversion_RSI,-1,bull,0.009097795718258861,0.007764672336785461,0.004253653055969808
2020-01-29 00:00:00+00:00,BTCUSDT,MeanReversion_RSI,-1,bull,0.007048599419564705,0.0031052746912094698,-0.00042223184269474245
2020-01-29 02:00:00+00:00,BTCUSDT,MeanReversion_RSI,-1,bull,-0.0002430133657351785,0.004099110913655224,-0.0019216255131917492
2020-01-29 04:00:00+00:00,BTCUSDT,MeanReversion_RSI,-1,bull,-0.0027235825866223085,0.005064044322159678,-0.0015720796934177717
2020-01-29 05:00:00+00:00,BTCUSDT,MeanReversion_RSI,-1,bull,0.001591773594493806,0.007464574763716092,0.0008444620477831011
2020-01-29 06:00:00+00:00,BTCUSDT,MeanReversion_RSI,-1,bull,-0.004013016345361331,0.004828678776720552,-0.001809015103670486
2020-01-29 07:00:00+00:00,BTCUSDT,MeanReversion_RSI,-1,bull,-0.002928777883405731,0.00805760676702405,0.0014414495156580553
2020-01-29 08:00:00+00:00,BTCUSDT,MeanReversion_RSI,-1,bull,-3.086748270364481e-05,0.010432144757849926,0.0031931878658860713
2020-01-29 09:00:00+00:00,BTCUSDT,MeanReversion_RSI,-1,bull,-0.0043996147260274565,0.005031035958904084,-0.002247431506849251
2020-01-29 10:00:00+00:00,BTCUSDT,MeanReversion_RSI,-1,bull,0.00747815156739684,0.012999711235487488,0.005779536787749673
2020-01-30 17:00:00+00:00,BTCUSDT,MeanReversion_RSI,-1,bull,0.012620636888900583,0.01823391288288534,-0.0070210801255838895
2020-01-30 18:00:00+00:00,BTCUSDT,MeanReversion_RSI,-1,bull,0.012731317147049004,0.02156909145408359,-0.0036001072775175835
2020-01-30 19:00:00+00:00,BTCUSDT,MeanReversion_RSI,-1,bull,0.014152876711177043,0.02232280791728758,-0.002827002179629279
2020-01-30 20:00:00+00:00,BTCUSDT,MeanReversion_RSI,-1,bull,0.02066994751135387,0.02941701191349344,0.004449693424991019
2020-01-30 21:00:00+00:00,BTCUSDT,MeanReversion_RSI,-1,bull,0.02185509969725441,0.028816160350767395,0.0038333855308486653
2020-01-30 22:00:00+00:00,BTCUSDT,MeanReversion_RSI,-1,bull,0.02326123058604801,0.02833940862517359,0.00890926751825194
2020-01-02 02:00:00+00:00,BTCUSDT,VWAP,1,range,-0.0049619343171619645,0.0011776919470429803,-0.04229644348194961
2020-01-02 03:00:00+00:00,BTCUSDT,VWAP,1,bear,-0.00014591801371910407,0.006693988879363788,-0.037019680692100376
2020-01-02 04:00:00+00:00,BTCUSDT,VWAP,1,bear,-0.01257115483740845,0.022500616301741383,-0.03864772192465438
2020-01-02 05:00:00+00:00,BTCUSDT,VWAP,1,bear,-0.023625732961106816,0.023062347942103045,-0.03811958337537702
2020-01-02 06:00:00+00:00,BTCUSDT,VWAP,1,bear,-0.02273555804823324,0.023555804823331528,-0.03765563656758275
2020-01-02 07:00:00+00:00,BTCUSDT,VWAP,1,bear,-0.018025876672163266,0.027075395775765454,-0.034346526796819266
2020-01-02 11:00:00+00:00,BTCUSDT,VWAP,1,bear,-0.024410613992802865,0.032522729056197575,-0.03822741387621498
2020-01-02 13:00:00+00:00,BTCUSDT,VWAP,1,bear,-0.034024390928325654,0.035323631588104254,-0.03701292505934983
2020-01-02 16:00:00+00:00,BTCUSDT,VWAP,1,bear,0.02195298747022889,0.050736140013419195,-0.026408553097263532
2020-01-02 17:00:00+00:00,BTCUSDT,VWAP,1,bear,0.035701880043520484,0.06321642748670131,-0.014844564122143966
2020-01-02 18:00:00+00:00,BTCUSDT,VWAP,1,bear,0.032590371385323946,0.06276031765389489,-0.015267186524817733
2020-01-02 19:00:00+00:00,BTCUSDT,VWAP,1,bear,0.03131769884116786,0.06130004699517433,-0.01662024460415157
2020-01-02 20:00:00+00:00,BTCUSDT,VWAP,1,bear,0.04507591847313508,0.06657067365495783,-0.011736585576570091
2020-01-02 21:00:00+00:00,BTCUSDT,VWAP,1,bear,0.05329461532946156,0.062204058220405756,-0.01578260557826061
2020-01-02 22:00:00+00:00,BTCUSDT,VWAP,1,bear,0.048726321165621256,0.06268255872006612,-0.015339236423943636
2020-01-02 23:00:00+00:00,BTCUSDT,VWAP,1,bear,0.05401721334551368,0.06395251966377669,-0.014162515584512647
2020-01-03 00:00:00+00:00,BTCUSDT,VWAP,1,bear,0.05585303139335496,0.06821338078846062,-0.010214485446918053
2020-01-03 01:00:00+00:00,BTCUSDT,VWAP,1,bear,0.06700761394039567,0.07589829100300083,-0.0030937987491176377
2020-01-03 02:00:00+00:00,BTCUSDT,VWAP,1,bear,0.04316670933667788,0.06540018237834011,-0.0024221224351248516
2020-01-03 03:00:00+00:00,BTCUSDT,VWAP,1,bear,0.05306483767191805,0.06620222099073736,-0.00021734906115289387
2020-01-03 04:00:00+00:00,BTCUSDT,VWAP,-1,bear,-0.024794673233051512,-0.0021695165573116793,-0.017887754238052667
2020-01-03 05:00:00+00:00,BTCUSDT,VWAP,-1,bear,-0.01902962890075499,-0.0006111766328187329,-0.01630497298211231
2020-01-03 06:00:00+00:00,BTCUSDT,VWAP,-1,bear,-0.019927747672641383,-0.004269834653327642,-0.019205224399055254
2020-01-03 07:00:00+00:00,BTCUSDT,VWAP,-1,bear,-0.019572048980136092,-0.014167785029772118,-0.01906079727480603
2020-01-03 08:00:00+00:00,BTCUSDT,VWAP,-1,bear,-0.0078602920914852,-0.0069757508955634595,-0.010639294571507252
2020-01-03 09:00:00+00:00,BTCUSDT,VWAP,-1,bear,0.009241472264010842,0.004971988318822507,0.0012457199648747697
2020-01-03 10:00:00+00:00,BTCUSDT,VWAP,-1,range,0.0018084815321477432,0.00018741450068393561,-0.003556771545827564
2020-01-03 11:00:00+00:00,BTCUSDT,VWAP,-1,range,-0.0004919522874420323,0.004017383222655324,0.00028753997964048317
2020-01-03 12:00:00+00:00,BTCUSDT,VWAP,-1,range,0.0025540970037847277,0.0017673804935279813,-0.001970888757466094
2020-01-03 13:00:00+00:00,BTCUSDT,VWAP,-1,range,0.005560796453069394,0.00509660267326606,0.0013708009861054249
2020-01-03 14:00:00+00:00,BTCUSDT,VWAP,-1,bull,-0.009848745984254226,-0.0077116108483736845,-0.011485377859280055
2020-01-03 15:00:00+00:00,BTCUSDT,VWAP,-1,bull,-0.0018151970814692664,0.001008746570876795,-0.0027323636791092287
2020-01-03 16:00:00+00:00,BTCUSDT,VWAP,-1,bull,0.007140728701070076,0.010073140999593666,0.006365975890559428
2020-01-03 17:00:00+00:00,BTCUSDT,VWAP,-1,bull,0.0016184090630907422,0.006020753716220795,0.0022984128711119878
2020-01-03 18:00:00+00:00,BTCUSDT,VWAP,-1,bull,-0.0015094504129191666,0.00433081485800535,0.0006021453813269684
2020-01-03 19:00:00+00:00,BTCUSDT,VWAP,-1,bull,-0.0007126408589843702,0.0041245963291500765,0.0003951545871996309
2020-01-03 20:00:00+00:00,BTCUSDT,VWAP,-1,bull,-0.0038208898093656796,0.0008776426681977867,-0.002863958551206025
2020-01-03 21:00:00+00:00,BTCUSDT,VWAP,-1,bull,-0.011468586434198347,-0.004309308298304115,-0.008070334067582952
2020-01-03 22:00:00+00:00,BTCUSDT,VWAP,-1,bull,-0.0024490254605455952,-0.0016240040127288857,-0.005923160627016255
2020-01-03 23:00:00+00:00,BTCUSDT,VWAP,-1,bull,0.0011781980244411905,0.0045071182229777795,0.00023427752624727294
2020-01-04 00:00:00+00:00,BTCUSDT,VWAP,-1,bull,-0.0009571579392759766,-0.0007887310057552721,-0.0065275706674226
2020-01-04 02:00:00+00:00,BTCUSDT,VWAP,-1,bull,0.001525095813427635,0.0005638894995037003,-0.014606512991986786
2020-01-04 03:00:00+00:00,BTCUSDT,VWAP,-1,bull,0.001888313874877423,0.0012675170446250217,-0.014952335082934365
2020-01-05 00:00:00+00:00,BTCUSDT,VWAP,-1,bull,-0.011317806111859507,0.0014732275485411783,-0.010164727459686329
2020-01-05 01:00:00+00:00,BTCUSDT,VWAP,-1,bull,0.0040009010071972995,0.013087397698141046,0.0015848073024488096
2020-01-05 02:00:00+00:00,BTCUSDT,VWAP,-1,bull,0.0018110173806615837,0.011099870622423014,-0.0004258846510902803
2020-01-05 03:00:00+00:00,BTCUSDT,VWAP,-1,bull,0.0015464572617270855,0.01530939178478019,-0.0013176993103818369
2020-01-05 04:00:00+00:00,BTCUSDT,VWAP,-1,bull,-0.0001542295096037538,0.012835918577547956,-0.007628325657621282
2020-01-05 05:00:00+00:00,BTCUSDT,VWAP,-1,bull,-0.0003928941143658271,0.012976233258419678,-0.007485102206107319
2020-01-05 06:00:00+00:00,BTCUSDT,VWAP,-1,bull,0.002766572614820162,0.012896814753623476,-0.007566167083284281
2020-01-05 07:00:00+00:00,BTCUSDT,VWAP,-1,bull,0.0028339885675694454,0.013703641172829073,-0.00674261488038308
2020-01-05 08:00:00+00:00,BTCUSDT,VWAP,-1,bull,0.0001292113129888195,0.00928437121871839,-0.011253497790621125
2020-01-05 09:00:00+00:00,BTCUSDT,VWAP,-1,bull,0.008330640818524526,0.009058966074313446,-0.011577813677975168
2020-01-05 12:00:00+00:00,BTCUSDT,VWAP,-1,bull,0.010866532528504336,0.012647887323943618,-0.010604963112005317
2020-01-05 15:00:00+00:00,BTCUSDT,VWAP,-1,bull,-0.010056822521065545,0.013784251278540216,-0.009441836971216366
2020-01-05 16:00:00+00:00,BTCUSDT,VWAP,-1,bull,-0.009275139220952688,0.012988144931928236,-0.010256692193301609
2020-01-05 17:00:00+00:00,BTCUSDT,VWAP,-1,bull,-0.009290374121529554,0.013363876784251771,-0.009872111586360699
2020-01-05 21:00:00+00:00,BTCUSDT,VWAP,1,bull,0.024544807849994354,0.03335405885323617,-0.008568961678604214
2020-01-05 22:00:00+00:00,BTCUSDT,VWAP,1,bull,0.02758133917934602,0.05591473597745744,-0.0068215569904639395
2020-01-05 23:00:00+00:00,BTCUSDT,VWAP,1,bull,0.02524216927101741,0.061771520567391214,-0.001272714417026033
2020-01-06 00:00:00+00:00,BTCUSDT,VWAP,1,bull,0.024335536120878798,0.08691630989464327,-0.0012191500124084653
2020-01-06 02:00:00+00:00,BTCUSDT,VWAP,-1,bull,0.00046101080593441424,0.003252245771749318,-0.04587852365263623
2020-01-06 03:00:00+00:00,BTCUSDT,VWAP,-1,bull,0.0030151287034150265,0.0019327067843711854,-0.04726310413668222
2020-01-06 04:00:00+00:00,BTCUSDT,VWAP,-1,bull,9.831613686661633e-05,0.00035340665414240746,-0.04892024966984376
2020-01-06 05:00:00+00:00,BTCUSDT,VWAP,-1,bull,-0.0034118134538867473,0.0007490318365092064,-0.04850512369649862
2020-01-06 06:00:00+00:00,BTCUSDT,VWAP,-1,bull,-0.0016920743874211386,-0.0008886051028280662,-0.05022348152286704
2020-01-06 07:00:00+00:00,BTCUSDT,VWAP,-1,bull,-0.004335573957243932,-0.005326866834991062,-0.05190963779170854
2020-01-06 08:00:00+00:00,BTCUSDT,VWAP,-1,bull,-0.00036978131212728194,-4.373757455278238e-05,-0.04638170974155065
2020-01-06 09:00:00+00:00,BTCUSDT,VWAP,-1,bull,-0.003740598813820606,0.0002106819735733234,-0.04611550142309717
2020-01-06 10:00:00+00:00,BTCUSDT,VWAP,-1,bull,-0.020385205340942347,0.001408158052506825,-0.0448625391577786
2020-01-06 11:00:00+00:00,BTCUSDT,VWAP,-1,bull,-0.028831564986737446,-0.0007068965517240677,-0.04707559681697604
2020-01-06 12:00:00+00:00,BTCUSDT,VWAP,-1,bull,-0.044586307695566596,0.0010736829841766493,-0.04521251244466096
2020-01-06 13:00:00+00:00,BTCUSDT,VWAP,-1,bull,-0.05097481560236572,-0.0027682902518439967,-0.049232507143331716
2020-01-06 14:00:00+00:00,BTCUSDT,VWAP,-1,bull,-0.04697852262711799,-2.3856384564924227e-05,-0.046360907337826385
2020-01-06 17:00:00+00:00,BTCUSDT,VWAP,-1,bull,-0.042034780375916014,0.0008788404600146293,-0.0449399834026214
2020-01-06 20:00:00+00:00,BTCUSDT,VWAP,-1,bull,-0.04507412103410413,-0.007977169476098389,-0.0671998028562002
2020-01-06 21:00:00+00:00,BTCUSDT,VWAP,-1,bull,-0.037603215777905374,-0.02497112268403945,-0.06334528029147934
2020-01-06 22:00:00+00:00,BTCUSDT,VWAP,-1,bull,-0.02362127107652401,-0.012795071335927277,-0.04474708171206232
2020-01-06 23:00:00+00:00,BTCUSDT,VWAP,-1,bull,-0.01836571321024194,-0.012340490809408688,-0.03836470771741518
2020-01-07 00:00:00+00:00,BTCUSDT,VWAP,-1,bull,0.002171042125568068,0.004702023517721976,-0.03216640347163957
2020-01-07 01:00:00+00:00,BTCUSDT,VWAP,-1,bull,0.006934697005333779,0.006947342331747652,-0.05484657425462136
2020-01-07 02:00:00+00:00,BTCUSDT,VWAP,-1,bull,0.0071687083286390285,0.00588510065686787,-0.055974915217333665
2020-01-07 03:00:00+00:00,BTCUSDT,VWAP,-1,bull,0.016392799221126908,0.005756723668401631,-0.05611128062097159
2020-01-07 04:00:00+00:00,BTCUSDT,VWAP,-1,bull,-0.00897157620104272,-0.0009215015759842515,-0.06320506660174963
2020-01-07 05:00:00+00:00,BTCUSDT,VWAP,-1,bull,-0.00871332401879843,0.0025250857360599177,-0.0595440111774419
2020-01-07 06:00:00+00:00,BTCUSDT,VWAP,-1,bull,-0.021056974559488184,0.003056923780023313,-0.058979078860508904
2020-01-07 07:00:00+00:00,BTCUSDT,VWAP,-1,bull,-0.024224449893871514,0.004252750847633879,-0.05770883999056653
2020-01-07 08:00:00+00:00,BTCUSDT,VWAP,-1,bull,-0.03524213995943204,0.004421906693712008,-0.057529158215010145
2020-01-07 09:00:00+00:00,BTCUSDT,VWAP,-1,bull,-0.020581424936386927,0.0008753180661578153,-0.061296437659033254
2020-01-07 10:00:00+00:00,BTCUSDT,VWAP,-1,bull,-0.020657313877640027,0.004941637988271852,-0.05697708600477447
2020-01-07 11:00:00+00:00,BTCUSDT,VWAP,-1,bull,-0.03197904772995974,0.00591656054664258,-0.05594149769742773
2020-01-07 12:00:00+00:00,BTCUSDT,VWAP,-1,bull,-0.07173041334469699,0.0025364882149194745,-0.05953189916538504
2020-01-07 13:00:00+00:00,BTCUSDT,VWAP,-1,bull,-0.06665418770899079,1.2733630281647201e-05,-0.062212697466771605
2020-01-07 15:00:00+00:00,BTCUSDT,VWAP,1,bull,0.06867067141538752,0.09001159720997642,-0.004647894031620026
2020-01-07 16:00:00+00:00,BTCUSDT,VWAP,-1,bull,-0.05448266104786592,-0.00524488775030707,-0.05375125690349525
2020-01-07 17:00:00+00:00,BTCUSDT,VWAP,-1,bull,-0.05007303314193612,-0.01654578422484132,-0.050391608743830085
2020-01-07 18:00:00+00:00,BTCUSDT,VWAP,-1,bull,-0.03716615670384571,-0.0037212159038775283,-0.03714004727050746
2020-01-07 19:00:00+00:00,BTCUSDT,VWAP,-1,bull,-0.027700920186537914,0.0005830860479022482,-0.03269243387049059
2020-01-07 20:00:00+00:00,BTCUSDT,VWAP,-1,bull,-0.018485205100667645,0.012367147155458169,-0.021528314386865643
2020-01-07 21:00:00+00:00,BTCUSDT,VWAP,-1,bull,-0.03465943301789998,-0.0034905014728670025,-0.03989393861953161
2020-01-07 22:00:00+00:00,BTCUSDT,VWAP,-1,bull,-0.034122269603918065,0.0006678956940590064,-0.035584688056709224
2020-01-07 23:00:00+00:00,BTCUSDT,VWAP,-1,bull,-0.022421370648722183,0.012599831462534627,-0.023219899687089596
2020-01-08 00:00:00+00:00,BTCUSDT,VWAP,-1,bull,0.01763842125285764,0.04599049755683626,0.011382073352982802
2020-01-08 01:00:00+00:00,BTCUSDT,VWAP,-1,bull,-0.001511340425252472,0.04023555899898168,0.005763626835007307
2020-01-08 02:00:00+00:00,BTCUSDT,VWAP,-1,bull,-0.003980922482492044,0.03046486355952671,-0.005601304032842203
2020-01-08 03:00:00+00:00,BTCUSDT,VWAP,-1,bull,-0.00045407353341464507,0.036846200356032255,-0.0031038395109013184
2020-01-08 04:00:00+00:00,BTCUSDT,VWAP,-1,bull,0.027375598676502633,0.04394686843372575,0.0022988698521009265
2020-01-08 05:00:00+00:00,BTCUSDT,VWAP,-1,bull,0.030884035274113097,0.044279708271477314,0.0013034729700238668
2020-01-08 06:00:00+00:00,BTCUSDT,VWAP,-1,bull,0.03420163030448342,0.04639055382402302,0.0016315032366339688
2020-01-08 07:00:00+00:00,BTCUSDT,VWAP,-1,bull,0.0405253527387317,0.04173477709369533,-0.0032427991668946277
2020-01-08 08:00:00+00:00,BTCUSDT,VWAP,-1,bull,0.03212359353319849,0.043517207049708184,-0.0013767082604898562
2020-01-08 09:00:00+00:00,BTCUSDT,VWAP,-1,bull,0.03384659871322193,0.04367093182968251,-0.003444661317140163
2020-01-08 10:00:00+00:00,BTCUSDT,VWAP,-1,bull,0.03027847505585235,0.04713919911260611,0.00019447755765011898
2020-01-08 11:00:00+00:00,BTCUSDT,VWAP,-1,bull,0.03304508066915579,0.05176430785768449,0.0068683955428011645
2020-01-08 12:00:00+00:00,BTCUSDT,VWAP,-1,bull,0.03956810230425856,0.04647002050910842,0.005927132344070385
2020-01-08 13:00:00+00:00,BTCUSDT,VWAP,-1,bull,0.045354038999538715,0.05787351314109701,0.017815487053197243
2020-01-08 14:00:00+00:00,BTCUSDT,VWAP,-1,bull,0.03950946305278302,0.04944816397413332,0.009031902700791239
2020-01-08 15:00:00+00:00,BTCUSDT,VWAP,-1,bull,0.042017049524522565,0.048466301245185806,0.030510245726482754
2020-01-08 16:00:00+00:00,BTCUSDT,VWAP,1,bull,-0.01823610122354069,0.001282168132764161,-0.03806598300788522
2020-01-08 17:00:00+00:00,BTCUSDT,VWAP,1,bull,-0.017031049122029907,0.0058514844011972045,-0.037827390490378865
2020-01-08 18:00:00+00:00,BTCUSDT,VWAP,1,bull,-0.017844797305096693,0.008975149844415053,-0.03483936951775479
2020-01-08 19:00:00+00:00,BTCUSDT,VWAP,1,bull,-0.0014174424517109374,0.020583674929849805,-0.023734942027984762
2020-01-08 20:00:00+00:00,BTCUSDT,VWAP,1,bull,-0.014009095912057123,0.009842517239623039,-0.03400966735695554
2020-01-08 21:00:00+00:00,BTCUSDT,VWAP,1,bull,-0.017791761442994547,0.013732591085039214,-0.03352962009657212
2020-01-08 22:00:00+00:00,BTCUSDT,VWAP,1,bull,-0.022342744735874498,0.006339605263320891,-0.040577930349761426
2020-01-08 23:00:00+00:00,BTCUSDT,VWAP,1,bull,-0.022123267955691528,1.9851510699941954e-05,-0.03844120975106202
2020-01-09 00:00:00+00:00,BTCUSDT,VWAP,1,bull,-0.007064421393238596,0.009874362832903216,-0.026505397549560272
2020-01-09 01:00:00+00:00,BTCUSDT,VWAP,1,bull,-0.013518811713057133,0.0026033732725336822,-0.03231803856738302
2020-01-09 02:00:00+00:00,BTCUSDT,VWAP,1,bull,-0.012358432094359828,0.002551822148764593,-0.029605143712162385
2020-01-09 03:00:00+00:00,BTCUSDT,VWAP,1,range,-0.006030879510592668,0.006214356986847358,-0.02606008510338831
2020-01-09 04:00:00+00:00,BTCUSDT,VWAP,1,range,-0.018957470831765133,0.00449504453644467,-0.02772425040772797
2020-01-09 05:00:00+00:00,BTCUSDT,VWAP,1,range,-0.017917767592682377,0.007900232500468896,-0.02615409985058026
2020-01-09 06:00:00+00:00,BTCUSDT,VWAP,1,range,-0.012669153738442906,0.011867932444660001,-0.02462681285795887
2020-01-09 07:00:00+00:00,BTCUSDT,VWAP,1,range,-0.004076059624630424,0.006672315986401278,-0.029635040534288226
2020-01-09 08:00:00+00:00,BTCUSDT,VWAP,1,range,-0.01466675066145895,0.008798034521859677,-0.032311956658687135
2020-01-09 09:00:00+00:00,BTCUSDT,VWAP,1,range,-0.010639635052899776,0.016584118503696565,-0.024843166954664708
2020-01-09 10:00:00+00:00,BTCUSDT,VWAP,1,range,-0.010685917103418818,0.01386801328553644,-0.028783218589621073
2020-01-09 11:00:00+00:00,BTCUSDT,VWAP,1,range,-0.007985759110223478,0.01589792844790283,-0.0268386975625291
2020-01-09 12:00:00+00:00,BTCUSDT,VWAP,1,range,-0.010598650436824286,0.01290991020622978,-0.029701016347071008
2020-01-09 13:00:00+00:00,BTCUSDT,VWAP,1,range,-0.011995337045301757,0.013449662492706294,-0.02918397027049946
2020-01-09 14:00:00+00:00,BTCUSDT,VWAP,1,range,-0.010617730024404914,0.015096827358879183,-0.027606098063452822
2020-01-09 15:00:00+00:00,BTCUSDT,VWAP,1,range,-0.011487611560436428,0.02258201959948858,-0.030266556586538318
2020-01-09 16:00:00+00:00,BTCUSDT,VWAP,1,range,-0.0030230604266812122,0.041627184014097374,-0.019167788805213415
2020-01-09 17:00:00+00:00,BTCUSDT,VWAP,1,range,-0.00685488987698879,0.04405176800530142,-0.016884716594908977
2020-01-09 18:00:00+00:00,BTCUSDT,VWAP,1,range,-0.008670531329238229,0.04258979324609902,-0.018261362632749134
2020-01-09 20:00:00+00:00,BTCUSDT,VWAP,1,range,-0.014671527340008872,0.04153395076330546,-0.019255580461320698
2020-01-09 21:00:00+00:00,BTCUSDT,VWAP,1,range,-0.0100700553487304,0.04530049111892209,-0.01570887568800916
2020-01-09 22:00:00+00:00,BTCUSDT,VWAP,1,range,-0.005368031414631269,0.04255643216620664,-0.018292776580331016
2020-01-09 23:00:00+00:00,BTCUSDT,VWAP,1,range,0.002868803710131873,0.050140754279224264,-0.019004705452006054
2020-01-10 00:00:00+00:00,BTCUSDT,VWAP,1,range,0.008959212376933756,0.04981715893108318,-0.019306993990538257
2020-01-10 01:00:00+00:00,BTCUSDT,VWAP,1,range,0.008041456352968268,0.05835788772451256,-0.01739731994158189
2020-01-10 02:00:00+00:00,BTCUSDT,VWAP,1,range,0.0219105586878523,0.05860199897488472,-0.017170681701691448
2020-01-10 03:00:00+00:00,BTCUSDT,VWAP,1,range,0.0317387027996312,0.056634687083121804,-0.018997177218735506
2020-01-10 04:00:00+00:00,BTCUSDT,VWAP,1,range,0.019804393137726528,0.05965432098765433,-0.0161936828603495
2020-01-10 05:00:00+00:00,BTCUSDT,VWAP,1,range,0.02804762365695468,0.06621882360533027,-0.010099054625237969
2020-01-10 06:00:00+00:00,BTCUSDT,VWAP,1,range,0.0363373200274244,0.06667587699307798,-0.009674716233716851
2020-01-10 07:00:00+00:00,BTCUSDT,VWAP,1,range,0.04024188731961975,0.06565218120394145,-0.010625137861067002
2020-01-10 08:00:00+00:00,BTCUSDT,VWAP,1,range,0.0483918062251405,0.07208549348871296,-0.00465230960893348
2020-01-10 09:00:00+00:00,BTCUSDT,VWAP,1,range,0.04424976082261467,0.07096114307344892,-0.0056961811992314315
2020-01-10 10:00:00+00:00,BTCUSDT,VWAP,1,range,0.0415867754131396,0.06310014953068976,-0.0007785375847060294
2020-01-10 12:00:00+00:00,BTCUSDT,VWAP,-1,range,-0.03623589703297525,-0.006568184035878444,-0.035758141798260645
2020-01-10 13:00:00+00:00,BTCUSDT,VWAP,-1,range,-0.04386565792767927,-0.014282137669233474,-0.03871986904863278
2020-01-10 14:00:00+00:00,BTCUSDT,VWAP,-1,range,-0.029607560636439878,-0.0007473363602963357,-0.024858965340395445
2020-01-10 15:00:00+00:00,BTCUSDT,VWAP,-1,range,-0.012293781332592957,0.010627668384019295,-0.013209895520833737
2020-01-10 16:00:00+00:00,BTCUSDT,VWAP,-1,range,-0.021692566016614956,-0.0038110091627727716,-0.02799645312018506
2020-01-10 17:00:00+00:00,BTCUSDT,VWAP,-1,range,-0.015324703693521124,-0.013587226024000865,-0.026070952863385788
2020-01-10 18:00:00+00:00,BTCUSDT,VWAP,-1,range,-0.012892519149402704,-0.005910524820715857,-0.018299702480327307
2020-01-10 19:00:00+00:00,BTCUSDT,VWAP,-1,bull,-0.0018836011378489115,-0.0011730656197530553,-0.013503894925065207
2020-01-10 20:00:00+00:00,BTCUSDT,VWAP,-1,bull,0.0027900355871885996,0.0006127185517561529,-0.011696116354634079
2020-01-10 21:00:00+00:00,BTCUSDT,VWAP,-1,bull,-0.008158623908790297,-0.0022991131282836808,-0.014643811264164697
2020-01-10 22:00:00+00:00,BTCUSDT,VWAP,-1,bull,0.0044797786055360556,0.002514161462290554,-0.009771254548037733
2020-01-10 23:00:00+00:00,BTCUSDT,VWAP,-1,bull,0.019163918026974258,0.016240835667697073,0.004124482611985503
2020-01-11 00:00:00+00:00,BTCUSDT,VWAP,-1,bull,0.013267685865615886,0.012621973068395409,0.0004610487207427072
2020-01-11 01:00:00+00:00,BTCUSDT,VWAP,-1,bull,0.014535418135244171,0.017036109051551396,0.0061604167655863185
2020-01-11 02:00:00+00:00,BTCUSDT,VWAP,-1,bull,0.018689312407214276,0.016722465050401314,0.0069552106840610195
2020-01-11 03:00:00+00:00,BTCUSDT,VWAP,-1,bull,0.007857112241836495,0.011272555827011255,0.0014511655247158028
2020-01-11 04:00:00+00:00,BTCUSDT,VWAP,-1,bull,-0.0061097213878411605,0.006071558711431058,-0.003801494992071941
2020-01-11 05:00:00+00:00,BTCUSDT,VWAP,-1,bull,-0.008946985770879934,0.001711253220964326,-0.008205112987224927
2020-01-11 06:00:00+00:00,BTCUSDT,VWAP,-1,bull,-0.005166153331430889,0.006893124587937782,-0.002971768202080227
2020-01-11 07:00:00+00:00,BTCUSDT,VWAP,-1,bull,-0.009204743345219368,0.0007091996687925706,-0.009217120302789983
2020-01-11 08:00:00+00:00,BTCUSDT,VWAP,-1,bull,-0.01331147028193147,-0.002183408823752231,-0.012138462130455885
2020-01-11 09:00:00+00:00,BTCUSDT,VWAP,-1,bull,0.0016709764807288918,0.005812092106883382,-0.004063538973032799
2020-01-11 16:00:00+00:00,BTCUSDT,VWAP,-1,bull,0.01213789728059711,0.011521213789728035,0.0022942094154354553
2020-01-11 17:00:00+00:00,BTCUSDT,VWAP,-1,bull,0.006344362745098087,0.009976715686274451,0.0019607843137254832
2020-01-11 18:00:00+00:00,BTCUSDT,VWAP,-1,bull,0.010211898421897625,0.011411138739867654,0.003406821474722932
2020-01-11 22:00:00+00:00,BTCUSDT,VWAP,1,bull,0.005217244992768544,0.013880073885195854,-0.01565420936530748
2020-01-11 23:00:00+00:00,BTCUSDT,VWAP,1,bull,0.012115114156617368,0.021749104800662167,-0.008014402984330316
2020-01-12 00:00:00+00:00,BTCUSDT,VWAP,1,bull,0.008982693245118911,0.017095893537347973,-0.002997952164243589
2020-01-12 01:00:00+00:00,BTCUSDT,VWAP,1,bull,0.012332040118187226,0.01671756453986717,-0.001259737860454302
2020-01-12 08:00:00+00:00,BTCUSDT,VWAP,-1,bull,0.0002591816003174596,0.005823601739833206,-0.0007345525923687646
2020-01-12 13:00:00+00:00,BTCUSDT,VWAP,-1,bull,0.0009198212288861196,0.008699720624204654,0.0021605388119241287
2020-01-12 22:00:00+00:00,BTCUSDT,VWAP,-1,bull,0.0042194661633864206,0.00811294394470452,0.0015698914189073987
2020-01-12 23:00:00+00:00,BTCUSDT,VWAP,-1,bull,0.013033334554826692,0.011372103533780376,0.004850550282775701
2020-01-13 06:00:00+00:00,BTCUSDT,VWAP,1,bull,0.005667820326746176,0.06661084440474863,-0.0007815116668528077
2020-01-13 07:00:00+00:00,BTCUSDT,VWAP,1,bull,0.004641871214082327,0.06488959455459464,-0.0023940066853843645
2020-01-13 11:00:00+00:00,BTCUSDT,VWAP,1,bull,0.004084158415841532,0.06414232673267328,-0.0030940594059405413
2020-01-13 20:00:00+00:00,BTCUSDT,VWAP,-1,bull,-0.04415406114393594,0.0023057687121528225,-0.0664639976464243
2020-01-14 00:00:00+00:00,BTCUSDT,VWAP,-1,bull,-0.027229729321582408,-0.01970074963605506,-0.0549269995831998
2020-01-14 01:00:00+00:00,BTCUSDT,VWAP,-1,bull,-0.017996713437585576,1.184773761542246e-06,-0.034544448564824304
2020-01-14 02:00:00+00:00,BTCUSDT,VWAP,-1,bull,-0.030810651953395274,-0.00519040982907204,-0.039859503427092546
2020-01-14 03:00:00+00:00,BTCUSDT,VWAP,-1,bull,-0.0255211432565432,-0.006223258054461445,-0.03602901589640406
2020-01-14 04:00:00+00:00,BTCUSDT,VWAP,-1,bull,-0.01814884373072978,0.0008757306547934052,-0.028719745088522597
2020-01-14 05:00:00+00:00,BTCUSDT,VWAP,-1,bull,-0.03577883502878376,-0.004139066995624052,-0.033883088146928086
2020-01-14 06:00:00+00:00,BTCUSDT,VWAP,-1,bull,-0.030798328650910367,-0.001799787970184319,-0.030211313657373395
2020-01-14 07:00:00+00:00,BTCUSDT,VWAP,-1,bull,-0.030660452138622007,-0.0020515458227496897,-0.030470211484194154
2020-01-14 08:00:00+00:00,BTCUSDT,VWAP,-1,bull,-0.021366517961962872,-0.00176097675510678,-0.030171401737496994
2020-01-14 09:00:00+00:00,BTCUSDT,VWAP,-1,bull,-0.0280492907751404,-0.0029525569236990012,-0.031396775695002876
2020-01-14 10:00:00+00:00,BTCUSDT,VWAP,-1,bull,-0.026090128896333997,-0.0015355415100626324,-0.02936415208547416
2020-01-14 11:00:00+00:00,BTCUSDT,VWAP,-1,bull,-0.034554713583674124,-0.007432381738380123,-0.028693213789998895
2020-01-14 12:00:00+00:00,BTCUSDT,VWAP,-1,bull,-0.03273180174861268,-0.010690671477664893,-0.032020266408240294
2020-01-14 13:00:00+00:00,BTCUSDT,VWAP,-1,bull,-0.02273306541997333,-0.009259420902130167,-0.021259658323178998
2020-01-14 14:00:00+00:00,BTCUSDT,VWAP,-1,bull,-0.014202220117167874,0.0030751933635603246,-0.00877838374734452
2020-01-14 15:00:00+00:00,BTCUSDT,VWAP,-1,bull,-0.005112825236011975,0.0016244531429887576,-0.010246373474556814
2020-01-14 16:00:00+00:00,BTCUSDT,VWAP,-1,bull,0.009082503629892491,0.0014899543226523093,-0.01038247150491145
2020-01-14 17:00:00+00:00,BTCUSDT,VWAP,-1,bull,0.019648302997694156,0.013559183218463278,0.0018302622314184669
2020-01-14 18:00:00+00:00,BTCUSDT,VWAP,-1,bull,0.010758542141229954,0.01231321184510259,0.0005694760820045275
2020-01-14 19:00:00+00:00,BTCUSDT,VWAP,-1,bull,0.016524584635087436,0.011932839749243085,0.00018458130806631168
2020-01-14 20:00:00+00:00,BTCUSDT,VWAP,-1,bull,0.006631034482758702,0.0032310344827586324,-0.008620689655172376
2020-01-14 21:00:00+00:00,BTCUSDT,VWAP,-1,bull,-0.0015400410677617327,0.008532536368750177,-0.00574171213236796
2020-01-14 22:00:00+00:00,BTCUSDT,VWAP,-1,bull,-0.006238646224058453,0.008597144879039842,-0.00719210617473931
2020-01-14 23:00:00+00:00,BTCUSDT,VWAP,-1,bull,0.009851558073654454,0.017349575070821577,0.0016997167138810276
2020-01-15 00:00:00+00:00,BTCUSDT,VWAP,-1,bull,0.0010659317507586419,0.012431315161626433,-0.0032968722419302043
2020-01-15 01:00:00+00:00,BTCUSDT,VWAP,-1,bull,-0.012071472951843853,0.013174155577252655,-0.0025422012230786883
2020-01-15 02:00:00+00:00,BTCUSDT,VWAP,-1,bull,-0.004286922279980621,0.017035471958178228,0.0013806111414639277
2020-01-15 03:00:00+00:00,BTCUSDT,VWAP,-1,bull,-0.004325111879052601,0.007174920765462223,-0.009116410340407777
2020-01-15 04:00:00+00:00,BTCUSDT,VWAP,1,bull,0.020655476734119826,0.036631632765702804,-0.0041169191082913725
2020-01-15 05:00:00+00:00,BTCUSDT,VWAP,1,bull,0.02128131106150133,0.03513893594605011,-0.002565453288096653
2020-01-15 07:00:00+00:00,BTCUSDT,VWAP,1,bull,0.015629797059406147,0.033552335085424545,-0.004094263050029023
2020-01-15 08:00:00+00:00,BTCUSDT,VWAP,1,bull,0.020576674523362426,0.03227030735995373,-0.005329593592453774
2020-01-15 09:00:00+00:00,BTCUSDT,VWAP,-1,bull,-0.008431516474334044,0.010527409277864441,-0.005708910626610386
2020-01-15 10:00:00+00:00,BTCUSDT,VWAP,-1,bull,-0.007174782938672797,0.015211903209167321,-0.0009475485306180698
2020-01-15 12:00:00+00:00,BTCUSDT,VWAP,-1,bull,0.0005939562387636821,0.01184720390255467,-0.004367459406340091
2020-01-15 13:00:00+00:00,BTCUSDT,VWAP,-1,bull,0.02486468010083487,0.025407758715680795,0.009415611430061976
2020-01-15 14:00:00+00:00,BTCUSDT,VWAP,-1,bull,0.022911963882618513,0.02169638826185094,0.0056433408577878375
2020-01-15 20:00:00+00:00,BTCUSDT,VWAP,-1,bull,0.01527980281492114,0.017275235993986393,0.0011496416156658862
2020-01-15 21:00:00+00:00,BTCUSDT,VWAP,-1,bull,0.020253909676981152,0.01880040978735209,0.0026998420847083038
2020-01-15 22:00:00+00:00,BTCUSDT,VWAP,-1,bull,0.022479895226180657,0.02222721073548095,0.007310929393861687
2020-01-15 23:00:00+00:00,BTCUSDT,VWAP,-1,bull,0.010758841059227309,0.017849818136493778,0.01217862282302018
2020-01-16 01:00:00+00:00,BTCUSDT,VWAP,1,bull,0.0033899868551530155,0.013971588681594982,-0.008803588312616739
2020-01-16 02:00:00+00:00,BTCUSDT,VWAP,1,bull,0.004033729929536767,0.01579877555735254,-0.0070174425320549405
2020-01-16 03:00:00+00:00,BTCUSDT,VWAP,1,bull,0.008025268202867197,0.022789726176322134,-0.0045556321445590076
2020-01-16 04:00:00+00:00,BTCUSDT,VWAP,1,bull,0.0008857549357452754,0.021273131253406685,-0.00603167930821058
2020-01-16 05:00:00+00:00,BTCUSDT,VWAP,1,bull,-0.002940413288234023,0.022427970781867534,-0.011781171710491645
2020-01-16 07:00:00+00:00,BTCUSDT,VWAP,1,bull,0.002412345315262243,0.03813715380082505,-0.00939042243665289
2020-01-16 08:00:00+00:00,BTCUSDT,VWAP,1,bull,0.007259333799250811,0.03852800744240015,-0.009017462698768353
2020-01-16 09:00:00+00:00,BTCUSDT,VWAP,1,bull,0.004773002207990151,0.04218058378288436,-0.0055321071343155115
2020-01-16 10:00:00+00:00,BTCUSDT,VWAP,1,bull,0.007125934593729344,0.04309834482137842,-0.003638554133446048
2020-01-16 13:00:00+00:00,BTCUSDT,VWAP,1,bull,0.004981613422201825,0.03872672948747424,-0.007814295564238072
2020-01-16 16:00:00+00:00,BTCUSDT,VWAP,1,bull,0.017386739279677155,0.042927442756679035,-0.0009818909766411421
2020-01-17 01:00:00+00:00,BTCUSDT,VWAP,-1,bull,-0.01322302709439871,-0.004442360797452416,-0.02122270692425121
2020-01-17 02:00:00+00:00,BTCUSDT,VWAP,-1,bull,-0.0033979635047076684,-0.006632706055040849,-0.019383344385941248
2020-01-17 03:00:00+00:00,BTCUSDT,VWAP,-1,bull,-0.007782712138641568,-0.003473774877086777,-0.016184400213455907
2020-01-17 04:00:00+00:00,BTCUSDT,VWAP,-1,bull,-0.007355709691028611,-0.004897001918880761,-0.012850377198434293
2020-01-17 05:00:00+00:00,BTCUSDT,VWAP,-1,bull,6.518641065644815e-05,0.004129221943993566,-0.0037527142272715253
2020-01-17 06:00:00+00:00,BTCUSDT,VWAP,-1,bull,-0.005228603603603554,0.002159909909909996,-0.005737612612612741
2020-01-17 07:00:00+00:00,BTCUSDT,VWAP,-1,bull,0.006786293252836972,0.009355469841802244,0.0015148974229972634
2020-01-17 08:00:00+00:00,BTCUSDT,VWAP,-1,bull,0.0059482582099055215,0.008531879016277166,0.0006847881912079856
2020-01-17 09:00:00+00:00,BTCUSDT,VWAP,-1,bull,0.005244568245125314,0.012722005571030648,0.007130919220055709
2020-01-17 10:00:00+00:00,BTCUSDT,VWAP,-1,bull,0.00022244603448018374,0.009520466711901099,0.003911249621338708
2020-01-17 11:00:00+00:00,BTCUSDT,VWAP,-1,bull,-0.0004722637587482037,0.006022765132351671,0.0003937400933983204
2020-01-17 17:00:00+00:00,BTCUSDT,VWAP,-1,bull,0.004684735719311495,0.002362599443856306,-0.002025406373848293
2020-01-17 18:00:00+00:00,BTCUSDT,VWAP,-1,bull,0.006097622453769325,0.005653996054413857,0.0012804671072310647
2020-01-17 21:00:00+00:00,BTCUSDT,VWAP,-1,bull,0.004696497396373012,0.005821058184820149,0.001448264043288905
2020-01-17 22:00:00+00:00,BTCUSDT,VWAP,-1,bull,0.005578041144901569,0.007607334525939313,0.0021802325581394832
2020-01-18 00:00:00+00:00,BTCUSDT,VWAP,-1,bull,0.007299456965821571,0.011900441507493364,0.006496817272004796
2020-01-18 01:00:00+00:00,BTCUSDT,VWAP,-1,bull,0.002593756879713749,0.00809641042375131,-0.003530236097809558
2020-01-18 04:00:00+00:00,BTCUSDT,VWAP,1,bull,0.004150277551223214,0.039862546060851045,-0.0041141292437548715
2020-01-18 22:00:00+00:00,BTCUSDT,VWAP,-1,bull,-0.009851859375226812,0.034071339203301965,-0.021235014894422033
2020-01-19 00:00:00+00:00,BTCUSDT,VWAP,-1,bull,0.03742097961892088,0.036451247291763744,-0.01871883997301227
2020-01-19 01:00:00+00:00,BTCUSDT,VWAP,-1,bull,0.056063699513776655,0.05459443339308723,0.0004631738551467146
2020-01-19 02:00:00+00:00,BTCUSDT,VWAP,-1,bull,0.05885216184153519,0.055477643818094946,0.0013969544210880036
2020-01-19 03:00:00+00:00,BTCUSDT,VWAP,-1,bull,0.05741076552779112,0.05572394650186918,0.0039180899884126985
2020-01-19 04:00:00+00:00,BTCUSDT,VWAP,-1,bull,0.05514431691739552,0.05498052516005192,0.0037464634629725824
2020-01-19 05:00:00+00:00,BTCUSDT,VWAP,-1,bull,0.051704970697525665,0.05303550873384433,0.006254404124667934
2020-01-19 06:00:00+00:00,BTCUSDT,VWAP,-1,bull,0.04669912276066168,0.047184643027004314,0.00011449911043004413
2020-01-19 07:00:00+00:00,BTCUSDT,VWAP,-1,bull,0.048085119019468214,0.04814561036315701,0.0011229393073850513
2020-01-19 08:00:00+00:00,BTCUSDT,VWAP,-1,bull,0.0503695235253071,0.050467170775165715,0.005424359587643424
2020-01-19 11:00:00+00:00,BTCUSDT,VWAP,1,bull,0.00011602740544347512,0.006443541753782922,-0.03031991397888989
2020-01-19 12:00:00+00:00,BTCUSDT,VWAP,1,bull,0.0026614232426336315,0.013322152502674767,-0.02369256571147671
2020-01-19 13:00:00+00:00,BTCUSDT,VWAP,1,bull,0.0014801510471575963,0.01387800731627431,-0.023157015210027554
2020-01-19 14:00:00+00:00,BTCUSDT,VWAP,1,bull,0.004510908513209122,0.01593197225269427,-0.021178077680395924
2020-01-19 15:00:00+00:00,BTCUSDT,VWAP,1,range,0.0037689547401318357,0.01411390207199914,-0.022929737238106318
2020-01-19 16:00:00+00:00,BTCUSDT,VWAP,1,range,-0.0007523437066619953,0.012477811061186062,-0.02450606497660912
2020-01-19 17:00:00+00:00,BTCUSDT,VWAP,1,range,0.0015496237287428993,0.010881981672208996,-0.026043601773240388
2020-01-19 18:00:00+00:00,BTCUSDT,VWAP,1,range,0.003193257318795606,0.011786757394440572,-0.02517187577593849
2020-01-19 19:00:00+00:00,BTCUSDT,VWAP,1,range,0.0015008648170249383,0.012237998569614605,-0.024737117576987266
2020-01-19 20:00:00+00:00,BTCUSDT,VWAP,1,range,-0.0008399429254738466,0.012198235773249966,-0.024775427914526915
2020-01-19 21:00:00+00:00,BTCUSDT,VWAP,1,range,-0.007399364067038783,0.0032105909411626055,-0.03316770670112068
2020-01-19 22:00:00+00:00,BTCUSDT,VWAP,1,range,0.0012486703972620639,0.011697035563982716,-0.014237154881376446
2020-01-19 23:00:00+00:00,BTCUSDT,VWAP,1,range,-0.00954645439560764,0.005113802787780619,-0.020651630799979448
2020-01-20 00:00:00+00:00,BTCUSDT,VWAP,1,range,-0.009031280136951647,0.009414264554561402,-0.01646140855208822
2020-01-20 01:00:00+00:00,BTCUSDT,VWAP,1,range,-0.0047170029351267795,0.011159259516051012,-0.014761145392775399
2020-01-20 02:00:00+00:00,BTCUSDT,VWAP,1,range,0.0005621972562002142,0.01015071965866432,-0.015743831991909985
2020-01-20 03:00:00+00:00,BTCUSDT,VWAP,1,range,0.0009929009313203174,0.00908833012745136,-0.016778987863775408
2020-01-20 04:00:00+00:00,BTCUSDT,VWAP,1,range,0.003386360876428851,0.012018805405686672,-0.013923633398678192
2020-01-20 05:00:00+00:00,BTCUSDT,VWAP,1,range,-0.0035979055420186645,0.008101335821798505,-0.017740681217274124
2020-01-20 08:00:00+00:00,BTCUSDT,VWAP,1,range,0.0036898363567403614,0.011828058944875819,-0.014109490198980668
2020-01-20 12:00:00+00:00,BTCUSDT,VWAP,1,range,0.007141634858162549,0.018613649777020624,-0.007497843540574589
2020-01-20 21:00:00+00:00,BTCUSDT,VWAP,-1,range,0.00707546085333155,0.005790267476560862,-0.0025807326751794424
2020-01-21 19:00:00+00:00,BTCUSDT,VWAP,1,range,0.024423329908826785,0.033209121760532145,-0.00029403116730375434
2020-01-21 20:00:00+00:00,BTCUSDT,VWAP,-1,range,0.0049700091582964845,0.006356935145735987,-0.00107056931592453
2020-01-21 21:00:00+00:00,BTCUSDT,VWAP,-1,range,0.005960146669047317,0.007915962847503621,0.0005001121532975938
2020-01-21 22:00:00+00:00,BTCUSDT,VWAP,-1,range,0.008001392343029212,0.007397967362380076,-2.1755359833619536e-05
2020-01-21 23:00:00+00:00,BTCUSDT,VWAP,-1,range,0.009276597010213439,0.008414136573012265,0.0015453369372131487
2020-01-22 00:00:00+00:00,BTCUSDT,VWAP,-1,range,0.0091180405474941,0.008739551530536183,0.0023932855362307492
2020-01-22 01:00:00+00:00,BTCUSDT,VWAP,-1,range,0.01007926949338056,0.007543424203984905,0.0011895003411656058
2020-01-22 02:00:00+00:00,BTCUSDT,VWAP,-1,range,0.008022610007174524,0.01181042801770471,0.00011117045295649941
2020-01-22 03:00:00+00:00,BTCUSDT,VWAP,-1,bull,0.007489644846613075,0.012004296829769556,-0.00019030782864515317
2020-01-22 04:00:00+00:00,BTCUSDT,VWAP,-1,bull,0.0061589223772272605,0.015120057256141184,0.002548401332622907
2020-01-22 05:00:00+00:00,BTCUSDT,VWAP,-1,bull,0.0032496374963461028,0.015169560009399286,-3.668021159919377e-05
2020-01-22 06:00:00+00:00,BTCUSDT,VWAP,-1,bull,0.00989989371770017,0.021362628129534378,0.005672575171039251
2020-01-22 07:00:00+00:00,BTCUSDT,VWAP,-1,bull,0.008386506575185804,0.01971869639794177,0.008919382504288142
2020-01-23 01:00:00+00:00,BTCUSDT,VWAP,1,range,-0.027688966500256873,0.0027600607352875617,-0.032002288036869
2020-01-23 02:00:00+00:00,BTCUSDT,VWAP,1,range,-0.028092992367511282,0.0013723154514360125,-0.03828783329734209
2020-01-23 03:00:00+00:00,BTCUSDT,VWAP,1,range,-0.027126334136809427,0.0028918167516074345,-0.03682851305736068
2020-01-23 04:00:00+00:00,BTCUSDT,VWAP,1,range,-0.02650008671189652,0.0038793389410907153,-0.03588010247134732
2020-01-23 05:00:00+00:00,BTCUSDT,VWAP,1,range,-0.026116422776379156,0.007127543799831049,-0.03276054535518613
2020-01-23 06:00:00+00:00,BTCUSDT,VWAP,1,range,-0.021829252721481507,0.010342391858221722,-0.029673023916707897
2020-01-23 07:00:00+00:00,BTCUSDT,VWAP,1,range,-0.023842031686859277,0.004776328052190193,-0.03501863932898419
2020-01-23 08:00:00+00:00,BTCUSDT,VWAP,1,range,-0.015885579670403938,0.0008948629931873064,-0.027229905804513677
2020-01-23 09:00:00+00:00,BTCUSDT,VWAP,1,range,-0.005563201687066699,0.006843649299363097,-0.021083599501548478
2020-01-23 10:00:00+00:00,BTCUSDT,VWAP,1,range,-0.005353412771071264,0.006337513395360039,-0.024533912438700733
2020-01-23 11:00:00+00:00,BTCUSDT,VWAP,1,bear,-0.0028705887374743666,0.008796735994764049,-0.02215013143525879
2020-01-23 12:00:00+00:00,BTCUSDT,VWAP,1,bear,-0.002311387792790609,0.0032703173950303643,-0.022460762710558524
2020-01-23 13:00:00+00:00,BTCUSDT,VWAP,1,bear,0.000239145771304905,0.013978070332771209,-0.013882412024249446
2020-01-23 14:00:00+00:00,BTCUSDT,VWAP,1,bear,-0.007383639880017334,0.01675743411048103,-0.014837759415902707
2020-01-23 15:00:00+00:00,BTCUSDT,VWAP,1,bear,-0.004403096031476705,0.018305596856160733,-0.014323209240286627
2020-01-23 16:00:00+00:00,BTCUSDT,VWAP,1,bear,-0.005241517505401139,0.019609062182044612,-0.013987343361242632
2020-01-23 17:00:00+00:00,BTCUSDT,VWAP,1,bear,-0.0013129024135820622,0.022505185664784433,-0.011186647962303398
2020-01-23 18:00:00+00:00,BTCUSDT,VWAP,1,bear,0.0003760316920466966,0.021273334323310467,-0.012377909455400848
2020-01-23 19:00:00+00:00,BTCUSDT,VWAP,1,bear,-0.004093401150925935,0.017741254084450597,-0.01579360665637153
2020-01-23 20:00:00+00:00,BTCUSDT,VWAP,1,bear,-0.004840095465393768,0.01766109785202863,-0.015871121718377124
2020-01-23 21:00:00+00:00,BTCUSDT,VWAP,1,bear,-0.015607223949085758,0.01485631595733028,-0.018583485260306842
2020-01-23 22:00:00+00:00,BTCUSDT,VWAP,1,bear,-0.018213471975797813,0.014132208211045993,-0.019283733452568397
2020-01-23 23:00:00+00:00,BTCUSDT,VWAP,1,bear,0.0008276255707762026,0.014079147640791323,-0.019335045662100536
2020-01-24 01:00:00+00:00,BTCUSDT,VWAP,1,bear,0.012259267671635543,0.019473766003992754,-0.014118181492151938
2020-01-24 02:00:00+00:00,BTCUSDT,VWAP,1,bear,0.019532096180229663,0.02630755529881834,-0.007509567477796186
2020-01-24 03:00:00+00:00,BTCUSDT,VWAP,1,bear,0.02151380552220883,0.02376950780312126,-0.009963985594237723
2020-01-24 04:00:00+00:00,BTCUSDT,VWAP,1,bear,0.017277332740395224,0.024981520765851695,-0.008791908799721138
2020-01-24 05:00:00+00:00,BTCUSDT,VWAP,1,bear,0.017692857185734656,0.023849400013206346,-0.009886725854958756
2020-01-24 06:00:00+00:00,BTCUSDT,VWAP,1,bear,0.01622074579517574,0.020889447536960537,-0.012749147064104904
2020-01-24 07:00:00+00:00,BTCUSDT,VWAP,1,bear,0.01904844075043366,0.021924400602034266,-0.011748295993788016
2020-01-24 08:00:00+00:00,BTCUSDT,VWAP,1,bear,0.018053970050746715,0.022610630929654763,-0.011084677148585631
2020-01-24 09:00:00+00:00,BTCUSDT,VWAP,1,bear,0.029373755592655204,0.03094652931995978,-0.003023448956178787
2020-01-24 10:00:00+00:00,BTCUSDT,VWAP,1,bear,0.025850290697674527,0.032945736434108586,-0.000966569767441805
2020-01-24 11:00:00+00:00,BTCUSDT,VWAP,-1,bear,-0.003017860028325048,0.010364091742944836,-0.007777524309219075
2020-01-24 12:00:00+00:00,BTCUSDT,VWAP,-1,bear,0.015400758431690087,0.013549682960394271,-0.004533536087089507
2020-01-24 13:00:00+00:00,BTCUSDT,VWAP,-1,bear,0.021158172574445078,0.016335110685963605,-0.0016970469965102986
2020-01-24 14:00:00+00:00,BTCUSDT,VWAP,-1,bear,0.01719961755019661,0.016805363740453605,-0.0012181734480682938
2020-01-24 15:00:00+00:00,BTCUSDT,VWAP,-1,bear,0.02462743309895976,0.021139447727814842,0.0031953612615035487
2020-01-24 16:00:00+00:00,BTCUSDT,VWAP,-1,bear,0.016943725705643953,0.01589928992544809,-0.0021408570517138514
2020-01-24 17:00:00+00:00,BTCUSDT,VWAP,-1,bear,0.017198869374003056,0.017387621627233063,-0.0006252418388246195
2020-01-24 18:00:00+00:00,BTCUSDT,VWAP,-1,bear,0.01841795264459889,0.018809047002002588,0.0008222405465896365
2020-01-24 19:00:00+00:00,BTCUSDT,VWAP,-1,bear,0.021734477892756288,0.020539746001881465,0.002998588899341459
2020-01-24 20:00:00+00:00,BTCUSDT,VWAP,-1,bear,0.014652532391048245,0.01892461719670202,0.0013545347467609492
2020-01-24 21:00:00+00:00,BTCUSDT,VWAP,-1,bear,0.019212001423372205,0.02180390112025965,0.009159141701869267
2020-01-24 22:00:00+00:00,BTCUSDT,VWAP,-1,range,0.01613923975903908,0.016540684013781393,0.006071253993779946
2020-01-25 00:00:00+00:00,BTCUSDT,VWAP,1,range,-0.002369582736928333,0.01338754104670592,-0.005015817265477507
2020-01-25 01:00:00+00:00,BTCUSDT,VWAP,1,bear,0.004641376173464495,0.01646982743539538,-0.0005380956000428094
2020-01-25 02:00:00+00:00,BTCUSDT,VWAP,1,bear,-0.0007194339652101256,0.011891678947488549,-0.005039640931588818
2020-01-25 03:00:00+00:00,BTCUSDT,VWAP,1,bear,0.004431512172200058,0.015103046514009622,-0.0018820070725872329
2020-01-25 04:00:00+00:00,BTCUSDT,VWAP,1,bear,0.003998562584655474,0.012560558332502136,-0.0036644476467131426
2020-01-25 05:00:00+00:00,BTCUSDT,VWAP,1,bear,0.0011307261014077419,0.011291656513738424,-0.004804985757892677
2020-01-25 06:00:00+00:00,BTCUSDT,VWAP,1,bear,0.0015409263559611475,0.011082908798521585,-0.005010410853690028
2020-01-25 07:00:00+00:00,BTCUSDT,VWAP,1,bear,0.005563054968224179,0.012721220987189863,-0.003398175539146342
2020-01-25 09:00:00+00:00,BTCUSDT,VWAP,1,bear,0.005323658308786561,0.016356539023397287,-0.007244294369806226
2020-01-25 10:00:00+00:00,BTCUSDT,VWAP,1,bear,0.003720269347500693,0.018633749083433626,-0.0050199634453533815
2020-01-25 11:00:00+00:00,BTCUSDT,VWAP,1,bear,0.003080895443087428,0.020313715213709393,-0.003379007838673176
2020-01-25 12:00:00+00:00,BTCUSDT,VWAP,1,bear,0.004514106583072053,0.024010127803231196,-0.00034482758620701937
2020-01-25 13:00:00+00:00,BTCUSDT,VWAP,1,bear,0.0025723673465467556,0.01995686300882915,-0.0032376761747383576
2020-01-25 14:00:00+00:00,BTCUSDT,VWAP,1,bear,0.0010612980769231228,0.02081009615384599,-0.0024038461538461453
2020-01-25 15:00:00+00:00,BTCUSDT,VWAP,1,bear,0.004204437630976221,0.01879821458346065,-0.004369976116874952
2020-01-25 21:00:00+00:00,BTCUSDT,VWAP,-1,bear,-0.0030896179783843625,0.00605774750889132,-0.020488669415640315
2020-01-26 08:00:00+00:00,BTCUSDT,VWAP,-1,bear,-0.017503544886456668,-0.003375064425490848,-0.02713352286897086
2020-01-26 09:00:00+00:00,BTCUSDT,VWAP,-1,bear,-0.021149872948775794,-0.005723242062267042,-0.02698473010520308
2020-01-26 10:00:00+00:00,BTCUSDT,VWAP,-1,bear,-0.014981481766434657,-0.0033331636765647765,-0.023747607543650018
2020-01-26 11:00:00+00:00,BTCUSDT,VWAP,-1,range,-0.015259768586310729,0.000611899860642473,-0.019722275277123336
2020-01-26 12:00:00+00:00,BTCUSDT,VWAP,-1,range,-0.024387591548030496,-0.0019562555259784453,-0.02919135134112838
2020-01-26 13:00:00+00:00,BTCUSDT,VWAP,-1,range,-0.023961684011353013,-0.0024349574266793184,-0.03259224219489121
2020-01-26 14:00:00+00:00,BTCUSDT,VWAP,-1,range,-0.02348925419843817,-0.0028468597611097657,-0.03272292023706869
2020-01-26 15:00:00+00:00,BTCUSDT,VWAP,-1,range,-0.02439033038520333,-0.006318603713864057,-0.03466131173078457
2020-01-26 16:00:00+00:00,BTCUSDT,VWAP,-1,range,-0.01654525250030847,-0.009530865068585692,-0.029402806930896697
2020-01-26 17:00:00+00:00,BTCUSDT,VWAP,-1,range,-0.008622981247697448,-0.0009233911774171322,-0.02132660532488906
2020-01-26 18:00:00+00:00,BTCUSDT,VWAP,-1,range,-0.009841936770044635,-0.0008650458520935711,-0.02126707066561906
2020-01-26 19:00:00+00:00,BTCUSDT,VWAP,-1,range,-0.010619915376927525,-0.004548723648692743,-0.03467117491570382
2020-01-26 20:00:00+00:00,BTCUSDT,VWAP,-1,range,-0.004686057490864481,-0.004788765600253209,-0.041473067716156775
2020-01-26 21:00:00+00:00,BTCUSDT,VWAP,-1,range,-0.0047663234076595895,-0.001055823775104825,-0.038523614173155085
2020-01-26 22:00:00+00:00,BTCUSDT,VWAP,-1,range,-0.006871137026239094,-0.004664723032069995,-0.04154169096209914
2020-01-26 23:00:00+00:00,BTCUSDT,VWAP,-1,range,-0.014684347495880434,-0.004473238952481751,-0.03716202484900499
2020-01-27 00:00:00+00:00,BTCUSDT,VWAP,-1,range,-0.009229941982562329,0.0019189140538820038,-0.030561850650099753
2020-01-27 01:00:00+00:00,BTCUSDT,VWAP,-1,range,-0.00928438942926224,0.0010267225031241889,-0.048253647809928024
2020-01-27 02:00:00+00:00,BTCUSDT,VWAP,-1,range,-0.011913057445920971,0.00043912715388993995,-0.05298069111680426
2020-01-27 03:00:00+00:00,BTCUSDT,VWAP,-1,range,-0.013059746696988395,0.0020029790852524876,-0.05133326179836595
2020-01-27 04:00:00+00:00,BTCUSDT,VWAP,-1,range,-0.01687170677818073,-0.0005876466947765113,-0.05406233913460934
2020-01-27 05:00:00+00:00,BTCUSDT,VWAP,-1,range,-0.013428443285431468,0.0001514268804676533,-0.053283767038413865
2020-01-27 06:00:00+00:00,BTCUSDT,VWAP,-1,range,-0.025998614638651718,0.0014165319787577957,-0.05195105056568927
2020-01-27 07:00:00+00:00,BTCUSDT,VWAP,-1,range,-0.03212107208872461,0.000724353049907589,-0.05268022181146015
2020-01-27 09:00:00+00:00,BTCUSDT,VWAP,-1,range,-0.038149917080492646,-0.004007679746693471,-0.054518563438341605
2020-01-27 10:00:00+00:00,BTCUSDT,VWAP,-1,range,-0.0319762054779289,-0.014602868685371195,-0.05537229902523988
2020-01-27 11:00:00+00:00,BTCUSDT,VWAP,-1,bull,-0.020136970310128843,-0.002556748603173009,-0.042842133935172555
2020-01-27 12:00:00+00:00,BTCUSDT,VWAP,-1,bull,-0.037743744533433876,-0.0015606510144230423,-0.0418060105072402
2020-01-27 13:00:00+00:00,BTCUSDT,VWAP,-1,bull,-0.04607386877918662,-0.002401873896471063,-0.0426810359525851
2020-01-27 14:00:00+00:00,BTCUSDT,VWAP,-1,bull,-0.04263859799785741,-0.00428361628116769,-0.04058415233274926
2020-01-27 15:00:00+00:00,BTCUSDT,VWAP,-1,bull,-0.03920717790321038,-0.0033336066731355363,-0.03778011635164247
2020-01-27 16:00:00+00:00,BTCUSDT,VWAP,-1,bull,-0.031441897502986205,-0.002167112223423029,-0.03657357374438308
2020-01-27 17:00:00+00:00,BTCUSDT,VWAP,-1,bull,-0.03422639585455367,-0.01418239097728935,-0.03932722040421077
2020-01-27 18:00:00+00:00,BTCUSDT,VWAP,-1,bull,-0.015750742641101656,-0.00786974525159767,-0.02529480601314238
2020-01-27 19:00:00+00:00,BTCUSDT,VWAP,-1,bull,-0.012763542585437104,-0.0025856163616906347,-0.019919319814999614
2020-01-27 20:00:00+00:00,BTCUSDT,VWAP,-1,bull,-0.0016429365962180587,0.0036551724137932062,-0.013570634037819884
2020-01-27 21:00:00+00:00,BTCUSDT,VWAP,-1,bull,-0.0018616452038668907,0.0014960047087361206,-0.01576713159490617
2020-01-27 22:00:00+00:00,BTCUSDT,VWAP,-1,bull,-0.013235690235690267,-0.005290684624017938,-0.022671156004489434
2020-01-27 23:00:00+00:00,BTCUSDT,VWAP,-1,bull,-0.019780986603632034,-0.010357195345095827,-0.024085639824941607
2020-01-28 00:00:00+00:00,BTCUSDT,VWAP,-1,bull,0.002193584069577703,0.00777174386077395,-0.029146793852676378
2020-01-28 01:00:00+00:00,BTCUSDT,VWAP,-1,bull,0.0050494166807961705,0.014846335180191739,-0.021808973215994953
2020-01-28 02:00:00+00:00,BTCUSDT,VWAP,-1,bull,0.009614468361958894,0.013588185748286685,-0.023113935502667715
2020-01-28 03:00:00+00:00,BTCUSDT,VWAP,-1,bull,0.01044546952007408,0.012997929756382032,-0.02372615356626584
2020-01-28 04:00:00+00:00,BTCUSDT,VWAP,-1,bull,0.009874389123503025,0.006723363799494564,-0.03023418173155301
2020-01-28 05:00:00+00:00,BTCUSDT,VWAP,-1,bull,0.00827149928093096,0.006766086411801542,-0.030189869508827405
2020-01-28 06:00:00+00:00,BTCUSDT,VWAP,-1,bull,0.002222177911595846,0.002354002024995583,-0.03476611743645308
2020-01-28 07:00:00+00:00,BTCUSDT,VWAP,-1,bull,0.003117791971105399,0.004657346815398089,-0.03237707046917193
2020-01-28 08:00:00+00:00,BTCUSDT,VWAP,-1,bull,-0.007354990743794643,-0.00012882061396357614,-0.03835300624002591
2020-01-28 09:00:00+00:00,BTCUSDT,VWAP,-1,bull,-0.007644154058077612,-0.0020773850984616704,-0.04037604342146528
2020-01-28 10:00:00+00:00,BTCUSDT,VWAP,-1,bull,-0.012995227034325652,0.0024368819873437086,-0.03568924437827925
2020-01-28 11:00:00+00:00,BTCUSDT,VWAP,-1,bull,-0.03399916170971595,0.009240995255188955,-0.02862508292143051
2020-01-28 12:00:00+00:00,BTCUSDT,VWAP,-1,bull,-0.032958430132412175,0.005590422853710364,-0.032415177506691206
2020-01-28 13:00:00+00:00,BTCUSDT,VWAP,-1,bull,-0.029439865251899677,0.009846638278971143,-0.027996292668124534
2020-01-28 22:00:00+00:00,BTCUSDT,VWAP,-1,bull,-0.029981684481014792,-0.019764358546786598,-0.023372789152838802
2020-01-28 23:00:00+00:00,BTCUSDT,VWAP,-1,bull,0.009097795718258861,0.007764672336785461,0.004253653055969808
2020-01-29 00:00:00+00:00,BTCUSDT,VWAP,-1,bull,0.007048599419564705,0.0031052746912094698,-0.00042223184269474245
2020-01-29 01:00:00+00:00,BTCUSDT,VWAP,-1,bull,0.003143136044497341,0.006461424760179635,0.00045496974344405583
2020-01-29 02:00:00+00:00,BTCUSDT,VWAP,-1,bull,-0.0002430133657351785,0.004099110913655224,-0.0019216255131917492
2020-01-29 03:00:00+00:00,BTCUSDT,VWAP,-1,bull,0.007111460605970121,0.006683020746746204,5.7695143137470595e-05
2020-01-29 04:00:00+00:00,BTCUSDT,VWAP,-1,bull,-0.0027235825866223085,0.005064044322159678,-0.0015720796934177717
2020-01-29 05:00:00+00:00,BTCUSDT,VWAP,-1,bull,0.001591773594493806,0.007464574763716092,0.0008444620477831011
2020-01-29 06:00:00+00:00,BTCUSDT,VWAP,-1,bull,-0.004013016345361331,0.004828678776720552,-0.001809015103670486
2020-01-29 07:00:00+00:00,BTCUSDT,VWAP,-1,bull,-0.002928777883405731,0.00805760676702405,0.0014414495156580553
2020-01-29 08:00:00+00:00,BTCUSDT,VWAP,-1,bull,-3.086748270364481e-05,0.010432144757849926,0.0031931878658860713
2020-01-29 09:00:00+00:00,BTCUSDT,VWAP,-1,bull,-0.0043996147260274565,0.005031035958904084,-0.002247431506849251
2020-01-29 10:00:00+00:00,BTCUSDT,VWAP,-1,bull,0.00747815156739684,0.012999711235487488,0.005779536787749673
2020-01-29 11:00:00+00:00,BTCUSDT,VWAP,-1,bull,0.00026520727505419117,0.0017694801185809128,-0.005532846511558054
2020-01-29 12:00:00+00:00,BTCUSDT,VWAP,-1,bull,0.00045537193552469546,-0.0008483051659415874,-0.008169781604480786
2020-01-29 13:00:00+00:00,BTCUSDT,VWAP,-1,bull,0.0033887482416113945,0.003946932823931881,-0.0033394651498901418
2020-01-29 14:00:00+00:00,BTCUSDT,VWAP,-1,bull,0.008839470338166788,0.004958622844984384,-0.0023203743423108047
2020-01-29 16:00:00+00:00,BTCUSDT,VWAP,-1,bull,0.0034088386468811294,0.007766474274688018,0.0005080172811257055
2020-01-29 18:00:00+00:00,BTCUSDT,VWAP,-1,bull,0.004897868670165839,0.008806355075221872,-0.009374610190850508
2020-01-29 19:00:00+00:00,BTCUSDT,VWAP,-1,bull,0.00020957535989507559,0.010954301933199684,-0.007187264626658196
2020-01-29 20:00:00+00:00,BTCUSDT,VWAP,-1,bull,0.0013240676977507304,0.01046268928367311,-0.010802221112919286
2020-01-30 00:00:00+00:00,BTCUSDT,VWAP,1,bull,0.01068403684269481,0.03383134730874282,-0.006664598788567955
2020-01-30 01:00:00+00:00,BTCUSDT,VWAP,1,bull,0.010191137580357168,0.03190643073681487,-0.008514114940551765
2020-01-30 02:00:00+00:00,BTCUSDT,VWAP,1,bull,0.010371752550824898,0.03652735799445628,-0.004074192855206826
2020-01-30 03:00:00+00:00,BTCUSDT,VWAP,1,bull,0.011313128267854244,0.03354638091874618,-0.006938402832212143
2020-01-30 07:00:00+00:00,BTCUSDT,VWAP,-1,bull,-0.012490968813544168,0.0025899155032086396,-0.015353282989235106
2020-01-30 17:00:00+00:00,BTCUSDT,VWAP,-1,bull,0.012620636888900583,0.01823391288288534,-0.0070210801255838895
2020-01-30 18:00:00+00:00,BTCUSDT,VWAP,-1,bull,0.012731317147049004,0.02156909145408359,-0.0036001072775175835
2020-01-30 19:00:00+00:00,BTCUSDT,VWAP,-1,bull,0.014152876711177043,0.02232280791728758,-0.002827002179629279
2020-01-30 20:00:00+00:00,BTCUSDT,VWAP,-1,bull,0.02066994751135387,0.02941701191349344,0.004449693424991019
2020-01-30 21:00:00+00:00,BTCUSDT,VWAP,-1,bull,0.02185509969725441,0.028816160350767395,0.0038333855308486653
2020-01-30 22:00:00+00:00,BTCUSDT,VWAP,-1,bull,0.02326123058604801,0.02833940862517359,0.00890926751825194
2020-01-30 23:00:00+00:00,BTCUSDT,VWAP,-1,bull,0.01964271279605534,0.023378932925453122,0.0038495979810344583
2020-01-02 03:00:00+00:00,BTCUSDT,Momentum,-1,bear,0.00014591801371910407,0.025715243802342802,-0.003267721672613355
2020-01-02 04:00:00+00:00,BTCUSDT,Momentum,-1,bear,0.01257115483740845,0.027362396629389663,-0.0015715694403981573
2020-01-02 05:00:00+00:00,BTCUSDT,Momentum,-1,bear,0.023625732961106816,0.026828058255692677,-0.00388483401163775
2020-01-02 06:00:00+00:00,BTCUSDT,Momentum,-1,bear,0.02273555804823324,0.026358665171060003,-0.0074312955692652505
2020-01-02 07:00:00+00:00,BTCUSDT,Momentum,-1,bear,0.018025876672163266,0.023010709723167988,-0.010895440910804854
2020-01-02 08:00:00+00:00,BTCUSDT,Momentum,-1,bear,0.02848265944469941,0.028614154459079888,-0.0069160782031625345
2020-01-02 16:00:00+00:00,BTCUSDT,Momentum,-1,bear,-0.02195298747022889,0.01497955206032664,-0.037057369131058504
2020-01-02 17:00:00+00:00,BTCUSDT,Momentum,-1,bear,-0.035701880043520484,0.0032798132874780617,-0.052588971215152824
2020-01-02 18:00:00+00:00,BTCUSDT,Momentum,-1,bear,-0.032590371385323946,0.003707396859329859,-0.05213742046098546
2020-01-02 19:00:00+00:00,BTCUSDT,Momentum,-1,bear,-0.03131769884116786,0.005076338502802424,-0.05069174604266258
2020-01-02 20:00:00+00:00,BTCUSDT,Momentum,-1,bear,-0.04507591847313508,0.00013535014650922772,-0.055909689774584326
2020-01-02 21:00:00+00:00,BTCUSDT,Momentum,-1,bear,-0.05329461532946156,0.004228866422886557,-0.05158672115867202
2020-01-02 22:00:00+00:00,BTCUSDT,Momentum,-1,bear,-0.048726321165621256,0.0037802925530388,-0.05206043877217237
2020-01-02 23:00:00+00:00,BTCUSDT,Momentum,-1,bear,-0.05401721334551368,0.0025897581743281606,-0.053317705729929665
2020-01-03 00:00:00+00:00,BTCUSDT,Momentum,-1,bear,-0.05585303139335496,-0.0014046179338271791,-0.0575359771107844
2020-01-03 01:00:00+00:00,BTCUSDT,Momentum,-1,bear,-0.06700761394039567,-0.010713549095535901,-0.06514407225254693
2020-01-03 02:00:00+00:00,BTCUSDT,Momentum,-1,bear,-0.04316670933667788,-0.0008514824712553271,-0.05475089822770829
2020-01-03 03:00:00+00:00,BTCUSDT,Momentum,-1,bear,-0.05306483767191805,-0.039245179816764564,-0.05554492000546962
2020-01-03 04:00:00+00:00,BTCUSDT,Momentum,1,bear,0.024794673233051512,0.0281648499452416,-0.0057201393043389
2020-01-03 05:00:00+00:00,BTCUSDT,Momentum,1,bear,0.01902962890075499,0.02656608815079564,-0.0045969906826746065
2020-01-03 06:00:00+00:00,BTCUSDT,Momentum,1,bear,0.019927747672641383,0.029217729609559484,-0.002025844101709029
2020-01-03 07:00:00+00:00,BTCUSDT,Momentum,1,bear,0.019572048980136092,0.029071883656894393,-2.778541876802265e-06
2020-01-03 08:00:00+00:00,BTCUSDT,Momentum,1,bear,0.0078602920914852,0.02056764949021761,-0.003995591071920601
2020-01-03 09:00:00+00:00,BTCUSDT,Momentum,1,bear,-0.009241472264010842,0.008458642777887437,-0.01581315561969454
2020-01-03 10:00:00+00:00,BTCUSDT,Momentum,1,range,-0.0018084815321477432,0.013307797537619681,-0.011080711354309214
2020-01-03 11:00:00+00:00,BTCUSDT,Momentum,1,range,0.0004919522874420323,0.009426132887078609,-0.014868951269468522
2020-01-03 12:00:00+00:00,BTCUSDT,Momentum,1,range,-0.0025540970037847277,0.011706505571892345,-0.012643463082371631
2020-01-03 13:00:00+00:00,BTCUSDT,Momentum,1,range,-0.005560796453069394,0.008332346411074276,-0.015936412258527266
2020-01-03 14:00:00+00:00,BTCUSDT,Momentum,1,bull,0.009848745984254226,0.021313441890606244,-0.00037227515270177314
2020-01-03 15:00:00+00:00,BTCUSDT,Momentum,1,bull,0.0018151970814692664,0.012475379339284665,-0.008224428342771595
2020-01-03 16:00:00+00:00,BTCUSDT,Momentum,1,bull,-0.007140728701070076,0.0023499932276853652,-0.017223350941351745
2020-01-03 17:00:00+00:00,BTCUSDT,Momentum,1,bull,-0.0016184090630907422,0.002117531858178534,-0.013200233921309867
2020-01-03 18:00:00+00:00,BTCUSDT,Momentum,1,bull,0.0015094504129191666,0.008116701769108614,-0.011522501437247423
2020-01-03 19:00:00+00:00,BTCUSDT,Momentum,1,bull,0.0007126408589843702,0.00832549837169072,-0.011317772418209748
2020-01-04 09:00:00+00:00,BTCUSDT,Momentum,1,bull,-0.0018299815371571881,0.018241397252718228,-0.012433549389802345
2020-01-05 01:00:00+00:00,BTCUSDT,Momentum,1,bull,-0.0040009010071972995,0.004917997618766767,-0.020825065162127676
2020-01-05 02:00:00+00:00,BTCUSDT,Momentum,1,bull,-0.0018110173806615837,0.01688357227208792,-0.01885312084779256
2020-01-05 03:00:00+00:00,BTCUSDT,Momentum,1,bull,-0.0015464572617270855,0.014037176511508154,-0.023029638201240044
2020-01-05 04:00:00+00:00,BTCUSDT,Momentum,1,bull,0.0001542295096037538,0.016584366224005498,-0.020575557707318004
2020-01-05 05:00:00+00:00,BTCUSDT,Momentum,1,bull,0.0003928941143658271,0.01643986976834011,-0.020714772282325877
2020-01-05 06:00:00+00:00,BTCUSDT,Momentum,1,bull,-0.002766572614820162,0.016521655169454252,-0.02063597644054893
2020-01-05 07:00:00+00:00,BTCUSDT,Momentum,1,bull,-0.0028339885675694454,0.015690783038410983,-0.021436477117719677
2020-01-05 08:00:00+00:00,BTCUSDT,Momentum,1,bull,-0.0001292113129888195,0.020241759750406763,-0.01705185546099497
2020-01-05 09:00:00+00:00,BTCUSDT,Momentum,1,bull,-0.008330640818524526,0.02047388260635441,-0.01682821755519659
2020-01-05 12:00:00+00:00,BTCUSDT,Momentum,1,bull,-0.010866532528504336,0.016778001341381632,-0.020389000670690827
2020-01-06 00:00:00+00:00,BTCUSDT,Momentum,-1,bull,-0.024335536120878798,-0.006613787108471936,-0.051940672553122624
2020-01-06 02:00:00+00:00,BTCUSDT,Momentum,1,bull,-0.00046101080593441424,0.06177014902041833,-0.008861210577283618
2020-01-06 03:00:00+00:00,BTCUSDT,Momentum,1,bull,-0.0030151287034150265,0.06317576754458698,-0.007549096986861015
2020-01-06 06:00:00+00:00,BTCUSDT,Momentum,1,bull,0.0016920743874211386,0.06618112645329499,-0.004743661372282992
2020-01-06 08:00:00+00:00,BTCUSDT,Momentum,1,bull,0.00036978131212728194,0.06228098078197486,-0.008384360503644772
2020-01-06 09:00:00+00:00,BTCUSDT,Momentum,1,bull,0.003740598813820606,0.06201072755508208,-0.008636635872647402
2020-01-06 10:00:00+00:00,BTCUSDT,Momentum,1,bull,0.020385205340942347,0.06073872712570316,-0.009824019947141216
2020-01-06 11:00:00+00:00,BTCUSDT,Momentum,1,bull,0.028831564986737446,0.06298541114058342,-0.007726790450928389
2020-01-06 12:00:00+00:00,BTCUSDT,Momentum,1,bull,0.044586307695566596,0.061094018089770996,-0.00949236374420126
2020-01-06 13:00:00+00:00,BTCUSDT,Momentum,1,bull,0.05097481560236572,0.06517509469067706,-0.0025915343212173925
2020-01-06 22:00:00+00:00,BTCUSDT,Momentum,1,bull,0.02362127107652401,0.06264591439688716,-0.0010233463035019819
2020-01-06 23:00:00+00:00,BTCUSDT,Momentum,1,bull,0.01836571321024194,0.05903274168244721,-0.003144098723926514
2020-01-07 00:00:00+00:00,BTCUSDT,Momentum,1,bull,-0.002171042125568068,0.07328059293657208,-0.01992593362415751
2020-01-07 01:00:00+00:00,BTCUSDT,Momentum,1,bull,-0.006934697005333779,0.0708593510924298,-0.022136908420017143
2020-01-07 02:00:00+00:00,BTCUSDT,Momentum,1,bull,-0.0071687083286390285,0.07200482049113832,-0.021090914614772083
2020-01-07 03:00:00+00:00,BTCUSDT,Momentum,1,bull,-0.016392799221126908,0.07214325594821358,-0.020964501259085555
2020-01-07 04:00:00+00:00,BTCUSDT,Momentum,1,bull,0.00897157620104272,0.0793447269844465,-0.014388425022527795
2020-01-07 05:00:00+00:00,BTCUSDT,Momentum,1,bull,0.00871332401879843,0.07562809602438714,-0.017782293915915126
2020-01-07 06:00:00+00:00,BTCUSDT,Momentum,1,bull,0.021056974559488184,0.07505458792464337,-0.018305997054790968
2020-01-07 07:00:00+00:00,BTCUSDT,Momentum,1,bull,0.024224449893871514,0.07376506658078319,-0.019483532953113225
2020-01-07 08:00:00+00:00,BTCUSDT,Momentum,1,bull,0.03524213995943204,0.07358265720081136,-0.01965010141987833
2020-01-07 09:00:00+00:00,BTCUSDT,Momentum,1,bull,0.020581424936386927,0.07740712468193389,-0.016157760814249356
2020-01-07 10:00:00+00:00,BTCUSDT,Momentum,1,bull,0.020657313877640027,0.07302220442669394,-0.02016188299214916
2020-01-07 11:00:00+00:00,BTCUSDT,Momentum,1,bull,0.03197904772995974,0.07197089568675907,-0.02112189329937486
2020-01-07 15:00:00+00:00,BTCUSDT,Momentum,-1,bull,-0.06867067141538752,-0.02315451834251281,-0.07371243295564112
2020-01-07 18:00:00+00:00,BTCUSDT,Momentum,1,bull,0.03716615670384571,0.052884035573481425,-0.011322790924360948
2020-01-07 19:00:00+00:00,BTCUSDT,Momentum,1,bull,0.027700920186537914,0.04836890653415393,-0.01556257899825575
2020-01-07 20:00:00+00:00,BTCUSDT,Momentum,1,bull,0.018485205100667645,0.03703531353822376,-0.03623320626158011
2020-01-07 21:00:00+00:00,BTCUSDT,Momentum,1,bull,0.03465943301789998,0.055679731530572374,-0.018906051906250165
2020-01-07 22:00:00+00:00,BTCUSDT,Momentum,1,bull,0.034122269603918065,0.05130506570330784,-0.02297163926183865
2020-01-07 23:00:00+00:00,BTCUSDT,Momentum,1,bull,0.022421370648722183,0.03875257743339766,-0.03463727033090502
2020-01-08 00:00:00+00:00,BTCUSDT,Momentum,1,bull,-0.01763842125285764,0.002174729758717575,-0.06728270183210616
2020-01-08 01:00:00+00:00,BTCUSDT,Momentum,1,bull,0.001511340425252472,0.006317546232572191,-0.06047271767898221
2020-01-08 02:00:00+00:00,BTCUSDT,Momentum,1,bull,0.003980922482492044,0.01762496981405448,-0.04973315624245356
2020-01-08 03:00:00+00:00,BTCUSDT,Momentum,1,bull,0.00045407353341464507,0.015097643876270217,-0.05209319467830653
2020-01-08 04:00:00+00:00,BTCUSDT,Momentum,1,bull,-0.027375598676502633,0.009630335977612647,-0.057198613250786456
2020-01-08 05:00:00+00:00,BTCUSDT,Momentum,1,bull,-0.030884035274113097,0.010637634514333305,-0.05625798931799708
2020-01-08 06:00:00+00:00,BTCUSDT,Momentum,1,bull,-0.03420163030448342,0.010305682090625767,-0.056567969311915656
2020-01-08 07:00:00+00:00,BTCUSDT,Momentum,1,bull,-0.0405253527387317,0.015238265030169451,-0.05196188144991187
2020-01-08 08:00:00+00:00,BTCUSDT,Momentum,1,bull,-0.03212359353319849,0.013349861848227729,-0.053725288387315606
2020-01-08 09:00:00+00:00,BTCUSDT,Momentum,1,bull,-0.03384659871322193,0.015442540784115222,-0.052748258994192554
2020-01-08 10:00:00+00:00,BTCUSDT,Momentum,1,bull,-0.03027847505585235,0.011759889844069615,-0.05718840673660652
2020-01-08 11:00:00+00:00,BTCUSDT,Momentum,1,bull,-0.03304508066915579,0.011120202320737738,-0.05799085333666065
2020-01-08 12:00:00+00:00,BTCUSDT,Momentum,-1,bull,0.03956810230425856,0.04647002050910842,0.005927132344070385
2020-01-08 16:00:00+00:00,BTCUSDT,Momentum,-1,bull,0.01823610122354069,0.02651168977689533,0.009731422110441423
2020-01-08 17:00:00+00:00,BTCUSDT,Momentum,-1,bull,0.017031049122029907,0.0290421210362658,0.005154849654342986
2020-01-08 18:00:00+00:00,BTCUSDT,Momentum,-1,bull,0.017844797305096693,0.027641624538116694,0.003747196429302768
2020-01-08 19:00:00+00:00,BTCUSDT,Momentum,-1,bull,0.0014174424517109374,0.016454385094883284,-0.007714954708382127
2020-01-08 20:00:00+00:00,BTCUSDT,Momentum,-1,bull,0.014009095912057123,0.026805734822237248,0.002890765823122976
2020-01-08 21:00:00+00:00,BTCUSDT,Momentum,-1,bull,0.017791761442994547,0.023056835867353076,-0.0009502573925534996
2020-01-08 22:00:00+00:00,BTCUSDT,Momentum,-1,bull,0.022342744735874498,0.03018152242135541,0.006349508962228523
2020-01-08 23:00:00+00:00,BTCUSDT,Momentum,-1,bull,0.022123267955691528,0.02802164807241836,0.009288025568745861
2020-01-09 00:00:00+00:00,BTCUSDT,Momentum,-1,bull,0.007064421393238596,0.015956498036683864,-0.003009664590718275
2020-01-09 01:00:00+00:00,BTCUSDT,Momentum,-1,bull,0.013518811713057133,0.021832125501321076,0.00297920797518747
2020-01-09 02:00:00+00:00,BTCUSDT,Momentum,-1,bull,0.012358432094359828,0.02021548998616407,0.006187980892636946
2020-01-09 03:00:00+00:00,BTCUSDT,Momentum,-1,range,0.006030879510592668,0.016761798481409684,0.0031580746426588258
2020-01-09 04:00:00+00:00,BTCUSDT,Momentum,-1,range,0.018957470831765133,0.019156943921716185,0.0048613724752226695
2020-01-09 05:00:00+00:00,BTCUSDT,Momentum,-1,range,0.017917767592682377,0.018607590315795286,0.003592616882781785
2020-01-09 06:00:00+00:00,BTCUSDT,Momentum,-1,range,0.012669153738442906,0.016165966545851562,-0.00032984031179372764
2020-01-09 08:00:00+00:00,BTCUSDT,Momentum,-1,range,0.01466675066145895,0.023264457603628497,0.005398765276552919
2020-01-09 09:00:00+00:00,BTCUSDT,Momentum,-1,range,0.010639635052899776,0.01572583768081348,-0.0022777452607281035
2020-01-09 10:00:00+00:00,BTCUSDT,Momentum,-1,range,0.010685917103418818,0.018355617292470483,0.0004001362489253202
2020-01-09 11:00:00+00:00,BTCUSDT,Momentum,-1,range,0.007985759110223478,0.01639021865043966,-0.0016012119474264619
2020-01-09 13:00:00+00:00,BTCUSDT,Momentum,-1,range,0.011995337045301757,0.018760671698371034,0.0016049474911302708
2020-01-09 14:00:00+00:00,BTCUSDT,Momentum,-1,range,0.010617730024404914,0.017165858451396065,-1.774904123497123e-05
2020-01-09 16:00:00+00:00,BTCUSDT,Momentum,-1,range,0.0030230604266812122,0.008636950136127197,-0.015871067240076142
2020-01-09 17:00:00+00:00,BTCUSDT,Momentum,-1,range,0.00685488987698879,0.006329365409979526,-0.018235699005220596
2020-01-09 18:00:00+00:00,BTCUSDT,Momentum,-1,range,0.008670531329238229,0.00772079199556619,-0.019515735337598983
2020-01-09 20:00:00+00:00,BTCUSDT,Momentum,-1,range,0.014671527340008872,0.008725684379311538,-0.02933410394867897
2020-01-09 21:00:00+00:00,BTCUSDT,Momentum,-1,range,0.0100700553487304,0.005140899926980191,-0.03305652551649629
2020-01-09 22:00:00+00:00,BTCUSDT,Momentum,-1,range,0.005368031414631269,0.0077525432232762315,-0.030344608673837703
2020-01-10 00:00:00+00:00,BTCUSDT,Momentum,-1,range,-0.008959212376933756,0.00877764991689034,-0.039755785705152924
2020-01-10 01:00:00+00:00,BTCUSDT,Momentum,-1,range,-0.008041456352968268,0.006847472392323639,-0.04707268953854826
2020-01-10 02:00:00+00:00,BTCUSDT,Momentum,-1,range,-0.0219105586878523,0.006618400820092241,-0.047314197847257766
2020-01-10 03:00:00+00:00,BTCUSDT,Momentum,-1,range,-0.0317387027996312,0.008464506755106016,-0.04536786326841491
2020-01-10 07:00:00+00:00,BTCUSDT,Momentum,-1,range,-0.04024188731961975,2.5798562245382683e-06,-0.0542892044626353
2020-01-10 08:00:00+00:00,BTCUSDT,Momentum,-1,range,-0.0483918062251405,-0.00606422393376449,-0.060653918775994686
2020-01-10 09:00:00+00:00,BTCUSDT,Momentum,-1,range,-0.04424976082261467,-0.009211894310819257,-0.05954155723275001
2020-01-10 14:00:00+00:00,BTCUSDT,Momentum,1,range,0.029607560636439878,0.03590474721598391,-0.007779320099460918
2020-01-10 15:00:00+00:00,BTCUSDT,Momentum,1,range,0.012293781332592957,0.024130125404751457,-0.019057406516683528
2020-01-10 16:00:00+00:00,BTCUSDT,Momentum,1,range,0.021692566016614956,0.03907605038581763,-0.004741750674473133
2020-01-10 17:00:00+00:00,BTCUSDT,Momentum,1,range,0.015324703693521124,0.03712979736541144,-5.3982326437274075e-05
2020-01-10 18:00:00+00:00,BTCUSDT,Momentum,1,range,0.012892519149402704,0.02927478956837226,-0.007258582969116634
2020-01-10 19:00:00+00:00,BTCUSDT,Momentum,1,bull,0.0018836011378489115,0.02442729349208994,-0.009791253840983893
2020-01-10 20:00:00+00:00,BTCUSDT,Momentum,1,bull,-0.0027900355871885996,0.022600030945381322,-0.011557481045953888
2020-01-10 21:00:00+00:00,BTCUSDT,Momentum,1,bull,0.008158623908790297,0.02941052328410687,-0.008677538210962177
2020-01-10 22:00:00+00:00,BTCUSDT,Momentum,1,bull,-0.0044797786055360556,0.02446705336570254,-0.01011347701735199
2020-01-10 23:00:00+00:00,BTCUSDT,Momentum,1,bull,-0.019163918026974258,0.010369083316985828,-0.024761517176002723
2020-01-11 00:00:00+00:00,BTCUSDT,Momentum,1,bull,-0.013267685865615886,0.01408583333027602,-0.026993974570166945
2020-01-11 01:00:00+00:00,BTCUSDT,Momentum,1,bull,-0.014535418135244171,0.00955229840766636,-0.031343859610676206
2020-01-11 02:00:00+00:00,BTCUSDT,Momentum,1,bull,-0.018689312407214276,0.00987442623469903,-0.031034780924869
2020-01-11 03:00:00+00:00,BTCUSDT,Momentum,1,bull,-0.007857112241836495,0.01547175125675837,-0.025664199072968574
2020-01-11 04:00:00+00:00,BTCUSDT,Momentum,1,bull,0.0061097213878411605,0.02081343129240998,-0.020538906233072973
2020-01-11 05:00:00+00:00,BTCUSDT,Momentum,1,bull,0.008946985770879934,0.025291679649440457,-0.016242068143488164
2020-01-11 06:00:00+00:00,BTCUSDT,Momentum,1,bull,0.005166153331430889,0.01996964269899526,-0.021348513623884458
2020-01-11 11:00:00+00:00,BTCUSDT,Momentum,-1,bull,0.003633626135275292,-0.0029801945635983262,-0.01294316263365225
2020-01-11 12:00:00+00:00,BTCUSDT,Momentum,-1,bull,0.0007870092656397931,-0.001248060362990966,-0.01059426016171483
2020-01-11 13:00:00+00:00,BTCUSDT,Momentum,-1,bull,0.0036037527457457585,0.0019458041050907093,-0.007370582406965864
2020-01-11 14:00:00+00:00,BTCUSDT,Momentum,-1,bull,-0.004822746086017737,-0.0025987725949874196,-0.011957580684194502
2020-01-11 20:00:00+00:00,BTCUSDT,Momentum,1,bull,-0.002748837807544535,0.015770293197116425,-0.025377750828387557
2020-01-12 04:00:00+00:00,BTCUSDT,Momentum,-1,bull,-0.004146874670993395,-0.004795907624279394,-0.009096370246050256
2020-01-12 06:00:00+00:00,BTCUSDT,Momentum,-1,bull,-0.00404283176256337,-0.003042632711825144,-0.007244952332911669
2020-01-12 11:00:00+00:00,BTCUSDT,Momentum,1,bull,0.008496217538646933,0.010134606595686213,-0.007877818059974895
2020-01-12 13:00:00+00:00,BTCUSDT,Momentum,1,bull,-0.0009198212288861196,0.004332100781051951,-0.013576855289217038
2020-01-13 11:00:00+00:00,BTCUSDT,Momentum,-1,bull,-0.004084158415841532,-0.0018564356435644136,-0.053217821782178154
2020-01-14 00:00:00+00:00,BTCUSDT,Momentum,1,bull,0.027229729321582408,0.07745836529807248,-0.0002706180118032808
2020-01-14 01:00:00+00:00,BTCUSDT,Momentum,1,bull,0.017996713437585576,0.056640479217290984,-0.00775197472166711
2020-01-14 02:00:00+00:00,BTCUSDT,Momentum,1,bull,0.030810651953395274,0.056864613255216634,-0.0065496335902466285
2020-01-14 03:00:00+00:00,BTCUSDT,Momentum,1,bull,0.0255211432565432,0.0529714847033711,-0.00024793856790683577
2020-01-14 04:00:00+00:00,BTCUSDT,Momentum,1,bull,0.01814884373072978,0.045542683370027204,-0.007301272447192475
2020-01-14 05:00:00+00:00,BTCUSDT,Momentum,1,bull,0.03577883502878376,0.05079046400437348,-0.0015081143621971105
2020-01-14 06:00:00+00:00,BTCUSDT,Momentum,1,bull,0.030798328650910367,0.047058643971884306,-0.004892182956137026
2020-01-14 07:00:00+00:00,BTCUSDT,Momentum,1,bull,0.030660452138622007,0.04732177562641415,-0.004642106833045112
2020-01-14 08:00:00+00:00,BTCUSDT,Momentum,1,bull,0.021366517961962872,0.04701807936135238,-0.004930734914299184
2020-01-14 09:00:00+00:00,BTCUSDT,Momentum,1,bull,0.0280492907751404,0.048263492197821334,-0.0037471144397898115
2020-01-14 10:00:00+00:00,BTCUSDT,Momentum,1,bull,0.026090128896333997,0.04619762853268394,-0.005295213427366163
2020-01-14 11:00:00+00:00,BTCUSDT,Momentum,1,bull,0.034554713583674124,0.04551571819784672,-0.005943560790786506
2020-01-14 12:00:00+00:00,BTCUSDT,Momentum,1,bull,0.03273180174861268,0.048897179026996085,-1.176091471699614e-05
2020-01-14 13:00:00+00:00,BTCUSDT,Momentum,1,bull,0.02273306541997333,0.03827483348521299,-0.008417972773392068
2020-01-14 14:00:00+00:00,BTCUSDT,Momentum,1,bull,0.014202220117167874,0.025585608784821634,-0.02053654364360402
2020-01-14 15:00:00+00:00,BTCUSDT,Momentum,1,bull,0.005112825236011975,0.02707805664287366,-0.019111213446926123
2020-01-14 16:00:00+00:00,BTCUSDT,Momentum,1,bull,-0.009082503629892491,0.027216422198246937,-0.013162030805438873
2020-01-14 17:00:00+00:00,BTCUSDT,Momentum,1,bull,-0.019648302997694156,0.014800212487871223,-0.02509017653101031
2020-01-14 18:00:00+00:00,BTCUSDT,Momentum,1,bull,-0.010758542141229954,0.01608200455580877,-0.023858769931662804
2020-01-14 19:00:00+00:00,BTCUSDT,Momentum,1,bull,-0.016524584635087436,0.0164733120495133,-0.023482844192866947
2020-01-14 20:00:00+00:00,BTCUSDT,Momentum,1,bull,-0.006631034482758702,0.02542528735632188,-0.014882758620689551
2020-01-14 21:00:00+00:00,BTCUSDT,Momentum,1,bull,0.0015400410677617327,0.01997137147116801,-0.020122288635937458
2020-01-14 22:00:00+00:00,BTCUSDT,Momentum,1,bull,0.006238646224058453,0.019904905517149185,-0.020186141905479404
2020-01-14 23:00:00+00:00,BTCUSDT,Momentum,1,bull,-0.009851558073654454,0.010900849858356931,-0.028836260623229415
2020-01-15 00:00:00+00:00,BTCUSDT,Momentum,1,bull,-0.0010659317507586419,0.01596050586205533,-0.023975492680260224
2020-01-15 01:00:00+00:00,BTCUSDT,Momentum,1,bull,0.012071472951843853,0.015196309370185013,-0.024709649667829625
2020-01-15 02:00:00+00:00,BTCUSDT,Momentum,1,bull,0.004286922279980621,0.011223983187828912,-0.028525829216814902
2020-01-15 05:00:00+00:00,BTCUSDT,Momentum,-1,bull,-0.02128131106150133,-0.005733109315461338,-0.02223624912396316
2020-01-15 06:00:00+00:00,BTCUSDT,Momentum,-1,bull,-0.007766932165415019,0.0020459292110796,-0.014329563849800886
2020-01-15 07:00:00+00:00,BTCUSDT,Momentum,-1,bull,-0.015629797059406147,-0.004191579998586548,-0.020669424752565835
2020-01-15 13:00:00+00:00,BTCUSDT,Momentum,1,bull,-0.02486468010083487,0.0012165860481641033,-0.03344937000631898
2020-01-15 16:00:00+00:00,BTCUSDT,Momentum,1,bull,-0.014165995917442498,0.011529296846093606,-0.021341779270945826
2020-01-15 17:00:00+00:00,BTCUSDT,Momentum,1,bull,-0.010464940574452686,0.009453780319185645,-0.023349848950836027
2020-01-15 19:00:00+00:00,BTCUSDT,Momentum,1,bull,-0.008881537671818873,0.013515085838133656,-0.019420521302686344
2020-01-15 20:00:00+00:00,BTCUSDT,Momentum,1,bull,-0.01527980281492114,0.0073513572346923794,-0.025383950821642243
2020-01-16 01:00:00+00:00,BTCUSDT,Momentum,-1,bull,-0.0033899868551530155,0.0005569264119179573,-0.005214122639116248
2020-01-16 02:00:00+00:00,BTCUSDT,Momentum,-1,bull,-0.004033729929536767,-0.0012440799353126142,-0.007402102344923112
2020-01-16 03:00:00+00:00,BTCUSDT,Momentum,-1,bull,-0.008025268202867197,-0.0024911986898652483,-0.01271852924440564
2020-01-16 04:00:00+00:00,BTCUSDT,Momentum,-1,bull,-0.0008857549357452754,-0.0010047024694892492,-0.012208867249932975
2020-01-16 05:00:00+00:00,BTCUSDT,Momentum,-1,bull,0.002940413288234023,0.00478549105246362,-0.009674315644927711
2020-01-16 08:00:00+00:00,BTCUSDT,Momentum,-1,bull,-0.007259333799250811,0.002002217522109162,-0.026323576312810903
2020-01-16 09:00:00+00:00,BTCUSDT,Momentum,-1,bull,-0.004773002207990151,-0.0015078111550295148,-0.031891650192433785
2020-01-16 10:00:00+00:00,BTCUSDT,Momentum,-1,bull,-0.007125934593729344,-0.0047856276534730124,-0.030629401779233456
2020-01-16 11:00:00+00:00,BTCUSDT,Momentum,-1,bull,0.0006036413202220592,0.002674577766068942,-0.022977314769740076
2020-01-17 04:00:00+00:00,BTCUSDT,Momentum,1,bull,0.007355709691028611,0.025104222898644224,-0.0037016707418310313
2020-01-17 05:00:00+00:00,BTCUSDT,Momentum,1,bull,-6.518641065644815e-05,0.015896492971106735,-0.01265065928187048
2020-01-17 06:00:00+00:00,BTCUSDT,Momentum,1,bull,0.005228603603603554,0.017905405405405306,-0.010698198198198172
2020-01-17 07:00:00+00:00,BTCUSDT,Momentum,1,bull,-0.006786293252836972,0.010565151769243775,-0.01783218737771819
2020-01-17 08:00:00+00:00,BTCUSDT,Momentum,1,bull,-0.0059482582099055215,0.01140530397546402,-0.01701564382957721
2020-01-17 09:00:00+00:00,BTCUSDT,Momentum,1,bull,-0.005244568245125314,0.007130919220055709,-0.02116991643454036
2020-01-17 10:00:00+00:00,BTCUSDT,Momentum,1,bull,-0.00022244603448018374,0.005478432236119213,-0.01799577240752559
2020-01-17 11:00:00+00:00,BTCUSDT,Momentum,1,bull,0.0004722637587482037,0.00902909974861199,-0.014527999856413842
2020-01-17 12:00:00+00:00,BTCUSDT,Momentum,1,bull,0.018349393492801402,0.019725654687677174,-0.004081169935381435
2020-01-17 13:00:00+00:00,BTCUSDT,Momentum,1,bull,0.009865714779048407,0.015123592284834952,-0.008575791192631965
2020-01-18 00:00:00+00:00,BTCUSDT,Momentum,1,bull,-0.007299456965821571,0.00135146267447106,-0.01857537577119095
2020-01-18 02:00:00+00:00,BTCUSDT,Momentum,1,bull,0.00016468816799553032,0.029940757072628665,-0.012319123097123352
2020-01-19 01:00:00+00:00,BTCUSDT,Momentum,1,bull,-0.056063699513776655,0.005578841693949066,-0.07792244678143323
2020-01-19 02:00:00+00:00,BTCUSDT,Momentum,1,bull,-0.05885216184153519,0.004639416596909696,-0.07878386386679181
2020-01-19 03:00:00+00:00,BTCUSDT,Momentum,1,bull,-0.05741076552779112,0.000871777750136804,-0.07902408899770663
2020-01-19 04:00:00+00:00,BTCUSDT,Momentum,1,bull,-0.05514431691739552,0.0008768318743128667,-0.0782990116805361
2020-01-19 05:00:00+00:00,BTCUSDT,Momentum,1,bull,-0.051704970697525665,0.001733200863099027,-0.07640198880422266
2020-01-19 06:00:00+00:00,BTCUSDT,Momentum,1,bull,-0.04669912276066168,0.0057205517095597624,-0.0706954940196235
2020-01-19 07:00:00+00:00,BTCUSDT,Momentum,1,bull,-0.048085119019468214,0.004706226538982339,-0.07163274935356745
2020-01-19 08:00:00+00:00,BTCUSDT,Momentum,1,bull,-0.0503695235253071,0.002255761187741623,-0.07389702494064365
2020-01-19 09:00:00+00:00,BTCUSDT,Momentum,1,bull,-0.03747892878286929,0.0019050915998468643,-0.0694035453666475
2020-01-19 11:00:00+00:00,BTCUSDT,Momentum,-1,bull,-0.00011602740544347512,0.00578758483786046,0.004364238745341642
2020-01-19 12:00:00+00:00,BTCUSDT,Momentum,-1,bull,-0.0026614232426336315,8.674782407536163e-05,-0.002440505450654884
2020-01-19 13:00:00+00:00,BTCUSDT,Momentum,-1,bull,-0.0014801510471575963,-0.0004617515776512704,-0.002990391169550799
2020-01-19 14:00:00+00:00,BTCUSDT,Momentum,-1,bull,-0.004510908513209122,-0.002488537190063367,-0.005022299426917343
2020-01-19 15:00:00+00:00,BTCUSDT,Momentum,-1,range,-0.0037689547401318357,-0.0006945248292626882,-0.0032237527491607576
2020-01-19 16:00:00+00:00,BTCUSDT,Momentum,-1,range,0.0007523437066619953,0.000919916421663669,-0.0016052310423255722
2020-01-19 17:00:00+00:00,BTCUSDT,Momentum,-1,range,-0.0015496237287428993,0.0024946288172321696,-2.6538604438686164e-05
2020-01-19 18:00:00+00:00,BTCUSDT,Momentum,-1,range,-0.003193257318795606,0.001601825642376098,-0.0009215983147916607
2020-01-19 19:00:00+00:00,BTCUSDT,Momentum,-1,range,-0.0015008648170249383,0.0011565555672379269,-0.0013679937978119394
2020-01-19 20:00:00+00:00,BTCUSDT,Momentum,-1,range,0.0008399429254738466,0.0011957921978892339,-0.001328657997654581
2020-01-19 21:00:00+00:00,BTCUSDT,Momentum,-1,range,0.007399364067038783,0.009790985146292064,0.006747624414694231
2020-01-19 22:00:00+00:00,BTCUSDT,Momentum,-1,range,-0.0012486703972620639,0.00048559404337977785,-0.0025863663691438887
2020-01-21 19:00:00+00:00,BTCUSDT,Momentum,-1,range,-0.024423329908826785,-0.015505165459889447,-0.023096089619762727
2020-01-21 21:00:00+00:00,BTCUSDT,Momentum,1,range,-0.005960146669047317,0.009379677822486387,-0.017416949338753374
2020-01-22 04:00:00+00:00,BTCUSDT,Momentum,1,bull,-0.0061589223772272605,0.008384914927526577,-0.020197423930963354
2020-01-22 06:00:00+00:00,BTCUSDT,Momentum,1,bull,-0.00989989371770017,0.006884946841726025,-0.0291893891222178
2020-01-22 07:00:00+00:00,BTCUSDT,Momentum,1,bull,-0.008386506575185804,0.0004574042309890558,-0.027558604917095497
2020-01-22 13:00:00+00:00,BTCUSDT,Momentum,-1,bull,0.005257484919136912,0.024310952592427992,-0.0023453980237593264
2020-01-23 04:00:00+00:00,BTCUSDT,Momentum,-1,range,0.02650008671189652,0.027399795383202585,0.00892375987438998
2020-01-23 05:00:00+00:00,BTCUSDT,Momentum,-1,range,0.026116422776379156,0.024983769190888183,0.005716981396456711
2020-01-23 06:00:00+00:00,BTCUSDT,Momentum,-1,range,0.021829252721481507,0.021871423534359113,0.00254313429881059
2020-01-23 07:00:00+00:00,BTCUSDT,Momentum,-1,range,0.023842031686859277,0.02726001863932903,0.008038210624417563
2020-01-23 08:00:00+00:00,BTCUSDT,Momentum,-1,range,0.015885579670403938,0.01940866232074856,0.00947356924677667
2020-01-23 09:00:00+00:00,BTCUSDT,Momentum,-1,range,0.005563201687066699,0.012250641111362315,0.00426381954445898
2020-01-23 10:00:00+00:00,BTCUSDT,Momentum,-1,range,0.005353412771071264,0.015477111380792552,0.005883313107226673
2020-01-23 11:00:00+00:00,BTCUSDT,Momentum,-1,bear,0.0028705887374743666,0.013071197952052471,0.0038333801686307734
2020-01-23 12:00:00+00:00,BTCUSDT,Momentum,-1,bear,0.002311387792790609,0.013384713310867435,0.004149830083364114
2020-01-23 13:00:00+00:00,BTCUSDT,Momentum,-1,bear,-0.000239145771304905,0.004726716169841438,-0.006923270079276733
2020-01-23 14:00:00+00:00,BTCUSDT,Momentum,-1,bear,0.007383639880017334,0.005690933568743284,-0.0089091063299096
2020-01-23 15:00:00+00:00,BTCUSDT,Momentum,-1,bear,0.004403096031476705,0.005171606006568852,-0.009436059491994664
2020-01-23 16:00:00+00:00,BTCUSDT,Momentum,-1,bear,0.005241517505401139,0.004832621751102106,-0.011945255792988663
2020-01-23 17:00:00+00:00,BTCUSDT,Momentum,-1,bear,0.0013129024135820622,0.0020059230483315815,-0.014819610805366867
2020-01-23 18:00:00+00:00,BTCUSDT,Momentum,-1,bear,-0.0003760316920466966,0.0032082449139918534,-0.014686791946694422
2020-01-23 19:00:00+00:00,BTCUSDT,Momentum,-1,bear,0.004093401150925935,0.0066556554573511395,-0.012253948401664161
2020-01-23 20:00:00+00:00,BTCUSDT,Momentum,-1,bear,0.004840095465393768,0.0067338902147972,-0.012174224343675544
2020-01-24 09:00:00+00:00,BTCUSDT,Momentum,-1,bear,-0.029373755592655204,-0.006233067900062839,-0.025388025401323233
2020-01-24 10:00:00+00:00,BTCUSDT,Momentum,-1,bear,-0.025850290697674527,-0.008882025193798437,-0.027376453488372254
2020-01-24 13:00:00+00:00,BTCUSDT,Momentum,1,bear,-0.021158172574445078,0.007127124999261936,-0.023105584193961692
2020-01-24 14:00:00+00:00,BTCUSDT,Momentum,1,bear,-0.01719961755019661,0.0066456555354885705,-0.0235726005406236
2020-01-24 15:00:00+00:00,BTCUSDT,Momentum,1,bear,-0.02462743309895976,0.002208195590424955,-0.02787685343292723
2020-01-24 16:00:00+00:00,BTCUSDT,Momentum,1,bear,-0.016943725705643953,0.007500088611632982,-0.02267276314701261
2020-01-24 17:00:00+00:00,BTCUSDT,Momentum,1,bear,-0.017198869374003056,0.005976368217895489,-0.024150850800781387
2020-01-24 18:00:00+00:00,BTCUSDT,Momentum,1,bear,-0.01841795264459889,0.00452114501119083,-0.025562492637530965
2020-01-24 19:00:00+00:00,BTCUSDT,Momentum,1,bear,-0.021734477892756288,0.002116650987770363,-0.027281279397930347
2020-01-24 20:00:00+00:00,BTCUSDT,Momentum,1,bear,-0.014652532391048245,0.0035335689045936647,-0.025677267373380497
2020-01-24 21:00:00+00:00,BTCUSDT,Momentum,1,bear,-0.019212001423372205,0.00047093419957033866,-0.02853673345476626
2020-01-24 22:00:00+00:00,BTCUSDT,Momentum,1,range,-0.01613923975903908,0.0009245025043036481,-0.02330974257977525
2020-01-25 00:00:00+00:00,BTCUSDT,Momentum,-1,range,0.002369582736928333,-0.0018800293491465503,-0.007028158341051416
2020-01-25 01:00:00+00:00,BTCUSDT,Momentum,-1,bear,-0.004641376173464495,-0.004927314866761012,-0.010091102239370375
2020-01-25 02:00:00+00:00,BTCUSDT,Momentum,-1,bear,0.0007194339652101256,-0.0004011534964611929,-0.005541683331351521
2020-01-25 03:00:00+00:00,BTCUSDT,Momentum,-1,bear,-0.004431512172200058,-0.003576054411932983,-0.008732898375232612
2020-01-25 04:00:00+00:00,BTCUSDT,Momentum,-1,bear,-0.003998562584655474,-0.0022474637911951145,-0.0062063652501234134
2020-01-25 05:00:00+00:00,BTCUSDT,Momentum,-1,bear,-0.0011307261014077419,-0.0013527901446777069,-0.0049454262609334165
2020-01-25 06:00:00+00:00,BTCUSDT,Momentum,-1,bear,-0.0015409263559611475,-0.0011460939797065528,-0.004737988515058245
2020-01-25 07:00:00+00:00,BTCUSDT,Momentum,-1,bear,-0.005563054968224179,-0.0027683050111970697,-0.006366019687060076
2020-01-25 08:00:00+00:00,BTCUSDT,Momentum,-1,bear,-0.0007817729750405622,0.002797169360237106,-0.0024851773931335863
2020-01-25 09:00:00+00:00,BTCUSDT,Momentum,-1,bear,-0.005323658308786561,0.0011016117058216812,-0.0051560217448571866
2020-01-25 10:00:00+00:00,BTCUSDT,Momentum,-1,bear,-0.003720269347500693,-0.0011364822813173525,-0.009601895177210773
2020-01-25 11:00:00+00:00,BTCUSDT,Momentum,-1,bear,-0.003080895443087428,-0.0027875913119470574,-0.013822558213056668
2020-01-26 10:00:00+00:00,BTCUSDT,Momentum,1,bear,0.014981481766434657,0.029777130188685996,-0.0017080096538647505
2020-01-26 11:00:00+00:00,BTCUSDT,Momentum,1,range,0.015259768586310729,0.033273676044415224,-0.004690053267120908
2020-01-26 12:00:00+00:00,BTCUSDT,Momentum,1,range,0.024387591548030496,0.03592890813755001,-0.002096916799447901
2020-01-26 13:00:00+00:00,BTCUSDT,Momentum,1,range,0.023961684011353013,0.03926206244087038,-0.0016201513718070437
2020-01-26 14:00:00+00:00,BTCUSDT,Momentum,1,range,0.02348925419843817,0.039393584571368434,-0.00046481756797511764
2020-01-26 15:00:00+00:00,BTCUSDT,Momentum,1,range,0.02439033038520333,0.039405583206177264,-0.0007954396370052352
2020-01-26 16:00:00+00:00,BTCUSDT,Momentum,1,range,0.01654525250030847,0.03656065710640344,-0.0018109231592379205
2020-01-26 17:00:00+00:00,BTCUSDT,Momentum,1,range,0.008622981247697448,0.027722721485633928,-0.0038486291371888637
2020-01-26 18:00:00+00:00,BTCUSDT,Momentum,1,range,0.009841936770044635,0.036603564175443415,-0.003906696294292855
2020-01-26 19:00:00+00:00,BTCUSDT,Momentum,1,range,0.010619915376927525,0.04954209203926663,-0.0018727291407864
2020-01-26 20:00:00+00:00,BTCUSDT,Momentum,1,range,0.004686057490864481,0.049416606267295604,-0.0022140600398926624
2020-01-26 21:00:00+00:00,BTCUSDT,Momentum,1,range,0.0047663234076595895,0.048321379733764935,-0.0059209853114913225
2020-01-26 22:00:00+00:00,BTCUSDT,Momentum,1,range,0.006871137026239094,0.05136793002915452,-0.0013760932944605342
2020-01-26 23:00:00+00:00,BTCUSDT,Momentum,1,range,0.014684347495880434,0.04694694473831218,-0.005366260955196656
2020-01-27 00:00:00+00:00,BTCUSDT,Momentum,1,range,0.009229941982562329,0.05083333717962324,-0.01169579846671509
2020-01-27 01:00:00+00:00,BTCUSDT,Momentum,1,range,0.00928438942926224,0.05983170528328996,-0.010812346540210904
2020-01-27 02:00:00+00:00,BTCUSDT,Momentum,1,range,0.011913057445920971,0.06045509751511813,-0.010230507087858998
2020-01-27 03:00:00+00:00,BTCUSDT,Momentum,1,range,0.013059746696988395,0.05879597419664506,-0.011779040023814247
2020-01-27 04:00:00+00:00,BTCUSDT,Momentum,1,range,0.01687170677818073,0.061544423429520156,-0.00921379118876986
2020-01-27 07:00:00+00:00,BTCUSDT,Momentum,1,range,0.03212107208872461,0.06015249537892786,-0.010512939001848465
2020-01-27 11:00:00+00:00,BTCUSDT,Momentum,1,bull,0.020136970310128843,0.0502445734899275,-0.0035089486201110853
2020-01-27 14:00:00+00:00,BTCUSDT,Momentum,1,bull,0.04263859799785741,0.051525588640365605,-0.000527600832284647
2020-01-27 15:00:00+00:00,BTCUSDT,Momentum,1,bull,0.03920717790321038,0.048692069045633835,-0.003220854004655993
2020-01-27 16:00:00+00:00,BTCUSDT,Momentum,1,bull,0.031441897502986205,0.04747283999772467,-0.0034696547409135414
2020-01-27 17:00:00+00:00,BTCUSDT,Momentum,1,bull,0.03422639585455367,0.05025544044228436,-0.000822382491123097
2020-01-27 18:00:00+00:00,BTCUSDT,Momentum,1,bull,0.015750742641101656,0.03607547934107469,-0.002835538752362976
2020-01-27 19:00:00+00:00,BTCUSDT,Momentum,1,bull,0.012763542585437104,0.03064347148658375,-0.004333985520548533
2020-01-27 20:00:00+00:00,BTCUSDT,Momentum,1,bull,0.0016429365962180587,0.024228031145717477,-0.010531701890990064
2020-01-27 21:00:00+00:00,BTCUSDT,Momentum,1,bull,0.0018616452038668907,0.026447624228587818,-0.008387436235864798
2020-01-27 22:00:00+00:00,BTCUSDT,Momentum,1,bull,0.013235690235690267,0.033424242424242356,-0.0016442199775532629
2020-01-27 23:00:00+00:00,BTCUSDT,Momentum,1,bull,0.019780986603632034,0.05861261598835932,-0.0009659386039999607
2020-01-28 00:00:00+00:00,BTCUSDT,Momentum,1,bull,-0.002193584069577703,0.04115366436511114,-0.01889170569615717
2020-01-28 01:00:00+00:00,BTCUSDT,Momentum,1,bull,-0.0050494166807961705,0.033730234695049655,-0.02588701164450613
2020-01-28 02:00:00+00:00,BTCUSDT,Momentum,1,bull,-0.009614468361958894,0.03505042174197337,-0.024642962369071597
2020-01-28 03:00:00+00:00,BTCUSDT,Momentum,1,bull,-0.01044546952007408,0.03566978244358876,-0.02405932141162348
2020-01-28 04:00:00+00:00,BTCUSDT,Momentum,1,bull,-0.009874389123503025,0.04225373860276238,-0.017855074893375678
2020-01-28 05:00:00+00:00,BTCUSDT,Momentum,1,bull,-0.00827149928093096,0.04220890939730548,-0.017897318710793142
2020-01-28 06:00:00+00:00,BTCUSDT,Momentum,1,bull,-0.002222177911595846,0.04683854758628936,-0.013534680819480727
2020-01-28 07:00:00+00:00,BTCUSDT,Momentum,1,bull,-0.003117791971105399,0.044421628037802474,-0.015812211886070737
2020-01-28 10:00:00+00:00,BTCUSDT,Momentum,1,bull,0.012995227034325652,0.04675158092718923,-0.013616631941098412
2020-01-28 11:00:00+00:00,BTCUSDT,Momentum,1,bull,0.03399916170971595,0.03961196620876062,-0.020344491101691675
2020-01-28 15:00:00+00:00,BTCUSDT,Momentum,-1,bull,-0.036583447961175075,0.0025794033150149387,-0.03554127599061707
2020-01-28 22:00:00+00:00,BTCUSDT,Momentum,1,bull,0.029981684481014792,0.034473633853639996,-0.001853421174926928
2020-01-28 23:00:00+00:00,BTCUSDT,Momentum,1,bull,-0.009097795718258861,0.0065475189861028404,-0.016701812324316
2020-01-29 00:00:00+00:00,BTCUSDT,Momentum,1,bull,-0.007048599419564705,0.01127412467063249,-0.01546009909086532
2020-01-29 01:00:00+00:00,BTCUSDT,Momentum,1,bull,-0.003143136044497341,0.010387407804546722,-0.016323374551171277
2020-01-29 02:00:00+00:00,BTCUSDT,Momentum,1,bull,0.0002430133657351785,0.012789782733204635,-0.013984509236113607
2020-01-29 03:00:00+00:00,BTCUSDT,Momentum,1,bull,-0.007111460605970121,0.010788991766689238,-0.01593240693452891
2020-01-29 04:00:00+00:00,BTCUSDT,Momentum,1,bull,0.0027235825866223085,0.012436445280604058,-0.01432850579657563
2020-01-29 05:00:00+00:00,BTCUSDT,Momentum,1,bull,-0.001591773594493806,0.009993690555369916,-0.016706683420679824
2020-01-29 06:00:00+00:00,BTCUSDT,Momentum,1,bull,0.004013016345361331,0.012675950803352487,-0.014095331884694029
2020-01-29 07:00:00+00:00,BTCUSDT,Momentum,1,bull,0.002928777883405731,0.00939022737772488,-0.017294193337750507
2020-01-29 08:00:00+00:00,BTCUSDT,Momentum,1,bull,3.086748270364481e-05,0.006973922299095214,-0.01964662054284194
2020-01-29 09:00:00+00:00,BTCUSDT,Momentum,1,bull,0.0043996147260274565,0.012470034246575334,-0.014295804794520528
2020-01-29 10:00:00+00:00,BTCUSDT,Momentum,1,bull,-0.00747815156739684,0.004361193446744238,-0.02219027882761615
2020-01-30 12:00:00+00:00,BTCUSDT,Momentum,1,bull,0.011199819268377986,0.022902618050997026,-0.017165241558043
2020-01-30 13:00:00+00:00,BTCUSDT,Momentum,1,bull,0.010239438118548438,0.021496222198573944,-0.01883579865914653
2020-01-30 14:00:00+00:00,BTCUSDT,Momentum,1,bull,0.011043329008483704,0.025887110736813268,-0.014618276800352326
2020-01-30 15:00:00+00:00,BTCUSDT,Momentum,1,bull,0.006671273174050363,0.0219845387441695,-0.01836676245220925
2020-01-30 17:00:00+00:00,BTCUSDT,Momentum,1,bull,-0.012620636888900583,0.013006885998469775,-0.026989948025222255
2020-01-30 18:00:00+00:00,BTCUSDT,Momentum,1,bull,-0.012731317147049004,0.009565578641256733,-0.03029538128217657
2020-01-30 19:00:00+00:00,BTCUSDT,Momentum,1,bull,-0.014152876711177043,0.00878787815095139,-0.031042375606649353
2020-01-30 20:00:00+00:00,BTCUSDT,Momentum,1,bull,-0.02066994751135387,0.00021283410520456236,-0.038073308829589814
2020-01-30 21:00:00+00:00,BTCUSDT,Momentum,1,bull,-0.02185509969725441,0.0008059296377491698,-0.03747781605595568
2020-01-30 22:00:00+00:00,BTCUSDT,Momentum,1,bull,-0.02326123058604801,0.0012972227734664443,-0.03700531631555304
2020-01-30 23:00:00+00:00,BTCUSDT,Momentum,1,bull,-0.01964271279605534,0.0026297362810174807,-0.03208908139794897
2020-01-03 15:00:00+00:00,BTCUSDT,VolatilityExpansion,1,bull,0.0018151970814692664,0.012475379339284665,-0.008224428342771595
2020-01-03 16:00:00+00:00,BTCUSDT,VolatilityExpansion,1,bull,-0.007140728701070076,0.0023499932276853652,-0.017223350941351745
2020-01-03 17:00:00+00:00,BTCUSDT,VolatilityExpansion,1,bull,-0.0016184090630907422,0.002117531858178534,-0.013200233921309867
2020-01-07 00:00:00+00:00,BTCUSDT,VolatilityExpansion,1,bull,-0.002171042125568068,0.07328059293657208,-0.01992593362415751
2020-01-07 01:00:00+00:00,BTCUSDT,VolatilityExpansion,1,bull,-0.006934697005333779,0.0708593510924298,-0.022136908420017143
2020-01-07 02:00:00+00:00,BTCUSDT,VolatilityExpansion,1,bull,-0.0071687083286390285,0.07200482049113832,-0.021090914614772083
2020-01-07 21:00:00+00:00,BTCUSDT,VolatilityExpansion,1,bull,0.03465943301789998,0.055679731530572374,-0.018906051906250165
2020-01-07 22:00:00+00:00,BTCUSDT,VolatilityExpansion,1,bull,0.034122269603918065,0.05130506570330784,-0.02297163926183865
2020-01-07 23:00:00+00:00,BTCUSDT,VolatilityExpansion,1,bull,0.022421370648722183,0.03875257743339766,-0.03463727033090502
2020-01-08 00:00:00+00:00,BTCUSDT,VolatilityExpansion,1,bull,-0.01763842125285764,0.002174729758717575,-0.06728270183210616
2020-01-08 01:00:00+00:00,BTCUSDT,VolatilityExpansion,1,bull,0.001511340425252472,0.006317546232572191,-0.06047271767898221
2020-01-08 02:00:00+00:00,BTCUSDT,VolatilityExpansion,1,bull,0.003980922482492044,0.01762496981405448,-0.04973315624245356
2020-01-08 03:00:00+00:00,BTCUSDT,VolatilityExpansion,1,bull,0.00045407353341464507,0.015097643876270217,-0.05209319467830653
2020-01-08 04:00:00+00:00,BTCUSDT,VolatilityExpansion,1,bull,-0.027375598676502633,0.009630335977612647,-0.057198613250786456
2020-01-08 05:00:00+00:00,BTCUSDT,VolatilityExpansion,1,bull,-0.030884035274113097,0.010637634514333305,-0.05625798931799708
2020-01-08 06:00:00+00:00,BTCUSDT,VolatilityExpansion,1,bull,-0.03420163030448342,0.010305682090625767,-0.056567969311915656
2020-01-08 07:00:00+00:00,BTCUSDT,VolatilityExpansion,1,bull,-0.0405253527387317,0.015238265030169451,-0.05196188144991187
2020-01-08 08:00:00+00:00,BTCUSDT,VolatilityExpansion,1,bull,-0.03212359353319849,0.013349861848227729,-0.053725288387315606
2020-01-08 09:00:00+00:00,BTCUSDT,VolatilityExpansion,1,bull,-0.03384659871322193,0.015442540784115222,-0.052748258994192554
2020-01-14 09:00:00+00:00,BTCUSDT,VolatilityExpansion,1,bull,0.0280492907751404,0.048263492197821334,-0.0037471144397898115
2020-01-14 10:00:00+00:00,BTCUSDT,VolatilityExpansion,1,bull,0.026090128896333997,0.04619762853268394,-0.005295213427366163
2020-01-14 11:00:00+00:00,BTCUSDT,VolatilityExpansion,1,bull,0.034554713583674124,0.04551571819784672,-0.005943560790786506
2020-01-14 12:00:00+00:00,BTCUSDT,VolatilityExpansion,1,bull,0.03273180174861268,0.048897179026996085,-1.176091471699614e-05
2020-01-14 13:00:00+00:00,BTCUSDT,VolatilityExpansion,1,bull,0.02273306541997333,0.03827483348521299,-0.008417972773392068
2020-01-14 14:00:00+00:00,BTCUSDT,VolatilityExpansion,1,bull,0.014202220117167874,0.025585608784821634,-0.02053654364360402
2020-01-14 15:00:00+00:00,BTCUSDT,VolatilityExpansion,1,bull,0.005112825236011975,0.02707805664287366,-0.019111213446926123
2020-01-14 16:00:00+00:00,BTCUSDT,VolatilityExpansion,1,bull,-0.009082503629892491,0.027216422198246937,-0.013162030805438873
2020-01-14 17:00:00+00:00,BTCUSDT,VolatilityExpansion,1,bull,-0.019648302997694156,0.014800212487871223,-0.02509017653101031
2020-01-14 18:00:00+00:00,BTCUSDT,VolatilityExpansion,1,bull,-0.010758542141229954,0.01608200455580877,-0.023858769931662804
2020-01-14 19:00:00+00:00,BTCUSDT,VolatilityExpansion,1,bull,-0.016524584635087436,0.0164733120495133,-0.023482844192866947
2020-01-14 20:00:00+00:00,BTCUSDT,VolatilityExpansion,1,bull,-0.006631034482758702,0.02542528735632188,-0.014882758620689551
2020-01-14 21:00:00+00:00,BTCUSDT,VolatilityExpansion,1,bull,0.0015400410677617327,0.01997137147116801,-0.020122288635937458
2020-01-14 22:00:00+00:00,BTCUSDT,VolatilityExpansion,1,bull,0.006238646224058453,0.019904905517149185,-0.020186141905479404
2020-01-14 23:00:00+00:00,BTCUSDT,VolatilityExpansion,1,bull,-0.009851558073654454,0.010900849858356931,-0.028836260623229415
2020-01-15 00:00:00+00:00,BTCUSDT,VolatilityExpansion,1,bull,-0.0010659317507586419,0.01596050586205533,-0.023975492680260224
2020-01-15 01:00:00+00:00,BTCUSDT,VolatilityExpansion,1,bull,0.012071472951843853,0.015196309370185013,-0.024709649667829625
2020-01-15 02:00:00+00:00,BTCUSDT,VolatilityExpansion,1,bull,0.004286922279980621,0.011223983187828912,-0.028525829216814902
2020-01-15 03:00:00+00:00,BTCUSDT,VolatilityExpansion,1,bull,0.004325111879052601,0.021853498289313045,-0.018314145612863486
2020-01-15 04:00:00+00:00,BTCUSDT,VolatilityExpansion,-1,bull,-0.020655476734119826,-0.00718340218104907,-0.023710339939227998
2020-01-15 05:00:00+00:00,BTCUSDT,VolatilityExpansion,-1,bull,-0.02128131106150133,-0.005733109315461338,-0.02223624912396316
2020-01-15 06:00:00+00:00,BTCUSDT,VolatilityExpansion,1,bull,0.007766932165415019,0.027132452328813228,-0.010280304966645781
2020-01-19 12:00:00+00:00,BTCUSDT,VolatilityExpansion,-1,bull,-0.0026614232426336315,8.674782407536163e-05,-0.002440505450654884
2020-01-19 13:00:00+00:00,BTCUSDT,VolatilityExpansion,-1,bull,-0.0014801510471575963,-0.0004617515776512704,-0.002990391169550799
2020-01-19 22:00:00+00:00,BTCUSDT,VolatilityExpansion,-1,range,-0.0012486703972620639,0.00048559404337977785,-0.0025863663691438887
2020-01-19 23:00:00+00:00,BTCUSDT,VolatilityExpansion,-1,range,0.00954645439560764,0.00698955300171733,0.003937582200474465
2020-01-20 00:00:00+00:00,BTCUSDT,VolatilityExpansion,-1,range,0.009031280136951647,0.0027408764344611924,-0.0003241524739407975
2020-01-28 00:00:00+00:00,BTCUSDT,VolatilityExpansion,1,bull,-0.002193584069577703,0.04115366436511114,-0.01889170569615717
2020-01-28 01:00:00+00:00,BTCUSDT,VolatilityExpansion,1,bull,-0.0050494166807961705,0.033730234695049655,-0.02588701164450613
2020-01-28 02:00:00+00:00,BTCUSDT,VolatilityExpansion,1,bull,-0.009614468361958894,0.03505042174197337,-0.024642962369071597
2020-01-28 05:00:00+00:00,BTCUSDT,VolatilityExpansion,1,bull,-0.00827149928093096,0.04220890939730548,-0.017897318710793142
2020-01-28 06:00:00+00:00,BTCUSDT,VolatilityExpansion,1,bull,-0.002222177911595846,0.04683854758628936,-0.013534680819480727
2020-01-28 07:00:00+00:00,BTCUSDT,VolatilityExpansion,1,bull,-0.003117791971105399,0.044421628037802474,-0.015812211886070737
2020-01-28 23:00:00+00:00,BTCUSDT,VolatilityExpansion,1,bull,-0.009097795718258861,0.0065475189861028404,-0.016701812324316
2020-01-29 00:00:00+00:00,BTCUSDT,VolatilityExpansion,1,bull,-0.007048599419564705,0.01127412467063249,-0.01546009909086532
2020-01-01 02:00:00+00:00,BTCUSDT,TrendFollowing,1,range,-0.0029276083553583243,0.0031003082347447197,-0.011465890392222122
2020-01-01 04:00:00+00:00,BTCUSDT,TrendFollowing,-1,range,-0.003888348262927277,0.007563218582007369,-0.0015442495418542812
2020-01-01 16:00:00+00:00,BTCUSDT,TrendFollowing,1,range,-0.014160628894863359,0.0008409383712308927,-0.02926161744622613
2020-01-02 01:00:00+00:00,BTCUSDT,TrendFollowing,-1,range,0.008553666642091118,0.0340421743479028,0.004692066609818357
2020-01-03 14:00:00+00:00,BTCUSDT,TrendFollowing,1,bull,0.009848745984254226,0.021313441890606244,-0.00037227515270177314
2020-01-23 11:00:00+00:00,BTCUSDT,TrendFollowing,-1,bear,0.0028705887374743666,0.013071197952052471,0.0038333801686307734
2020-01-27 11:00:00+00:00,BTCUSDT,TrendFollowing,1,bull,0.020136970310128843,0.0502445734899275,-0.0035089486201110853
2020-01-02 02:00:00+00:00,BTCUSDT,RangeTrading,1,range,-0.0049619343171619645,0.0011776919470429803,-0.04229644348194961
2020-01-02 03:00:00+00:00,BTCUSDT,RangeTrading,1,bear,-0.00014591801371910407,0.006693988879363788,-0.037019680692100376
2020-01-02 04:00:00+00:00,BTCUSDT,RangeTrading,1,bear,-0.01257115483740845,0.022500616301741383,-0.03864772192465438
2020-01-02 16:00:00+00:00,BTCUSDT,RangeTrading,1,bear,0.02195298747022889,0.050736140013419195,-0.026408553097263532
2020-01-02 17:00:00+00:00,BTCUSDT,RangeTrading,1,bear,0.035701880043520484,0.06321642748670131,-0.014844564122143966
2020-01-02 18:00:00+00:00,BTCUSDT,RangeTrading,1,bear,0.032590371385323946,0.06276031765389489,-0.015267186524817733
2020-01-02 20:00:00+00:00,BTCUSDT,RangeTrading,1,bear,0.04507591847313508,0.06657067365495783,-0.011736585576570091
2020-01-03 09:00:00+00:00,BTCUSDT,RangeTrading,-1,bear,0.009241472264010842,0.004971988318822507,0.0012457199648747697
2020-01-05 01:00:00+00:00,BTCUSDT,RangeTrading,-1,bull,0.0040009010071972995,0.013087397698141046,0.0015848073024488096
2020-01-05 02:00:00+00:00,BTCUSDT,RangeTrading,-1,bull,0.0018110173806615837,0.011099870622423014,-0.0004258846510902803
2020-01-05 03:00:00+00:00,BTCUSDT,RangeTrading,-1,bull,0.0015464572617270855,0.01530939178478019,-0.0013176993103818369
2020-01-05 21:00:00+00:00,BTCUSDT,RangeTrading,1,bull,0.024544807849994354,0.03335405885323617,-0.008568961678604214
2020-01-05 22:00:00+00:00,BTCUSDT,RangeTrading,1,bull,0.02758133917934602,0.05591473597745744,-0.0068215569904639395
2020-01-05 23:00:00+00:00,BTCUSDT,RangeTrading,1,bull,0.02524216927101741,0.061771520567391214,-0.001272714417026033
2020-01-06 02:00:00+00:00,BTCUSDT,RangeTrading,-1,bull,0.00046101080593441424,0.003252245771749318,-0.04587852365263623
2020-01-06 03:00:00+00:00,BTCUSDT,RangeTrading,-1,bull,0.0030151287034150265,0.0019327067843711854,-0.04726310413668222
2020-01-06 21:00:00+00:00,BTCUSDT,RangeTrading,-1,bull,-0.037603215777905374,-0.02497112268403945,-0.06334528029147934
2020-01-06 22:00:00+00:00,BTCUSDT,RangeTrading,-1,bull,-0.02362127107652401,-0.012795071335927277,-0.04474708171206232
2020-01-06 23:00:00+00:00,BTCUSDT,RangeTrading,-1,bull,-0.01836571321024194,-0.012340490809408688,-0.03836470771741518
2020-01-07 00:00:00+00:00,BTCUSDT,RangeTrading,-1,bull,0.002171042125568068,0.004702023517721976,-0.03216640347163957
2020-01-07 01:00:00+00:00,BTCUSDT,RangeTrading,-1,bull,0.006934697005333779,0.006947342331747652,-0.05484657425462136
2020-01-07 02:00:00+00:00,BTCUSDT,RangeTrading,-1,bull,0.0071687083286390285,0.00588510065686787,-0.055974915217333665
2020-01-07 18:00:00+00:00,BTCUSDT,RangeTrading,-1,bull,-0.03716615670384571,-0.0037212159038775283,-0.03714004727050746
2020-01-07 19:00:00+00:00,BTCUSDT,RangeTrading,-1,bull,-0.027700920186537914,0.0005830860479022482,-0.03269243387049059
2020-01-07 20:00:00+00:00,BTCUSDT,RangeTrading,-1,bull,-0.018485205100667645,0.012367147155458169,-0.021528314386865643
2020-01-08 00:00:00+00:00,BTCUSDT,RangeTrading,-1,bull,0.01763842125285764,0.04599049755683626,0.011382073352982802
2020-01-08 01:00:00+00:00,BTCUSDT,RangeTrading,-1,bull,-0.001511340425252472,0.04023555899898168,0.005763626835007307
2020-01-08 18:00:00+00:00,BTCUSDT,RangeTrading,1,bull,-0.017844797305096693,0.008975149844415053,-0.03483936951775479
2020-01-08 19:00:00+00:00,BTCUSDT,RangeTrading,1,bull,-0.0014174424517109374,0.020583674929849805,-0.023734942027984762
2020-01-10 14:00:00+00:00,BTCUSDT,RangeTrading,-1,range,-0.029607560636439878,-0.0007473363602963357,-0.024858965340395445
2020-01-10 15:00:00+00:00,BTCUSDT,RangeTrading,-1,range,-0.012293781332592957,0.010627668384019295,-0.013209895520833737
2020-01-12 23:00:00+00:00,BTCUSDT,RangeTrading,-1,bull,0.013033334554826692,0.011372103533780376,0.004850550282775701
2020-01-13 06:00:00+00:00,BTCUSDT,RangeTrading,1,bull,0.005667820326746176,0.06661084440474863,-0.0007815116668528077
2020-01-13 20:00:00+00:00,BTCUSDT,RangeTrading,-1,bull,-0.04415406114393594,0.0023057687121528225,-0.0664639976464243
2020-01-14 00:00:00+00:00,BTCUSDT,RangeTrading,-1,bull,-0.027229729321582408,-0.01970074963605506,-0.0549269995831998
2020-01-14 01:00:00+00:00,BTCUSDT,RangeTrading,-1,bull,-0.017996713437585576,1.184773761542246e-06,-0.034544448564824304
2020-01-14 02:00:00+00:00,BTCUSDT,RangeTrading,-1,bull,-0.030810651953395274,-0.00519040982907204,-0.039859503427092546
2020-01-14 03:00:00+00:00,BTCUSDT,RangeTrading,-1,bull,-0.0255211432565432,-0.006223258054461445,-0.03602901589640406
2020-01-14 04:00:00+00:00,BTCUSDT,RangeTrading,-1,bull,-0.01814884373072978,0.0008757306547934052,-0.028719745088522597
2020-01-15 13:00:00+00:00,BTCUSDT,RangeTrading,-1,bull,0.02486468010083487,0.025407758715680795,0.009415611430061976
2020-01-17 03:00:00+00:00,BTCUSDT,RangeTrading,-1,bull,-0.007782712138641568,-0.003473774877086777,-0.016184400213455907
2020-01-17 04:00:00+00:00,BTCUSDT,RangeTrading,-1,bull,-0.007355709691028611,-0.004897001918880761,-0.012850377198434293
2020-01-17 05:00:00+00:00,BTCUSDT,RangeTrading,-1,bull,6.518641065644815e-05,0.004129221943993566,-0.0037527142272715253
2020-01-17 06:00:00+00:00,BTCUSDT,RangeTrading,-1,bull,-0.005228603603603554,0.002159909909909996,-0.005737612612612741
2020-01-17 07:00:00+00:00,BTCUSDT,RangeTrading,-1,bull,0.006786293252836972,0.009355469841802244,0.0015148974229972634
2020-01-17 08:00:00+00:00,BTCUSDT,RangeTrading,-1,bull,0.0059482582099055215,0.008531879016277166,0.0006847881912079856
2020-01-17 09:00:00+00:00,BTCUSDT,RangeTrading,-1,bull,0.005244568245125314,0.012722005571030648,0.007130919220055709
2020-01-18 22:00:00+00:00,BTCUSDT,RangeTrading,-1,bull,-0.009851859375226812,0.034071339203301965,-0.021235014894422033
2020-01-19 00:00:00+00:00,BTCUSDT,RangeTrading,-1,bull,0.03742097961892088,0.036451247291763744,-0.01871883997301227
2020-01-19 01:00:00+00:00,BTCUSDT,RangeTrading,-1,bull,0.056063699513776655,0.05459443339308723,0.0004631738551467146
2020-01-19 02:00:00+00:00,BTCUSDT,RangeTrading,-1,bull,0.05885216184153519,0.055477643818094946,0.0013969544210880036
2020-01-19 03:00:00+00:00,BTCUSDT,RangeTrading,-1,bull,0.05741076552779112,0.05572394650186918,0.0039180899884126985
2020-01-19 11:00:00+00:00,BTCUSDT,RangeTrading,1,bull,0.00011602740544347512,0.006443541753782922,-0.03031991397888989
2020-01-19 12:00:00+00:00,BTCUSDT,RangeTrading,1,bull,0.0026614232426336315,0.013322152502674767,-0.02369256571147671
2020-01-19 13:00:00+00:00,BTCUSDT,RangeTrading,1,bull,0.0014801510471575963,0.01387800731627431,-0.023157015210027554
2020-01-20 12:00:00+00:00,BTCUSDT,RangeTrading,1,range,0.007141634858162549,0.018613649777020624,-0.007497843540574589
2020-01-21 19:00:00+00:00,BTCUSDT,RangeTrading,1,range,0.024423329908826785,0.033209121760532145,-0.00029403116730375434
2020-01-21 20:00:00+00:00,BTCUSDT,RangeTrading,-1,range,0.0049700091582964845,0.006356935145735987,-0.00107056931592453
2020-01-21 21:00:00+00:00,BTCUSDT,RangeTrading,-1,range,0.005960146669047317,0.007915962847503621,0.0005001121532975938
2020-01-23 01:00:00+00:00,BTCUSDT,RangeTrading,1,range,-0.027688966500256873,0.0027600607352875617,-0.032002288036869
2020-01-23 03:00:00+00:00,BTCUSDT,RangeTrading,1,range,-0.027126334136809427,0.0028918167516074345,-0.03682851305736068
2020-01-23 04:00:00+00:00,BTCUSDT,RangeTrading,1,range,-0.02650008671189652,0.0038793389410907153,-0.03588010247134732
2020-01-23 05:00:00+00:00,BTCUSDT,RangeTrading,1,range,-0.026116422776379156,0.007127543799831049,-0.03276054535518613
2020-01-23 06:00:00+00:00,BTCUSDT,RangeTrading,1,range,-0.021829252721481507,0.010342391858221722,-0.029673023916707897
2020-01-23 08:00:00+00:00,BTCUSDT,RangeTrading,1,range,-0.015885579670403938,0.0008948629931873064,-0.027229905804513677
2020-01-23 09:00:00+00:00,BTCUSDT,RangeTrading,1,range,-0.005563201687066699,0.006843649299363097,-0.021083599501548478
2020-01-23 10:00:00+00:00,BTCUSDT,RangeTrading,1,range,-0.005353412771071264,0.006337513395360039,-0.024533912438700733
2020-01-23 13:00:00+00:00,BTCUSDT,RangeTrading,1,bear,0.000239145771304905,0.013978070332771209,-0.013882412024249446
2020-01-24 09:00:00+00:00,BTCUSDT,RangeTrading,1,bear,0.029373755592655204,0.03094652931995978,-0.003023448956178787
2020-01-24 10:00:00+00:00,BTCUSDT,RangeTrading,1,bear,0.025850290697674527,0.032945736434108586,-0.000966569767441805
2020-01-25 21:00:00+00:00,BTCUSDT,RangeTrading,-1,bear,-0.0030896179783843625,0.00605774750889132,-0.020488669415640315
2020-01-26 08:00:00+00:00,BTCUSDT,RangeTrading,-1,bear,-0.017503544886456668,-0.003375064425490848,-0.02713352286897086
2020-01-26 09:00:00+00:00,BTCUSDT,RangeTrading,-1,bear,-0.021149872948775794,-0.005723242062267042,-0.02698473010520308
2020-01-26 10:00:00+00:00,BTCUSDT,RangeTrading,-1,bear,-0.014981481766434657,-0.0033331636765647765,-0.023747607543650018
2020-01-26 11:00:00+00:00,BTCUSDT,RangeTrading,-1,range,-0.015259768586310729,0.000611899860642473,-0.019722275277123336
2020-01-26 17:00:00+00:00,BTCUSDT,RangeTrading,-1,range,-0.008622981247697448,-0.0009233911774171322,-0.02132660532488906
2020-01-26 18:00:00+00:00,BTCUSDT,RangeTrading,-1,range,-0.009841936770044635,-0.0008650458520935711,-0.02126707066561906
2020-01-27 11:00:00+00:00,BTCUSDT,RangeTrading,-1,bull,-0.020136970310128843,-0.002556748603173009,-0.042842133935172555
2020-01-27 12:00:00+00:00,BTCUSDT,RangeTrading,-1,bull,-0.037743744533433876,-0.0015606510144230423,-0.0418060105072402
2020-01-27 18:00:00+00:00,BTCUSDT,RangeTrading,-1,bull,-0.015750742641101656,-0.00786974525159767,-0.02529480601314238
2020-01-27 19:00:00+00:00,BTCUSDT,RangeTrading,-1,bull,-0.012763542585437104,-0.0025856163616906347,-0.019919319814999614
2020-01-27 20:00:00+00:00,BTCUSDT,RangeTrading,-1,bull,-0.0016429365962180587,0.0036551724137932062,-0.013570634037819884
2020-01-28 00:00:00+00:00,BTCUSDT,RangeTrading,-1,bull,0.002193584069577703,0.00777174386077395,-0.029146793852676378
2020-01-28 01:00:00+00:00,BTCUSDT,RangeTrading,-1,bull,0.0050494166807961705,0.014846335180191739,-0.021808973215994953
2020-01-28 22:00:00+00:00,BTCUSDT,RangeTrading,-1,bull,-0.029981684481014792,-0.019764358546786598,-0.023372789152838802
2020-01-28 23:00:00+00:00,BTCUSDT,RangeTrading,-1,bull,0.009097795718258861,0.007764672336785461,0.004253653055969808
2020-01-29 00:00:00+00:00,BTCUSDT,RangeTrading,-1,bull,0.007048599419564705,0.0031052746912094698,-0.00042223184269474245
2020-01-29 01:00:00+00:00,BTCUSDT,RangeTrading,-1,bull,0.003143136044497341,0.006461424760179635,0.00045496974344405583
2020-01-30 17:00:00+00:00,BTCUSDT,RangeTrading,-1,bull,0.012620636888900583,0.01823391288288534,-0.0070210801255838895
2020-01-30 18:00:00+00:00,BTCUSDT,RangeTrading,-1,bull,0.012731317147049004,0.02156909145408359,-0.0036001072775175835
2020-01-30 19:00:00+00:00,BTCUSDT,RangeTrading,-1,bull,0.014152876711177043,0.02232280791728758,-0.002827002179629279
2020-01-30 20:00:00+00:00,BTCUSDT,RangeTrading,-1,bull,0.02066994751135387,0.02941701191349344,0.004449693424991019
2020-01-30 21:00:00+00:00,BTCUSDT,RangeTrading,-1,bull,0.02185509969725441,0.028816160350767395,0.0038333855308486653
2020-01-04 12:00:00+00:00,BTCUSDT,Trend_Pullback,1,bull,0.008442022145430883,0.025327434451549058,-0.0055609820160713586
2020-01-04 13:00:00+00:00,BTCUSDT,Trend_Pullback,1,bull,0.02169047038485039,0.026715141685319743,-0.0042150800413151
2020-01-04 14:00:00+00:00,BTCUSDT,Trend_Pullback,1,bull,0.0178272546274012,0.0248927930687437,-0.005982529645998325
2020-01-04 16:00:00+00:00,BTCUSDT,Trend_Pullback,1,bull,0.020845655078749692,0.02612757661387488,-0.004784944470000663
2020-01-04 18:00:00+00:00,BTCUSDT,Trend_Pullback,1,bull,0.020877884228367005,0.026096670764664376,-0.0032008192344866737
2020-01-06 00:00:00+00:00,BTCUSDT,Trend_Pullback,1,bull,0.024335536120878798,0.08691630989464327,-0.0012191500124084653
2020-01-07 15:00:00+00:00,BTCUSDT,Trend_Pullback,1,bull,0.06867067141538752,0.09001159720997642,-0.004647894031620026
2020-01-08 16:00:00+00:00,BTCUSDT,Trend_Pullback,1,bull,-0.01823610122354069,0.001282168132764161,-0.03806598300788522
2020-01-08 17:00:00+00:00,BTCUSDT,Trend_Pullback,1,bull,-0.017031049122029907,0.0058514844011972045,-0.037827390490378865
2020-01-08 18:00:00+00:00,BTCUSDT,Trend_Pullback,1,bull,-0.017844797305096693,0.008975149844415053,-0.03483936951775479
2020-01-08 20:00:00+00:00,BTCUSDT,Trend_Pullback,1,bull,-0.014009095912057123,0.009842517239623039,-0.03400966735695554
2020-01-08 22:00:00+00:00,BTCUSDT,Trend_Pullback,1,bull,-0.022342744735874498,0.006339605263320891,-0.040577930349761426
2020-01-08 23:00:00+00:00,BTCUSDT,Trend_Pullback,1,bull,-0.022123267955691528,1.9851510699941954e-05,-0.03844120975106202
2020-01-11 08:00:00+00:00,BTCUSDT,Trend_Pullback,1,bull,0.01331147028193147,0.029291689268278853,-0.012404095722430286
2020-01-11 10:00:00+00:00,BTCUSDT,Trend_Pullback,1,bull,0.003092621021135722,0.029077090900967884,-0.012610000881124073
2020-01-11 11:00:00+00:00,BTCUSDT,Trend_Pullback,1,bull,-0.003633626135275292,0.030110027441641485,-0.01161890777546315
2020-01-11 14:00:00+00:00,BTCUSDT,Trend_Pullback,1,bull,0.004822746086017737,0.02910774233182134,-0.012580591115275541
2020-01-11 21:00:00+00:00,BTCUSDT,Trend_Pullback,1,bull,0.004027170138996006,0.010801203340639276,-0.01864339254239633
2020-01-11 22:00:00+00:00,BTCUSDT,Trend_Pullback,1,bull,0.005217244992768544,0.013880073885195854,-0.01565420936530748
2020-01-12 00:00:00+00:00,BTCUSDT,Trend_Pullback,1,bull,0.008982693245118911,0.017095893537347973,-0.002997952164243589
2020-01-12 01:00:00+00:00,BTCUSDT,Trend_Pullback,1,bull,0.012332040118187226,0.01671756453986717,-0.001259737860454302
2020-01-12 04:00:00+00:00,BTCUSDT,Trend_Pullback,1,bull,0.004146874670993395,0.015662255141790205,-0.00042360547714448415
2020-01-12 06:00:00+00:00,BTCUSDT,Trend_Pullback,1,bull,0.00404283176256337,0.013798790612223222,-0.004278972700376804
2020-01-12 16:00:00+00:00,BTCUSDT,Trend_Pullback,1,bull,0.0016837238791518327,0.011467824838442775,-0.006568373374713055
2020-01-12 17:00:00+00:00,BTCUSDT,Trend_Pullback,1,bull,-0.00045668525499076296,0.01211326781751354,-0.005934439745934883
2020-01-12 21:00:00+00:00,BTCUSDT,Trend_Pullback,1,bull,0.0012081080213930395,0.011898444884853365,-0.006145432018934915
2020-01-13 02:00:00+00:00,BTCUSDT,Trend_Pullback,1,bull,-0.003589483331198129,0.045187579451501314,-0.007930368457877202
2020-01-13 03:00:00+00:00,BTCUSDT,Trend_Pullback,1,bull,-0.002758925190824657,0.046467601437058415,-0.006715399045167714
2020-01-13 04:00:00+00:00,BTCUSDT,Trend_Pullback,1,bull,-0.0016119339759724793,0.05881157735559084,-0.00823822635542848
2020-01-13 09:00:00+00:00,BTCUSDT,Trend_Pullback,1,bull,0.0027251314805067928,0.059765547485200354,-0.007194297807199712
2020-01-13 23:00:00+00:00,BTCUSDT,Trend_Pullback,1,bull,0.05142857142857138,0.09614199433008741,-0.0004905706890175887
2020-01-15 04:00:00+00:00,BTCUSDT,Trend_Pullback,1,bull,0.020655476734119826,0.036631632765702804,-0.0041169191082913725
2020-01-15 05:00:00+00:00,BTCUSDT,Trend_Pullback,1,bull,0.02128131106150133,0.03513893594605011,-0.002565453288096653
2020-01-15 07:00:00+00:00,BTCUSDT,Trend_Pullback,1,bull,0.015629797059406147,0.033552335085424545,-0.004094263050029023
2020-01-15 08:00:00+00:00,BTCUSDT,Trend_Pullback,1,bull,0.020576674523362426,0.03227030735995373,-0.005329593592453774
2020-01-16 00:00:00+00:00,BTCUSDT,Trend_Pullback,1,bull,-0.004562834798003346,0.0031129940409377888,-0.01941828419160252
2020-01-16 01:00:00+00:00,BTCUSDT,Trend_Pullback,1,bull,0.0033899868551530155,0.013971588681594982,-0.008803588312616739
2020-01-16 02:00:00+00:00,BTCUSDT,Trend_Pullback,1,bull,0.004033729929536767,0.01579877555735254,-0.0070174425320549405
2020-01-16 04:00:00+00:00,BTCUSDT,Trend_Pullback,1,bull,0.0008857549357452754,0.021273131253406685,-0.00603167930821058
2020-01-16 05:00:00+00:00,BTCUSDT,Trend_Pullback,1,bull,-0.002940413288234023,0.022427970781867534,-0.011781171710491645
2020-01-16 06:00:00+00:00,BTCUSDT,Trend_Pullback,1,bull,-0.004638763057619788,0.033382138299066666,-0.013927745737585262
2020-01-16 07:00:00+00:00,BTCUSDT,Trend_Pullback,1,bull,0.002412345315262243,0.03813715380082505,-0.00939042243665289
2020-01-16 08:00:00+00:00,BTCUSDT,Trend_Pullback,1,bull,0.007259333799250811,0.03852800744240015,-0.009017462698768353
2020-01-16 10:00:00+00:00,BTCUSDT,Trend_Pullback,1,bull,0.007125934593729344,0.04309834482137842,-0.003638554133446048
2020-01-16 13:00:00+00:00,BTCUSDT,Trend_Pullback,1,bull,0.004981613422201825,0.03872672948747424,-0.007814295564238072
2020-01-16 14:00:00+00:00,BTCUSDT,Trend_Pullback,1,bull,0.007962567533985387,0.03993133853049735,-0.006663660042890429
2020-01-16 17:00:00+00:00,BTCUSDT,Trend_Pullback,1,bull,0.0245864544768859,0.040873785848768884,-0.0023088305571707934
2020-01-16 18:00:00+00:00,BTCUSDT,Trend_Pullback,1,bull,0.022084153897328873,0.04038498503130139,-0.0014836334170873489
2020-01-16 21:00:00+00:00,BTCUSDT,Trend_Pullback,1,bull,0.03205523306624469,0.03941473556387587,-0.00186747375877383
2020-01-17 00:00:00+00:00,BTCUSDT,Trend_Pullback,1,bull,0.014491086831512456,0.03956296722254171,-0.001495112133410026
2020-01-17 12:00:00+00:00,BTCUSDT,Trend_Pullback,1,bull,0.018349393492801402,0.019725654687677174,-0.004081169935381435
2020-01-17 14:00:00+00:00,BTCUSDT,Trend_Pullback,1,bull,0.015363614646964452,0.023217190503816543,-0.0006711485740936718
2020-01-18 04:00:00+00:00,BTCUSDT,Trend_Pullback,1,bull,0.004150277551223214,0.039862546060851045,-0.0041141292437548715
2020-01-18 05:00:00+00:00,BTCUSDT,Trend_Pullback,1,bull,0.006459408489831064,0.03952435264756704,-0.00443802016871242
2020-01-18 06:00:00+00:00,BTCUSDT,Trend_Pullback,1,bull,0.0025732642019837826,0.03756762849413886,-0.0045085662759242195
2020-01-18 07:00:00+00:00,BTCUSDT,Trend_Pullback,1,bull,0.0069277516717873855,0.03981791071751317,-0.002349539128863154
2020-01-18 08:00:00+00:00,BTCUSDT,Trend_Pullback,1,bull,0.0050648014904568495,0.03814333467161668,-0.001362342507341796
2020-01-18 16:00:00+00:00,BTCUSDT,Trend_Pullback,1,bull,0.03024020267381844,0.03556466527770907,-0.04321668189120231
2020-01-18 18:00:00+00:00,BTCUSDT,Trend_Pullback,1,bull,0.021159482530863638,0.034904545674284915,-0.043826582407983095
2020-01-24 11:00:00+00:00,BTCUSDT,Trend_Pullback,-1,bear,-0.003017860028325048,0.010364091742944836,-0.007777524309219075
2020-01-24 12:00:00+00:00,BTCUSDT,Trend_Pullback,-1,bear,0.015400758431690087,0.013549682960394271,-0.004533536087089507
2020-01-25 16:00:00+00:00,BTCUSDT,Trend_Pullback,-1,bear,-0.002012267529830858,0.0010486295991266603,-0.011999387102334724
2020-01-25 19:00:00+00:00,BTCUSDT,Trend_Pullback,-1,bear,-0.0025007620630090877,0.002444578594098412,-0.02351337943565479
2020-01-25 20:00:00+00:00,BTCUSDT,Trend_Pullback,-1,bear,-0.00578585642380558,0.003241704032660664,-0.022695511541851898
2020-01-25 22:00:00+00:00,BTCUSDT,Trend_Pullback,-1,bear,-0.010127060533996257,0.0022394314498435097,-0.02440896585614305
2020-01-26 03:00:00+00:00,BTCUSDT,Trend_Pullback,-1,bear,-0.010661197303224679,-0.0006295183169524599,-0.033157816777917404
2020-01-26 04:00:00+00:00,BTCUSDT,Trend_Pullback,-1,bear,-0.01593439873270297,-0.0025971946952239033,-0.033270135725524064
2020-01-26 05:00:00+00:00,BTCUSDT,Trend_Pullback,-1,bear,-0.023400660544854235,-0.0013542601324907366,-0.031989175464385955
2020-01-28 16:00:00+00:00,BTCUSDT,Trend_Pullback,1,bull,0.04087504567044187,0.05264799451063551,-0.008060276072252903
2020-01-28 17:00:00+00:00,BTCUSDT,Trend_Pullback,1,bull,0.04166129168575705,0.05090143990178242,-0.001962794752832564
2020-01-29 23:00:00+00:00,BTCUSDT,Trend_Pullback,1,bull,0.004210074105896355,0.03093115669638058,-0.010802276876812344
2020-01-30 00:00:00+00:00,BTCUSDT,Trend_Pullback,1,bull,0.01068403684269481,0.03383134730874282,-0.006664598788567955
2020-01-30 01:00:00+00:00,BTCUSDT,Trend_Pullback,1,bull,0.010191137580357168,0.03190643073681487,-0.008514114940551765
2020-01-30 02:00:00+00:00,BTCUSDT,Trend_Pullback,1,bull,0.010371752550824898,0.03652735799445628,-0.004074192855206826
2020-01-30 03:00:00+00:00,BTCUSDT,Trend_Pullback,1,bull,0.011313128267854244,0.03354638091874618,-0.006938402832212143
2020-01-03 16:00:00+00:00,BTCUSDT,Breakout_VolExp,1,bull,-0.007140728701070076,0.0023499932276853652,-0.017223350941351745
2020-01-07 00:00:00+00:00,BTCUSDT,Breakout_VolExp,1,bull,-0.002171042125568068,0.07328059293657208,-0.01992593362415751
2020-01-07 18:00:00+00:00,BTCUSDT,Breakout_VolExp,1,bull,0.03716615670384571,0.052884035573481425,-0.011322790924360948
2020-01-07 20:00:00+00:00,BTCUSDT,Breakout_VolExp,1,bull,0.018485205100667645,0.03703531353822376,-0.03623320626158011
2020-01-08 00:00:00+00:00,BTCUSDT,Breakout_VolExp,1,bull,-0.01763842125285764,0.002174729758717575,-0.06728270183210616
2020-01-10 23:00:00+00:00,BTCUSDT,Breakout_VolExp,1,bull,-0.019163918026974258,0.010369083316985828,-0.024761517176002723
2020-01-11 01:00:00+00:00,BTCUSDT,Breakout_VolExp,1,bull,-0.014535418135244171,0.00955229840766636,-0.031343859610676206
2020-01-14 04:00:00+00:00,BTCUSDT,Breakout_VolExp,1,bull,0.01814884373072978,0.045542683370027204,-0.007301272447192475
2020-01-14 14:00:00+00:00,BTCUSDT,Breakout_VolExp,1,bull,0.014202220117167874,0.025585608784821634,-0.02053654364360402
2020-01-14 17:00:00+00:00,BTCUSDT,Breakout_VolExp,1,bull,-0.019648302997694156,0.014800212487871223,-0.02509017653101031
2020-01-19 11:00:00+00:00,BTCUSDT,Breakout_VolExp,-1,bull,-0.00011602740544347512,0.00578758483786046,0.004364238745341642
2020-01-23 13:00:00+00:00,BTCUSDT,Breakout_VolExp,-1,bear,-0.000239145771304905,0.004726716169841438,-0.006923270079276733
2020-01-27 19:00:00+00:00,BTCUSDT,Breakout_VolExp,1,bull,0.012763542585437104,0.03064347148658375,-0.004333985520548533
2020-01-27 20:00:00+00:00,BTCUSDT,Breakout_VolExp,1,bull,0.0016429365962180587,0.024228031145717477,-0.010531701890990064
2020-01-28 00:00:00+00:00,BTCUSDT,Breakout_VolExp,1,bull,-0.002193584069577703,0.04115366436511114,-0.01889170569615717
2020-01-28 01:00:00+00:00,BTCUSDT,Breakout_VolExp,1,bull,-0.0050494166807961705,0.033730234695049655,-0.02588701164450613
2020-01-28 23:00:00+00:00,BTCUSDT,Breakout_VolExp,1,bull,-0.009097795718258861,0.0065475189861028404,-0.016701812324316
2020-01-03 10:00:00+00:00,BTCUSDT,RSI_Range,-1,range,0.0018084815321477432,0.00018741450068393561,-0.003556771545827564
2020-01-03 11:00:00+00:00,BTCUSDT,RSI_Range,-1,range,-0.0004919522874420323,0.004017383222655324,0.00028753997964048317
2020-01-03 12:00:00+00:00,BTCUSDT,RSI_Range,-1,range,0.0025540970037847277,0.0017673804935279813,-0.001970888757466094
2020-01-03 13:00:00+00:00,BTCUSDT,RSI_Range,-1,range,0.005560796453069394,0.00509660267326606,0.0013708009861054249
2020-01-09 03:00:00+00:00,BTCUSDT,RSI_Range,1,range,-0.006030879510592668,0.006214356986847358,-0.02606008510338831
2020-01-09 04:00:00+00:00,BTCUSDT,RSI_Range,1,range,-0.018957470831765133,0.00449504453644467,-0.02772425040772797
2020-01-09 05:00:00+00:00,BTCUSDT,RSI_Range,1,range,-0.017917767592682377,0.007900232500468896,-0.02615409985058026
2020-01-09 16:00:00+00:00,BTCUSDT,RSI_Range,1,range,-0.0030230604266812122,0.041627184014097374,-0.019167788805213415
2020-01-09 18:00:00+00:00,BTCUSDT,RSI_Range,1,range,-0.008670531329238229,0.04258979324609902,-0.018261362632749134
2020-01-10 09:00:00+00:00,BTCUSDT,RSI_Range,1,range,0.04424976082261467,0.07096114307344892,-0.0056961811992314315
2020-01-10 15:00:00+00:00,BTCUSDT,RSI_Range,-1,range,-0.012293781332592957,0.010627668384019295,-0.013209895520833737
2020-01-19 15:00:00+00:00,BTCUSDT,RSI_Range,1,range,0.0037689547401318357,0.01411390207199914,-0.022929737238106318
2020-01-19 16:00:00+00:00,BTCUSDT,RSI_Range,1,range,-0.0007523437066619953,0.012477811061186062,-0.02450606497660912
2020-01-19 17:00:00+00:00,BTCUSDT,RSI_Range,1,range,0.0015496237287428993,0.010881981672208996,-0.026043601773240388
2020-01-19 18:00:00+00:00,BTCUSDT,RSI_Range,1,range,0.003193257318795606,0.011786757394440572,-0.02517187577593849
2020-01-19 19:00:00+00:00,BTCUSDT,RSI_Range,1,range,0.0015008648170249383,0.012237998569614605,-0.024737117576987266
2020-01-19 20:00:00+00:00,BTCUSDT,RSI_Range,1,range,-0.0008399429254738466,0.012198235773249966,-0.024775427914526915
2020-01-19 21:00:00+00:00,BTCUSDT,RSI_Range,1,range,-0.007399364067038783,0.0032105909411626055,-0.03316770670112068
2020-01-19 22:00:00+00:00,BTCUSDT,RSI_Range,1,range,0.0012486703972620639,0.011697035563982716,-0.014237154881376446
2020-01-19 23:00:00+00:00,BTCUSDT,RSI_Range,1,range,-0.00954645439560764,0.005113802787780619,-0.020651630799979448
2020-01-20 00:00:00+00:00,BTCUSDT,RSI_Range,1,range,-0.009031280136951647,0.009414264554561402,-0.01646140855208822
2020-01-21 19:00:00+00:00,BTCUSDT,RSI_Range,1,range,0.024423329908826785,0.033209121760532145,-0.00029403116730375434
2020-01-22 20:00:00+00:00,BTCUSDT,RSI_Range,1,range,-0.01771857231680718,0.002898878400529714,-0.03955186777515418
2020-01-22 21:00:00+00:00,BTCUSDT,RSI_Range,1,range,-0.02460936102232747,0.0035355756478137046,-0.0389421206759033
2020-01-23 06:00:00+00:00,BTCUSDT,RSI_Range,1,range,-0.021829252721481507,0.010342391858221722,-0.029673023916707897
2020-01-23 08:00:00+00:00,BTCUSDT,RSI_Range,1,range,-0.015885579670403938,0.0008948629931873064,-0.027229905804513677
2020-01-23 09:00:00+00:00,BTCUSDT,RSI_Range,1,range,-0.005563201687066699,0.006843649299363097,-0.021083599501548478
2020-01-23 10:00:00+00:00,BTCUSDT,RSI_Range,1,range,-0.005353412771071264,0.006337513395360039,-0.024533912438700733
2020-01-26 14:00:00+00:00,BTCUSDT,RSI_Range,-1,range,-0.02348925419843817,-0.0028468597611097657,-0.03272292023706869
2020-01-26 15:00:00+00:00,BTCUSDT,RSI_Range,-1,range,-0.02439033038520333,-0.006318603713864057,-0.03466131173078457
2020-01-26 16:00:00+00:00,BTCUSDT,RSI_Range,-1,range,-0.01654525250030847,-0.009530865068585692,-0.029402806930896697
2020-01-26 17:00:00+00:00,BTCUSDT,RSI_Range,-1,range,-0.008622981247697448,-0.0009233911774171322,-0.02132660532488906
2020-01-26 18:00:00+00:00,BTCUSDT,RSI_Range,-1,range,-0.009841936770044635,-0.0008650458520935711,-0.02126707066561906
2020-01-26 19:00:00+00:00,BTCUSDT,RSI_Range,-1,range,-0.010619915376927525,-0.004548723648692743,-0.03467117491570382
2020-01-26 20:00:00+00:00,BTCUSDT,RSI_Range,-1,range,-0.004686057490864481,-0.004788765600253209,-0.041473067716156775
2020-01-26 21:00:00+00:00,BTCUSDT,RSI_Range,-1,range,-0.0047663234076595895,-0.001055823775104825,-0.038523614173155085
2020-01-26 22:00:00+00:00,BTCUSDT,RSI_Range,-1,range,-0.006871137026239094,-0.004664723032069995,-0.04154169096209914
2020-01-26 23:00:00+00:00,BTCUSDT,RSI_Range,-1,range,-0.014684347495880434,-0.004473238952481751,-0.03716202484900499
2020-01-27 00:00:00+00:00,BTCUSDT,RSI_Range,-1,range,-0.009229941982562329,0.0019189140538820038,-0.030561850650099753
2020-01-27 01:00:00+00:00,BTCUSDT,RSI_Range,-1,range,-0.00928438942926224,0.0010267225031241889,-0.048253647809928024
2020-01-27 02:00:00+00:00,BTCUSDT,RSI_Range,-1,range,-0.011913057445920971,0.00043912715388993995,-0.05298069111680426
2020-01-27 03:00:00+00:00,BTCUSDT,RSI_Range,-1,range,-0.013059746696988395,0.0020029790852524876,-0.05133326179836595
2020-01-27 04:00:00+00:00,BTCUSDT,RSI_Range,-1,range,-0.01687170677818073,-0.0005876466947765113,-0.05406233913460934
2020-01-27 05:00:00+00:00,BTCUSDT,RSI_Range,-1,range,-0.013428443285431468,0.0001514268804676533,-0.053283767038413865
2020-01-27 06:00:00+00:00,BTCUSDT,RSI_Range,-1,range,-0.025998614638651718,0.0014165319787577957,-0.05195105056568927
2020-01-02 16:00:00+00:00,ETHUSDT,Breakout,-1,bear,-0.013966261278932857,0.0035307963907414974,-0.03719105531581013
2020-01-03 01:00:00+00:00,ETHUSDT,Breakout,-1,bear,-0.05962210225468412,-0.008256589393458302,-0.05890758971101939
2020-01-03 08:00:00+00:00,ETHUSDT,Breakout,1,bear,0.009688895617288473,0.02240557111497976,-0.008856256150178043
2020-01-03 13:00:00+00:00,ETHUSDT,Breakout,1,range,-0.003746160185809533,0.011987712594590416,-0.018955570540196254
2020-01-05 03:00:00+00:00,ETHUSDT,Breakout,1,bull,0.007641440117560627,0.025863335782512875,-0.014254224834680418
2020-01-06 02:00:00+00:00,ETHUSDT,Breakout,1,bull,0.014097676760411515,0.04473854563763213,-0.006185715313241857
2020-01-06 08:00:00+00:00,ETHUSDT,Breakout,1,bull,0.01153106982703389,0.03388141504733433,-0.010463378176382654
2020-01-06 10:00:00+00:00,ETHUSDT,Breakout,1,bull,0.007469522937072703,0.023536043971531306,-0.02036502008315122
2020-01-06 23:00:00+00:00,ETHUSDT,Breakout,1,bull,-0.00978894751457926,0.008400444321021938,-0.037073035267981114
2020-01-07 15:00:00+00:00,ETHUSDT,Breakout,-1,bull,-0.03656962569912525,-0.017065825326258333,-0.04166069123763094
2020-01-08 00:00:00+00:00,ETHUSDT,Breakout,1,bull,-0.034912887261880354,0.0021015524371228445,-0.07023252660836543
2020-01-08 16:00:00+00:00,ETHUSDT,Breakout,-1,bull,-0.007775377969762243,0.003239740820734416,-0.010007199424046043
2020-01-09 16:00:00+00:00,ETHUSDT,Breakout,-1,range,-0.0034591889305954915,-0.0027967910502686433,-0.03532788695076161
2020-01-10 12:00:00+00:00,ETHUSDT,Breakout,1,range,0.026688609044075662,0.03956783056668578,-0.008299942759015466
2020-01-10 14:00:00+00:00,ETHUSDT,Breakout,1,range,0.02604166666666674,0.036601027397260344,-0.0028538812785388057
2020-01-10 15:00:00+00:00,ETHUSDT,Breakout,1,range,0.007161412623744923,0.020080039317559306,-0.012707996910763186
2020-01-11 16:00:00+00:00,ETHUSDT,Breakout,1,bull,-0.018593205277189107,0.011894182787613783,-0.031307676532914
2020-01-12 23:00:00+00:00,ETHUSDT,Breakout,1,bull,-0.02565327147438079,0.0029337517909531208,-0.02899638398035065
2020-01-13 02:00:00+00:00,ETHUSDT,Breakout,-1,bull,0.0003498460677300308,-0.0013294150573748276,-0.02518891687657443
2020-01-13 06:00:00+00:00,ETHUSDT,Breakout,-1,bull,-0.005614823133071489,-0.00442167321729392,-0.045409882088714104
2020-01-14 00:00:00+00:00,ETHUSDT,Breakout,1,bull,0.04032480044040754,0.18483347096063873,0.00041288191577204536
2020-01-14 01:00:00+00:00,ETHUSDT,Breakout,1,bull,0.04488744236506648,0.16748033631678894,-0.006509357200976229
2020-01-14 03:00:00+00:00,ETHUSDT,Breakout,1,bull,0.04786841221886551,0.1559583752937228,-0.005773749580396004
2020-01-14 13:00:00+00:00,ETHUSDT,Breakout,1,bull,0.0865671641791046,0.11732641142115519,-0.0063595068137571875
2020-01-14 14:00:00+00:00,ETHUSDT,Breakout,1,bull,0.07187740446268265,0.104001025904078,-0.01782508335470634
2020-01-14 16:00:00+00:00,ETHUSDT,Breakout,1,bull,0.007145095581322369,0.07916013788780951,-0.004512691946098379
2020-01-14 17:00:00+00:00,ETHUSDT,Breakout,1,bull,-0.018339121428136207,0.04904648754036445,-0.02912325595564491
2020-01-17 05:00:00+00:00,ETHUSDT,Breakout,1,bull,0.00229303857008456,0.02769285042333003,-0.028515992474129948
2020-01-17 08:00:00+00:00,ETHUSDT,Breakout,1,bull,-0.014959254947613632,0.012805587892898762,-0.03911525029103613
2020-01-18 13:00:00+00:00,ETHUSDT,Breakout,1,bull,0.0070580134274400574,0.030412578183278693,-0.07149824984219888
2020-01-18 14:00:00+00:00,ETHUSDT,Breakout,1,bull,-0.004848074863295526,0.00699024747731003,-0.08782907717458699
2020-01-19 11:00:00+00:00,ETHUSDT,Breakout,-1,bull,-0.0010187571163180476,0.009228740936057966,0.005992688919518208
2020-01-20 11:00:00+00:00,ETHUSDT,Breakout,-1,range,-0.02321734868904679,-0.006738544474393482,-0.028546924773339866
2020-01-21 19:00:00+00:00,ETHUSDT,Breakout,-1,bull,-0.024992435703479643,-0.013918305597579561,-0.02553706505295006
2020-01-23 01:00:00+00:00,ETHUSDT,Breakout,-1,range,0.02023261448994429,0.023685485825054697,-0.0028471044342137652
2020-01-23 05:00:00+00:00,ETHUSDT,Breakout,-1,range,0.013404825737265536,0.025773824031196768,0.0013404825737265424
2020-01-23 13:00:00+00:00,ETHUSDT,Breakout,-1,range,0.0011128972424879757,0.02522567082972682,-0.005255348089526324
2020-01-23 18:00:00+00:00,ETHUSDT,Breakout,-1,range,0.0022495782040867773,0.014809723176904321,-0.015997000562394614
2020-01-24 02:00:00+00:00,ETHUSDT,Breakout,-1,range,-0.021224335558634566,0.0070537851114750305,-0.0277742788764328
2020-01-24 09:00:00+00:00,ETHUSDT,Breakout,-1,bear,-0.045157988998336895,-0.008443136753230052,-0.043814762696686715
2020-01-24 19:00:00+00:00,ETHUSDT,Breakout,1,bear,-0.024897784829438052,0.0039055348752059516,-0.037041557332031405
2020-01-25 21:00:00+00:00,ETHUSDT,Breakout,1,bear,0.004574112992953516,0.03659290394362702,-0.014093213005315852
2020-01-26 16:00:00+00:00,ETHUSDT,Breakout,1,range,0.013708601237413465,0.03936673541186453,-0.0013344656071819783
2020-01-26 17:00:00+00:00,ETHUSDT,Breakout,1,range,0.004805959389643011,0.02937642676919361,-0.007088790099723741
2020-01-27 00:00:00+00:00,ETHUSDT,Breakout,1,bull,0.006287069988137661,0.02603795966785305,-0.019691577698695117
2020-01-27 18:00:00+00:00,ETHUSDT,Breakout,1,bull,0.0014581510644502416,0.021988918051910167,-0.009740449110527738
2020-01-27 20:00:00+00:00,ETHUSDT,Breakout,1,bull,-0.004706565950029051,0.018128994770482354,-0.013480534572922642
2020-01-28 01:00:00+00:00,ETHUSDT,Breakout,1,bull,-0.007312719525536804,0.024759601543156595,-0.019001554672654963
2020-01-28 23:00:00+00:00,ETHUSDT,Breakout,1,bull,0.002899704343870768,0.016886513531953584,-0.014669092563111108
2020-01-29 23:00:00+00:00,ETHUSDT,Breakout,-1,bull,-0.009838895281933047,0.000805523590333812,-0.06052934407364785
2020-01-30 00:00:00+00:00,ETHUSDT,Breakout,-1,bull,-0.01939393939393952,-0.00236652236652235,-0.0638961038961039
2020-01-30 15:00:00+00:00,ETHUSDT,Breakout,1,bull,0.03386779184247546,0.05428973277074545,-0.016596343178621575
2020-01-30 16:00:00+00:00,ETHUSDT,Breakout,1,bull,0.026982967002080027,0.053460003372870935,-0.013435268986452198
2020-01-30 18:00:00+00:00,ETHUSDT,Breakout,1,bull,0.011692036179130838,0.03353187734392238,-0.03209794837855717
2020-01-30 19:00:00+00:00,ETHUSDT,Breakout,1,bull,0.005006877579092128,0.031086657496561143,-0.03438789546079779
2020-01-30 20:00:00+00:00,ETHUSDT,Breakout,1,bull,-0.009947559063631983,0.013137265502513928,-0.05119749148510566
2020-01-30 22:00:00+00:00,ETHUSDT,Breakout,1,bull,-0.027523916412805383,0.0015498904387791779,-0.06204906204906213
2020-01-02 16:00:00+00:00,ETHUSDT,Donchian,-1,bear,-0.013966261278932857,0.0035307963907414974,-0.03719105531581013
2020-01-03 01:00:00+00:00,ETHUSDT,Donchian,-1,bear,-0.05962210225468412,-0.008256589393458302,-0.05890758971101939
2020-01-03 08:00:00+00:00,ETHUSDT,Donchian,1,bear,0.009688895617288473,0.02240557111497976,-0.008856256150178043
2020-01-03 13:00:00+00:00,ETHUSDT,Donchian,1,range,-0.003746160185809533,0.011987712594590416,-0.018955570540196254
2020-01-05 03:00:00+00:00,ETHUSDT,Donchian,1,bull,0.007641440117560627,0.025863335782512875,-0.014254224834680418
2020-01-06 02:00:00+00:00,ETHUSDT,Donchian,1,bull,0.014097676760411515,0.04473854563763213,-0.006185715313241857
2020-01-06 08:00:00+00:00,ETHUSDT,Donchian,1,bull,0.01153106982703389,0.03388141504733433,-0.010463378176382654
2020-01-06 10:00:00+00:00,ETHUSDT,Donchian,1,bull,0.007469522937072703,0.023536043971531306,-0.02036502008315122
2020-01-06 23:00:00+00:00,ETHUSDT,Donchian,1,bull,-0.00978894751457926,0.008400444321021938,-0.037073035267981114
2020-01-07 15:00:00+00:00,ETHUSDT,Donchian,-1,bull,-0.03656962569912525,-0.017065825326258333,-0.04166069123763094
2020-01-08 00:00:00+00:00,ETHUSDT,Donchian,1,bull,-0.034912887261880354,0.0021015524371228445,-0.07023252660836543
2020-01-08 16:00:00+00:00,ETHUSDT,Donchian,-1,bull,-0.007775377969762243,0.003239740820734416,-0.010007199424046043
2020-01-09 16:00:00+00:00,ETHUSDT,Donchian,-1,range,-0.0034591889305954915,-0.0027967910502686433,-0.03532788695076161
2020-01-10 12:00:00+00:00,ETHUSDT,Donchian,1,range,0.026688609044075662,0.03956783056668578,-0.008299942759015466
2020-01-10 14:00:00+00:00,ETHUSDT,Donchian,1,range,0.02604166666666674,0.036601027397260344,-0.0028538812785388057
2020-01-10 15:00:00+00:00,ETHUSDT,Donchian,1,range,0.007161412623744923,0.020080039317559306,-0.012707996910763186
2020-01-11 16:00:00+00:00,ETHUSDT,Donchian,1,bull,-0.018593205277189107,0.011894182787613783,-0.031307676532914
2020-01-12 23:00:00+00:00,ETHUSDT,Donchian,1,bull,-0.02565327147438079,0.0029337517909531208,-0.02899638398035065
2020-01-13 02:00:00+00:00,ETHUSDT,Donchian,-1,bull,0.0003498460677300308,-0.0013294150573748276,-0.02518891687657443
2020-01-13 06:00:00+00:00,ETHUSDT,Donchian,-1,bull,-0.005614823133071489,-0.00442167321729392,-0.045409882088714104
2020-01-14 00:00:00+00:00,ETHUSDT,Donchian,1,bull,0.04032480044040754,0.18483347096063873,0.00041288191577204536
2020-01-14 01:00:00+00:00,ETHUSDT,Donchian,1,bull,0.04488744236506648,0.16748033631678894,-0.006509357200976229
2020-01-14 03:00:00+00:00,ETHUSDT,Donchian,1,bull,0.04786841221886551,0.1559583752937228,-0.005773749580396004
2020-01-14 13:00:00+00:00,ETHUSDT,Donchian,1,bull,0.0865671641791046,0.11732641142115519,-0.0063595068137571875
2020-01-14 14:00:00+00:00,ETHUSDT,Donchian,1,bull,0.07187740446268265,0.104001025904078,-0.01782508335470634
2020-01-14 16:00:00+00:00,ETHUSDT,Donchian,1,bull,0.007145095581322369,0.07916013788780951,-0.004512691946098379
2020-01-14 17:00:00+00:00,ETHUSDT,Donchian,1,bull,-0.018339121428136207,0.04904648754036445,-0.02912325595564491
2020-01-17 05:00:00+00:00,ETHUSDT,Donchian,1,bull,0.00229303857008456,0.02769285042333003,-0.028515992474129948
2020-01-17 08:00:00+00:00,ETHUSDT,Donchian,1,bull,-0.014959254947613632,0.012805587892898762,-0.03911525029103613
2020-01-18 13:00:00+00:00,ETHUSDT,Donchian,1,bull,0.0070580134274400574,0.030412578183278693,-0.07149824984219888
2020-01-18 14:00:00+00:00,ETHUSDT,Donchian,1,bull,-0.004848074863295526,0.00699024747731003,-0.08782907717458699
2020-01-19 11:00:00+00:00,ETHUSDT,Donchian,-1,bull,-0.0010187571163180476,0.009228740936057966,0.005992688919518208
2020-01-20 11:00:00+00:00,ETHUSDT,Donchian,-1,range,-0.02321734868904679,-0.006738544474393482,-0.028546924773339866
2020-01-21 19:00:00+00:00,ETHUSDT,Donchian,-1,bull,-0.024992435703479643,-0.013918305597579561,-0.02553706505295006
2020-01-23 01:00:00+00:00,ETHUSDT,Donchian,-1,range,0.02023261448994429,0.023685485825054697,-0.0028471044342137652
2020-01-23 05:00:00+00:00,ETHUSDT,Donchian,-1,range,0.013404825737265536,0.025773824031196768,0.0013404825737265424
2020-01-23 13:00:00+00:00,ETHUSDT,Donchian,-1,range,0.0011128972424879757,0.02522567082972682,-0.005255348089526324
2020-01-23 18:00:00+00:00,ETHUSDT,Donchian,-1,range,0.0022495782040867773,0.014809723176904321,-0.015997000562394614
2020-01-24 02:00:00+00:00,ETHUSDT,Donchian,-1,range,-0.021224335558634566,0.0070537851114750305,-0.0277742788764328
2020-01-24 09:00:00+00:00,ETHUSDT,Donchian,-1,bear,-0.045157988998336895,-0.008443136753230052,-0.043814762696686715
2020-01-24 19:00:00+00:00,ETHUSDT,Donchian,1,bear,-0.024897784829438052,0.0039055348752059516,-0.037041557332031405
2020-01-25 21:00:00+00:00,ETHUSDT,Donchian,1,bear,0.004574112992953516,0.03659290394362702,-0.014093213005315852
2020-01-26 16:00:00+00:00,ETHUSDT,Donchian,1,range,0.013708601237413465,0.03936673541186453,-0.0013344656071819783
2020-01-26 17:00:00+00:00,ETHUSDT,Donchian,1,range,0.004805959389643011,0.02937642676919361,-0.007088790099723741
2020-01-27 00:00:00+00:00,ETHUSDT,Donchian,1,bull,0.006287069988137661,0.02603795966785305,-0.019691577698695117
2020-01-27 18:00:00+00:00,ETHUSDT,Donchian,1,bull,0.0014581510644502416,0.021988918051910167,-0.009740449110527738
2020-01-27 20:00:00+00:00,ETHUSDT,Donchian,1,bull,-0.004706565950029051,0.018128994770482354,-0.013480534572922642
2020-01-28 01:00:00+00:00,ETHUSDT,Donchian,1,bull,-0.007312719525536804,0.024759601543156595,-0.019001554672654963
2020-01-28 23:00:00+00:00,ETHUSDT,Donchian,1,bull,0.002899704343870768,0.016886513531953584,-0.014669092563111108
2020-01-29 23:00:00+00:00,ETHUSDT,Donchian,-1,bull,-0.009838895281933047,0.000805523590333812,-0.06052934407364785
2020-01-30 00:00:00+00:00,ETHUSDT,Donchian,-1,bull,-0.01939393939393952,-0.00236652236652235,-0.0638961038961039
2020-01-30 15:00:00+00:00,ETHUSDT,Donchian,1,bull,0.03386779184247546,0.05428973277074545,-0.016596343178621575
2020-01-30 16:00:00+00:00,ETHUSDT,Donchian,1,bull,0.026982967002080027,0.053460003372870935,-0.013435268986452198
2020-01-30 18:00:00+00:00,ETHUSDT,Donchian,1,bull,0.011692036179130838,0.03353187734392238,-0.03209794837855717
2020-01-30 19:00:00+00:00,ETHUSDT,Donchian,1,bull,0.005006877579092128,0.031086657496561143,-0.03438789546079779
2020-01-30 20:00:00+00:00,ETHUSDT,Donchian,1,bull,-0.009947559063631983,0.013137265502513928,-0.05119749148510566
2020-01-30 22:00:00+00:00,ETHUSDT,Donchian,1,bull,-0.027523916412805383,0.0015498904387791779,-0.06204906204906213
2020-01-03 07:00:00+00:00,ETHUSDT,Pullback,-1,bear,-0.03563111318118306,-0.02833410961030891,-0.037028411737307865
2020-01-04 12:00:00+00:00,ETHUSDT,Pullback,1,bull,0.015296511189812456,0.03420993142943263,-0.0014316931655489196
2020-01-04 13:00:00+00:00,ETHUSDT,Pullback,1,bull,0.020475760313158675,0.033197831978319714,-0.0010538994278832536
2020-01-04 14:00:00+00:00,ETHUSDT,Pullback,1,bull,0.01788935658448576,0.0316446181599519,-0.0025556223692122515
2020-01-04 16:00:00+00:00,ETHUSDT,Pullback,1,bull,0.020586025544703235,0.036739293764087355,-0.003005259203606392
2020-01-05 10:00:00+00:00,ETHUSDT,Pullback,1,bull,0.0008156606851548176,0.056503040189826326,-0.005190567996440909
2020-01-05 21:00:00+00:00,ETHUSDT,Pullback,1,bull,0.04027788042273284,0.05683245879831489,-0.008499002291035396
2020-01-05 22:00:00+00:00,ETHUSDT,Pullback,1,bull,0.05141883381492174,0.0644587686152478,-0.00600133362969546
2020-01-05 23:00:00+00:00,ETHUSDT,Pullback,1,bull,0.045592255966895534,0.06687356831449032,-0.0037685657282200413
2020-01-06 00:00:00+00:00,ETHUSDT,Pullback,1,bull,0.04858807048588076,0.07092826070928271,-0.001990710019906916
2020-01-07 12:00:00+00:00,ETHUSDT,Pullback,1,bull,0.04528061224489788,0.04832766439909286,-0.017148526077097603
2020-01-07 13:00:00+00:00,ETHUSDT,Pullback,1,bull,0.03334752376897954,0.04966652476231026,-0.015893287923939292
2020-01-07 14:00:00+00:00,ETHUSDT,Pullback,1,bull,0.02649147727272716,0.050710227272727115,-0.014914772727272929
2020-01-07 16:00:00+00:00,ETHUSDT,Pullback,1,bull,0.02633069082672712,0.047140430351075846,-0.023570215175538034
2020-01-07 22:00:00+00:00,ETHUSDT,Pullback,1,bull,0.011740719910011244,0.04007311586051743,-0.03578458942632168
2020-01-08 07:00:00+00:00,ETHUSDT,Pullback,1,bull,-0.03962671495229475,0.006337488683055836,-0.044849919910857294
2020-01-08 09:00:00+00:00,ETHUSDT,Pullback,1,bull,-0.028816634105498173,0.00823332403014243,-0.04305051632710011
2020-01-08 11:00:00+00:00,ETHUSDT,Pullback,1,bull,-0.01930044593088076,0.0009754738015606002,-0.04438405797101452
2020-01-08 12:00:00+00:00,ETHUSDT,Pullback,1,bull,-0.017631357122787406,0.008007867378476918,-0.03659735880865422
2020-01-08 13:00:00+00:00,ETHUSDT,Pullback,1,bull,-0.01453935411715368,0.0,-0.04131133790018171
2020-01-11 21:00:00+00:00,ETHUSDT,Pullback,1,bull,0.004451244957573985,0.014675198219501917,-0.014396995409653557
2020-01-11 22:00:00+00:00,ETHUSDT,Pullback,1,bull,0.0015351336264042281,0.01800293070965031,-0.011164608192031245
2020-01-11 23:00:00+00:00,ETHUSDT,Pullback,1,bull,0.007162921348314422,0.029494382022471788,-0.004845505617977475
2020-01-12 00:00:00+00:00,ETHUSDT,Pullback,1,bull,0.0030009072510295276,0.025891548607718695,-0.00272175308814282
2020-01-12 01:00:00+00:00,ETHUSDT,Pullback,1,bull,0.013054101221640524,0.02617801047120416,-0.0013961605584641434
2020-01-12 04:00:00+00:00,ETHUSDT,Pullback,1,bull,0.002646792505398121,0.023890784982935287,-0.007243853172668291
2020-01-12 10:00:00+00:00,ETHUSDT,Pullback,1,bull,0.012889291437330197,0.024176130425694886,-0.008430293318470117
2020-01-12 11:00:00+00:00,ETHUSDT,Pullback,1,bull,0.021963463952028972,0.024961651094687065,-0.00766978106261329
2020-01-12 12:00:00+00:00,ETHUSDT,Pullback,1,bull,0.009114945727804136,0.02282215418870015,-0.009741163373225725
2020-01-12 16:00:00+00:00,ETHUSDT,Pullback,1,bull,-0.0005557485237929205,0.021187912469607495,-0.011323376172281963
2020-01-13 04:00:00+00:00,ETHUSDT,Pullback,1,bull,-0.0034058525057344413,0.04802947105025357,-0.010773615069159748
2020-01-13 08:00:00+00:00,ETHUSDT,Pullback,1,bull,0.005220659891410184,0.04956146456912158,-0.00807462063204789
2020-01-13 23:00:00+00:00,ETHUSDT,Pullback,1,range,0.05571806658308964,0.19097367321353942,-0.0006268282490597965
2020-01-15 15:00:00+00:00,ETHUSDT,Pullback,1,bull,-0.015188783667445582,0.030808018693887496,-0.025765588488500746
2020-01-16 00:00:00+00:00,ETHUSDT,Pullback,1,bull,-0.008471477328132693,0.011701608971233401,-0.03443442223305704
2020-01-16 01:00:00+00:00,ETHUSDT,Pullback,1,bull,0.00784460216660432,0.03349520607645373,-0.010833022039596574
2020-01-16 02:00:00+00:00,ETHUSDT,Pullback,1,bull,0.012274908093962145,0.042744096205370896,-0.010031777680852505
2020-01-16 03:00:00+00:00,ETHUSDT,Pullback,1,bull,0.01604745551045883,0.0458320324695598,-0.004121136434592554
2020-01-16 04:00:00+00:00,ETHUSDT,Pullback,1,bull,0.009904073751090037,0.04329139155350692,-0.004484863585399235
2020-01-16 05:00:00+00:00,ETHUSDT,Pullback,1,bull,0.008636644046884578,0.052066625539790135,-0.014065391733497856
2020-01-16 06:00:00+00:00,ETHUSDT,Pullback,1,bull,0.006525486333415431,0.056205368135927136,-0.016129032258064502
2020-01-16 07:00:00+00:00,ETHUSDT,Pullback,1,bull,0.015450483991064745,0.06459419210722261,-0.008314718292380285
2020-01-16 08:00:00+00:00,ETHUSDT,Pullback,1,bull,0.02601102371957631,0.08249210379637084,-0.010218616461262209
2020-01-16 09:00:00+00:00,ETHUSDT,Pullback,1,bull,0.013572136836886406,0.0832300446207237,-0.00613534952900352
2020-01-16 12:00:00+00:00,ETHUSDT,Pullback,1,bull,0.007253057962997245,0.07437457741717379,-0.01426024955436711
2020-01-16 13:00:00+00:00,ETHUSDT,Pullback,1,bull,0.01952063256733383,0.07975043241907587,-0.009327897207808244
2020-01-16 14:00:00+00:00,ETHUSDT,Pullback,1,bull,0.02105133571340634,0.07589560507201765,-0.010094792564323662
2020-01-16 16:00:00+00:00,ETHUSDT,Pullback,1,bull,0.028804046135816996,0.0780854869549128,-0.0020970825880466393
2020-01-17 14:00:00+00:00,ETHUSDT,Pullback,1,bull,0.029450655126818104,0.0792763553311695,-0.007813439115278209
2020-01-18 04:00:00+00:00,ETHUSDT,Pullback,1,bull,0.032116615311685415,0.06405546337994794,-0.02180611519317366
2020-01-18 05:00:00+00:00,ETHUSDT,Pullback,1,bull,0.0402401331431288,0.06734427009034705,-0.01878269139324773
2020-01-18 06:00:00+00:00,ETHUSDT,Pullback,1,bull,0.03551880057115664,0.06836030461684905,-0.006425511661113825
2020-01-18 07:00:00+00:00,ETHUSDT,Pullback,1,bull,0.041441227183542484,0.06766157322076216,-0.004815981925203605
2020-01-18 08:00:00+00:00,ETHUSDT,Pullback,1,bull,0.042281918994247825,0.06487576350590052,-0.0036173871790309287
2020-01-18 09:00:00+00:00,ETHUSDT,Pullback,1,bull,0.04331661257007968,0.059722632044850954,-0.008439067571554881
2020-01-18 10:00:00+00:00,ETHUSDT,Pullback,1,bull,0.04747265740467044,0.06160212828850131,-0.006680461129175308
2020-01-18 11:00:00+00:00,ETHUSDT,Pullback,1,bull,0.03048384238199331,0.06084953033614915,-0.029184143675784258
2020-01-19 10:00:00+00:00,ETHUSDT,Pullback,1,bull,-0.046650237835979214,0.0006304086194051095,-0.07266892085506338
2020-01-22 08:00:00+00:00,ETHUSDT,Pullback,1,bull,-0.0023720571665777346,0.004091798612346542,-0.0340390203403903
2020-01-22 10:00:00+00:00,ETHUSDT,Pullback,1,bull,-0.004747774480712286,0.004154302670623,-0.03507418397626105
2020-01-22 19:00:00+00:00,ETHUSDT,Pullback,1,range,-0.018494291151284425,0.001308277830637472,-0.05203377735490011
2020-01-22 20:00:00+00:00,ETHUSDT,Pullback,1,range,-0.025500802472805062,0.0008916364500981544,-0.052428223265767016
2020-01-24 11:00:00+00:00,ETHUSDT,Pullback,-1,bear,-0.011443497729958452,0.008022886995459833,-0.014926301386902097
2020-01-24 12:00:00+00:00,ETHUSDT,Pullback,-1,bear,0.016719301504737216,0.012322744442380351,-0.010526967614093774
2020-01-24 13:00:00+00:00,ETHUSDT,Pullback,-1,bear,0.01897286941474563,0.014276002719238678,-0.008528521104999687
2020-01-24 14:00:00+00:00,ETHUSDT,Pullback,-1,bear,0.016897934011717575,0.01634289238359543,-0.0064138143694110195
2020-01-24 16:00:00+00:00,ETHUSDT,Pullback,-1,bear,0.009313299391531138,0.009685831367192366,-0.013224885135974196
2020-01-24 17:00:00+00:00,ETHUSDT,Pullback,-1,bear,0.00917431192660545,0.01128192412596074,-0.011591867096454322
2020-01-24 18:00:00+00:00,ETHUSDT,Pullback,-1,bear,0.014390710888765312,0.014884812550182147,-0.007905626582669356
2020-01-24 23:00:00+00:00,ETHUSDT,Pullback,-1,bear,0.019307630818422128,0.019246141548299844,0.008915944167742662
2020-01-25 08:00:00+00:00,ETHUSDT,Pullback,-1,bear,-0.0003718624109079194,0.008552835450883145,0.001053610164239105
2020-01-25 09:00:00+00:00,ETHUSDT,Pullback,-1,bear,-0.007159310216024339,0.004108821515283578,-0.007346074830355542
2020-01-25 15:00:00+00:00,ETHUSDT,Pullback,-1,bear,-0.004545737592627219,0.0008095149137554714,-0.015193972227411479
2020-01-25 16:00:00+00:00,ETHUSDT,Pullback,-1,bear,0.0013643410852712812,0.00489922480620153,-0.012341085271317942
2020-01-25 17:00:00+00:00,ETHUSDT,Pullback,-1,bear,-0.003548306772908516,0.0011205179282867128,-0.02490039840637448
2020-01-25 18:00:00+00:00,ETHUSDT,Pullback,-1,bear,-0.0009326618168250533,0.00230056581483562,-0.032145743953242434
2020-01-25 19:00:00+00:00,ETHUSDT,Pullback,-1,bear,-0.0010548523206752591,0.004343509555720937,-0.030032266070985303
2020-01-26 04:00:00+00:00,ETHUSDT,Pullback,-1,bear,-0.0237843880022357,-0.0023598087312923788,-0.044836365894553865
2020-01-26 06:00:00+00:00,ETHUSDT,Pullback,-1,bear,-0.03410361535594486,-0.0026711392719593885,-0.04516088955149722
2020-01-27 08:00:00+00:00,ETHUSDT,Pullback,1,bull,0.03712185127154388,0.0506207062793782,-0.002651560805110309
2020-01-27 10:00:00+00:00,ETHUSDT,Pullback,1,bull,0.02540332289910907,0.04948230195039738,-0.0011437515049361746
2020-01-28 09:00:00+00:00,ETHUSDT,Pullback,1,bull,0.007367990176013306,0.045845272206303855,-0.003742471200514519
2020-01-28 16:00:00+00:00,ETHUSDT,Pullback,1,bull,0.03044797013532441,0.04322211852543156,-0.005657956136257525
2020-01-28 17:00:00+00:00,ETHUSDT,Pullback,1,bull,0.03349868689816171,0.0437700612780858,-0.0030930843303180744
2020-01-28 18:00:00+00:00,ETHUSDT,Pullback,1,bull,0.0372641784942469,0.044623561707844095,-0.002277904328018332
2020-01-28 19:00:00+00:00,ETHUSDT,Pullback,1,bull,0.03881797517048424,0.042431660546715655,-0.00017485574401121529
2020-01-29 15:00:00+00:00,ETHUSDT,Pullback,1,bull,-0.009980039920159722,0.0139720558882237,-0.024408326204733433
2020-01-29 22:00:00+00:00,ETHUSDT,Pullback,1,bull,-0.006077128414834987,0.06275912989152044,-0.0283977963310047
2020-01-30 04:00:00+00:00,ETHUSDT,Pullback,1,bull,0.019543787253553324,0.07404860155891813,-0.004413113250802292
2020-01-30 05:00:00+00:00,ETHUSDT,Pullback,1,bull,0.032975239846039006,0.07657838800482564,-0.0020681335095076303
2020-01-30 06:00:00+00:00,ETHUSDT,Pullback,1,bull,0.0405141742224262,0.0754045678870654,-0.000918168254332552
2020-01-30 10:00:00+00:00,ETHUSDT,Pullback,1,bull,0.06920000000000015,0.07085714285714295,-0.0028571428571428914
2020-01-01 16:00:00+00:00,ETHUSDT,MeanReversion_RSI,-1,bull,0.024399427667745943,0.023721665788086543,0.0042924919045108645
2020-01-01 17:00:00+00:00,ETHUSDT,MeanReversion_RSI,-1,bull,0.020633361046028198,0.035598216310180675,0.0053661854735092
2020-01-01 18:00:00+00:00,ETHUSDT,MeanReversion_RSI,-1,bull,0.019326966803092427,0.032893739578596315,0.002576928907078946
2020-01-02 06:00:00+00:00,ETHUSDT,MeanReversion_RSI,1,bear,-0.01491614498802063,0.006569286652755357,-0.027900146842878004
2020-01-02 07:00:00+00:00,ETHUSDT,MeanReversion_RSI,1,bear,-0.01353650990099009,0.007425742574257432,-0.02707301980198018
2020-01-02 10:00:00+00:00,ETHUSDT,MeanReversion_RSI,1,bear,-0.01827857473391936,0.025528304797161727,-0.02992441770785126
2020-01-02 20:00:00+00:00,ETHUSDT,MeanReversion_RSI,1,bear,0.03933600818188987,0.06160018881283924,-0.010463378176382654
2020-01-02 22:00:00+00:00,ETHUSDT,MeanReversion_RSI,1,bear,0.03700212114070234,0.06009898656610879,-0.01186267577971567
2020-01-02 23:00:00+00:00,ETHUSDT,MeanReversion_RSI,1,bear,0.0417748406891667,0.06262292502556832,-0.010463378176382654
2020-01-03 00:00:00+00:00,ETHUSDT,MeanReversion_RSI,1,bear,0.040866141732283534,0.06354330708661404,-0.009606299212598368
2020-01-03 01:00:00+00:00,ETHUSDT,MeanReversion_RSI,1,bear,0.05962210225468412,0.07232454747538908,-0.0012702445220704739
2020-01-03 02:00:00+00:00,ETHUSDT,MeanReversion_RSI,1,bear,0.03687652667244512,0.06429753368528868,-0.0025214719092269133
2020-01-03 03:00:00+00:00,ETHUSDT,MeanReversion_RSI,1,bear,0.044887977279898905,0.06555695803092454,0.00039444619753870036
2020-01-03 08:00:00+00:00,ETHUSDT,MeanReversion_RSI,-1,bear,-0.009688895617288473,-0.0027250018923623553,-0.01120278555748988
2020-01-03 09:00:00+00:00,ETHUSDT,MeanReversion_RSI,-1,bear,-0.0009068923821040631,-0.0011336154776300233,-0.009597944377267353
2020-01-03 10:00:00+00:00,ETHUSDT,MeanReversion_RSI,-1,bear,-0.007575757575757569,-0.003560606060606153,-0.01204545454545447
2020-01-03 11:00:00+00:00,ETHUSDT,MeanReversion_RSI,-1,range,-0.01412173387705784,-0.0003775864673010165,-0.008835523334843831
2020-01-03 12:00:00+00:00,ETHUSDT,MeanReversion_RSI,-1,range,-0.010893410999319064,-0.0021181632498676883,-0.01059081624933822
2020-01-03 13:00:00+00:00,ETHUSDT,MeanReversion_RSI,-1,range,0.003746160185809533,0.007492320371619066,-0.0008990784445943589
2020-01-03 15:00:00+00:00,ETHUSDT,MeanReversion_RSI,-1,range,-0.006040015100037932,-0.005662514156285381,-0.008607021517553992
2020-01-03 16:00:00+00:00,ETHUSDT,MeanReversion_RSI,-1,bull,-0.0017241379310344307,0.0014992503748126884,-0.0014242878560719596
2020-01-03 17:00:00+00:00,ETHUSDT,MeanReversion_RSI,-1,bull,0.002090644366460115,0.0054506085268425375,0.0025386395878443935
2020-01-05 02:00:00+00:00,ETHUSDT,MeanReversion_RSI,-1,bull,-0.0010338207059519267,0.0005907546891151805,-0.014621178555604963
2020-01-05 03:00:00+00:00,ETHUSDT,MeanReversion_RSI,-1,bull,-0.007641440117560627,0.005584129316678843,-0.015209404849375385
2020-01-05 04:00:00+00:00,ETHUSDT,MeanReversion_RSI,-1,bull,-0.009128386336866967,0.0036808009422850674,-0.023336277974087105
2020-01-05 05:00:00+00:00,ETHUSDT,MeanReversion_RSI,-1,bull,-0.012049963262307228,0.005584129316678843,-0.021381337252020627
2020-01-05 06:00:00+00:00,ETHUSDT,MeanReversion_RSI,-1,bull,-0.012349309026756794,0.005145545427815312,-0.021831814172302177
2020-01-05 08:00:00+00:00,ETHUSDT,MeanReversion_RSI,-1,bull,-0.01803000073893446,-7.389344565122968e-05,-0.02719278799970426
2020-01-06 11:00:00+00:00,ETHUSDT,MeanReversion_RSI,-1,bull,-0.017950530035335532,0.00169611307420503,-0.015971731448763293
2020-01-06 12:00:00+00:00,ETHUSDT,MeanReversion_RSI,-1,bull,-0.010406412600196813,0.006750105470398005,-0.010828294192096743
2020-01-06 13:00:00+00:00,ETHUSDT,MeanReversion_RSI,-1,bull,-0.026618140298294568,-0.007849853707271759,-0.025904517233996893
2020-01-06 14:00:00+00:00,ETHUSDT,MeanReversion_RSI,-1,bull,-0.020852542733527102,-0.001702248386410199,-0.01964678345981974
2020-01-07 13:00:00+00:00,ETHUSDT,MeanReversion_RSI,1,bull,0.03334752376897954,0.04966652476231026,-0.015893287923939292
2020-01-07 14:00:00+00:00,ETHUSDT,MeanReversion_RSI,1,bull,0.02649147727272716,0.050710227272727115,-0.014914772727272929
2020-01-07 15:00:00+00:00,ETHUSDT,MeanReversion_RSI,1,bull,0.03656962569912525,0.0608059658683493,-0.0054495912806541424
2020-01-08 14:00:00+00:00,ETHUSDT,MeanReversion_RSI,1,bull,-0.011336431488522813,0.0019715533023518805,-0.03429094493733276
2020-01-08 15:00:00+00:00,ETHUSDT,MeanReversion_RSI,1,bull,-0.010885700148441257,0.0031102000424116927,-0.030536509507316012
2020-01-08 16:00:00+00:00,ETHUSDT,MeanReversion_RSI,1,bull,0.007775377969762243,0.018862491000720016,-0.025701943844492425
2020-01-08 17:00:00+00:00,ETHUSDT,MeanReversion_RSI,1,bull,0.0025221589680766154,0.019816963320602454,-0.02478921957195357
2020-01-08 18:00:00+00:00,ETHUSDT,MeanReversion_RSI,1,range,-0.00014347202295561523,0.015208034433285444,-0.029196556671449048
2020-01-08 19:00:00+00:00,ETHUSDT,MeanReversion_RSI,1,range,0.014575779550398682,0.026250906453952227,-0.018636693255982495
2020-01-08 20:00:00+00:00,ETHUSDT,MeanReversion_RSI,1,range,0.0012215276280809206,0.01688582309405784,-0.027592153481353576
2020-01-09 15:00:00+00:00,ETHUSDT,MeanReversion_RSI,1,range,-0.008543295684911745,0.035259194902983015,-0.020996235157833776
2020-01-09 16:00:00+00:00,ETHUSDT,MeanReversion_RSI,1,range,0.0034591889305954915,0.056966217708103395,-0.004783984691249077
2020-01-09 17:00:00+00:00,ETHUSDT,MeanReversion_RSI,1,range,-0.002132509743363653,0.056033531877343945,-0.005662181042723757
2020-01-09 18:00:00+00:00,ETHUSDT,MeanReversion_RSI,1,range,0.005225583278133605,0.06830058143813944,-0.004783984691249077
2020-01-10 15:00:00+00:00,ETHUSDT,MeanReversion_RSI,-1,range,-0.007161412623744923,0.003019026890402343,-0.0073018324791125355
2020-01-10 18:00:00+00:00,ETHUSDT,MeanReversion_RSI,-1,bull,-0.0018935409215232735,-0.0023143277929726924,-0.022161441896346057
2020-01-10 19:00:00+00:00,ETHUSDT,MeanReversion_RSI,-1,bull,0.0034872367136281612,0.0032082577765378817,-0.016878225693960136
2020-01-10 20:00:00+00:00,ETHUSDT,MeanReversion_RSI,-1,bull,0.003421548774526939,0.002024998254312016,-0.018085329236785075
2020-01-10 21:00:00+00:00,ETHUSDT,MeanReversion_RSI,-1,bull,-0.006581250437583064,-0.00063011972274718,-0.020793950850661602
2020-01-10 22:00:00+00:00,ETHUSDT,MeanReversion_RSI,-1,bull,-6.99937005668172e-05,-0.00034996850283453007,-0.020508154266116074
2020-01-10 23:00:00+00:00,ETHUSDT,MeanReversion_RSI,-1,bull,0.015124309392265167,0.012983425414364813,-0.006906077348066253
2020-01-11 00:00:00+00:00,ETHUSDT,MeanReversion_RSI,-1,bull,0.005714683950101218,0.003972402257997221,-0.01609868283504068
2020-01-11 01:00:00+00:00,ETHUSDT,MeanReversion_RSI,-1,bull,0.003817323709050635,0.008051082731815873,-0.011937812326485275
2020-01-12 13:00:00+00:00,ETHUSDT,MeanReversion_RSI,-1,bull,-0.0018605292171993693,0.012816979051819333,0.0013092613009922927
2020-01-14 01:00:00+00:00,ETHUSDT,MeanReversion_RSI,-1,bull,-0.04488744236506648,-0.000678058041768459,-0.1255763493355031
2020-01-14 02:00:00+00:00,ETHUSDT,MeanReversion_RSI,-1,bull,-0.059151103565365126,-0.012699490662139157,-0.1330390492359932
2020-01-14 03:00:00+00:00,ETHUSDT,MeanReversion_RSI,-1,bull,-0.04786841221886551,-0.0011413225914738145,-0.1201074185968447
2020-01-14 04:00:00+00:00,ETHUSDT,MeanReversion_RSI,-1,bull,-0.06972846128058996,0.0002011397921555247,-0.11860543077438823
2020-01-14 05:00:00+00:00,ETHUSDT,MeanReversion_RSI,-1,bull,-0.10532695804431258,-0.0042427099467976515,-0.12357734527577602
2020-01-14 06:00:00+00:00,ETHUSDT,MeanReversion_RSI,-1,bull,-0.11272141706924321,-0.004092860976919077,-0.11943102522812676
2020-01-14 07:00:00+00:00,ETHUSDT,MeanReversion_RSI,-1,bull,-0.11093970085183447,-0.003957341203300047,-0.11905560399758541
2020-01-14 08:00:00+00:00,ETHUSDT,MeanReversion_RSI,-1,bull,-0.09539429642522435,-0.00836792073905479,-0.11688311688311703
2020-01-14 09:00:00+00:00,ETHUSDT,MeanReversion_RSI,-1,bull,-0.09589589589589598,-0.005205205205205177,-0.11338004671338009
2020-01-14 10:00:00+00:00,ETHUSDT,MeanReversion_RSI,-1,bull,-0.09015413234121716,-0.007042253521126751,-0.10842412968376292
2020-01-14 11:00:00+00:00,ETHUSDT,MeanReversion_RSI,-1,bull,-0.09361393323657463,-0.012006861063464713,-0.10067291199366668
2020-01-14 12:00:00+00:00,ETHUSDT,MeanReversion_RSI,-1,bull,-0.11952639237994434,-0.020174626273316454,-0.10358513030824179
2020-01-14 13:00:00+00:00,ETHUSDT,MeanReversion_RSI,-1,bull,-0.0865671641791046,-0.022647631408176494,-0.08267358857884499
2020-01-14 14:00:00+00:00,ETHUSDT,MeanReversion_RSI,-1,bull,-0.07187740446268265,-0.011797896896640125,-0.06976147730187221
2020-01-14 15:00:00+00:00,ETHUSDT,MeanReversion_RSI,-1,bull,-0.043118913377754975,-0.022232188621219784,-0.06893900563813427
2020-01-14 16:00:00+00:00,ETHUSDT,MeanReversion_RSI,-1,bull,-0.007145095581322369,-0.014164838608586638,-0.045691005954246355
2020-01-14 17:00:00+00:00,ETHUSDT,MeanReversion_RSI,-1,bull,0.018339121428136207,0.014135136781819213,-0.01651130201669404
2020-01-14 18:00:00+00:00,ETHUSDT,MeanReversion_RSI,-1,bull,0.01519536903039076,0.02430053063193438,-0.006029908345393187
2020-01-14 19:00:00+00:00,ETHUSDT,MeanReversion_RSI,-1,bull,0.024089838797319407,0.02306345468816029,-0.007305439835778582
2020-01-14 20:00:00+00:00,ETHUSDT,MeanReversion_RSI,-1,bull,0.009472590600745456,0.011122654769907703,-0.019617429566705313
2020-01-14 21:00:00+00:00,ETHUSDT,MeanReversion_RSI,-1,bull,-0.007611740348313134,0.01467543539154792,-0.01595420777006451
2020-01-14 22:00:00+00:00,ETHUSDT,MeanReversion_RSI,-1,bull,-0.02023279907367903,0.013894813821683227,-0.01675909561825817
2020-01-14 23:00:00+00:00,ETHUSDT,MeanReversion_RSI,-1,bull,0.006273752790010412,0.023888520238885214,-0.006454726428183566
2020-01-15 00:00:00+00:00,ETHUSDT,MeanReversion_RSI,-1,bull,0.02020679468242237,0.04395864106351555,0.014239290989660258
2020-01-15 01:00:00+00:00,ETHUSDT,MeanReversion_RSI,-1,bull,-0.006629240324892649,0.03362398471094119,0.003583373148590474
2020-01-15 02:00:00+00:00,ETHUSDT,MeanReversion_RSI,-1,bull,0.007597056888197562,0.0320631692289286,0.00801579230723204
2020-01-17 05:00:00+00:00,ETHUSDT,MeanReversion_RSI,-1,bull,-0.00229303857008456,0.007584666039510912,-0.007173095014110897
2020-01-17 07:00:00+00:00,ETHUSDT,MeanReversion_RSI,-1,bull,0.010512176604566825,0.016527477661624657,-0.00040880686795552457
2020-01-17 08:00:00+00:00,ETHUSDT,MeanReversion_RSI,-1,bull,0.014959254947613632,0.019790454016298087,0.0029103608847497187
2020-01-17 09:00:00+00:00,ETHUSDT,MeanReversion_RSI,-1,bull,0.0038329752018119168,0.022010569719495887,0.005168708984261472
2020-01-18 19:00:00+00:00,ETHUSDT,MeanReversion_RSI,-1,bull,-0.008963233614980526,0.05554921214889241,-0.005880337976706951
2020-01-18 20:00:00+00:00,ETHUSDT,MeanReversion_RSI,-1,bull,-0.005120619025944517,0.059342284934000844,-0.002446517979062479
2020-01-18 21:00:00+00:00,ETHUSDT,MeanReversion_RSI,-1,bull,0.005882685672266463,0.06482267096555228,0.0033938571186152844
2020-01-18 22:00:00+00:00,ETHUSDT,MeanReversion_RSI,-1,bull,0.01518230048538205,0.06688113782593974,0.005587538096850753
2020-01-19 11:00:00+00:00,ETHUSDT,MeanReversion_RSI,1,bull,0.0010187571163180476,0.006172469587103713,-0.030323005932762048
2020-01-19 12:00:00+00:00,ETHUSDT,MeanReversion_RSI,1,bull,0.002779288260528201,0.014440215092743625,-0.022355144704247376
2020-01-19 13:00:00+00:00,ETHUSDT,MeanReversion_RSI,1,bull,0.0065625569666403205,0.02023455064714108,-0.018654675821838662
2020-01-19 14:00:00+00:00,ETHUSDT,MeanReversion_RSI,1,bull,0.006681649760067909,0.019862722468565908,-0.019012330680920786
2020-01-19 15:00:00+00:00,ETHUSDT,MeanReversion_RSI,1,range,0.005395247332686592,0.01782250242483019,-0.02097478176527645
2020-01-19 16:00:00+00:00,ETHUSDT,MeanReversion_RSI,1,range,-0.00223727173781596,0.01566090216471161,-0.023461119845204936
2020-01-19 17:00:00+00:00,ETHUSDT,MeanReversion_RSI,1,range,0.003144463929370289,0.015722319646852556,-0.023402068089738215
2020-01-19 18:00:00+00:00,ETHUSDT,MeanReversion_RSI,1,range,0.009116324298042988,0.0208459948948585,-0.018475750577367167
2020-01-19 19:00:00+00:00,ETHUSDT,MeanReversion_RSI,1,range,0.003875030273674085,0.017013804795350085,-0.022160329377573285
2020-01-19 20:00:00+00:00,ETHUSDT,MeanReversion_RSI,1,range,0.005161525382560095,0.01997813942190918,-0.01931017731357787
2020-01-19 21:00:00+00:00,ETHUSDT,MeanReversion_RSI,1,range,-0.007523775129408938,0.011014806789454656,-0.027928253280365856
2020-01-19 22:00:00+00:00,ETHUSDT,MeanReversion_RSI,1,range,-0.007213706041478751,0.018815749924857128,-0.029155395250976768
2020-01-19 23:00:00+00:00,ETHUSDT,MeanReversion_RSI,1,range,-0.022749042145593812,0.01460727969348663,-0.03316570881226044
2020-01-20 00:00:00+00:00,ETHUSDT,MeanReversion_RSI,1,range,-0.019099837319997537,0.021148400313309557,-0.026932578176778965
2020-01-20 12:00:00+00:00,ETHUSDT,MeanReversion_RSI,1,range,0.022788697788697743,0.041031941031940855,-0.007985257985258065
2020-01-21 01:00:00+00:00,ETHUSDT,MeanReversion_RSI,-1,range,-0.010463378176382765,-0.0013153961136023185,-0.013273542600896748
2020-01-21 02:00:00+00:00,ETHUSDT,MeanReversion_RSI,-1,range,-0.005313432835820864,0.00017910447761193549,-0.011761194029850763
2020-01-21 03:00:00+00:00,ETHUSDT,MeanReversion_RSI,-1,range,0.0011278641814080892,0.0058767659978630205,-0.005995488543274252
2020-01-22 09:00:00+00:00,ETHUSDT,MeanReversion_RSI,-1,bull,0.006031577080007122,0.02944828809650535,0.005203713559222001
2020-01-23 05:00:00+00:00,ETHUSDT,MeanReversion_RSI,1,range,-0.013404825737265536,0.010236412381184445,-0.03728978796002924
2020-01-23 06:00:00+00:00,ETHUSDT,MeanReversion_RSI,1,range,-0.024623636252818826,0.010544279880538854,-0.03699640397391357
2020-01-23 08:00:00+00:00,ETHUSDT,MeanReversion_RSI,1,range,-0.016103452482615466,0.0011589605953397086,-0.03623276808588505
2020-01-23 09:00:00+00:00,ETHUSDT,MeanReversion_RSI,1,range,-0.00598985392090956,0.0027504431269480545,-0.0469408960332498
2020-01-23 10:00:00+00:00,ETHUSDT,MeanReversion_RSI,1,range,-0.0032991202346042137,0.0019550342130987275,-0.048020527859237605
2020-01-23 11:00:00+00:00,ETHUSDT,MeanReversion_RSI,1,range,0.0006754267468991326,0.00699987719513695,-0.04384133611691032
2020-01-23 12:00:00+00:00,ETHUSDT,MeanReversion_RSI,1,range,0.0019636720667648433,0.006381934216985741,-0.0444280805105548
2020-01-23 13:00:00+00:00,ETHUSDT,MeanReversion_RSI,1,range,-0.0011128972424879757,0.01397304315568193,-0.03722022999876351
2020-01-23 14:00:00+00:00,ETHUSDT,MeanReversion_RSI,1,range,-0.02174850594541311,0.01041217423448959,-0.040601318464666414
2020-01-23 17:00:00+00:00,ETHUSDT,MeanReversion_RSI,1,range,-0.014451581027667859,0.010684288537549547,-0.03829051383399207
2020-01-23 18:00:00+00:00,ETHUSDT,MeanReversion_RSI,1,range,-0.0022495782040867773,0.022620758607761138,-0.02693245016559398
2020-01-24 23:00:00+00:00,ETHUSDT,MeanReversion_RSI,-1,bear,0.019307630818422128,0.019246141548299844,0.008915944167742662
2020-01-26 13:00:00+00:00,ETHUSDT,MeanReversion_RSI,-1,range,-0.030169512269750953,-0.0023866348448688957,-0.03335169206290933
2020-01-26 14:00:00+00:00,ETHUSDT,MeanReversion_RSI,-1,range,-0.026676456191874864,-0.003915810083211069,-0.03316201664219287
2020-01-26 15:00:00+00:00,ETHUSDT,MeanReversion_RSI,-1,range,-0.026676456191874864,-0.00874938815467452,-0.03811796377875676
2020-01-26 16:00:00+00:00,ETHUSDT,MeanReversion_RSI,-1,range,-0.013708601237413465,-0.010554409802256304,-0.029176270775203017
2020-01-26 17:00:00+00:00,ETHUSDT,MeanReversion_RSI,-1,range,-0.004805959389643011,-0.000841042893187538,-0.019283912050943153
2020-01-26 18:00:00+00:00,ETHUSDT,MeanReversion_RSI,-1,range,-0.00588694659698441,-0.0007809214873550907,-0.019222682765663412
2020-01-26 19:00:00+00:00,ETHUSDT,MeanReversion_RSI,-1,range,-0.007759398496240522,-0.00348872180451143,-0.025082706766917262
2020-01-26 20:00:00+00:00,ETHUSDT,MeanReversion_RSI,-1,range,0.004200672107537162,-0.0011401824291887852,-0.02712433989438323
2020-01-26 21:00:00+00:00,ETHUSDT,MeanReversion_RSI,-1,range,0.004362376000956125,0.0030476873431336537,-0.02282777578582529
2020-01-26 22:00:00+00:00,ETHUSDT,MeanReversion_RSI,-1,range,0.006340471348247445,0.0020935518602703818,-0.023806675439645764
2020-01-26 23:00:00+00:00,ETHUSDT,MeanReversion_RSI,-1,range,-0.004407385348421666,0.006372840976771821,-0.01941631923764131
2020-01-27 00:00:00+00:00,ETHUSDT,MeanReversion_RSI,-1,bull,-0.006287069988137661,0.010498220640569267,-0.0151838671411626
2020-01-27 01:00:00+00:00,ETHUSDT,MeanReversion_RSI,-1,bull,-0.005405726505880892,0.008969941784483737,-0.019900201972198994
2020-01-27 02:00:00+00:00,ETHUSDT,MeanReversion_RSI,-1,bull,-0.013945172824791241,0.005780691299165697,-0.029678188319427923
2020-01-27 03:00:00+00:00,ETHUSDT,MeanReversion_RSI,-1,bull,-0.013706793802145345,0.005780691299165697,-0.029678188319427923
2020-01-27 04:00:00+00:00,ETHUSDT,MeanReversion_RSI,-1,bull,-0.01986596457635237,0.0017352800382958167,-0.033867879368118636
2020-01-27 05:00:00+00:00,ETHUSDT,MeanReversion_RSI,-1,bull,-0.015185938060504833,0.0025708477818963127,-0.03300251106062424
2020-01-27 06:00:00+00:00,ETHUSDT,MeanReversion_RSI,-1,bull,-0.023887727679904547,0.003702597790385065,-0.0318303971334728
2020-01-27 18:00:00+00:00,ETHUSDT,MeanReversion_RSI,-1,bull,-0.0014581510644502416,0.002624671916010457,-0.007757363662875605
2020-01-27 20:00:00+00:00,ETHUSDT,MeanReversion_RSI,-1,bull,0.004706565950029051,0.00639163277164434,-0.003951191167925749
2020-01-28 00:00:00+00:00,ETHUSDT,MeanReversion_RSI,-1,bull,-0.0006988120195667857,-0.0,-0.022187281621243837
2020-01-28 01:00:00+00:00,ETHUSDT,MeanReversion_RSI,-1,bull,0.007312719525536804,0.011228191397477882,-0.014164795301433886
2020-01-28 23:00:00+00:00,ETHUSDT,MeanReversion_RSI,-1,bull,-0.002899704343870768,-0.0026154196042755817,-0.011143961792130952
2020-01-29 00:00:00+00:00,ETHUSDT,MeanReversion_RSI,-1,bull,0.0021004825432869856,0.011410729491910465,-0.009594095940959502
2020-01-29 01:00:00+00:00,ETHUSDT,MeanReversion_RSI,-1,bull,0.006995768688293436,0.01754583921015518,-0.003328631875881616
2020-01-29 02:00:00+00:00,ETHUSDT,MeanReversion_RSI,-1,bull,-0.003293209175561973,0.01220758573699754,-0.009766068589597943
2020-01-29 03:00:00+00:00,ETHUSDT,MeanReversion_RSI,-1,bull,0.007640067911714787,0.017204301075268824,-0.006451612903225934
2020-01-29 04:00:00+00:00,ETHUSDT,MeanReversion_RSI,-1,bull,-0.002434054115249662,0.016981772897090464,-0.006679497339522333
2020-01-29 05:00:00+00:00,ETHUSDT,MeanReversion_RSI,-1,bull,0.004178666214919025,0.019368682590773068,-0.004235134677282648
2020-01-29 06:00:00+00:00,ETHUSDT,MeanReversion_RSI,-1,bull,0.005349400304071272,0.02212962441578925,-0.0014077369221239255
2020-01-29 07:00:00+00:00,ETHUSDT,MeanReversion_RSI,-1,bull,0.007518375133254818,0.02564102564102555,0.002188183807439792
2020-01-29 08:00:00+00:00,ETHUSDT,MeanReversion_RSI,-1,bull,0.01074787281683831,0.027877295118674428,0.013042991491267308
2020-01-29 09:00:00+00:00,ETHUSDT,MeanReversion_RSI,-1,bull,0.0015288788221969885,0.016647791619479047,0.002208380520951181
2020-01-29 10:00:00+00:00,ETHUSDT,MeanReversion_RSI,-1,bull,0.010842696629213555,0.024382022471910125,0.010056179775280838
2020-01-30 00:00:00+00:00,ETHUSDT,MeanReversion_RSI,1,bull,0.01939393939393952,0.08167388167388179,-0.006926406926406892
2020-01-30 16:00:00+00:00,ETHUSDT,MeanReversion_RSI,-1,bull,-0.026982967002080027,-0.007195457867221311,-0.03614593287986967
2020-01-30 17:00:00+00:00,ETHUSDT,MeanReversion_RSI,-1,bull,-0.01039986652577718,0.0035593126077526627,-0.025082031032756857
2020-01-30 18:00:00+00:00,ETHUSDT,MeanReversion_RSI,-1,bull,-0.011692036179130838,0.0118574895212884,-0.016545334215751106
2020-01-30 19:00:00+00:00,ETHUSDT,MeanReversion_RSI,-1,bull,-0.005006877579092128,0.014195323246217417,-0.014140302613480094
2020-01-30 20:00:00+00:00,ETHUSDT,MeanReversion_RSI,-1,bull,0.009947559063631983,0.031356436178839875,0.0035140833648700243
2020-01-30 21:00:00+00:00,ETHUSDT,MeanReversion_RSI,-1,bull,0.016486180701470787,0.03469640644361849,0.006950056570227958
2020-01-30 22:00:00+00:00,ETHUSDT,MeanReversion_RSI,-1,bull,0.027523916412805383,0.04243493132382037,0.016247127358238522
2020-01-30 23:00:00+00:00,ETHUSDT,MeanReversion_RSI,-1,bull,0.021335205790212752,0.03224586799178997,0.005779410176082966
2020-01-02 01:00:00+00:00,ETHUSDT,VWAP,1,bull,-0.006606745025735439,0.000537758316048409,-0.03372512867788269
2020-01-02 02:00:00+00:00,ETHUSDT,VWAP,1,bull,-0.0030840400925210565,0.00416345412490382,-0.03022359290670773
2020-01-02 03:00:00+00:00,ETHUSDT,VWAP,1,range,0.0030211480362536403,0.008908513440235577,-0.02564102564102566
2020-01-02 04:00:00+00:00,ETHUSDT,VWAP,1,bear,-0.016209957545349374,0.005326128907757521,-0.02910073330760332
2020-01-02 05:00:00+00:00,ETHUSDT,VWAP,1,bear,-0.01713227349899682,0.005093378607809784,-0.029325513196481023
2020-01-02 06:00:00+00:00,ETHUSDT,VWAP,1,bear,-0.01491614498802063,0.006569286652755357,-0.027900146842878004
2020-01-02 07:00:00+00:00,ETHUSDT,VWAP,1,bear,-0.01353650990099009,0.007425742574257432,-0.02707301980198018
2020-01-02 09:00:00+00:00,ETHUSDT,VWAP,1,bear,-0.017774699907663893,0.023160972606955932,-0.032163742690058506
2020-01-02 10:00:00+00:00,ETHUSDT,VWAP,1,bear,-0.01827857473391936,0.025528304797161727,-0.02992441770785126
2020-01-02 11:00:00+00:00,ETHUSDT,VWAP,1,bear,-0.01830398517145493,0.02695396972505404,-0.028575841828853754
2020-01-02 12:00:00+00:00,ETHUSDT,VWAP,1,bear,-0.02217431475207876,0.023791191869418027,-0.031567600862334455
2020-01-02 13:00:00+00:00,ETHUSDT,VWAP,1,bear,-0.02590673575129543,0.03588276235403276,-0.02729873946330519
2020-01-02 14:00:00+00:00,ETHUSDT,VWAP,1,bear,-0.01848414539829868,0.03596287703016232,-0.0272235112142305
2020-01-02 15:00:00+00:00,ETHUSDT,VWAP,1,bear,-0.021007105344454602,0.0345227062094533,-0.028575841828853754
2020-01-02 16:00:00+00:00,ETHUSDT,VWAP,1,bear,0.013966261278932857,0.051000392310710074,-0.013103177716751735
2020-01-02 17:00:00+00:00,ETHUSDT,VWAP,1,bear,0.014290201005025205,0.0595163316582914,-0.012405778894472363
2020-01-02 18:00:00+00:00,ETHUSDT,VWAP,1,bear,0.013337517652596942,0.05868507767142628,-0.013180605680213398
2020-01-02 19:00:00+00:00,ETHUSDT,VWAP,1,bear,0.01011526699600096,0.05810397553516822,-0.013722261428683491
2020-01-02 20:00:00+00:00,ETHUSDT,VWAP,1,bear,0.03933600818188987,0.06160018881283924,-0.010463378176382654
2020-01-02 21:00:00+00:00,ETHUSDT,VWAP,1,bear,0.03658441049745398,0.057109283196239646,-0.014649432040736432
2020-01-02 22:00:00+00:00,ETHUSDT,VWAP,1,bear,0.03700212114070234,0.06009898656610879,-0.01186267577971567
2020-01-02 23:00:00+00:00,ETHUSDT,VWAP,1,bear,0.0417748406891667,0.06262292502556832,-0.010463378176382654
2020-01-03 00:00:00+00:00,ETHUSDT,VWAP,1,bear,0.040866141732283534,0.06354330708661404,-0.009606299212598368
2020-01-03 01:00:00+00:00,ETHUSDT,VWAP,1,bear,0.05962210225468412,0.07232454747538908,-0.0012702445220704739
2020-01-03 02:00:00+00:00,ETHUSDT,VWAP,1,bear,0.03687652667244512,0.06429753368528868,-0.0025214719092269133
2020-01-03 03:00:00+00:00,ETHUSDT,VWAP,1,bear,0.044887977279898905,0.06555695803092454,0.00039444619753870036
2020-01-03 04:00:00+00:00,ETHUSDT,VWAP,-1,bear,-0.03226804921457882,-0.0006190513038768497,-0.03211328638860955
2020-01-03 05:00:00+00:00,ETHUSDT,VWAP,-1,bear,-0.036770397894410944,-0.001006347731846935,-0.03274500696702276
2020-01-03 06:00:00+00:00,ETHUSDT,VWAP,-1,bear,-0.03321461752864652,-0.002090430473830951,-0.03429854444100355
2020-01-03 08:00:00+00:00,ETHUSDT,VWAP,-1,bear,-0.009688895617288473,-0.0027250018923623553,-0.01120278555748988
2020-01-03 09:00:00+00:00,ETHUSDT,VWAP,-1,bear,-0.0009068923821040631,-0.0011336154776300233,-0.009597944377267353
2020-01-03 10:00:00+00:00,ETHUSDT,VWAP,-1,bear,-0.007575757575757569,-0.003560606060606153,-0.01204545454545447
2020-01-03 11:00:00+00:00,ETHUSDT,VWAP,-1,range,-0.01412173387705784,-0.0003775864673010165,-0.008835523334843831
2020-01-03 12:00:00+00:00,ETHUSDT,VWAP,-1,range,-0.010893410999319064,-0.0021181632498676883,-0.01059081624933822
2020-01-03 13:00:00+00:00,ETHUSDT,VWAP,-1,range,0.003746160185809533,0.007492320371619066,-0.0008990784445943589
2020-01-03 14:00:00+00:00,ETHUSDT,VWAP,-1,range,-0.013830838209590413,-0.006687438255186473,-0.015198723307242146
2020-01-03 15:00:00+00:00,ETHUSDT,VWAP,-1,range,-0.006040015100037932,-0.005662514156285381,-0.008607021517553992
2020-01-03 16:00:00+00:00,ETHUSDT,VWAP,-1,bull,-0.0017241379310344307,0.0014992503748126884,-0.0014242878560719596
2020-01-03 17:00:00+00:00,ETHUSDT,VWAP,-1,bull,0.002090644366460115,0.0054506085268425375,0.0025386395878443935
2020-01-03 18:00:00+00:00,ETHUSDT,VWAP,-1,bull,-0.003297115024353703,0.0018733608092919019,-0.0010490820532036427
2020-01-03 19:00:00+00:00,ETHUSDT,VWAP,-1,bull,-0.003223146690652934,0.0015740948954351408,-0.0013492241960872953
2020-01-03 20:00:00+00:00,ETHUSDT,VWAP,-1,bull,-0.0011994902166581056,0.0014243946322812784,-0.001499362770822632
2020-01-03 21:00:00+00:00,ETHUSDT,VWAP,-1,bull,-0.012156448202959913,-0.005738447598912622,-0.00913621262458486
2020-01-03 22:00:00+00:00,ETHUSDT,VWAP,-1,bull,-0.002406015037593967,-0.0015037593984961184,-0.00601503759398514
2020-01-03 23:00:00+00:00,ETHUSDT,VWAP,-1,bull,0.004319011095390457,0.008116762230992669,0.0036488197185194915
2020-01-04 00:00:00+00:00,ETHUSDT,VWAP,-1,bull,0.0068846815834766595,0.003217840305320685,-0.0036668412781561965
2020-01-04 01:00:00+00:00,ETHUSDT,VWAP,-1,bull,0.0009776641347671866,-0.0017297134692035865,-0.012860043618861505
2020-01-04 02:00:00+00:00,ETHUSDT,VWAP,-1,bull,0.0027734052919571317,0.0015740948954351408,-0.012517802263698474
2020-01-04 03:00:00+00:00,ETHUSDT,VWAP,-1,bull,0.0003001876172606943,0.0003752345215760622,-0.016360225140712892
2020-01-04 04:00:00+00:00,ETHUSDT,VWAP,-1,bull,0.0039661752600463895,0.003217840305320685,-0.014442864626206697
2020-01-04 05:00:00+00:00,ETHUSDT,VWAP,-1,bull,-0.006434717545828583,0.0033670033670034627,-0.01459034792368108
2020-01-04 06:00:00+00:00,ETHUSDT,VWAP,-1,bull,0.0032862797819105394,0.005153484203450631,-0.014190753603704476
2020-01-04 07:00:00+00:00,ETHUSDT,VWAP,-1,bull,0.0014196054991033602,0.004781829049611552,-0.014569635385534907
2020-01-04 09:00:00+00:00,ETHUSDT,VWAP,-1,bull,0.00014919806042523742,0.006340917568071758,-0.012980231256993546
2020-01-04 17:00:00+00:00,ETHUSDT,VWAP,-1,bull,-0.011820682477139188,0.0030481005129729954,-0.015983941714370786
2020-01-05 00:00:00+00:00,ETHUSDT,VWAP,-1,bull,-0.008163871159269753,-0.004453020632328997,-0.019741724803324923
2020-01-05 01:00:00+00:00,ETHUSDT,VWAP,-1,bull,-0.0,0.0016228976099144088,-0.013573325464738994
2020-01-05 02:00:00+00:00,ETHUSDT,VWAP,-1,bull,-0.0010338207059519267,0.0005907546891151805,-0.014621178555604963
2020-01-05 03:00:00+00:00,ETHUSDT,VWAP,-1,bull,-0.007641440117560627,0.005584129316678843,-0.015209404849375385
2020-01-05 04:00:00+00:00,ETHUSDT,VWAP,-1,bull,-0.009128386336866967,0.0036808009422850674,-0.023336277974087105
2020-01-05 05:00:00+00:00,ETHUSDT,VWAP,-1,bull,-0.012049963262307228,0.005584129316678843,-0.021381337252020627
2020-01-05 06:00:00+00:00,ETHUSDT,VWAP,-1,bull,-0.012349309026756794,0.005145545427815312,-0.021831814172302177
2020-01-05 07:00:00+00:00,ETHUSDT,VWAP,-1,bull,-0.013899102809236785,0.004706574496249338,-0.022282688630681058
2020-01-05 08:00:00+00:00,ETHUSDT,VWAP,-1,bull,-0.01803000073893446,-7.389344565122968e-05,-0.02719278799970426
2020-01-05 09:00:00+00:00,ETHUSDT,VWAP,-1,bull,-0.0003696584356056576,-0.0005914534969688745,-0.03282566908176854
2020-01-05 12:00:00+00:00,ETHUSDT,VWAP,-1,bull,0.0015459363957597283,0.0030918727915195676,-0.041004122497055207
2020-01-05 13:00:00+00:00,ETHUSDT,VWAP,-1,bull,-0.011950427854824364,0.0010327530244911287,-0.043154322809088264
2020-01-05 14:00:00+00:00,ETHUSDT,VWAP,-1,bull,-0.025597521392741296,0.0010327530244911287,-0.043154322809088264
2020-01-05 15:00:00+00:00,ETHUSDT,VWAP,-1,bull,-0.01655242817558711,0.0125419279568324,-0.031136065334694596
2020-01-05 16:00:00+00:00,ETHUSDT,VWAP,-1,bull,-0.01641377297928215,0.012109716953603966,-0.031587394222351683
2020-01-05 17:00:00+00:00,ETHUSDT,VWAP,-1,bull,-0.009655873384637692,0.016843328009293,-0.026644402497458808
2020-01-05 18:00:00+00:00,ETHUSDT,VWAP,-1,bull,-0.008059831542259754,0.016700551844321843,-0.026793494045890265
2020-01-05 19:00:00+00:00,ETHUSDT,VWAP,-1,bull,-0.006672952781605845,0.017770363385798293,-0.02567636179009214
2020-01-05 20:00:00+00:00,ETHUSDT,VWAP,-1,bull,-0.01974305001088772,0.017057414531465698,-0.026420846338099713
2020-01-05 21:00:00+00:00,ETHUSDT,VWAP,1,bull,0.04027788042273284,0.05683245879831489,-0.008499002291035396
2020-01-05 22:00:00+00:00,ETHUSDT,VWAP,1,bull,0.05141883381492174,0.0644587686152478,-0.00600133362969546
2020-01-06 01:00:00+00:00,ETHUSDT,VWAP,-1,bull,-0.021504592506196074,-0.013704621664965666,-0.04505029887738732
2020-01-06 02:00:00+00:00,ETHUSDT,VWAP,-1,bull,-0.014097676760411515,-0.00021578076674089175,-0.03402143422282955
2020-01-06 03:00:00+00:00,ETHUSDT,VWAP,-1,bull,-0.0052363532027830395,0.002510580302704235,-0.031202926619324334
2020-01-06 04:00:00+00:00,ETHUSDT,VWAP,-1,bull,-0.008971506495370596,0.0019378454030001269,-0.031795019019593695
2020-01-06 05:00:00+00:00,ETHUSDT,VWAP,-1,bull,-0.01941468325303819,7.190623427044684e-05,-0.03372402387286977
2020-01-06 06:00:00+00:00,ETHUSDT,VWAP,-1,bull,-0.015486566304112825,-0.001656702441835245,-0.03551105668803567
2020-01-06 07:00:00+00:00,ETHUSDT,VWAP,-1,bull,-0.018012825131493715,-0.014194106203617052,-0.03580949636140929
2020-01-06 08:00:00+00:00,ETHUSDT,VWAP,-1,bull,-0.01153106982703389,-0.001921844971172204,-0.02327567798419805
2020-01-06 09:00:00+00:00,ETHUSDT,VWAP,-1,bull,-0.006038647342995418,-0.003552145495879566,-0.021312872975277175
2020-01-06 10:00:00+00:00,ETHUSDT,VWAP,-1,bull,-0.007469522937072703,0.004580367838771138,-0.013036431541117555
2020-01-06 11:00:00+00:00,ETHUSDT,VWAP,-1,bull,-0.017950530035335532,0.00169611307420503,-0.015971731448763293
2020-01-06 12:00:00+00:00,ETHUSDT,VWAP,-1,bull,-0.010406412600196813,0.006750105470398005,-0.010828294192096743
2020-01-06 13:00:00+00:00,ETHUSDT,VWAP,-1,bull,-0.026618140298294568,-0.007849853707271759,-0.025904517233996893
2020-01-06 14:00:00+00:00,ETHUSDT,VWAP,-1,bull,-0.020852542733527102,-0.001702248386410199,-0.01964678345981974
2020-01-06 15:00:00+00:00,ETHUSDT,VWAP,-1,bull,-0.023833309547595327,-0.004852290566576434,-0.025831311545597258
2020-01-06 16:00:00+00:00,ETHUSDT,VWAP,-1,bull,-0.013657703798548804,-0.0017072129748185727,-0.022620571916346366
2020-01-06 17:00:00+00:00,ETHUSDT,VWAP,-1,bull,-0.008393877407067762,0.006700994568667684,-0.014036820201735134
2020-01-06 18:00:00+00:00,ETHUSDT,VWAP,-1,bull,-0.012767768477798258,0.001134912753582018,-0.019719109093488507
2020-01-06 19:00:00+00:00,ETHUSDT,VWAP,-1,bull,-0.010687239011961447,0.0033264916129945865,-0.01748177507254578
2020-01-06 20:00:00+00:00,ETHUSDT,VWAP,-1,bull,-0.00724790655126295,0.009077475195271467,-0.011610724086974722
2020-01-06 21:00:00+00:00,ETHUSDT,VWAP,-1,bull,-0.006496716333592278,0.0055787020690630795,-0.01518254360567739
2020-01-06 22:00:00+00:00,ETHUSDT,VWAP,-1,bull,0.0009092816674826087,0.01503811988529069,-0.0055256347485486135
2020-01-06 23:00:00+00:00,ETHUSDT,VWAP,-1,bull,0.00978894751457926,0.022354901416273276,0.001943904470980251
2020-01-07 00:00:00+00:00,ETHUSDT,VWAP,-1,bull,0.017954070981210712,0.020041753653444627,-0.00041753653444676075
2020-01-07 01:00:00+00:00,ETHUSDT,VWAP,-1,bull,0.02029751146948433,0.021131655776449487,-0.009801195606840007
2020-01-07 02:00:00+00:00,ETHUSDT,VWAP,-1,bull,0.021746682415062835,0.021607725977906056,-0.009310081289515715
2020-01-07 03:00:00+00:00,ETHUSDT,VWAP,-1,bull,0.028017842207973098,0.018539169222191232,-0.01247560635628675
2020-01-07 05:00:00+00:00,ETHUSDT,VWAP,-1,bull,0.0015388919977615823,0.014969222160044815,-0.016158365976497002
2020-01-07 06:00:00+00:00,ETHUSDT,VWAP,-1,bull,0.0022412102535368517,0.013727412802913674,-0.017439417285334047
2020-01-07 07:00:00+00:00,ETHUSDT,VWAP,-1,bull,-0.0028011204481790397,0.013865546218487568,-0.01729691876750694
2020-01-07 08:00:00+00:00,ETHUSDT,VWAP,-1,bull,-0.01117786782171315,0.01620790834148378,-0.014880536537655642
2020-01-07 12:00:00+00:00,ETHUSDT,VWAP,1,bull,0.04528061224489788,0.04832766439909286,-0.017148526077097603
2020-01-07 13:00:00+00:00,ETHUSDT,VWAP,1,bull,0.03334752376897954,0.04966652476231026,-0.015893287923939292
2020-01-07 14:00:00+00:00,ETHUSDT,VWAP,1,bull,0.02649147727272716,0.050710227272727115,-0.014914772727272929
2020-01-07 15:00:00+00:00,ETHUSDT,VWAP,1,bull,0.03656962569912525,0.0608059658683493,-0.0054495912806541424
2020-01-07 16:00:00+00:00,ETHUSDT,VWAP,1,bull,0.02633069082672712,0.047140430351075846,-0.023570215175538034
2020-01-07 19:00:00+00:00,ETHUSDT,VWAP,-1,bull,-0.002723463687150929,0.02674581005586585,-0.014455307262569939
2020-01-07 20:00:00+00:00,ETHUSDT,VWAP,-1,bull,0.006148956750034684,0.03710100870526467,-0.003661738289346461
2020-01-08 00:00:00+00:00,ETHUSDT,VWAP,-1,bull,0.034912887261880354,0.05518269947800136,0.01518541115856542
2020-01-08 01:00:00+00:00,ETHUSDT,VWAP,-1,bull,0.017714913485306072,0.043051359516616206,0.007278220269156699
2020-01-08 02:00:00+00:00,ETHUSDT,VWAP,-1,bull,0.017366636684425285,0.03570193039507363,-0.00034594893793693515
2020-01-08 03:00:00+00:00,ETHUSDT,VWAP,-1,bull,0.021375207526286633,0.03590204759269511,-0.00013835085777547107
2020-01-08 04:00:00+00:00,ETHUSDT,VWAP,-1,bull,0.042068965517241375,0.038827586206896525,0.0028965517241378302
2020-01-08 05:00:00+00:00,ETHUSDT,VWAP,-1,bull,0.04157745700669924,0.037433524414669406,0.001450376407210352
2020-01-08 06:00:00+00:00,ETHUSDT,VWAP,-1,bull,0.03941565600882024,0.03962238147739805,0.011714443219404735
2020-01-08 12:00:00+00:00,ETHUSDT,VWAP,1,bull,-0.017631357122787406,0.008007867378476918,-0.03659735880865422
2020-01-08 14:00:00+00:00,ETHUSDT,VWAP,1,bull,-0.011336431488522813,0.0019715533023518805,-0.03429094493733276
2020-01-08 15:00:00+00:00,ETHUSDT,VWAP,1,bull,-0.010885700148441257,0.0031102000424116927,-0.030536509507316012
2020-01-08 16:00:00+00:00,ETHUSDT,VWAP,1,bull,0.007775377969762243,0.018862491000720016,-0.025701943844492425
2020-01-08 17:00:00+00:00,ETHUSDT,VWAP,1,bull,0.0025221589680766154,0.019816963320602454,-0.02478921957195357
2020-01-08 18:00:00+00:00,ETHUSDT,VWAP,1,range,-0.00014347202295561523,0.015208034433285444,-0.029196556671449048
2020-01-08 19:00:00+00:00,ETHUSDT,VWAP,1,range,0.014575779550398682,0.026250906453952227,-0.018636693255982495
2020-01-08 20:00:00+00:00,ETHUSDT,VWAP,1,range,0.0012215276280809206,0.01688582309405784,-0.027592153481353576
2020-01-08 21:00:00+00:00,ETHUSDT,VWAP,1,range,-0.006825202959982679,0.01673970831237881,-0.027731877290035123
2020-01-08 22:00:00+00:00,ETHUSDT,VWAP,1,range,-0.011605553577785699,0.007618369526521951,-0.03645425418298309
2020-01-08 23:00:00+00:00,ETHUSDT,VWAP,1,range,-0.018046181172291287,0.005470692717584491,-0.038507992895204124
2020-01-09 00:00:00+00:00,ETHUSDT,VWAP,1,range,-0.009796210225241353,0.01194136574901683,-0.03232034322488364
2020-01-09 02:00:00+00:00,ETHUSDT,VWAP,1,range,-0.0188020796239583,0.0,-0.03617975927640471
2020-01-09 03:00:00+00:00,ETHUSDT,VWAP,1,range,-0.012935038948045485,0.003215893661116187,-0.032873579646966244
2020-01-09 04:00:00+00:00,ETHUSDT,VWAP,1,range,-0.02936133733390478,0.0016430918702672326,-0.03321903129018411
2020-01-09 05:00:00+00:00,ETHUSDT,VWAP,1,range,-0.0224985623921794,0.00783496262219674,-0.02803335250143768
2020-01-09 06:00:00+00:00,ETHUSDT,VWAP,1,range,-0.025182953077916403,0.005954943320419126,-0.02984646290716031
2020-01-09 08:00:00+00:00,ETHUSDT,VWAP,1,range,-0.011698004880149271,0.0,-0.02956796325534672
2020-01-09 09:00:00+00:00,ETHUSDT,VWAP,1,range,-0.009114583333333481,0.00788483796296302,-0.02184606481481488
2020-01-09 10:00:00+00:00,ETHUSDT,VWAP,1,range,-0.008716323296354855,0.0036738222158192446,-0.02593286269989914
2020-01-09 11:00:00+00:00,ETHUSDT,VWAP,1,range,-0.003472975906229747,0.008103610447869114,-0.021633745749222277
2020-01-09 12:00:00+00:00,ETHUSDT,VWAP,1,range,-0.00931542461005197,0.009387637203928545,-0.02354130560369727
2020-01-09 13:00:00+00:00,ETHUSDT,VWAP,1,range,-0.009477644335117996,0.01280567211691519,-0.021704529011720486
2020-01-09 14:00:00+00:00,ETHUSDT,VWAP,1,range,-0.009000508093198856,0.017347753502213736,-0.018509109385207334
2020-01-09 15:00:00+00:00,ETHUSDT,VWAP,1,range,-0.008543295684911745,0.035259194902983015,-0.020996235157833776
2020-01-09 16:00:00+00:00,ETHUSDT,VWAP,1,range,0.0034591889305954915,0.056966217708103395,-0.004783984691249077
2020-01-09 17:00:00+00:00,ETHUSDT,VWAP,1,range,-0.002132509743363653,0.056033531877343945,-0.005662181042723757
2020-01-09 18:00:00+00:00,ETHUSDT,VWAP,1,range,0.005225583278133605,0.06830058143813944,-0.004783984691249077
2020-01-09 19:00:00+00:00,ETHUSDT,VWAP,1,range,-0.006471315349378393,0.05540609321602563,-0.016796335345015678
2020-01-09 20:00:00+00:00,ETHUSDT,VWAP,1,range,-0.01205431704306148,0.05402657759058882,-0.018081475564592275
2020-01-09 21:00:00+00:00,ETHUSDT,VWAP,1,range,-0.006862315666520624,0.05964374361220637,-0.01284859103518754
2020-01-09 22:00:00+00:00,ETHUSDT,VWAP,1,range,-0.006031538405639192,0.054792529612673446,-0.017367923842744104
2020-01-10 00:00:00+00:00,ETHUSDT,VWAP,1,range,0.01873314381514679,0.05802172169983244,-0.014359647204606696
2020-01-10 01:00:00+00:00,ETHUSDT,VWAP,1,range,0.013220363742604713,0.061208092907749645,-0.012343875538674998
2020-01-10 02:00:00+00:00,ETHUSDT,VWAP,1,range,0.026587563172929096,0.064161722698308,-0.009594960814472975
2020-01-10 03:00:00+00:00,ETHUSDT,VWAP,1,range,0.04009055060610489,0.060975609756097615,-0.012560245362932654
2020-01-10 04:00:00+00:00,ETHUSDT,VWAP,1,range,0.0346926800645444,0.0656447117500365,-0.008214757224585645
2020-01-10 05:00:00+00:00,ETHUSDT,VWAP,1,range,0.04598378776713341,0.07067059690493749,-0.0029476787030211504
2020-01-10 06:00:00+00:00,ETHUSDT,VWAP,1,range,0.04400351442378092,0.06377214819153587,-0.009371796749158001
2020-01-10 08:00:00+00:00,ETHUSDT,VWAP,1,range,0.05262771040058789,0.0679162072767363,-0.005512679162072764
2020-01-10 09:00:00+00:00,ETHUSDT,VWAP,1,range,0.049911790649808996,0.06799470743898861,-0.005439576595118956
2020-01-10 11:00:00+00:00,ETHUSDT,VWAP,-1,range,-0.046696544744831536,-0.010409136909064642,-0.03708255023854279
2020-01-10 12:00:00+00:00,ETHUSDT,VWAP,-1,range,-0.026688609044075662,-0.0016456783056670865,-0.026545506582713374
2020-01-10 13:00:00+00:00,ETHUSDT,VWAP,-1,range,-0.038638985005767124,-0.01038062283737018,-0.03424163783160328
2020-01-10 14:00:00+00:00,ETHUSDT,VWAP,-1,range,-0.02604166666666674,-0.013127853881278462,-0.023615867579908745
2020-01-10 15:00:00+00:00,ETHUSDT,VWAP,-1,range,-0.007161412623744923,0.003019026890402343,-0.0073018324791125355
2020-01-10 16:00:00+00:00,ETHUSDT,VWAP,-1,range,-0.015028000283547227,-0.006592471822499446,-0.01701283050967617
2020-01-10 17:00:00+00:00,ETHUSDT,VWAP,-1,bull,-0.006552064252501211,-0.006904325771452724,-0.02684232774411721
2020-01-10 18:00:00+00:00,ETHUSDT,VWAP,-1,bull,-0.0018935409215232735,-0.0023143277929726924,-0.022161441896346057
2020-01-10 19:00:00+00:00,ETHUSDT,VWAP,-1,bull,0.0034872367136281612,0.0032082577765378817,-0.016878225693960136
2020-01-10 20:00:00+00:00,ETHUSDT,VWAP,-1,bull,0.003421548774526939,0.002024998254312016,-0.018085329236785075
2020-01-10 21:00:00+00:00,ETHUSDT,VWAP,-1,bull,-0.006581250437583064,-0.00063011972274718,-0.020793950850661602
2020-01-10 22:00:00+00:00,ETHUSDT,VWAP,-1,bull,-6.99937005668172e-05,-0.00034996850283453007,-0.020508154266116074
2020-01-10 23:00:00+00:00,ETHUSDT,VWAP,-1,bull,0.015124309392265167,0.012983425414364813,-0.006906077348066253
2020-01-11 00:00:00+00:00,ETHUSDT,VWAP,-1,bull,0.005714683950101218,0.003972402257997221,-0.01609868283504068
2020-01-11 01:00:00+00:00,ETHUSDT,VWAP,-1,bull,0.003817323709050635,0.008051082731815873,-0.011937812326485275
2020-01-11 02:00:00+00:00,ETHUSDT,VWAP,-1,bull,0.008622488005006645,0.006188721229399952,-0.01383770252416383
2020-01-11 03:00:00+00:00,ETHUSDT,VWAP,-1,bull,0.0003485535029625897,0.0036946671314046498,-0.016382014639247267
2020-01-11 04:00:00+00:00,ETHUSDT,VWAP,-1,bull,-0.021649556533277492,0.0018856065367693908,-0.018227529855436853
2020-01-11 05:00:00+00:00,ETHUSDT,VWAP,-1,bull,-0.025687688108070095,-0.00034996850283453007,-0.020508154266116074
2020-01-11 06:00:00+00:00,ETHUSDT,VWAP,-1,bull,-0.026109477810443815,-0.0004199916001679238,-0.02057958840823182
2020-01-11 07:00:00+00:00,ETHUSDT,VWAP,-1,bull,-0.023866181410974185,-0.00027995520716683764,-0.02043673012318048
2020-01-11 08:00:00+00:00,ETHUSDT,VWAP,-1,bull,-0.022071188340807124,-0.0014013452914798386,-0.021580717488789425
2020-01-11 09:00:00+00:00,ETHUSDT,VWAP,-1,bull,-6.955554009868692e-05,0.0059122209083954935,-0.014119774640050098
2020-01-11 13:00:00+00:00,ETHUSDT,VWAP,-1,bull,0.001950811677001285,0.0006270466104647543,-0.015815508952832236
2020-01-11 16:00:00+00:00,ETHUSDT,VWAP,-1,bull,0.018593205277189107,0.019481851117643,0.003349511244787662
2020-01-11 17:00:00+00:00,ETHUSDT,VWAP,-1,bull,0.016582503070833754,0.0211546335471543,0.005049815749965769
2020-01-11 18:00:00+00:00,ETHUSDT,VWAP,-1,bull,0.015758237260386165,0.021488505355071963,0.005389180708097352
2020-01-11 19:00:00+00:00,ETHUSDT,VWAP,-1,bull,0.011962540159956236,0.019481851117643,0.007929455191742374
2020-01-11 20:00:00+00:00,ETHUSDT,VWAP,-1,bull,0.006923973400973393,0.016658668677589694,0.00932337012408313
2020-01-11 22:00:00+00:00,ETHUSDT,VWAP,1,bull,0.0015351336264042281,0.01800293070965031,-0.011164608192031245
2020-01-11 23:00:00+00:00,ETHUSDT,VWAP,1,bull,0.007162921348314422,0.029494382022471788,-0.004845505617977475
2020-01-12 00:00:00+00:00,ETHUSDT,VWAP,1,bull,0.0030009072510295276,0.025891548607718695,-0.00272175308814282
2020-01-12 01:00:00+00:00,ETHUSDT,VWAP,1,bull,0.013054101221640524,0.02617801047120416,-0.0013961605584641434
2020-01-12 10:00:00+00:00,ETHUSDT,VWAP,1,bull,0.012889291437330197,0.024176130425694886,-0.008430293318470117
2020-01-12 11:00:00+00:00,ETHUSDT,VWAP,1,bull,0.021963463952028972,0.024961651094687065,-0.00766978106261329
2020-01-12 20:00:00+00:00,ETHUSDT,VWAP,-1,bull,0.0071186674960259655,0.010919897712350468,-0.001658718639850676
2020-01-12 22:00:00+00:00,ETHUSDT,VWAP,-1,bull,0.009629935341862739,0.015614252304305798,0.0030953363598843486
2020-01-12 23:00:00+00:00,ETHUSDT,VWAP,-1,bull,0.02565327147438079,0.0236064678992971,0.0111891928771235
2020-01-13 01:00:00+00:00,ETHUSDT,VWAP,-1,bull,0.017195130339087927,0.015681958869248058,6.878052135628199e-05
2020-01-13 02:00:00+00:00,ETHUSDT,VWAP,1,bull,-0.0003498460677300308,0.039532605653512576,-0.004198152812762368
2020-01-13 03:00:00+00:00,ETHUSDT,VWAP,1,bull,-0.00439208031232563,0.04162018962632463,-0.007808142777467997
2020-01-13 05:00:00+00:00,ETHUSDT,VWAP,1,bull,-0.002440555051948956,0.051391116379611024,-0.007600585733212539
2020-01-13 06:00:00+00:00,ETHUSDT,VWAP,1,bull,0.005614823133071489,0.058253790005614814,-0.001122964626614209
2020-01-13 07:00:00+00:00,ETHUSDT,VWAP,1,bull,0.0037791307999162083,0.05521730002099523,-0.002729372244383743
2020-01-13 09:00:00+00:00,ETHUSDT,VWAP,1,bull,0.006558292053303605,0.059233935672922566,-0.005790832344938379
2020-01-13 11:00:00+00:00,ETHUSDT,VWAP,1,range,0.005391779287164944,0.06309081997059018,-0.0021707163363909876
2020-01-13 12:00:00+00:00,ETHUSDT,VWAP,1,range,0.01530077551875908,0.07175295186194375,-0.004261859847690785
2020-01-13 13:00:00+00:00,ETHUSDT,VWAP,1,range,0.032122611799286105,0.07936174679823638,-0.0025894044369793034
2020-01-13 14:00:00+00:00,ETHUSDT,VWAP,1,range,0.030657240848323664,0.10303072723454898,-0.002449779519843154
2020-01-13 15:00:00+00:00,ETHUSDT,VWAP,1,range,0.04299418808206701,0.10496463833064928,-0.002030670121139888
2020-01-13 17:00:00+00:00,ETHUSDT,VWAP,1,range,0.03795610233468483,0.16223961973996937,-0.0011883125961136276
2020-01-14 00:00:00+00:00,ETHUSDT,VWAP,-1,bull,-0.04032480044040754,-0.015551885494082152,-0.12868153041563457
2020-01-14 01:00:00+00:00,ETHUSDT,VWAP,-1,bull,-0.04488744236506648,-0.000678058041768459,-0.1255763493355031
2020-01-14 02:00:00+00:00,ETHUSDT,VWAP,-1,bull,-0.059151103565365126,-0.012699490662139157,-0.1330390492359932
2020-01-14 03:00:00+00:00,ETHUSDT,VWAP,-1,bull,-0.04786841221886551,-0.0011413225914738145,-0.1201074185968447
2020-01-14 04:00:00+00:00,ETHUSDT,VWAP,-1,bull,-0.06972846128058996,0.0002011397921555247,-0.11860543077438823
2020-01-14 05:00:00+00:00,ETHUSDT,VWAP,-1,bull,-0.10532695804431258,-0.0042427099467976515,-0.12357734527577602
2020-01-14 06:00:00+00:00,ETHUSDT,VWAP,-1,bull,-0.11272141706924321,-0.004092860976919077,-0.11943102522812676
2020-01-14 07:00:00+00:00,ETHUSDT,VWAP,-1,bull,-0.11093970085183447,-0.003957341203300047,-0.11905560399758541
2020-01-14 08:00:00+00:00,ETHUSDT,VWAP,-1,bull,-0.09539429642522435,-0.00836792073905479,-0.11688311688311703
2020-01-14 09:00:00+00:00,ETHUSDT,VWAP,-1,bull,-0.09589589589589598,-0.005205205205205177,-0.11338004671338009
2020-01-14 10:00:00+00:00,ETHUSDT,VWAP,-1,bull,-0.09015413234121716,-0.007042253521126751,-0.10842412968376292
2020-01-14 11:00:00+00:00,ETHUSDT,VWAP,-1,bull,-0.09361393323657463,-0.012006861063464713,-0.10067291199366668
2020-01-14 12:00:00+00:00,ETHUSDT,VWAP,-1,bull,-0.11952639237994434,-0.020174626273316454,-0.10358513030824179
2020-01-14 13:00:00+00:00,ETHUSDT,VWAP,-1,bull,-0.0865671641791046,-0.022647631408176494,-0.08267358857884499
2020-01-14 14:00:00+00:00,ETHUSDT,VWAP,-1,bull,-0.07187740446268265,-0.011797896896640125,-0.06976147730187221
2020-01-14 15:00:00+00:00,ETHUSDT,VWAP,-1,bull,-0.043118913377754975,-0.022232188621219784,-0.06893900563813427
2020-01-14 16:00:00+00:00,ETHUSDT,VWAP,-1,bull,-0.007145095581322369,-0.014164838608586638,-0.045691005954246355
2020-01-14 17:00:00+00:00,ETHUSDT,VWAP,-1,bull,0.018339121428136207,0.014135136781819213,-0.01651130201669404
2020-01-14 18:00:00+00:00,ETHUSDT,VWAP,-1,bull,0.01519536903039076,0.02430053063193438,-0.006029908345393187
2020-01-14 19:00:00+00:00,ETHUSDT,VWAP,-1,bull,0.024089838797319407,0.02306345468816029,-0.007305439835778582
2020-01-14 20:00:00+00:00,ETHUSDT,VWAP,-1,bull,0.009472590600745456,0.011122654769907703,-0.019617429566705313
2020-01-14 21:00:00+00:00,ETHUSDT,VWAP,-1,bull,-0.007611740348313134,0.01467543539154792,-0.01595420777006451
2020-01-14 22:00:00+00:00,ETHUSDT,VWAP,-1,bull,-0.02023279907367903,0.013894813821683227,-0.01675909561825817
2020-01-14 23:00:00+00:00,ETHUSDT,VWAP,-1,bull,0.006273752790010412,0.023888520238885214,-0.006454726428183566
2020-01-15 00:00:00+00:00,ETHUSDT,VWAP,-1,bull,0.02020679468242237,0.04395864106351555,0.014239290989660258
2020-01-15 01:00:00+00:00,ETHUSDT,VWAP,-1,bull,-0.006629240324892649,0.03362398471094119,0.003583373148590474
2020-01-15 02:00:00+00:00,ETHUSDT,VWAP,-1,bull,0.007597056888197562,0.0320631692289286,0.00801579230723204
2020-01-15 03:00:00+00:00,ETHUSDT,VWAP,-1,bull,0.0011670044837540638,0.011977151280633813,-0.018549229162827974
2020-01-15 04:00:00+00:00,ETHUSDT,VWAP,1,bull,0.02202999564378616,0.05258572406496964,-0.014064347501400176
2020-01-15 06:00:00+00:00,ETHUSDT,VWAP,-1,bull,-0.002449179524859124,0.015062454077883758,-0.01536860151849151
2020-01-15 09:00:00+00:00,ETHUSDT,VWAP,-1,bull,-0.00024173566205343278,0.027860035051670895,-0.002175620958482005
2020-01-15 10:00:00+00:00,ETHUSDT,VWAP,-1,bull,0.003404814527208644,0.03912550026880102,0.009437906935069518
2020-01-15 11:00:00+00:00,ETHUSDT,VWAP,-1,bull,-0.011351909184726505,0.023492988526679914,-0.006677593638074519
2020-01-15 12:00:00+00:00,ETHUSDT,VWAP,-1,bull,0.010552975939214893,0.029970451667370224,-0.0
2020-01-15 13:00:00+00:00,ETHUSDT,VWAP,-1,bull,0.04704835360427173,0.0456244437852269,0.0216552951646396
2020-01-15 14:00:00+00:00,ETHUSDT,VWAP,-1,bull,0.03261000602772757,0.030379746835442978,0.006027727546714878
2020-01-15 15:00:00+00:00,ETHUSDT,VWAP,1,bull,-0.015188783667445582,0.030808018693887496,-0.025765588488500746
2020-01-15 16:00:00+00:00,ETHUSDT,VWAP,1,bull,-0.022468489313767215,0.02070267308043605,-0.03531632466662593
2020-01-15 18:00:00+00:00,ETHUSDT,VWAP,1,bull,-0.007818226239921788,0.02388223796726119,-0.032311263132176804
2020-01-15 20:00:00+00:00,ETHUSDT,VWAP,-1,bull,0.029744021151303812,0.033409445980050356,0.009133517606056851
2020-01-15 22:00:00+00:00,ETHUSDT,VWAP,-1,bull,0.02523375689283147,0.03584272356748974,0.011627906976744207
2020-01-15 23:00:00+00:00,ETHUSDT,VWAP,-1,bull,0.013925570228091155,0.03445378151260492,0.017947178871548508
2020-01-16 01:00:00+00:00,ETHUSDT,VWAP,1,bull,0.00784460216660432,0.03349520607645373,-0.010833022039596574
2020-01-16 02:00:00+00:00,ETHUSDT,VWAP,1,bull,0.012274908093962145,0.042744096205370896,-0.010031777680852505
2020-01-16 03:00:00+00:00,ETHUSDT,VWAP,1,bull,0.01604745551045883,0.0458320324695598,-0.004121136434592554
2020-01-16 04:00:00+00:00,ETHUSDT,VWAP,1,bull,0.009904073751090037,0.04329139155350692,-0.004484863585399235
2020-01-16 05:00:00+00:00,ETHUSDT,VWAP,1,bull,0.008636644046884578,0.052066625539790135,-0.014065391733497856
2020-01-16 06:00:00+00:00,ETHUSDT,VWAP,1,bull,0.006525486333415431,0.056205368135927136,-0.016129032258064502
2020-01-16 07:00:00+00:00,ETHUSDT,VWAP,1,bull,0.015450483991064745,0.06459419210722261,-0.008314718292380285
2020-01-16 08:00:00+00:00,ETHUSDT,VWAP,1,bull,0.02601102371957631,0.08249210379637084,-0.010218616461262209
2020-01-16 09:00:00+00:00,ETHUSDT,VWAP,1,bull,0.013572136836886406,0.0832300446207237,-0.00613534952900352
2020-01-16 10:00:00+00:00,ETHUSDT,VWAP,1,bull,0.009961261759823037,0.07477095246879428,-0.01389657504765418
2020-01-16 12:00:00+00:00,ETHUSDT,VWAP,1,bull,0.007253057962997245,0.07437457741717379,-0.01426024955436711
2020-01-16 13:00:00+00:00,ETHUSDT,VWAP,1,bull,0.01952063256733383,0.07975043241907587,-0.009327897207808244
2020-01-16 16:00:00+00:00,ETHUSDT,VWAP,1,bull,0.028804046135816996,0.0780854869549128,-0.0020970825880466393
2020-01-16 20:00:00+00:00,ETHUSDT,VWAP,-1,bull,-0.03700126758012923,0.006639705438522325,-0.03343997102674012
2020-01-16 22:00:00+00:00,ETHUSDT,VWAP,-1,bull,-0.040669710806697124,-0.005783866057838649,-0.04237442922374424
2020-01-16 23:00:00+00:00,ETHUSDT,VWAP,-1,bull,-0.03486037598101843,-0.005171259962280184,-0.0416134331082314
2020-01-17 00:00:00+00:00,ETHUSDT,VWAP,-1,bull,-0.026667480319765735,-0.008238237627387512,-0.044791603100018396
2020-01-17 01:00:00+00:00,ETHUSDT,VWAP,-1,bull,-0.022479398933591854,-0.01114881240911303,-0.037930198739699605
2020-01-17 02:00:00+00:00,ETHUSDT,VWAP,-1,bull,-0.0030142271521582664,-0.006028454304316311,-0.032674222329394764
2020-01-17 03:00:00+00:00,ETHUSDT,VWAP,-1,bull,-0.01997578692493951,-0.01016949152542379,-0.03692493946731257
2020-01-17 04:00:00+00:00,ETHUSDT,VWAP,-1,bull,-0.0197242206235011,-0.011930455635491555,-0.026978417266187105
2020-01-17 05:00:00+00:00,ETHUSDT,VWAP,-1,bull,-0.00229303857008456,0.007584666039510912,-0.007173095014110897
2020-01-17 06:00:00+00:00,ETHUSDT,VWAP,-1,bull,-0.0262203460372199,-0.0012485879065342598,-0.018490992330102873
2020-01-17 07:00:00+00:00,ETHUSDT,VWAP,-1,bull,0.010512176604566825,0.016527477661624657,-0.00040880686795552457
2020-01-17 08:00:00+00:00,ETHUSDT,VWAP,-1,bull,0.014959254947613632,0.019790454016298087,0.0029103608847497187
2020-01-17 09:00:00+00:00,ETHUSDT,VWAP,-1,bull,0.0038329752018119168,0.022010569719495887,0.005168708984261472
2020-01-17 10:00:00+00:00,ETHUSDT,VWAP,-1,bull,-0.0059673550576258005,0.014801380682150644,-0.002164628795413348
2020-01-17 11:00:00+00:00,ETHUSDT,VWAP,-1,bull,0.00023515579071131665,0.009994121105232123,-0.007054673721340388
2020-01-17 12:00:00+00:00,ETHUSDT,VWAP,-1,bull,-0.030670470756062773,-0.0009510223490252212,-0.01818830242510705
2020-01-17 13:00:00+00:00,ETHUSDT,VWAP,-1,bull,-0.023703703703703782,0.002074074074074006,-0.015111111111111075
2020-01-17 15:00:00+00:00,ETHUSDT,VWAP,-1,bull,-0.02130563798219587,0.0005934718100889524,-0.034065281899109845
2020-01-17 16:00:00+00:00,ETHUSDT,VWAP,-1,bull,0.007819389734846305,0.009935916279616652,-0.02439884766888123
2020-01-17 17:00:00+00:00,ETHUSDT,VWAP,-1,bull,0.013081480612424423,0.012142899043819932,-0.022115328210242424
2020-01-17 18:00:00+00:00,ETHUSDT,VWAP,-1,bull,0.026187717265353294,0.024333719582850466,-0.009501738122827508
2020-01-17 19:00:00+00:00,ETHUSDT,VWAP,-1,bull,0.007318656672372081,0.006079206752050981,-0.02838930531783035
2020-01-17 21:00:00+00:00,ETHUSDT,VWAP,-1,bull,0.012126158689442113,0.018247536874016146,-0.024135719699177827
2020-01-17 22:00:00+00:00,ETHUSDT,VWAP,-1,bull,0.016283803431229926,0.020645536493166472,-0.023495202093632095
2020-01-17 23:00:00+00:00,ETHUSDT,VWAP,-1,bull,0.004645419263789252,0.009761260731506516,-0.03487004586616482
2020-01-18 00:00:00+00:00,ETHUSDT,VWAP,-1,bull,0.012860438292964349,0.028835063437139596,-0.014936562860438318
2020-01-18 01:00:00+00:00,ETHUSDT,VWAP,-1,bull,-0.00879884225759775,0.025180897250361767,-0.018755426917510976
2020-01-18 02:00:00+00:00,ETHUSDT,VWAP,-1,bull,-0.03567258290518449,0.01681457262961228,-0.0274988323213452
2020-01-18 03:00:00+00:00,ETHUSDT,VWAP,-1,bull,-0.020861177290952382,0.021442268580393997,-0.023824742867104343
2020-01-18 04:00:00+00:00,ETHUSDT,VWAP,1,bull,0.032116615311685415,0.06405546337994794,-0.02180611519317366
2020-01-18 05:00:00+00:00,ETHUSDT,VWAP,1,bull,0.0402401331431288,0.06734427009034705,-0.01878269139324773
2020-01-18 06:00:00+00:00,ETHUSDT,VWAP,1,bull,0.03551880057115664,0.06836030461684905,-0.006425511661113825
2020-01-18 07:00:00+00:00,ETHUSDT,VWAP,1,bull,0.041441227183542484,0.06766157322076216,-0.004815981925203605
2020-01-18 08:00:00+00:00,ETHUSDT,VWAP,1,bull,0.042281918994247825,0.06487576350590052,-0.0036173871790309287
2020-01-18 12:00:00+00:00,ETHUSDT,VWAP,-1,bull,-0.031197055558801257,0.025530174680142403,-0.029327569083367422
2020-01-18 13:00:00+00:00,ETHUSDT,VWAP,-1,bull,-0.0070580134274400574,0.050094680667929214,-0.011017386813565011
2020-01-18 14:00:00+00:00,ETHUSDT,VWAP,-1,bull,0.004848074863295526,0.06680196177913067,0.006764755623203
2020-01-18 15:00:00+00:00,ETHUSDT,VWAP,-1,bull,-0.004098360655737654,0.05771857923497281,-0.0029030054644807457
2020-01-18 16:00:00+00:00,ETHUSDT,VWAP,-1,bull,-0.010736020208979236,0.049603858077850616,-0.011539786427833265
2020-01-18 17:00:00+00:00,ETHUSDT,VWAP,-1,bull,-0.006971030226844199,0.054111193646077416,-0.006742471858750987
2020-01-18 18:00:00+00:00,ETHUSDT,VWAP,-1,bull,-0.008043665613329365,0.0495259982763574,-0.012295317437517772
2020-01-18 19:00:00+00:00,ETHUSDT,VWAP,-1,bull,-0.008963233614980526,0.05554921214889241,-0.005880337976706951
2020-01-18 20:00:00+00:00,ETHUSDT,VWAP,-1,bull,-0.005120619025944517,0.059342284934000844,-0.002446517979062479
2020-01-18 21:00:00+00:00,ETHUSDT,VWAP,-1,bull,0.005882685672266463,0.06482267096555228,0.0033938571186152844
2020-01-18 22:00:00+00:00,ETHUSDT,VWAP,-1,bull,0.01518230048538205,0.06688113782593974,0.005587538096850753
2020-01-18 23:00:00+00:00,ETHUSDT,VWAP,-1,bull,0.04334116837699942,0.052169924898239906,-0.010090007452846272
2020-01-19 00:00:00+00:00,ETHUSDT,VWAP,-1,bull,0.06231941533057617,0.06333918758143997,0.0018129284459803552
2020-01-19 01:00:00+00:00,ETHUSDT,VWAP,-1,bull,0.06227920227920236,0.05794871794871792,-0.003931623931623829
2020-01-19 02:00:00+00:00,ETHUSDT,VWAP,-1,bull,0.06741063841839912,0.06344530674672855,0.0019260182405257398
2020-01-19 03:00:00+00:00,ETHUSDT,VWAP,-1,bull,0.06485260770975054,0.06275510204081625,0.001700680272108901
2020-01-19 04:00:00+00:00,ETHUSDT,VWAP,-1,bull,0.060607781880147815,0.060891792104515785,-0.00028401022436796985
2020-01-19 05:00:00+00:00,ETHUSDT,VWAP,-1,bull,0.06162401407251883,0.061850990183283105,0.0007376723599841206
2020-01-19 07:00:00+00:00,ETHUSDT,VWAP,-1,bull,0.06546709670118256,0.06450517738923767,0.0035647598030894567
2020-01-19 08:00:00+00:00,ETHUSDT,VWAP,-1,bull,0.06781387976904785,0.06413449564134488,0.009283369183742729
2020-01-19 10:00:00+00:00,ETHUSDT,VWAP,1,bull,-0.046650237835979214,0.0006304086194051095,-0.07266892085506338
2020-01-19 11:00:00+00:00,ETHUSDT,VWAP,1,bull,0.0010187571163180476,0.006172469587103713,-0.030323005932762048
2020-01-19 12:00:00+00:00,ETHUSDT,VWAP,1,bull,0.002779288260528201,0.014440215092743625,-0.022355144704247376
2020-01-19 13:00:00+00:00,ETHUSDT,VWAP,1,bull,0.0065625569666403205,0.02023455064714108,-0.018654675821838662
2020-01-19 14:00:00+00:00,ETHUSDT,VWAP,1,bull,0.006681649760067909,0.019862722468565908,-0.019012330680920786
2020-01-19 15:00:00+00:00,ETHUSDT,VWAP,1,range,0.005395247332686592,0.01782250242483019,-0.02097478176527645
2020-01-19 16:00:00+00:00,ETHUSDT,VWAP,1,range,-0.00223727173781596,0.01566090216471161,-0.023461119845204936
2020-01-19 17:00:00+00:00,ETHUSDT,VWAP,1,range,0.003144463929370289,0.015722319646852556,-0.023402068089738215
2020-01-19 18:00:00+00:00,ETHUSDT,VWAP,1,range,0.009116324298042988,0.0208459948948585,-0.018475750577367167
2020-01-19 19:00:00+00:00,ETHUSDT,VWAP,1,range,0.003875030273674085,0.017013804795350085,-0.022160329377573285
2020-01-19 20:00:00+00:00,ETHUSDT,VWAP,1,range,0.005161525382560095,0.01997813942190918,-0.01931017731357787
2020-01-19 21:00:00+00:00,ETHUSDT,VWAP,1,range,-0.007523775129408938,0.011014806789454656,-0.027928253280365856
2020-01-19 22:00:00+00:00,ETHUSDT,VWAP,1,range,-0.007213706041478751,0.018815749924857128,-0.029155395250976768
2020-01-19 23:00:00+00:00,ETHUSDT,VWAP,1,range,-0.022749042145593812,0.01460727969348663,-0.03316570881226044
2020-01-20 00:00:00+00:00,ETHUSDT,VWAP,1,range,-0.019099837319997537,0.021148400313309557,-0.026932578176778965
2020-01-20 01:00:00+00:00,ETHUSDT,VWAP,1,range,-0.00851192272864476,0.023121038333836275,-0.025052822215514636
2020-01-20 02:00:00+00:00,ETHUSDT,VWAP,1,range,0.003499668134918421,0.022627164665419697,-0.025523441742593356
2020-01-20 03:00:00+00:00,ETHUSDT,VWAP,1,range,0.007114862827856561,0.02188724751281268,-0.026228519746759105
2020-01-20 04:00:00+00:00,ETHUSDT,VWAP,1,range,0.012181079934549643,0.02708926731713235,-0.02127143809466092
2020-01-20 05:00:00+00:00,ETHUSDT,VWAP,1,range,0.003496292724094463,0.021640846343962794,-0.0264633190668514
2020-01-20 06:00:00+00:00,ETHUSDT,VWAP,1,range,0.004336304504938493,0.020717899301373244,-0.02734280896169594
2020-01-20 07:00:00+00:00,ETHUSDT,VWAP,1,range,0.011761158021712736,0.02219541616405296,-0.02593486127864908
2020-01-20 08:00:00+00:00,ETHUSDT,VWAP,1,range,0.011538693892345853,0.02386274391348997,-0.024346039992750534
2020-01-20 09:00:00+00:00,ETHUSDT,VWAP,1,range,0.01534356237491652,0.02783673964461153,-0.02055916065255614
2020-01-20 11:00:00+00:00,ETHUSDT,VWAP,1,range,0.02321734868904679,0.03822592501837763,-0.01065915216858615
2020-01-20 12:00:00+00:00,ETHUSDT,VWAP,1,range,0.022788697788697743,0.041031941031940855,-0.007985257985258065
2020-01-20 13:00:00+00:00,ETHUSDT,VWAP,1,range,0.018326838772527942,0.031904529956161554,-0.0015221626887481632
2020-01-20 14:00:00+00:00,ETHUSDT,VWAP,-1,range,-0.007155312368468447,-0.0046299080031266815,-0.01178522037159535
2020-01-20 15:00:00+00:00,ETHUSDT,VWAP,-1,range,-0.008561336286894594,-0.00029934742261872316,-0.007423816080943668
2020-01-20 16:00:00+00:00,ETHUSDT,VWAP,-1,range,-0.006047179978445616,-0.00035923841456120265,-0.0074841336366902045
2020-01-20 17:00:00+00:00,ETHUSDT,VWAP,-1,range,-0.005466450411485635,-0.0036643239022047247,-0.010812759055685683
2020-01-20 18:00:00+00:00,ETHUSDT,VWAP,-1,range,-0.004137682897577433,-0.003118253777884439,-0.00905492923962603
2020-01-20 19:00:00+00:00,ETHUSDT,VWAP,-1,range,0.005961251862891204,0.002801788375558889,-0.003099850968703466
2020-01-20 20:00:00+00:00,ETHUSDT,VWAP,-1,range,0.0010750119445771533,0.000955566172957445,-0.004956999522216954
2020-01-20 21:00:00+00:00,ETHUSDT,VWAP,-1,range,0.0026878509138692497,0.0008362202843148481,-0.005913272010512616
2020-01-20 22:00:00+00:00,ETHUSDT,VWAP,-1,range,-0.003042233357194002,0.0021474588403721517,-0.0045931758530184386
2020-01-20 23:00:00+00:00,ETHUSDT,VWAP,-1,range,-0.006585643297611243,-0.0014967371130933937,-0.011435071544033892
2020-01-21 01:00:00+00:00,ETHUSDT,VWAP,-1,range,-0.010463378176382765,-0.0013153961136023185,-0.013273542600896748
2020-01-21 02:00:00+00:00,ETHUSDT,VWAP,-1,range,-0.005313432835820864,0.00017910447761193549,-0.011761194029850763
2020-01-21 03:00:00+00:00,ETHUSDT,VWAP,-1,range,0.0011278641814080892,0.0058767659978630205,-0.005995488543274252
2020-01-21 04:00:00+00:00,ETHUSDT,VWAP,-1,range,0.000595131821698458,0.003332738201511698,-0.008569898232458462
2020-01-21 05:00:00+00:00,ETHUSDT,VWAP,-1,range,-0.0028079818377344523,-0.0005376986497789282,-0.012486557533755605
2020-01-21 06:00:00+00:00,ETHUSDT,VWAP,-1,range,0.0011943863839951607,-0.00011943863839958269,-0.012063302478351856
2020-01-21 08:00:00+00:00,ETHUSDT,VWAP,-1,range,-0.006995097453067256,-0.002451273466459458,-0.01321296185579346
2020-01-21 10:00:00+00:00,ETHUSDT,VWAP,-1,range,-0.007552780255724034,0.0028545941123997443,-0.007850133809099047
2020-01-21 11:00:00+00:00,ETHUSDT,VWAP,-1,bull,-0.00826741212157267,0.002735978112175186,-0.007970023196336218
2020-01-21 12:00:00+00:00,ETHUSDT,VWAP,-1,bull,-0.009389671361502261,0.0035656979853807558,-0.0071313959707612895
2020-01-21 13:00:00+00:00,ETHUSDT,VWAP,-1,bull,-0.0014792899408284654,0.007869822485207179,-0.0027810650887574173
2020-01-21 14:00:00+00:00,ETHUSDT,VWAP,-1,bull,-0.0019003503771009012,0.004988419739889394,-0.006413682522715236
2020-01-21 19:00:00+00:00,ETHUSDT,VWAP,1,bull,0.024992435703479643,0.0384871406959153,0.00012102874432673438
2020-01-21 20:00:00+00:00,ETHUSDT,VWAP,-1,bull,-0.0011874369174136312,0.0052247224366205325,-0.0061746719705515485
2020-01-21 21:00:00+00:00,ETHUSDT,VWAP,-1,bull,0.001122268163024187,0.010336680448907232,-0.001004134672179413
2020-01-21 22:00:00+00:00,ETHUSDT,VWAP,-1,bull,0.005430291583047975,0.011037657891630137,-0.0002951245425570903
2020-01-21 23:00:00+00:00,ETHUSDT,VWAP,-1,bull,0.008140632373761392,0.011621047663992412,0.0002949504483247267
2020-01-22 00:00:00+00:00,ETHUSDT,VWAP,-1,bull,0.010244333235207459,0.013541360023550109,0.004710038269060801
2020-01-22 01:00:00+00:00,ETHUSDT,VWAP,-1,bull,0.015952732644017642,0.01004431314623333,0.0011816838995567513
2020-01-22 04:00:00+00:00,ETHUSDT,VWAP,-1,bull,0.005898661003952088,0.022768831475255213,0.0028313572818969845
2020-01-22 05:00:00+00:00,ETHUSDT,VWAP,-1,bull,0.0037856382349462647,0.02448834733230809,5.9150597421009365e-05
2020-01-22 06:00:00+00:00,ETHUSDT,VWAP,-1,bull,0.010417279736331109,0.032605497027838215,0.005061503148725666
2020-01-22 07:00:00+00:00,ETHUSDT,VWAP,-1,bull,0.007202739402526803,0.029578462628409463,0.0067894674695950785
2020-01-22 13:00:00+00:00,ETHUSDT,VWAP,1,bull,-0.00882617832482735,0.015911137796457364,-0.03236265385770043
2020-01-22 14:00:00+00:00,ETHUSDT,VWAP,1,bull,-0.005330618112122765,0.013416387158600829,-0.034738859607091555
2020-01-23 00:00:00+00:00,ETHUSDT,VWAP,1,range,-0.026290630975143392,0.001434034416825991,-0.047502390057361454
2020-01-23 01:00:00+00:00,ETHUSDT,VWAP,1,range,-0.02023261448994429,0.007026896050399856,-0.03434698328083363
2020-01-23 02:00:00+00:00,ETHUSDT,VWAP,1,range,-0.0226410549768169,0.0010236647196966153,-0.04859396639971092
2020-01-23 03:00:00+00:00,ETHUSDT,VWAP,1,range,-0.014188250920726841,0.0010263841091591175,-0.046066533840487756
2020-01-23 04:00:00+00:00,ETHUSDT,VWAP,1,range,-0.01377009402487095,0.005762814680012163,-0.0415529269032453
2020-01-23 05:00:00+00:00,ETHUSDT,VWAP,1,range,-0.013404825737265536,0.010236412381184445,-0.03728978796002924
2020-01-23 06:00:00+00:00,ETHUSDT,VWAP,1,range,-0.024623636252818826,0.010544279880538854,-0.03699640397391357
2020-01-23 07:00:00+00:00,ETHUSDT,VWAP,1,range,-0.02635564980309013,0.004544077552256942,-0.042714328991214856
2020-01-23 08:00:00+00:00,ETHUSDT,VWAP,1,range,-0.016103452482615466,0.0011589605953397086,-0.03623276808588505
2020-01-23 09:00:00+00:00,ETHUSDT,VWAP,1,range,-0.00598985392090956,0.0027504431269480545,-0.0469408960332498
2020-01-23 10:00:00+00:00,ETHUSDT,VWAP,1,range,-0.0032991202346042137,0.0019550342130987275,-0.048020527859237605
2020-01-23 11:00:00+00:00,ETHUSDT,VWAP,1,range,0.0006754267468991326,0.00699987719513695,-0.04384133611691032
2020-01-23 12:00:00+00:00,ETHUSDT,VWAP,1,range,0.0019636720667648433,0.006381934216985741,-0.0444280805105548
2020-01-23 13:00:00+00:00,ETHUSDT,VWAP,1,range,-0.0011128972424879757,0.01397304315568193,-0.03722022999876351
2020-01-23 14:00:00+00:00,ETHUSDT,VWAP,1,range,-0.02174850594541311,0.01041217423448959,-0.040601318464666414
2020-01-23 15:00:00+00:00,ETHUSDT,VWAP,1,range,-0.025355218030377324,0.0023885350318471055,-0.04630083292503673
2020-01-23 16:00:00+00:00,ETHUSDT,VWAP,1,range,-0.024849304957559437,0.006704391684093869,-0.042194611883380584
2020-01-23 17:00:00+00:00,ETHUSDT,VWAP,1,range,-0.014451581027667859,0.010684288537549547,-0.03829051383399207
2020-01-23 18:00:00+00:00,ETHUSDT,VWAP,1,range,-0.0022495782040867773,0.022620758607761138,-0.02693245016559398
2020-01-23 19:00:00+00:00,ETHUSDT,VWAP,1,range,-0.008587429993777151,0.024579962663348054,-0.030989421281891638
2020-01-23 20:00:00+00:00,ETHUSDT,VWAP,1,range,-0.014197148171109841,0.0207687538747674,-0.03459392436453823
2020-01-24 01:00:00+00:00,ETHUSDT,VWAP,1,range,0.0015474127259222925,0.019126021292399153,-0.03614756127754393
2020-01-24 02:00:00+00:00,ETHUSDT,VWAP,1,range,0.021224335558634566,0.036969391611034075,-0.01927194860813708
2020-01-24 03:00:00+00:00,ETHUSDT,VWAP,1,range,0.02249591554606023,0.03462360185999769,-0.021490511499308695
2020-01-24 04:00:00+00:00,ETHUSDT,VWAP,1,bear,0.015895042260628323,0.038539169925570826,-0.017787309196417245
2020-01-24 05:00:00+00:00,ETHUSDT,VWAP,1,bear,0.010903622007770286,0.031770898608848075,-0.024188494798847104
2020-01-24 06:00:00+00:00,ETHUSDT,VWAP,1,bear,0.014028934677772886,0.031189327988977444,-0.02473852320410841
2020-01-24 07:00:00+00:00,ETHUSDT,VWAP,1,bear,0.0285588752196837,0.033454682400200886,-0.02259603314084857
2020-01-24 08:00:00+00:00,ETHUSDT,VWAP,1,bear,0.028174328658574943,0.03546946732909895,-0.020690522608640904
2020-01-24 09:00:00+00:00,ETHUSDT,VWAP,1,bear,0.045157988998336895,0.05315338365101696,-0.003965715747729304
2020-01-24 10:00:00+00:00,ETHUSDT,VWAP,1,bear,0.04268916155419222,0.05221114519427417,-0.004856850715746375
2020-01-24 12:00:00+00:00,ETHUSDT,VWAP,-1,bear,0.016719301504737216,0.012322744442380351,-0.010526967614093774
2020-01-24 13:00:00+00:00,ETHUSDT,VWAP,-1,bear,0.01897286941474563,0.014276002719238678,-0.008528521104999687
2020-01-24 14:00:00+00:00,ETHUSDT,VWAP,-1,bear,0.016897934011717575,0.01634289238359543,-0.0064138143694110195
2020-01-24 15:00:00+00:00,ETHUSDT,VWAP,-1,bear,0.021939528023598776,0.019788593903638185,-0.0028883972468043417
2020-01-24 17:00:00+00:00,ETHUSDT,VWAP,-1,bear,0.00917431192660545,0.01128192412596074,-0.011591867096454322
2020-01-24 18:00:00+00:00,ETHUSDT,VWAP,-1,bear,0.014390710888765312,0.014884812550182147,-0.007905626582669356
2020-01-24 19:00:00+00:00,ETHUSDT,VWAP,-1,bear,0.024897784829438052,0.026667480319765735,0.004149630804906379
2020-01-24 20:00:00+00:00,ETHUSDT,VWAP,-1,bear,0.013089485595449313,0.024405162395253588,0.001834974616184537
2020-01-24 21:00:00+00:00,ETHUSDT,VWAP,-1,bear,0.01695226438188502,0.02386780905752761,0.007221542227662248
2020-01-24 22:00:00+00:00,ETHUSDT,VWAP,-1,bear,0.02163520470703606,0.022431968619759712,0.0057612159843098976
2020-01-24 23:00:00+00:00,ETHUSDT,VWAP,-1,bear,0.019307630818422128,0.019246141548299844,0.008915944167742662
2020-01-25 00:00:00+00:00,ETHUSDT,VWAP,1,bear,0.0016373827067197588,0.026513004597266798,-0.0062346495371243815
2020-01-25 01:00:00+00:00,ETHUSDT,VWAP,1,bear,0.009512410230565704,0.026836336147158857,-0.002078871109991276
2020-01-25 02:00:00+00:00,ETHUSDT,VWAP,1,bear,0.005081237061664856,0.022520544507872886,-0.0037638793049369346
2020-01-25 03:00:00+00:00,ETHUSDT,VWAP,1,bear,0.009048067860508935,0.024191014765944097,-0.0021363493559535263
2020-01-25 04:00:00+00:00,ETHUSDT,VWAP,1,bear,0.010591626974179036,0.02155928804211582,-0.004700426171972971
2020-01-25 05:00:00+00:00,ETHUSDT,VWAP,1,bear,0.005005005005005003,0.01976976976976985,-0.005255255255255276
2020-01-25 06:00:00+00:00,ETHUSDT,VWAP,1,bear,0.007833061787191342,0.02143125704975546,-0.003634540669256836
2020-01-25 07:00:00+00:00,ETHUSDT,VWAP,1,bear,0.008573753050879374,0.020088866637461678,-0.00494398898554349
2020-01-25 10:00:00+00:00,ETHUSDT,VWAP,1,bear,0.010586982396792566,0.0263734886926017,-0.003946626573952283
2020-01-25 11:00:00+00:00,ETHUSDT,VWAP,1,bear,0.006458085146404224,0.027274437268794305,-0.0030722929337263505
2020-01-25 12:00:00+00:00,ETHUSDT,VWAP,1,bear,0.007922037095253076,0.031122288588494085,-0.0003143665513990479
2020-01-25 13:00:00+00:00,ETHUSDT,VWAP,1,bear,0.0014352574102962645,0.023400936037441422,-0.004680187207488307
2020-01-25 14:00:00+00:00,ETHUSDT,VWAP,1,bear,-0.0022469104980650245,0.023592560229684256,-0.004493820996130271
2020-01-25 20:00:00+00:00,ETHUSDT,VWAP,-1,bear,-0.00731057555293968,0.0058856328604175445,-0.02924230221175894
2020-01-25 21:00:00+00:00,ETHUSDT,VWAP,-1,bear,-0.004574112992953516,0.008159228582024891,-0.02954629744096926
2020-01-25 22:00:00+00:00,ETHUSDT,VWAP,-1,bear,-0.010166129432184645,0.005331019092486899,-0.03291594346640214
2020-01-26 08:00:00+00:00,ETHUSDT,VWAP,-1,bear,-0.024909281013592466,-0.003136724275785596,-0.034811489021465025
2020-01-26 09:00:00+00:00,ETHUSDT,VWAP,-1,bear,-0.02965788825990634,-0.005414718188530676,-0.035257199113955195
2020-01-26 10:00:00+00:00,ETHUSDT,VWAP,-1,range,-0.02589592538046137,-0.003313696612665673,-0.032461953853706316
2020-01-26 11:00:00+00:00,ETHUSDT,VWAP,-1,range,-0.028169014084507005,-0.0030618493570115923,-0.03031230863441503
2020-01-26 12:00:00+00:00,ETHUSDT,VWAP,-1,range,-0.030373403410132616,-0.0010389292916948012,-0.02853999877773039
2020-01-26 13:00:00+00:00,ETHUSDT,VWAP,-1,range,-0.030169512269750953,-0.0023866348448688957,-0.03335169206290933
2020-01-26 14:00:00+00:00,ETHUSDT,VWAP,-1,range,-0.026676456191874864,-0.003915810083211069,-0.03316201664219287
2020-01-26 15:00:00+00:00,ETHUSDT,VWAP,-1,range,-0.026676456191874864,-0.00874938815467452,-0.03811796377875676
2020-01-26 16:00:00+00:00,ETHUSDT,VWAP,-1,range,-0.013708601237413465,-0.010554409802256304,-0.029176270775203017
2020-01-26 17:00:00+00:00,ETHUSDT,VWAP,-1,range,-0.004805959389643011,-0.000841042893187538,-0.019283912050943153
2020-01-26 18:00:00+00:00,ETHUSDT,VWAP,-1,range,-0.00588694659698441,-0.0007809214873550907,-0.019222682765663412
2020-01-26 19:00:00+00:00,ETHUSDT,VWAP,-1,range,-0.007759398496240522,-0.00348872180451143,-0.025082706766917262
2020-01-26 20:00:00+00:00,ETHUSDT,VWAP,-1,range,0.004200672107537162,-0.0011401824291887852,-0.02712433989438323
2020-01-26 21:00:00+00:00,ETHUSDT,VWAP,-1,range,0.004362376000956125,0.0030476873431336537,-0.02282777578582529
2020-01-26 22:00:00+00:00,ETHUSDT,VWAP,-1,range,0.006340471348247445,0.0020935518602703818,-0.023806675439645764
2020-01-26 23:00:00+00:00,ETHUSDT,VWAP,-1,range,-0.004407385348421666,0.006372840976771821,-0.01941631923764131
2020-01-27 00:00:00+00:00,ETHUSDT,VWAP,-1,bull,-0.006287069988137661,0.010498220640569267,-0.0151838671411626
2020-01-27 01:00:00+00:00,ETHUSDT,VWAP,-1,bull,-0.005405726505880892,0.008969941784483737,-0.019900201972198994
2020-01-27 02:00:00+00:00,ETHUSDT,VWAP,-1,bull,-0.013945172824791241,0.005780691299165697,-0.029678188319427923
2020-01-27 03:00:00+00:00,ETHUSDT,VWAP,-1,bull,-0.013706793802145345,0.005780691299165697,-0.029678188319427923
2020-01-27 04:00:00+00:00,ETHUSDT,VWAP,-1,bull,-0.01986596457635237,0.0017352800382958167,-0.033867879368118636
2020-01-27 05:00:00+00:00,ETHUSDT,VWAP,-1,bull,-0.015185938060504833,0.0025708477818963127,-0.03300251106062424
2020-01-27 06:00:00+00:00,ETHUSDT,VWAP,-1,bull,-0.023887727679904547,0.003702597790385065,-0.0318303971334728
2020-01-27 07:00:00+00:00,ETHUSDT,VWAP,-1,bull,-0.02291989972543873,0.004237793959651293,-0.03127611316700496
2020-01-27 11:00:00+00:00,ETHUSDT,VWAP,-1,bull,-0.009309772296015373,-0.009665559772296106,-0.024549335863377708
2020-01-27 12:00:00+00:00,ETHUSDT,VWAP,-1,bull,-0.012141930920664956,-0.0035954261464106185,-0.01838972061770594
2020-01-27 13:00:00+00:00,ETHUSDT,VWAP,-1,bull,-0.02611521418020679,-0.006026587887740131,-0.02085672082717882
2020-01-27 14:00:00+00:00,ETHUSDT,VWAP,-1,bull,-0.0195721170800518,-0.004702010109321808,-0.015516633360761922
2020-01-27 15:00:00+00:00,ETHUSDT,VWAP,-1,bull,-0.01834215167548514,-0.005291005291005346,-0.015755437977660325
2020-01-27 16:00:00+00:00,ETHUSDT,VWAP,-1,bull,-0.012907768129547081,-0.0032856137057029056,-0.013729171555972863
2020-01-27 17:00:00+00:00,ETHUSDT,VWAP,-1,bull,-0.014840989399293125,-0.007067137809187107,-0.017550058892815024
2020-01-27 18:00:00+00:00,ETHUSDT,VWAP,-1,bull,-0.0014581510644502416,0.002624671916010457,-0.007757363662875605
2020-01-27 19:00:00+00:00,ETHUSDT,VWAP,-1,bull,-0.004667989263624772,0.0022172949002217113,-0.00816898121134324
2020-01-27 20:00:00+00:00,ETHUSDT,VWAP,-1,bull,0.004706565950029051,0.00639163277164434,-0.003951191167925749
2020-01-27 21:00:00+00:00,ETHUSDT,VWAP,-1,bull,0.0040766408479413485,0.004134878574340473,-0.006231436724710271
2020-01-27 22:00:00+00:00,ETHUSDT,VWAP,-1,bull,-0.010390982740401622,-0.003874603733708959,-0.01432429259128809
2020-01-27 23:00:00+00:00,ETHUSDT,VWAP,-1,bull,-0.01198519475941473,-0.008871394160155033,-0.019740320780212484
2020-01-28 00:00:00+00:00,ETHUSDT,VWAP,-1,bull,-0.0006988120195667857,-0.0,-0.022187281621243837
2020-01-28 01:00:00+00:00,ETHUSDT,VWAP,-1,bull,0.007312719525536804,0.011228191397477882,-0.014164795301433886
2020-01-28 02:00:00+00:00,ETHUSDT,VWAP,-1,bull,0.00524586383812764,0.010088199688707,-0.01533406352683464
2020-01-28 03:00:00+00:00,ETHUSDT,VWAP,-1,bull,0.003694723473040007,0.008659508139937655,-0.016799445791479073
2020-01-28 04:00:00+00:00,ETHUSDT,VWAP,-1,bull,0.0069508804448562556,0.005329008341056429,-0.02033132530120496
2020-01-28 05:00:00+00:00,ETHUSDT,VWAP,-1,bull,0.005629062209842162,0.0034818941504177747,-0.02448932219127209
2020-01-28 06:00:00+00:00,ETHUSDT,VWAP,-1,bull,0.0028538147932438696,-0.00011648223645899236,-0.03115899825276669
2020-01-28 07:00:00+00:00,ETHUSDT,VWAP,-1,bull,0.0035428040422814666,0.002671622720408884,-0.02840051109304209
2020-01-28 10:00:00+00:00,ETHUSDT,VWAP,-1,bull,-0.011039451513566778,0.00145255940967981,-0.03329266166986233
2020-01-28 22:00:00+00:00,ETHUSDT,VWAP,-1,bull,-0.022929716682949408,-0.014424458364461934,-0.022010229297166894
2020-01-28 23:00:00+00:00,ETHUSDT,VWAP,-1,bull,-0.002899704343870768,-0.0026154196042755817,-0.011143961792130952
2020-01-29 00:00:00+00:00,ETHUSDT,VWAP,-1,bull,0.0021004825432869856,0.011410729491910465,-0.009594095940959502
2020-01-29 01:00:00+00:00,ETHUSDT,VWAP,-1,bull,0.006995768688293436,0.01754583921015518,-0.003328631875881616
2020-01-29 02:00:00+00:00,ETHUSDT,VWAP,-1,bull,-0.003293209175561973,0.01220758573699754,-0.009766068589597943
2020-01-29 03:00:00+00:00,ETHUSDT,VWAP,-1,bull,0.007640067911714787,0.017204301075268824,-0.006451612903225934
2020-01-29 04:00:00+00:00,ETHUSDT,VWAP,-1,bull,-0.002434054115249662,0.016981772897090464,-0.006679497339522333
2020-01-29 05:00:00+00:00,ETHUSDT,VWAP,-1,bull,0.004178666214919025,0.019368682590773068,-0.004235134677282648
2020-01-29 06:00:00+00:00,ETHUSDT,VWAP,-1,bull,0.005349400304071272,0.02212962441578925,-0.0014077369221239255
2020-01-29 07:00:00+00:00,ETHUSDT,VWAP,-1,bull,0.007518375133254818,0.02564102564102555,0.002188183807439792
2020-01-29 08:00:00+00:00,ETHUSDT,VWAP,-1,bull,0.01074787281683831,0.027877295118674428,0.013042991491267308
2020-01-29 09:00:00+00:00,ETHUSDT,VWAP,-1,bull,0.0015288788221969885,0.016647791619479047,0.002208380520951181
2020-01-29 10:00:00+00:00,ETHUSDT,VWAP,-1,bull,0.010842696629213555,0.024382022471910125,0.010056179775280838
2020-01-29 11:00:00+00:00,ETHUSDT,VWAP,-1,bull,0.014683372073246659,0.01547706786098979,0.00102046601281236
2020-01-29 13:00:00+00:00,ETHUSDT,VWAP,-1,bull,0.01113573092437914,0.013351514118515984,-0.0011362990739163248
2020-01-29 14:00:00+00:00,ETHUSDT,VWAP,-1,bull,0.022976796830786683,0.017204301075268824,0.0027730616864741764
2020-01-29 16:00:00+00:00,ETHUSDT,VWAP,-1,bull,0.014738268676944055,0.019368682590773068,0.004969224688011753
2020-01-29 23:00:00+00:00,ETHUSDT,VWAP,1,bull,0.009838895281933047,0.0782508630609895,-0.015707710011507614
2020-01-30 00:00:00+00:00,ETHUSDT,VWAP,1,bull,0.01939393939393952,0.08167388167388179,-0.006926406926406892
2020-01-30 01:00:00+00:00,ETHUSDT,VWAP,1,bull,0.01844297615627677,0.07670209709853482,-0.010744039069233047
2020-01-30 02:00:00+00:00,ETHUSDT,VWAP,1,bull,0.01957831325301229,0.08549582947173318,-0.0012743280815570301
2020-01-30 03:00:00+00:00,ETHUSDT,VWAP,1,bull,0.023905529953917037,0.07949308755760365,-0.0003456221198157028
2020-01-30 04:00:00+00:00,ETHUSDT,VWAP,1,bull,0.019543787253553324,0.07404860155891813,-0.004413113250802292
2020-01-30 05:00:00+00:00,ETHUSDT,VWAP,1,bull,0.032975239846039006,0.07657838800482564,-0.0020681335095076303
2020-01-30 06:00:00+00:00,ETHUSDT,VWAP,1,bull,0.0405141742224262,0.0754045678870654,-0.000918168254332552
2020-01-30 12:00:00+00:00,ETHUSDT,VWAP,-1,bull,-0.044561463110808885,-0.0061717909518146374,-0.04365551214540497
2020-01-30 13:00:00+00:00,ETHUSDT,VWAP,-1,bull,-0.03994132912106507,-0.0024822294933994904,-0.03982850050772879
2020-01-30 15:00:00+00:00,ETHUSDT,VWAP,-1,bull,-0.03386779184247546,-0.007988748241912758,-0.03696202531645576
2020-01-30 16:00:00+00:00,ETHUSDT,VWAP,-1,bull,-0.026982967002080027,-0.007195457867221311,-0.03614593287986967
2020-01-30 17:00:00+00:00,ETHUSDT,VWAP,-1,bull,-0.01039986652577718,0.0035593126077526627,-0.025082031032756857
2020-01-30 18:00:00+00:00,ETHUSDT,VWAP,-1,bull,-0.011692036179130838,0.0118574895212884,-0.016545334215751106
2020-01-30 19:00:00+00:00,ETHUSDT,VWAP,-1,bull,-0.005006877579092128,0.014195323246217417,-0.014140302613480094
2020-01-30 20:00:00+00:00,ETHUSDT,VWAP,-1,bull,0.009947559063631983,0.031356436178839875,0.0035140833648700243
2020-01-30 21:00:00+00:00,ETHUSDT,VWAP,-1,bull,0.016486180701470787,0.03469640644361849,0.006950056570227958
2020-01-30 22:00:00+00:00,ETHUSDT,VWAP,-1,bull,0.027523916412805383,0.04243493132382037,0.016247127358238522
2020-01-30 23:00:00+00:00,ETHUSDT,VWAP,-1,bull,0.021335205790212752,0.03224586799178997,0.005779410176082966
2020-01-01 15:00:00+00:00,ETHUSDT,Momentum,1,bull,-0.021823141623096176,0.007501704932939335,-0.025005683109797783
2020-01-01 16:00:00+00:00,ETHUSDT,Momentum,1,bull,-0.024399427667745943,0.0012802168838015326,-0.045184125310640755
2020-01-01 17:00:00+00:00,ETHUSDT,Momentum,1,bull,-0.020633361046028198,0.0005290605396417458,-0.04580152671755722
2020-01-01 18:00:00+00:00,ETHUSDT,Momentum,1,bull,-0.019326966803092427,0.0023495528270425226,-0.043125663180233476
2020-01-01 19:00:00+00:00,ETHUSDT,Momentum,1,bull,-0.01904545109644129,0.003490401396160525,-0.042036573336368455
2020-01-01 20:00:00+00:00,ETHUSDT,Momentum,1,bull,-0.014762661821485445,0.0012112953289422634,-0.04421227950639717
2020-01-01 21:00:00+00:00,ETHUSDT,Momentum,1,bull,-0.01373605524778021,0.0,-0.041891174015329824
2020-01-02 01:00:00+00:00,ETHUSDT,Momentum,-1,bull,0.006606745025735439,0.023738188522701043,0.004302066528385717
2020-01-02 02:00:00+00:00,ETHUSDT,Momentum,-1,bull,0.0030840400925210565,0.02074016962220493,0.0006939090208171184
2020-01-02 03:00:00+00:00,ETHUSDT,Momentum,-1,range,-0.0030211480362536403,0.016190254860949715,-0.004028197381671816
2020-01-02 04:00:00+00:00,ETHUSDT,Momentum,-1,bear,0.016209957545349374,0.019683519876495637,-0.00046314164415295345
2020-01-02 05:00:00+00:00,ETHUSDT,Momentum,-1,bear,0.01713227349899682,0.01991048001234763,-0.00023151720944580845
2020-01-02 06:00:00+00:00,ETHUSDT,Momentum,-1,bear,0.01491614498802063,0.018471288353041126,-0.0017002859571839668
2020-01-02 07:00:00+00:00,ETHUSDT,Momentum,-1,bear,0.01353650990099009,0.017636138613861374,-0.002552599009901124
2020-01-02 08:00:00+00:00,ETHUSDT,Momentum,-1,bear,0.023282618718303283,0.02412786230213604,0.004072537267557852
2020-01-02 09:00:00+00:00,ETHUSDT,Momentum,-1,bear,0.017774699907663893,0.022776238842720842,-0.013080947983995062
2020-01-02 16:00:00+00:00,ETHUSDT,Momentum,-1,bear,-0.013966261278932857,0.0035307963907414974,-0.03719105531581013
2020-01-02 17:00:00+00:00,ETHUSDT,Momentum,-1,bear,-0.014290201005025205,0.0028266331658290955,-0.04161432160804024
2020-01-02 18:00:00+00:00,ETHUSDT,Momentum,-1,bear,-0.013337517652596942,0.0036089753648202993,-0.0447983681154871
2020-01-02 19:00:00+00:00,ETHUSDT,Momentum,-1,bear,-0.01011526699600096,0.004155884889829875,-0.04422488826158544
2020-01-02 20:00:00+00:00,ETHUSDT,Momentum,-1,bear,-0.03933600818188987,0.0008653921800015896,-0.04767524191645012
2020-01-02 21:00:00+00:00,ETHUSDT,Momentum,-1,bear,-0.03658441049745398,0.0050920485703095375,-0.043243243243243024
2020-01-02 22:00:00+00:00,ETHUSDT,Momentum,-1,bear,-0.03700212114070234,0.00227826223583949,-0.04619373085081291
2020-01-02 23:00:00+00:00,ETHUSDT,Momentum,-1,bear,-0.0417748406891667,0.0008653921800015896,-0.04767524191645012
2020-01-03 00:00:00+00:00,ETHUSDT,Momentum,-1,bear,-0.040866141732283534,-0.0,-0.05023622047244092
2020-01-03 01:00:00+00:00,ETHUSDT,Momentum,-1,bear,-0.05962210225468412,-0.008256589393458302,-0.05890758971101939
2020-01-03 02:00:00+00:00,ETHUSDT,Momentum,-1,bear,-0.03687652667244512,-0.0007091639744700728,-0.050981010164683704
2020-01-03 03:00:00+00:00,ETHUSDT,Momentum,-1,bear,-0.044887977279898905,-0.020116756074471498,-0.05222467655411789
2020-01-03 04:00:00+00:00,ETHUSDT,Momentum,1,bear,0.03226804921457882,0.04519074518300714,-0.004410740540122249
2020-01-03 05:00:00+00:00,ETHUSDT,Momentum,1,bear,0.036770397894410944,0.045595293389069314,-0.004025390927388184
2020-01-03 06:00:00+00:00,ETHUSDT,Momentum,1,bear,0.03321461752864652,0.045757200371632,-0.0038711675441313043
2020-01-03 07:00:00+00:00,ETHUSDT,Momentum,1,bear,0.03563111318118306,0.04851731097655643,-0.0012420431609998506
2020-01-03 08:00:00+00:00,ETHUSDT,Momentum,1,bear,0.009688895617288473,0.02240557111497976,-0.008856256150178043
2020-01-03 09:00:00+00:00,ETHUSDT,Momentum,1,bear,0.0009068923821040631,0.02078295042321643,-0.010429262394195837
2020-01-03 10:00:00+00:00,ETHUSDT,Momentum,1,bear,0.007575757575757569,0.0232575757575757,-0.008030303030303054
2020-01-03 11:00:00+00:00,ETHUSDT,Momentum,1,range,0.01412173387705784,0.020012082766953654,-0.011176559432109823
2020-01-03 12:00:00+00:00,ETHUSDT,Momentum,1,range,0.010893410999319064,0.02178682199863835,-0.009456085936908942
2020-01-03 13:00:00+00:00,ETHUSDT,Momentum,1,range,-0.003746160185809533,0.011987712594590416,-0.018955570540196254
2020-01-03 14:00:00+00:00,ETHUSDT,Momentum,1,range,0.013830838209590413,0.026445778554601285,-0.00015198723307252582
2020-01-03 15:00:00+00:00,ETHUSDT,Momentum,1,range,0.006040015100037932,0.0197810494526236,-0.004001510003775022
2020-01-03 16:00:00+00:00,ETHUSDT,Momentum,1,bull,0.0017241379310344307,0.012518740629685166,-0.009370314842578664
2020-01-03 17:00:00+00:00,ETHUSDT,Momentum,1,bull,-0.002090644366460115,0.008511909206301738,-0.013290524901067746
2020-01-03 18:00:00+00:00,ETHUSDT,Momentum,1,bull,0.003297115024353703,0.017609591607343766,-0.009741476208317557
2020-01-03 19:00:00+00:00,ETHUSDT,Momentum,1,bull,0.003223146690652934,0.017914699048047433,-0.009444569372610734
2020-01-03 23:00:00+00:00,ETHUSDT,Momentum,1,bull,-0.004319011095390457,0.011244321989723804,-0.01399955320574875
2020-01-04 00:00:00+00:00,ETHUSDT,Momentum,1,bull,-0.0068846815834766595,0.01623886851754852,-0.009129686447653995
2020-01-04 02:00:00+00:00,ETHUSDT,Momentum,1,bull,-0.0027734052919571317,0.019114009444569424,-0.007495689978262554
2020-01-04 09:00:00+00:00,ETHUSDT,Momentum,1,bull,-0.00014919806042523742,0.023871689668034213,-0.012234240954867692
2020-01-05 00:00:00+00:00,ETHUSDT,Momentum,1,bull,0.008163871159269753,0.025456434614813617,-0.0043045866112514375
2020-01-05 01:00:00+00:00,ETHUSDT,Momentum,1,bull,0.0,0.019253467099439314,-0.010327530244910066
2020-01-05 02:00:00+00:00,ETHUSDT,Momentum,1,bull,0.0010338207059519267,0.030054644808743314,-0.009304386353566563
2020-01-05 03:00:00+00:00,ETHUSDT,Momentum,1,bull,0.007641440117560627,0.025863335782512875,-0.014254224834680418
2020-01-05 04:00:00+00:00,ETHUSDT,Momentum,1,bull,0.009128386336866967,0.028268551236749095,-0.012367491166077826
2020-01-05 05:00:00+00:00,ETHUSDT,Momentum,1,bull,0.012049963262307228,0.026304188096987646,-0.014254224834680418
2020-01-05 06:00:00+00:00,ETHUSDT,Momentum,1,bull,0.012349309026756794,0.02675683622463998,-0.013819464863275455
2020-01-05 07:00:00+00:00,ETHUSDT,Momentum,1,bull,0.013899102809236785,0.027209883806442292,-0.013384321223709361
2020-01-05 17:00:00+00:00,ETHUSDT,Momentum,1,bull,0.009655873384637692,0.03818789022796576,-0.025990997531581295
2020-01-05 18:00:00+00:00,ETHUSDT,Momentum,1,bull,0.008059831542259754,0.03833865814696491,-0.025849549811211125
2020-01-05 19:00:00+00:00,ETHUSDT,Momentum,1,bull,0.006672952781605845,0.03720896496699777,-0.02690940741278025
2020-01-05 20:00:00+00:00,ETHUSDT,Momentum,1,bull,0.01974305001088772,0.03796182042534646,-0.026203092110038573
2020-01-06 01:00:00+00:00,ETHUSDT,Momentum,1,bull,0.021504592506196074,0.05882781746610277,-0.0002915876949993734
2020-01-06 02:00:00+00:00,ETHUSDT,Momentum,1,bull,0.014097676760411515,0.04473854563763213,-0.006185715313241857
2020-01-06 03:00:00+00:00,ETHUSDT,Momentum,1,bull,0.0052363532027830395,0.041890825622265204,-0.0067427013844056916
2020-01-06 04:00:00+00:00,ETHUSDT,Momentum,1,bull,0.008971506495370596,0.04248905476207554,-0.006172396468815178
2020-01-06 08:00:00+00:00,ETHUSDT,Momentum,1,bull,0.01153106982703389,0.03388141504733433,-0.010463378176382654
2020-01-06 09:00:00+00:00,ETHUSDT,Momentum,1,bull,0.006038647342995418,0.0318982665529981,-0.012361466325660597
2020-01-06 10:00:00+00:00,ETHUSDT,Momentum,1,bull,0.007469522937072703,0.023536043971531306,-0.02036502008315122
2020-01-06 11:00:00+00:00,ETHUSDT,Momentum,1,bull,0.017950530035335532,0.026501766784452263,-0.017526501766784386
2020-01-06 12:00:00+00:00,ETHUSDT,Momentum,1,bull,0.010406412600196813,0.021305020390943508,-0.022500351567993127
2020-01-06 13:00:00+00:00,ETHUSDT,Momentum,1,bull,0.026618140298294568,0.036537500892028785,-0.0038535645472060898
2020-01-06 14:00:00+00:00,ETHUSDT,Momentum,1,bull,0.020852542733527102,0.030214908858784195,-0.007234555642244178
2020-01-06 17:00:00+00:00,ETHUSDT,Momentum,1,bull,0.008393877407067762,0.0245468011568033,-0.02165479297453632
2020-01-06 18:00:00+00:00,ETHUSDT,Momentum,1,bull,0.012767768477798258,0.030287984111221578,-0.016172506738544534
2020-01-06 19:00:00+00:00,ETHUSDT,Momentum,1,bull,0.010687239011961447,0.028027461249911623,-0.01833109208011896
2020-01-06 20:00:00+00:00,ETHUSDT,Momentum,1,bull,0.00724790655126295,0.022095559777636886,-0.023995496446414966
2020-01-06 23:00:00+00:00,ETHUSDT,Momentum,1,bull,-0.00978894751457926,0.008400444321021938,-0.037073035267981114
2020-01-07 00:00:00+00:00,ETHUSDT,Momentum,1,bull,-0.017954070981210712,0.029505915100904723,-0.03479471120389699
2020-01-07 01:00:00+00:00,ETHUSDT,Momentum,1,bull,-0.02029751146948433,0.02836090643681355,-0.035868205199499736
2020-01-07 02:00:00+00:00,ETHUSDT,Momentum,1,bull,-0.021746682415062835,0.027860765649968755,-0.03633710831654291
2020-01-07 03:00:00+00:00,ETHUSDT,Momentum,1,bull,-0.028017842207973098,0.031084471703373362,-0.03331474770002785
2020-01-07 04:00:00+00:00,ETHUSDT,Momentum,1,bull,-0.008561403508771881,0.038175438596491196,-0.026666666666666727
2020-01-07 06:00:00+00:00,ETHUSDT,Momentum,1,bull,-0.0022412102535368517,0.036139515338282635,-0.02857543073259572
2020-01-07 07:00:00+00:00,ETHUSDT,Momentum,1,bull,0.0028011204481790397,0.035994397759103514,-0.028711484593837655
2020-01-07 12:00:00+00:00,ETHUSDT,Momentum,-1,bull,-0.04528061224489788,0.002125850340136126,-0.02940759637188206
2020-01-07 13:00:00+00:00,ETHUSDT,Momentum,-1,bull,-0.03334752376897954,0.0008514261387825295,-0.03072229317440045
2020-01-07 14:00:00+00:00,ETHUSDT,Momentum,-1,bull,-0.02649147727272716,-0.00014204545454532536,-0.03174715909090908
2020-01-07 15:00:00+00:00,ETHUSDT,Momentum,-1,bull,-0.03656962569912525,-0.017065825326258333,-0.04166069123763094
2020-01-07 20:00:00+00:00,ETHUSDT,Momentum,1,bull,-0.006148956750034684,0.02210860853944996,-0.05243885587950814
2020-01-08 00:00:00+00:00,ETHUSDT,Momentum,1,bull,-0.034912887261880354,0.0021015524371228445,-0.07023252660836543
2020-01-08 01:00:00+00:00,ETHUSDT,Momentum,1,bull,-0.017714913485306072,0.005218346608074853,-0.058294424608623885
2020-01-08 02:00:00+00:00,ETHUSDT,Momentum,1,bull,-0.017366636684425285,0.005050854493876544,-0.05106206323946583
2020-01-08 03:00:00+00:00,ETHUSDT,Momentum,1,bull,-0.021375207526286633,0.004842280022136158,-0.05125899280575541
2020-01-08 04:00:00+00:00,ETHUSDT,Momentum,1,bull,-0.042068965517241375,0.001793103448275879,-0.05413793103448272
2020-01-08 05:00:00+00:00,ETHUSDT,Momentum,1,bull,-0.04157745700669924,0.0027626217280198873,-0.052766075005179824
2020-01-08 06:00:00+00:00,ETHUSDT,Momentum,1,bull,-0.03941565600882024,0.00034454244762938124,-0.05492006615214995
2020-01-08 10:00:00+00:00,ETHUSDT,Momentum,1,bull,-0.024042804530609474,0.0037523452157597337,-0.046973803071364006
2020-01-08 12:00:00+00:00,ETHUSDT,Momentum,-1,bull,0.017631357122787406,0.02676313571227873,0.01074740095532456
2020-01-08 13:00:00+00:00,ETHUSDT,Momentum,-1,bull,0.01453935411715368,0.0315252341674821,0.015587865231371345
2020-01-08 14:00:00+00:00,ETHUSDT,Momentum,-1,bull,0.011336431488522813,0.024433178425573798,0.011406844106463865
2020-01-08 15:00:00+00:00,ETHUSDT,Momentum,-1,bull,0.010885700148441257,0.020640418463278354,0.0083409910228317
2020-01-08 16:00:00+00:00,ETHUSDT,Momentum,-1,bull,-0.007775377969762243,0.003239740820734416,-0.010007199424046043
2020-01-08 17:00:00+00:00,ETHUSDT,Momentum,-1,bull,-0.0025221589680766154,0.017222742667723723,-0.010953376089932743
2020-01-08 18:00:00+00:00,ETHUSDT,Momentum,-1,range,0.00014347202295561523,0.022596843615494966,-0.00638450502152077
2020-01-08 19:00:00+00:00,ETHUSDT,Momentum,-1,range,-0.014575779550398682,0.011965192168237881,-0.01733139956490204
2020-01-08 20:00:00+00:00,ETHUSDT,Momentum,-1,range,-0.0012215276280809206,0.020981533376446038,-0.008047711432061622
2020-01-08 21:00:00+00:00,ETHUSDT,Momentum,-1,range,0.006825202959982679,0.02112220705510448,-0.007902866585243196
2020-01-08 22:00:00+00:00,ETHUSDT,Momentum,-1,range,0.011605553577785699,0.029903880384478332,0.0011391954432181661
2020-01-08 23:00:00+00:00,ETHUSDT,Momentum,-1,range,0.018046181172291287,0.03197158081705154,0.0032682060390764045
2020-01-09 00:00:00+00:00,ETHUSDT,Momentum,-1,range,0.009796210225241353,0.025741866285305615,-0.0031462281015373073
2020-01-09 01:00:00+00:00,ETHUSDT,Momentum,-1,range,0.01957724499929059,0.033550858277769824,0.004894311249822647
2020-01-09 02:00:00+00:00,ETHUSDT,Momentum,-1,range,0.0188020796239583,0.029627519407449565,0.005911259881774655
2020-01-09 03:00:00+00:00,ETHUSDT,Momentum,-1,range,0.012935038948045485,0.026298863717573173,0.00250125062531259
2020-01-09 07:00:00+00:00,ETHUSDT,Momentum,1,range,-0.017010935601458055,0.001286541348009429,-0.033521549567579134
2020-01-09 10:00:00+00:00,ETHUSDT,Momentum,-1,range,0.008716323296354855,0.018513182538539064,0.0046823224319262335
2020-01-09 11:00:00+00:00,ETHUSDT,Momentum,-1,range,0.003472975906229747,0.014181318283771116,0.00028941465885257145
2020-01-09 13:00:00+00:00,ETHUSDT,Momentum,-1,range,0.009477644335117996,0.014252640717696385,-0.002893937201562835
2020-01-09 14:00:00+00:00,ETHUSDT,Momentum,-1,range,0.009000508093198856,0.011032880888437346,-0.00616970312840226
2020-01-09 15:00:00+00:00,ETHUSDT,Momentum,-1,range,0.008543295684911745,0.0135389516362584,-0.011873732985809404
2020-01-09 16:00:00+00:00,ETHUSDT,Momentum,-1,range,-0.0034591889305954915,-0.0027967910502686433,-0.03532788695076161
2020-01-09 17:00:00+00:00,ETHUSDT,Momentum,-1,range,0.002132509743363653,-0.0019119052871534592,-0.034414295168762266
2020-01-09 18:00:00+00:00,ETHUSDT,Momentum,-1,range,-0.005225583278133605,-0.0038271877529989506,-0.04482225656877903
2020-01-09 19:00:00+00:00,ETHUSDT,Momentum,-1,range,0.006471315349378393,0.008289100559877971,-0.0353377444921108
2020-01-09 20:00:00+00:00,ETHUSDT,Momentum,-1,range,0.01205431704306148,0.00958536054026593,-0.03805097669014579
2020-01-10 08:00:00+00:00,ETHUSDT,Momentum,-1,range,-0.05262771040058789,-0.002499081220139532,-0.054538772510106526
2020-01-10 12:00:00+00:00,ETHUSDT,Momentum,1,range,0.026688609044075662,0.03956783056668578,-0.008299942759015466
2020-01-10 13:00:00+00:00,ETHUSDT,Momentum,1,range,0.038638985005767124,0.04736159169550169,-0.0008650519031142556
2020-01-10 14:00:00+00:00,ETHUSDT,Momentum,1,range,0.02604166666666674,0.036601027397260344,-0.0028538812785388057
2020-01-10 15:00:00+00:00,ETHUSDT,Momentum,1,range,0.007161412623744923,0.020080039317559306,-0.012707996910763186
2020-01-10 16:00:00+00:00,ETHUSDT,Momentum,1,range,0.015028000283547227,0.040618132841851784,-0.0031899057205642123
2020-01-10 17:00:00+00:00,ETHUSDT,Momentum,1,bull,0.006552064252501211,0.0429054530083135,-0.0031703536705649515
2020-01-10 18:00:00+00:00,ETHUSDT,Momentum,1,bull,0.0018935409215232735,0.038151343011431305,-0.0077144259765761225
2020-01-10 19:00:00+00:00,ETHUSDT,Momentum,1,bull,-0.0034872367136281612,0.032431301436741666,-0.013181754777514154
2020-01-10 20:00:00+00:00,ETHUSDT,Momentum,1,bull,-0.003421548774526939,0.03365686753718311,-0.012010334473849582
2020-01-10 21:00:00+00:00,ETHUSDT,Momentum,1,bull,0.006581250437583064,0.03640691731428958,-0.009381782538682382
2020-01-10 22:00:00+00:00,ETHUSDT,Momentum,1,bull,6.99937005668172e-05,0.03611674949254562,-0.006089451949324642
2020-01-10 23:00:00+00:00,ETHUSDT,Momentum,1,bull,-0.015124309392265167,0.02230662983425402,-0.019337016574585753
2020-01-11 00:00:00+00:00,ETHUSDT,Momentum,1,bull,-0.005714683950101218,0.03163983552860827,-0.012405045647780333
2020-01-11 01:00:00+00:00,ETHUSDT,Momentum,1,bull,-0.003817323709050635,0.027415324819544562,-0.016449194891726804
2020-01-11 02:00:00+00:00,ETHUSDT,Momentum,1,bull,-0.008622488005006645,0.029344273694458023,-0.014602600653640163
2020-01-11 04:00:00+00:00,ETHUSDT,Momentum,1,bull,0.021649556533277492,0.0338012431035688,-0.01033591731266148
2020-01-11 11:00:00+00:00,ETHUSDT,Momentum,-1,bull,0.001472547507187505,-0.002173760605847841,-0.022368697847275687
2020-01-11 16:00:00+00:00,ETHUSDT,Momentum,1,bull,-0.018593205277189107,0.011894182787613783,-0.031307676532914
2020-01-11 17:00:00+00:00,ETHUSDT,Momentum,1,bull,-0.016582503070833754,0.008666575678995647,-0.032960283881533936
2020-01-11 18:00:00+00:00,ETHUSDT,Momentum,1,bull,-0.015758237260386165,0.008322532232758029,-0.033290128931032115
2020-01-11 19:00:00+00:00,ETHUSDT,Momentum,1,bull,-0.011962540159956236,0.010390320596076252,-0.031307676532914
2020-01-11 20:00:00+00:00,ETHUSDT,Momentum,1,bull,-0.006923973400973393,0.013299513265236262,-0.028518543908960026
2020-01-12 02:00:00+00:00,ETHUSDT,Momentum,1,bull,0.0010410160316469685,0.02019571101394968,-0.010826566729127629
2020-01-12 04:00:00+00:00,ETHUSDT,Momentum,-1,bull,-0.002646792505398121,-0.0016716584244620414,-0.009472731071951124
2020-01-12 05:00:00+00:00,ETHUSDT,Momentum,-1,bull,-0.00062452293386972,0.002081743112899992,-0.0056900978419263115
2020-01-12 06:00:00+00:00,ETHUSDT,Momentum,-1,bull,-0.002495148322705809,0.003396174105905203,-0.004505128915996748
2020-01-12 07:00:00+00:00,ETHUSDT,Momentum,-1,bull,0.0005534800055346789,0.008855680088556861,-0.002698215026982309
2020-01-12 13:00:00+00:00,ETHUSDT,Momentum,1,bull,0.0018605292171993693,0.012954796030870908,-0.019294377067254787
2020-01-12 22:00:00+00:00,ETHUSDT,Momentum,1,bull,-0.009629935341862739,0.01114321089558401,-0.021048287247214192
2020-01-12 23:00:00+00:00,ETHUSDT,Momentum,1,bull,-0.02565327147438079,0.0029337517909531208,-0.02899638398035065
2020-01-13 03:00:00+00:00,ETHUSDT,Momentum,-1,bull,0.00439208031232563,0.0023006134969324465,-0.02398215281650873
2020-01-13 06:00:00+00:00,ETHUSDT,Momentum,-1,bull,-0.005614823133071489,-0.00442167321729392,-0.045409882088714104
2020-01-13 07:00:00+00:00,ETHUSDT,Momentum,-1,bull,-0.0037791307999162083,-0.0015396458814473934,-0.04241024564350204
2020-01-13 11:00:00+00:00,ETHUSDT,Momentum,-1,range,-0.005391779287164944,-0.0021006932287654934,-0.05181709964288217
2020-01-13 12:00:00+00:00,ETHUSDT,Momentum,-1,range,-0.01530077551875908,0.00013973310976023168,-0.05365751414797737
2020-01-13 13:00:00+00:00,ETHUSDT,Momentum,-1,range,-0.032122611799286105,-0.0015396458814473934,-0.05766673665057054
2020-01-14 00:00:00+00:00,ETHUSDT,Momentum,1,bull,0.04032480044040754,0.18483347096063873,0.00041288191577204536
2020-01-14 01:00:00+00:00,ETHUSDT,Momentum,1,bull,0.04488744236506648,0.16748033631678894,-0.006509357200976229
2020-01-14 02:00:00+00:00,ETHUSDT,Momentum,1,bull,0.059151103565365126,0.16930390492359937,-0.0025127334465195883
2020-01-14 03:00:00+00:00,ETHUSDT,Momentum,1,bull,0.04786841221886551,0.1559583752937228,-0.005773749580396004
2020-01-14 04:00:00+00:00,ETHUSDT,Momentum,1,bull,0.06972846128058996,0.15440831377807585,-0.007106939322829353
2020-01-14 05:00:00+00:00,ETHUSDT,Momentum,1,bull,0.10532695804431258,0.15953936292006188,-0.002693784093204976
2020-01-14 06:00:00+00:00,ETHUSDT,Momentum,1,bull,0.11272141706924321,0.1552603327965647,-0.0020128824476649543
2020-01-14 07:00:00+00:00,ETHUSDT,Momentum,1,bull,0.11093970085183447,0.15487289556643646,-0.0006036622174525608
2020-01-14 08:00:00+00:00,ETHUSDT,Momentum,1,bull,0.09539429642522435,0.15263087428035882,-6.694336591239747e-05
2020-01-14 09:00:00+00:00,ETHUSDT,Momentum,1,bull,0.09589589589589598,0.14901568234901585,-0.0023356690023356164
2020-01-14 10:00:00+00:00,ETHUSDT,Momentum,1,bull,0.09015413234121716,0.1439011427052883,-0.0020595269731596977
2020-01-14 11:00:00+00:00,ETHUSDT,Momentum,1,bull,0.09361393323657463,0.13590183401504152,-0.005079825834542917
2020-01-14 12:00:00+00:00,ETHUSDT,Momentum,1,bull,0.11952639237994434,0.1389072628654584,-0.0003307315782511422
2020-01-14 13:00:00+00:00,ETHUSDT,Momentum,1,bull,0.0865671641791046,0.11732641142115519,-0.0063595068137571875
2020-01-14 14:00:00+00:00,ETHUSDT,Momentum,1,bull,0.07187740446268265,0.104001025904078,-0.01782508335470634
2020-01-14 15:00:00+00:00,ETHUSDT,Momentum,1,bull,0.043118913377754975,0.10315222962583293,-0.01858021527421838
2020-01-14 16:00:00+00:00,ETHUSDT,Momentum,1,bull,0.007145095581322369,0.07916013788780951,-0.004512691946098379
2020-01-14 17:00:00+00:00,ETHUSDT,Momentum,1,bull,-0.018339121428136207,0.04904648754036445,-0.02912325595564491
2020-01-14 18:00:00+00:00,ETHUSDT,Momentum,1,bull,-0.01519536903039076,0.038229618909792595,-0.03913410516160165
2020-01-14 19:00:00+00:00,ETHUSDT,Momentum,1,bull,-0.024089838797319407,0.03954597597053677,-0.03791583650304897
2020-01-14 20:00:00+00:00,ETHUSDT,Momentum,1,bull,-0.009472590600745456,0.05225203202346762,-0.02615657275560712
2020-01-14 21:00:00+00:00,ETHUSDT,Momentum,1,bull,0.007611740348313134,0.04847156253805873,-0.02965534039702844
2020-01-14 22:00:00+00:00,ETHUSDT,Momentum,1,bull,0.02023279907367903,0.0493022122006217,-0.02888658662928889
2020-01-14 23:00:00+00:00,ETHUSDT,Momentum,1,bull,-0.006273752790010412,0.03866803402304386,-0.03872835856910184
2020-01-15 00:00:00+00:00,ETHUSDT,Momentum,1,bull,-0.02020679468242237,0.004963072378138866,-0.05849335302806502
2020-01-15 01:00:00+00:00,ETHUSDT,Momentum,1,bull,0.006629240324892649,0.010152890587673102,-0.05381032011466791
2020-01-15 02:00:00+00:00,ETHUSDT,Momentum,1,bull,-0.007597056888197562,0.011784411078542778,-0.052282108033738006
2020-01-15 03:00:00+00:00,ETHUSDT,Momentum,1,bull,-0.0011670044837540638,0.03887967569559603,-0.026902524414962214
2020-01-15 05:00:00+00:00,ETHUSDT,Momentum,-1,bull,-0.024640019860973084,0.001613704071499411,-0.02923286991062568
2020-01-15 06:00:00+00:00,ETHUSDT,Momentum,-1,bull,-0.002449179524859124,0.015062454077883758,-0.01536860151849151
2020-01-15 07:00:00+00:00,ETHUSDT,Momentum,-1,bull,-0.019116555308092087,0.0048255382331104935,-0.025921801534273925
2020-01-15 10:00:00+00:00,ETHUSDT,Momentum,1,bull,-0.003404814527208644,0.01033391075801915,-0.053640762200585335
2020-01-15 12:00:00+00:00,ETHUSDT,Momentum,-1,bull,0.010552975939214893,0.029970451667370224,-0.0
2020-01-15 16:00:00+00:00,ETHUSDT,Momentum,1,bull,-0.022468489313767215,0.02070267308043605,-0.03531632466662593
2020-01-15 17:00:00+00:00,ETHUSDT,Momentum,1,bull,-0.018111333212187386,0.015385547277242617,-0.04034163183717965
2020-01-15 19:00:00+00:00,ETHUSDT,Momentum,1,bull,-0.021671826625386914,0.01760456504583252,-0.03824439992715345
2020-01-15 20:00:00+00:00,ETHUSDT,Momentum,1,bull,-0.029744021151303812,0.007270760725874403,-0.04801105636341774
2020-01-15 23:00:00+00:00,ETHUSDT,Momentum,1,bull,-0.013925570228091155,0.00618247298919572,-0.049039615846338425
2020-01-16 00:00:00+00:00,ETHUSDT,Momentum,-1,bull,0.008471477328132693,0.019624573378839605,0.002864456362749901
2020-01-16 01:00:00+00:00,ETHUSDT,Momentum,-1,bull,-0.00784460216660432,-0.0014942099364960715,-0.01861536545884701
2020-01-16 02:00:00+00:00,ETHUSDT,Momentum,-1,bull,-0.012274908093962145,-0.0023054395912518455,-0.026294473175898725
2020-01-16 03:00:00+00:00,ETHUSDT,Momentum,-1,bull,-0.01604745551045883,-0.007243209491102132,-0.02997190134249128
2020-01-16 04:00:00+00:00,ETHUSDT,Momentum,-1,bull,-0.009904073751090037,-0.00597981811386572,-0.02746978946057066
2020-01-16 05:00:00+00:00,ETHUSDT,Momentum,-1,bull,-0.008636644046884578,0.0037014188772361845,-0.02479950647748308
2020-01-16 07:00:00+00:00,ETHUSDT,Momentum,-1,bull,-0.015450483991064745,-0.0021097046413502962,-0.04045668900471577
2020-01-16 08:00:00+00:00,ETHUSDT,Momentum,-1,bull,-0.02601102371957631,-0.00018579302656851482,-0.05239363349228965
2020-01-16 09:00:00+00:00,ETHUSDT,Momentum,-1,bull,-0.013572136836886406,-0.00681705503222596,-0.06104362915220629
2020-01-16 10:00:00+00:00,ETHUSDT,Momentum,-1,bull,-0.009961261759823037,0.0010453175920801527,-0.052757793764988126
2020-01-16 11:00:00+00:00,ETHUSDT,Momentum,-1,bull,-0.0005478451424396624,0.011078646213781296,-0.04218407596785978
2020-01-16 14:00:00+00:00,ETHUSDT,Momentum,1,bull,0.02105133571340634,0.07589560507201765,-0.010094792564323662
2020-01-16 15:00:00+00:00,ETHUSDT,Momentum,1,bull,0.015240904621435458,0.07417649950835781,-0.011676499508357918
2020-01-16 19:00:00+00:00,ETHUSDT,Momentum,1,bull,0.046318362358692244,0.06807210510235251,-0.008432630614115477
2020-01-16 20:00:00+00:00,ETHUSDT,Momentum,1,bull,0.03700126758012923,0.05504919418120369,-0.020522725900887218
2020-01-16 21:00:00+00:00,ETHUSDT,Momentum,1,bull,0.05282788138184036,0.06872516050137567,-0.007826352797309699
2020-01-17 01:00:00+00:00,ETHUSDT,Momentum,1,bull,0.022479398933591854,0.05907658749394096,-0.0019995152690256424
2020-01-17 02:00:00+00:00,ETHUSDT,Momentum,1,bull,0.0030142271521582664,0.05371352785145889,-0.005787316132143783
2020-01-17 03:00:00+00:00,ETHUSDT,Momentum,1,bull,0.01997578692493951,0.05805084745762712,-0.0016949152542372614
2020-01-17 04:00:00+00:00,ETHUSDT,Momentum,1,bull,0.0197242206235011,0.04790167865707429,-0.009412470023980934
2020-01-17 05:00:00+00:00,ETHUSDT,Momentum,1,bull,0.00229303857008456,0.02769285042333003,-0.028515992474129948
2020-01-17 06:00:00+00:00,ETHUSDT,Momentum,1,bull,0.0262203460372199,0.03924133420536302,-0.018490992330102762
2020-01-17 07:00:00+00:00,ETHUSDT,Momentum,1,bull,-0.010512176604566825,0.020790749284588017,-0.035916603398936986
2020-01-17 08:00:00+00:00,ETHUSDT,Momentum,1,bull,-0.014959254947613632,0.012805587892898762,-0.03911525029103613
2020-01-17 09:00:00+00:00,ETHUSDT,Momentum,1,bull,-0.0038329752018119168,0.010511644114060026,-0.041291596492246896
2020-01-17 10:00:00+00:00,ETHUSDT,Momentum,1,bull,0.0059673550576258005,0.017960568653834885,-0.034224536359913404
2020-01-17 11:00:00+00:00,ETHUSDT,Momentum,1,bull,-0.00023515579071131665,0.022927689594356204,-0.029512051734273848
2020-01-17 12:00:00+00:00,ETHUSDT,Momentum,1,bull,0.030670470756062773,0.0342368045649073,-0.01878269139324773
2020-01-17 13:00:00+00:00,ETHUSDT,Momentum,1,bull,0.023703703703703782,0.044562962962962915,-0.021748148148148072
2020-01-17 15:00:00+00:00,ETHUSDT,Momentum,1,bull,0.02130563798219587,0.06569732937685457,-0.02029673590504444
2020-01-17 16:00:00+00:00,ETHUSDT,Momentum,1,bull,-0.007819389734846305,0.05573519901228763,-0.029454994414721547
2020-01-17 18:00:00+00:00,ETHUSDT,Momentum,1,bull,-0.026187717265353294,0.04038238702201613,-0.04356894553881796
2020-01-17 19:00:00+00:00,ETHUSDT,Momentum,-1,bull,0.007318656672372081,0.006079206752050981,-0.02838930531783035
2020-01-17 20:00:00+00:00,ETHUSDT,Momentum,-1,bull,0.0035454706612302322,0.00490456774803516,-0.03202741830644684
2020-01-18 00:00:00+00:00,ETHUSDT,Momentum,1,bull,-0.012860438292964349,0.03558246828143008,-0.04798154555940015
2020-01-18 01:00:00+00:00,ETHUSDT,Momentum,1,bull,0.00879884225759775,0.03947901591895797,-0.0443994211287988
2020-01-18 02:00:00+00:00,ETHUSDT,Momentum,1,bull,0.03567258290518449,0.048400280242877125,-0.03619803829985979
2020-01-18 03:00:00+00:00,ETHUSDT,Momentum,1,bull,0.020861177290952382,0.0434656284502295,-0.04073449938985407
2020-01-18 05:00:00+00:00,ETHUSDT,Momentum,-1,bull,-0.0402401331431288,-0.0009510223490252212,-0.047253922967189554
2020-01-18 06:00:00+00:00,ETHUSDT,Momentum,-1,bull,-0.03551880057115664,-0.005890052356020803,-0.04825083293669663
2020-01-18 09:00:00+00:00,ETHUSDT,Momentum,-1,bull,-0.04331661257007968,0.0007081735025079583,-0.039775745057539114
2020-01-18 10:00:00+00:00,ETHUSDT,Momentum,-1,bull,-0.04747265740467044,-0.0010641442506651444,-0.041619864026012365
2020-01-18 12:00:00+00:00,ETHUSDT,Momentum,-1,bull,-0.031197055558801257,0.025530174680142403,-0.029327569083367422
2020-01-18 14:00:00+00:00,ETHUSDT,Momentum,1,bull,-0.004848074863295526,0.00699024747731003,-0.08782907717458699
2020-01-18 15:00:00+00:00,ETHUSDT,Momentum,1,bull,0.004098360655737654,0.015596539162112899,-0.07895036429872493
2020-01-18 16:00:00+00:00,ETHUSDT,Momentum,1,bull,0.010736020208979236,0.024342634056722767,-0.07101848662303367
2020-01-18 17:00:00+00:00,ETHUSDT,Momentum,1,bull,0.006971030226844199,0.019484600879949632,-0.07542426147077308
2020-01-18 18:00:00+00:00,ETHUSDT,Momentum,1,bull,0.008043665613329365,0.025107727664464008,-0.07032461936225232
2020-01-18 19:00:00+00:00,ETHUSDT,Momentum,1,bull,0.008963233614980526,0.018611555149577574,-0.076216031057319
2020-01-18 20:00:00+00:00,ETHUSDT,Momentum,1,bull,0.005120619025944517,0.015134274010013549,-0.07936959490213924
2020-01-18 21:00:00+00:00,ETHUSDT,Momentum,1,bull,-0.005882685672266463,0.009219978505571547,-0.08473329939476204
2020-01-18 22:00:00+00:00,ETHUSDT,Momentum,1,bull,-0.01518230048538205,0.006998532565752225,-0.08674793994807539
2020-01-18 23:00:00+00:00,ETHUSDT,Momentum,1,bull,-0.04334116837699942,0.02287450553230519,-0.07234993980393278
2020-01-19 00:00:00+00:00,ETHUSDT,Momentum,1,bull,-0.06231941533057617,0.010820916661945512,-0.08328140048722443
2020-01-19 04:00:00+00:00,ETHUSDT,Momentum,1,bull,-0.060607781880147815,0.008577108775915887,-0.08088611190002848
2020-01-19 10:00:00+00:00,ETHUSDT,Momentum,-1,bull,0.046650237835979214,0.05249584503409932,0.049401111811565146
2020-01-19 11:00:00+00:00,ETHUSDT,Momentum,-1,bull,-0.0010187571163180476,0.009228740936057966,0.005992688919518208
2020-01-19 12:00:00+00:00,ETHUSDT,Momentum,-1,bull,-0.002779288260528201,0.007069059271343048,-0.002175095160413365
2020-01-19 13:00:00+00:00,ETHUSDT,Momentum,-1,bull,-0.0065625569666403205,0.0013975815762289345,-0.007899374126511649
2020-01-19 14:00:00+00:00,ETHUSDT,Momentum,-1,bull,-0.006681649760067909,0.0017615258458361094,-0.007532041547713142
2020-01-19 15:00:00+00:00,ETHUSDT,Momentum,-1,range,-0.005395247332686592,0.003758486905916625,-0.00551648884578082
2020-01-19 16:00:00+00:00,ETHUSDT,Momentum,-1,range,0.00223727173781596,0.006288547587374516,-0.004776877494255594
2020-01-19 17:00:00+00:00,ETHUSDT,Momentum,-1,range,-0.003144463929370289,0.006228457398560816,-0.005986575557840101
2020-01-19 18:00:00+00:00,ETHUSDT,Momentum,-1,range,-0.009116324298042988,0.0012155099064056207,-0.011061140148292292
2020-01-19 19:00:00+00:00,ETHUSDT,Momentum,-1,range,-0.003875030273674085,0.004964882538144755,-0.0093242915960281
2020-01-19 20:00:00+00:00,ETHUSDT,Momentum,-1,range,-0.005161525382560095,0.00206461015302406,-0.014027204274957406
2020-01-19 21:00:00+00:00,ETHUSDT,Momentum,-1,range,0.007523775129408938,0.010834236186348711,-0.005657878897315616
2020-01-19 22:00:00+00:00,ETHUSDT,Momentum,-1,range,0.007213706041478751,0.012082957619476975,-0.005470393748121305
2020-01-20 11:00:00+00:00,ETHUSDT,Momentum,-1,range,-0.02321734868904679,-0.006738544474393482,-0.028546924773339866
2020-01-20 12:00:00+00:00,ETHUSDT,Momentum,-1,range,-0.022788697788697743,-0.015417690417690366,-0.03132678132678124
2020-01-20 16:00:00+00:00,ETHUSDT,Momentum,1,range,0.006047179978445616,0.0147287749970062,-0.007723625913064414
2020-01-20 19:00:00+00:00,ETHUSDT,Momentum,1,range,-0.005961251862891204,0.010312965722801826,-0.01627421758569292
2020-01-20 20:00:00+00:00,ETHUSDT,Momentum,1,range,-0.0010750119445771533,0.012183468705207812,-0.014452938365981716
2020-01-20 21:00:00+00:00,ETHUSDT,Momentum,1,range,-0.0026878509138692497,0.01744116592999645,-0.014335204873969554
2020-01-20 22:00:00+00:00,ETHUSDT,Momentum,1,range,0.003042233357194002,0.01610594130279175,-0.015628728227153332
2020-01-20 23:00:00+00:00,ETHUSDT,Momentum,1,range,0.006585643297611243,0.019816799377357475,-0.012033766389271339
2020-01-21 00:00:00+00:00,ETHUSDT,Momentum,1,range,0.010569935739595415,0.023001621524232796,-0.008948411506816245
2020-01-21 01:00:00+00:00,ETHUSDT,Momentum,1,range,0.010463378176382765,0.018475336322870017,-0.013333333333333308
2020-01-21 12:00:00+00:00,ETHUSDT,Momentum,1,bull,0.009389671361502261,0.01984905211861898,-0.01931419742081175
2020-01-21 13:00:00+00:00,ETHUSDT,Momentum,1,bull,0.0014792899408284654,0.015443786982248575,-0.02355029585798807
2020-01-21 21:00:00+00:00,ETHUSDT,Momentum,1,bull,-0.001122268163024187,0.013644418192557684,-0.018783225044300078
2020-01-22 06:00:00+00:00,ETHUSDT,Momentum,1,bull,-0.010417279736331109,0.010005296921899998,-0.04131599081866877
2020-01-22 07:00:00+00:00,ETHUSDT,Momentum,1,bull,-0.007202739402526803,0.0018302042744124947,-0.038316212067540545
2020-01-22 12:00:00+00:00,ETHUSDT,Momentum,-1,bull,0.004461364582713734,0.027363036107310834,0.0015466063886742099
2020-01-22 13:00:00+00:00,ETHUSDT,Momentum,-1,bull,0.00882617832482735,0.021795256679675967,-0.007805463824677172
2020-01-22 14:00:00+00:00,ETHUSDT,Momentum,-1,bull,0.005330618112122765,0.026413512218495416,-0.005330618112122654
2020-01-22 18:00:00+00:00,ETHUSDT,Momentum,-1,range,0.024206018793862194,0.03663613655287257,0.0017247531818721518
2020-01-23 03:00:00+00:00,ETHUSDT,Momentum,-1,range,0.014188250920726841,0.033508422387248604,0.0075469419791101
2020-01-23 04:00:00+00:00,ETHUSDT,Momentum,-1,range,0.01377009402487095,0.029542007885956956,0.005762814680012052
2020-01-23 05:00:00+00:00,ETHUSDT,Momentum,-1,range,0.013404825737265536,0.025773824031196768,0.0013404825737265424
2020-01-23 06:00:00+00:00,ETHUSDT,Momentum,-1,range,0.024623636252818826,0.025476930578411716,0.0010361431096482798
2020-01-23 07:00:00+00:00,ETHUSDT,Momentum,-1,range,0.02635564980309013,0.031263253559527526,0.006967585580127222
2020-01-23 08:00:00+00:00,ETHUSDT,Momentum,-1,range,0.016103452482615466,0.027632060509942713,0.004940832011711582
2020-01-23 09:00:00+00:00,ETHUSDT,Momentum,-1,range,0.00598985392090956,0.02634313306032643,0.005073039545260172
2020-01-23 10:00:00+00:00,ETHUSDT,Momentum,-1,range,0.0032991202346042137,0.03677908113391992,0.005498533724340171
2020-01-23 11:00:00+00:00,ETHUSDT,Momentum,-1,range,-0.0006754267468991326,0.03192926439887034,0.0016578656514798507
2020-01-23 12:00:00+00:00,ETHUSDT,Momentum,-1,range,-0.0019636720667648433,0.03252331860579294,0.00227049582719685
2020-01-23 13:00:00+00:00,ETHUSDT,Momentum,-1,range,0.0011128972424879757,0.02522567082972682,-0.005255348089526324
2020-01-23 14:00:00+00:00,ETHUSDT,Momentum,-1,range,0.02174850594541311,0.02864888176945357,-0.0017250939560100598
2020-01-23 15:00:00+00:00,ETHUSDT,Momentum,-1,range,0.025355218030377324,0.03441940225379714,0.004225869671729554
2020-01-23 16:00:00+00:00,ETHUSDT,Momentum,-1,range,0.024849304957559437,0.03026202484930507,-6.15081805879214e-05
2020-01-23 17:00:00+00:00,ETHUSDT,Momentum,-1,range,0.014451581027667859,0.026309288537549325,-0.0041378458498024795
2020-01-23 18:00:00+00:00,ETHUSDT,Momentum,-1,range,0.0022495782040867773,0.014809723176904321,-0.015997000562394614
2020-01-23 19:00:00+00:00,ETHUSDT,Momentum,-1,range,0.008587429993777151,0.018917237087741068,-0.01176104542626022
2020-01-23 20:00:00+00:00,ETHUSDT,Momentum,-1,range,0.014197148171109841,0.02256664600124003,-0.00905145691258502
2020-01-24 02:00:00+00:00,ETHUSDT,Momentum,-1,range,-0.021224335558634566,0.0070537851114750305,-0.0277742788764328
2020-01-24 03:00:00+00:00,ETHUSDT,Momentum,-1,range,-0.02249591554606023,0.009299987432449308,-0.025449289933392016
2020-01-24 04:00:00+00:00,ETHUSDT,Momentum,-1,bear,-0.015895042260628323,0.005550649678314645,-0.02933013750473079
2020-01-24 05:00:00+00:00,ETHUSDT,Momentum,-1,bear,-0.010903622007770286,0.01203158290512607,-0.022621882441408614
2020-01-24 08:00:00+00:00,ETHUSDT,Momentum,-1,bear,-0.028174328658574943,0.008490032073454445,-0.02628765486447393
2020-01-24 09:00:00+00:00,ETHUSDT,Momentum,-1,bear,-0.045157988998336895,-0.008443136753230052,-0.043814762696686715
2020-01-24 10:00:00+00:00,ETHUSDT,Momentum,-1,bear,-0.04268916155419222,-0.019299591002045036,-0.04288087934560325
2020-01-24 11:00:00+00:00,ETHUSDT,Momentum,-1,bear,-0.011443497729958452,0.008022886995459833,-0.014926301386902097
2020-01-24 12:00:00+00:00,ETHUSDT,Momentum,-1,bear,0.016719301504737216,0.012322744442380351,-0.010526967614093774
2020-01-24 14:00:00+00:00,ETHUSDT,Momentum,1,bear,-0.016897934011717575,0.015417823003391895,-0.026827012025901875
2020-01-24 15:00:00+00:00,ETHUSDT,Momentum,1,bear,-0.021939528023598776,0.011860865290068912,-0.030235988200589925
2020-01-24 16:00:00+00:00,ETHUSDT,Momentum,1,bear,-0.009313299391531138,0.022289829877064404,-0.020240904010927596
2020-01-24 17:00:00+00:00,ETHUSDT,Momentum,1,bear,-0.00917431192660545,0.020642201834862428,-0.021819985122737307
2020-01-24 18:00:00+00:00,ETHUSDT,Momentum,1,bear,-0.014390710888765312,0.016922981903526813,-0.025384472855289886
2020-01-24 19:00:00+00:00,ETHUSDT,Momentum,1,bear,-0.024897784829438052,0.0039055348752059516,-0.037041557332031405
2020-01-24 20:00:00+00:00,ETHUSDT,Momentum,1,bear,-0.013089485595449313,0.004220441617224235,-0.034803351886965594
2020-01-24 21:00:00+00:00,ETHUSDT,Momentum,1,bear,-0.01695226438188502,0.004773561811505456,-0.03427172582619331
2020-01-24 22:00:00+00:00,ETHUSDT,Momentum,1,bear,-0.02163520470703606,0.006251532238293667,-0.03285118901691586
2020-01-24 23:00:00+00:00,ETHUSDT,Momentum,1,bear,-0.019307630818422128,0.002275102994527378,-0.029699317469101594
2020-01-25 00:00:00+00:00,ETHUSDT,Momentum,-1,bear,-0.0016373827067197588,-0.004471314314503427,-0.01505132565023004
2020-01-25 01:00:00+00:00,ETHUSDT,Momentum,-1,bear,-0.009512410230565704,-0.005795640670278379,-0.01537104699508629
2020-01-25 02:00:00+00:00,ETHUSDT,Momentum,-1,bear,-0.005081237061664856,-0.003512954017941272,-0.011103443949564085
2020-01-25 03:00:00+00:00,ETHUSDT,Momentum,-1,bear,-0.009048067860508935,-0.00515237197612306,-0.01275526233113422
2020-01-25 06:00:00+00:00,ETHUSDT,Momentum,-1,bear,-0.007833061787191342,-0.002443915277603681,-0.010026319087604874
2020-01-25 07:00:00+00:00,ETHUSDT,Momentum,-1,bear,-0.008573753050879374,-0.0011264785030353774,-0.008698917328994415
2020-01-25 08:00:00+00:00,ETHUSDT,Momentum,-1,bear,-0.0003718624109079194,0.008552835450883145,0.001053610164239105
2020-01-25 09:00:00+00:00,ETHUSDT,Momentum,-1,bear,-0.007159310216024339,0.004108821515283578,-0.007346074830355542
2020-01-25 10:00:00+00:00,ETHUSDT,Momentum,-1,bear,-0.010586982396792566,-0.0021299254526092604,-0.01566121656330255
2020-01-25 11:00:00+00:00,ETHUSDT,Momentum,-1,bear,-0.006458085146404224,-0.0030095930779359126,-0.020252053420277027
2020-01-25 16:00:00+00:00,ETHUSDT,Momentum,1,bear,-0.0013643410852712812,0.022449612403100838,-0.010852713178294615
2020-01-25 22:00:00+00:00,ETHUSDT,Momentum,1,bear,0.010166129432184645,0.0414083808579222,-0.01128192412596074
2020-01-26 10:00:00+00:00,ETHUSDT,Momentum,1,range,0.02589592538046137,0.042832596956308144,-0.0014727540500737435
2020-01-26 11:00:00+00:00,ETHUSDT,Momentum,1,range,0.028169014084507005,0.04066135946111449,-0.0025719534598899196
2020-01-26 12:00:00+00:00,ETHUSDT,Momentum,1,range,0.030373403410132616,0.04076269632707952,-0.004583511581005895
2020-01-26 13:00:00+00:00,ETHUSDT,Momentum,1,range,0.030169512269750953,0.04644758582706077,-0.0023254390796156876
2020-01-26 14:00:00+00:00,ETHUSDT,Momentum,1,range,0.026676456191874864,0.04625550660792954,-0.0025085658345570527
2020-01-26 15:00:00+00:00,ETHUSDT,Momentum,1,range,0.026676456191874864,0.04625550660792954,-0.0012236906510033618
2020-01-26 16:00:00+00:00,ETHUSDT,Momentum,1,range,0.013708601237413465,0.03936673541186453,-0.0013344656071819783
2020-01-26 17:00:00+00:00,ETHUSDT,Momentum,1,range,0.004805959389643011,0.02937642676919361,-0.007088790099723741
2020-01-26 18:00:00+00:00,ETHUSDT,Momentum,1,range,0.00588694659698441,0.030035441821349096,-0.00714843515348107
2020-01-26 19:00:00+00:00,ETHUSDT,Momentum,1,range,0.007759398496240522,0.03350375939849615,-0.0058345864661654145
2020-01-26 20:00:00+00:00,ETHUSDT,Momentum,1,range,-0.004200672107537162,0.03354536725876134,-0.008161305808929376
2020-01-26 21:00:00+00:00,ETHUSDT,Momentum,1,range,-0.004362376000956125,0.02940121907493709,-0.012310266523246072
2020-01-26 22:00:00+00:00,ETHUSDT,Momentum,1,range,-0.006340471348247445,0.030386409857638297,-0.011364995812896295
2020-01-26 23:00:00+00:00,ETHUSDT,Momentum,1,range,0.004407385348421666,0.02596783799880864,-0.015604526503871341
2020-01-27 00:00:00+00:00,ETHUSDT,Momentum,1,bull,0.006287069988137661,0.02603795966785305,-0.019691577698695117
2020-01-27 01:00:00+00:00,ETHUSDT,Momentum,1,bull,0.005405726505880892,0.035642152786028225,-0.01817749792087442
2020-01-27 02:00:00+00:00,ETHUSDT,Momentum,1,bull,0.013945172824791241,0.03897497020262208,-0.01501787842669855
2020-01-27 03:00:00+00:00,ETHUSDT,Momentum,1,bull,0.013706793802145345,0.03897497020262208,-0.01501787842669855
2020-01-27 04:00:00+00:00,ETHUSDT,Momentum,1,bull,0.01986596457635237,0.04320248922929637,-0.011010052656773572
2020-01-27 14:00:00+00:00,ETHUSDT,Momentum,1,bull,0.0195721170800518,0.02985776419419306,-0.005583637004819453
2020-01-27 15:00:00+00:00,ETHUSDT,Momentum,1,bull,0.01834215167548514,0.030099941211052306,-0.005349794238683092
2020-01-27 16:00:00+00:00,ETHUSDT,Momentum,1,bull,0.012907768129547081,0.028045059845106746,-0.006864585777986321
2020-01-27 17:00:00+00:00,ETHUSDT,Momentum,1,bull,0.014840989399293125,0.03191990577149584,-0.0031213191990576705
2020-01-27 18:00:00+00:00,ETHUSDT,Momentum,1,bull,0.0014581510644502416,0.021988918051910167,-0.009740449110527738
2020-01-27 19:00:00+00:00,ETHUSDT,Momentum,1,bull,0.004667989263624772,0.022406348465398462,-0.009335978527249322
2020-01-27 20:00:00+00:00,ETHUSDT,Momentum,1,bull,-0.004706565950029051,0.018128994770482354,-0.013480534572922642
2020-01-27 21:00:00+00:00,ETHUSDT,Momentum,1,bull,-0.0040766408479413485,0.020441441966105645,-0.01123988119503816
2020-01-27 22:00:00+00:00,ETHUSDT,Momentum,1,bull,0.010390982740401622,0.02864858518257596,-0.0016437712809674876
2020-01-28 00:00:00+00:00,ETHUSDT,Momentum,1,bull,0.0006988120195667857,0.03272769624970895,-0.007861635220125729
2020-01-28 01:00:00+00:00,ETHUSDT,Momentum,1,bull,-0.007312719525536804,0.024759601543156595,-0.019001554672654963
2020-01-28 02:00:00+00:00,ETHUSDT,Momentum,1,bull,-0.00524586383812764,0.02594108491381797,-0.01787052516285237
2020-01-28 03:00:00+00:00,ETHUSDT,Momentum,1,bull,-0.003694723473040007,0.027421775776469204,-0.016453065465881545
2020-01-28 04:00:00+00:00,ETHUSDT,Momentum,1,bull,-0.0069508804448562556,0.030873493975903665,-0.013148748841519842
2020-01-28 05:00:00+00:00,ETHUSDT,Momentum,1,bull,-0.005629062209842162,0.03278783658310114,-0.011316155988857823
2020-01-28 10:00:00+00:00,ETHUSDT,Momentum,1,bull,0.011039451513566778,0.03916100168496883,-0.009528789727499931
2020-01-28 11:00:00+00:00,ETHUSDT,Momentum,1,bull,0.021074020319303388,0.03831640058055141,-0.010333817126270017
2020-01-28 22:00:00+00:00,ETHUSDT,Momentum,1,bull,0.022929716682949408,0.027814493419918485,-0.0025285903109016905
2020-01-28 23:00:00+00:00,ETHUSDT,Momentum,1,bull,0.002899704343870768,0.016886513531953584,-0.014669092563111108
2020-01-29 00:00:00+00:00,ETHUSDT,Momentum,1,bull,-0.0021004825432869856,0.015327845586148081,-0.028839057621345532
2020-01-29 01:00:00+00:00,ETHUSDT,Momentum,1,bull,-0.006995768688293436,0.009026798307475215,-0.03486600846262344
2020-01-29 02:00:00+00:00,ETHUSDT,Momentum,1,bull,0.003293209175561973,0.015500794912559623,-0.02867363161480818
2020-01-29 03:00:00+00:00,ETHUSDT,Momentum,1,bull,-0.007640067911714787,0.012167515563101361,-0.031861912846632645
2020-01-29 04:00:00+00:00,ETHUSDT,Momentum,1,bull,0.002434054115249662,0.012396694214876103,-0.03164270349824527
2020-01-29 05:00:00+00:00,ETHUSDT,Momentum,1,bull,-0.004178666214919025,0.009938449376023506,-0.03399401434298954
2020-01-29 06:00:00+00:00,ETHUSDT,Momentum,1,bull,-0.005349400304071272,0.00619404245734545,-0.03671377892899386
2020-01-29 07:00:00+00:00,ETHUSDT,Momentum,1,bull,-0.007518375133254818,0.0025809347472367516,-0.04017281041351062
2020-01-29 08:00:00+00:00,ETHUSDT,Momentum,1,bull,-0.01074787281683831,-5.597850425431705e-05,-0.04237572772055531
2020-01-29 09:00:00+00:00,ETHUSDT,Momentum,1,bull,-0.0015288788221969885,0.009966024915062377,-0.0313137032842582
2020-01-29 10:00:00+00:00,ETHUSDT,Momentum,1,bull,-0.010842696629213555,0.0007865168539324952,-0.03893258426966295
2020-01-29 20:00:00+00:00,ETHUSDT,Momentum,-1,bull,0.0029990946129470064,0.017315527387958385,-0.02868945224083297
2020-01-29 22:00:00+00:00,ETHUSDT,Momentum,-1,bull,0.006077128414834987,0.0136877378315442,-0.046856363946157886
2020-01-29 23:00:00+00:00,ETHUSDT,Momentum,-1,bull,-0.009838895281933047,0.000805523590333812,-0.06052934407364785
2020-01-30 00:00:00+00:00,ETHUSDT,Momentum,-1,bull,-0.01939393939393952,-0.00236652236652235,-0.0638961038961039
2020-01-30 01:00:00+00:00,ETHUSDT,Momentum,-1,bull,-0.01844297615627677,0.0022407354208561214,-0.0590060327492099
2020-01-30 02:00:00+00:00,ETHUSDT,Momentum,-1,bull,-0.01957831325301229,-0.005908248378127867,-0.0676552363299352
2020-01-30 04:00:00+00:00,ETHUSDT,Momentum,-1,bull,-0.019543787253553324,-0.00040119211370948094,-0.056396148555708514
2020-01-30 05:00:00+00:00,ETHUSDT,Momentum,-1,bull,-0.032975239846039006,-0.0027575113460103218,-0.0588843568679267
2020-01-30 06:00:00+00:00,ETHUSDT,Momentum,-1,bull,-0.0405141742224262,-0.008493056352576689,-0.057729828991162746
2020-01-30 12:00:00+00:00,ETHUSDT,Momentum,1,bull,0.044561463110808885,0.061095068229432004,-0.010248570296132686
2020-01-30 13:00:00+00:00,ETHUSDT,Momentum,1,bull,0.03994132912106507,0.05720410696152545,-0.013877919440369979
2020-01-30 14:00:00+00:00,ETHUSDT,Momentum,1,bull,0.044029087603681294,0.06465174411998631,-0.006931030564708562
2020-01-30 15:00:00+00:00,ETHUSDT,Momentum,1,bull,0.03386779184247546,0.05428973277074545,-0.016596343178621575
2020-01-30 16:00:00+00:00,ETHUSDT,Momentum,1,bull,0.026982967002080027,0.053460003372870935,-0.013435268986452198
2020-01-30 17:00:00+00:00,ETHUSDT,Momentum,1,bull,0.01039986652577718,0.04221122295756641,-0.023969745842834067
2020-01-30 18:00:00+00:00,ETHUSDT,Momentum,1,bull,0.011692036179130838,0.03353187734392238,-0.03209794837855717
2020-01-30 19:00:00+00:00,ETHUSDT,Momentum,1,bull,0.005006877579092128,0.031086657496561143,-0.03438789546079779
2020-01-30 20:00:00+00:00,ETHUSDT,Momentum,1,bull,-0.009947559063631983,0.013137265502513928,-0.05119749148510566
2020-01-30 21:00:00+00:00,ETHUSDT,Momentum,1,bull,-0.016486180701470787,0.009643876946285213,-0.054469048003879195
2020-01-30 22:00:00+00:00,ETHUSDT,Momentum,1,bull,-0.027523916412805383,0.0015498904387791779,-0.06204906204906213
2020-01-30 23:00:00+00:00,ETHUSDT,Momentum,1,bull,-0.021335205790212752,0.006481581505887624,-0.052068704763962304
2020-01-03 15:00:00+00:00,ETHUSDT,VolatilityExpansion,1,range,0.006040015100037932,0.0197810494526236,-0.004001510003775022
2020-01-03 16:00:00+00:00,ETHUSDT,VolatilityExpansion,1,bull,0.0017241379310344307,0.012518740629685166,-0.009370314842578664
2020-01-03 17:00:00+00:00,ETHUSDT,VolatilityExpansion,1,bull,-0.002090644366460115,0.008511909206301738,-0.013290524901067746
2020-01-03 18:00:00+00:00,ETHUSDT,VolatilityExpansion,1,bull,0.003297115024353703,0.017609591607343766,-0.009741476208317557
2020-01-03 20:00:00+00:00,ETHUSDT,VolatilityExpansion,1,bull,0.0011994902166581056,0.018067321388410162,-0.009296049179098764
2020-01-03 21:00:00+00:00,ETHUSDT,VolatilityExpansion,1,bull,0.012156448202959913,0.025369978858351017,-0.002189670794321863
2020-01-08 01:00:00+00:00,ETHUSDT,VolatilityExpansion,1,bull,-0.017714913485306072,0.005218346608074853,-0.058294424608623885
2020-01-08 02:00:00+00:00,ETHUSDT,VolatilityExpansion,1,bull,-0.017366636684425285,0.005050854493876544,-0.05106206323946583
2020-01-08 03:00:00+00:00,ETHUSDT,VolatilityExpansion,1,bull,-0.021375207526286633,0.004842280022136158,-0.05125899280575541
2020-01-14 13:00:00+00:00,ETHUSDT,VolatilityExpansion,1,bull,0.0865671641791046,0.11732641142115519,-0.0063595068137571875
2020-01-14 14:00:00+00:00,ETHUSDT,VolatilityExpansion,1,bull,0.07187740446268265,0.104001025904078,-0.01782508335470634
2020-01-14 15:00:00+00:00,ETHUSDT,VolatilityExpansion,1,bull,0.043118913377754975,0.10315222962583293,-0.01858021527421838
2020-01-14 16:00:00+00:00,ETHUSDT,VolatilityExpansion,1,bull,0.007145095581322369,0.07916013788780951,-0.004512691946098379
2020-01-14 17:00:00+00:00,ETHUSDT,VolatilityExpansion,1,bull,-0.018339121428136207,0.04904648754036445,-0.02912325595564491
2020-01-14 18:00:00+00:00,ETHUSDT,VolatilityExpansion,1,bull,-0.01519536903039076,0.038229618909792595,-0.03913410516160165
2020-01-14 19:00:00+00:00,ETHUSDT,VolatilityExpansion,1,bull,-0.024089838797319407,0.03954597597053677,-0.03791583650304897
2020-01-14 20:00:00+00:00,ETHUSDT,VolatilityExpansion,1,bull,-0.009472590600745456,0.05225203202346762,-0.02615657275560712
2020-01-14 21:00:00+00:00,ETHUSDT,VolatilityExpansion,1,bull,0.007611740348313134,0.04847156253805873,-0.02965534039702844
2020-01-14 22:00:00+00:00,ETHUSDT,VolatilityExpansion,1,bull,0.02023279907367903,0.0493022122006217,-0.02888658662928889
2020-01-14 23:00:00+00:00,ETHUSDT,VolatilityExpansion,1,bull,-0.006273752790010412,0.03866803402304386,-0.03872835856910184
2020-01-15 00:00:00+00:00,ETHUSDT,VolatilityExpansion,1,bull,-0.02020679468242237,0.004963072378138866,-0.05849335302806502
2020-01-15 01:00:00+00:00,ETHUSDT,VolatilityExpansion,1,bull,0.006629240324892649,0.010152890587673102,-0.05381032011466791
2020-01-15 02:00:00+00:00,ETHUSDT,VolatilityExpansion,1,bull,-0.007597056888197562,0.011784411078542778,-0.052282108033738006
2020-01-15 03:00:00+00:00,ETHUSDT,VolatilityExpansion,1,bull,-0.0011670044837540638,0.03887967569559603,-0.026902524414962214
2020-01-15 04:00:00+00:00,ETHUSDT,VolatilityExpansion,1,bull,0.02202999564378616,0.05258572406496964,-0.014064347501400176
2020-01-15 05:00:00+00:00,ETHUSDT,VolatilityExpansion,1,bull,0.024640019860973084,0.04977656405163833,-0.016695630585898735
2020-01-15 06:00:00+00:00,ETHUSDT,VolatilityExpansion,1,bull,0.002449179524859124,0.03563556208670082,-0.029941219691403287
2020-01-15 07:00:00+00:00,ETHUSDT,VolatilityExpansion,1,bull,0.019116555308092087,0.04639940608760207,-0.019858945805493522
2020-01-15 08:00:00+00:00,ETHUSDT,VolatilityExpansion,1,bull,0.026776900296149986,0.0435587364264558,-0.022519743336623876
2020-01-15 09:00:00+00:00,ETHUSDT,VolatilityExpansion,1,bull,0.00024173566205343278,0.02217924699341256,-0.04254547652142382
2020-01-15 10:00:00+00:00,ETHUSDT,VolatilityExpansion,1,bull,-0.003404814527208644,0.01033391075801915,-0.053640762200585335
2020-01-01 02:00:00+00:00,ETHUSDT,TrendFollowing,1,range,0.007798165137614443,0.016513761467889854,-0.014831804281345562
2020-01-01 03:00:00+00:00,ETHUSDT,TrendFollowing,-1,range,-0.014451533553693663,0.0029979245137982113,-0.01637328003689742
2020-01-01 12:00:00+00:00,ETHUSDT,TrendFollowing,1,range,-0.007070630274462197,0.010872044400517034,-0.021744088801034067
2020-01-02 03:00:00+00:00,ETHUSDT,TrendFollowing,-1,range,-0.0030211480362536403,0.016190254860949715,-0.004028197381671816
2020-01-03 16:00:00+00:00,ETHUSDT,TrendFollowing,1,bull,0.0017241379310344307,0.012518740629685166,-0.009370314842578664
2020-01-24 04:00:00+00:00,ETHUSDT,TrendFollowing,-1,bear,-0.015895042260628323,0.005550649678314645,-0.02933013750473079
2020-01-27 00:00:00+00:00,ETHUSDT,TrendFollowing,1,bull,0.006287069988137661,0.02603795966785305,-0.019691577698695117
2020-01-02 16:00:00+00:00,ETHUSDT,RangeTrading,1,bear,0.013966261278932857,0.051000392310710074,-0.013103177716751735
2020-01-02 17:00:00+00:00,ETHUSDT,RangeTrading,1,bear,0.014290201005025205,0.0595163316582914,-0.012405778894472363
2020-01-02 18:00:00+00:00,ETHUSDT,RangeTrading,1,bear,0.013337517652596942,0.05868507767142628,-0.013180605680213398
2020-01-03 08:00:00+00:00,ETHUSDT,RangeTrading,-1,bear,-0.009688895617288473,-0.0027250018923623553,-0.01120278555748988
2020-01-03 09:00:00+00:00,ETHUSDT,RangeTrading,-1,bear,-0.0009068923821040631,-0.0011336154776300233,-0.009597944377267353
2020-01-04 17:00:00+00:00,ETHUSDT,RangeTrading,-1,bull,-0.011820682477139188,0.0030481005129729954,-0.015983941714370786
2020-01-05 01:00:00+00:00,ETHUSDT,RangeTrading,-1,bull,-0.0,0.0016228976099144088,-0.013573325464738994
2020-01-05 02:00:00+00:00,ETHUSDT,RangeTrading,-1,bull,-0.0010338207059519267,0.0005907546891151805,-0.014621178555604963
2020-01-05 03:00:00+00:00,ETHUSDT,RangeTrading,-1,bull,-0.007641440117560627,0.005584129316678843,-0.015209404849375385
2020-01-05 15:00:00+00:00,ETHUSDT,RangeTrading,-1,bull,-0.01655242817558711,0.0125419279568324,-0.031136065334694596
2020-01-05 17:00:00+00:00,ETHUSDT,RangeTrading,-1,bull,-0.009655873384637692,0.016843328009293,-0.026644402497458808
2020-01-06 02:00:00+00:00,ETHUSDT,RangeTrading,-1,bull,-0.014097676760411515,-0.00021578076674089175,-0.03402143422282955
2020-01-06 03:00:00+00:00,ETHUSDT,RangeTrading,-1,bull,-0.0052363532027830395,0.002510580302704235,-0.031202926619324334
2020-01-06 10:00:00+00:00,ETHUSDT,RangeTrading,-1,bull,-0.007469522937072703,0.004580367838771138,-0.013036431541117555
2020-01-06 23:00:00+00:00,ETHUSDT,RangeTrading,-1,bull,0.00978894751457926,0.022354901416273276,0.001943904470980251
2020-01-07 15:00:00+00:00,ETHUSDT,RangeTrading,1,bull,0.03656962569912525,0.0608059658683493,-0.0054495912806541424
2020-01-08 00:00:00+00:00,ETHUSDT,RangeTrading,-1,bull,0.034912887261880354,0.05518269947800136,0.01518541115856542
2020-01-08 16:00:00+00:00,ETHUSDT,RangeTrading,1,bull,0.007775377969762243,0.018862491000720016,-0.025701943844492425
2020-01-08 17:00:00+00:00,ETHUSDT,RangeTrading,1,bull,0.0025221589680766154,0.019816963320602454,-0.02478921957195357
2020-01-09 16:00:00+00:00,ETHUSDT,RangeTrading,1,range,0.0034591889305954915,0.056966217708103395,-0.004783984691249077
2020-01-09 17:00:00+00:00,ETHUSDT,RangeTrading,1,range,-0.002132509743363653,0.056033531877343945,-0.005662181042723757
2020-01-10 11:00:00+00:00,ETHUSDT,RangeTrading,-1,range,-0.046696544744831536,-0.010409136909064642,-0.03708255023854279
2020-01-10 12:00:00+00:00,ETHUSDT,RangeTrading,-1,range,-0.026688609044075662,-0.0016456783056670865,-0.026545506582713374
2020-01-10 14:00:00+00:00,ETHUSDT,RangeTrading,-1,range,-0.02604166666666674,-0.013127853881278462,-0.023615867579908745
2020-01-10 15:00:00+00:00,ETHUSDT,RangeTrading,-1,range,-0.007161412623744923,0.003019026890402343,-0.0073018324791125355
2020-01-11 16:00:00+00:00,ETHUSDT,RangeTrading,-1,bull,0.018593205277189107,0.019481851117643,0.003349511244787662
2020-01-11 17:00:00+00:00,ETHUSDT,RangeTrading,-1,bull,0.016582503070833754,0.0211546335471543,0.005049815749965769
2020-01-11 18:00:00+00:00,ETHUSDT,RangeTrading,-1,bull,0.015758237260386165,0.021488505355071963,0.005389180708097352
2020-01-12 23:00:00+00:00,ETHUSDT,RangeTrading,-1,bull,0.02565327147438079,0.0236064678992971,0.0111891928771235
2020-01-14 00:00:00+00:00,ETHUSDT,RangeTrading,-1,bull,-0.04032480044040754,-0.015551885494082152,-0.12868153041563457
2020-01-14 01:00:00+00:00,ETHUSDT,RangeTrading,-1,bull,-0.04488744236506648,-0.000678058041768459,-0.1255763493355031
2020-01-14 02:00:00+00:00,ETHUSDT,RangeTrading,-1,bull,-0.059151103565365126,-0.012699490662139157,-0.1330390492359932
2020-01-14 03:00:00+00:00,ETHUSDT,RangeTrading,-1,bull,-0.04786841221886551,-0.0011413225914738145,-0.1201074185968447
2020-01-14 04:00:00+00:00,ETHUSDT,RangeTrading,-1,bull,-0.06972846128058996,0.0002011397921555247,-0.11860543077438823
2020-01-14 13:00:00+00:00,ETHUSDT,RangeTrading,-1,bull,-0.0865671641791046,-0.022647631408176494,-0.08267358857884499
2020-01-14 14:00:00+00:00,ETHUSDT,RangeTrading,-1,bull,-0.07187740446268265,-0.011797896896640125,-0.06976147730187221
2020-01-14 16:00:00+00:00,ETHUSDT,RangeTrading,-1,bull,-0.007145095581322369,-0.014164838608586638,-0.045691005954246355
2020-01-14 17:00:00+00:00,ETHUSDT,RangeTrading,-1,bull,0.018339121428136207,0.014135136781819213,-0.01651130201669404
2020-01-14 18:00:00+00:00,ETHUSDT,RangeTrading,-1,bull,0.01519536903039076,0.02430053063193438,-0.006029908345393187
2020-01-14 19:00:00+00:00,ETHUSDT,RangeTrading,-1,bull,0.024089838797319407,0.02306345468816029,-0.007305439835778582
2020-01-16 01:00:00+00:00,ETHUSDT,RangeTrading,1,bull,0.00784460216660432,0.03349520607645373,-0.010833022039596574
2020-01-16 20:00:00+00:00,ETHUSDT,RangeTrading,-1,bull,-0.03700126758012923,0.006639705438522325,-0.03343997102674012
2020-01-17 04:00:00+00:00,ETHUSDT,RangeTrading,-1,bull,-0.0197242206235011,-0.011930455635491555,-0.026978417266187105
2020-01-17 05:00:00+00:00,ETHUSDT,RangeTrading,-1,bull,-0.00229303857008456,0.007584666039510912,-0.007173095014110897
2020-01-17 07:00:00+00:00,ETHUSDT,RangeTrading,-1,bull,0.010512176604566825,0.016527477661624657,-0.00040880686795552457
2020-01-17 08:00:00+00:00,ETHUSDT,RangeTrading,-1,bull,0.014959254947613632,0.019790454016298087,0.0029103608847497187
2020-01-18 14:00:00+00:00,ETHUSDT,RangeTrading,-1,bull,0.004848074863295526,0.06680196177913067,0.006764755623203
2020-01-19 11:00:00+00:00,ETHUSDT,RangeTrading,1,bull,0.0010187571163180476,0.006172469587103713,-0.030323005932762048
2020-01-19 12:00:00+00:00,ETHUSDT,RangeTrading,1,bull,0.002779288260528201,0.014440215092743625,-0.022355144704247376
2020-01-19 13:00:00+00:00,ETHUSDT,RangeTrading,1,bull,0.0065625569666403205,0.02023455064714108,-0.018654675821838662
2020-01-19 14:00:00+00:00,ETHUSDT,RangeTrading,1,bull,0.006681649760067909,0.019862722468565908,-0.019012330680920786
2020-01-20 11:00:00+00:00,ETHUSDT,RangeTrading,1,range,0.02321734868904679,0.03822592501837763,-0.01065915216858615
2020-01-20 12:00:00+00:00,ETHUSDT,RangeTrading,1,range,0.022788697788697743,0.041031941031940855,-0.007985257985258065
2020-01-21 13:00:00+00:00,ETHUSDT,RangeTrading,-1,bull,-0.0014792899408284654,0.007869822485207179,-0.0027810650887574173
2020-01-21 19:00:00+00:00,ETHUSDT,RangeTrading,1,bull,0.024992435703479643,0.0384871406959153,0.00012102874432673438
2020-01-23 01:00:00+00:00,ETHUSDT,RangeTrading,1,range,-0.02023261448994429,0.007026896050399856,-0.03434698328083363
2020-01-23 04:00:00+00:00,ETHUSDT,RangeTrading,1,range,-0.01377009402487095,0.005762814680012163,-0.0415529269032453
2020-01-23 05:00:00+00:00,ETHUSDT,RangeTrading,1,range,-0.013404825737265536,0.010236412381184445,-0.03728978796002924
2020-01-23 18:00:00+00:00,ETHUSDT,RangeTrading,1,range,-0.0022495782040867773,0.022620758607761138,-0.02693245016559398
2020-01-24 02:00:00+00:00,ETHUSDT,RangeTrading,1,range,0.021224335558634566,0.036969391611034075,-0.01927194860813708
2020-01-24 03:00:00+00:00,ETHUSDT,RangeTrading,1,range,0.02249591554606023,0.03462360185999769,-0.021490511499308695
2020-01-24 04:00:00+00:00,ETHUSDT,RangeTrading,1,bear,0.015895042260628323,0.038539169925570826,-0.017787309196417245
2020-01-24 09:00:00+00:00,ETHUSDT,RangeTrading,1,bear,0.045157988998336895,0.05315338365101696,-0.003965715747729304
2020-01-26 08:00:00+00:00,ETHUSDT,RangeTrading,-1,bear,-0.024909281013592466,-0.003136724275785596,-0.034811489021465025
2020-01-26 09:00:00+00:00,ETHUSDT,RangeTrading,-1,bear,-0.02965788825990634,-0.005414718188530676,-0.035257199113955195
2020-01-26 10:00:00+00:00,ETHUSDT,RangeTrading,-1,range,-0.02589592538046137,-0.003313696612665673,-0.032461953853706316
2020-01-26 11:00:00+00:00,ETHUSDT,RangeTrading,-1,range,-0.028169014084507005,-0.0030618493570115923,-0.03031230863441503
2020-01-26 12:00:00+00:00,ETHUSDT,RangeTrading,-1,range,-0.030373403410132616,-0.0010389292916948012,-0.02853999877773039
2020-01-26 16:00:00+00:00,ETHUSDT,RangeTrading,-1,range,-0.013708601237413465,-0.010554409802256304,-0.029176270775203017
2020-01-26 17:00:00+00:00,ETHUSDT,RangeTrading,-1,range,-0.004805959389643011,-0.000841042893187538,-0.019283912050943153
2020-01-26 18:00:00+00:00,ETHUSDT,RangeTrading,-1,range,-0.00588694659698441,-0.0007809214873550907,-0.019222682765663412
2020-01-27 12:00:00+00:00,ETHUSDT,RangeTrading,-1,bull,-0.012141930920664956,-0.0035954261464106185,-0.01838972061770594
2020-01-27 14:00:00+00:00,ETHUSDT,RangeTrading,-1,bull,-0.0195721170800518,-0.004702010109321808,-0.015516633360761922
2020-01-27 18:00:00+00:00,ETHUSDT,RangeTrading,-1,bull,-0.0014581510644502416,0.002624671916010457,-0.007757363662875605
2020-01-28 22:00:00+00:00,ETHUSDT,RangeTrading,-1,bull,-0.022929716682949408,-0.014424458364461934,-0.022010229297166894
2020-01-28 23:00:00+00:00,ETHUSDT,RangeTrading,-1,bull,-0.002899704343870768,-0.0026154196042755817,-0.011143961792130952
2020-01-29 00:00:00+00:00,ETHUSDT,RangeTrading,-1,bull,0.0021004825432869856,0.011410729491910465,-0.009594095940959502
2020-01-29 01:00:00+00:00,ETHUSDT,RangeTrading,-1,bull,0.006995768688293436,0.01754583921015518,-0.003328631875881616
2020-01-29 23:00:00+00:00,ETHUSDT,RangeTrading,1,bull,0.009838895281933047,0.0782508630609895,-0.015707710011507614
2020-01-30 00:00:00+00:00,ETHUSDT,RangeTrading,1,bull,0.01939393939393952,0.08167388167388179,-0.006926406926406892
2020-01-30 02:00:00+00:00,ETHUSDT,RangeTrading,1,bull,0.01957831325301229,0.08549582947173318,-0.0012743280815570301
2020-01-30 17:00:00+00:00,ETHUSDT,RangeTrading,-1,bull,-0.01039986652577718,0.0035593126077526627,-0.025082031032756857
2020-01-30 18:00:00+00:00,ETHUSDT,RangeTrading,-1,bull,-0.011692036179130838,0.0118574895212884,-0.016545334215751106
2020-01-30 19:00:00+00:00,ETHUSDT,RangeTrading,-1,bull,-0.005006877579092128,0.014195323246217417,-0.014140302613480094
2020-01-30 20:00:00+00:00,ETHUSDT,RangeTrading,-1,bull,0.009947559063631983,0.031356436178839875,0.0035140833648700243
2020-01-30 21:00:00+00:00,ETHUSDT,RangeTrading,-1,bull,0.016486180701470787,0.03469640644361849,0.006950056570227958
2020-01-30 22:00:00+00:00,ETHUSDT,RangeTrading,-1,bull,0.027523916412805383,0.04243493132382037,0.016247127358238522
2020-01-03 07:00:00+00:00,ETHUSDT,Trend_Pullback,-1,bear,-0.03563111318118306,-0.02833410961030891,-0.037028411737307865
2020-01-04 12:00:00+00:00,ETHUSDT,Trend_Pullback,1,bull,0.015296511189812456,0.03420993142943263,-0.0014316931655489196
2020-01-04 13:00:00+00:00,ETHUSDT,Trend_Pullback,1,bull,0.020475760313158675,0.033197831978319714,-0.0010538994278832536
2020-01-04 14:00:00+00:00,ETHUSDT,Trend_Pullback,1,bull,0.01788935658448576,0.0316446181599519,-0.0025556223692122515
2020-01-04 16:00:00+00:00,ETHUSDT,Trend_Pullback,1,bull,0.020586025544703235,0.036739293764087355,-0.003005259203606392
2020-01-05 10:00:00+00:00,ETHUSDT,Trend_Pullback,1,bull,0.0008156606851548176,0.056503040189826326,-0.005190567996440909
2020-01-05 21:00:00+00:00,ETHUSDT,Trend_Pullback,1,bull,0.04027788042273284,0.05683245879831489,-0.008499002291035396
2020-01-05 22:00:00+00:00,ETHUSDT,Trend_Pullback,1,bull,0.05141883381492174,0.0644587686152478,-0.00600133362969546
2020-01-05 23:00:00+00:00,ETHUSDT,Trend_Pullback,1,bull,0.045592255966895534,0.06687356831449032,-0.0037685657282200413
2020-01-06 00:00:00+00:00,ETHUSDT,Trend_Pullback,1,bull,0.04858807048588076,0.07092826070928271,-0.001990710019906916
2020-01-07 12:00:00+00:00,ETHUSDT,Trend_Pullback,1,bull,0.04528061224489788,0.04832766439909286,-0.017148526077097603
2020-01-07 13:00:00+00:00,ETHUSDT,Trend_Pullback,1,bull,0.03334752376897954,0.04966652476231026,-0.015893287923939292
2020-01-07 14:00:00+00:00,ETHUSDT,Trend_Pullback,1,bull,0.02649147727272716,0.050710227272727115,-0.014914772727272929
2020-01-07 16:00:00+00:00,ETHUSDT,Trend_Pullback,1,bull,0.02633069082672712,0.047140430351075846,-0.023570215175538034
2020-01-07 22:00:00+00:00,ETHUSDT,Trend_Pullback,1,bull,0.011740719910011244,0.04007311586051743,-0.03578458942632168
2020-01-08 07:00:00+00:00,ETHUSDT,Trend_Pullback,1,bull,-0.03962671495229475,0.006337488683055836,-0.044849919910857294
2020-01-08 09:00:00+00:00,ETHUSDT,Trend_Pullback,1,bull,-0.028816634105498173,0.00823332403014243,-0.04305051632710011
2020-01-08 11:00:00+00:00,ETHUSDT,Trend_Pullback,1,bull,-0.01930044593088076,0.0009754738015606002,-0.04438405797101452
2020-01-08 12:00:00+00:00,ETHUSDT,Trend_Pullback,1,bull,-0.017631357122787406,0.008007867378476918,-0.03659735880865422
2020-01-08 13:00:00+00:00,ETHUSDT,Trend_Pullback,1,bull,-0.01453935411715368,0.0,-0.04131133790018171
2020-01-11 21:00:00+00:00,ETHUSDT,Trend_Pullback,1,bull,0.004451244957573985,0.014675198219501917,-0.014396995409653557
2020-01-11 22:00:00+00:00,ETHUSDT,Trend_Pullback,1,bull,0.0015351336264042281,0.01800293070965031,-0.011164608192031245
2020-01-11 23:00:00+00:00,ETHUSDT,Trend_Pullback,1,bull,0.007162921348314422,0.029494382022471788,-0.004845505617977475
2020-01-12 00:00:00+00:00,ETHUSDT,Trend_Pullback,1,bull,0.0030009072510295276,0.025891548607718695,-0.00272175308814282
2020-01-12 01:00:00+00:00,ETHUSDT,Trend_Pullback,1,bull,0.013054101221640524,0.02617801047120416,-0.0013961605584641434
2020-01-12 04:00:00+00:00,ETHUSDT,Trend_Pullback,1,bull,0.002646792505398121,0.023890784982935287,-0.007243853172668291
2020-01-12 10:00:00+00:00,ETHUSDT,Trend_Pullback,1,bull,0.012889291437330197,0.024176130425694886,-0.008430293318470117
2020-01-12 11:00:00+00:00,ETHUSDT,Trend_Pullback,1,bull,0.021963463952028972,0.024961651094687065,-0.00766978106261329
2020-01-12 12:00:00+00:00,ETHUSDT,Trend_Pullback,1,bull,0.009114945727804136,0.02282215418870015,-0.009741163373225725
2020-01-12 16:00:00+00:00,ETHUSDT,Trend_Pullback,1,bull,-0.0005557485237929205,0.021187912469607495,-0.011323376172281963
2020-01-13 04:00:00+00:00,ETHUSDT,Trend_Pullback,1,bull,-0.0034058525057344413,0.04802947105025357,-0.010773615069159748
2020-01-13 08:00:00+00:00,ETHUSDT,Trend_Pullback,1,bull,0.005220659891410184,0.04956146456912158,-0.00807462063204789
2020-01-13 23:00:00+00:00,ETHUSDT,Trend_Pullback,1,range,0.05571806658308964,0.19097367321353942,-0.0006268282490597965
2020-01-15 15:00:00+00:00,ETHUSDT,Trend_Pullback,1,bull,-0.015188783667445582,0.030808018693887496,-0.025765588488500746
2020-01-16 00:00:00+00:00,ETHUSDT,Trend_Pullback,1,bull,-0.008471477328132693,0.011701608971233401,-0.03443442223305704
2020-01-16 01:00:00+00:00,ETHUSDT,Trend_Pullback,1,bull,0.00784460216660432,0.03349520607645373,-0.010833022039596574
2020-01-16 02:00:00+00:00,ETHUSDT,Trend_Pullback,1,bull,0.012274908093962145,0.042744096205370896,-0.010031777680852505
2020-01-16 03:00:00+00:00,ETHUSDT,Trend_Pullback,1,bull,0.01604745551045883,0.0458320324695598,-0.004121136434592554
2020-01-16 04:00:00+00:00,ETHUSDT,Trend_Pullback,1,bull,0.009904073751090037,0.04329139155350692,-0.004484863585399235
2020-01-16 05:00:00+00:00,ETHUSDT,Trend_Pullback,1,bull,0.008636644046884578,0.052066625539790135,-0.014065391733497856
2020-01-16 06:00:00+00:00,ETHUSDT,Trend_Pullback,1,bull,0.006525486333415431,0.056205368135927136,-0.016129032258064502
2020-01-16 07:00:00+00:00,ETHUSDT,Trend_Pullback,1,bull,0.015450483991064745,0.06459419210722261,-0.008314718292380285
2020-01-16 08:00:00+00:00,ETHUSDT,Trend_Pullback,1,bull,0.02601102371957631,0.08249210379637084,-0.010218616461262209
2020-01-16 09:00:00+00:00,ETHUSDT,Trend_Pullback,1,bull,0.013572136836886406,0.0832300446207237,-0.00613534952900352
2020-01-16 12:00:00+00:00,ETHUSDT,Trend_Pullback,1,bull,0.007253057962997245,0.07437457741717379,-0.01426024955436711
2020-01-16 13:00:00+00:00,ETHUSDT,Trend_Pullback,1,bull,0.01952063256733383,0.07975043241907587,-0.009327897207808244
2020-01-16 14:00:00+00:00,ETHUSDT,Trend_Pullback,1,bull,0.02105133571340634,0.07589560507201765,-0.010094792564323662
2020-01-16 16:00:00+00:00,ETHUSDT,Trend_Pullback,1,bull,0.028804046135816996,0.0780854869549128,-0.0020970825880466393
2020-01-17 14:00:00+00:00,ETHUSDT,Trend_Pullback,1,bull,0.029450655126818104,0.0792763553311695,-0.007813439115278209
2020-01-18 04:00:00+00:00,ETHUSDT,Trend_Pullback,1,bull,0.032116615311685415,0.06405546337994794,-0.02180611519317366
2020-01-18 05:00:00+00:00,ETHUSDT,Trend_Pullback,1,bull,0.0402401331431288,0.06734427009034705,-0.01878269139324773
2020-01-18 06:00:00+00:00,ETHUSDT,Trend_Pullback,1,bull,0.03551880057115664,0.06836030461684905,-0.006425511661113825
2020-01-18 07:00:00+00:00,ETHUSDT,Trend_Pullback,1,bull,0.041441227183542484,0.06766157322076216,-0.004815981925203605
2020-01-18 08:00:00+00:00,ETHUSDT,Trend_Pullback,1,bull,0.042281918994247825,0.06487576350590052,-0.0036173871790309287
2020-01-18 09:00:00+00:00,ETHUSDT,Trend_Pullback,1,bull,0.04331661257007968,0.059722632044850954,-0.008439067571554881
2020-01-18 10:00:00+00:00,ETHUSDT,Trend_Pullback,1,bull,0.04747265740467044,0.06160212828850131,-0.006680461129175308
2020-01-18 11:00:00+00:00,ETHUSDT,Trend_Pullback,1,bull,0.03048384238199331,0.06084953033614915,-0.029184143675784258
2020-01-19 10:00:00+00:00,ETHUSDT,Trend_Pullback,1,bull,-0.046650237835979214,0.0006304086194051095,-0.07266892085506338
2020-01-22 08:00:00+00:00,ETHUSDT,Trend_Pullback,1,bull,-0.0023720571665777346,0.004091798612346542,-0.0340390203403903
2020-01-22 10:00:00+00:00,ETHUSDT,Trend_Pullback,1,bull,-0.004747774480712286,0.004154302670623,-0.03507418397626105
2020-01-22 19:00:00+00:00,ETHUSDT,Trend_Pullback,1,range,-0.018494291151284425,0.001308277830637472,-0.05203377735490011
2020-01-22 20:00:00+00:00,ETHUSDT,Trend_Pullback,1,range,-0.025500802472805062,0.0008916364500981544,-0.052428223265767016
2020-01-24 11:00:00+00:00,ETHUSDT,Trend_Pullback,-1,bear,-0.011443497729958452,0.008022886995459833,-0.014926301386902097
2020-01-24 12:00:00+00:00,ETHUSDT,Trend_Pullback,-1,bear,0.016719301504737216,0.012322744442380351,-0.010526967614093774
2020-01-24 13:00:00+00:00,ETHUSDT,Trend_Pullback,-1,bear,0.01897286941474563,0.014276002719238678,-0.008528521104999687
2020-01-24 14:00:00+00:00,ETHUSDT,Trend_Pullback,-1,bear,0.016897934011717575,0.01634289238359543,-0.0064138143694110195
2020-01-24 16:00:00+00:00,ETHUSDT,Trend_Pullback,-1,bear,0.009313299391531138,0.009685831367192366,-0.013224885135974196
2020-01-24 17:00:00+00:00,ETHUSDT,Trend_Pullback,-1,bear,0.00917431192660545,0.01128192412596074,-0.011591867096454322
2020-01-24 18:00:00+00:00,ETHUSDT,Trend_Pullback,-1,bear,0.014390710888765312,0.014884812550182147,-0.007905626582669356
2020-01-24 23:00:00+00:00,ETHUSDT,Trend_Pullback,-1,bear,0.019307630818422128,0.019246141548299844,0.008915944167742662
2020-01-25 08:00:00+00:00,ETHUSDT,Trend_Pullback,-1,bear,-0.0003718624109079194,0.008552835450883145,0.001053610164239105
2020-01-25 09:00:00+00:00,ETHUSDT,Trend_Pullback,-1,bear,-0.007159310216024339,0.004108821515283578,-0.007346074830355542
2020-01-25 15:00:00+00:00,ETHUSDT,Trend_Pullback,-1,bear,-0.004545737592627219,0.0008095149137554714,-0.015193972227411479
2020-01-25 16:00:00+00:00,ETHUSDT,Trend_Pullback,-1,bear,0.0013643410852712812,0.00489922480620153,-0.012341085271317942
2020-01-25 17:00:00+00:00,ETHUSDT,Trend_Pullback,-1,bear,-0.003548306772908516,0.0011205179282867128,-0.02490039840637448
2020-01-25 18:00:00+00:00,ETHUSDT,Trend_Pullback,-1,bear,-0.0009326618168250533,0.00230056581483562,-0.032145743953242434
2020-01-25 19:00:00+00:00,ETHUSDT,Trend_Pullback,-1,bear,-0.0010548523206752591,0.004343509555720937,-0.030032266070985303
2020-01-26 04:00:00+00:00,ETHUSDT,Trend_Pullback,-1,bear,-0.0237843880022357,-0.0023598087312923788,-0.044836365894553865
2020-01-26 06:00:00+00:00,ETHUSDT,Trend_Pullback,-1,bear,-0.03410361535594486,-0.0026711392719593885,-0.04516088955149722
2020-01-27 08:00:00+00:00,ETHUSDT,Trend_Pullback,1,bull,0.03712185127154388,0.0506207062793782,-0.002651560805110309
2020-01-27 10:00:00+00:00,ETHUSDT,Trend_Pullback,1,bull,0.02540332289910907,0.04948230195039738,-0.0011437515049361746
2020-01-28 09:00:00+00:00,ETHUSDT,Trend_Pullback,1,bull,0.007367990176013306,0.045845272206303855,-0.003742471200514519
2020-01-28 16:00:00+00:00,ETHUSDT,Trend_Pullback,1,bull,0.03044797013532441,0.04322211852543156,-0.005657956136257525
2020-01-28 17:00:00+00:00,ETHUSDT,Trend_Pullback,1,bull,0.03349868689816171,0.0437700612780858,-0.0030930843303180744
2020-01-28 18:00:00+00:00,ETHUSDT,Trend_Pullback,1,bull,0.0372641784942469,0.044623561707844095,-0.002277904328018332
2020-01-28 19:00:00+00:00,ETHUSDT,Trend_Pullback,1,bull,0.03881797517048424,0.042431660546715655,-0.00017485574401121529
2020-01-29 15:00:00+00:00,ETHUSDT,Trend_Pullback,1,bull,-0.009980039920159722,0.0139720558882237,-0.024408326204733433
2020-01-29 22:00:00+00:00,ETHUSDT,Trend_Pullback,1,bull,-0.006077128414834987,0.06275912989152044,-0.0283977963310047
2020-01-30 04:00:00+00:00,ETHUSDT,Trend_Pullback,1,bull,0.019543787253553324,0.07404860155891813,-0.004413113250802292
2020-01-30 05:00:00+00:00,ETHUSDT,Trend_Pullback,1,bull,0.032975239846039006,0.07657838800482564,-0.0020681335095076303
2020-01-30 06:00:00+00:00,ETHUSDT,Trend_Pullback,1,bull,0.0405141742224262,0.0754045678870654,-0.000918168254332552
2020-01-30 10:00:00+00:00,ETHUSDT,Trend_Pullback,1,bull,0.06920000000000015,0.07085714285714295,-0.0028571428571428914
2020-01-06 02:00:00+00:00,ETHUSDT,Breakout_VolExp,1,bull,0.014097676760411515,0.04473854563763213,-0.006185715313241857
2020-01-06 08:00:00+00:00,ETHUSDT,Breakout_VolExp,1,bull,0.01153106982703389,0.03388141504733433,-0.010463378176382654
2020-01-06 10:00:00+00:00,ETHUSDT,Breakout_VolExp,1,bull,0.007469522937072703,0.023536043971531306,-0.02036502008315122
2020-01-06 23:00:00+00:00,ETHUSDT,Breakout_VolExp,1,bull,-0.00978894751457926,0.008400444321021938,-0.037073035267981114
2020-01-08 00:00:00+00:00,ETHUSDT,Breakout_VolExp,1,bull,-0.034912887261880354,0.0021015524371228445,-0.07023252660836543
2020-01-14 13:00:00+00:00,ETHUSDT,Breakout_VolExp,1,bull,0.0865671641791046,0.11732641142115519,-0.0063595068137571875
2020-01-14 14:00:00+00:00,ETHUSDT,Breakout_VolExp,1,bull,0.07187740446268265,0.104001025904078,-0.01782508335470634
2020-01-14 16:00:00+00:00,ETHUSDT,Breakout_VolExp,1,bull,0.007145095581322369,0.07916013788780951,-0.004512691946098379
2020-01-14 17:00:00+00:00,ETHUSDT,Breakout_VolExp,1,bull,-0.018339121428136207,0.04904648754036445,-0.02912325595564491
2020-01-24 02:00:00+00:00,ETHUSDT,Breakout_VolExp,-1,range,-0.021224335558634566,0.0070537851114750305,-0.0277742788764328
2020-01-24 19:00:00+00:00,ETHUSDT,Breakout_VolExp,1,bear,-0.024897784829438052,0.0039055348752059516,-0.037041557332031405
2020-01-27 18:00:00+00:00,ETHUSDT,Breakout_VolExp,1,bull,0.0014581510644502416,0.021988918051910167,-0.009740449110527738
2020-01-27 20:00:00+00:00,ETHUSDT,Breakout_VolExp,1,bull,-0.004706565950029051,0.018128994770482354,-0.013480534572922642
2020-01-28 01:00:00+00:00,ETHUSDT,Breakout_VolExp,1,bull,-0.007312719525536804,0.024759601543156595,-0.019001554672654963
2020-01-30 20:00:00+00:00,ETHUSDT,Breakout_VolExp,1,bull,-0.009947559063631983,0.013137265502513928,-0.05119749148510566
2020-01-30 22:00:00+00:00,ETHUSDT,Breakout_VolExp,1,bull,-0.027523916412805383,0.0015498904387791779,-0.06204906204906213
2020-01-03 11:00:00+00:00,ETHUSDT,RSI_Range,-1,range,-0.01412173387705784,-0.0003775864673010165,-0.008835523334843831
2020-01-03 12:00:00+00:00,ETHUSDT,RSI_Range,-1,range,-0.010893410999319064,-0.0021181632498676883,-0.01059081624933822
2020-01-03 13:00:00+00:00,ETHUSDT,RSI_Range,-1,range,0.003746160185809533,0.007492320371619066,-0.0008990784445943589
2020-01-03 15:00:00+00:00,ETHUSDT,RSI_Range,-1,range,-0.006040015100037932,-0.005662514156285381,-0.008607021517553992
2020-01-08 18:00:00+00:00,ETHUSDT,RSI_Range,1,range,-0.00014347202295561523,0.015208034433285444,-0.029196556671449048
2020-01-08 19:00:00+00:00,ETHUSDT,RSI_Range,1,range,0.014575779550398682,0.026250906453952227,-0.018636693255982495
2020-01-08 20:00:00+00:00,ETHUSDT,RSI_Range,1,range,0.0012215276280809206,0.01688582309405784,-0.027592153481353576
2020-01-09 15:00:00+00:00,ETHUSDT,RSI_Range,1,range,-0.008543295684911745,0.035259194902983015,-0.020996235157833776
2020-01-09 16:00:00+00:00,ETHUSDT,RSI_Range,1,range,0.0034591889305954915,0.056966217708103395,-0.004783984691249077
2020-01-09 17:00:00+00:00,ETHUSDT,RSI_Range,1,range,-0.002132509743363653,0.056033531877343945,-0.005662181042723757
2020-01-09 18:00:00+00:00,ETHUSDT,RSI_Range,1,range,0.005225583278133605,0.06830058143813944,-0.004783984691249077
2020-01-10 15:00:00+00:00,ETHUSDT,RSI_Range,-1,range,-0.007161412623744923,0.003019026890402343,-0.0073018324791125355
2020-01-19 15:00:00+00:00,ETHUSDT,RSI_Range,1,range,0.005395247332686592,0.01782250242483019,-0.02097478176527645
2020-01-19 16:00:00+00:00,ETHUSDT,RSI_Range,1,range,-0.00223727173781596,0.01566090216471161,-0.023461119845204936
2020-01-19 17:00:00+00:00,ETHUSDT,RSI_Range,1,range,0.003144463929370289,0.015722319646852556,-0.023402068089738215
2020-01-19 18:00:00+00:00,ETHUSDT,RSI_Range,1,range,0.009116324298042988,0.0208459948948585,-0.018475750577367167
2020-01-19 19:00:00+00:00,ETHUSDT,RSI_Range,1,range,0.003875030273674085,0.017013804795350085,-0.022160329377573285
2020-01-19 20:00:00+00:00,ETHUSDT,RSI_Range,1,range,0.005161525382560095,0.01997813942190918,-0.01931017731357787
2020-01-19 21:00:00+00:00,ETHUSDT,RSI_Range,1,range,-0.007523775129408938,0.011014806789454656,-0.027928253280365856
2020-01-19 22:00:00+00:00,ETHUSDT,RSI_Range,1,range,-0.007213706041478751,0.018815749924857128,-0.029155395250976768
2020-01-19 23:00:00+00:00,ETHUSDT,RSI_Range,1,range,-0.022749042145593812,0.01460727969348663,-0.03316570881226044
2020-01-20 00:00:00+00:00,ETHUSDT,RSI_Range,1,range,-0.019099837319997537,0.021148400313309557,-0.026932578176778965
2020-01-20 12:00:00+00:00,ETHUSDT,RSI_Range,1,range,0.022788697788697743,0.041031941031940855,-0.007985257985258065
2020-01-21 01:00:00+00:00,ETHUSDT,RSI_Range,-1,range,-0.010463378176382765,-0.0013153961136023185,-0.013273542600896748
2020-01-21 02:00:00+00:00,ETHUSDT,RSI_Range,-1,range,-0.005313432835820864,0.00017910447761193549,-0.011761194029850763
2020-01-21 03:00:00+00:00,ETHUSDT,RSI_Range,-1,range,0.0011278641814080892,0.0058767659978630205,-0.005995488543274252
2020-01-23 05:00:00+00:00,ETHUSDT,RSI_Range,1,range,-0.013404825737265536,0.010236412381184445,-0.03728978796002924
2020-01-23 06:00:00+00:00,ETHUSDT,RSI_Range,1,range,-0.024623636252818826,0.010544279880538854,-0.03699640397391357
2020-01-23 08:00:00+00:00,ETHUSDT,RSI_Range,1,range,-0.016103452482615466,0.0011589605953397086,-0.03623276808588505
2020-01-23 09:00:00+00:00,ETHUSDT,RSI_Range,1,range,-0.00598985392090956,0.0027504431269480545,-0.0469408960332498
2020-01-23 10:00:00+00:00,ETHUSDT,RSI_Range,1,range,-0.0032991202346042137,0.0019550342130987275,-0.048020527859237605
2020-01-23 11:00:00+00:00,ETHUSDT,RSI_Range,1,range,0.0006754267468991326,0.00699987719513695,-0.04384133611691032
2020-01-23 12:00:00+00:00,ETHUSDT,RSI_Range,1,range,0.0019636720667648433,0.006381934216985741,-0.0444280805105548
2020-01-23 13:00:00+00:00,ETHUSDT,RSI_Range,1,range,-0.0011128972424879757,0.01397304315568193,-0.03722022999876351
2020-01-23 14:00:00+00:00,ETHUSDT,RSI_Range,1,range,-0.02174850594541311,0.01041217423448959,-0.040601318464666414
2020-01-23 17:00:00+00:00,ETHUSDT,RSI_Range,1,range,-0.014451581027667859,0.010684288537549547,-0.03829051383399207
2020-01-23 18:00:00+00:00,ETHUSDT,RSI_Range,1,range,-0.0022495782040867773,0.022620758607761138,-0.02693245016559398
2020-01-26 13:00:00+00:00,ETHUSDT,RSI_Range,-1,range,-0.030169512269750953,-0.0023866348448688957,-0.03335169206290933
2020-01-26 14:00:00+00:00,ETHUSDT,RSI_Range,-1,range,-0.026676456191874864,-0.003915810083211069,-0.03316201664219287
2020-01-26 15:00:00+00:00,ETHUSDT,RSI_Range,-1,range,-0.026676456191874864,-0.00874938815467452,-0.03811796377875676
2020-01-26 16:00:00+00:00,ETHUSDT,RSI_Range,-1,range,-0.013708601237413465,-0.010554409802256304,-0.029176270775203017
2020-01-26 17:00:00+00:00,ETHUSDT,RSI_Range,-1,range,-0.004805959389643011,-0.000841042893187538,-0.019283912050943153
2020-01-26 18:00:00+00:00,ETHUSDT,RSI_Range,-1,range,-0.00588694659698441,-0.0007809214873550907,-0.019222682765663412
2020-01-26 19:00:00+00:00,ETHUSDT,RSI_Range,-1,range,-0.007759398496240522,-0.00348872180451143,-0.025082706766917262
2020-01-26 20:00:00+00:00,ETHUSDT,RSI_Range,-1,range,0.004200672107537162,-0.0011401824291887852,-0.02712433989438323
2020-01-26 21:00:00+00:00,ETHUSDT,RSI_Range,-1,range,0.004362376000956125,0.0030476873431336537,-0.02282777578582529
2020-01-26 22:00:00+00:00,ETHUSDT,RSI_Range,-1,range,0.006340471348247445,0.0020935518602703818,-0.023806675439645764
2020-01-26 23:00:00+00:00,ETHUSDT,RSI_Range,-1,range,-0.004407385348421666,0.006372840976771821,-0.01941631923764131
2020-09-15 07:00:00+00:00,SOLUSDT,Breakout,-1,bear,0.04458138145691193,0.14594271701197847,-0.017260351494953863
2020-09-15 14:00:00+00:00,SOLUSDT,Breakout,-1,bear,0.0966662291639323,0.15477752985956172,-0.006234413965087393
2020-09-15 23:00:00+00:00,SOLUSDT,Breakout,-1,bear,0.1180280921860083,0.13180144552025075,0.08973135142506472
2020-09-16 00:00:00+00:00,SOLUSDT,Breakout,-1,bear,-0.0052765292163377,0.0046511627906975495,-0.04358022278678919
2020-09-16 14:00:00+00:00,SOLUSDT,Breakout,-1,bear,-0.051649694501018306,-0.02048879837067208,-0.06109979633401208
2020-09-17 17:00:00+00:00,SOLUSDT,Breakout,1,bear,0.05921439060205569,0.15638766519823766,-0.013656387665198388
2020-09-17 20:00:00+00:00,SOLUSDT,Breakout,1,bear,0.05469335331264036,0.12383602697206464,-0.028149416675586014
2020-09-17 21:00:00+00:00,SOLUSDT,Breakout,1,bear,0.022162180649133,0.07732822599952116,-0.0683675912308902
2020-09-18 06:00:00+00:00,SOLUSDT,Breakout,1,range,-0.012548490470568496,0.0966098836228706,-0.05586102209478827
2020-09-18 10:00:00+00:00,SOLUSDT,Breakout,1,range,0.03171672546239823,0.07180772147308034,-0.07721473080346841
2020-09-19 01:00:00+00:00,SOLUSDT,Breakout,1,bull,-0.04210162243742932,0.02216702301597273,-0.10096214312665075
2020-09-20 01:00:00+00:00,SOLUSDT,Breakout,-1,bull,0.009605381787918699,0.039461821208128134,-0.02094458700325963
2020-09-21 03:00:00+00:00,SOLUSDT,Breakout,1,bear,-0.10356235797353286,0.012565165084881702,-0.17871942253709405
2020-09-21 08:00:00+00:00,SOLUSDT,Breakout,-1,bear,-0.05106239712703875,0.011858446805326883,-0.078669759090229
2020-09-21 09:00:00+00:00,SOLUSDT,Breakout,-1,bear,-0.12451999999999996,-0.056599999999999984,-0.15339999999999998
2020-09-23 00:00:00+00:00,SOLUSDT,Breakout,1,range,-0.0352323838080959,-0.0006844403885013506,-0.12447037350889767
2020-09-24 07:00:00+00:00,SOLUSDT,Breakout,1,bull,0.042206724126587325,0.07039936837949856,-0.049773011382327814
2020-09-24 16:00:00+00:00,SOLUSDT,Breakout,1,bull,-0.032064767004526096,0.03710078408873585,-0.07630522088353409
2020-09-24 17:00:00+00:00,SOLUSDT,Breakout,1,bull,-0.049851519555190515,0.027926960257787403,-0.08447589562140645
2020-09-25 19:00:00+00:00,SOLUSDT,Breakout,1,bull,-0.026767928286852705,0.017741533864541914,-0.060943725099601664
2020-09-26 13:00:00+00:00,SOLUSDT,Breakout,-1,bull,-0.03313352216586529,-0.003095975232198178,-0.031058560042158012
2020-09-28 19:00:00+00:00,SOLUSDT,Breakout,-1,range,0.0060545575515634775,0.021623419827012658,0.0012974051896207373
2020-09-28 21:00:00+00:00,SOLUSDT,Breakout,-1,range,0.002579996649355043,0.020036857094990812,-0.0012062321996983982
2020-09-28 22:00:00+00:00,SOLUSDT,Breakout,-1,range,-0.011754374113355448,0.012125920421536152,-0.009288657704519476
2020-09-15 07:00:00+00:00,SOLUSDT,Donchian,-1,bear,0.04458138145691193,0.14594271701197847,-0.017260351494953863
2020-09-15 14:00:00+00:00,SOLUSDT,Donchian,-1,bear,0.0966662291639323,0.15477752985956172,-0.006234413965087393
2020-09-15 23:00:00+00:00,SOLUSDT,Donchian,-1,bear,0.1180280921860083,0.13180144552025075,0.08973135142506472
2020-09-16 00:00:00+00:00,SOLUSDT,Donchian,-1,bear,-0.0052765292163377,0.0046511627906975495,-0.04358022278678919
2020-09-16 14:00:00+00:00,SOLUSDT,Donchian,-1,bear,-0.051649694501018306,-0.02048879837067208,-0.06109979633401208
2020-09-17 17:00:00+00:00,SOLUSDT,Donchian,1,bear,0.05921439060205569,0.15638766519823766,-0.013656387665198388
2020-09-17 20:00:00+00:00,SOLUSDT,Donchian,1,bear,0.05469335331264036,0.12383602697206464,-0.028149416675586014
2020-09-17 21:00:00+00:00,SOLUSDT,Donchian,1,bear,0.022162180649133,0.07732822599952116,-0.0683675912308902
2020-09-18 06:00:00+00:00,SOLUSDT,Donchian,1,range,-0.012548490470568496,0.0966098836228706,-0.05586102209478827
2020-09-18 10:00:00+00:00,SOLUSDT,Donchian,1,range,0.03171672546239823,0.07180772147308034,-0.07721473080346841
2020-09-19 01:00:00+00:00,SOLUSDT,Donchian,1,bull,-0.04210162243742932,0.02216702301597273,-0.10096214312665075
2020-09-20 01:00:00+00:00,SOLUSDT,Donchian,-1,bull,0.009605381787918699,0.039461821208128134,-0.02094458700325963
2020-09-21 03:00:00+00:00,SOLUSDT,Donchian,1,bear,-0.10356235797353286,0.012565165084881702,-0.17871942253709405
2020-09-21 08:00:00+00:00,SOLUSDT,Donchian,-1,bear,-0.05106239712703875,0.011858446805326883,-0.078669759090229
2020-09-21 09:00:00+00:00,SOLUSDT,Donchian,-1,bear,-0.12451999999999996,-0.056599999999999984,-0.15339999999999998
2020-09-23 00:00:00+00:00,SOLUSDT,Donchian,1,range,-0.0352323838080959,-0.0006844403885013506,-0.12447037350889767
2020-09-24 07:00:00+00:00,SOLUSDT,Donchian,1,bull,0.042206724126587325,0.07039936837949856,-0.049773011382327814
2020-09-24 16:00:00+00:00,SOLUSDT,Donchian,1,bull,-0.032064767004526096,0.03710078408873585,-0.07630522088353409
2020-09-24 17:00:00+00:00,SOLUSDT,Donchian,1,bull,-0.049851519555190515,0.027926960257787403,-0.08447589562140645
2020-09-25 19:00:00+00:00,SOLUSDT,Donchian,1,bull,-0.026767928286852705,0.017741533864541914,-0.060943725099601664
2020-09-26 13:00:00+00:00,SOLUSDT,Donchian,-1,bull,-0.03313352216586529,-0.003095975232198178,-0.031058560042158012
2020-09-28 19:00:00+00:00,SOLUSDT,Donchian,-1,range,0.0060545575515634775,0.021623419827012658,0.0012974051896207373
2020-09-28 21:00:00+00:00,SOLUSDT,Donchian,-1,range,0.002579996649355043,0.020036857094990812,-0.0012062321996983982
2020-09-28 22:00:00+00:00,SOLUSDT,Donchian,-1,range,-0.011754374113355448,0.012125920421536152,-0.009288657704519476
2020-09-14 15:00:00+00:00,SOLUSDT,Pullback,1,range,-0.03683976919662679,0.012812546234650002,-0.12413078857819204
2020-09-17 01:00:00+00:00,SOLUSDT,Pullback,-1,bear,0.02118095238095241,0.045599999999999974,-0.07146666666666679
2020-09-17 13:00:00+00:00,SOLUSDT,Pullback,-1,bear,-0.07456993850704463,-0.019693313614073338,-0.19269090059936178
2020-09-17 14:00:00+00:00,SOLUSDT,Pullback,-1,bear,-0.09877741121676697,-0.020764603143799798,-0.1894042305453134
2020-09-17 15:00:00+00:00,SOLUSDT,Pullback,-1,bear,-0.10420019927952784,-0.027285966122480243,-0.17440790986433652
2020-09-19 09:00:00+00:00,SOLUSDT,Pullback,1,bull,-0.002261553588987386,0.03362831858407067,-0.06676499508357914
2020-09-19 10:00:00+00:00,SOLUSDT,Pullback,1,bull,-0.0011984819228977317,0.049870164458352795,-0.05210067248152339
2020-09-19 11:00:00+00:00,SOLUSDT,Pullback,1,bull,-0.007723149730511469,0.03641382936768767,-0.06425003286446695
2020-09-19 12:00:00+00:00,SOLUSDT,Pullback,1,bull,-0.00016653343991479552,0.050359712230215736,-0.05165867306155081
2020-09-19 13:00:00+00:00,SOLUSDT,Pullback,1,bull,-0.05340554734941738,0.03515509601181677,-0.0964713605777121
2020-09-19 14:00:00+00:00,SOLUSDT,Pullback,1,bull,-0.036725988135706156,0.047823768579617454,-0.08265013663933873
2020-09-19 15:00:00+00:00,SOLUSDT,Pullback,1,bull,-0.03339973439575039,0.04385790172642756,-0.08612217795484722
2020-09-19 16:00:00+00:00,SOLUSDT,Pullback,1,bull,-0.0356530908132332,0.03601555291946745,-0.11440622116778698
2020-09-19 19:00:00+00:00,SOLUSDT,Pullback,1,bull,-0.022486816357666473,0.01920334317269745,-0.1086199462704387
2020-09-19 21:00:00+00:00,SOLUSDT,Pullback,1,bull,-0.022009789428730886,0.00068985907164687,-0.11711179002003869
2020-09-19 22:00:00+00:00,SOLUSDT,Pullback,1,bull,-0.010499300046663551,0.007532831144590357,-0.10419305379641353
2020-09-19 23:00:00+00:00,SOLUSDT,Pullback,1,bull,-0.01911038982545621,-0.0006624051932566655,-0.10985990130162615
2020-09-20 00:00:00+00:00,SOLUSDT,Pullback,1,bull,-0.04273959825443885,0.0005329957693460674,-0.10470035644092068
2020-09-20 23:00:00+00:00,SOLUSDT,Pullback,-1,bear,0.08706128863279217,0.07752750130958619,-0.015226121878819443
2020-09-21 18:00:00+00:00,SOLUSDT,Pullback,-1,bear,-0.009337034500162211,-0.004686542413208983,-0.05461624427701062
2020-09-21 20:00:00+00:00,SOLUSDT,Pullback,-1,bear,0.014521123251592716,0.008114745346478158,-0.041178773534541024
2020-09-21 21:00:00+00:00,SOLUSDT,Pullback,-1,bear,0.012307473410877567,0.008679258705936777,-0.04058620566997462
2020-09-21 22:00:00+00:00,SOLUSDT,Pullback,-1,bear,0.0010022550739161584,0.002434048036653813,-0.04714178329813512
2020-09-22 11:00:00+00:00,SOLUSDT,Pullback,-1,range,-0.03868878132118447,-0.006264236902050024,-0.06794561503416863
2020-09-23 18:00:00+00:00,SOLUSDT,Pullback,1,bull,0.01579238371691183,0.11814914645103314,-0.07170502453521321
2020-09-25 01:00:00+00:00,SOLUSDT,Pullback,1,bull,-0.008480657577141337,0.06654054406680165,-0.05473285928631999
2020-09-25 02:00:00+00:00,SOLUSDT,Pullback,1,bull,0.02402362544380665,0.084978597737001,-0.038391346185751685
2020-09-25 03:00:00+00:00,SOLUSDT,Pullback,1,bull,0.04087872644488022,0.08670942869487175,-0.03685732327428626
2020-09-25 04:00:00+00:00,SOLUSDT,Pullback,1,bull,0.034048998946259346,0.07672550052687033,-0.04570600632244459
2020-09-25 05:00:00+00:00,SOLUSDT,Pullback,1,bull,0.04797845458172634,0.08717914616305356,-0.03644101609256545
2020-09-25 06:00:00+00:00,SOLUSDT,Pullback,1,bull,0.056669892867870386,0.09127924440142832,-0.032807128792177065
2020-09-25 07:00:00+00:00,SOLUSDT,Pullback,1,bull,0.07207688200747464,0.09109717031500275,-0.032968499733048495
2020-09-25 10:00:00+00:00,SOLUSDT,Pullback,1,bull,0.060479840053315526,0.08957014328557156,-0.013395534821726063
2020-09-26 00:00:00+00:00,SOLUSDT,Pullback,1,bull,-0.008408234270803172,0.04668019715859684,-0.028059663026320014
2020-09-26 01:00:00+00:00,SOLUSDT,Pullback,1,bull,-0.019061773067976295,0.04968984233652107,-0.02526492633755506
2020-09-26 02:00:00+00:00,SOLUSDT,Pullback,1,bull,0.001677744079499277,0.04826740659482476,-0.0265857907982191
2020-09-26 07:00:00+00:00,SOLUSDT,Pullback,1,bull,-0.019956505053089324,0.018293462965332186,-0.03511577331457083
2020-09-26 08:00:00+00:00,SOLUSDT,Pullback,1,bull,-0.02101324122049497,0.01835860039659698,-0.04784750207893562
2020-09-26 10:00:00+00:00,SOLUSDT,Pullback,1,bull,-0.0012844390212575219,0.022413460920942985,-0.04405625842913108
2020-09-26 14:00:00+00:00,SOLUSDT,Pullback,1,bull,0.008116987695677258,0.025574953295110614,-0.04110030277652521
2020-09-26 17:00:00+00:00,SOLUSDT,Pullback,1,bull,0.006893898098566664,0.020938211434251564,-0.04543559816590248
2020-09-27 21:00:00+00:00,SOLUSDT,Pullback,1,bull,-0.016758516226755615,0.03503174449708335,-0.04550581713880564
2020-09-28 03:00:00+00:00,SOLUSDT,Pullback,1,bull,-0.00955229641065225,0.006529010677988056,-0.07021098674900306
2020-09-28 04:00:00+00:00,SOLUSDT,Pullback,1,bull,-0.013778705636743216,0.005138911193190987,-0.07149510197526909
2020-09-15 02:00:00+00:00,SOLUSDT,MeanReversion_RSI,1,bear,-0.07536407766990283,0.005734223300970953,-0.24117111650485434
2020-09-15 03:00:00+00:00,SOLUSDT,MeanReversion_RSI,1,bear,-0.055053763440860104,0.018402457757296542,-0.2316129032258064
2020-09-15 05:00:00+00:00,SOLUSDT,MeanReversion_RSI,1,bear,-0.048078103892914226,0.017714601498219462,-0.23213189242293997
2020-09-15 06:00:00+00:00,SOLUSDT,MeanReversion_RSI,1,bear,-0.05114883879147725,0.025110554473204205,-0.22655162816587804
2020-09-15 07:00:00+00:00,SOLUSDT,MeanReversion_RSI,1,bear,-0.04458138145691193,0.04219197032099853,-0.21366365894299988
2020-09-15 08:00:00+00:00,SOLUSDT,MeanReversion_RSI,1,bear,-0.03707344919446909,0.05128123810731955,-0.2068057845997716
2020-09-15 23:00:00+00:00,SOLUSDT,MeanReversion_RSI,1,bear,-0.1180280921860083,-0.0011250511386881046,-0.17100777308059456
2020-09-16 00:00:00+00:00,SOLUSDT,MeanReversion_RSI,1,bear,0.0052765292163377,0.08469806527262058,-0.049599374633574334
2020-09-16 01:00:00+00:00,SOLUSDT,MeanReversion_RSI,1,bear,-0.0685031336539863,0.011222853811397648,-0.11397755429237721
2020-09-16 02:00:00+00:00,SOLUSDT,MeanReversion_RSI,1,bear,-0.10824555030875405,0.00806393025790042,-0.11674536868870322
2020-09-16 03:00:00+00:00,SOLUSDT,MeanReversion_RSI,1,bear,-0.05858533323426707,0.02589345419421929,-0.09666394234341336
2020-09-16 04:00:00+00:00,SOLUSDT,MeanReversion_RSI,1,bear,-0.02704719268793132,0.03021824286513719,-0.09285581048311875
2020-09-16 05:00:00+00:00,SOLUSDT,MeanReversion_RSI,1,bear,-0.04498113207547161,0.038754716981131976,-0.08241509433962257
2020-09-16 06:00:00+00:00,SOLUSDT,MeanReversion_RSI,1,bear,-0.0632196634189548,0.015906406849719446,-0.10259816947150868
2020-09-16 08:00:00+00:00,SOLUSDT,MeanReversion_RSI,1,bear,-0.04985414017503165,0.015259181688981993,-0.09058269130077046
2020-09-16 10:00:00+00:00,SOLUSDT,MeanReversion_RSI,1,bear,-0.006204393803410424,0.05357630623951315,-0.08030592734225617
2020-09-16 11:00:00+00:00,SOLUSDT,MeanReversion_RSI,1,bear,-0.018361035948975757,0.04367993815229987,-0.08894472361809047
2020-09-16 12:00:00+00:00,SOLUSDT,MeanReversion_RSI,1,bear,0.017418351477449523,0.04976671850699854,-0.08363141524105755
2020-09-17 17:00:00+00:00,SOLUSDT,MeanReversion_RSI,-1,bear,-0.05921439060205569,-0.006754772393538833,-0.12499999999999978
2020-09-17 18:00:00+00:00,SOLUSDT,MeanReversion_RSI,-1,bear,-0.08173690932311639,-0.014887794198138904,-0.11822660098522153
2020-09-17 20:00:00+00:00,SOLUSDT,MeanReversion_RSI,-1,bear,-0.05469335331264036,-0.011523778943237195,-0.09333190623996557
2020-09-17 21:00:00+00:00,SOLUSDT,MeanReversion_RSI,-1,bear,-0.022162180649133,0.030336194808304073,-0.050788330654263136
2020-09-17 22:00:00+00:00,SOLUSDT,MeanReversion_RSI,-1,range,-0.08016381766381775,-0.009686609686609726,-0.09554843304843308
2020-09-17 23:00:00+00:00,SOLUSDT,MeanReversion_RSI,-1,range,-0.06283139837116636,0.01743198752382602,-0.06612372205856865
2020-09-18 00:00:00+00:00,SOLUSDT,MeanReversion_RSI,-1,range,-0.09169470515317846,-0.004143793164512077,-0.08953426598193714
2020-09-18 12:00:00+00:00,SOLUSDT,MeanReversion_RSI,-1,range,-0.003082014015053147,0.04986374253828174,-0.017064624967557673
2020-09-19 07:00:00+00:00,SOLUSDT,MeanReversion_RSI,-1,bull,0.02037169406719086,0.048963545389564045,0.008869972057963471
2020-09-19 15:00:00+00:00,SOLUSDT,MeanReversion_RSI,1,bull,-0.03339973439575039,0.04385790172642756,-0.08612217795484722
2020-09-20 13:00:00+00:00,SOLUSDT,MeanReversion_RSI,1,range,0.023143447358285885,0.0608872238367002,-0.13952592696334176
2020-09-20 14:00:00+00:00,SOLUSDT,MeanReversion_RSI,1,range,0.044237360754070254,0.08183376178234769,-0.12253641816623839
2020-09-20 20:00:00+00:00,SOLUSDT,MeanReversion_RSI,1,range,-0.022131177524966072,0.10838789918425573,-0.10099864652302737
2020-09-20 21:00:00+00:00,SOLUSDT,MeanReversion_RSI,1,range,-0.09443257144927009,0.0975477234034845,-0.10979099503749057
2020-09-21 23:00:00+00:00,SOLUSDT,MeanReversion_RSI,-1,bear,-0.02022586150550132,-0.011983005918878797,-0.06227531863902103
2020-09-22 00:00:00+00:00,SOLUSDT,MeanReversion_RSI,-1,bear,-0.009023934576474213,0.017624872219676346,-0.031196023828827135
2020-09-22 01:00:00+00:00,SOLUSDT,MeanReversion_RSI,-1,bear,-0.02340253057484243,0.017763366580904272,-0.05751947273816671
2020-09-22 02:00:00+00:00,SOLUSDT,MeanReversion_RSI,-1,bear,0.03830508474576266,0.05528813559322032,-0.017118644067796618
2020-09-22 04:00:00+00:00,SOLUSDT,MeanReversion_RSI,-1,range,-0.01575619363532721,0.03704087626550556,-0.036764451815763266
2020-09-22 05:00:00+00:00,SOLUSDT,MeanReversion_RSI,-1,range,-0.012822280435681899,0.039397490693505954,-0.03422721632427983
2020-09-22 21:00:00+00:00,SOLUSDT,MeanReversion_RSI,-1,range,0.03368967726705552,0.04657201632212593,-0.011870637035038545
2020-09-23 00:00:00+00:00,SOLUSDT,MeanReversion_RSI,-1,range,0.0352323838080959,0.07854768268039891,0.022065054429307063
2020-09-24 09:00:00+00:00,SOLUSDT,MeanReversion_RSI,-1,bull,-0.04520698987603988,0.009689598716963399,-0.04945036586588247
2020-09-24 10:00:00+00:00,SOLUSDT,MeanReversion_RSI,-1,bull,-0.050015004501350324,0.011736854389650109,-0.04728085092194312
2020-09-24 11:00:00+00:00,SOLUSDT,MeanReversion_RSI,-1,bull,-0.04313152123346864,0.01511929288230196,-0.04369641789060941
2020-09-24 16:00:00+00:00,SOLUSDT,MeanReversion_RSI,-1,bull,0.032064767004526096,0.0553005673487601,-0.001115573404729897
2020-09-24 18:00:00+00:00,SOLUSDT,MeanReversion_RSI,-1,bull,0.050150578538595614,0.060421619908067825,0.004311301315580995
2020-09-24 19:00:00+00:00,SOLUSDT,MeanReversion_RSI,-1,bull,0.054070262933619495,0.0644550361415358,0.0007575518449542962
2020-09-24 20:00:00+00:00,SOLUSDT,MeanReversion_RSI,-1,bull,0.06725433617655452,0.06018327678599744,-0.013666486983543003
2020-09-25 06:00:00+00:00,SOLUSDT,MeanReversion_RSI,1,bull,0.056669892867870386,0.09127924440142832,-0.032807128792177065
2020-09-25 07:00:00+00:00,SOLUSDT,MeanReversion_RSI,1,bull,0.07207688200747464,0.09109717031500275,-0.032968499733048495
2020-09-25 08:00:00+00:00,SOLUSDT,MeanReversion_RSI,1,bull,0.08859124286102782,0.11157193364155549,-0.014821865651346244
2020-09-25 09:00:00+00:00,SOLUSDT,MeanReversion_RSI,1,bull,0.10927856261143876,0.12117679330681663,-0.002228775202304245
2020-09-25 19:00:00+00:00,SOLUSDT,MeanReversion_RSI,-1,bull,0.026767928286852705,0.04201942231075706,0.004980079681274896
2020-09-25 20:00:00+00:00,SOLUSDT,MeanReversion_RSI,-1,bull,0.02360876897133224,0.039441633876709736,0.009774530010617677
2020-09-25 21:00:00+00:00,SOLUSDT,MeanReversion_RSI,-1,bull,0.027479830608018396,0.04921022534079322,0.019844827053259517
2020-09-25 22:00:00+00:00,SOLUSDT,MeanReversion_RSI,-1,bull,0.02146111547525542,0.03349567949725063,0.005216025137470548
2020-09-25 23:00:00+00:00,SOLUSDT,MeanReversion_RSI,-1,bull,0.012413186260645581,0.03337418685773552,0.00842211118443803
2020-09-27 22:00:00+00:00,SOLUSDT,MeanReversion_RSI,-1,bull,0.03338501946140937,0.051865447295971645,0.0026897882978386134
2020-09-27 23:00:00+00:00,SOLUSDT,MeanReversion_RSI,-1,bull,0.03880823607552897,0.061169623936489836,0.0031944839801372193
2020-09-28 00:00:00+00:00,SOLUSDT,MeanReversion_RSI,-1,bull,0.032772869763465384,0.06009942687058678,0.0020581995503625716
2020-09-28 01:00:00+00:00,SOLUSDT,MeanReversion_RSI,-1,bull,0.04449192484132469,0.06733488342864313,0.01002325142964866
2020-09-28 12:00:00+00:00,SOLUSDT,MeanReversion_RSI,1,range,-0.018431218490146062,0.010803378511097916,-0.05359130491717423
2020-09-28 13:00:00+00:00,SOLUSDT,MeanReversion_RSI,1,range,-0.039263400197303455,0.015323906609667981,-0.04935876356461699
2020-09-28 22:00:00+00:00,SOLUSDT,MeanReversion_RSI,1,range,0.011754374113355448,0.020299939201513295,-0.029250827534959112
2020-09-28 23:00:00+00:00,SOLUSDT,MeanReversion_RSI,1,range,0.011635773237721692,0.021749424976322596,-0.027871735895007355
2020-09-29 02:00:00+00:00,SOLUSDT,MeanReversion_RSI,1,range,0.029943812525695446,0.034911607509935605,-0.015348773468548682
2020-09-29 05:00:00+00:00,SOLUSDT,MeanReversion_RSI,1,range,0.00848791840646168,0.033848997193510755,-0.016359778218906218
2020-09-15 07:00:00+00:00,SOLUSDT,VWAP,1,bear,-0.04458138145691193,0.04219197032099853,-0.21366365894299988
2020-09-15 08:00:00+00:00,SOLUSDT,VWAP,1,bear,-0.03707344919446909,0.05128123810731955,-0.2068057845997716
2020-09-15 09:00:00+00:00,SOLUSDT,VWAP,1,bear,-0.06134740763737967,0.029152437131325648,-0.22350201800683012
2020-09-15 10:00:00+00:00,SOLUSDT,VWAP,1,bear,-0.07938615451120856,0.023559562774038145,-0.2277218551225838
2020-09-15 11:00:00+00:00,SOLUSDT,VWAP,1,bear,-0.0938803249822372,0.024033857465015185,-0.22736399864075862
2020-09-15 13:00:00+00:00,SOLUSDT,VWAP,1,bear,-0.14706613625062148,0.0038538040775732973,-0.22268150174042767
2020-09-15 14:00:00+00:00,SOLUSDT,VWAP,1,bear,-0.0966662291639323,0.02454390339939616,-0.20212626328914562
2020-09-15 15:00:00+00:00,SOLUSDT,VWAP,1,bear,-0.12484556863255081,0.014110150204824867,-0.20944144612783666
2020-09-15 16:00:00+00:00,SOLUSDT,VWAP,1,bear,-0.13551778630631794,0.005966394685071208,-0.2157899829070854
2020-09-15 17:00:00+00:00,SOLUSDT,VWAP,1,bear,-0.14532671095916927,0.005998838934399897,-0.2157646907050248
2020-09-15 18:00:00+00:00,SOLUSDT,VWAP,1,bear,-0.11690512661734509,0.016588990646286383,-0.20750904409607918
2020-09-15 19:00:00+00:00,SOLUSDT,VWAP,1,bear,-0.0993451577873572,0.02642403501266921,-0.19984204810951334
2020-09-15 20:00:00+00:00,SOLUSDT,VWAP,1,bear,-0.11938872970391601,0.0022395678951354636,-0.19915686855712555
2020-09-15 21:00:00+00:00,SOLUSDT,VWAP,1,bear,-0.11801283323410738,0.0046966990805052955,-0.19573989548190784
2020-09-15 22:00:00+00:00,SOLUSDT,VWAP,1,bear,-0.14046620828442058,0.004024819721616613,-0.1844373637430824
2020-09-15 23:00:00+00:00,SOLUSDT,VWAP,1,bear,-0.1180280921860083,-0.0011250511386881046,-0.17100777308059456
2020-09-16 00:00:00+00:00,SOLUSDT,VWAP,1,bear,0.0052765292163377,0.08469806527262058,-0.049599374633574334
2020-09-16 01:00:00+00:00,SOLUSDT,VWAP,1,bear,-0.0685031336539863,0.011222853811397648,-0.11397755429237721
2020-09-16 02:00:00+00:00,SOLUSDT,VWAP,1,bear,-0.10824555030875405,0.00806393025790042,-0.11674536868870322
2020-09-16 03:00:00+00:00,SOLUSDT,VWAP,1,bear,-0.05858533323426707,0.02589345419421929,-0.09666394234341336
2020-09-16 04:00:00+00:00,SOLUSDT,VWAP,1,bear,-0.02704719268793132,0.03021824286513719,-0.09285581048311875
2020-09-16 05:00:00+00:00,SOLUSDT,VWAP,1,bear,-0.04498113207547161,0.038754716981131976,-0.08241509433962257
2020-09-16 06:00:00+00:00,SOLUSDT,VWAP,1,bear,-0.0632196634189548,0.015906406849719446,-0.10259816947150868
2020-09-16 07:00:00+00:00,SOLUSDT,VWAP,1,bear,-0.0755571793934966,0.005005480453050826,-0.11158202411399343
2020-09-16 08:00:00+00:00,SOLUSDT,VWAP,1,bear,-0.04985414017503165,0.015259181688981993,-0.09058269130077046
2020-09-16 09:00:00+00:00,SOLUSDT,VWAP,1,bear,-0.04260106502662564,0.012525313132828453,-0.10327758193954839
2020-09-16 10:00:00+00:00,SOLUSDT,VWAP,1,bear,-0.006204393803410424,0.05357630623951315,-0.08030592734225617
2020-09-16 11:00:00+00:00,SOLUSDT,VWAP,1,bear,-0.018361035948975757,0.04367993815229987,-0.08894472361809047
2020-09-16 12:00:00+00:00,SOLUSDT,VWAP,1,bear,0.017418351477449523,0.04976671850699854,-0.08363141524105755
2020-09-16 13:00:00+00:00,SOLUSDT,VWAP,1,bear,0.02683461117196062,0.056172742919730956,-0.07803943044906902
2020-09-16 14:00:00+00:00,SOLUSDT,VWAP,1,bear,0.051649694501018306,0.0997963340122201,-0.03995926680244399
2020-09-16 15:00:00+00:00,SOLUSDT,VWAP,1,bear,-0.01992817962984883,0.06546702971469176,-0.06992620654275683
2020-09-16 16:00:00+00:00,SOLUSDT,VWAP,1,bear,-0.04037576687116573,0.03527607361963203,-0.09628067484662584
2020-09-16 17:00:00+00:00,SOLUSDT,VWAP,1,bear,0.014027185079816595,0.09562193772720096,-0.06871345029239773
2020-09-16 18:00:00+00:00,SOLUSDT,VWAP,1,bear,-0.013040223771815795,0.09238466690304548,-0.07146515384312335
2020-09-16 19:00:00+00:00,SOLUSDT,VWAP,1,bear,-0.0002371354043158025,0.09924116670618921,-0.06849260927989875
2020-09-16 20:00:00+00:00,SOLUSDT,VWAP,1,bear,-0.03432395197795712,0.10505805943711866,-0.07226923833890975
2020-09-16 21:00:00+00:00,SOLUSDT,VWAP,1,bear,-0.024872698785742275,0.15001958480219346,-0.07681159420289851
2020-09-16 22:00:00+00:00,SOLUSDT,VWAP,1,bear,-0.02383383068949274,0.1528192241243913,-0.07456415894455792
2020-09-16 23:00:00+00:00,SOLUSDT,VWAP,1,bear,3.9377830281628334e-05,0.1561330970663517,-0.071903918094113
2020-09-17 00:00:00+00:00,SOLUSDT,VWAP,-1,bear,0.035233873433200835,0.042609293793946734,-0.07482421277896667
2020-09-17 01:00:00+00:00,SOLUSDT,VWAP,-1,bear,0.02118095238095241,0.045599999999999974,-0.07146666666666679
2020-09-17 03:00:00+00:00,SOLUSDT,VWAP,1,bear,0.05065227894991131,0.19197938476405207,-0.05101465614430667
2020-09-17 04:00:00+00:00,SOLUSDT,VWAP,1,bear,0.06453030726815046,0.18288248691413278,-0.05825708235106086
2020-09-17 06:00:00+00:00,SOLUSDT,VWAP,1,bear,0.09392463675554841,0.19639150566821018,-0.05919687050934053
2020-09-17 07:00:00+00:00,SOLUSDT,VWAP,1,bear,0.09495572422517395,0.1848513598987982,-0.06827166350411129
2020-09-17 08:00:00+00:00,SOLUSDT,VWAP,1,bear,0.14250193616761098,0.22170138181225285,-0.0392940121469042
2020-09-17 09:00:00+00:00,SOLUSDT,VWAP,1,bear,0.17449287005422787,0.2039365334404497,-0.053263707571801544
2020-09-17 10:00:00+00:00,SOLUSDT,VWAP,1,bear,0.12947990829009282,0.2509553115321186,-0.005470415510236859
2020-09-17 13:00:00+00:00,SOLUSDT,VWAP,-1,bear,-0.07456993850704463,-0.019693313614073338,-0.19269090059936178
2020-09-17 14:00:00+00:00,SOLUSDT,VWAP,-1,bear,-0.09877741121676697,-0.020764603143799798,-0.1894042305453134
2020-09-17 15:00:00+00:00,SOLUSDT,VWAP,-1,bear,-0.10420019927952784,-0.027285966122480243,-0.17440790986433652
2020-09-17 16:00:00+00:00,SOLUSDT,VWAP,-1,bear,-0.06523534269199005,-0.02935215073943387,-0.15025148262142474
2020-09-17 17:00:00+00:00,SOLUSDT,VWAP,-1,bear,-0.05921439060205569,-0.006754772393538833,-0.12499999999999978
2020-09-17 18:00:00+00:00,SOLUSDT,VWAP,-1,bear,-0.08173690932311639,-0.014887794198138904,-0.11822660098522153
2020-09-17 19:00:00+00:00,SOLUSDT,VWAP,-1,bear,-0.06541988591234027,-0.013574987363708546,-0.10639757383204551
2020-09-17 20:00:00+00:00,SOLUSDT,VWAP,-1,bear,-0.05469335331264036,-0.011523778943237195,-0.09333190623996557
2020-09-17 21:00:00+00:00,SOLUSDT,VWAP,-1,bear,-0.022162180649133,0.030336194808304073,-0.050788330654263136
2020-09-17 22:00:00+00:00,SOLUSDT,VWAP,-1,range,-0.08016381766381775,-0.009686609686609726,-0.09554843304843308
2020-09-17 23:00:00+00:00,SOLUSDT,VWAP,-1,range,-0.06283139837116636,0.01743198752382602,-0.06612372205856865
2020-09-18 00:00:00+00:00,SOLUSDT,VWAP,-1,range,-0.09169470515317846,-0.004143793164512077,-0.08953426598193714
2020-09-18 01:00:00+00:00,SOLUSDT,VWAP,-1,range,-0.09532777978993123,-0.03661716769286483,-0.11626222383194484
2020-09-18 02:00:00+00:00,SOLUSDT,VWAP,-1,range,-0.07064641469445432,-0.01928647121158611,-0.10738255033557031
2020-09-18 03:00:00+00:00,SOLUSDT,VWAP,-1,range,-0.005067157185992599,-0.0014923819109431413,-0.08805053274563557
2020-09-18 04:00:00+00:00,SOLUSDT,VWAP,-1,range,-0.03262861169837916,-0.020789288231148673,-0.10465116279069764
2020-09-18 05:00:00+00:00,SOLUSDT,VWAP,-1,range,0.015111080303607971,-0.015041763421481447,-0.08654212733511235
2020-09-18 06:00:00+00:00,SOLUSDT,VWAP,-1,range,0.012548490470568496,0.012076235452858852,-0.05751391465677158
2020-09-18 07:00:00+00:00,SOLUSDT,VWAP,-1,range,-0.05564215520162663,0.007556760420196484,-0.0623517451711284
2020-09-18 08:00:00+00:00,SOLUSDT,VWAP,-1,range,-0.04600500642716998,0.009302482917258548,-0.06048305256748532
2020-09-18 09:00:00+00:00,SOLUSDT,VWAP,-1,range,-0.049118345769063376,0.020075618161742526,-0.04895104895104874
2020-09-18 10:00:00+00:00,SOLUSDT,VWAP,-1,range,-0.03171672546239823,0.03442023012759221,-0.03359599090039889
2020-09-18 11:00:00+00:00,SOLUSDT,VWAP,-1,range,-0.01343419851310812,0.04503065084126778,-0.022238163558105928
2020-09-18 12:00:00+00:00,SOLUSDT,VWAP,-1,range,-0.003082014015053147,0.04986374253828174,-0.017064624967557673
2020-09-18 13:00:00+00:00,SOLUSDT,VWAP,-1,range,-0.05165002314661726,0.0315785992989881,-0.03663778850605115
2020-09-18 14:00:00+00:00,SOLUSDT,VWAP,-1,range,-0.04526558891454968,0.03375123721544049,-0.034312108215110326
2020-09-18 16:00:00+00:00,SOLUSDT,VWAP,-1,range,-0.05961236606838183,0.00064833139971332,-0.06974680952705925
2020-09-18 17:00:00+00:00,SOLUSDT,VWAP,1,range,0.09452088538550885,0.14399831087025383,-0.014533553858605774
2020-09-18 19:00:00+00:00,SOLUSDT,VWAP,-1,range,0.012005649717514277,0.027189265536723184,-0.0063559322033897026
2020-09-18 20:00:00+00:00,SOLUSDT,VWAP,-1,range,0.004624539163055386,0.019953431214022377,-0.01384127805445945
2020-09-18 21:00:00+00:00,SOLUSDT,VWAP,-1,range,0.026949449848509,0.03348748206027741,0.00015946420028711827
2020-09-18 22:00:00+00:00,SOLUSDT,VWAP,-1,bull,0.04010481577349567,0.031572556162720145,-0.0018214936247722413
2020-09-18 23:00:00+00:00,SOLUSDT,VWAP,-1,bull,0.020978120978120907,0.027413127413127403,-0.008687258687258614
2020-09-19 00:00:00+00:00,SOLUSDT,VWAP,-1,bull,0.028946602412755817,0.024127559106051244,-0.01393964875966236
2020-09-19 01:00:00+00:00,SOLUSDT,VWAP,-1,bull,0.04210162243742932,0.055621934347880875,0.014274933970569892
2020-09-19 02:00:00+00:00,SOLUSDT,VWAP,-1,bull,0.052900700713338855,0.07609999368726728,0.028880752477747573
2020-09-19 03:00:00+00:00,SOLUSDT,VWAP,-1,bull,0.031106250201048624,0.05841670151510281,0.010293691896934298
2020-09-19 04:00:00+00:00,SOLUSDT,VWAP,-1,bull,0.022703120471452065,0.057385759829968186,0.00921006021962445
2020-09-19 05:00:00+00:00,SOLUSDT,VWAP,-1,bull,-0.003215123943028031,0.058901070636273145,0.01080281644857406
2020-09-19 06:00:00+00:00,SOLUSDT,VWAP,-1,bull,0.01954292693902482,0.05914306836810135,0.011057182347079753
2020-09-19 07:00:00+00:00,SOLUSDT,VWAP,-1,bull,0.02037169406719086,0.048963545389564045,0.008869972057963471
2020-09-19 08:00:00+00:00,SOLUSDT,VWAP,-1,bull,0.009649436303973524,0.04899444426394628,0.008902173559894755
2020-09-19 10:00:00+00:00,SOLUSDT,VWAP,1,bull,-0.0011984819228977317,0.049870164458352795,-0.05210067248152339
2020-09-19 12:00:00+00:00,SOLUSDT,VWAP,1,bull,-0.00016653343991479552,0.050359712230215736,-0.05165867306155081
2020-09-19 14:00:00+00:00,SOLUSDT,VWAP,1,bull,-0.036725988135706156,0.047823768579617454,-0.08265013663933873
2020-09-19 15:00:00+00:00,SOLUSDT,VWAP,1,bull,-0.03339973439575039,0.04385790172642756,-0.08612217795484722
2020-09-19 16:00:00+00:00,SOLUSDT,VWAP,1,bull,-0.0356530908132332,0.03601555291946745,-0.11440622116778698
2020-09-19 17:00:00+00:00,SOLUSDT,VWAP,-1,bull,0.06685254622952908,0.09736243309938142,0.03294555010736144
2020-09-19 18:00:00+00:00,SOLUSDT,VWAP,1,bull,-0.034357276333475406,0.007441890961544795,-0.11890633708159848
2020-09-19 19:00:00+00:00,SOLUSDT,VWAP,1,bull,-0.022486816357666473,0.01920334317269745,-0.1086199462704387
2020-09-19 20:00:00+00:00,SOLUSDT,VWAP,1,bull,-0.03566038973820629,0.001902762285939108,-0.11829932419132594
2020-09-19 21:00:00+00:00,SOLUSDT,VWAP,1,bull,-0.022009789428730886,0.00068985907164687,-0.11711179002003869
2020-09-19 22:00:00+00:00,SOLUSDT,VWAP,1,bull,-0.010499300046663551,0.007532831144590357,-0.10419305379641353
2020-09-19 23:00:00+00:00,SOLUSDT,VWAP,1,bull,-0.01911038982545621,-0.0006624051932566655,-0.10985990130162615
2020-09-20 00:00:00+00:00,SOLUSDT,VWAP,1,bull,-0.04273959825443885,0.0005329957693460674,-0.10470035644092068
2020-09-20 01:00:00+00:00,SOLUSDT,VWAP,1,bull,-0.009605381787918699,0.03335876274360228,-0.06803523129204514
2020-09-20 02:00:00+00:00,SOLUSDT,VWAP,1,bull,-0.030999169665098192,0.030999169665098192,-0.07016329919734288
2020-09-20 03:00:00+00:00,SOLUSDT,VWAP,1,bull,-0.03565295047056405,0.03719859861235131,-0.0768702342515627
2020-09-20 04:00:00+00:00,SOLUSDT,VWAP,1,bull,-0.039841454247249386,0.03533110093623981,-0.08166473040388156
2020-09-20 05:00:00+00:00,SOLUSDT,VWAP,1,range,-0.02805920939657247,0.04062918569907592,-0.07696534670467425
2020-09-20 06:00:00+00:00,SOLUSDT,VWAP,1,range,-0.04827703276184003,0.02868782889152932,-0.08755729078254959
2020-09-20 07:00:00+00:00,SOLUSDT,VWAP,1,range,-0.05689953516778068,0.028059579954534675,-0.0881145455162351
2020-09-20 08:00:00+00:00,SOLUSDT,VWAP,1,range,-0.07001190678686853,0.030787548902874606,-0.1168225888756591
2020-09-20 10:00:00+00:00,SOLUSDT,VWAP,1,range,-0.057803078788695506,0.020648768821369456,-0.17216289958567732
2020-09-20 11:00:00+00:00,SOLUSDT,VWAP,1,range,-0.03312398703403552,0.02309562398703413,-0.1701782820097245
2020-09-20 12:00:00+00:00,SOLUSDT,VWAP,1,range,0.012249443207126731,0.05442650334075716,-0.14476614699331858
2020-09-20 13:00:00+00:00,SOLUSDT,VWAP,1,range,0.023143447358285885,0.0608872238367002,-0.13952592696334176
2020-09-20 14:00:00+00:00,SOLUSDT,VWAP,1,range,0.044237360754070254,0.08183376178234769,-0.12253641816623839
2020-09-20 15:00:00+00:00,SOLUSDT,VWAP,1,range,0.06582134207152013,0.07921356318563899,-0.12466163271121244
2020-09-20 16:00:00+00:00,SOLUSDT,VWAP,1,range,0.037046263345195785,0.07829181494661919,-0.12540925266903924
2020-09-20 17:00:00+00:00,SOLUSDT,VWAP,1,range,0.03643109540636047,0.07067137809187263,-0.13159010600706722
2020-09-20 18:00:00+00:00,SOLUSDT,VWAP,1,range,0.022188135411836063,0.08086897584989106,-0.12331894552848444
2020-09-20 19:00:00+00:00,SOLUSDT,VWAP,1,range,-0.019103468124909928,0.09008490430277738,-0.11584400633184633
2020-09-20 20:00:00+00:00,SOLUSDT,VWAP,1,range,-0.022131177524966072,0.10838789918425573,-0.10099864652302737
2020-09-20 21:00:00+00:00,SOLUSDT,VWAP,1,range,-0.09443257144927009,0.0975477234034845,-0.10979099503749057
2020-09-20 22:00:00+00:00,SOLUSDT,VWAP,1,bear,-0.06485288334346284,0.08326480998176677,-0.12137571055736307
2020-09-21 00:00:00+00:00,SOLUSDT,VWAP,-1,bear,0.08261138613861385,0.09189356435643548,0.0005844334433443565
2020-09-21 01:00:00+00:00,SOLUSDT,VWAP,-1,bear,0.07737321196358915,0.09605776469783034,0.005167339675587024
2020-09-21 02:00:00+00:00,SOLUSDT,VWAP,-1,bear,0.10069408828255899,0.0968304441481177,0.006017711218244681
2020-09-21 03:00:00+00:00,SOLUSDT,VWAP,-1,bear,0.10356235797353286,0.11726373479481345,0.02850554738671307
2020-09-21 04:00:00+00:00,SOLUSDT,VWAP,-1,bear,0.07916680964963463,0.0935451768985277,0.010500669160289577
2020-09-21 05:00:00+00:00,SOLUSDT,VWAP,-1,range,0.07551737069994213,0.09941699907947221,0.016910436057413603
2020-09-21 07:00:00+00:00,SOLUSDT,VWAP,1,bear,0.039134421419402265,0.09345314505776625,-0.09862461030625358
2020-09-21 08:00:00+00:00,SOLUSDT,VWAP,1,bear,0.05106239712703875,0.11525512494388757,-0.08065240161604081
2020-09-21 09:00:00+00:00,SOLUSDT,VWAP,1,bear,0.12451999999999996,0.19252000000000002,-0.016960000000000086
2020-09-21 10:00:00+00:00,SOLUSDT,VWAP,1,bear,0.06805061742554575,0.13977138050999738,-0.044232901326604734
2020-09-21 11:00:00+00:00,SOLUSDT,VWAP,1,bear,0.05343891056537364,0.14042536913778592,-0.043684492387728535
2020-09-21 12:00:00+00:00,SOLUSDT,VWAP,1,bear,0.06310661420273567,0.11721941165448757,-0.05531197301854962
2020-09-21 13:00:00+00:00,SOLUSDT,VWAP,1,bear,0.05237194466080641,0.10578242646786107,-0.06498275286524968
2020-09-21 14:00:00+00:00,SOLUSDT,VWAP,1,bear,0.12158771196106777,0.1443996654246824,-0.01790738346893772
2020-09-21 15:00:00+00:00,SOLUSDT,VWAP,1,bear,0.07977632805219015,0.12208760484622538,-0.027250698974837007
2020-09-21 16:00:00+00:00,SOLUSDT,VWAP,1,bear,0.07851978832824025,0.1217112618320042,-0.027576954609823345
2020-09-21 17:00:00+00:00,SOLUSDT,VWAP,1,bear,0.06992181737719427,0.11004572945862212,-0.03768992476766475
2020-09-21 18:00:00+00:00,SOLUSDT,VWAP,-1,bear,-0.009337034500162211,-0.004686542413208983,-0.05461624427701062
2020-09-21 19:00:00+00:00,SOLUSDT,VWAP,-1,bear,0.058414513624170605,0.0163419455033178,-0.03254270789213587
2020-09-21 20:00:00+00:00,SOLUSDT,VWAP,-1,bear,0.014521123251592716,0.008114745346478158,-0.041178773534541024
2020-09-21 21:00:00+00:00,SOLUSDT,VWAP,-1,bear,0.012307473410877567,0.008679258705936777,-0.04058620566997462
2020-09-21 22:00:00+00:00,SOLUSDT,VWAP,-1,bear,0.0010022550739161584,0.002434048036653813,-0.04714178329813512
2020-09-22 00:00:00+00:00,SOLUSDT,VWAP,-1,bear,-0.009023934576474213,0.017624872219676346,-0.031196023828827135
2020-09-22 01:00:00+00:00,SOLUSDT,VWAP,-1,bear,-0.02340253057484243,0.017763366580904272,-0.05751947273816671
2020-09-22 02:00:00+00:00,SOLUSDT,VWAP,-1,bear,0.03830508474576266,0.05528813559322032,-0.017118644067796618
2020-09-22 03:00:00+00:00,SOLUSDT,VWAP,-1,bear,-6.90488520629362e-05,0.03783877093043331,-0.03590540307267398
2020-09-22 04:00:00+00:00,SOLUSDT,VWAP,-1,range,-0.01575619363532721,0.03704087626550556,-0.036764451815763266
2020-09-22 05:00:00+00:00,SOLUSDT,VWAP,-1,range,-0.012822280435681899,0.039397490693505954,-0.03422721632427983
2020-09-22 06:00:00+00:00,SOLUSDT,VWAP,-1,range,-0.04689620687191942,0.00460747196228295,-0.07168369169226385
2020-09-22 07:00:00+00:00,SOLUSDT,VWAP,1,range,0.10645874723544635,0.159613149904412,-7.497094875730248e-05
2020-09-22 08:00:00+00:00,SOLUSDT,VWAP,-1,range,-0.06421322546859765,-0.006500776481635384,-0.08364332406370778
2020-09-22 10:00:00+00:00,SOLUSDT,VWAP,-1,range,-0.03740728797162207,-0.013006557024615617,-0.07510122182808421
2020-09-22 11:00:00+00:00,SOLUSDT,VWAP,-1,range,-0.03868878132118447,-0.006264236902050024,-0.06794561503416863
2020-09-22 12:00:00+00:00,SOLUSDT,VWAP,-1,range,-0.07186026200873363,0.01233187772925759,-0.04820960698689958
2020-09-22 13:00:00+00:00,SOLUSDT,VWAP,-1,range,-0.04318627957433607,0.02634569686951138,-0.03333677721527706
2020-09-22 14:00:00+00:00,SOLUSDT,VWAP,-1,range,-0.0502291152626011,0.003454353189989545,-0.05763130066972155
2020-09-22 15:00:00+00:00,SOLUSDT,VWAP,-1,range,0.01922877757448127,0.023992819415196598,-0.035833879932336776
2020-09-22 16:00:00+00:00,SOLUSDT,VWAP,-1,range,0.0472157022825459,0.0382692111439944,-0.020682382556043155
2020-09-22 17:00:00+00:00,SOLUSDT,VWAP,-1,range,0.023005717397223013,0.03784372447590534,-0.02113395044922406
2020-09-22 18:00:00+00:00,SOLUSDT,VWAP,-1,range,0.0326157415304833,0.03544744293951074,-0.02367711780560211
2020-09-22 19:00:00+00:00,SOLUSDT,VWAP,-1,range,0.05803435308466309,0.042179083240166726,-0.016532845478876457
2020-09-22 20:00:00+00:00,SOLUSDT,VWAP,-1,range,0.043675976516102666,0.04055383988868899,-0.018257712016832572
2020-09-22 21:00:00+00:00,SOLUSDT,VWAP,-1,range,0.03368967726705552,0.04657201632212593,-0.011870637035038545
2020-09-22 22:00:00+00:00,SOLUSDT,VWAP,-1,range,-0.004697267986046194,0.023520878665423406,-0.036334749421476076
2020-09-22 23:00:00+00:00,SOLUSDT,VWAP,-1,range,-0.003940650378645216,0.031216804303875523,-0.028167083576054575
2020-09-23 00:00:00+00:00,SOLUSDT,VWAP,-1,range,0.0352323838080959,0.07854768268039891,0.022065054429307063
2020-09-23 01:00:00+00:00,SOLUSDT,VWAP,-1,range,0.02977782179525279,0.06665346142418549,0.03202271301706772
2020-09-23 02:00:00+00:00,SOLUSDT,VWAP,-1,range,0.036818258096996015,0.05111595905353239,0.015908709515019215
2020-09-23 03:00:00+00:00,SOLUSDT,VWAP,1,range,0.02368884195705734,0.06166842661034844,-0.054452657514959535
2020-09-23 04:00:00+00:00,SOLUSDT,VWAP,1,range,0.05769574065478955,0.0768681495233674,-0.040915420043557416
2020-09-23 06:00:00+00:00,SOLUSDT,VWAP,1,range,0.020560747663551426,0.0637277376124139,-0.052618585787339134
2020-09-23 07:00:00+00:00,SOLUSDT,VWAP,1,range,0.0027693856998991517,0.09865486980290594,-0.03384405121565248
2020-09-23 08:00:00+00:00,SOLUSDT,VWAP,1,range,-0.009190915542938272,0.08399574166075219,-0.04673527324343507
2020-09-23 09:00:00+00:00,SOLUSDT,VWAP,1,range,-0.02083478746422851,0.06606407482375931,-0.0625043623926852
2020-09-23 11:00:00+00:00,SOLUSDT,VWAP,-1,range,0.03362004232370808,0.03225476141716155,-0.017134275377158836
2020-09-23 12:00:00+00:00,SOLUSDT,VWAP,-1,range,0.0236816323772846,0.04216073781291174,-0.006722745853180667
2020-09-23 13:00:00+00:00,SOLUSDT,VWAP,-1,range,0.011977270407295126,0.035251284494198454,-0.013984824253972628
2020-09-23 14:00:00+00:00,SOLUSDT,VWAP,1,bear,0.008223569586730761,0.06442957697400509,-0.06394173810021608
2020-09-23 16:00:00+00:00,SOLUSDT,VWAP,-1,range,0.022717299578059014,0.0429367088607594,-0.017451476793248988
2020-09-23 17:00:00+00:00,SOLUSDT,VWAP,-1,bull,0.004634520361219918,0.0338047367524279,-0.062463792809678065
2020-09-23 18:00:00+00:00,SOLUSDT,VWAP,1,bull,0.01579238371691183,0.11814914645103314,-0.07170502453521321
2020-09-23 19:00:00+00:00,SOLUSDT,VWAP,1,range,0.09027653240558098,0.16053943545783866,-0.036512320218069605
2020-09-23 20:00:00+00:00,SOLUSDT,VWAP,1,range,0.0734214390602057,0.16535940689803375,-0.011246015543855958
2020-09-23 21:00:00+00:00,SOLUSDT,VWAP,1,range,0.06672131731831632,0.1597105891577859,-0.016038778201518333
2020-09-23 22:00:00+00:00,SOLUSDT,VWAP,1,range,0.05605831191239119,0.14574456847072081,-0.02788830592626501
2020-09-23 23:00:00+00:00,SOLUSDT,VWAP,1,range,0.0629039663758697,0.14922473775297562,-0.02493554197718373
2020-09-24 00:00:00+00:00,SOLUSDT,VWAP,-1,bear,-0.022041522491349497,-0.01705882352941157,-0.08681660899653965
2020-09-24 01:00:00+00:00,SOLUSDT,VWAP,-1,bear,-0.012880118469538848,-0.013052312566725233,-0.08168887970520355
2020-09-24 02:00:00+00:00,SOLUSDT,VWAP,-1,bear,-0.026301237298679725,-0.016658602336351747,-0.08553950369807128
2020-09-24 03:00:00+00:00,SOLUSDT,VWAP,-1,bear,-0.023607112616426784,0.0036917866215071538,-0.0638103302286197
2020-09-24 04:00:00+00:00,SOLUSDT,VWAP,-1,bear,-0.08365570599613159,-0.016026526664824514,-0.08486460348162472
2020-09-24 05:00:00+00:00,SOLUSDT,VWAP,-1,bear,-0.08370707658598375,-0.01078434729021871,-0.0753192509158136
2020-09-24 06:00:00+00:00,SOLUSDT,VWAP,-1,range,-0.07314169076373545,-0.01027385609797582,-0.068515053580541
2020-09-24 07:00:00+00:00,SOLUSDT,VWAP,-1,bull,-0.042206724126587325,0.023060727679452664,-0.03325876702414621
2020-09-24 08:00:00+00:00,SOLUSDT,VWAP,-1,bull,-0.05225050882519766,0.009142170765072954,-0.047979713723265816
2020-09-24 09:00:00+00:00,SOLUSDT,VWAP,-1,bull,-0.04520698987603988,0.009689598716963399,-0.04945036586588247
2020-09-24 10:00:00+00:00,SOLUSDT,VWAP,-1,bull,-0.050015004501350324,0.011736854389650109,-0.04728085092194312
2020-09-24 11:00:00+00:00,SOLUSDT,VWAP,-1,bull,-0.04313152123346864,0.01511929288230196,-0.04369641789060941
2020-09-24 12:00:00+00:00,SOLUSDT,VWAP,-1,bull,-0.06534177472322855,-0.003453295866201689,-0.06337813589734909
2020-09-24 13:00:00+00:00,SOLUSDT,VWAP,-1,bull,-0.04239910237666167,-0.007752201557240435,-0.06793376627792314
2020-09-24 14:00:00+00:00,SOLUSDT,VWAP,-1,bull,-0.014884660717292553,0.00188583936689668,-0.05772015490823357
2020-09-24 15:00:00+00:00,SOLUSDT,VWAP,-1,bull,0.0044007676527033635,0.01929058301899278,-0.03927602408841224
2020-09-24 16:00:00+00:00,SOLUSDT,VWAP,-1,bull,0.032064767004526096,0.0553005673487601,-0.001115573404729897
2020-09-24 17:00:00+00:00,SOLUSDT,VWAP,-1,bull,0.049851519555190515,0.06365704176407394,0.007739938080495445
2020-09-24 18:00:00+00:00,SOLUSDT,VWAP,-1,bull,0.050150578538595614,0.060421619908067825,0.004311301315580995
2020-09-24 19:00:00+00:00,SOLUSDT,VWAP,-1,bull,0.054070262933619495,0.0644550361415358,0.0007575518449542962
2020-09-24 20:00:00+00:00,SOLUSDT,VWAP,-1,bull,0.06725433617655452,0.06018327678599744,-0.013666486983543003
2020-09-24 21:00:00+00:00,SOLUSDT,VWAP,-1,bull,0.06770666837158756,0.05252221724953643,-0.02192954414679371
2020-09-24 22:00:00+00:00,SOLUSDT,VWAP,-1,bull,0.04702930996157628,0.05881045378044503,-0.015147184909974465
2020-09-24 23:00:00+00:00,SOLUSDT,VWAP,-1,bull,0.03672910295616727,0.05584225280326194,-0.0183486238532109
2020-09-25 00:00:00+00:00,SOLUSDT,VWAP,-1,bull,0.02275399625003971,0.05809260495121871,-0.0159214415101534
2020-09-25 01:00:00+00:00,SOLUSDT,VWAP,-1,bull,0.008480657577141337,0.03323765411964241,-0.04272946702328917
2020-09-25 02:00:00+00:00,SOLUSDT,VWAP,1,bull,0.02402362544380665,0.084978597737001,-0.038391346185751685
2020-09-25 03:00:00+00:00,SOLUSDT,VWAP,1,bull,0.04087872644488022,0.08670942869487175,-0.03685732327428626
2020-09-25 04:00:00+00:00,SOLUSDT,VWAP,1,bull,0.034048998946259346,0.07672550052687033,-0.04570600632244459
2020-09-25 05:00:00+00:00,SOLUSDT,VWAP,1,bull,0.04797845458172634,0.08717914616305356,-0.03644101609256545
2020-09-25 06:00:00+00:00,SOLUSDT,VWAP,1,bull,0.056669892867870386,0.09127924440142832,-0.032807128792177065
2020-09-25 07:00:00+00:00,SOLUSDT,VWAP,1,bull,0.07207688200747464,0.09109717031500275,-0.032968499733048495
2020-09-25 08:00:00+00:00,SOLUSDT,VWAP,1,bull,0.08859124286102782,0.11157193364155549,-0.014821865651346244
2020-09-25 09:00:00+00:00,SOLUSDT,VWAP,1,bull,0.10927856261143876,0.12117679330681663,-0.002228775202304245
2020-09-25 10:00:00+00:00,SOLUSDT,VWAP,1,bull,0.060479840053315526,0.08957014328557156,-0.013395534821726063
2020-09-25 11:00:00+00:00,SOLUSDT,VWAP,1,bull,0.05231654485928772,0.0813188266807765,-0.017990012897251773
2020-09-25 13:00:00+00:00,SOLUSDT,VWAP,1,bull,0.01822488321600102,0.07566287255740511,-0.023126521481676487
2020-09-25 14:00:00+00:00,SOLUSDT,VWAP,-1,bull,-0.004309646479375262,0.0023006383461325886,-0.035870516185476875
2020-09-25 15:00:00+00:00,SOLUSDT,VWAP,-1,bull,0.004502059452728413,0.01689070532264747,-0.020722245282416507
2020-09-25 16:00:00+00:00,SOLUSDT,VWAP,-1,bull,-0.005254442392204295,0.019489204509266944,-0.018024329660531135
2020-09-25 17:00:00+00:00,SOLUSDT,VWAP,-1,bull,-0.003585139122433967,0.023128906373933056,-0.014245375805070015
2020-09-25 18:00:00+00:00,SOLUSDT,VWAP,-1,bull,-0.0028110293420926524,0.02751018603329014,-0.009696472000252587
2020-09-25 19:00:00+00:00,SOLUSDT,VWAP,-1,bull,0.026767928286852705,0.04201942231075706,0.004980079681274896
2020-09-25 20:00:00+00:00,SOLUSDT,VWAP,-1,bull,0.02360876897133224,0.039441633876709736,0.009774530010617677
2020-09-25 21:00:00+00:00,SOLUSDT,VWAP,-1,bull,0.027479830608018396,0.04921022534079322,0.019844827053259517
2020-09-25 22:00:00+00:00,SOLUSDT,VWAP,-1,bull,0.02146111547525542,0.03349567949725063,0.005216025137470548
2020-09-25 23:00:00+00:00,SOLUSDT,VWAP,-1,bull,0.012413186260645581,0.03337418685773552,0.00842211118443803
2020-09-26 00:00:00+00:00,SOLUSDT,VWAP,-1,bull,0.008408234270803172,0.009084758867304532,-0.016494313971843644
2020-09-26 01:00:00+00:00,SOLUSDT,VWAP,-1,bull,0.019061773067976295,0.0062354613595245745,-0.01941716205737909
2020-09-26 02:00:00+00:00,SOLUSDT,VWAP,-1,bull,-0.001677744079499277,0.007582112666967844,-0.018035748854617006
2020-09-26 03:00:00+00:00,SOLUSDT,VWAP,-1,bull,-0.004490345756623437,0.013438963371608215,-0.012027711848098033
2020-09-26 04:00:00+00:00,SOLUSDT,VWAP,-1,bull,0.005100262932809518,0.025596350619317643,0.0004435011245921272
2020-09-26 05:00:00+00:00,SOLUSDT,VWAP,-1,bull,0.014068032372281158,0.02759863429438536,0.0024974709155285435
2020-09-26 06:00:00+00:00,SOLUSDT,VWAP,-1,bull,0.03332283464566921,0.031212598425196858,0.014015748031495967
2020-09-26 07:00:00+00:00,SOLUSDT,VWAP,-1,bull,0.019956505053089324,0.016278623512856583,-0.0011833184085967563
2020-09-26 09:00:00+00:00,SOLUSDT,VWAP,-1,bull,0.02209014048693647,0.031975081050155785,0.004990146843811494
2020-09-26 10:00:00+00:00,SOLUSDT,VWAP,1,bull,-0.0012844390212575219,0.022413460920942985,-0.04405625842913108
2020-09-26 12:00:00+00:00,SOLUSDT,VWAP,1,bull,0.025438596491228038,0.03443794671864864,-0.03281351526965559
2020-09-26 13:00:00+00:00,SOLUSDT,VWAP,1,bull,0.03313352216586529,0.04867927014030693,-0.019498056781503292
2020-09-26 14:00:00+00:00,SOLUSDT,VWAP,1,bull,0.008116987695677258,0.025574953295110614,-0.04110030277652521
2020-09-26 17:00:00+00:00,SOLUSDT,VWAP,1,bull,0.006893898098566664,0.020938211434251564,-0.04543559816590248
2020-09-26 18:00:00+00:00,SOLUSDT,VWAP,1,bull,-0.0029323602241626556,0.03740388374820802,-0.030040401407532946
2020-09-26 19:00:00+00:00,SOLUSDT,VWAP,1,bull,-0.00035896097115262204,0.039028847408954404,-0.028521080798851406
2020-09-26 20:00:00+00:00,SOLUSDT,VWAP,1,bull,-0.004900519455062313,0.04021692966121071,-0.027410238818648236
2020-09-26 21:00:00+00:00,SOLUSDT,VWAP,1,bull,-0.02288165892027183,0.034875028439561806,-0.03240484935157806
2020-09-26 23:00:00+00:00,SOLUSDT,VWAP,-1,bull,0.026101976840893104,0.025782099673725245,-0.005757789009020575
2020-09-27 00:00:00+00:00,SOLUSDT,VWAP,-1,bull,0.02461743180306053,0.03507271171941828,0.003833602635997746
2020-09-27 01:00:00+00:00,SOLUSDT,VWAP,-1,bull,0.014473348635552163,0.029074215761285438,-0.004718184136699888
2020-09-27 03:00:00+00:00,SOLUSDT,VWAP,-1,bull,-0.0005109535670946297,0.027399885035447546,-0.0064507887845692835
2020-09-27 04:00:00+00:00,SOLUSDT,VWAP,-1,bull,0.0048972842332888344,0.031482541499713856,-0.0022260382878585006
2020-09-27 05:00:00+00:00,SOLUSDT,VWAP,-1,bull,0.005349977708426157,0.03012546971530483,-0.0036303420164320865
2020-09-27 06:00:00+00:00,SOLUSDT,VWAP,1,bull,0.020325468923599654,0.04947389059538576,-0.0271877655055226
2020-09-27 07:00:00+00:00,SOLUSDT,VWAP,1,bull,0.020761923415923977,0.04841184343681637,-0.02817223255965795
2020-09-27 08:00:00+00:00,SOLUSDT,VWAP,1,bull,0.025608194622279035,0.05440099806296983,-0.01506943760464885
2020-09-27 09:00:00+00:00,SOLUSDT,VWAP,1,bull,0.032132521704420824,0.06828992449190019,-0.0008648504806573198
2020-09-27 10:00:00+00:00,SOLUSDT,VWAP,1,bull,0.037186556387028835,0.054089536562951235,-0.008172508861756689
2020-09-27 11:00:00+00:00,SOLUSDT,VWAP,1,range,0.03846153846153855,0.054851211981869374,-0.007455823425080443
2020-09-27 15:00:00+00:00,SOLUSDT,VWAP,-1,range,0.007596552824768565,0.022821576763485396,-0.005936801787424173
2020-09-27 16:00:00+00:00,SOLUSDT,VWAP,-1,range,0.0050172568068515,0.021634922663939626,-0.007158379138437976
2020-09-27 17:00:00+00:00,SOLUSDT,VWAP,-1,range,0.0054427867067939895,0.01981814689120831,-0.009028622654799312
2020-09-27 18:00:00+00:00,SOLUSDT,VWAP,-1,range,0.025204970535485538,0.024148091211888212,-0.009351780681527089
2020-09-27 19:00:00+00:00,SOLUSDT,VWAP,-1,range,0.020179730723719924,0.027343375227861455,-0.007899197288048887
2020-09-27 20:00:00+00:00,SOLUSDT,VWAP,-1,bull,0.01728608470181503,0.03450814686769743,-0.00886712122667177
2020-09-27 22:00:00+00:00,SOLUSDT,VWAP,-1,bull,0.03338501946140937,0.051865447295971645,0.0026897882978386134
2020-09-27 23:00:00+00:00,SOLUSDT,VWAP,-1,bull,0.03880823607552897,0.061169623936489836,0.0031944839801372193
2020-09-28 00:00:00+00:00,SOLUSDT,VWAP,-1,bull,0.032772869763465384,0.06009942687058678,0.0020581995503625716
2020-09-28 01:00:00+00:00,SOLUSDT,VWAP,-1,bull,0.04449192484132469,0.06733488342864313,0.01002325142964866
2020-09-28 02:00:00+00:00,SOLUSDT,VWAP,-1,bull,0.031840669795763055,0.06729671444881391,0.016681466446784254
2020-09-28 06:00:00+00:00,SOLUSDT,VWAP,1,bull,-0.0012156257186975994,0.014521799126063772,-0.05020205670729705
2020-09-28 07:00:00+00:00,SOLUSDT,VWAP,1,bull,-0.018865461191983957,0.007866048697695582,-0.05643318754487903
2020-09-28 08:00:00+00:00,SOLUSDT,VWAP,1,bull,-0.02058698980422824,0.0057656601192221935,-0.05830808821134248
2020-09-28 09:00:00+00:00,SOLUSDT,VWAP,1,bull,-0.021764069618800952,0.012029237274246984,-0.05244354125012296
2020-09-28 10:00:00+00:00,SOLUSDT,VWAP,1,bull,-0.030773260001309644,0.010803378511097916,-0.05359130491717423
2020-09-28 11:00:00+00:00,SOLUSDT,VWAP,1,range,-0.027179993418887882,0.01599210266535045,-0.048733135899967195
2020-09-28 12:00:00+00:00,SOLUSDT,VWAP,1,range,-0.018431218490146062,0.010803378511097916,-0.05359130491717423
2020-09-28 13:00:00+00:00,SOLUSDT,VWAP,1,range,-0.039263400197303455,0.015323906609667981,-0.04935876356461699
2020-09-28 14:00:00+00:00,SOLUSDT,VWAP,1,range,-0.043894129979035634,0.011399371069182429,-0.05303328092243187
2020-09-28 15:00:00+00:00,SOLUSDT,VWAP,1,range,-0.046241272933917776,0.002630297126156922,-0.06124370839421989
2020-09-28 16:00:00+00:00,SOLUSDT,VWAP,1,range,-0.04230443561518926,0.0017260470266395878,-0.05852276428059677
2020-09-28 17:00:00+00:00,SOLUSDT,VWAP,1,range,-0.04020760791012412,0.0009197818802970659,-0.05035805794625858
2020-09-28 18:00:00+00:00,SOLUSDT,VWAP,1,range,-0.017302631578947403,0.0004605263157895223,-0.04904605263157902
2020-09-28 19:00:00+00:00,SOLUSDT,VWAP,1,range,-0.0060545575515634775,0.004890219560878428,-0.043912175648702534
2020-09-28 20:00:00+00:00,SOLUSDT,VWAP,1,range,-0.0168955998270528,0.004656267668872838,-0.044134765689959
2020-09-28 21:00:00+00:00,SOLUSDT,VWAP,1,range,-0.002579996649355043,0.01212933489696777,-0.037024627240743846
2020-09-28 22:00:00+00:00,SOLUSDT,VWAP,1,range,0.011754374113355448,0.020299939201513295,-0.029250827534959112
2020-09-28 23:00:00+00:00,SOLUSDT,VWAP,1,range,0.011635773237721692,0.021749424976322596,-0.027871735895007355
2020-09-29 00:00:00+00:00,SOLUSDT,VWAP,1,range,-0.004869426008071276,0.0074709001767669925,-0.0414568255344695
2020-09-29 01:00:00+00:00,SOLUSDT,VWAP,1,range,0.022042716319824684,0.033919769989047,-0.016292442497261805
2020-09-29 02:00:00+00:00,SOLUSDT,VWAP,1,range,0.029943812525695446,0.034911607509935605,-0.015348773468548682
2020-09-29 03:00:00+00:00,SOLUSDT,VWAP,1,range,0.016512886861189457,0.028463450342174346,-0.02148377651424871
2020-09-29 04:00:00+00:00,SOLUSDT,VWAP,1,range,-0.006257013636209119,0.027204407113952556,-0.022681674431257903
2020-09-29 05:00:00+00:00,SOLUSDT,VWAP,1,range,0.00848791840646168,0.033848997193510755,-0.016359778218906218
2020-09-29 06:00:00+00:00,SOLUSDT,VWAP,1,range,-0.011749347258485643,0.011146816629845402,-0.03795942960433818
2020-09-29 07:00:00+00:00,SOLUSDT,VWAP,1,range,-0.03162862306713976,0.01101144654930053,-0.03808822545016399
2020-09-29 08:00:00+00:00,SOLUSDT,VWAP,1,range,-0.01109645116546576,0.021922257180554183,-0.027707297269867093
2020-09-29 09:00:00+00:00,SOLUSDT,VWAP,1,range,-0.020021499596882597,0.014747379736629984,-0.03453372749260941
2020-09-29 14:00:00+00:00,SOLUSDT,VWAP,-1,range,0.013505422127603084,0.04460781052491525,0.007118621515534662
2020-09-29 16:00:00+00:00,SOLUSDT,VWAP,1,range,0.018786572220511166,0.022824487561167617,-0.032098004996064744
2020-09-29 17:00:00+00:00,SOLUSDT,VWAP,1,range,-0.00403855290843691,0.014389465825018544,-0.040080092309780824
2020-09-29 19:00:00+00:00,SOLUSDT,VWAP,1,bear,0.010368783050495933,0.03307641793108207,-0.02239657138907125
2020-09-29 20:00:00+00:00,SOLUSDT,VWAP,1,bear,-0.0044131230542915345,0.022544558858745845,-0.03236290239813888
2020-09-29 21:00:00+00:00,SOLUSDT,VWAP,1,bear,-0.002433840669134768,0.024612642259701056,-0.03040586864116268
2020-09-29 22:00:00+00:00,SOLUSDT,VWAP,1,bear,-0.007289076603426703,0.01808644708607221,-0.036581627439626785
2020-09-14 20:00:00+00:00,SOLUSDT,Momentum,-1,range,0.030440932291987077,0.0550704138736855,-0.0016911629051101773
2020-09-14 22:00:00+00:00,SOLUSDT,Momentum,-1,range,0.01014731951830794,0.07158139250565432,0.004309554373739255
2020-09-14 23:00:00+00:00,SOLUSDT,Momentum,-1,bear,0.00887909127093478,0.08346345794678656,0.002571874712960387
2020-09-15 00:00:00+00:00,SOLUSDT,Momentum,-1,bear,-0.00771538791255888,0.1029636886902211,0.0026024125895536265
2020-09-15 01:00:00+00:00,SOLUSDT,Momentum,-1,bear,0.016836251413206216,0.15800409447856512,0.00458337152809607
2020-09-15 02:00:00+00:00,SOLUSDT,Momentum,-1,bear,0.07536407766990283,0.1639563106796117,0.015594660194174659
2020-09-15 03:00:00+00:00,SOLUSDT,Momentum,-1,bear,0.055053763440860104,0.15342549923195092,0.0032565284178186493
2020-09-15 04:00:00+00:00,SOLUSDT,Momentum,-1,bear,0.04755029949316547,0.16556596528951006,0.006112732299186074
2020-09-15 05:00:00+00:00,SOLUSDT,Momentum,-1,bear,0.048078103892914226,0.16600147365835694,0.006631462605919292
2020-09-15 06:00:00+00:00,SOLUSDT,Momentum,-1,bear,0.05114883879147725,0.1599406252899156,-0.0005875622352105037
2020-09-15 07:00:00+00:00,SOLUSDT,Momentum,-1,bear,0.04458138145691193,0.14594271701197847,-0.017260351494953863
2020-09-15 08:00:00+00:00,SOLUSDT,Momentum,-1,bear,0.03707344919446909,0.13849422808575418,-0.026132183178992685
2020-09-15 09:00:00+00:00,SOLUSDT,Momentum,-1,bear,0.06134740763737967,0.15721825520024846,-0.004532753803166534
2020-09-15 10:00:00+00:00,SOLUSDT,Momentum,-1,bear,0.07938615451120856,0.17186438584573582,0.0009263261903291742
2020-09-15 13:00:00+00:00,SOLUSDT,Momentum,-1,bear,0.14706613625062148,0.197165589259075,0.04692938836399796
2020-09-15 14:00:00+00:00,SOLUSDT,Momentum,-1,bear,0.0966662291639323,0.15477752985956172,-0.006234413965087393
2020-09-15 15:00:00+00:00,SOLUSDT,Momentum,-1,bear,0.12484556863255081,0.16252682229013593,0.002991091748488106
2020-09-15 16:00:00+00:00,SOLUSDT,Momentum,-1,bear,0.13551778630631794,0.16925210436353078,0.010997516689779552
2020-09-15 17:00:00+00:00,SOLUSDT,Momentum,-1,bear,0.14532671095916927,0.16922531123008455,0.017738502225375763
2020-09-15 18:00:00+00:00,SOLUSDT,Momentum,-1,bear,0.11690512661734509,0.16047974448391622,0.015415702506273776
2020-09-15 19:00:00+00:00,SOLUSDT,Momentum,-1,bear,0.0993451577873572,0.16199940768041055,0.005890289249399494
2020-09-15 20:00:00+00:00,SOLUSDT,Momentum,-1,bear,0.11938872970391601,0.16128182327174523,0.010802621611830321
2020-09-15 21:00:00+00:00,SOLUSDT,Momentum,-1,bear,0.11801283323410738,0.15770324799894153,0.023516570748164267
2020-09-15 22:00:00+00:00,SOLUSDT,Momentum,-1,bear,0.14046620828442058,0.14586617474425623,0.027301693778299496
2020-09-15 23:00:00+00:00,SOLUSDT,Momentum,-1,bear,0.1180280921860083,0.13180144552025075,0.08973135142506472
2020-09-16 00:00:00+00:00,SOLUSDT,Momentum,-1,bear,-0.0052765292163377,0.0046511627906975495,-0.04358022278678919
2020-09-16 01:00:00+00:00,SOLUSDT,Momentum,-1,bear,0.0685031336539863,0.07207404168488563,0.027109750765194618
2020-09-16 02:00:00+00:00,SOLUSDT,Momentum,-1,bear,0.10824555030875405,0.07497275699237194,0.030984380675626588
2020-09-16 03:00:00+00:00,SOLUSDT,Momentum,-1,bear,0.05858533323426707,0.05394160041607843,0.009956163162196385
2020-09-16 04:00:00+00:00,SOLUSDT,Momentum,-1,bear,0.02704719268793132,0.060063421003544115,0.013243797798918044
2020-09-16 05:00:00+00:00,SOLUSDT,Momentum,-1,bear,0.04498113207547161,0.04924528301886799,0.002226415094339629
2020-09-16 06:00:00+00:00,SOLUSDT,Momentum,-1,bear,0.0632196634189548,0.0701579568940065,0.02417330971361087
2020-09-16 07:00:00+00:00,SOLUSDT,Momentum,-1,bear,0.0755571793934966,0.07946656923639028,0.03470953598830839
2020-09-16 08:00:00+00:00,SOLUSDT,Momentum,-1,bear,0.04985414017503165,0.05770813075024317,0.014959982048021514
2020-09-16 09:00:00+00:00,SOLUSDT,Momentum,-1,bear,0.04260106502662564,0.06048901222530556,0.023100577514437837
2020-09-16 10:00:00+00:00,SOLUSDT,Momentum,-1,bear,0.006204393803410424,0.022398251843758543,-0.016506028797752315
2020-09-16 11:00:00+00:00,SOLUSDT,Momentum,-1,bear,0.018361035948975757,0.03158098183223812,-0.006957866254348577
2020-09-16 13:00:00+00:00,SOLUSDT,Momentum,-1,bear,-0.02683461117196062,0.01998904709748084,-0.019011109372555124
2020-09-16 14:00:00+00:00,SOLUSDT,Momentum,-1,bear,-0.051649694501018306,-0.02048879837067208,-0.06109979633401208
2020-09-16 15:00:00+00:00,SOLUSDT,Momentum,-1,bear,0.01992817962984883,0.011364981650289985,-0.027978374965470953
2020-09-16 16:00:00+00:00,SOLUSDT,Momentum,-1,bear,0.04037576687116573,0.03937883435582823,0.0011503067484662788
2020-09-16 17:00:00+00:00,SOLUSDT,Momentum,-1,bear,-0.014027185079816595,0.010075865339023271,-0.045440177019124395
2020-09-16 18:00:00+00:00,SOLUSDT,Momentum,-1,bear,0.013040223771815795,0.01300082732537522,-0.05850372296418849
2020-09-16 19:00:00+00:00,SOLUSDT,Momentum,-1,bear,0.0002371354043158025,0.009841119279108246,-0.07825468342423547
2020-09-16 20:00:00+00:00,SOLUSDT,Momentum,-1,bear,0.03432395197795712,0.013855540247982745,-0.0738830938791577
2020-09-16 21:00:00+00:00,SOLUSDT,Momentum,-1,bear,0.024872698785742275,0.018683901292596894,-0.09964747356051706
2020-09-16 23:00:00+00:00,SOLUSDT,Momentum,-1,bear,-3.9377830281628334e-05,0.013467217956290578,-0.10608387477849979
2020-09-17 00:00:00+00:00,SOLUSDT,Momentum,1,bear,-0.035233873433200835,0.13130541118923866,-0.09931977988382756
2020-09-17 01:00:00+00:00,SOLUSDT,Momentum,1,bear,-0.02118095238095241,0.12777142857142865,-0.1021333333333333
2020-09-17 02:00:00+00:00,SOLUSDT,Momentum,1,bear,-0.0020528313579672997,0.1466418777597025,-0.08710976837865048
2020-09-17 03:00:00+00:00,SOLUSDT,Momentum,-1,bear,-0.05065227894991131,-0.008737316798196115,-0.13633435335802857
2020-09-17 04:00:00+00:00,SOLUSDT,Momentum,-1,bear,-0.06453030726815046,-0.0010388780117474017,-0.12766212490510265
2020-09-17 05:00:00+00:00,SOLUSDT,Momentum,1,bear,0.06145033706113856,0.15356739274441789,-0.08159607216615361
2020-09-17 06:00:00+00:00,SOLUSDT,Momentum,-1,bear,-0.09392463675554841,-3.991697269678518e-05,-0.14246367555484585
2020-09-17 08:00:00+00:00,SOLUSDT,Momentum,-1,bear,-0.14250193616761098,-0.021195940162230587,-0.19284229405290843
2020-09-17 09:00:00+00:00,SOLUSDT,Momentum,-1,bear,-0.17449287005422787,-0.022735489054027003,-0.17549708776862816
2020-09-17 10:00:00+00:00,SOLUSDT,Momentum,-1,bear,-0.12947990829009282,-0.026909617473150682,-0.19946904790635944
2020-09-17 12:00:00+00:00,SOLUSDT,Momentum,-1,bear,-0.11839499326626002,-0.03778816446169686,-0.21385566030262204
2020-09-17 13:00:00+00:00,SOLUSDT,Momentum,-1,bear,-0.07456993850704463,-0.019693313614073338,-0.19269090059936178
2020-09-17 15:00:00+00:00,SOLUSDT,Momentum,1,bear,0.10420019927952784,0.20717406300298924,-0.0034490687514370233
2020-09-17 16:00:00+00:00,SOLUSDT,Momentum,1,bear,0.06523534269199005,0.18234366789280076,-0.0069063884092787076
2020-09-17 17:00:00+00:00,SOLUSDT,Momentum,1,bear,0.05921439060205569,0.15638766519823766,-0.013656387665198388
2020-09-17 18:00:00+00:00,SOLUSDT,Momentum,1,bear,0.08173690932311639,0.14942528735632177,-0.006020799124247356
2020-09-17 19:00:00+00:00,SOLUSDT,Momentum,1,bear,0.06541988591234027,0.13726622860856375,-0.016535489927070435
2020-09-17 20:00:00+00:00,SOLUSDT,Momentum,1,bear,0.05469335331264036,0.12383602697206464,-0.028149416675586014
2020-09-17 21:00:00+00:00,SOLUSDT,Momentum,1,bear,0.022162180649133,0.07732822599952116,-0.0683675912308902
2020-09-17 22:00:00+00:00,SOLUSDT,Momentum,1,range,0.08016381766381775,0.1217948717948718,-0.029914529914529808
2020-09-17 23:00:00+00:00,SOLUSDT,Momentum,1,range,0.06283139837116636,0.0916652226650494,-0.05596950268584289
2020-09-18 00:00:00+00:00,SOLUSDT,Momentum,1,range,0.09169470515317846,0.11563662121480434,-0.035239950416150134
2020-09-18 01:00:00+00:00,SOLUSDT,Momentum,1,range,0.09532777978993123,0.17461064831582762,-0.004056501267656665
2020-09-18 02:00:00+00:00,SOLUSDT,Momentum,1,range,0.07064641469445432,0.14832214765100682,-0.012998940303779571
2020-09-18 03:00:00+00:00,SOLUSDT,Momentum,1,range,0.005067157185992599,0.12827543122895912,-0.030229410335612328
2020-09-18 04:00:00+00:00,SOLUSDT,Momentum,1,range,0.03262861169837916,0.14548978153629322,-0.013777307963354413
2020-09-18 05:00:00+00:00,SOLUSDT,Momentum,1,range,-0.015111080303607971,0.1267112605275016,-0.02994489307870929
2020-09-18 06:00:00+00:00,SOLUSDT,Momentum,1,range,-0.012548490470568496,0.0966098836228706,-0.05586102209478827
2020-09-18 07:00:00+00:00,SOLUSDT,Momentum,1,range,0.05564215520162663,0.10162656726533381,-0.05154185022026425
2020-09-18 08:00:00+00:00,SOLUSDT,Momentum,1,range,0.04600500642716998,0.09968878966240458,-0.053210202286719355
2020-09-18 09:00:00+00:00,SOLUSDT,Momentum,1,range,0.049118345769063376,0.0877304513668149,-0.06350587211831227
2020-09-18 10:00:00+00:00,SOLUSDT,Momentum,1,range,0.03171672546239823,0.07180772147308034,-0.07721473080346841
2020-09-18 11:00:00+00:00,SOLUSDT,Momentum,1,range,0.01343419851310812,0.06002999869570891,-0.0873548976131473
2020-09-18 12:00:00+00:00,SOLUSDT,Momentum,1,range,0.003082014015053147,0.054665195951207,-0.09197378665974554
2020-09-18 13:00:00+00:00,SOLUSDT,Momentum,1,range,0.05165002314661726,0.07496197341445665,-0.0744990410687123
2020-09-18 14:00:00+00:00,SOLUSDT,Momentum,1,range,0.04526558891454968,0.07255031342791152,-0.07657538766083805
2020-09-18 16:00:00+00:00,SOLUSDT,Momentum,1,range,0.05961236606838183,0.10929502490957477,-0.04442776223298994
2020-09-18 17:00:00+00:00,SOLUSDT,Momentum,-1,range,-0.09452088538550885,-0.030615476651300266,-0.10321286553823406
2020-09-18 18:00:00+00:00,SOLUSDT,Momentum,-1,range,-0.06278823489222152,-0.03525432992860322,-0.07095275509855492
2020-09-18 19:00:00+00:00,SOLUSDT,Momentum,1,range,-0.012005649717514277,0.043560606060605966,-0.05142526964560867
2020-09-18 20:00:00+00:00,SOLUSDT,Momentum,1,range,-0.004624539163055386,0.051322682879503256,-0.044369704417566824
2020-09-18 21:00:00+00:00,SOLUSDT,Momentum,1,range,-0.026949449848509,0.03680433742624789,-0.05756657630361983
2020-09-18 22:00:00+00:00,SOLUSDT,Momentum,1,bull,-0.04010481577349567,0.03885853066180922,-0.055699357683827055
2020-09-18 23:00:00+00:00,SOLUSDT,Momentum,1,bull,-0.020978120978120907,0.04597812097812093,-0.049227799227799185
2020-09-19 01:00:00+00:00,SOLUSDT,Momentum,1,bull,-0.04210162243742932,0.02216702301597273,-0.10096214312665075
2020-09-19 02:00:00+00:00,SOLUSDT,Momentum,1,bull,-0.052900700713338855,0.0024304021210781457,-0.10128779748753236
2020-09-19 03:00:00+00:00,SOLUSDT,Momentum,1,bull,-0.031106250201048624,0.01717759835300936,-0.08408659568308285
2020-09-19 04:00:00+00:00,SOLUSDT,Momentum,1,bull,-0.022703120471452065,0.018291308408205253,-0.08308376002318618
2020-09-19 05:00:00+00:00,SOLUSDT,Momentum,1,bull,0.003215123943028031,0.016654342024885027,-0.08455775970163648
2020-09-19 06:00:00+00:00,SOLUSDT,Momentum,1,bull,-0.01954292693902482,0.0163929156889846,-0.08479315997557124
2020-09-19 07:00:00+00:00,SOLUSDT,Momentum,-1,bull,0.02037169406719086,0.048963545389564045,0.008869972057963471
2020-09-19 09:00:00+00:00,SOLUSDT,Momentum,-1,bull,0.002261553588987386,0.04060963618485758,0.0065880039331367435
2020-09-19 10:00:00+00:00,SOLUSDT,Momentum,-1,bull,0.0011984819228977317,0.02553432319062532,-0.009021905586257484
2020-09-19 11:00:00+00:00,SOLUSDT,Momentum,-1,bull,0.007723149730511469,0.038024188247666735,0.003910871565663276
2020-09-19 12:00:00+00:00,SOLUSDT,Momentum,-1,bull,0.00016653343991479552,0.025079936051159213,-0.009492406075139792
2020-09-19 13:00:00+00:00,SOLUSDT,Momentum,-1,bull,0.05340554734941738,0.05619563433448216,0.00512063023141307
2020-09-19 14:00:00+00:00,SOLUSDT,Momentum,-1,bull,0.036725988135706156,0.048090381923615255,-0.010097980403919182
2020-09-19 15:00:00+00:00,SOLUSDT,Momentum,-1,bull,0.03339973439575039,0.05169322709163349,-0.006274900398406391
2020-09-19 16:00:00+00:00,SOLUSDT,Momentum,-1,bull,0.0356530908132332,0.07193225253723479,0.0012850929221036589
2020-09-19 18:00:00+00:00,SOLUSDT,Momentum,-1,bull,0.034357276333475406,0.07664819853784877,0.010753040684522763
2020-09-19 19:00:00+00:00,SOLUSDT,Momentum,-1,bull,0.022486816357666473,0.06586846207422636,-0.000795993499386416
2020-09-20 01:00:00+00:00,SOLUSDT,Momentum,-1,bull,0.009605381787918699,0.039461821208128134,-0.02094458700325963
2020-09-20 02:00:00+00:00,SOLUSDT,Momentum,-1,bull,0.030999169665098192,0.0416551342374758,-0.018613340714088045
2020-09-20 03:00:00+00:00,SOLUSDT,Momentum,-1,bull,0.03565295047056405,0.048567699388610275,-0.011266057566806431
2020-09-20 04:00:00+00:00,SOLUSDT,Momentum,-1,bull,0.039841454247249386,0.05350919155333833,-0.006013804414679136
2020-09-20 05:00:00+00:00,SOLUSDT,Momentum,-1,range,0.02805920939657247,0.04866572792526713,-0.011161864203042882
2020-09-20 06:00:00+00:00,SOLUSDT,Momentum,-1,range,0.04827703276184003,0.059582413851638094,0.00044135121371591257
2020-09-20 07:00:00+00:00,SOLUSDT,Momentum,-1,range,0.05689953516778068,0.0601567536389237,0.0010518101313066186
2020-09-20 08:00:00+00:00,SOLUSDT,Momentum,-1,range,0.07001190678686853,0.05926177921415199,-0.001598911379486312
2020-09-20 09:00:00+00:00,SOLUSDT,Momentum,-1,range,0.0726881864902087,0.10301971717443159,0.011051022807430089
2020-09-20 10:00:00+00:00,SOLUSDT,Momentum,-1,range,0.057803078788695506,0.10833024556203052,0.00825277057297813
2020-09-20 11:00:00+00:00,SOLUSDT,Momentum,-1,range,0.03312398703403552,0.10808346839546179,0.018402215018908707
2020-09-20 12:00:00+00:00,SOLUSDT,Momentum,-1,range,-0.012249443207126731,0.08076976614699327,-0.011657850779509982
2020-09-20 14:00:00+00:00,SOLUSDT,Momentum,-1,range,-0.044237360754070254,0.056876606683804676,-0.03795344187375016
2020-09-20 15:00:00+00:00,SOLUSDT,Momentum,-1,range,-0.06582134207152013,0.0591608491238067,-0.03543952129933037
2020-09-20 16:00:00+00:00,SOLUSDT,Momentum,-1,range,-0.037046263345195785,0.05996441281138787,-0.03455516014234861
2020-09-20 17:00:00+00:00,SOLUSDT,Momentum,-1,range,-0.03643109540636047,0.06660777385159011,-0.027243816254416853
2020-09-20 18:00:00+00:00,SOLUSDT,Momentum,-1,range,-0.022188135411836063,0.05771768986551562,-0.03702778867762979
2020-09-20 19:00:00+00:00,SOLUSDT,Momentum,-1,range,0.019103468124909928,0.04968340768455881,-0.045869909339473214
2020-09-20 20:00:00+00:00,SOLUSDT,Momentum,-1,range,0.022131177524966072,0.03372718293887389,-0.0634305154186634
2020-09-20 21:00:00+00:00,SOLUSDT,Momentum,-1,range,0.09443257144927009,0.043177454993298725,-0.05303002861593065
2020-09-20 22:00:00+00:00,SOLUSDT,Momentum,-1,bear,0.06485288334346284,0.055629044367380365,-0.039326445246862685
2020-09-20 23:00:00+00:00,SOLUSDT,Momentum,-1,bear,0.08706128863279217,0.07752750130958619,-0.015226121878819443
2020-09-21 00:00:00+00:00,SOLUSDT,Momentum,1,bear,-0.08261138613861385,0.04166666666666674,-0.1551155115511551
2020-09-21 01:00:00+00:00,SOLUSDT,Momentum,1,bear,-0.07737321196358915,0.03689001437273265,-0.1589898022038192
2020-09-21 02:00:00+00:00,SOLUSDT,Momentum,1,bear,-0.10069408828255899,0.036003692686429334,-0.15970868807057148
2020-09-21 03:00:00+00:00,SOLUSDT,Momentum,1,bear,-0.10356235797353286,0.012565165084881702,-0.17871942253709405
2020-09-21 04:00:00+00:00,SOLUSDT,Momentum,1,bear,-0.07916680964963463,0.023060293057890924,-0.1566521395971312
2020-09-21 05:00:00+00:00,SOLUSDT,Momentum,1,range,-0.07551737069994213,0.016433125362244727,-0.1621151682520201
2020-09-21 06:00:00+00:00,SOLUSDT,Momentum,1,bear,-0.03196649799336948,0.04041179549816798,-0.1423486302564998
2020-09-21 07:00:00+00:00,SOLUSDT,Momentum,-1,bear,-0.039134421419402265,0.031175499724922062,-0.05758298184485611
2020-09-21 08:00:00+00:00,SOLUSDT,Momentum,-1,bear,-0.05106239712703875,0.011858446805326883,-0.078669759090229
2020-09-21 09:00:00+00:00,SOLUSDT,Momentum,-1,bear,-0.12451999999999996,-0.056599999999999984,-0.15339999999999998
2020-09-21 10:00:00+00:00,SOLUSDT,Momentum,-1,bear,-0.06805061742554575,-0.009863516458309629,-0.10238177160989426
2020-09-21 11:00:00+00:00,SOLUSDT,Momentum,-1,bear,-0.05343891056537364,-0.021536225231428396,-0.10301430647999399
2020-09-21 12:00:00+00:00,SOLUSDT,Momentum,-1,bear,-0.06310661420273567,-0.012628817687839744,-0.08056960839422911
2020-09-21 13:00:00+00:00,SOLUSDT,Momentum,-1,bear,-0.05237194466080641,-0.0022625273543266378,-0.06950780757390307
2020-09-21 14:00:00+00:00,SOLUSDT,Momentum,-1,bear,-0.12158771196106777,-0.027374344156337882,-0.09630446353889455
2020-09-21 15:00:00+00:00,SOLUSDT,Momentum,-1,bear,-0.07977632805219015,-0.01170549860205039,-0.07493010251630938
2020-09-21 16:00:00+00:00,SOLUSDT,Momentum,-1,bear,-0.07851978832824025,-0.015428188119549935,-0.07896698218677822
2020-09-21 17:00:00+00:00,SOLUSDT,Momentum,-1,bear,-0.06992181737719427,-0.02452426611594638,-0.06774598023307288
2020-09-21 18:00:00+00:00,SOLUSDT,Momentum,-1,bear,-0.009337034500162211,-0.004686542413208983,-0.05461624427701062
2020-09-21 19:00:00+00:00,SOLUSDT,Momentum,1,bear,-0.058414513624170605,0.06240293660878149,-0.0789919525624736
2020-09-21 20:00:00+00:00,SOLUSDT,Momentum,1,bear,-0.014521123251592716,0.07128874968857879,-0.07128874968857879
2020-09-21 21:00:00+00:00,SOLUSDT,Momentum,1,bear,-0.012307473410877567,0.07067904528154223,-0.07181730871838654
2020-09-21 22:00:00+00:00,SOLUSDT,Momentum,1,bear,-0.0010022550739161584,0.07742420446003506,-0.06596986075813438
2020-09-21 23:00:00+00:00,SOLUSDT,Momentum,1,bear,0.02022586150550132,0.0929953883583281,-0.052471041069029334
2020-09-22 00:00:00+00:00,SOLUSDT,Momentum,1,bear,0.009023934576474213,0.09045084423137939,-0.08019316859952763
2020-09-22 01:00:00+00:00,SOLUSDT,Momentum,1,bear,0.02340253057484243,0.09029711345293068,-0.08032284213865293
2020-09-22 02:00:00+00:00,SOLUSDT,Momentum,1,bear,-0.03830508474576266,0.048644067796610235,-0.11545762711864416
2020-09-22 03:00:00+00:00,SOLUSDT,Momentum,1,bear,6.90488520629362e-05,0.06801311928189202,-0.09911962713619893
2020-09-22 04:00:00+00:00,SOLUSDT,Momentum,1,range,0.01575619363532721,0.0688987940983381,-0.0983725510521406
2020-09-22 05:00:00+00:00,SOLUSDT,Momentum,1,range,0.012822280435681899,0.06628291741348424,-0.10057907072935335
2020-09-22 07:00:00+00:00,SOLUSDT,Momentum,-1,range,-0.10645874723544635,-0.044682685459384475,-0.12475165873224126
2020-09-22 08:00:00+00:00,SOLUSDT,Momentum,-1,range,-0.06421322546859765,-0.006500776481635384,-0.08364332406370778
2020-09-22 09:00:00+00:00,SOLUSDT,Momentum,-1,range,-0.06792235387330292,-0.01058810818597622,-0.08059927251773691
2020-09-22 11:00:00+00:00,SOLUSDT,Momentum,1,range,0.03868878132118447,0.10104641230068334,-0.03171269931662879
2020-09-22 13:00:00+00:00,SOLUSDT,Momentum,1,range,0.04318627957433607,0.0653648792919379,-0.06309191720907814
2020-09-22 14:00:00+00:00,SOLUSDT,Momentum,-1,range,-0.0502291152626011,0.003454353189989545,-0.05763130066972155
2020-09-22 16:00:00+00:00,SOLUSDT,Momentum,1,range,-0.0472157022825459,0.052318263768411644,-0.07456543184678721
2020-09-22 17:00:00+00:00,SOLUSDT,Momentum,1,range,-0.023005717397223013,0.05278382793356928,-0.07415600326708416
2020-09-22 18:00:00+00:00,SOLUSDT,Momentum,1,range,-0.0326157415304833,0.05540582034048658,-0.07185015864351263
2020-09-22 19:00:00+00:00,SOLUSDT,Momentum,1,range,-0.05803435308466309,0.04804011247755535,-0.07832774333434978
2020-09-22 20:00:00+00:00,SOLUSDT,Momentum,1,range,-0.043675976516102666,0.049818440967862365,-0.08837004106288382
2020-09-22 21:00:00+00:00,SOLUSDT,Momentum,1,range,-0.03368967726705552,0.04323339965602124,-0.0940882878629481
2020-09-22 22:00:00+00:00,SOLUSDT,Momentum,1,range,0.004697267986046194,0.06845577314958717,-0.07218595655027116
2020-09-22 23:00:00+00:00,SOLUSDT,Momentum,1,range,0.003940650378645216,0.060034951855532315,-0.0794983380735359
2020-09-23 00:00:00+00:00,SOLUSDT,Momentum,1,range,-0.0352323838080959,-0.0006844403885013506,-0.12447037350889767
2020-09-23 01:00:00+00:00,SOLUSDT,Momentum,1,range,-0.02977782179525279,0.002475982965237211,-0.11316892806444157
2020-09-23 02:00:00+00:00,SOLUSDT,Momentum,1,range,-0.036818258096996015,0.012317502936734392,-0.09840577278066776
2020-09-23 03:00:00+00:00,SOLUSDT,Momentum,-1,range,-0.02368884195705734,0.00485744456177406,-0.03206617388243571
2020-09-23 04:00:00+00:00,SOLUSDT,Momentum,-1,range,-0.05769574065478955,-0.009389838980327747,-0.046842086472205446
2020-09-23 05:00:00+00:00,SOLUSDT,Momentum,-1,range,-0.022188936881705423,0.015187404207886335,-0.0213529329803539
2020-09-23 06:00:00+00:00,SOLUSDT,Momentum,-1,range,-0.020560747663551426,0.0029271733380357157,-0.03406806559689657
2020-09-23 07:00:00+00:00,SOLUSDT,Momentum,-1,range,-0.0027693856998991517,-0.016832110487699614,-0.05704215220831532
2020-09-23 08:00:00+00:00,SOLUSDT,Momentum,-1,range,0.009190915542938272,-0.006139105748758089,-0.0503903477643719
2020-09-23 09:00:00+00:00,SOLUSDT,Momentum,-1,range,0.02083478746422851,0.010504641585816987,-0.033014587841138976
2020-09-23 12:00:00+00:00,SOLUSDT,Momentum,-1,range,0.0236816323772846,0.04216073781291174,-0.006722745853180667
2020-09-23 13:00:00+00:00,SOLUSDT,Momentum,-1,range,0.011977270407295126,0.035251284494198454,-0.013984824253972628
2020-09-23 14:00:00+00:00,SOLUSDT,Momentum,-1,bear,-0.008223569586730761,0.012021743675517449,-0.03839988849397158
2020-09-23 15:00:00+00:00,SOLUSDT,Momentum,1,range,0.01519788192414806,0.05033868583020995,-0.07633325310318739
2020-09-23 16:00:00+00:00,SOLUSDT,Momentum,1,range,-0.022717299578059014,0.061907172995780746,-0.09323206751054847
2020-09-23 17:00:00+00:00,SOLUSDT,Momentum,1,bull,-0.004634520361219918,0.10264099505878344,-0.08457999659226434
2020-09-23 18:00:00+00:00,SOLUSDT,Momentum,1,bull,0.01579238371691183,0.11814914645103314,-0.07170502453521321
2020-09-23 21:00:00+00:00,SOLUSDT,Momentum,-1,range,-0.06672131731831632,-0.012724097373204568,-0.11947107673664314
2020-09-23 22:00:00+00:00,SOLUSDT,Momentum,-1,range,-0.05605831191239119,-0.0042255008979188435,-0.10598964752279993
2020-09-23 23:00:00+00:00,SOLUSDT,Momentum,-1,range,-0.0629039663758697,-0.023028290891110137,-0.10934906226821584
2020-09-24 00:00:00+00:00,SOLUSDT,Momentum,-1,bear,-0.022041522491349497,-0.01705882352941157,-0.08681660899653965
2020-09-24 01:00:00+00:00,SOLUSDT,Momentum,-1,bear,-0.012880118469538848,-0.013052312566725233,-0.08168887970520355
2020-09-24 03:00:00+00:00,SOLUSDT,Momentum,1,bear,0.023607112616426784,0.10204911092294666,-0.024250635055038106
2020-09-24 04:00:00+00:00,SOLUSDT,Momentum,-1,bear,-0.08365570599613159,-0.016026526664824514,-0.08486460348162472
2020-09-24 06:00:00+00:00,SOLUSDT,Momentum,1,range,0.07314169076373545,0.10692294607926534,-0.017349889436979016
2020-09-24 07:00:00+00:00,SOLUSDT,Momentum,1,bull,0.042206724126587325,0.07039936837949856,-0.049773011382327814
2020-09-24 08:00:00+00:00,SOLUSDT,Momentum,1,bull,0.05225050882519766,0.08564946114577432,-0.03623502719295324
2020-09-24 09:00:00+00:00,SOLUSDT,Momentum,1,bull,0.04520698987603988,0.08717297604330243,-0.03488255538106855
2020-09-24 10:00:00+00:00,SOLUSDT,Momentum,1,bull,0.050015004501350324,0.08492547764329306,-0.0368777299856623
2020-09-24 11:00:00+00:00,SOLUSDT,Momentum,1,bull,0.04313152123346864,0.08121220176779431,-0.04017412108725982
2020-09-24 12:00:00+00:00,SOLUSDT,Momentum,1,bull,0.06534177472322855,0.1016013813183465,-0.022074008870230588
2020-09-24 13:00:00+00:00,SOLUSDT,Momentum,1,bull,0.04239910237666167,0.10632076433987292,-0.01465438101390637
2020-09-24 14:00:00+00:00,SOLUSDT,Momentum,1,bull,0.014884660717292553,0.09574002357299216,-0.024078127630914214
2020-09-24 15:00:00+00:00,SOLUSDT,Momentum,1,bull,-0.0044007676527033635,0.07663291641850312,-0.04109589041095896
2020-09-24 16:00:00+00:00,SOLUSDT,Momentum,1,bull,-0.032064767004526096,0.03710078408873585,-0.07630522088353409
2020-09-24 17:00:00+00:00,SOLUSDT,Momentum,1,bull,-0.049851519555190515,0.027926960257787403,-0.08447589562140645
2020-09-24 18:00:00+00:00,SOLUSDT,Momentum,1,bull,-0.050150578538595614,0.031478839752734133,-0.08131241084165475
2020-09-24 19:00:00+00:00,SOLUSDT,Momentum,1,bull,-0.054070262933619495,0.027050913796913045,-0.08525614721757513
2020-09-24 20:00:00+00:00,SOLUSDT,Momentum,1,bull,-0.06725433617655452,0.03681390113200367,-0.08107936709262142
2020-09-24 21:00:00+00:00,SOLUSDT,Momentum,1,bull,-0.06770666837158756,0.045265647976472145,-0.07358864522728725
2020-09-24 22:00:00+00:00,SOLUSDT,Momentum,1,bull,-0.04702930996157628,0.038328411292115394,-0.07973706773363809
2020-09-24 23:00:00+00:00,SOLUSDT,Momentum,1,bull,-0.03672910295616727,0.04160295616717624,-0.07683486238532111
2020-09-25 00:00:00+00:00,SOLUSDT,Momentum,1,bull,-0.02275399625003971,0.0391203483013951,-0.0790351797120793
2020-09-25 01:00:00+00:00,SOLUSDT,Momentum,1,bull,-0.008480657577141337,0.06654054406680165,-0.05473285928631999
2020-09-25 02:00:00+00:00,SOLUSDT,Momentum,1,bull,0.02402362544380665,0.084978597737001,-0.038391346185751685
2020-09-25 04:00:00+00:00,SOLUSDT,Momentum,-1,bull,-0.034048998946259346,0.024005532139093733,-0.052687038988408874
2020-09-25 05:00:00+00:00,SOLUSDT,Momentum,-1,bull,-0.04797845458172634,0.014529857693842185,-0.06290730150285939
2020-09-25 06:00:00+00:00,SOLUSDT,Momentum,-1,bull,-0.056669892867870386,0.010813336448286193,-0.06691586289757367
2020-09-25 07:00:00+00:00,SOLUSDT,Momentum,-1,bull,-0.07207688200747464,0.010978376935397716,-0.06673785371062468
2020-09-25 08:00:00+00:00,SOLUSDT,Momentum,-1,bull,-0.08859124286102782,-0.007580908349197779,-0.08675550720696212
2020-09-25 09:00:00+00:00,SOLUSDT,Momentum,-1,bull,-0.10927856261143876,-0.044746948292415434,-0.09614593334247701
2020-09-25 10:00:00+00:00,SOLUSDT,Momentum,-1,bull,-0.060479840053315526,-0.015294901699433483,-0.06524491836054658
2020-09-25 11:00:00+00:00,SOLUSDT,Momentum,-1,bull,-0.05231654485928772,-0.01891596944343399,-0.0571778167267436
2020-09-25 12:00:00+00:00,SOLUSDT,Momentum,-1,bull,-0.00943058762316662,-0.007772104972196159,-0.039575948749634104
2020-09-25 14:00:00+00:00,SOLUSDT,Momentum,1,bull,0.004309646479375262,0.059524966786559164,-0.022390719678558768
2020-09-25 15:00:00+00:00,SOLUSDT,Momentum,1,bull,-0.004502059452728413,0.04403078003767691,-0.03668699511478657
2020-09-25 16:00:00+00:00,SOLUSDT,Momentum,1,bull,0.005254442392204295,0.04127125660785924,-0.03923316986179226
2020-09-25 17:00:00+00:00,SOLUSDT,Momentum,1,bull,0.003585139122433967,0.03740600907389191,-0.0427995812049875
2020-09-25 18:00:00+00:00,SOLUSDT,Momentum,1,bull,0.0028110293420926524,0.03275322952528348,-0.04709263762989169
2020-09-25 19:00:00+00:00,SOLUSDT,Momentum,1,bull,-0.026767928286852705,0.017741533864541914,-0.060943725099601664
2020-09-25 20:00:00+00:00,SOLUSDT,Momentum,1,bull,-0.02360876897133224,0.014614952220348476,-0.05783523827368686
2020-09-25 21:00:00+00:00,SOLUSDT,Momentum,1,bull,-0.027479830608018396,0.004296621433649728,-0.06741677227906406
2020-09-25 22:00:00+00:00,SOLUSDT,Momentum,1,bull,-0.02146111547525542,0.020895522388059806,-0.05200314218381785
2020-09-25 23:00:00+00:00,SOLUSDT,Momentum,1,bull,-0.012413186260645581,0.021023852173093216,-0.05188397599069805
2020-09-26 01:00:00+00:00,SOLUSDT,Momentum,1,bull,-0.019061773067976295,0.04968984233652107,-0.02526492633755506
2020-09-26 07:00:00+00:00,SOLUSDT,Momentum,-1,bull,0.019956505053089324,0.016278623512856583,-0.0011833184085967563
2020-09-26 08:00:00+00:00,SOLUSDT,Momentum,-1,bull,0.02101324122049497,0.02014968336211853,-0.001247361350988463
2020-09-26 09:00:00+00:00,SOLUSDT,Momentum,-1,bull,0.02209014048693647,0.031975081050155785,0.004990146843811494
2020-09-26 10:00:00+00:00,SOLUSDT,Momentum,-1,bull,0.0012844390212575219,0.02202812921456554,-0.0052340890116242544
2020-09-26 11:00:00+00:00,SOLUSDT,Momentum,-1,bull,0.005218608795265034,0.030866161776872625,0.0038503150257748198
2020-09-26 13:00:00+00:00,SOLUSDT,Momentum,-1,bull,-0.03313352216586529,-0.003095975232198178,-0.031058560042158012
2020-09-26 17:00:00+00:00,SOLUSDT,Momentum,-1,bull,-0.006893898098566664,0.02343925353512688,-0.0037836277936320606
2020-09-26 18:00:00+00:00,SOLUSDT,Momentum,-1,bull,0.0029323602241626556,0.0076893001433598895,-0.019972631304574495
2020-09-26 19:00:00+00:00,SOLUSDT,Momentum,-1,bull,0.00035896097115262204,0.00613496932515345,-0.021570291084714865
2020-09-26 20:00:00+00:00,SOLUSDT,Momentum,-1,bull,0.004900519455062313,0.004998529844163602,-0.022738410271488707
2020-09-26 21:00:00+00:00,SOLUSDT,Momentum,-1,bull,0.02288165892027183,0.01010823284688156,-0.017486267754412088
2020-09-27 00:00:00+00:00,SOLUSDT,Momentum,1,bull,-0.02461743180306053,0.017172005195957407,-0.056807020878877124
2020-09-27 01:00:00+00:00,SOLUSDT,Momentum,1,bull,-0.014473348635552163,0.023495281815863356,-0.050943636827340044
2020-09-27 09:00:00+00:00,SOLUSDT,Momentum,-1,bull,-0.032132521704420824,-0.015201410371553203,-0.048331836476732226
2020-09-27 10:00:00+00:00,SOLUSDT,Momentum,-1,bull,-0.037186556387028835,-0.0017067086779571916,-0.0343967441249835
2020-09-27 11:00:00+00:00,SOLUSDT,Momentum,-1,range,-0.03846153846153855,-0.005550811272416745,-0.03514418971293454
2020-09-27 12:00:00+00:00,SOLUSDT,Momentum,-1,range,-0.025823426232703284,0.005554472812317135,-0.02371207691807986
2020-09-27 13:00:00+00:00,SOLUSDT,Momentum,-1,range,-0.029501196868732427,0.009671993271656909,-0.019473377757650345
2020-09-27 14:00:00+00:00,SOLUSDT,Momentum,-1,range,-0.02164333851736666,0.008067651632970407,-0.02112493519958547
2020-09-27 18:00:00+00:00,SOLUSDT,Momentum,1,range,-0.025204970535485538,0.028567768383294778,-0.03599795029464514
2020-09-27 19:00:00+00:00,SOLUSDT,Momentum,1,range,-0.020179730723719924,0.027087530781285007,-0.044580894815951955
2020-09-27 20:00:00+00:00,SOLUSDT,Momentum,1,bull,-0.01728608470181503,0.028073882006466322,-0.043663369506066196
2020-09-27 21:00:00+00:00,SOLUSDT,Momentum,1,bull,-0.016758516226755615,0.03503174449708335,-0.04550581713880564
2020-09-27 22:00:00+00:00,SOLUSDT,Momentum,1,bull,-0.03338501946140937,0.016296952628081396,-0.06648523780893001
2020-09-27 23:00:00+00:00,SOLUSDT,Momentum,1,bull,-0.03880823607552897,0.015782648575133562,-0.08565012493278945
2020-09-28 00:00:00+00:00,SOLUSDT,Momentum,1,bull,-0.032772869763465384,0.01694056552990708,-0.08460783382413484
2020-09-28 01:00:00+00:00,SOLUSDT,Momentum,1,bull,-0.04449192484132469,0.009112046754226055,-0.09165462200716401
2020-09-28 02:00:00+00:00,SOLUSDT,Momentum,1,bull,-0.031840669795763055,0.00031713814537615015,-0.0831853355321579
2020-09-28 06:00:00+00:00,SOLUSDT,Momentum,-1,bull,0.0012156257186975994,0.03374182738114795,-0.006406676085028096
2020-09-28 07:00:00+00:00,SOLUSDT,Momentum,-1,bull,0.018865461191983957,0.040080945231412035,0.00019583523728705643
2020-09-28 08:00:00+00:00,SOLUSDT,Momentum,-1,bull,0.02058698980422824,0.041988338382357826,0.0021824815140557563
2020-09-28 09:00:00+00:00,SOLUSDT,Momentum,-1,bull,0.021764069618800952,0.0360221573961782,-0.004031597233603357
2020-09-28 10:00:00+00:00,SOLUSDT,Momentum,-1,bull,0.030773260001309644,0.037189812086689034,-0.002815425915013492
2020-09-28 11:00:00+00:00,SOLUSDT,Momentum,-1,range,0.027179993418887882,0.0322474498190195,-0.007963145771635372
2020-09-28 12:00:00+00:00,SOLUSDT,Momentum,-1,range,0.018431218490146062,0.037189812086689034,-0.002815425915013492
2020-09-28 13:00:00+00:00,SOLUSDT,Momentum,-1,range,0.039263400197303455,0.03288391976323579,-0.007300230187438306
2020-09-28 14:00:00+00:00,SOLUSDT,Momentum,-1,range,0.043894129979035634,0.03662211740041932,-0.0034067085953879417
2020-09-28 16:00:00+00:00,SOLUSDT,Momentum,-1,range,0.04230443561518926,0.042206734840096516,0.014980785514231876
2020-09-28 17:00:00+00:00,SOLUSDT,Momentum,-1,range,0.04020760791012412,0.033900532159516494,0.010019052624663294
2020-09-28 19:00:00+00:00,SOLUSDT,Momentum,-1,range,0.0060545575515634775,0.021623419827012658,0.0012974051896207373
2020-09-28 20:00:00+00:00,SOLUSDT,Momentum,-1,range,0.0168955998270528,0.026740280041241182,0.0061861841886452495
2020-09-28 21:00:00+00:00,SOLUSDT,Momentum,-1,range,0.002579996649355043,0.020036857094990812,-0.0012062321996983982
2020-09-28 22:00:00+00:00,SOLUSDT,Momentum,-1,range,-0.011754374113355448,0.012125920421536152,-0.009288657704519476
2020-09-28 23:00:00+00:00,SOLUSDT,Momentum,-1,range,-0.011635773237721692,0.010722500338249175,-0.010722500338249397
2020-09-29 00:00:00+00:00,SOLUSDT,Momentum,-1,range,0.004869426008071276,0.02454724343794812,0.003401927759063339
2020-09-29 01:00:00+00:00,SOLUSDT,Momentum,-1,range,-0.022042716319824684,-0.0010610624315443573,-0.02276150054764514
2020-09-29 02:00:00+00:00,SOLUSDT,Momentum,-1,range,-0.029943812525695446,-0.0020213786487597307,-0.02374263395916132
2020-09-29 03:00:00+00:00,SOLUSDT,Momentum,-1,range,-0.016512886861189457,0.004221851486159833,-0.01736406659630263
2020-09-29 04:00:00+00:00,SOLUSDT,Momentum,-1,range,0.006257013636209119,0.005440881422790533,-0.016118611215016898
2020-09-29 05:00:00+00:00,SOLUSDT,Momentum,-1,range,-0.00848791840646168,-0.0009925388459168794,-0.022691491546307008
2020-09-29 06:00:00+00:00,SOLUSDT,Momentum,-1,range,0.011749347258485643,0.020988150230970115,-0.00023431746669344555
2020-09-29 08:00:00+00:00,SOLUSDT,Momentum,-1,range,0.01109645116546576,0.01055516086471131,-0.010893467302682813
2020-09-29 10:00:00+00:00,SOLUSDT,Momentum,1,range,-0.019863791146424448,0.008446284302597418,-0.04052881084329307
2020-09-29 11:00:00+00:00,SOLUSDT,Momentum,1,range,-0.013073425170522901,0.00999732513039997,-0.047512371271900555
2020-09-29 13:00:00+00:00,SOLUSDT,Momentum,1,range,-0.019993302076356412,0.011620897521768203,-0.052746148693904926
2020-09-29 14:00:00+00:00,SOLUSDT,Momentum,1,range,-0.013505422127603084,0.004823365045572459,-0.05911117024815382
2020-09-29 15:00:00+00:00,SOLUSDT,Momentum,1,range,-0.011521972132904512,0.001138799571275495,-0.052619239013933505
2020-09-29 18:00:00+00:00,SOLUSDT,Momentum,-1,range,0.004843681197710281,0.027165260982962458,0.003353317752260998
2020-09-29 19:00:00+00:00,SOLUSDT,Momentum,-1,bear,-0.010368783050495933,0.013272042304634746,-0.016970241592645152
2020-09-29 20:00:00+00:00,SOLUSDT,Momentum,-1,bear,0.0044131230542915345,0.023331394752146517,-0.006602579453320212
2020-09-29 21:00:00+00:00,SOLUSDT,Momentum,-1,bear,0.002433840669134768,0.021356094885506494,-0.008638420403126457
2020-09-29 22:00:00+00:00,SOLUSDT,Momentum,-1,bear,0.007289076603426703,0.027589495555025656,-0.0022139718655267426
2020-09-29 23:00:00+00:00,SOLUSDT,Momentum,-1,bear,0.03428532709963761,0.032794660704001055,0.003150726699867934
2020-09-21 12:00:00+00:00,SOLUSDT,VolatilityExpansion,-1,bear,-0.06310661420273567,-0.012628817687839744,-0.08056960839422911
2020-09-21 13:00:00+00:00,SOLUSDT,VolatilityExpansion,-1,bear,-0.05237194466080641,-0.0022625273543266378,-0.06950780757390307
2020-09-21 14:00:00+00:00,SOLUSDT,VolatilityExpansion,-1,bear,-0.12158771196106777,-0.027374344156337882,-0.09630446353889455
2020-09-21 15:00:00+00:00,SOLUSDT,VolatilityExpansion,-1,bear,-0.07977632805219015,-0.01170549860205039,-0.07493010251630938
2020-09-21 16:00:00+00:00,SOLUSDT,VolatilityExpansion,-1,bear,-0.07851978832824025,-0.015428188119549935,-0.07896698218677822
2020-09-21 17:00:00+00:00,SOLUSDT,VolatilityExpansion,-1,bear,-0.06992181737719427,-0.02452426611594638,-0.06774598023307288
2020-09-21 18:00:00+00:00,SOLUSDT,VolatilityExpansion,1,bear,0.009337034500162211,0.08511482028912365,-0.05930278669021949
2020-09-21 19:00:00+00:00,SOLUSDT,VolatilityExpansion,1,bear,-0.058414513624170605,0.06240293660878149,-0.0789919525624736
2020-09-14 09:00:00+00:00,SOLUSDT,TrendFollowing,-1,range,0.0018317814074187977,0.025767058464356563,-0.030987635475499875
2020-09-14 10:00:00+00:00,SOLUSDT,TrendFollowing,1,range,-0.02836100139577713,0.03643868975143283,-0.07195676060939038
2020-09-14 18:00:00+00:00,SOLUSDT,TrendFollowing,-1,range,0.014836704850109683,0.0536497684621009,0.00752498172069227
2020-09-18 22:00:00+00:00,SOLUSDT,TrendFollowing,1,bull,-0.04010481577349567,0.03885853066180922,-0.055699357683827055
2020-09-20 22:00:00+00:00,SOLUSDT,TrendFollowing,-1,bear,0.06485288334346284,0.055629044367380365,-0.039326445246862685
2020-09-21 05:00:00+00:00,SOLUSDT,TrendFollowing,1,range,-0.07551737069994213,0.016433125362244727,-0.1621151682520201
2020-09-21 06:00:00+00:00,SOLUSDT,TrendFollowing,-1,bear,0.03196649799336948,0.07817134880474608,-0.0062816262432385805
2020-09-23 17:00:00+00:00,SOLUSDT,TrendFollowing,1,bull,-0.004634520361219918,0.10264099505878344,-0.08457999659226434
2020-09-23 19:00:00+00:00,SOLUSDT,TrendFollowing,-1,range,-0.09027653240558098,-0.01692909149600097,-0.12338151429288757
2020-09-24 06:00:00+00:00,SOLUSDT,TrendFollowing,1,range,0.07314169076373545,0.10692294607926534,-0.017349889436979016
2020-09-29 19:00:00+00:00,SOLUSDT,TrendFollowing,-1,bear,-0.010368783050495933,0.013272042304634746,-0.016970241592645152
2020-09-15 14:00:00+00:00,SOLUSDT,RangeTrading,1,bear,-0.0966662291639323,0.02454390339939616,-0.20212626328914562
2020-09-15 15:00:00+00:00,SOLUSDT,RangeTrading,1,bear,-0.12484556863255081,0.014110150204824867,-0.20944144612783666
2020-09-16 00:00:00+00:00,SOLUSDT,RangeTrading,1,bear,0.0052765292163377,0.08469806527262058,-0.049599374633574334
2020-09-17 16:00:00+00:00,SOLUSDT,RangeTrading,-1,bear,-0.06523534269199005,-0.02935215073943387,-0.15025148262142474
2020-09-17 17:00:00+00:00,SOLUSDT,RangeTrading,-1,bear,-0.05921439060205569,-0.006754772393538833,-0.12499999999999978
2020-09-17 18:00:00+00:00,SOLUSDT,RangeTrading,-1,bear,-0.08173690932311639,-0.014887794198138904,-0.11822660098522153
2020-09-17 19:00:00+00:00,SOLUSDT,RangeTrading,-1,bear,-0.06541988591234027,-0.013574987363708546,-0.10639757383204551
2020-09-17 20:00:00+00:00,SOLUSDT,RangeTrading,-1,bear,-0.05469335331264036,-0.011523778943237195,-0.09333190623996557
2020-09-17 21:00:00+00:00,SOLUSDT,RangeTrading,-1,bear,-0.022162180649133,0.030336194808304073,-0.050788330654263136
2020-09-20 01:00:00+00:00,SOLUSDT,RangeTrading,1,bull,-0.009605381787918699,0.03335876274360228,-0.06803523129204514
2020-09-20 02:00:00+00:00,SOLUSDT,RangeTrading,1,bull,-0.030999169665098192,0.030999169665098192,-0.07016329919734288
2020-09-20 14:00:00+00:00,SOLUSDT,RangeTrading,1,range,0.044237360754070254,0.08183376178234769,-0.12253641816623839
2020-09-20 20:00:00+00:00,SOLUSDT,RangeTrading,1,range,-0.022131177524966072,0.10838789918425573,-0.10099864652302737
2020-09-21 09:00:00+00:00,SOLUSDT,RangeTrading,1,bear,0.12451999999999996,0.19252000000000002,-0.016960000000000086
2020-09-22 02:00:00+00:00,SOLUSDT,RangeTrading,-1,bear,0.03830508474576266,0.05528813559322032,-0.017118644067796618
2020-09-23 00:00:00+00:00,SOLUSDT,RangeTrading,-1,range,0.0352323838080959,0.07854768268039891,0.022065054429307063
2020-09-24 07:00:00+00:00,SOLUSDT,RangeTrading,-1,bull,-0.042206724126587325,0.023060727679452664,-0.03325876702414621
2020-09-24 16:00:00+00:00,SOLUSDT,RangeTrading,-1,bull,0.032064767004526096,0.0553005673487601,-0.001115573404729897
2020-09-24 17:00:00+00:00,SOLUSDT,RangeTrading,-1,bull,0.049851519555190515,0.06365704176407394,0.007739938080495445
2020-09-26 13:00:00+00:00,SOLUSDT,RangeTrading,1,bull,0.03313352216586529,0.04867927014030693,-0.019498056781503292
2020-09-27 09:00:00+00:00,SOLUSDT,RangeTrading,1,bull,0.032132521704420824,0.06828992449190019,-0.0008648504806573198
2020-09-28 06:00:00+00:00,SOLUSDT,RangeTrading,1,bull,-0.0012156257186975994,0.014521799126063772,-0.05020205670729705
2020-09-28 22:00:00+00:00,SOLUSDT,RangeTrading,1,range,0.011754374113355448,0.020299939201513295,-0.029250827534959112
2020-09-28 23:00:00+00:00,SOLUSDT,RangeTrading,1,range,0.011635773237721692,0.021749424976322596,-0.027871735895007355
2020-09-29 01:00:00+00:00,SOLUSDT,RangeTrading,1,range,0.022042716319824684,0.033919769989047,-0.016292442497261805
2020-09-29 02:00:00+00:00,SOLUSDT,RangeTrading,1,range,0.029943812525695446,0.034911607509935605,-0.015348773468548682
2020-09-29 19:00:00+00:00,SOLUSDT,RangeTrading,1,bear,0.010368783050495933,0.03307641793108207,-0.02239657138907125
2020-09-14 15:00:00+00:00,SOLUSDT,Trend_Pullback,1,range,-0.03683976919662679,0.012812546234650002,-0.12413078857819204
2020-09-17 01:00:00+00:00,SOLUSDT,Trend_Pullback,-1,bear,0.02118095238095241,0.045599999999999974,-0.07146666666666679
2020-09-17 13:00:00+00:00,SOLUSDT,Trend_Pullback,-1,bear,-0.07456993850704463,-0.019693313614073338,-0.19269090059936178
2020-09-17 14:00:00+00:00,SOLUSDT,Trend_Pullback,-1,bear,-0.09877741121676697,-0.020764603143799798,-0.1894042305453134
2020-09-17 15:00:00+00:00,SOLUSDT,Trend_Pullback,-1,bear,-0.10420019927952784,-0.027285966122480243,-0.17440790986433652
2020-09-19 09:00:00+00:00,SOLUSDT,Trend_Pullback,1,bull,-0.002261553588987386,0.03362831858407067,-0.06676499508357914
2020-09-19 10:00:00+00:00,SOLUSDT,Trend_Pullback,1,bull,-0.0011984819228977317,0.049870164458352795,-0.05210067248152339
2020-09-19 11:00:00+00:00,SOLUSDT,Trend_Pullback,1,bull,-0.007723149730511469,0.03641382936768767,-0.06425003286446695
2020-09-19 12:00:00+00:00,SOLUSDT,Trend_Pullback,1,bull,-0.00016653343991479552,0.050359712230215736,-0.05165867306155081
2020-09-19 13:00:00+00:00,SOLUSDT,Trend_Pullback,1,bull,-0.05340554734941738,0.03515509601181677,-0.0964713605777121
2020-09-19 14:00:00+00:00,SOLUSDT,Trend_Pullback,1,bull,-0.036725988135706156,0.047823768579617454,-0.08265013663933873
2020-09-19 15:00:00+00:00,SOLUSDT,Trend_Pullback,1,bull,-0.03339973439575039,0.04385790172642756,-0.08612217795484722
2020-09-19 16:00:00+00:00,SOLUSDT,Trend_Pullback,1,bull,-0.0356530908132332,0.03601555291946745,-0.11440622116778698
2020-09-19 19:00:00+00:00,SOLUSDT,Trend_Pullback,1,bull,-0.022486816357666473,0.01920334317269745,-0.1086199462704387
2020-09-19 21:00:00+00:00,SOLUSDT,Trend_Pullback,1,bull,-0.022009789428730886,0.00068985907164687,-0.11711179002003869
2020-09-19 22:00:00+00:00,SOLUSDT,Trend_Pullback,1,bull,-0.010499300046663551,0.007532831144590357,-0.10419305379641353
2020-09-19 23:00:00+00:00,SOLUSDT,Trend_Pullback,1,bull,-0.01911038982545621,-0.0006624051932566655,-0.10985990130162615
2020-09-20 00:00:00+00:00,SOLUSDT,Trend_Pullback,1,bull,-0.04273959825443885,0.0005329957693460674,-0.10470035644092068
2020-09-20 23:00:00+00:00,SOLUSDT,Trend_Pullback,-1,bear,0.08706128863279217,0.07752750130958619,-0.015226121878819443
2020-09-21 18:00:00+00:00,SOLUSDT,Trend_Pullback,-1,bear,-0.009337034500162211,-0.004686542413208983,-0.05461624427701062
2020-09-21 20:00:00+00:00,SOLUSDT,Trend_Pullback,-1,bear,0.014521123251592716,0.008114745346478158,-0.041178773534541024
2020-09-21 21:00:00+00:00,SOLUSDT,Trend_Pullback,-1,bear,0.012307473410877567,0.008679258705936777,-0.04058620566997462
2020-09-21 22:00:00+00:00,SOLUSDT,Trend_Pullback,-1,bear,0.0010022550739161584,0.002434048036653813,-0.04714178329813512
2020-09-22 11:00:00+00:00,SOLUSDT,Trend_Pullback,-1,range,-0.03868878132118447,-0.006264236902050024,-0.06794561503416863
2020-09-23 18:00:00+00:00,SOLUSDT,Trend_Pullback,1,bull,0.01579238371691183,0.11814914645103314,-0.07170502453521321
2020-09-25 01:00:00+00:00,SOLUSDT,Trend_Pullback,1,bull,-0.008480657577141337,0.06654054406680165,-0.05473285928631999
2020-09-25 02:00:00+00:00,SOLUSDT,Trend_Pullback,1,bull,0.02402362544380665,0.084978597737001,-0.038391346185751685
2020-09-25 03:00:00+00:00,SOLUSDT,Trend_Pullback,1,bull,0.04087872644488022,0.08670942869487175,-0.03685732327428626
2020-09-25 04:00:00+00:00,SOLUSDT,Trend_Pullback,1,bull,0.034048998946259346,0.07672550052687033,-0.04570600632244459
2020-09-25 05:00:00+00:00,SOLUSDT,Trend_Pullback,1,bull,0.04797845458172634,0.08717914616305356,-0.03644101609256545
2020-09-25 06:00:00+00:00,SOLUSDT,Trend_Pullback,1,bull,0.056669892867870386,0.09127924440142832,-0.032807128792177065
2020-09-25 07:00:00+00:00,SOLUSDT,Trend_Pullback,1,bull,0.07207688200747464,0.09109717031500275,-0.032968499733048495
2020-09-25 10:00:00+00:00,SOLUSDT,Trend_Pullback,1,bull,0.060479840053315526,0.08957014328557156,-0.013395534821726063
2020-09-26 00:00:00+00:00,SOLUSDT,Trend_Pullback,1,bull,-0.008408234270803172,0.04668019715859684,-0.028059663026320014
2020-09-26 01:00:00+00:00,SOLUSDT,Trend_Pullback,1,bull,-0.019061773067976295,0.04968984233652107,-0.02526492633755506
2020-09-26 02:00:00+00:00,SOLUSDT,Trend_Pullback,1,bull,0.001677744079499277,0.04826740659482476,-0.0265857907982191
2020-09-26 07:00:00+00:00,SOLUSDT,Trend_Pullback,1,bull,-0.019956505053089324,0.018293462965332186,-0.03511577331457083
2020-09-26 08:00:00+00:00,SOLUSDT,Trend_Pullback,1,bull,-0.02101324122049497,0.01835860039659698,-0.04784750207893562
2020-09-26 10:00:00+00:00,SOLUSDT,Trend_Pullback,1,bull,-0.0012844390212575219,0.022413460920942985,-0.04405625842913108
2020-09-26 14:00:00+00:00,SOLUSDT,Trend_Pullback,1,bull,0.008116987695677258,0.025574953295110614,-0.04110030277652521
2020-09-26 17:00:00+00:00,SOLUSDT,Trend_Pullback,1,bull,0.006893898098566664,0.020938211434251564,-0.04543559816590248
2020-09-27 21:00:00+00:00,SOLUSDT,Trend_Pullback,1,bull,-0.016758516226755615,0.03503174449708335,-0.04550581713880564
2020-09-28 03:00:00+00:00,SOLUSDT,Trend_Pullback,1,bull,-0.00955229641065225,0.006529010677988056,-0.07021098674900306
2020-09-28 04:00:00+00:00,SOLUSDT,Trend_Pullback,1,bull,-0.013778705636743216,0.005138911193190987,-0.07149510197526909
2020-09-21 09:00:00+00:00,SOLUSDT,Breakout_VolExp,-1,bear,-0.12451999999999996,-0.056599999999999984,-0.15339999999999998
2020-09-17 22:00:00+00:00,SOLUSDT,RSI_Range,-1,range,-0.08016381766381775,-0.009686609686609726,-0.09554843304843308
2020-09-17 23:00:00+00:00,SOLUSDT,RSI_Range,-1,range,-0.06283139837116636,0.01743198752382602,-0.06612372205856865
2020-09-18 00:00:00+00:00,SOLUSDT,RSI_Range,-1,range,-0.09169470515317846,-0.004143793164512077,-0.08953426598193714
2020-09-18 12:00:00+00:00,SOLUSDT,RSI_Range,-1,range,-0.003082014015053147,0.04986374253828174,-0.017064624967557673
2020-09-20 13:00:00+00:00,SOLUSDT,RSI_Range,1,range,0.023143447358285885,0.0608872238367002,-0.13952592696334176
2020-09-20 14:00:00+00:00,SOLUSDT,RSI_Range,1,range,0.044237360754070254,0.08183376178234769,-0.12253641816623839
2020-09-20 20:00:00+00:00,SOLUSDT,RSI_Range,1,range,-0.022131177524966072,0.10838789918425573,-0.10099864652302737
2020-09-20 21:00:00+00:00,SOLUSDT,RSI_Range,1,range,-0.09443257144927009,0.0975477234034845,-0.10979099503749057
2020-09-22 04:00:00+00:00,SOLUSDT,RSI_Range,-1,range,-0.01575619363532721,0.03704087626550556,-0.036764451815763266
2020-09-22 05:00:00+00:00,SOLUSDT,RSI_Range,-1,range,-0.012822280435681899,0.039397490693505954,-0.03422721632427983
2020-09-22 21:00:00+00:00,SOLUSDT,RSI_Range,-1,range,0.03368967726705552,0.04657201632212593,-0.011870637035038545
2020-09-23 00:00:00+00:00,SOLUSDT,RSI_Range,-1,range,0.0352323838080959,0.07854768268039891,0.022065054429307063
2020-09-28 12:00:00+00:00,SOLUSDT,RSI_Range,1,range,-0.018431218490146062,0.010803378511097916,-0.05359130491717423
2020-09-28 13:00:00+00:00,SOLUSDT,RSI_Range,1,range,-0.039263400197303455,0.015323906609667981,-0.04935876356461699
2020-09-28 22:00:00+00:00,SOLUSDT,RSI_Range,1,range,0.011754374113355448,0.020299939201513295,-0.029250827534959112
2020-09-28 23:00:00+00:00,SOLUSDT,RSI_Range,1,range,0.011635773237721692,0.021749424976322596,-0.027871735895007355
2020-09-29 02:00:00+00:00,SOLUSDT,RSI_Range,1,range,0.029943812525695446,0.034911607509935605,-0.015348773468548682
2020-09-29 05:00:00+00:00,SOLUSDT,RSI_Range,1,range,0.00848791840646168,0.033848997193510755,-0.016359778218906218
