trade_id,mode,symbol,interval,fold,signal,regime,profile,side,entry_time,entry_price,net_original,net,delta_net
T00000,B1_ALL,BTCUSDT,5m,1,pullback rsi=35,trend,maker_both,SHORT,2025-03-31 05:10:00+00:00,82071.2,-0.0026269015584921,0.0042602408851025,0.0068871424435946
T00001,B1_ALL,BTCUSDT,5m,1,pullback rsi=35,trend,maker_both,LONG,2025-03-31 17:45:00+00:00,82761.3,0.0064955374685459,0.0065716852068596,7.614773831369961e-05
T00001,GAP50,BTCUSDT,5m,1,pullback rsi=35,trend,maker_both,LONG,2025-03-31 17:45:00+00:00,82761.3,0.0064955374685459,0.0065716852068596,7.614773831369961e-05
T00002,B1_ALL,BTCUSDT,5m,1,pullback rsi=35,trend,maker_both,LONG,2025-04-08 05:25:00+00:00,79587.5,-0.004743003096194,-0.0046483134889493,9.468960724470007e-05
T00001,GAP10,BTCUSDT,5m,1,pullback rsi=35,trend,maker_both,LONG,2025-03-31 17:45:00+00:00,82761.3,0.0064955374685459,-0.0046483134889493,-0.0111438509574952
T00001,GAP25,BTCUSDT,5m,1,pullback rsi=35,trend,maker_both,LONG,2025-03-31 17:45:00+00:00,82761.3,0.0064955374685459,-0.0046483134889493,-0.0111438509574952
T00002,GAP50,BTCUSDT,5m,1,pullback rsi=35,trend,maker_both,LONG,2025-04-08 05:25:00+00:00,79587.5,-0.004743003096194,-0.0046483134889493,9.468960724470007e-05
T00003,B1_ALL,BTCUSDT,5m,1,pullback rsi=35,trend,maker_both,LONG,2025-04-10 00:10:00+00:00,82497.5,-0.004388628183074,-0.0042909223289657,9.770585410829973e-05
T00003,GAP50,BTCUSDT,5m,1,pullback rsi=35,trend,maker_both,LONG,2025-04-10 00:10:00+00:00,82497.5,-0.004388628183074,-0.0042909223289657,9.770585410829973e-05
T00004,B1_ALL,BTCUSDT,5m,1,pullback rsi=35,trend,maker_both,LONG,2025-04-10 00:45:00+00:00,82115.9,-0.0043821654904625,-0.0044026622971096,-2.0496806647099866e-05
T00002,GAP25,BTCUSDT,5m,1,pullback rsi=35,trend,maker_both,LONG,2025-04-08 05:25:00+00:00,79587.5,-0.004743003096194,-0.0044026622971096,0.00034034079908439995
T00004,GAP50,BTCUSDT,5m,1,pullback rsi=35,trend,maker_both,LONG,2025-04-10 00:45:00+00:00,82115.9,-0.0043821654904625,-0.0044026622971096,-2.0496806647099866e-05
T00005,B1_ALL,BTCUSDT,5m,1,pullback rsi=35,trend,maker_both,LONG,2025-04-11 14:30:00+00:00,81435.9,0.011607317424786,0.0119855577885582,0.00037824036377220004
T00001,GAP0,BTCUSDT,5m,1,pullback rsi=35,trend,maker_both,LONG,2025-03-31 17:45:00+00:00,82761.3,0.0064955374685459,0.0119855577885582,0.0054900203200123005
T00002,GAP10,BTCUSDT,5m,1,pullback rsi=35,trend,maker_both,LONG,2025-04-08 05:25:00+00:00,79587.5,-0.004743003096194,0.0119855577885582,0.0167285608847522
T00003,GAP25,BTCUSDT,5m,1,pullback rsi=35,trend,maker_both,LONG,2025-04-10 00:10:00+00:00,82497.5,-0.004388628183074,0.0119855577885582,0.0163741859716322
T00005,GAP50,BTCUSDT,5m,1,pullback rsi=35,trend,maker_both,LONG,2025-04-11 14:30:00+00:00,81435.9,0.011607317424786,0.0119855577885582,0.00037824036377220004
T00006,B1_ALL,BTCUSDT,5m,1,pullback rsi=35,trend,maker_both,LONG,2025-04-11 22:35:00+00:00,83364.2,-0.0036036580783747,-0.0034709343493655,0.00013272372900920018
T00004,GAP25,BTCUSDT,5m,1,pullback rsi=35,trend,maker_both,LONG,2025-04-10 00:45:00+00:00,82115.9,-0.0043821654904625,-0.0034709343493655,0.0009112311410970002
T00006,GAP50,BTCUSDT,5m,1,pullback rsi=35,trend,maker_both,LONG,2025-04-11 22:35:00+00:00,83364.2,-0.0036036580783747,-0.0034709343493655,0.00013272372900920018
T00007,B1_ALL,BTCUSDT,5m,1,pullback rsi=35,trend,maker_both,LONG,2025-04-15 10:45:00+00:00,85474.7,0.0029906332315065,-0.0033370989126199,-0.0063277321441264
T00002,GAP0,BTCUSDT,5m,1,pullback rsi=35,trend,maker_both,LONG,2025-04-08 05:25:00+00:00,79587.5,-0.004743003096194,-0.0033370989126199,0.0014059041835740999
T00003,GAP10,BTCUSDT,5m,1,pullback rsi=35,trend,maker_both,LONG,2025-04-10 00:10:00+00:00,82497.5,-0.004388628183074,-0.0033370989126199,0.0010515292704541
T00005,GAP25,BTCUSDT,5m,1,pullback rsi=35,trend,maker_both,LONG,2025-04-11 14:30:00+00:00,81435.9,0.011607317424786,-0.0033370989126199,-0.0149444163374059
T00007,GAP50,BTCUSDT,5m,1,pullback rsi=35,trend,maker_both,LONG,2025-04-15 10:45:00+00:00,85474.7,0.0029906332315065,-0.0033370989126199,-0.0063277321441264
T00008,B1_ALL,BTCUSDT,5m,1,pullback rsi=35,trend,maker_both,LONG,2025-04-19 15:50:00+00:00,85115.7,-0.0029700461905909,-0.0029368053362174,3.324085437349982e-05
T00003,GAP0,BTCUSDT,5m,1,pullback rsi=35,trend,maker_both,LONG,2025-04-10 00:10:00+00:00,82497.5,-0.004388628183074,-0.0029368053362174,0.0014518228468565998
T00004,GAP10,BTCUSDT,5m,1,pullback rsi=35,trend,maker_both,LONG,2025-04-10 00:45:00+00:00,82115.9,-0.0043821654904625,-0.0029368053362174,0.0014453601542451
T00006,GAP25,BTCUSDT,5m,1,pullback rsi=35,trend,maker_both,LONG,2025-04-11 22:35:00+00:00,83364.2,-0.0036036580783747,-0.0029368053362174,0.0006668527421572999
T00008,GAP50,BTCUSDT,5m,1,pullback rsi=35,trend,maker_both,LONG,2025-04-19 15:50:00+00:00,85115.7,-0.0029700461905909,-0.0029368053362174,3.324085437349982e-05
T00009,B1_ALL,BTCUSDT,5m,1,pullback rsi=35,trend,maker_both,LONG,2025-04-21 16:55:00+00:00,87167.0,-0.004985955400138,-0.0049376294047831,4.832599535490017e-05
T00007,GAP25,BTCUSDT,5m,1,pullback rsi=35,trend,maker_both,LONG,2025-04-15 10:45:00+00:00,85474.7,0.0029906332315065,-0.0049376294047831,-0.0079282626362896
T00009,GAP50,BTCUSDT,5m,1,pullback rsi=35,trend,maker_both,LONG,2025-04-21 16:55:00+00:00,87167.0,-0.004985955400138,-0.0049376294047831,4.832599535490017e-05
T00010,B1_ALL,BTCUSDT,5m,1,pullback rsi=35,trend,maker_both,LONG,2025-05-02 19:05:00+00:00,97021.2,-0.0032197367524577,-0.0031853162849674,3.4420467490299794e-05
T00004,GAP0,BTCUSDT,5m,1,pullback rsi=35,trend,maker_both,LONG,2025-04-10 00:45:00+00:00,82115.9,-0.0043821654904625,-0.0031853162849674,0.0011968492054951
T00005,GAP10,BTCUSDT,5m,1,pullback rsi=35,trend,maker_both,LONG,2025-04-11 14:30:00+00:00,81435.9,0.011607317424786,-0.0031853162849674,-0.014792633709753401
T00008,GAP25,BTCUSDT,5m,1,pullback rsi=35,trend,maker_both,LONG,2025-04-19 15:50:00+00:00,85115.7,-0.0029700461905909,-0.0031853162849674,-0.00021527009437650015
T00010,GAP50,BTCUSDT,5m,1,pullback rsi=35,trend,maker_both,LONG,2025-05-02 19:05:00+00:00,97021.2,-0.0032197367524577,-0.0031853162849674,3.4420467490299794e-05
T00011,B1_ALL,BTCUSDT,5m,1,pullback rsi=35,trend,maker_both,LONG,2025-05-06 00:20:00+00:00,94559.9,-0.0027476571349315,-0.0027016490037705,4.600813116100019e-05
T00005,GAP0,BTCUSDT,5m,1,pullback rsi=35,trend,maker_both,LONG,2025-04-11 14:30:00+00:00,81435.9,0.011607317424786,-0.0027016490037705,-0.0143089664285565
T00006,GAP10,BTCUSDT,5m,1,pullback rsi=35,trend,maker_both,LONG,2025-04-11 22:35:00+00:00,83364.2,-0.0036036580783747,-0.0027016490037705,0.0009020090746042
T00009,GAP25,BTCUSDT,5m,1,pullback rsi=35,trend,maker_both,LONG,2025-04-21 16:55:00+00:00,87167.0,-0.004985955400138,-0.0027016490037705,0.0022843063963675003
T00011,GAP50,BTCUSDT,5m,1,pullback rsi=35,trend,maker_both,LONG,2025-05-06 00:20:00+00:00,94559.9,-0.0027476571349315,-0.0027016490037705,4.600813116100019e-05
T00012,B1_ALL,BTCUSDT,5m,1,pullback rsi=35,trend,maker_both,LONG,2025-05-07 02:55:00+00:00,96562.7,-0.0036566142516316,-0.0035350219456148,0.0001215923060167998
T00006,GAP0,BTCUSDT,5m,1,pullback rsi=35,trend,maker_both,LONG,2025-04-11 22:35:00+00:00,83364.2,-0.0036036580783747,-0.0035350219456148,6.863613275989982e-05
T00007,GAP10,BTCUSDT,5m,1,pullback rsi=35,trend,maker_both,LONG,2025-04-15 10:45:00+00:00,85474.7,0.0029906332315065,-0.0035350219456148,-0.0065256551771213
T00010,GAP25,BTCUSDT,5m,1,pullback rsi=35,trend,maker_both,LONG,2025-05-02 19:05:00+00:00,97021.2,-0.0032197367524577,-0.0035350219456148,-0.00031528519315710034
T00012,GAP50,BTCUSDT,5m,1,pullback rsi=35,trend,maker_both,LONG,2025-05-07 02:55:00+00:00,96562.7,-0.0036566142516316,-0.0035350219456148,0.0001215923060167998
T00013,B1_ALL,BTCUSDT,5m,1,pullback rsi=35,trend,maker_both,LONG,2025-05-07 03:20:00+00:00,96274.5,0.0019570263296807,0.0014334637905802,-0.0005235625391004999
T00007,GAP0,BTCUSDT,5m,1,pullback rsi=35,trend,maker_both,LONG,2025-04-15 10:45:00+00:00,85474.7,0.0029906332315065,0.0014334637905802,-0.0015571694409263
T00008,GAP10,BTCUSDT,5m,1,pullback rsi=35,trend,maker_both,LONG,2025-04-19 15:50:00+00:00,85115.7,-0.0029700461905909,0.0014334637905802,0.0044035099811711
T00011,GAP25,BTCUSDT,5m,1,pullback rsi=35,trend,maker_both,LONG,2025-05-06 00:20:00+00:00,94559.9,-0.0027476571349315,0.0014334637905802,0.0041811209255117
T00013,GAP50,BTCUSDT,5m,1,pullback rsi=35,trend,maker_both,LONG,2025-05-07 03:20:00+00:00,96274.5,0.0019570263296807,0.0014334637905802,-0.0005235625391004999
T00014,B1_ALL,BTCUSDT,5m,1,pullback rsi=35,trend,maker_both,LONG,2025-05-08 12:00:00+00:00,99369.8,-0.0024629040734933,-0.0024831172956761,-2.0213222182799764e-05
T00008,GAP0,BTCUSDT,5m,1,pullback rsi=35,trend,maker_both,LONG,2025-04-19 15:50:00+00:00,85115.7,-0.0029700461905909,-0.0024831172956761,0.0004869288949148
T00009,GAP10,BTCUSDT,5m,1,pullback rsi=35,trend,maker_both,LONG,2025-04-21 16:55:00+00:00,87167.0,-0.004985955400138,-0.0024831172956761,0.0025028381044619004
T00012,GAP25,BTCUSDT,5m,1,pullback rsi=35,trend,maker_both,LONG,2025-05-07 02:55:00+00:00,96562.7,-0.0036566142516316,-0.0024831172956761,0.0011734969559555
T00014,GAP50,BTCUSDT,5m,1,pullback rsi=35,trend,maker_both,LONG,2025-05-08 12:00:00+00:00,99369.8,-0.0024629040734933,-0.0024831172956761,-2.0213222182799764e-05
T00015,B1_ALL,BTCUSDT,5m,2,pullback rsi=35,trend,maker_both,LONG,2025-05-18 18:00:00+00:00,104805.2,-0.0045751311142563,-0.0049598562888365,-0.00038472517458019995
T00016,B1_ALL,BTCUSDT,5m,2,pullback rsi=35,trend,maker_both,LONG,2025-05-18 18:15:00+00:00,104267.2,-0.0054077332375082,-0.0054694619516988,-6.17287141905995e-05
T00017,B1_ALL,BTCUSDT,5m,2,pullback rsi=35,trend,maker_both,LONG,2025-05-19 01:10:00+00:00,104944.3,-0.0056827205853595,-0.0056231936477741,5.952693758539979e-05
T00015,GAP0,BTCUSDT,5m,2,pullback rsi=35,trend,maker_both,LONG,2025-05-18 18:00:00+00:00,104805.2,-0.0045751311142563,-0.0056231936477741,-0.0010480625335178
T00015,GAP10,BTCUSDT,5m,2,pullback rsi=35,trend,maker_both,LONG,2025-05-18 18:00:00+00:00,104805.2,-0.0045751311142563,-0.0056231936477741,-0.0010480625335178
T00015,GAP25,BTCUSDT,5m,2,pullback rsi=35,trend,maker_both,LONG,2025-05-18 18:00:00+00:00,104805.2,-0.0045751311142563,-0.0056231936477741,-0.0010480625335178
T00015,GAP50,BTCUSDT,5m,2,pullback rsi=35,trend,maker_both,LONG,2025-05-18 18:00:00+00:00,104805.2,-0.0045751311142563,-0.0056231936477741,-0.0010480625335178
T00018,B1_ALL,BTCUSDT,5m,2,pullback rsi=35,trend,maker_both,LONG,2025-05-20 06:25:00+00:00,105608.9,-0.0031957069613373,-0.0033239251229701,-0.00012821816163279985
T00019,B1_ALL,BTCUSDT,5m,2,pullback rsi=35,trend,maker_both,LONG,2025-05-21 02:05:00+00:00,106279.4,0.0041338967457856,0.0040771043470292,-5.679239875639938e-05
T00020,B1_ALL,BTCUSDT,5m,2,pullback rsi=35,trend,maker_both,LONG,2025-05-21 07:25:00+00:00,106791.6,-0.0044319022920143,-0.0044741496179194,-4.224732590510025e-05
T00016,GAP0,BTCUSDT,5m,2,pullback rsi=35,trend,maker_both,LONG,2025-05-18 18:15:00+00:00,104267.2,-0.0054077332375082,-0.0044741496179194,0.0009335836195888004
T00016,GAP10,BTCUSDT,5m,2,pullback rsi=35,trend,maker_both,LONG,2025-05-18 18:15:00+00:00,104267.2,-0.0054077332375082,-0.0044741496179194,0.0009335836195888004
T00016,GAP25,BTCUSDT,5m,2,pullback rsi=35,trend,maker_both,LONG,2025-05-18 18:15:00+00:00,104267.2,-0.0054077332375082,-0.0044741496179194,0.0009335836195888004
T00016,GAP50,BTCUSDT,5m,2,pullback rsi=35,trend,maker_both,LONG,2025-05-18 18:15:00+00:00,104267.2,-0.0054077332375082,-0.0044741496179194,0.0009335836195888004
T00021,B1_ALL,BTCUSDT,5m,2,pullback rsi=35,trend,maker_both,SHORT,2025-05-28 23:10:00+00:00,107620.2,-0.0028102673101135,-0.0029413382299018,-0.00013107091978829984
T00022,B1_ALL,BTCUSDT,5m,2,pullback rsi=35,trend,maker_both,SHORT,2025-05-31 12:10:00+00:00,103685.0,-0.0024115039942156,-0.0025575996517624,-0.00014609565754679973
T00023,B1_ALL,BTCUSDT,5m,2,pullback rsi=35,trend,maker_both,LONG,2025-05-31 23:05:00+00:00,104465.9,0.0008906441123287,-0.0024649032842798,-0.0033555473966085
T00017,GAP0,BTCUSDT,5m,2,pullback rsi=35,trend,maker_both,LONG,2025-05-19 01:10:00+00:00,104944.3,-0.0056827205853595,-0.0024649032842798,0.0032178173010797002
T00017,GAP10,BTCUSDT,5m,2,pullback rsi=35,trend,maker_both,LONG,2025-05-19 01:10:00+00:00,104944.3,-0.0056827205853595,-0.0024649032842798,0.0032178173010797002
T00017,GAP25,BTCUSDT,5m,2,pullback rsi=35,trend,maker_both,LONG,2025-05-19 01:10:00+00:00,104944.3,-0.0056827205853595,-0.0024649032842798,0.0032178173010797002
T00017,GAP50,BTCUSDT,5m,2,pullback rsi=35,trend,maker_both,LONG,2025-05-19 01:10:00+00:00,104944.3,-0.0056827205853595,-0.0024649032842798,0.0032178173010797002
T00024,B1_ALL,BTCUSDT,5m,2,pullback rsi=35,trend,maker_both,LONG,2025-06-08 22:10:00+00:00,105955.6,-0.002421861731459,-0.0025004024661718,-7.854073471279992e-05
T00025,B1_ALL,BTCUSDT,5m,2,pullback rsi=35,trend,maker_both,LONG,2025-06-10 02:10:00+00:00,109361.0,-0.0006834457610006,-0.0033172992685853,-0.0026338535075847
T00018,GAP0,BTCUSDT,5m,2,pullback rsi=35,trend,maker_both,LONG,2025-05-20 06:25:00+00:00,105608.9,-0.0031957069613373,-0.0033172992685853,-0.00012159230724799984
T00018,GAP10,BTCUSDT,5m,2,pullback rsi=35,trend,maker_both,LONG,2025-05-20 06:25:00+00:00,105608.9,-0.0031957069613373,-0.0033172992685853,-0.00012159230724799984
T00018,GAP25,BTCUSDT,5m,2,pullback rsi=35,trend,maker_both,LONG,2025-05-20 06:25:00+00:00,105608.9,-0.0031957069613373,-0.0033172992685853,-0.00012159230724799984
T00018,GAP50,BTCUSDT,5m,2,pullback rsi=35,trend,maker_both,LONG,2025-05-20 06:25:00+00:00,105608.9,-0.0031957069613373,-0.0033172992685853,-0.00012159230724799984
T00026,B1_ALL,BTCUSDT,5m,2,pullback rsi=35,trend,maker_both,LONG,2025-06-14 01:15:00+00:00,105399.8,-0.003216367433141,-0.0031294250077037,8.694242543729998e-05
T00019,GAP0,BTCUSDT,5m,2,pullback rsi=35,trend,maker_both,LONG,2025-05-21 02:05:00+00:00,106279.4,0.0041338967457856,-0.0031294250077037,-0.0072633217534893
T00019,GAP10,BTCUSDT,5m,2,pullback rsi=35,trend,maker_both,LONG,2025-05-21 02:05:00+00:00,106279.4,0.0041338967457856,-0.0031294250077037,-0.0072633217534893
T00019,GAP25,BTCUSDT,5m,2,pullback rsi=35,trend,maker_both,LONG,2025-05-21 02:05:00+00:00,106279.4,0.0041338967457856,-0.0031294250077037,-0.0072633217534893
T00019,GAP50,BTCUSDT,5m,2,pullback rsi=35,trend,maker_both,LONG,2025-05-21 02:05:00+00:00,106279.4,0.0041338967457856,-0.0031294250077037,-0.0072633217534893
T00027,B1_ALL,BTCUSDT,5m,2,pullback rsi=35,trend,maker_both,LONG,2025-06-16 10:50:00+00:00,106759.9,-0.0025435319593252,-0.0025557265081702,-1.2194548844999924e-05
T00020,GAP0,BTCUSDT,5m,2,pullback rsi=35,trend,maker_both,LONG,2025-05-21 07:25:00+00:00,106791.6,-0.0044319022920143,-0.0025557265081702,0.0018761757838440998
T00020,GAP10,BTCUSDT,5m,2,pullback rsi=35,trend,maker_both,LONG,2025-05-21 07:25:00+00:00,106791.6,-0.0044319022920143,-0.0025557265081702,0.0018761757838440998
T00020,GAP25,BTCUSDT,5m,2,pullback rsi=35,trend,maker_both,LONG,2025-05-21 07:25:00+00:00,106791.6,-0.0044319022920143,-0.0025557265081702,0.0018761757838440998
T00020,GAP50,BTCUSDT,5m,2,pullback rsi=35,trend,maker_both,LONG,2025-05-21 07:25:00+00:00,106791.6,-0.0044319022920143,-0.0025557265081702,0.0018761757838440998
T00028,B1_ALL,BTCUSDT,5m,2,pullback rsi=35,trend,maker_both,LONG,2025-06-16 22:40:00+00:00,107943.3,-0.0035836030474808,-0.0040390330378543,-0.0004554299903734996
T00029,B1_ALL,BTCUSDT,5m,2,pullback rsi=35,trend,maker_both,SHORT,2025-06-17 19:05:00+00:00,104750.0,-0.0042438601650305,-0.0042460658146419,-2.2056496114001775e-06
T00021,GAP0,BTCUSDT,5m,2,pullback rsi=35,trend,maker_both,SHORT,2025-05-28 23:10:00+00:00,107620.2,-0.0028102673101135,-0.0042460658146419,-0.0014357985045284002
T00021,GAP10,BTCUSDT,5m,2,pullback rsi=35,trend,maker_both,SHORT,2025-05-28 23:10:00+00:00,107620.2,-0.0028102673101135,-0.0042460658146419,-0.0014357985045284002
T00021,GAP25,BTCUSDT,5m,2,pullback rsi=35,trend,maker_both,SHORT,2025-05-28 23:10:00+00:00,107620.2,-0.0028102673101135,-0.0042460658146419,-0.0014357985045284002
T00021,GAP50,BTCUSDT,5m,2,pullback rsi=35,trend,maker_both,SHORT,2025-05-28 23:10:00+00:00,107620.2,-0.0028102673101135,-0.0042460658146419,-0.0014357985045284002
T00030,B1_ALL,BTCUSDT,5m,2,pullback rsi=35,trend,maker_both,LONG,2025-06-23 09:25:00+00:00,101450.0,-0.0028746324519544,-0.0029592583775174,-8.4625925563e-05
T00023,GAP0,BTCUSDT,5m,2,pullback rsi=35,trend,maker_both,LONG,2025-05-31 23:05:00+00:00,104465.9,0.0008906441123287,-0.0029592583775174,-0.0038499024898461
T00023,GAP10,BTCUSDT,5m,2,pullback rsi=35,trend,maker_both,LONG,2025-05-31 23:05:00+00:00,104465.9,0.0008906441123287,-0.0029592583775174,-0.0038499024898461
T00023,GAP25,BTCUSDT,5m,2,pullback rsi=35,trend,maker_both,LONG,2025-05-31 23:05:00+00:00,104465.9,0.0008906441123287,-0.0029592583775174,-0.0038499024898461
T00023,GAP50,BTCUSDT,5m,2,pullback rsi=35,trend,maker_both,LONG,2025-05-31 23:05:00+00:00,104465.9,0.0008906441123287,-0.0029592583775174,-0.0038499024898461
T00031,B1_ALL,BTCUSDT,5m,2,pullback rsi=35,trend,maker_both,LONG,2025-06-24 08:00:00+00:00,104891.8,-0.0039638869318564,-0.004066031994789,-0.00010214506293259977
T00024,GAP0,BTCUSDT,5m,2,pullback rsi=35,trend,maker_both,LONG,2025-06-08 22:10:00+00:00,105955.6,-0.002421861731459,-0.004066031994789,-0.0016441702633299997
T00024,GAP10,BTCUSDT,5m,2,pullback rsi=35,trend,maker_both,LONG,2025-06-08 22:10:00+00:00,105955.6,-0.002421861731459,-0.004066031994789,-0.0016441702633299997
T00024,GAP25,BTCUSDT,5m,2,pullback rsi=35,trend,maker_both,LONG,2025-06-08 22:10:00+00:00,105955.6,-0.002421861731459,-0.004066031994789,-0.0016441702633299997
T00024,GAP50,BTCUSDT,5m,2,pullback rsi=35,trend,maker_both,LONG,2025-06-08 22:10:00+00:00,105955.6,-0.002421861731459,-0.004066031994789,-0.0016441702633299997
T00032,B1_ALL,BTCUSDT,5m,2,pullback rsi=35,trend,maker_both,LONG,2025-06-25 04:40:00+00:00,106033.1,0.001920404106546,0.0018570826499856,-6.332145656040003e-05
T00025,GAP25,BTCUSDT,5m,2,pullback rsi=35,trend,maker_both,LONG,2025-06-10 02:10:00+00:00,109361.0,-0.0006834457610006,0.0018570826499856,0.0025405284109862
T00025,GAP50,BTCUSDT,5m,2,pullback rsi=35,trend,maker_both,LONG,2025-06-10 02:10:00+00:00,109361.0,-0.0006834457610006,0.0018570826499856,0.0025405284109862
T00033,B1_ALL,BTCUSDT,5m,2,pullback rsi=35,trend,maker_both,LONG,2025-06-26 05:45:00+00:00,107495.0,0.0016829989993815,0.001620374330182,-6.262466919950012e-05
T00025,GAP0,BTCUSDT,5m,2,pullback rsi=35,trend,maker_both,LONG,2025-06-10 02:10:00+00:00,109361.0,-0.0006834457610006,0.001620374330182,0.0023038200911826
T00025,GAP10,BTCUSDT,5m,2,pullback rsi=35,trend,maker_both,LONG,2025-06-10 02:10:00+00:00,109361.0,-0.0006834457610006,0.001620374330182,0.0023038200911826
T00026,GAP25,BTCUSDT,5m,2,pullback rsi=35,trend,maker_both,LONG,2025-06-14 01:15:00+00:00,105399.8,-0.003216367433141,0.001620374330182,0.004836741763323
T00026,GAP50,BTCUSDT,5m,2,pullback rsi=35,trend,maker_both,LONG,2025-06-14 01:15:00+00:00,105399.8,-0.003216367433141,0.001620374330182,0.004836741763323
T00034,B1_ALL,BTCUSDT,5m,3,pullback rsi=40,trend,maker_both,LONG,2025-06-30 04:50:00+00:00,108345.5,-0.001976343196597,-0.0019940277942656,-1.7684597668599956e-05
T00034,GAP25,BTCUSDT,5m,3,pullback rsi=40,trend,maker_both,LONG,2025-06-30 04:50:00+00:00,108345.5,-0.001976343196597,-0.0019940277942656,-1.7684597668599956e-05
T00034,GAP50,BTCUSDT,5m,3,pullback rsi=40,trend,maker_both,LONG,2025-06-30 04:50:00+00:00,108345.5,-0.001976343196597,-0.0019940277942656,-1.7684597668599956e-05
T00035,B1_ALL,BTCUSDT,5m,3,pullback rsi=40,trend,maker_both,SHORT,2025-07-01 13:30:00+00:00,106584.7,-0.0024369639026556,0.001458293164945,0.0038952570676005997
T00036,B1_ALL,BTCUSDT,5m,3,pullback rsi=40,trend,maker_both,SHORT,2025-07-01 13:55:00+00:00,106729.7,-0.0031675666174406,-0.0031534030104255,1.4163607015100273e-05
T00035,GAP50,BTCUSDT,5m,3,pullback rsi=40,trend,maker_both,SHORT,2025-07-01 13:30:00+00:00,106584.7,-0.0024369639026556,-0.0031534030104255,-0.0007164391077698999
T00037,B1_ALL,BTCUSDT,5m,3,pullback rsi=40,trend,maker_both,SHORT,2025-07-01 20:55:00+00:00,105832.1,-0.0029787463511367,-0.0029666329499389,1.2113401197800036e-05
T00035,GAP25,BTCUSDT,5m,3,pullback rsi=40,trend,maker_both,SHORT,2025-07-01 13:30:00+00:00,106584.7,-0.0024369639026556,-0.0029666329499389,-0.0005296690472833001
T00036,GAP50,BTCUSDT,5m,3,pullback rsi=40,trend,maker_both,SHORT,2025-07-01 13:55:00+00:00,106729.7,-0.0031675666174406,-0.0029666329499389,0.0002009336675017001
T00038,B1_ALL,BTCUSDT,5m,3,pullback rsi=40,trend,maker_both,SHORT,2025-07-02 01:45:00+00:00,105724.3,-0.0028855285484687,-0.0028298303372892,5.5698211179500395e-05
T00035,GAP0,BTCUSDT,5m,3,pullback rsi=40,trend,maker_both,SHORT,2025-07-01 13:30:00+00:00,106584.7,-0.0024369639026556,-0.0028298303372892,-0.0003928664346335999
T00035,GAP10,BTCUSDT,5m,3,pullback rsi=40,trend,maker_both,SHORT,2025-07-01 13:30:00+00:00,106584.7,-0.0024369639026556,-0.0028298303372892,-0.0003928664346335999
T00036,GAP25,BTCUSDT,5m,3,pullback rsi=40,trend,maker_both,SHORT,2025-07-01 13:55:00+00:00,106729.7,-0.0031675666174406,-0.0028298303372892,0.0003377362801514003
T00037,GAP50,BTCUSDT,5m,3,pullback rsi=40,trend,maker_both,SHORT,2025-07-01 20:55:00+00:00,105832.1,-0.0029787463511367,-0.0028298303372892,0.0001489160138475002
T00039,B1_ALL,BTCUSDT,5m,3,pullback rsi=40,trend,maker_both,SHORT,2025-07-04 09:25:00+00:00,108950.2,0.0004029971628441,0.0004116581276448,8.660964800700013e-06
T00038,GAP50,BTCUSDT,5m,3,pullback rsi=40,trend,maker_both,SHORT,2025-07-02 01:45:00+00:00,105724.3,-0.0028855285484687,0.0004116581276448,0.0032971866761135004
T00040,B1_ALL,BTCUSDT,5m,3,pullback rsi=40,trend,maker_both,LONG,2025-07-07 04:40:00+00:00,109157.2,-0.00227424658521,-0.0022724617090235,1.7848761864999903e-06
T00041,B1_ALL,BTCUSDT,5m,3,pullback rsi=40,trend,maker_both,LONG,2025-07-10 00:40:00+00:00,111007.0,-0.0027032470653044,0.0016830965893862,0.0043863436546906
T00040,GAP25,BTCUSDT,5m,3,pullback rsi=40,trend,maker_both,LONG,2025-07-07 04:40:00+00:00,109157.2,-0.00227424658521,0.0016830965893862,0.0039573431745962
T00040,GAP50,BTCUSDT,5m,3,pullback rsi=40,trend,maker_both,LONG,2025-07-07 04:40:00+00:00,109157.2,-0.00227424658521,0.0016830965893862,0.0039573431745962
T00042,B1_ALL,BTCUSDT,5m,3,pullback rsi=40,trend,maker_both,LONG,2025-07-10 01:10:00+00:00,110871.5,0.0014467538026191,0.0014953087532844,4.8554950665300085e-05
T00034,GAP0,BTCUSDT,5m,3,pullback rsi=40,trend,maker_both,LONG,2025-06-30 04:50:00+00:00,108345.5,-0.001976343196597,0.0014953087532844,0.0034716519498814
T00034,GAP10,BTCUSDT,5m,3,pullback rsi=40,trend,maker_both,LONG,2025-06-30 04:50:00+00:00,108345.5,-0.001976343196597,0.0014953087532844,0.0034716519498814
T00041,GAP25,BTCUSDT,5m,3,pullback rsi=40,trend,maker_both,LONG,2025-07-10 00:40:00+00:00,111007.0,-0.0027032470653044,0.0014953087532844,0.0041985558185888006
T00041,GAP50,BTCUSDT,5m,3,pullback rsi=40,trend,maker_both,LONG,2025-07-10 00:40:00+00:00,111007.0,-0.0027032470653044,0.0014953087532844,0.0041985558185888006
T00043,B1_ALL,BTCUSDT,5m,3,pullback rsi=40,trend,maker_both,LONG,2025-07-10 03:30:00+00:00,111008.7,0.0007508282169198,0.0011917242115667,0.00044089599464690007
T00042,GAP50,BTCUSDT,5m,3,pullback rsi=40,trend,maker_both,LONG,2025-07-10 01:10:00+00:00,110871.5,0.0014467538026191,0.0011917242115667,-0.0002550295910523999
T00044,B1_ALL,BTCUSDT,5m,3,pullback rsi=40,trend,maker_both,LONG,2025-07-13 09:35:00+00:00,117745.5,-0.001750017380555,1.4816836014453806e-05,0.0017648342165694538
T00045,B1_ALL,BTCUSDT,5m,3,pullback rsi=40,trend,maker_both,SHORT,2025-07-14 20:50:00+00:00,120190.9,0.0019409146937777,0.0034502297297095,0.0015093150359317999
T00046,B1_ALL,BTCUSDT,5m,3,pullback rsi=40,trend,maker_both,LONG,2025-07-16 22:35:00+00:00,119089.4,-0.0036588612864366,-0.0036568518289317,2.009457504899715e-06
T00047,B1_ALL,BTCUSDT,5m,3,pullback rsi=40,trend,maker_both,LONG,2025-07-18 04:20:00+00:00,119840.5,0.0030718047099796,0.002920226337019,-0.00015157837296059977
T00040,GAP0,BTCUSDT,5m,3,pullback rsi=40,trend,maker_both,LONG,2025-07-07 04:40:00+00:00,109157.2,-0.00227424658521,0.002920226337019,0.005194472922229
T00040,GAP10,BTCUSDT,5m,3,pullback rsi=40,trend,maker_both,LONG,2025-07-07 04:40:00+00:00,109157.2,-0.00227424658521,0.002920226337019,0.005194472922229
T00042,GAP25,BTCUSDT,5m,3,pullback rsi=40,trend,maker_both,LONG,2025-07-10 01:10:00+00:00,110871.5,0.0014467538026191,0.002920226337019,0.0014734725343999002
T00043,GAP50,BTCUSDT,5m,3,pullback rsi=40,trend,maker_both,LONG,2025-07-10 03:30:00+00:00,111008.7,0.0007508282169198,0.002920226337019,0.0021693981200992
T00048,B1_ALL,BTCUSDT,5m,3,pullback rsi=40,trend,maker_both,LONG,2025-07-18 07:20:00+00:00,119849.9,-0.0033601874865291,-0.0033204077150813,3.977977144779994e-05
T00043,GAP25,BTCUSDT,5m,3,pullback rsi=40,trend,maker_both,LONG,2025-07-10 03:30:00+00:00,111008.7,0.0007508282169198,-0.0033204077150813,-0.0040712359320011
T00044,GAP50,BTCUSDT,5m,3,pullback rsi=40,trend,maker_both,LONG,2025-07-13 09:35:00+00:00,117745.5,-0.001750017380555,-0.0033204077150813,-0.0015703903345263002
T00049,B1_ALL,BTCUSDT,5m,3,pullback rsi=40,trend,maker_both,SHORT,2025-07-18 11:00:00+00:00,119240.1,-0.0033033214816348,-0.0033360626071528,-3.274112551800027e-05
T00036,GAP0,BTCUSDT,5m,3,pullback rsi=40,trend,maker_both,SHORT,2025-07-01 13:55:00+00:00,106729.7,-0.0031675666174406,-0.0033360626071528,-0.00016849598971220006
T00036,GAP10,BTCUSDT,5m,3,pullback rsi=40,trend,maker_both,SHORT,2025-07-01 13:55:00+00:00,106729.7,-0.0031675666174406,-0.0033360626071528,-0.00016849598971220006
T00037,GAP25,BTCUSDT,5m,3,pullback rsi=40,trend,maker_both,SHORT,2025-07-01 20:55:00+00:00,105832.1,-0.0029787463511367,-0.0033360626071528,-0.00035731625601610013
T00039,GAP50,BTCUSDT,5m,3,pullback rsi=40,trend,maker_both,SHORT,2025-07-04 09:25:00+00:00,108950.2,0.0004029971628441,-0.0033360626071528,-0.0037390597699969003
T00050,B1_ALL,BTCUSDT,5m,3,pullback rsi=40,trend,maker_both,LONG,2025-07-23 01:05:00+00:00,119511.3,-0.0032009179537049,-0.0031533048898693,4.7613063835599736e-05
T00041,GAP10,BTCUSDT,5m,3,pullback rsi=40,trend,maker_both,LONG,2025-07-10 00:40:00+00:00,111007.0,-0.0027032470653044,-0.0031533048898693,-0.0004500578245649001
T00044,GAP25,BTCUSDT,5m,3,pullback rsi=40,trend,maker_both,LONG,2025-07-13 09:35:00+00:00,117745.5,-0.001750017380555,-0.0031533048898693,-0.0014032875093143002
T00046,GAP50,BTCUSDT,5m,3,pullback rsi=40,trend,maker_both,LONG,2025-07-16 22:35:00+00:00,119089.4,-0.0036588612864366,-0.0031533048898693,0.0005055563965672997
T00051,B1_ALL,BTCUSDT,5m,3,pullback rsi=40,trend,maker_both,SHORT,2025-07-25 09:35:00+00:00,115829.7,-0.0046995934760525,-0.0045798164327358,0.00011977704331669978
T00037,GAP0,BTCUSDT,5m,3,pullback rsi=40,trend,maker_both,SHORT,2025-07-01 20:55:00+00:00,105832.1,-0.0029787463511367,-0.0045798164327358,-0.0016010700815990999
T00037,GAP10,BTCUSDT,5m,3,pullback rsi=40,trend,maker_both,SHORT,2025-07-01 20:55:00+00:00,105832.1,-0.0029787463511367,-0.0045798164327358,-0.0016010700815990999
T00038,GAP25,BTCUSDT,5m,3,pullback rsi=40,trend,maker_both,SHORT,2025-07-02 01:45:00+00:00,105724.3,-0.0028855285484687,-0.0045798164327358,-0.0016942878842670997
T00045,GAP50,BTCUSDT,5m,3,pullback rsi=40,trend,maker_both,SHORT,2025-07-14 20:50:00+00:00,120190.9,0.0019409146937777,-0.0045798164327358,-0.006520731126513499
T00052,B1_ALL,BTCUSDT,5m,3,pullback rsi=40,trend,maker_both,SHORT,2025-07-25 16:50:00+00:00,116034.4,-0.0043200840034682,-0.0042490755879124,7.100841555579985e-05
T00038,GAP0,BTCUSDT,5m,3,pullback rsi=40,trend,maker_both,SHORT,2025-07-02 01:45:00+00:00,105724.3,-0.0028855285484687,-0.0042490755879124,-0.0013635470394436997
T00038,GAP10,BTCUSDT,5m,3,pullback rsi=40,trend,maker_both,SHORT,2025-07-02 01:45:00+00:00,105724.3,-0.0028855285484687,-0.0042490755879124,-0.0013635470394436997
T00039,GAP25,BTCUSDT,5m,3,pullback rsi=40,trend,maker_both,SHORT,2025-07-04 09:25:00+00:00,108950.2,0.0004029971628441,-0.0042490755879124,-0.0046520727507565
T00049,GAP50,BTCUSDT,5m,3,pullback rsi=40,trend,maker_both,SHORT,2025-07-18 11:00:00+00:00,119240.1,-0.0033033214816348,-0.0042490755879124,-0.0009457541062776
T00053,B1_ALL,BTCUSDT,5m,3,pullback rsi=40,trend,maker_both,LONG,2025-07-26 01:45:00+00:00,117225.1,0.0010201058042186,-0.0023451492054499,-0.0033652550096685
T00041,GAP0,BTCUSDT,5m,3,pullback rsi=40,trend,maker_both,LONG,2025-07-10 00:40:00+00:00,111007.0,-0.0027032470653044,-0.0023451492054499,0.00035809785985450003
T00042,GAP10,BTCUSDT,5m,3,pullback rsi=40,trend,maker_both,LONG,2025-07-10 01:10:00+00:00,110871.5,0.0014467538026191,-0.0023451492054499,-0.003791903008069
T00046,GAP25,BTCUSDT,5m,3,pullback rsi=40,trend,maker_both,LONG,2025-07-16 22:35:00+00:00,119089.4,-0.0036588612864366,-0.0023451492054499,0.0013137120809866999
T00047,GAP50,BTCUSDT,5m,3,pullback rsi=40,trend,maker_both,LONG,2025-07-18 04:20:00+00:00,119840.5,0.0030718047099796,-0.0023451492054499,-0.0054169539154295
T00054,B1_ALL,BTCUSDT,5m,3,pullback rsi=40,trend,maker_both,LONG,2025-07-27 20:55:00+00:00,118749.3,0.0015505814930666,0.0015627097792921,1.2128286225500037e-05
T00043,GAP10,BTCUSDT,5m,3,pullback rsi=40,trend,maker_both,LONG,2025-07-10 03:30:00+00:00,111008.7,0.0007508282169198,0.0015627097792921,0.0008118815623723001
T00047,GAP25,BTCUSDT,5m,3,pullback rsi=40,trend,maker_both,LONG,2025-07-18 04:20:00+00:00,119840.5,0.0030718047099796,0.0015627097792921,-0.0015090949306874998
T00048,GAP50,BTCUSDT,5m,3,pullback rsi=40,trend,maker_both,LONG,2025-07-18 07:20:00+00:00,119849.9,-0.0033601874865291,0.0015627097792921,0.0049228972658212
T00055,B1_ALL,BTCUSDT,5m,3,pullback rsi=40,trend,maker_both,LONG,2025-07-28 00:50:00+00:00,119140.1,0.0022638657246499,-0.0030362946211152,-0.0053001603457651005
T00042,GAP0,BTCUSDT,5m,3,pullback rsi=40,trend,maker_both,LONG,2025-07-10 01:10:00+00:00,110871.5,0.0014467538026191,-0.0030362946211152,-0.0044830484237343
T00044,GAP10,BTCUSDT,5m,3,pullback rsi=40,trend,maker_both,LONG,2025-07-13 09:35:00+00:00,117745.5,-0.001750017380555,-0.0030362946211152,-0.0012862772405602002
T00048,GAP25,BTCUSDT,5m,3,pullback rsi=40,trend,maker_both,LONG,2025-07-18 07:20:00+00:00,119849.9,-0.0033601874865291,-0.0030362946211152,0.00032389286541389993
T00050,GAP50,BTCUSDT,5m,3,pullback rsi=40,trend,maker_both,LONG,2025-07-23 01:05:00+00:00,119511.3,-0.0032009179537049,-0.0030362946211152,0.00016462333258969973
T00056,B1_ALL,BTCUSDT,5m,3,pullback rsi=40,trend,maker_both,LONG,2025-07-28 07:05:00+00:00,119243.6,-0.0022623796755015,-0.0025165579712776,-0.0002541782957761001
T00057,B1_ALL,BTCUSDT,5m,3,pullback rsi=40,trend,maker_both,SHORT,2025-08-01 02:40:00+00:00,115888.0,0.0012926053291463,0.0021455996468237,0.0008529943176773999
T00039,GAP0,BTCUSDT,5m,3,pullback rsi=40,trend,maker_both,SHORT,2025-07-04 09:25:00+00:00,108950.2,0.0004029971628441,0.0021455996468237,0.0017426024839795999
T00039,GAP10,BTCUSDT,5m,3,pullback rsi=40,trend,maker_both,SHORT,2025-07-04 09:25:00+00:00,108950.2,0.0004029971628441,0.0021455996468237,0.0017426024839795999
T00045,GAP25,BTCUSDT,5m,3,pullback rsi=40,trend,maker_both,SHORT,2025-07-14 20:50:00+00:00,120190.9,0.0019409146937777,0.0021455996468237,0.00020468495304599987
T00051,GAP50,BTCUSDT,5m,3,pullback rsi=40,trend,maker_both,SHORT,2025-07-25 09:35:00+00:00,115829.7,-0.0046995934760525,0.0021455996468237,0.0068451931228762
T00058,B1_ALL,BTCUSDT,5m,3,pullback rsi=40,trend,maker_both,SHORT,2025-08-01 09:25:00+00:00,115225.2,0.0045722330042642,0.0043436510543078,-0.00022858194995640027
T00049,GAP25,BTCUSDT,5m,3,pullback rsi=40,trend,maker_both,SHORT,2025-07-18 11:00:00+00:00,119240.1,-0.0033033214816348,0.0043436510543078,0.0076469725359425995
T00052,GAP50,BTCUSDT,5m,3,pullback rsi=40,trend,maker_both,SHORT,2025-07-25 16:50:00+00:00,116034.4,-0.0043200840034682,0.0043436510543078,0.008663735057776
T00059,B1_ALL,BTCUSDT,5m,3,pullback rsi=40,trend,maker_both,SHORT,2025-08-01 11:50:00+00:00,115248.8,-0.0032651252927772,-0.003180532336909,8.459295586819978e-05
T00045,GAP0,BTCUSDT,5m,3,pullback rsi=40,trend,maker_both,SHORT,2025-07-14 20:50:00+00:00,120190.9,0.0019409146937777,-0.003180532336909,-0.0051214470306867
T00045,GAP10,BTCUSDT,5m,3,pullback rsi=40,trend,maker_both,SHORT,2025-07-14 20:50:00+00:00,120190.9,0.0019409146937777,-0.003180532336909,-0.0051214470306867
T00051,GAP25,BTCUSDT,5m,3,pullback rsi=40,trend,maker_both,SHORT,2025-07-25 09:35:00+00:00,115829.7,-0.0046995934760525,-0.003180532336909,0.0015190611391434996
T00057,GAP50,BTCUSDT,5m,3,pullback rsi=40,trend,maker_both,SHORT,2025-08-01 02:40:00+00:00,115888.0,0.0012926053291463,-0.003180532336909,-0.0044731376660553
T00060,B1_ALL,BTCUSDT,5m,3,pullback rsi=40,trend,maker_both,SHORT,2025-08-02 00:50:00+00:00,113683.8,-0.0020593495481812,-0.001320341512654,0.0007390080355271999
T00061,B1_ALL,BTCUSDT,5m,3,pullback rsi=40,trend,maker_both,SHORT,2025-08-02 11:30:00+00:00,113808.2,0.0015383621145491,0.0014598421982022,-7.851991634690004e-05
T00052,GAP25,BTCUSDT,5m,3,pullback rsi=40,trend,maker_both,SHORT,2025-07-25 16:50:00+00:00,116034.4,-0.0043200840034682,0.0014598421982022,0.0057799262016703995
T00058,GAP50,BTCUSDT,5m,3,pullback rsi=40,trend,maker_both,SHORT,2025-08-01 09:25:00+00:00,115225.2,0.0045722330042642,0.0014598421982022,-0.0031123908060620006
T00062,B1_ALL,BTCUSDT,5m,3,pullback rsi=40,trend,maker_both,SHORT,2025-08-02 17:05:00+00:00,113295.3,0.0024399189427658,0.0023484451833989,-9.147375936689999e-05
T00059,GAP50,BTCUSDT,5m,3,pullback rsi=40,trend,maker_both,SHORT,2025-08-01 11:50:00+00:00,115248.8,-0.0032651252927772,0.0023484451833989,0.0056135704761761
T00063,B1_ALL,BTCUSDT,5m,3,pullback rsi=40,trend,maker_both,SHORT,2025-08-02 21:00:00+00:00,112750.3,0.0009460895039367,0.0002419013835103,-0.0007041881204264
T00057,GAP25,BTCUSDT,5m,3,pullback rsi=40,trend,maker_both,SHORT,2025-08-01 02:40:00+00:00,115888.0,0.0012926053291463,0.0002419013835103,-0.001050703945636
T00060,GAP50,BTCUSDT,5m,3,pullback rsi=40,trend,maker_both,SHORT,2025-08-02 00:50:00+00:00,113683.8,-0.0020593495481812,0.0002419013835103,0.0023012509316915
T00064,B1_ALL,BTCUSDT,5m,3,pullback rsi=40,trend,maker_both,SHORT,2025-08-03 01:00:00+00:00,112902.3,-0.003929317956008,-0.0039248242548287,4.493701179299897e-06
T00049,GAP0,BTCUSDT,5m,3,pullback rsi=40,trend,maker_both,SHORT,2025-07-18 11:00:00+00:00,119240.1,-0.0033033214816348,-0.0039248242548287,-0.0006215027731939003
T00049,GAP10,BTCUSDT,5m,3,pullback rsi=40,trend,maker_both,SHORT,2025-07-18 11:00:00+00:00,119240.1,-0.0033033214816348,-0.0039248242548287,-0.0006215027731939003
T00058,GAP25,BTCUSDT,5m,3,pullback rsi=40,trend,maker_both,SHORT,2025-08-01 09:25:00+00:00,115225.2,0.0045722330042642,-0.0039248242548287,-0.0084970572590929
T00061,GAP50,BTCUSDT,5m,3,pullback rsi=40,trend,maker_both,SHORT,2025-08-02 11:30:00+00:00,113808.2,0.0015383621145491,-0.0039248242548287,-0.0054631863693778
T00065,B1_ALL,BTCUSDT,5m,3,pullback rsi=40,trend,maker_both,LONG,2025-08-03 12:15:00+00:00,113688.6,0.0009709612043241,0.0010512449167575,8.028371243340004e-05
T00066,B1_ALL,BTCUSDT,5m,3,pullback rsi=40,trend,maker_both,LONG,2025-08-03 14:25:00+00:00,113665.6,0.0017829044172926,0.0018770325231493,9.412810585669989e-05
T00067,B1_ALL,BTCUSDT,5m,3,pullback rsi=40,trend,maker_both,LONG,2025-08-07 16:45:00+00:00,116051.4,-0.0034143699671509,0.0038513968187591,0.00726576678591
T00046,GAP10,BTCUSDT,5m,3,pullback rsi=40,trend,maker_both,LONG,2025-07-16 22:35:00+00:00,119089.4,-0.0036588612864366,0.0038513968187591,0.0075102581051957
T00050,GAP25,BTCUSDT,5m,3,pullback rsi=40,trend,maker_both,LONG,2025-07-23 01:05:00+00:00,119511.3,-0.0032009179537049,0.0038513968187591,0.0070523147724639995
T00053,GAP50,BTCUSDT,5m,3,pullback rsi=40,trend,maker_both,LONG,2025-07-26 01:45:00+00:00,117225.1,0.0010201058042186,0.0038513968187591,0.0028312910145405
T00068,B1_ALL,BTCUSDT,5m,3,pullback rsi=40,trend,maker_both,LONG,2025-08-07 16:55:00+00:00,116145.6,0.0040628935479724,0.0039301235666987,-0.0001327699812736999
T00043,GAP0,BTCUSDT,5m,3,pullback rsi=40,trend,maker_both,LONG,2025-07-10 03:30:00+00:00,111008.7,0.0007508282169198,0.0039301235666987,0.0031792953497789
T00047,GAP10,BTCUSDT,5m,3,pullback rsi=40,trend,maker_both,LONG,2025-07-18 04:20:00+00:00,119840.5,0.0030718047099796,0.0039301235666987,0.0008583188567191
T00053,GAP25,BTCUSDT,5m,3,pullback rsi=40,trend,maker_both,LONG,2025-07-26 01:45:00+00:00,117225.1,0.0010201058042186,0.0039301235666987,0.0029100177624801
T00054,GAP50,BTCUSDT,5m,3,pullback rsi=40,trend,maker_both,LONG,2025-07-27 20:55:00+00:00,118749.3,0.0015505814930666,0.0039301235666987,0.0023795420736320997
T00069,B1_ALL,BTCUSDT,5m,3,pullback rsi=40,trend,maker_both,LONG,2025-08-08 00:20:00+00:00,116842.5,0.0020961936836377,0.0022694742191594,0.00017328053552169995
T00044,GAP0,BTCUSDT,5m,3,pullback rsi=40,trend,maker_both,LONG,2025-07-13 09:35:00+00:00,117745.5,-0.001750017380555,0.0022694742191594,0.0040194915997144
T00048,GAP10,BTCUSDT,5m,3,pullback rsi=40,trend,maker_both,LONG,2025-07-18 07:20:00+00:00,119849.9,-0.0033601874865291,0.0022694742191594,0.0056296617056885
T00054,GAP25,BTCUSDT,5m,3,pullback rsi=40,trend,maker_both,LONG,2025-07-27 20:55:00+00:00,118749.3,0.0015505814930666,0.0022694742191594,0.0007188927260927999
T00055,GAP50,BTCUSDT,5m,3,pullback rsi=40,trend,maker_both,LONG,2025-07-28 00:50:00+00:00,119140.1,0.0022638657246499,0.0022694742191594,5.608494509500017e-06
T00070,B1_ALL,BTCUSDT,5m,3,pullback rsi=40,trend,maker_both,LONG,2025-08-08 01:05:00+00:00,116923.0,-0.0035076609135326,-0.003539245223026,-3.158430949339996e-05
T00050,GAP10,BTCUSDT,5m,3,pullback rsi=40,trend,maker_both,LONG,2025-07-23 01:05:00+00:00,119511.3,-0.0032009179537049,-0.003539245223026,-0.00033832726932109996
T00055,GAP25,BTCUSDT,5m,3,pullback rsi=40,trend,maker_both,LONG,2025-07-28 00:50:00+00:00,119140.1,0.0022638657246499,-0.003539245223026,-0.0058031109476759
T00056,GAP50,BTCUSDT,5m,3,pullback rsi=40,trend,maker_both,LONG,2025-07-28 07:05:00+00:00,119243.6,-0.0022623796755015,-0.003539245223026,-0.0012768655475245
T00071,B1_ALL,BTCUSDT,5m,3,pullback rsi=40,trend,maker_both,SHORT,2025-08-08 17:10:00+00:00,116421.3,-0.0031370643912517,-0.0030694727159293,6.759167532240009e-05
T00051,GAP0,BTCUSDT,5m,3,pullback rsi=40,trend,maker_both,SHORT,2025-07-25 09:35:00+00:00,115829.7,-0.0046995934760525,-0.0030694727159293,0.0016301207601231997
T00051,GAP10,BTCUSDT,5m,3,pullback rsi=40,trend,maker_both,SHORT,2025-07-25 09:35:00+00:00,115829.7,-0.0046995934760525,-0.0030694727159293,0.0016301207601231997
T00059,GAP25,BTCUSDT,5m,3,pullback rsi=40,trend,maker_both,SHORT,2025-08-01 11:50:00+00:00,115248.8,-0.0032651252927772,-0.0030694727159293,0.0001956525768478999
T00062,GAP50,BTCUSDT,5m,3,pullback rsi=40,trend,maker_both,SHORT,2025-08-02 17:05:00+00:00,113295.3,0.0024399189427658,-0.0030694727159293,-0.0055093916586951
T00072,B1_ALL,BTCUSDT,5m,3,pullback rsi=40,trend,maker_both,LONG,2025-08-08 23:35:00+00:00,116680.1,-0.0019566076937786,-0.0019875667052424,-3.095901146380007e-05
T00073,B1_ALL,BTCUSDT,5m,3,pullback rsi=40,trend,maker_both,LONG,2025-08-09 11:40:00+00:00,117042.3,-0.002701377329015,-0.0027421425643185,-4.0765235303499674e-05
T00046,GAP0,BTCUSDT,5m,3,pullback rsi=40,trend,maker_both,LONG,2025-07-16 22:35:00+00:00,119089.4,-0.0036588612864366,-0.0027421425643185,0.0009167187221181001
T00053,GAP10,BTCUSDT,5m,3,pullback rsi=40,trend,maker_both,LONG,2025-07-26 01:45:00+00:00,117225.1,0.0010201058042186,-0.0027421425643185,-0.0037622483685371
T00056,GAP25,BTCUSDT,5m,3,pullback rsi=40,trend,maker_both,LONG,2025-07-28 07:05:00+00:00,119243.6,-0.0022623796755015,-0.0027421425643185,-0.00047976288881699993
T00065,GAP50,BTCUSDT,5m,3,pullback rsi=40,trend,maker_both,LONG,2025-08-03 12:15:00+00:00,113688.6,0.0009709612043241,-0.0027421425643185,-0.0037131037686426
T00074,B1_ALL,BTCUSDT,5m,3,pullback rsi=40,trend,maker_both,LONG,2025-08-10 06:20:00+00:00,117802.9,-0.0031012952211474,-0.0030522216468528,4.9073574294599895e-05
T00054,GAP10,BTCUSDT,5m,3,pullback rsi=40,trend,maker_both,LONG,2025-07-27 20:55:00+00:00,118749.3,0.0015505814930666,-0.0030522216468528,-0.0046028031399194
T00065,GAP25,BTCUSDT,5m,3,pullback rsi=40,trend,maker_both,LONG,2025-08-03 12:15:00+00:00,113688.6,0.0009709612043241,-0.0030522216468528,-0.0040231828511769
T00066,GAP50,BTCUSDT,5m,3,pullback rsi=40,trend,maker_both,LONG,2025-08-03 14:25:00+00:00,113665.6,0.0017829044172926,-0.0030522216468528,-0.0048351260641454
T00075,B1_ALL,BTCUSDT,5m,3,pullback rsi=40,trend,maker_both,LONG,2025-08-10 17:25:00+00:00,118433.3,-0.0026699189570512,-0.0026182251694423,5.1693787608899765e-05
T00055,GAP10,BTCUSDT,5m,3,pullback rsi=40,trend,maker_both,LONG,2025-07-28 00:50:00+00:00,119140.1,0.0022638657246499,-0.0026182251694423,-0.0048820908940922
T00066,GAP25,BTCUSDT,5m,3,pullback rsi=40,trend,maker_both,LONG,2025-08-03 14:25:00+00:00,113665.6,0.0017829044172926,-0.0026182251694423,-0.0044011295867349
T00067,GAP50,BTCUSDT,5m,3,pullback rsi=40,trend,maker_both,LONG,2025-08-07 16:45:00+00:00,116051.4,-0.0034143699671509,-0.0026182251694423,0.0007961447977086001
T00076,B1_ALL,BTCUSDT,5m,3,pullback rsi=40,trend,maker_both,LONG,2025-08-11 08:05:00+00:00,121318.3,-0.003397083279689,-0.0035232493323997,-0.00012616605271070043
T00047,GAP0,BTCUSDT,5m,3,pullback rsi=40,trend,maker_both,LONG,2025-07-18 04:20:00+00:00,119840.5,0.0030718047099796,-0.0035232493323997,-0.0065950540423793
T00056,GAP10,BTCUSDT,5m,3,pullback rsi=40,trend,maker_both,LONG,2025-07-28 07:05:00+00:00,119243.6,-0.0022623796755015,-0.0035232493323997,-0.0012608696568982003
T00067,GAP25,BTCUSDT,5m,3,pullback rsi=40,trend,maker_both,LONG,2025-08-07 16:45:00+00:00,116051.4,-0.0034143699671509,-0.0035232493323997,-0.00010887936524880005
T00068,GAP50,BTCUSDT,5m,3,pullback rsi=40,trend,maker_both,LONG,2025-08-07 16:55:00+00:00,116145.6,0.0040628935479724,-0.0035232493323997,-0.0075861428803721005
T00077,B1_ALL,BTCUSDT,5m,3,pullback rsi=40,trend,maker_both,SHORT,2025-08-12 01:10:00+00:00,119052.3,-0.0001390290204764,-0.0031720070276082,-0.0030329780071318003
T00052,GAP0,BTCUSDT,5m,3,pullback rsi=40,trend,maker_both,SHORT,2025-07-25 16:50:00+00:00,116034.4,-0.0043200840034682,-0.0031720070276082,0.0011480769758599996
T00052,GAP10,BTCUSDT,5m,3,pullback rsi=40,trend,maker_both,SHORT,2025-07-25 16:50:00+00:00,116034.4,-0.0043200840034682,-0.0031720070276082,0.0011480769758599996
T00060,GAP25,BTCUSDT,5m,3,pullback rsi=40,trend,maker_both,SHORT,2025-08-02 00:50:00+00:00,113683.8,-0.0020593495481812,-0.0031720070276082,-0.0011126574794270002
T00063,GAP50,BTCUSDT,5m,3,pullback rsi=40,trend,maker_both,SHORT,2025-08-02 21:00:00+00:00,112750.3,0.0009460895039367,-0.0031720070276082,-0.0041180965315449
T00078,B1_ALL,BTCUSDT,5m,4,pullback rsi=35,all,maker_both,LONG,2025-08-13 01:00:00+00:00,119665.3,-0.0022475383196038,-0.0022419079236254,5.630395978399767e-06
T00079,B1_ALL,BTCUSDT,5m,4,pullback rsi=35,all,maker_both,LONG,2025-08-14 04:15:00+00:00,123161.2,0.0006304456819977,-0.0024917285798435,-0.0031221742618412
T00078,GAP0,BTCUSDT,5m,4,pullback rsi=35,all,maker_both,LONG,2025-08-13 01:00:00+00:00,119665.3,-0.0022475383196038,-0.0024917285798435,-0.00024419026023970005
T00078,GAP10,BTCUSDT,5m,4,pullback rsi=35,all,maker_both,LONG,2025-08-13 01:00:00+00:00,119665.3,-0.0022475383196038,-0.0024917285798435,-0.00024419026023970005
T00078,GAP25,BTCUSDT,5m,4,pullback rsi=35,all,maker_both,LONG,2025-08-13 01:00:00+00:00,119665.3,-0.0022475383196038,-0.0024917285798435,-0.00024419026023970005
T00078,GAP50,BTCUSDT,5m,4,pullback rsi=35,all,maker_both,LONG,2025-08-13 01:00:00+00:00,119665.3,-0.0022475383196038,-0.0024917285798435,-0.00024419026023970005
T00080,B1_ALL,BTCUSDT,5m,4,pullback rsi=35,all,maker_both,LONG,2025-08-17 13:10:00+00:00,118061.2,-0.0005235522129375,-0.0005251206734299,-1.5684604923999314e-06
T00081,B1_ALL,BTCUSDT,5m,4,pullback rsi=35,all,maker_both,LONG,2025-08-21 00:20:00+00:00,113995.2,8.96613993772808e-06,7.833957867854104e-06,-1.132182069873977e-06
T00079,GAP0,BTCUSDT,5m,4,pullback rsi=35,all,maker_both,LONG,2025-08-14 04:15:00+00:00,123161.2,0.0006304456819977,7.833957867854104e-06,-0.000622611724129846
T00079,GAP10,BTCUSDT,5m,4,pullback rsi=35,all,maker_both,LONG,2025-08-14 04:15:00+00:00,123161.2,0.0006304456819977,7.833957867854104e-06,-0.000622611724129846
T00079,GAP25,BTCUSDT,5m,4,pullback rsi=35,all,maker_both,LONG,2025-08-14 04:15:00+00:00,123161.2,0.0006304456819977,7.833957867854104e-06,-0.000622611724129846
T00079,GAP50,BTCUSDT,5m,4,pullback rsi=35,all,maker_both,LONG,2025-08-14 04:15:00+00:00,123161.2,0.0006304456819977,7.833957867854104e-06,-0.000622611724129846
T00082,B1_ALL,BTCUSDT,5m,4,pullback rsi=35,all,maker_both,LONG,2025-08-27 19:15:00+00:00,111623.6,0.0014015219871544,0.00145922434148,5.7702354325599864e-05
T00080,GAP0,BTCUSDT,5m,4,pullback rsi=35,all,maker_both,LONG,2025-08-17 13:10:00+00:00,118061.2,-0.0005235522129375,0.00145922434148,0.0019827765544175
T00080,GAP10,BTCUSDT,5m,4,pullback rsi=35,all,maker_both,LONG,2025-08-17 13:10:00+00:00,118061.2,-0.0005235522129375,0.00145922434148,0.0019827765544175
T00080,GAP25,BTCUSDT,5m,4,pullback rsi=35,all,maker_both,LONG,2025-08-17 13:10:00+00:00,118061.2,-0.0005235522129375,0.00145922434148,0.0019827765544175
T00080,GAP50,BTCUSDT,5m,4,pullback rsi=35,all,maker_both,LONG,2025-08-17 13:10:00+00:00,118061.2,-0.0005235522129375,0.00145922434148,0.0019827765544175
T00083,B1_ALL,BTCUSDT,5m,4,pullback rsi=35,all,maker_both,SHORT,2025-08-29 12:25:00+00:00,110290.6,-0.0022966877688888,-0.0022660379046575,3.0649864231299586e-05
T00083,GAP10,BTCUSDT,5m,4,pullback rsi=35,all,maker_both,SHORT,2025-08-29 12:25:00+00:00,110290.6,-0.0022966877688888,-0.0022660379046575,3.0649864231299586e-05
T00083,GAP25,BTCUSDT,5m,4,pullback rsi=35,all,maker_both,SHORT,2025-08-29 12:25:00+00:00,110290.6,-0.0022966877688888,-0.0022660379046575,3.0649864231299586e-05
T00083,GAP50,BTCUSDT,5m,4,pullback rsi=35,all,maker_both,SHORT,2025-08-29 12:25:00+00:00,110290.6,-0.0022966877688888,-0.0022660379046575,3.0649864231299586e-05
T00084,B1_ALL,BTCUSDT,5m,4,pullback rsi=35,all,maker_both,LONG,2025-08-31 04:15:00+00:00,108972.0,-0.0019260717310565,-0.0019091302506797,1.6941480376799888e-05
T00085,B1_ALL,BTCUSDT,5m,4,pullback rsi=35,all,maker_both,LONG,2025-09-01 10:30:00+00:00,108826.0,-0.0028228901513276,-0.0030180195499974,-0.0001951293986697999
T00086,B1_ALL,BTCUSDT,5m,4,pullback rsi=35,all,maker_both,SHORT,2025-09-04 18:10:00+00:00,110045.9,0.0009015119290226,0.0008977881589523,-3.7237700703000257e-06
T00086,GAP25,BTCUSDT,5m,4,pullback rsi=35,all,maker_both,SHORT,2025-09-04 18:10:00+00:00,110045.9,0.0009015119290226,0.0008977881589523,-3.7237700703000257e-06
T00086,GAP50,BTCUSDT,5m,4,pullback rsi=35,all,maker_both,SHORT,2025-09-04 18:10:00+00:00,110045.9,0.0009015119290226,0.0008977881589523,-3.7237700703000257e-06
T00087,B1_ALL,BTCUSDT,5m,4,pullback rsi=35,all,maker_both,LONG,2025-09-05 09:35:00+00:00,112132.1,0.0004825055521177,0.0004618269837289,-2.0678568388799996e-05
T00081,GAP0,BTCUSDT,5m,4,pullback rsi=35,all,maker_both,LONG,2025-08-21 00:20:00+00:00,113995.2,8.96613993772808e-06,0.0004618269837289,0.00045286084379117194
T00081,GAP10,BTCUSDT,5m,4,pullback rsi=35,all,maker_both,LONG,2025-08-21 00:20:00+00:00,113995.2,8.96613993772808e-06,0.0004618269837289,0.00045286084379117194
T00081,GAP25,BTCUSDT,5m,4,pullback rsi=35,all,maker_both,LONG,2025-08-21 00:20:00+00:00,113995.2,8.96613993772808e-06,0.0004618269837289,0.00045286084379117194
T00081,GAP50,BTCUSDT,5m,4,pullback rsi=35,all,maker_both,LONG,2025-08-21 00:20:00+00:00,113995.2,8.96613993772808e-06,0.0004618269837289,0.00045286084379117194
T00088,B1_ALL,BTCUSDT,5m,4,pullback rsi=35,all,maker_both,LONG,2025-09-05 14:15:00+00:00,112194.4,-0.0038875767173935,-0.0044612003533173,-0.0005736236359238003
T00089,B1_ALL,BTCUSDT,5m,4,pullback rsi=35,all,maker_both,SHORT,2025-09-05 18:40:00+00:00,111139.4,-0.0027512089930047,-0.0027076088270525,4.3600165952199874e-05
T00089,GAP25,BTCUSDT,5m,4,pullback rsi=35,all,maker_both,SHORT,2025-09-05 18:40:00+00:00,111139.4,-0.0027512089930047,-0.0027076088270525,4.3600165952199874e-05
T00089,GAP50,BTCUSDT,5m,4,pullback rsi=35,all,maker_both,SHORT,2025-09-05 18:40:00+00:00,111139.4,-0.0027512089930047,-0.0027076088270525,4.3600165952199874e-05
T00090,B1_ALL,BTCUSDT,5m,4,pullback rsi=35,all,maker_both,SHORT,2025-09-06 12:15:00+00:00,110816.9,-0.0005570607798991,-0.0005846846655882,-2.7623885689100026e-05
T00083,GAP0,BTCUSDT,5m,4,pullback rsi=35,all,maker_both,SHORT,2025-08-29 12:25:00+00:00,110290.6,-0.0022966877688888,-0.0005846846655882,0.0017120031033005998
T00086,GAP10,BTCUSDT,5m,4,pullback rsi=35,all,maker_both,SHORT,2025-09-04 18:10:00+00:00,110045.9,0.0009015119290226,-0.0005846846655882,-0.0014861965946108
T00090,GAP25,BTCUSDT,5m,4,pullback rsi=35,all,maker_both,SHORT,2025-09-06 12:15:00+00:00,110816.9,-0.0005570607798991,-0.0005846846655882,-2.7623885689100026e-05
T00090,GAP50,BTCUSDT,5m,4,pullback rsi=35,all,maker_both,SHORT,2025-09-06 12:15:00+00:00,110816.9,-0.0005570607798991,-0.0005846846655882,-2.7623885689100026e-05
T00091,B1_ALL,BTCUSDT,5m,4,pullback rsi=35,all,maker_both,LONG,2025-09-09 10:30:00+00:00,112658.7,3.986522492749421e-05,5.163361444349233e-05,1.1768389515998117e-05
T00082,GAP0,BTCUSDT,5m,4,pullback rsi=35,all,maker_both,LONG,2025-08-27 19:15:00+00:00,111623.6,0.0014015219871544,5.163361444349233e-05,-0.0013498883727109078
T00082,GAP10,BTCUSDT,5m,4,pullback rsi=35,all,maker_both,LONG,2025-08-27 19:15:00+00:00,111623.6,0.0014015219871544,5.163361444349233e-05,-0.0013498883727109078
T00082,GAP25,BTCUSDT,5m,4,pullback rsi=35,all,maker_both,LONG,2025-08-27 19:15:00+00:00,111623.6,0.0014015219871544,5.163361444349233e-05,-0.0013498883727109078
T00082,GAP50,BTCUSDT,5m,4,pullback rsi=35,all,maker_both,LONG,2025-08-27 19:15:00+00:00,111623.6,0.0014015219871544,5.163361444349233e-05,-0.0013498883727109078
T00092,B1_ALL,BTCUSDT,5m,4,pullback rsi=35,all,maker_both,LONG,2025-09-13 01:45:00+00:00,115800.0,-0.002001536078761,-0.0019753474083316,2.6188670429399836e-05
T00084,GAP0,BTCUSDT,5m,4,pullback rsi=35,all,maker_both,LONG,2025-08-31 04:15:00+00:00,108972.0,-0.0019260717310565,-0.0019753474083316,-4.9275677275100035e-05
T00084,GAP10,BTCUSDT,5m,4,pullback rsi=35,all,maker_both,LONG,2025-08-31 04:15:00+00:00,108972.0,-0.0019260717310565,-0.0019753474083316,-4.9275677275100035e-05
T00084,GAP25,BTCUSDT,5m,4,pullback rsi=35,all,maker_both,LONG,2025-08-31 04:15:00+00:00,108972.0,-0.0019260717310565,-0.0019753474083316,-4.9275677275100035e-05
T00084,GAP50,BTCUSDT,5m,4,pullback rsi=35,all,maker_both,LONG,2025-08-31 04:15:00+00:00,108972.0,-0.0019260717310565,-0.0019753474083316,-4.9275677275100035e-05
T00093,B1_ALL,BTCUSDT,5m,4,pullback rsi=35,all,maker_both,LONG,2025-09-15 07:45:00+00:00,115761.8,-0.0025257168308486,-0.0025619105533604,-3.619372251180029e-05
T00094,B1_ALL,BTCUSDT,5m,4,pullback rsi=35,all,maker_both,LONG,2025-09-17 08:35:00+00:00,116705.3,-0.0020558676536466,-0.0020795680947017,-2.370044105510019e-05
T00085,GAP0,BTCUSDT,5m,4,pullback rsi=35,all,maker_both,LONG,2025-09-01 10:30:00+00:00,108826.0,-0.0028228901513276,-0.0020795680947017,0.0007433220566259
T00085,GAP10,BTCUSDT,5m,4,pullback rsi=35,all,maker_both,LONG,2025-09-01 10:30:00+00:00,108826.0,-0.0028228901513276,-0.0020795680947017,0.0007433220566259
T00085,GAP25,BTCUSDT,5m,4,pullback rsi=35,all,maker_both,LONG,2025-09-01 10:30:00+00:00,108826.0,-0.0028228901513276,-0.0020795680947017,0.0007433220566259
T00085,GAP50,BTCUSDT,5m,4,pullback rsi=35,all,maker_both,LONG,2025-09-01 10:30:00+00:00,108826.0,-0.0028228901513276,-0.0020795680947017,0.0007433220566259
T00095,B1_ALL,BTCUSDT,5m,4,pullback rsi=35,all,maker_both,SHORT,2025-09-17 17:45:00+00:00,115979.3,0.0005852665195963,-0.0024676673627724,-0.0030529338823687
T00086,GAP0,BTCUSDT,5m,4,pullback rsi=35,all,maker_both,SHORT,2025-09-04 18:10:00+00:00,110045.9,0.0009015119290226,-0.0024676673627724,-0.003369179291795
T00089,GAP10,BTCUSDT,5m,4,pullback rsi=35,all,maker_both,SHORT,2025-09-05 18:40:00+00:00,111139.4,-0.0027512089930047,-0.0024676673627724,0.00028354163023229994
T00095,GAP25,BTCUSDT,5m,4,pullback rsi=35,all,maker_both,SHORT,2025-09-17 17:45:00+00:00,115979.3,0.0005852665195963,-0.0024676673627724,-0.0030529338823687
T00095,GAP50,BTCUSDT,5m,4,pullback rsi=35,all,maker_both,SHORT,2025-09-17 17:45:00+00:00,115979.3,0.0005852665195963,-0.0024676673627724,-0.0030529338823687
T00096,B1_ALL,BTCUSDT,5m,4,pullback rsi=35,all,maker_both,LONG,2025-09-18 06:30:00+00:00,116907.0,0.0004469497149307,0.000440856382983,-6.093331947699997e-06
T00087,GAP0,BTCUSDT,5m,4,pullback rsi=35,all,maker_both,LONG,2025-09-05 09:35:00+00:00,112132.1,0.0004825055521177,0.000440856382983,-4.16491691347e-05
T00087,GAP10,BTCUSDT,5m,4,pullback rsi=35,all,maker_both,LONG,2025-09-05 09:35:00+00:00,112132.1,0.0004825055521177,0.000440856382983,-4.16491691347e-05
T00087,GAP25,BTCUSDT,5m,4,pullback rsi=35,all,maker_both,LONG,2025-09-05 09:35:00+00:00,112132.1,0.0004825055521177,0.000440856382983,-4.16491691347e-05
T00087,GAP50,BTCUSDT,5m,4,pullback rsi=35,all,maker_both,LONG,2025-09-05 09:35:00+00:00,112132.1,0.0004825055521177,0.000440856382983,-4.16491691347e-05
T00097,B1_ALL,BTCUSDT,5m,4,pullback rsi=35,all,maker_both,LONG,2025-09-18 19:35:00+00:00,117250.1,-0.002160881914024,-0.002195280388878,-3.4398474854000025e-05
T00088,GAP0,BTCUSDT,5m,4,pullback rsi=35,all,maker_both,LONG,2025-09-05 14:15:00+00:00,112194.4,-0.0038875767173935,-0.002195280388878,0.0016922963285154998
T00088,GAP10,BTCUSDT,5m,4,pullback rsi=35,all,maker_both,LONG,2025-09-05 14:15:00+00:00,112194.4,-0.0038875767173935,-0.002195280388878,0.0016922963285154998
T00088,GAP25,BTCUSDT,5m,4,pullback rsi=35,all,maker_both,LONG,2025-09-05 14:15:00+00:00,112194.4,-0.0038875767173935,-0.002195280388878,0.0016922963285154998
T00088,GAP50,BTCUSDT,5m,4,pullback rsi=35,all,maker_both,LONG,2025-09-05 14:15:00+00:00,112194.4,-0.0038875767173935,-0.002195280388878,0.0016922963285154998
T00098,B1_ALL,BTCUSDT,5m,4,pullback rsi=35,all,maker_both,SHORT,2025-09-19 22:10:00+00:00,115530.1,-0.0017674886781636,-0.000333868473045,0.0014336202051185999
T00098,GAP50,BTCUSDT,5m,4,pullback rsi=35,all,maker_both,SHORT,2025-09-19 22:10:00+00:00,115530.1,-0.0017674886781636,-0.000333868473045,0.0014336202051185999
T00099,B1_ALL,BTCUSDT,5m,4,pullback rsi=35,all,maker_both,SHORT,2025-09-21 06:00:00+00:00,115623.9,-0.0014111331845458,-0.0014323321099973,-2.119892545149999e-05
T00099,GAP50,BTCUSDT,5m,4,pullback rsi=35,all,maker_both,SHORT,2025-09-21 06:00:00+00:00,115623.9,-0.0014111331845458,-0.0014323321099973,-2.119892545149999e-05
T00100,B1_ALL,BTCUSDT,5m,4,pullback rsi=35,all,maker_both,SHORT,2025-09-22 20:55:00+00:00,112727.1,-0.0024969162317347,-0.0025511848061716,-5.426857443690007e-05
T00090,GAP10,BTCUSDT,5m,4,pullback rsi=35,all,maker_both,SHORT,2025-09-06 12:15:00+00:00,110816.9,-0.0005570607798991,-0.0025511848061716,-0.0019941240262725
T00098,GAP25,BTCUSDT,5m,4,pullback rsi=35,all,maker_both,SHORT,2025-09-19 22:10:00+00:00,115530.1,-0.0017674886781636,-0.0025511848061716,-0.0007836961280080002
T00100,GAP50,BTCUSDT,5m,4,pullback rsi=35,all,maker_both,SHORT,2025-09-22 20:55:00+00:00,112727.1,-0.0024969162317347,-0.0025511848061716,-5.426857443690007e-05
T00101,B1_ALL,BTCUSDT,5m,4,pullback rsi=35,all,maker_both,LONG,2025-09-24 19:45:00+00:00,113278.1,0.0001486884564402,0.0001474380252392,-1.2504312009999855e-06
T00091,GAP0,BTCUSDT,5m,4,pullback rsi=35,all,maker_both,LONG,2025-09-09 10:30:00+00:00,112658.7,3.986522492749421e-05,0.0001474380252392,0.0001075728003117058
T00091,GAP10,BTCUSDT,5m,4,pullback rsi=35,all,maker_both,LONG,2025-09-09 10:30:00+00:00,112658.7,3.986522492749421e-05,0.0001474380252392,0.0001075728003117058
T00091,GAP25,BTCUSDT,5m,4,pullback rsi=35,all,maker_both,LONG,2025-09-09 10:30:00+00:00,112658.7,3.986522492749421e-05,0.0001474380252392,0.0001075728003117058
T00091,GAP50,BTCUSDT,5m,4,pullback rsi=35,all,maker_both,LONG,2025-09-09 10:30:00+00:00,112658.7,3.986522492749421e-05,0.0001474380252392,0.0001075728003117058
T00102,B1_ALL,BTCUSDT,5m,4,pullback rsi=35,all,maker_both,SHORT,2025-09-26 12:45:00+00:00,109457.3,0.0015317921402168,0.0015026828413357,-2.910929888109981e-05
T00089,GAP0,BTCUSDT,5m,4,pullback rsi=35,all,maker_both,SHORT,2025-09-05 18:40:00+00:00,111139.4,-0.0027512089930047,0.0015026828413357,0.0042538918343404
T00095,GAP10,BTCUSDT,5m,4,pullback rsi=35,all,maker_both,SHORT,2025-09-17 17:45:00+00:00,115979.3,0.0005852665195963,0.0015026828413357,0.0009174163217394001
T00099,GAP25,BTCUSDT,5m,4,pullback rsi=35,all,maker_both,SHORT,2025-09-21 06:00:00+00:00,115623.9,-0.0014111331845458,0.0015026828413357,0.0029138160258815
T00102,GAP50,BTCUSDT,5m,4,pullback rsi=35,all,maker_both,SHORT,2025-09-26 12:45:00+00:00,109457.3,0.0015317921402168,0.0015026828413357,-2.910929888109981e-05
T00103,B1_ALL,BTCUSDT,5m,5,pullback rsi=35,trend,maker_both,SHORT,2025-09-27 11:00:00+00:00,109385.4,-0.000374983593267,-0.0003981092528676,-2.312565960060003e-05
T00103,GAP0,BTCUSDT,5m,5,pullback rsi=35,trend,maker_both,SHORT,2025-09-27 11:00:00+00:00,109385.4,-0.000374983593267,-0.0003981092528676,-2.312565960060003e-05
T00103,GAP10,BTCUSDT,5m,5,pullback rsi=35,trend,maker_both,SHORT,2025-09-27 11:00:00+00:00,109385.4,-0.000374983593267,-0.0003981092528676,-2.312565960060003e-05
T00103,GAP25,BTCUSDT,5m,5,pullback rsi=35,trend,maker_both,SHORT,2025-09-27 11:00:00+00:00,109385.4,-0.000374983593267,-0.0003981092528676,-2.312565960060003e-05
T00103,GAP50,BTCUSDT,5m,5,pullback rsi=35,trend,maker_both,SHORT,2025-09-27 11:00:00+00:00,109385.4,-0.000374983593267,-0.0003981092528676,-2.312565960060003e-05
T00104,B1_ALL,BTCUSDT,5m,5,pullback rsi=35,trend,maker_both,SHORT,2025-09-30 13:40:00+00:00,113355.5,-0.0023911584775493,-0.0024641290816603,-7.297060411099983e-05
T00105,B1_ALL,BTCUSDT,5m,5,pullback rsi=35,trend,maker_both,LONG,2025-10-01 17:55:00+00:00,116800.3,0.0013188986200344,0.0012876759997929,-3.122262024149989e-05
T00105,GAP50,BTCUSDT,5m,5,pullback rsi=35,trend,maker_both,LONG,2025-10-01 17:55:00+00:00,116800.3,0.0013188986200344,0.0012876759997929,-3.122262024149989e-05
T00106,B1_ALL,BTCUSDT,5m,5,pullback rsi=35,trend,maker_both,LONG,2025-10-02 15:05:00+00:00,118515.6,0.0018252895479321,0.0020829012518247,0.00025761170389259984
T00105,GAP0,BTCUSDT,5m,5,pullback rsi=35,trend,maker_both,LONG,2025-10-01 17:55:00+00:00,116800.3,0.0013188986200344,0.0020829012518247,0.0007640026317902999
T00105,GAP10,BTCUSDT,5m,5,pullback rsi=35,trend,maker_both,LONG,2025-10-01 17:55:00+00:00,116800.3,0.0013188986200344,0.0020829012518247,0.0007640026317902999
T00105,GAP25,BTCUSDT,5m,5,pullback rsi=35,trend,maker_both,LONG,2025-10-01 17:55:00+00:00,116800.3,0.0013188986200344,0.0020829012518247,0.0007640026317902999
T00106,GAP50,BTCUSDT,5m,5,pullback rsi=35,trend,maker_both,LONG,2025-10-02 15:05:00+00:00,118515.6,0.0018252895479321,0.0020829012518247,0.00025761170389259984
T00107,B1_ALL,BTCUSDT,5m,5,pullback rsi=35,trend,maker_both,LONG,2025-10-24 11:35:00+00:00,110799.9,0.0007943764205645,0.0008302972262531,3.592080568860009e-05
T00106,GAP0,BTCUSDT,5m,5,pullback rsi=35,trend,maker_both,LONG,2025-10-02 15:05:00+00:00,118515.6,0.0018252895479321,0.0008302972262531,-0.000994992321679
T00106,GAP10,BTCUSDT,5m,5,pullback rsi=35,trend,maker_both,LONG,2025-10-02 15:05:00+00:00,118515.6,0.0018252895479321,0.0008302972262531,-0.000994992321679
T00106,GAP25,BTCUSDT,5m,5,pullback rsi=35,trend,maker_both,LONG,2025-10-02 15:05:00+00:00,118515.6,0.0018252895479321,0.0008302972262531,-0.000994992321679
T00107,GAP50,BTCUSDT,5m,5,pullback rsi=35,trend,maker_both,LONG,2025-10-24 11:35:00+00:00,110799.9,0.0007943764205645,0.0008302972262531,3.592080568860009e-05
T00108,B1_ALL,BTCUSDT,5m,5,pullback rsi=35,trend,maker_both,SHORT,2025-11-03 17:40:00+00:00,107430.4,0.000984362023963,0.0037660025396984,0.0027816405157354003
T00104,GAP0,BTCUSDT,5m,5,pullback rsi=35,trend,maker_both,SHORT,2025-09-30 13:40:00+00:00,113355.5,-0.0023911584775493,0.0037660025396984,0.0061571610172477
T00104,GAP10,BTCUSDT,5m,5,pullback rsi=35,trend,maker_both,SHORT,2025-09-30 13:40:00+00:00,113355.5,-0.0023911584775493,0.0037660025396984,0.0061571610172477
T00104,GAP25,BTCUSDT,5m,5,pullback rsi=35,trend,maker_both,SHORT,2025-09-30 13:40:00+00:00,113355.5,-0.0023911584775493,0.0037660025396984,0.0061571610172477
T00104,GAP50,BTCUSDT,5m,5,pullback rsi=35,trend,maker_both,SHORT,2025-09-30 13:40:00+00:00,113355.5,-0.0023911584775493,0.0037660025396984,0.0061571610172477
T00109,B1_ALL,BTCUSDT,5m,5,pullback rsi=35,trend,maker_both,LONG,2025-11-10 08:40:00+00:00,105865.9,0.0007683411113391,0.0007810647494378,1.272363809869993e-05
T00107,GAP0,BTCUSDT,5m,5,pullback rsi=35,trend,maker_both,LONG,2025-10-24 11:35:00+00:00,110799.9,0.0007943764205645,0.0007810647494378,-1.3311671126700012e-05
T00107,GAP10,BTCUSDT,5m,5,pullback rsi=35,trend,maker_both,LONG,2025-10-24 11:35:00+00:00,110799.9,0.0007943764205645,0.0007810647494378,-1.3311671126700012e-05
T00107,GAP25,BTCUSDT,5m,5,pullback rsi=35,trend,maker_both,LONG,2025-10-24 11:35:00+00:00,110799.9,0.0007943764205645,0.0007810647494378,-1.3311671126700012e-05
T00109,GAP50,BTCUSDT,5m,5,pullback rsi=35,trend,maker_both,LONG,2025-11-10 08:40:00+00:00,105865.9,0.0007683411113391,0.0007810647494378,1.272363809869993e-05
T00110,B1_ALL,BTCUSDT,5m,6,pullback rsi=35,all,maker_both,LONG,2025-11-13 09:10:00+00:00,102771.2,-0.0033895533363683,-0.0013196286922749,0.0020699246440934
T00110,GAP0,BTCUSDT,5m,6,pullback rsi=35,all,maker_both,LONG,2025-11-13 09:10:00+00:00,102771.2,-0.0033895533363683,-0.0013196286922749,0.0020699246440934
T00110,GAP10,BTCUSDT,5m,6,pullback rsi=35,all,maker_both,LONG,2025-11-13 09:10:00+00:00,102771.2,-0.0033895533363683,-0.0013196286922749,0.0020699246440934
T00110,GAP25,BTCUSDT,5m,6,pullback rsi=35,all,maker_both,LONG,2025-11-13 09:10:00+00:00,102771.2,-0.0033895533363683,-0.0013196286922749,0.0020699246440934
T00110,GAP50,BTCUSDT,5m,6,pullback rsi=35,all,maker_both,LONG,2025-11-13 09:10:00+00:00,102771.2,-0.0033895533363683,-0.0013196286922749,0.0020699246440934
T00111,B1_ALL,BTCUSDT,5m,6,pullback rsi=35,all,maker_both,SHORT,2025-11-13 22:25:00+00:00,99412.1,-0.0040248158867143,-0.0039561545366051,6.866135010920055e-05
T00111,GAP25,BTCUSDT,5m,6,pullback rsi=35,all,maker_both,SHORT,2025-11-13 22:25:00+00:00,99412.1,-0.0040248158867143,-0.0039561545366051,6.866135010920055e-05
T00111,GAP50,BTCUSDT,5m,6,pullback rsi=35,all,maker_both,SHORT,2025-11-13 22:25:00+00:00,99412.1,-0.0040248158867143,-0.0039561545366051,6.866135010920055e-05
T00112,B1_ALL,BTCUSDT,5m,6,pullback rsi=35,all,maker_both,SHORT,2025-11-13 22:45:00+00:00,99740.5,-0.003900105912904,-0.0038791798105393,2.092610236469972e-05
T00111,GAP0,BTCUSDT,5m,6,pullback rsi=35,all,maker_both,SHORT,2025-11-13 22:25:00+00:00,99412.1,-0.0040248158867143,-0.0038791798105393,0.0001456360761750001
T00111,GAP10,BTCUSDT,5m,6,pullback rsi=35,all,maker_both,SHORT,2025-11-13 22:25:00+00:00,99412.1,-0.0040248158867143,-0.0038791798105393,0.0001456360761750001
T00112,GAP25,BTCUSDT,5m,6,pullback rsi=35,all,maker_both,SHORT,2025-11-13 22:45:00+00:00,99740.5,-0.003900105912904,-0.0038791798105393,2.092610236469972e-05
T00112,GAP50,BTCUSDT,5m,6,pullback rsi=35,all,maker_both,SHORT,2025-11-13 22:45:00+00:00,99740.5,-0.003900105912904,-0.0038791798105393,2.092610236469972e-05
T00113,B1_ALL,BTCUSDT,5m,6,pullback rsi=35,all,maker_both,SHORT,2025-11-14 14:55:00+00:00,96492.6,-0.0061197079743171,-0.0059932014001483,0.00012650657416880037
T00112,GAP10,BTCUSDT,5m,6,pullback rsi=35,all,maker_both,SHORT,2025-11-13 22:45:00+00:00,99740.5,-0.003900105912904,-0.0059932014001483,-0.0020930954872443
T00113,GAP25,BTCUSDT,5m,6,pullback rsi=35,all,maker_both,SHORT,2025-11-14 14:55:00+00:00,96492.6,-0.0061197079743171,-0.0059932014001483,0.00012650657416880037
T00113,GAP50,BTCUSDT,5m,6,pullback rsi=35,all,maker_both,SHORT,2025-11-14 14:55:00+00:00,96492.6,-0.0061197079743171,-0.0059932014001483,0.00012650657416880037
T00114,B1_ALL,BTCUSDT,5m,6,pullback rsi=35,all,maker_both,LONG,2025-11-16 11:15:00+00:00,95909.5,-0.0025876849260312,-0.0026167372573767,-2.905233134549998e-05
T00114,GAP0,BTCUSDT,5m,6,pullback rsi=35,all,maker_both,LONG,2025-11-16 11:15:00+00:00,95909.5,-0.0025876849260312,-0.0026167372573767,-2.905233134549998e-05
T00114,GAP10,BTCUSDT,5m,6,pullback rsi=35,all,maker_both,LONG,2025-11-16 11:15:00+00:00,95909.5,-0.0025876849260312,-0.0026167372573767,-2.905233134549998e-05
T00114,GAP25,BTCUSDT,5m,6,pullback rsi=35,all,maker_both,LONG,2025-11-16 11:15:00+00:00,95909.5,-0.0025876849260312,-0.0026167372573767,-2.905233134549998e-05
T00114,GAP50,BTCUSDT,5m,6,pullback rsi=35,all,maker_both,LONG,2025-11-16 11:15:00+00:00,95909.5,-0.0025876849260312,-0.0026167372573767,-2.905233134549998e-05
T00115,B1_ALL,BTCUSDT,5m,6,pullback rsi=35,all,maker_both,SHORT,2025-11-16 18:15:00+00:00,95152.0,0.0040791075897225,0.0041135296349096,3.442204518709982e-05
T00112,GAP0,BTCUSDT,5m,6,pullback rsi=35,all,maker_both,SHORT,2025-11-13 22:45:00+00:00,99740.5,-0.003900105912904,0.0041135296349096,0.0080136355478136
T00113,GAP10,BTCUSDT,5m,6,pullback rsi=35,all,maker_both,SHORT,2025-11-14 14:55:00+00:00,96492.6,-0.0061197079743171,0.0041135296349096,0.0102332376092267
T00115,GAP25,BTCUSDT,5m,6,pullback rsi=35,all,maker_both,SHORT,2025-11-16 18:15:00+00:00,95152.0,0.0040791075897225,0.0041135296349096,3.442204518709982e-05
T00115,GAP50,BTCUSDT,5m,6,pullback rsi=35,all,maker_both,SHORT,2025-11-16 18:15:00+00:00,95152.0,0.0040791075897225,0.0041135296349096,3.442204518709982e-05
T00116,B1_ALL,BTCUSDT,5m,6,pullback rsi=35,all,maker_both,SHORT,2025-11-18 08:05:00+00:00,90696.3,-0.0036993136199531,-0.0036713160374227,2.7997582530399877e-05
T00115,GAP10,BTCUSDT,5m,6,pullback rsi=35,all,maker_both,SHORT,2025-11-16 18:15:00+00:00,95152.0,0.0040791075897225,-0.0036713160374227,-0.0077504236271452
T00116,GAP25,BTCUSDT,5m,6,pullback rsi=35,all,maker_both,SHORT,2025-11-18 08:05:00+00:00,90696.3,-0.0036993136199531,-0.0036713160374227,2.7997582530399877e-05
T00116,GAP50,BTCUSDT,5m,6,pullback rsi=35,all,maker_both,SHORT,2025-11-18 08:05:00+00:00,90696.3,-0.0036993136199531,-0.0036713160374227,2.7997582530399877e-05
T00117,B1_ALL,BTCUSDT,5m,6,pullback rsi=35,all,maker_both,SHORT,2025-11-19 07:40:00+00:00,91681.3,-0.003630760915827,-0.0035236087402615,0.00010715217556550019
T00117,GAP25,BTCUSDT,5m,6,pullback rsi=35,all,maker_both,SHORT,2025-11-19 07:40:00+00:00,91681.3,-0.003630760915827,-0.0035236087402615,0.00010715217556550019
T00117,GAP50,BTCUSDT,5m,6,pullback rsi=35,all,maker_both,SHORT,2025-11-19 07:40:00+00:00,91681.3,-0.003630760915827,-0.0035236087402615,0.00010715217556550019
T00118,B1_ALL,BTCUSDT,5m,6,pullback rsi=35,all,maker_both,SHORT,2025-11-19 07:55:00+00:00,91792.0,0.0023634405601357,0.0022587941187547,-0.00010464644138100023
T00118,GAP25,BTCUSDT,5m,6,pullback rsi=35,all,maker_both,SHORT,2025-11-19 07:55:00+00:00,91792.0,0.0023634405601357,0.0022587941187547,-0.00010464644138100023
T00118,GAP50,BTCUSDT,5m,6,pullback rsi=35,all,maker_both,SHORT,2025-11-19 07:55:00+00:00,91792.0,0.0023634405601357,0.0022587941187547,-0.00010464644138100023
T00119,B1_ALL,BTCUSDT,5m,6,pullback rsi=35,all,maker_both,SHORT,2025-11-19 21:10:00+00:00,89743.0,-0.0041364167622105,-0.0040906286668695,4.5788095340999584e-05
T00113,GAP0,BTCUSDT,5m,6,pullback rsi=35,all,maker_both,SHORT,2025-11-14 14:55:00+00:00,96492.6,-0.0061197079743171,-0.0040906286668695,0.0020290793074476
T00116,GAP10,BTCUSDT,5m,6,pullback rsi=35,all,maker_both,SHORT,2025-11-18 08:05:00+00:00,90696.3,-0.0036993136199531,-0.0040906286668695,-0.0003913150469164006
T00119,GAP25,BTCUSDT,5m,6,pullback rsi=35,all,maker_both,SHORT,2025-11-19 21:10:00+00:00,89743.0,-0.0041364167622105,-0.0040906286668695,4.5788095340999584e-05
T00119,GAP50,BTCUSDT,5m,6,pullback rsi=35,all,maker_both,SHORT,2025-11-19 21:10:00+00:00,89743.0,-0.0041364167622105,-0.0040906286668695,4.5788095340999584e-05
T00120,B1_ALL,BTCUSDT,5m,6,pullback rsi=35,all,maker_both,LONG,2025-11-20 06:50:00+00:00,91888.2,-0.0031280601141169,0.001778231748034,0.0049062918621509
T00120,GAP50,BTCUSDT,5m,6,pullback rsi=35,all,maker_both,LONG,2025-11-20 06:50:00+00:00,91888.2,-0.0031280601141169,0.001778231748034,0.0049062918621509
T00121,B1_ALL,BTCUSDT,5m,6,pullback rsi=35,all,maker_both,SHORT,2025-11-20 22:15:00+00:00,87861.3,-0.0041787812657396,-0.0041340076833499,4.477358238969952e-05
T00115,GAP0,BTCUSDT,5m,6,pullback rsi=35,all,maker_both,SHORT,2025-11-16 18:15:00+00:00,95152.0,0.0040791075897225,-0.0041340076833499,-0.008213115273072401
T00117,GAP10,BTCUSDT,5m,6,pullback rsi=35,all,maker_both,SHORT,2025-11-19 07:40:00+00:00,91681.3,-0.003630760915827,-0.0041340076833499,-0.0005032467675229004
T00121,GAP25,BTCUSDT,5m,6,pullback rsi=35,all,maker_both,SHORT,2025-11-20 22:15:00+00:00,87861.3,-0.0041787812657396,-0.0041340076833499,4.477358238969952e-05
T00121,GAP50,BTCUSDT,5m,6,pullback rsi=35,all,maker_both,SHORT,2025-11-20 22:15:00+00:00,87861.3,-0.0041787812657396,-0.0041340076833499,4.477358238969952e-05
T00122,B1_ALL,BTCUSDT,5m,6,pullback rsi=35,all,maker_both,SHORT,2025-11-21 13:20:00+00:00,84116.8,0.0083098022327242,-0.0074987040845047,-0.015808506317228903
T00116,GAP0,BTCUSDT,5m,6,pullback rsi=35,all,maker_both,SHORT,2025-11-18 08:05:00+00:00,90696.3,-0.0036993136199531,-0.0074987040845047,-0.0037993904645516005
T00118,GAP10,BTCUSDT,5m,6,pullback rsi=35,all,maker_both,SHORT,2025-11-19 07:55:00+00:00,91792.0,0.0023634405601357,-0.0074987040845047,-0.0098621446446404
T00122,GAP25,BTCUSDT,5m,6,pullback rsi=35,all,maker_both,SHORT,2025-11-21 13:20:00+00:00,84116.8,0.0083098022327242,-0.0074987040845047,-0.015808506317228903
T00122,GAP50,BTCUSDT,5m,6,pullback rsi=35,all,maker_both,SHORT,2025-11-21 13:20:00+00:00,84116.8,0.0083098022327242,-0.0074987040845047,-0.015808506317228903
T00123,B1_ALL,BTCUSDT,5m,6,pullback rsi=35,all,maker_both,LONG,2025-11-23 06:55:00+00:00,85899.9,-0.0028390894185288,-0.0027901685766973,4.892084183149995e-05
T00124,B1_ALL,BTCUSDT,5m,6,pullback rsi=35,all,maker_both,LONG,2025-11-23 23:20:00+00:00,87053.7,-0.0038634658900033,-0.0038714121077318,-7.94621772849972e-06
T00123,GAP50,BTCUSDT,5m,6,pullback rsi=35,all,maker_both,LONG,2025-11-23 06:55:00+00:00,85899.9,-0.0028390894185288,-0.0038714121077318,-0.0010323226892029998
T00125,B1_ALL,BTCUSDT,5m,6,pullback rsi=35,all,maker_both,LONG,2025-11-23 23:30:00+00:00,87029.6,-0.0038253819293366,-0.00384623316163,-2.085123229339991e-05
T00126,B1_ALL,BTCUSDT,5m,6,pullback rsi=35,all,maker_both,LONG,2025-11-24 23:40:00+00:00,88281.9,-0.002862798452058,-0.0028491734900004,1.3624962057600092e-05
T00120,GAP0,BTCUSDT,5m,6,pullback rsi=35,all,maker_both,LONG,2025-11-20 06:50:00+00:00,91888.2,-0.0031280601141169,-0.0028491734900004,0.0002788866241165001
T00120,GAP10,BTCUSDT,5m,6,pullback rsi=35,all,maker_both,LONG,2025-11-20 06:50:00+00:00,91888.2,-0.0031280601141169,-0.0028491734900004,0.0002788866241165001
T00120,GAP25,BTCUSDT,5m,6,pullback rsi=35,all,maker_both,LONG,2025-11-20 06:50:00+00:00,91888.2,-0.0031280601141169,-0.0028491734900004,0.0002788866241165001
T00124,GAP50,BTCUSDT,5m,6,pullback rsi=35,all,maker_both,LONG,2025-11-23 23:20:00+00:00,87053.7,-0.0038634658900033,-0.0028491734900004,0.0010142924000029001
T00127,B1_ALL,BTCUSDT,5m,6,pullback rsi=35,all,maker_both,LONG,2025-11-30 12:00:00+00:00,91000.9,0.0002719139121173,0.0002659089023052,-6.0050098121000334e-06
T00123,GAP10,BTCUSDT,5m,6,pullback rsi=35,all,maker_both,LONG,2025-11-23 06:55:00+00:00,85899.9,-0.0028390894185288,0.0002659089023052,0.0031049983208340003
T00123,GAP25,BTCUSDT,5m,6,pullback rsi=35,all,maker_both,LONG,2025-11-23 06:55:00+00:00,85899.9,-0.0028390894185288,0.0002659089023052,0.0031049983208340003
T00125,GAP50,BTCUSDT,5m,6,pullback rsi=35,all,maker_both,LONG,2025-11-23 23:30:00+00:00,87029.6,-0.0038253819293366,0.0002659089023052,0.0040912908316418
T00128,B1_ALL,BTCUSDT,5m,6,pullback rsi=35,all,maker_both,SHORT,2025-12-01 07:50:00+00:00,86489.0,-0.0029392450281264,-0.0029221972797077,1.7047748418700347e-05
T00117,GAP0,BTCUSDT,5m,6,pullback rsi=35,all,maker_both,SHORT,2025-11-19 07:40:00+00:00,91681.3,-0.003630760915827,-0.0029221972797077,0.0007085636361193002
T00119,GAP10,BTCUSDT,5m,6,pullback rsi=35,all,maker_both,SHORT,2025-11-19 21:10:00+00:00,89743.0,-0.0041364167622105,-0.0029221972797077,0.0012142194825028002
T00128,GAP25,BTCUSDT,5m,6,pullback rsi=35,all,maker_both,SHORT,2025-12-01 07:50:00+00:00,86489.0,-0.0029392450281264,-0.0029221972797077,1.7047748418700347e-05
T00128,GAP50,BTCUSDT,5m,6,pullback rsi=35,all,maker_both,SHORT,2025-12-01 07:50:00+00:00,86489.0,-0.0029392450281264,-0.0029221972797077,1.7047748418700347e-05
T00129,B1_ALL,BTCUSDT,5m,6,pullback rsi=35,all,maker_both,LONG,2025-12-02 20:30:00+00:00,90929.9,-0.0040184155088752,-0.003961103124013,5.7312384862199736e-05
T00123,GAP0,BTCUSDT,5m,6,pullback rsi=35,all,maker_both,LONG,2025-11-23 06:55:00+00:00,85899.9,-0.0028390894185288,-0.003961103124013,-0.0011220137054842
T00124,GAP10,BTCUSDT,5m,6,pullback rsi=35,all,maker_both,LONG,2025-11-23 23:20:00+00:00,87053.7,-0.0038634658900033,-0.003961103124013,-9.763723400969988e-05
T00124,GAP25,BTCUSDT,5m,6,pullback rsi=35,all,maker_both,LONG,2025-11-23 23:20:00+00:00,87053.7,-0.0038634658900033,-0.003961103124013,-9.763723400969988e-05
T00126,GAP50,BTCUSDT,5m,6,pullback rsi=35,all,maker_both,LONG,2025-11-24 23:40:00+00:00,88281.9,-0.002862798452058,-0.003961103124013,-0.001098304671955
T00130,B1_ALL,BTCUSDT,5m,6,pullback rsi=35,all,maker_both,LONG,2025-12-03 00:05:00+00:00,91199.0,0.0012756034186461,-0.0029679591254725,-0.0042435625441186
T00124,GAP0,BTCUSDT,5m,6,pullback rsi=35,all,maker_both,LONG,2025-11-23 23:20:00+00:00,87053.7,-0.0038634658900033,-0.0029679591254725,0.0008955067645308001
T00125,GAP10,BTCUSDT,5m,6,pullback rsi=35,all,maker_both,LONG,2025-11-23 23:30:00+00:00,87029.6,-0.0038253819293366,-0.0029679591254725,0.0008574228038640999
T00125,GAP25,BTCUSDT,5m,6,pullback rsi=35,all,maker_both,LONG,2025-11-23 23:30:00+00:00,87029.6,-0.0038253819293366,-0.0029679591254725,0.0008574228038640999
T00127,GAP50,BTCUSDT,5m,6,pullback rsi=35,all,maker_both,LONG,2025-11-30 12:00:00+00:00,91000.9,0.0002719139121173,-0.0029679591254725,-0.0032398730375898
T00131,B1_ALL,BTCUSDT,5m,6,pullback rsi=35,all,maker_both,LONG,2025-12-04 00:15:00+00:00,92899.1,-0.0034803308236688,-0.0034630501623712,1.7280661297600173e-05
T00125,GAP0,BTCUSDT,5m,6,pullback rsi=35,all,maker_both,LONG,2025-11-23 23:30:00+00:00,87029.6,-0.0038253819293366,-0.0034630501623712,0.00036233176696540007
T00126,GAP10,BTCUSDT,5m,6,pullback rsi=35,all,maker_both,LONG,2025-11-24 23:40:00+00:00,88281.9,-0.002862798452058,-0.0034630501623712,-0.0006002517103131997
T00126,GAP25,BTCUSDT,5m,6,pullback rsi=35,all,maker_both,LONG,2025-11-24 23:40:00+00:00,88281.9,-0.002862798452058,-0.0034630501623712,-0.0006002517103131997
T00129,GAP50,BTCUSDT,5m,6,pullback rsi=35,all,maker_both,LONG,2025-12-02 20:30:00+00:00,90929.9,-0.0040184155088752,-0.0034630501623712,0.0005553653465039999
T00132,B1_ALL,BTCUSDT,5m,6,pullback rsi=35,all,maker_both,LONG,2025-12-07 21:25:00+00:00,90951.9,-0.0025985699868974,-0.0026795691122231,-8.09991253256999e-05
T00133,B1_ALL,BTCUSDT,5m,6,pullback rsi=35,all,maker_both,LONG,2025-12-07 21:40:00+00:00,90619.9,-0.0028889299744012,-0.0029691348596417,-8.020488524049978e-05
T00134,B1_ALL,BTCUSDT,5m,6,pullback rsi=35,all,maker_both,LONG,2025-12-07 21:50:00+00:00,90215.7,-0.0031470344258691,0.001953606930151,0.0051006413560201
T00135,B1_ALL,BTCUSDT,5m,6,pullback rsi=35,all,maker_both,LONG,2025-12-08 12:40:00+00:00,91675.4,0.0005719894282293,0.0006251907598585,5.320133162920002e-05
T00126,GAP0,BTCUSDT,5m,6,pullback rsi=35,all,maker_both,LONG,2025-11-24 23:40:00+00:00,88281.9,-0.002862798452058,0.0006251907598585,0.0034879892119165003
T00127,GAP10,BTCUSDT,5m,6,pullback rsi=35,all,maker_both,LONG,2025-11-30 12:00:00+00:00,91000.9,0.0002719139121173,0.0006251907598585,0.00035327684774119996
T00127,GAP25,BTCUSDT,5m,6,pullback rsi=35,all,maker_both,LONG,2025-11-30 12:00:00+00:00,91000.9,0.0002719139121173,0.0006251907598585,0.00035327684774119996
T00130,GAP50,BTCUSDT,5m,6,pullback rsi=35,all,maker_both,LONG,2025-12-03 00:05:00+00:00,91199.0,0.0012756034186461,0.0006251907598585,-0.0006504126587875999
T00136,B1_ALL,BTCUSDT,5m,6,pullback rsi=35,all,maker_both,LONG,2025-12-09 20:25:00+00:00,92883.0,0.0026859100222339,-0.0008378072113038,-0.0035237172335377
T00127,GAP0,BTCUSDT,5m,6,pullback rsi=35,all,maker_both,LONG,2025-11-30 12:00:00+00:00,91000.9,0.0002719139121173,-0.0008378072113038,-0.0011097211234210999
T00129,GAP10,BTCUSDT,5m,6,pullback rsi=35,all,maker_both,LONG,2025-12-02 20:30:00+00:00,90929.9,-0.0040184155088752,-0.0008378072113038,0.0031806082975714
T00129,GAP25,BTCUSDT,5m,6,pullback rsi=35,all,maker_both,LONG,2025-12-02 20:30:00+00:00,90929.9,-0.0040184155088752,-0.0008378072113038,0.0031806082975714
T00131,GAP50,BTCUSDT,5m,6,pullback rsi=35,all,maker_both,LONG,2025-12-04 00:15:00+00:00,92899.1,-0.0034803308236688,-0.0008378072113038,0.002642523612365
T00137,B1_ALL,BTCUSDT,5m,6,pullback rsi=35,all,maker_both,SHORT,2025-12-11 09:20:00+00:00,90363.8,-0.0024439369258412,-0.0024633213351672,-1.9384409326000072e-05
T00118,GAP0,BTCUSDT,5m,6,pullback rsi=35,all,maker_both,SHORT,2025-11-19 07:55:00+00:00,91792.0,0.0023634405601357,-0.0024633213351672,-0.0048267618953029
T00121,GAP10,BTCUSDT,5m,6,pullback rsi=35,all,maker_both,SHORT,2025-11-20 22:15:00+00:00,87861.3,-0.0041787812657396,-0.0024633213351672,0.0017154599305723999
T00137,GAP25,BTCUSDT,5m,6,pullback rsi=35,all,maker_both,SHORT,2025-12-11 09:20:00+00:00,90363.8,-0.0024439369258412,-0.0024633213351672,-1.9384409326000072e-05
T00137,GAP50,BTCUSDT,5m,6,pullback rsi=35,all,maker_both,SHORT,2025-12-11 09:20:00+00:00,90363.8,-0.0024439369258412,-0.0024633213351672,-1.9384409326000072e-05
T00138,B1_ALL,BTCUSDT,5m,6,pullback rsi=35,all,maker_both,LONG,2025-12-12 01:00:00+00:00,91521.0,0.0027486522161931,0.0028951633304291,0.00014651111423599978
T00129,GAP0,BTCUSDT,5m,6,pullback rsi=35,all,maker_both,LONG,2025-12-02 20:30:00+00:00,90929.9,-0.0040184155088752,0.0028951633304291,0.0069135788393043
T00130,GAP10,BTCUSDT,5m,6,pullback rsi=35,all,maker_both,LONG,2025-12-03 00:05:00+00:00,91199.0,0.0012756034186461,0.0028951633304291,0.001619559911783
T00130,GAP25,BTCUSDT,5m,6,pullback rsi=35,all,maker_both,LONG,2025-12-03 00:05:00+00:00,91199.0,0.0012756034186461,0.0028951633304291,0.001619559911783
T00132,GAP50,BTCUSDT,5m,6,pullback rsi=35,all,maker_both,LONG,2025-12-07 21:25:00+00:00,90951.9,-0.0025985699868974,0.0028951633304291,0.0054937333173265
T00139,B1_ALL,BTCUSDT,5m,6,pullback rsi=35,all,maker_both,SHORT,2025-12-15 23:10:00+00:00,86394.7,0.0014812270756089,0.0014246394607785,-5.6587614830400004e-05
T00122,GAP10,BTCUSDT,5m,6,pullback rsi=35,all,maker_both,SHORT,2025-11-21 13:20:00+00:00,84116.8,0.0083098022327242,0.0014246394607785,-0.0068851627719457
T00139,GAP25,BTCUSDT,5m,6,pullback rsi=35,all,maker_both,SHORT,2025-12-15 23:10:00+00:00,86394.7,0.0014812270756089,0.0014246394607785,-5.6587614830400004e-05
T00139,GAP50,BTCUSDT,5m,6,pullback rsi=35,all,maker_both,SHORT,2025-12-15 23:10:00+00:00,86394.7,0.0014812270756089,0.0014246394607785,-5.6587614830400004e-05
T00140,B1_ALL,BTCUSDT,5m,6,pullback rsi=35,all,maker_both,LONG,2025-12-18 17:05:00+00:00,87575.3,-0.0048047239499976,-0.0054256249392853,-0.0006209009892877001
T00141,B1_ALL,BTCUSDT,5m,6,pullback rsi=35,all,maker_both,SHORT,2025-12-19 02:50:00+00:00,85748.4,-0.0030969771709363,0.0017431067786771,0.0048400839496134
T00142,B1_ALL,BTCUSDT,5m,7,pullback rsi=40,trend,maker_both,LONG,2025-12-26 07:40:00+00:00,88854.1,-0.0044291333739466,-0.0045755235717583,-0.0001463901978116999
T00143,B1_ALL,BTCUSDT,5m,7,pullback rsi=40,trend,maker_both,LONG,2025-12-26 08:00:00+00:00,88433.0,0.0023429685255832,0.0002108225510572,-0.002132145974526
T00142,GAP0,BTCUSDT,5m,7,pullback rsi=40,trend,maker_both,LONG,2025-12-26 07:40:00+00:00,88854.1,-0.0044291333739466,0.0002108225510572,0.0046399559250038
T00142,GAP10,BTCUSDT,5m,7,pullback rsi=40,trend,maker_both,LONG,2025-12-26 07:40:00+00:00,88854.1,-0.0044291333739466,0.0002108225510572,0.0046399559250038
T00142,GAP25,BTCUSDT,5m,7,pullback rsi=40,trend,maker_both,LONG,2025-12-26 07:40:00+00:00,88854.1,-0.0044291333739466,0.0002108225510572,0.0046399559250038
T00142,GAP50,BTCUSDT,5m,7,pullback rsi=40,trend,maker_both,LONG,2025-12-26 07:40:00+00:00,88854.1,-0.0044291333739466,0.0002108225510572,0.0046399559250038
T00144,B1_ALL,BTCUSDT,5m,7,pullback rsi=40,trend,maker_both,LONG,2025-12-26 08:10:00+00:00,88571.5,0.0009752283195666,0.0011914273094933,0.00021619898992669999
T00143,GAP0,BTCUSDT,5m,7,pullback rsi=40,trend,maker_both,LONG,2025-12-26 08:00:00+00:00,88433.0,0.0023429685255832,0.0011914273094933,-0.0011515412160899002
T00143,GAP10,BTCUSDT,5m,7,pullback rsi=40,trend,maker_both,LONG,2025-12-26 08:00:00+00:00,88433.0,0.0023429685255832,0.0011914273094933,-0.0011515412160899002
T00143,GAP25,BTCUSDT,5m,7,pullback rsi=40,trend,maker_both,LONG,2025-12-26 08:00:00+00:00,88433.0,0.0023429685255832,0.0011914273094933,-0.0011515412160899002
T00143,GAP50,BTCUSDT,5m,7,pullback rsi=40,trend,maker_both,LONG,2025-12-26 08:00:00+00:00,88433.0,0.0023429685255832,0.0011914273094933,-0.0011515412160899002
T00145,B1_ALL,BTCUSDT,5m,7,pullback rsi=40,trend,maker_both,LONG,2025-12-29 06:55:00+00:00,89750.3,-0.0036737466764638,-0.0036122061140954,6.154056236840023e-05
T00144,GAP10,BTCUSDT,5m,7,pullback rsi=40,trend,maker_both,LONG,2025-12-26 08:10:00+00:00,88571.5,0.0009752283195666,-0.0036122061140954,-0.004587434433662
T00144,GAP25,BTCUSDT,5m,7,pullback rsi=40,trend,maker_both,LONG,2025-12-26 08:10:00+00:00,88571.5,0.0009752283195666,-0.0036122061140954,-0.004587434433662
T00144,GAP50,BTCUSDT,5m,7,pullback rsi=40,trend,maker_both,LONG,2025-12-26 08:10:00+00:00,88571.5,0.0009752283195666,-0.0036122061140954,-0.004587434433662
T00146,B1_ALL,BTCUSDT,5m,7,pullback rsi=40,trend,maker_both,LONG,2025-12-29 07:15:00+00:00,89615.1,-0.0028109933567548,0.001502610008642,0.0043136033653968005
T00147,B1_ALL,BTCUSDT,5m,7,pullback rsi=40,trend,maker_both,SHORT,2025-12-30 03:55:00+00:00,87333.5,0.001356279927407,0.001326885579146,-2.9394348261000194e-05
T00147,GAP10,BTCUSDT,5m,7,pullback rsi=40,trend,maker_both,SHORT,2025-12-30 03:55:00+00:00,87333.5,0.001356279927407,0.001326885579146,-2.9394348261000194e-05
T00147,GAP25,BTCUSDT,5m,7,pullback rsi=40,trend,maker_both,SHORT,2025-12-30 03:55:00+00:00,87333.5,0.001356279927407,0.001326885579146,-2.9394348261000194e-05
T00147,GAP50,BTCUSDT,5m,7,pullback rsi=40,trend,maker_both,SHORT,2025-12-30 03:55:00+00:00,87333.5,0.001356279927407,0.001326885579146,-2.9394348261000194e-05
T00148,B1_ALL,BTCUSDT,5m,7,pullback rsi=40,trend,maker_both,LONG,2025-12-31 14:40:00+00:00,88595.9,-0.0038000635892311,-0.0038441713361944,-4.410774696330007e-05
T00144,GAP0,BTCUSDT,5m,7,pullback rsi=40,trend,maker_both,LONG,2025-12-26 08:10:00+00:00,88571.5,0.0009752283195666,-0.0038441713361944,-0.004819399655761
T00145,GAP10,BTCUSDT,5m,7,pullback rsi=40,trend,maker_both,LONG,2025-12-29 06:55:00+00:00,89750.3,-0.0036737466764638,-0.0038441713361944,-0.00017042465973059976
T00145,GAP25,BTCUSDT,5m,7,pullback rsi=40,trend,maker_both,LONG,2025-12-29 06:55:00+00:00,89750.3,-0.0036737466764638,-0.0038441713361944,-0.00017042465973059976
T00145,GAP50,BTCUSDT,5m,7,pullback rsi=40,trend,maker_both,LONG,2025-12-29 06:55:00+00:00,89750.3,-0.0036737466764638,-0.0038441713361944,-0.00017042465973059976
T00338,B1_ALL,ETHUSDT,5m,1,pullback rsi=40,range,maker_both,LONG,2025-04-06 06:40:00+00:00,1803.56,-0.0037081747919636,-0.0037387794713513,-3.060467938769979e-05
T00338,GAP0,ETHUSDT,5m,1,pullback rsi=40,range,maker_both,LONG,2025-04-06 06:40:00+00:00,1803.56,-0.0037081747919636,-0.0037387794713513,-3.060467938769979e-05
T00338,GAP10,ETHUSDT,5m,1,pullback rsi=40,range,maker_both,LONG,2025-04-06 06:40:00+00:00,1803.56,-0.0037081747919636,-0.0037387794713513,-3.060467938769979e-05
T00338,GAP25,ETHUSDT,5m,1,pullback rsi=40,range,maker_both,LONG,2025-04-06 06:40:00+00:00,1803.56,-0.0037081747919636,-0.0037387794713513,-3.060467938769979e-05
T00338,GAP50,ETHUSDT,5m,1,pullback rsi=40,range,maker_both,LONG,2025-04-06 06:40:00+00:00,1803.56,-0.0037081747919636,-0.0037387794713513,-3.060467938769979e-05
T00339,B1_ALL,ETHUSDT,5m,1,pullback rsi=40,range,maker_both,LONG,2025-04-17 19:15:00+00:00,1595.19,-0.0079400666797534,-0.0014008545482748,0.0065392121314786006
T00340,B1_ALL,ETHUSDT,5m,1,pullback rsi=40,range,maker_both,LONG,2025-04-18 23:05:00+00:00,1590.39,-0.0038336332179305,-0.0038616687685276,-2.803555059710007e-05
T00339,GAP50,ETHUSDT,5m,1,pullback rsi=40,range,maker_both,LONG,2025-04-17 19:15:00+00:00,1595.19,-0.0079400666797534,-0.0038616687685276,0.004078397911225801
T00341,B1_ALL,ETHUSDT,5m,1,pullback rsi=40,range,maker_both,LONG,2025-04-19 06:35:00+00:00,1596.59,0.0013476463946408,0.0014012683911096,5.362199646880006e-05
T00342,B1_ALL,ETHUSDT,5m,1,pullback rsi=40,range,maker_both,LONG,2025-04-19 09:55:00+00:00,1597.71,-0.0040068885873408,-0.0039315762675055,7.531231983529986e-05
T00339,GAP10,ETHUSDT,5m,1,pullback rsi=40,range,maker_both,LONG,2025-04-17 19:15:00+00:00,1595.19,-0.0079400666797534,-0.0039315762675055,0.0040084904122479
T00339,GAP25,ETHUSDT,5m,1,pullback rsi=40,range,maker_both,LONG,2025-04-17 19:15:00+00:00,1595.19,-0.0079400666797534,-0.0039315762675055,0.0040084904122479
T00340,GAP50,ETHUSDT,5m,1,pullback rsi=40,range,maker_both,LONG,2025-04-18 23:05:00+00:00,1590.39,-0.0038336332179305,-0.0039315762675055,-9.794304957500043e-05
T00343,B1_ALL,ETHUSDT,5m,1,pullback rsi=40,range,maker_both,LONG,2025-04-19 16:50:00+00:00,1599.14,0.0023384171247834,0.0023698136175579,3.1396492774499966e-05
T00340,GAP25,ETHUSDT,5m,1,pullback rsi=40,range,maker_both,LONG,2025-04-18 23:05:00+00:00,1590.39,-0.0038336332179305,0.0023698136175579,0.0062034468354884
T00341,GAP50,ETHUSDT,5m,1,pullback rsi=40,range,maker_both,LONG,2025-04-19 06:35:00+00:00,1596.59,0.0013476463946408,0.0023698136175579,0.0010221672229171
T00344,B1_ALL,ETHUSDT,5m,1,pullback rsi=40,range,maker_both,SHORT,2025-04-28 03:30:00+00:00,1777.5,-0.0063613000198495,-0.0067173516059895,-0.00035605158613999984
T00345,B1_ALL,ETHUSDT,5m,1,pullback rsi=40,range,maker_both,SHORT,2025-04-28 03:40:00+00:00,1781.71,-0.0066974586824237,-0.0066357308958803,6.172778654339999e-05
T00344,GAP0,ETHUSDT,5m,1,pullback rsi=40,range,maker_both,SHORT,2025-04-28 03:30:00+00:00,1777.5,-0.0063613000198495,-0.0066357308958803,-0.00027443087603079997
T00344,GAP10,ETHUSDT,5m,1,pullback rsi=40,range,maker_both,SHORT,2025-04-28 03:30:00+00:00,1777.5,-0.0063613000198495,-0.0066357308958803,-0.00027443087603079997
T00344,GAP25,ETHUSDT,5m,1,pullback rsi=40,range,maker_both,SHORT,2025-04-28 03:30:00+00:00,1777.5,-0.0063613000198495,-0.0066357308958803,-0.00027443087603079997
T00344,GAP50,ETHUSDT,5m,1,pullback rsi=40,range,maker_both,SHORT,2025-04-28 03:30:00+00:00,1777.5,-0.0063613000198495,-0.0066357308958803,-0.00027443087603079997
T00346,B1_ALL,ETHUSDT,5m,1,pullback rsi=40,range,maker_both,SHORT,2025-04-28 19:00:00+00:00,1777.37,-0.007123218095433,0.006380122911861,0.013503341007294
T00347,B1_ALL,ETHUSDT,5m,1,pullback rsi=40,range,maker_both,SHORT,2025-04-30 09:35:00+00:00,1803.12,-0.0046664056994567,-0.0046370151403123,2.939055914439985e-05
T00345,GAP25,ETHUSDT,5m,1,pullback rsi=40,range,maker_both,SHORT,2025-04-28 03:40:00+00:00,1781.71,-0.0066974586824237,-0.0046370151403123,0.0020604435421113995
T00345,GAP50,ETHUSDT,5m,1,pullback rsi=40,range,maker_both,SHORT,2025-04-28 03:40:00+00:00,1781.71,-0.0066974586824237,-0.0046370151403123,0.0020604435421113995
T00348,B1_ALL,ETHUSDT,5m,1,pullback rsi=40,range,maker_both,LONG,2025-05-01 07:05:00+00:00,1804.24,0.0018400865307534,0.001804599421236,-3.54871095174002e-05
T00339,GAP0,ETHUSDT,5m,1,pullback rsi=40,range,maker_both,LONG,2025-04-17 19:15:00+00:00,1595.19,-0.0079400666797534,0.001804599421236,0.0097446661009894
T00340,GAP10,ETHUSDT,5m,1,pullback rsi=40,range,maker_both,LONG,2025-04-18 23:05:00+00:00,1590.39,-0.0038336332179305,0.001804599421236,0.0056382326391665
T00341,GAP25,ETHUSDT,5m,1,pullback rsi=40,range,maker_both,LONG,2025-04-19 06:35:00+00:00,1596.59,0.0013476463946408,0.001804599421236,0.00045695302659519996
T00342,GAP50,ETHUSDT,5m,1,pullback rsi=40,range,maker_both,LONG,2025-04-19 09:55:00+00:00,1597.71,-0.0040068885873408,0.001804599421236,0.0058114880085768
T00349,B1_ALL,ETHUSDT,5m,1,pullback rsi=40,range,maker_both,SHORT,2025-05-03 12:25:00+00:00,1829.3,-0.0041637622832659,-0.0040860835794886,7.767870377729975e-05
T00345,GAP10,ETHUSDT,5m,1,pullback rsi=40,range,maker_both,SHORT,2025-04-28 03:40:00+00:00,1781.71,-0.0066974586824237,-0.0040860835794886,0.0026113751029350997
T00346,GAP25,ETHUSDT,5m,1,pullback rsi=40,range,maker_both,SHORT,2025-04-28 19:00:00+00:00,1777.37,-0.007123218095433,-0.0040860835794886,0.0030371345159443995
T00346,GAP50,ETHUSDT,5m,1,pullback rsi=40,range,maker_both,SHORT,2025-04-28 19:00:00+00:00,1777.37,-0.007123218095433,-0.0040860835794886,0.0030371345159443995
T00350,B1_ALL,ETHUSDT,5m,1,pullback rsi=40,range,maker_both,SHORT,2025-05-04 11:25:00+00:00,1833.0,0.0019004585531462,0.0018454345483117,-5.502400483449986e-05
T00345,GAP0,ETHUSDT,5m,1,pullback rsi=40,range,maker_both,SHORT,2025-04-28 03:40:00+00:00,1781.71,-0.0066974586824237,0.0018454345483117,0.0085428932307354
T00346,GAP10,ETHUSDT,5m,1,pullback rsi=40,range,maker_both,SHORT,2025-04-28 19:00:00+00:00,1777.37,-0.007123218095433,0.0018454345483117,0.0089686526437447
T00347,GAP25,ETHUSDT,5m,1,pullback rsi=40,range,maker_both,SHORT,2025-04-30 09:35:00+00:00,1803.12,-0.0046664056994567,0.0018454345483117,0.0065118402477684
T00347,GAP50,ETHUSDT,5m,1,pullback rsi=40,range,maker_both,SHORT,2025-04-30 09:35:00+00:00,1803.12,-0.0046664056994567,0.0018454345483117,0.0065118402477684
T00351,B1_ALL,ETHUSDT,5m,1,pullback rsi=40,range,maker_both,LONG,2025-05-06 00:10:00+00:00,1816.41,-0.004643280131388,-0.0045239928868028,0.00011928724458520022
T00342,GAP25,ETHUSDT,5m,1,pullback rsi=40,range,maker_both,LONG,2025-04-19 09:55:00+00:00,1597.71,-0.0040068885873408,-0.0045239928868028,-0.0005171042994619995
T00343,GAP50,ETHUSDT,5m,1,pullback rsi=40,range,maker_both,LONG,2025-04-19 16:50:00+00:00,1599.14,0.0023384171247834,-0.0045239928868028,-0.0068624100115862
T00352,B1_ALL,ETHUSDT,5m,1,pullback rsi=40,range,maker_both,LONG,2025-05-07 03:05:00+00:00,1822.8,0.003685400601851,0.003704546460736,1.914585888499994e-05
T00348,GAP50,ETHUSDT,5m,1,pullback rsi=40,range,maker_both,LONG,2025-05-01 07:05:00+00:00,1804.24,0.0018400865307534,0.003704546460736,0.0018644599299826
T00353,B1_ALL,ETHUSDT,5m,1,pullback rsi=40,range,maker_both,SHORT,2025-05-07 21:30:00+00:00,1805.47,-0.0062748704359506,-0.0065182387809173,-0.00024336834496670005
T00346,GAP0,ETHUSDT,5m,1,pullback rsi=40,range,maker_both,SHORT,2025-04-28 19:00:00+00:00,1777.37,-0.007123218095433,-0.0065182387809173,0.0006049793145156994
T00347,GAP10,ETHUSDT,5m,1,pullback rsi=40,range,maker_both,SHORT,2025-04-30 09:35:00+00:00,1803.12,-0.0046664056994567,-0.0065182387809173,-0.0018518330814606002
T00349,GAP25,ETHUSDT,5m,1,pullback rsi=40,range,maker_both,SHORT,2025-05-03 12:25:00+00:00,1829.3,-0.0041637622832659,-0.0065182387809173,-0.0023544764976514004
T00349,GAP50,ETHUSDT,5m,1,pullback rsi=40,range,maker_both,SHORT,2025-05-03 12:25:00+00:00,1829.3,-0.0041637622832659,-0.0065182387809173,-0.0023544764976514004
T00354,B1_ALL,ETHUSDT,5m,2,pullback rsi=35,all,maker_both,LONG,2025-05-16 12:30:00+00:00,2598.18,0.0038516370061593,-0.0046623774605947,-0.008514014466754
T00354,GAP0,ETHUSDT,5m,2,pullback rsi=35,all,maker_both,LONG,2025-05-16 12:30:00+00:00,2598.18,0.0038516370061593,-0.0046623774605947,-0.008514014466754
T00354,GAP10,ETHUSDT,5m,2,pullback rsi=35,all,maker_both,LONG,2025-05-16 12:30:00+00:00,2598.18,0.0038516370061593,-0.0046623774605947,-0.008514014466754
T00354,GAP25,ETHUSDT,5m,2,pullback rsi=35,all,maker_both,LONG,2025-05-16 12:30:00+00:00,2598.18,0.0038516370061593,-0.0046623774605947,-0.008514014466754
T00354,GAP50,ETHUSDT,5m,2,pullback rsi=35,all,maker_both,LONG,2025-05-16 12:30:00+00:00,2598.18,0.0038516370061593,-0.0046623774605947,-0.008514014466754
T00355,B1_ALL,ETHUSDT,5m,2,pullback rsi=35,all,maker_both,LONG,2025-05-18 17:30:00+00:00,2539.84,-0.0060679604514327,-0.0060389602646928,2.9000186739899965e-05
T00355,GAP25,ETHUSDT,5m,2,pullback rsi=35,all,maker_both,LONG,2025-05-18 17:30:00+00:00,2539.84,-0.0060679604514327,-0.0060389602646928,2.9000186739899965e-05
T00355,GAP50,ETHUSDT,5m,2,pullback rsi=35,all,maker_both,LONG,2025-05-18 17:30:00+00:00,2539.84,-0.0060679604514327,-0.0060389602646928,2.9000186739899965e-05
T00356,B1_ALL,ETHUSDT,5m,2,pullback rsi=35,all,maker_both,LONG,2025-05-18 17:45:00+00:00,2529.47,-0.0061936468246577,-0.0064062567307853,-0.00021260990612759992
T00357,B1_ALL,ETHUSDT,5m,2,pullback rsi=35,all,maker_both,SHORT,2025-05-18 23:00:00+00:00,2453.6,-0.0072233307234293,-0.0072791790236921,-5.58483002627997e-05
T00357,GAP0,ETHUSDT,5m,2,pullback rsi=35,all,maker_both,SHORT,2025-05-18 23:00:00+00:00,2453.6,-0.0072233307234293,-0.0072791790236921,-5.58483002627997e-05
T00357,GAP10,ETHUSDT,5m,2,pullback rsi=35,all,maker_both,SHORT,2025-05-18 23:00:00+00:00,2453.6,-0.0072233307234293,-0.0072791790236921,-5.58483002627997e-05
T00357,GAP25,ETHUSDT,5m,2,pullback rsi=35,all,maker_both,SHORT,2025-05-18 23:00:00+00:00,2453.6,-0.0072233307234293,-0.0072791790236921,-5.58483002627997e-05
T00357,GAP50,ETHUSDT,5m,2,pullback rsi=35,all,maker_both,SHORT,2025-05-18 23:00:00+00:00,2453.6,-0.0072233307234293,-0.0072791790236921,-5.58483002627997e-05
T00358,B1_ALL,ETHUSDT,5m,2,pullback rsi=35,all,maker_both,LONG,2025-05-20 06:15:00+00:00,2544.15,-0.00419386476469,-0.0042365072799678,-4.2642515277800316e-05
T00355,GAP0,ETHUSDT,5m,2,pullback rsi=35,all,maker_both,LONG,2025-05-18 17:30:00+00:00,2539.84,-0.0060679604514327,-0.0042365072799678,0.0018314531714648998
T00355,GAP10,ETHUSDT,5m,2,pullback rsi=35,all,maker_both,LONG,2025-05-18 17:30:00+00:00,2539.84,-0.0060679604514327,-0.0042365072799678,0.0018314531714648998
T00356,GAP25,ETHUSDT,5m,2,pullback rsi=35,all,maker_both,LONG,2025-05-18 17:45:00+00:00,2529.47,-0.0061936468246577,-0.0042365072799678,0.0019571395446899
T00356,GAP50,ETHUSDT,5m,2,pullback rsi=35,all,maker_both,LONG,2025-05-18 17:45:00+00:00,2529.47,-0.0061936468246577,-0.0042365072799678,0.0019571395446899
T00359,B1_ALL,ETHUSDT,5m,2,pullback rsi=35,all,maker_both,LONG,2025-05-20 06:30:00+00:00,2538.2,-0.004403466196551,-0.0043940699266202,9.396269930799991e-06
T00356,GAP0,ETHUSDT,5m,2,pullback rsi=35,all,maker_both,LONG,2025-05-18 17:45:00+00:00,2529.47,-0.0061936468246577,-0.0043940699266202,0.0017995768980375
T00356,GAP10,ETHUSDT,5m,2,pullback rsi=35,all,maker_both,LONG,2025-05-18 17:45:00+00:00,2529.47,-0.0061936468246577,-0.0043940699266202,0.0017995768980375
T00358,GAP25,ETHUSDT,5m,2,pullback rsi=35,all,maker_both,LONG,2025-05-20 06:15:00+00:00,2544.15,-0.00419386476469,-0.0043940699266202,-0.00020020516193020033
T00358,GAP50,ETHUSDT,5m,2,pullback rsi=35,all,maker_both,LONG,2025-05-20 06:15:00+00:00,2544.15,-0.00419386476469,-0.0043940699266202,-0.00020020516193020033
T00360,B1_ALL,ETHUSDT,5m,2,pullback rsi=35,all,maker_both,LONG,2025-05-21 07:25:00+00:00,2546.99,-0.0002166479956567,-0.0033566693922933,-0.0031400213966366
T00358,GAP0,ETHUSDT,5m,2,pullback rsi=35,all,maker_both,LONG,2025-05-20 06:15:00+00:00,2544.15,-0.00419386476469,-0.0033566693922933,0.0008371953723967001
T00358,GAP10,ETHUSDT,5m,2,pullback rsi=35,all,maker_both,LONG,2025-05-20 06:15:00+00:00,2544.15,-0.00419386476469,-0.0033566693922933,0.0008371953723967001
T00359,GAP25,ETHUSDT,5m,2,pullback rsi=35,all,maker_both,LONG,2025-05-20 06:30:00+00:00,2538.2,-0.004403466196551,-0.0033566693922933,0.0010467968042577004
T00359,GAP50,ETHUSDT,5m,2,pullback rsi=35,all,maker_both,LONG,2025-05-20 06:30:00+00:00,2538.2,-0.004403466196551,-0.0033566693922933,0.0010467968042577004
T00361,B1_ALL,ETHUSDT,5m,2,pullback rsi=35,all,maker_both,LONG,2025-05-23 04:45:00+00:00,2683.69,0.0047607555695753,-0.0053487723565274,-0.010109527926102702
T00359,GAP0,ETHUSDT,5m,2,pullback rsi=35,all,maker_both,LONG,2025-05-20 06:30:00+00:00,2538.2,-0.004403466196551,-0.0053487723565274,-0.0009453061599764001
T00359,GAP10,ETHUSDT,5m,2,pullback rsi=35,all,maker_both,LONG,2025-05-20 06:30:00+00:00,2538.2,-0.004403466196551,-0.0053487723565274,-0.0009453061599764001
T00360,GAP25,ETHUSDT,5m,2,pullback rsi=35,all,maker_both,LONG,2025-05-21 07:25:00+00:00,2546.99,-0.0002166479956567,-0.0053487723565274,-0.005132124360870701
T00360,GAP50,ETHUSDT,5m,2,pullback rsi=35,all,maker_both,LONG,2025-05-21 07:25:00+00:00,2546.99,-0.0002166479956567,-0.0053487723565274,-0.005132124360870701
T00362,B1_ALL,ETHUSDT,5m,2,pullback rsi=35,all,maker_both,LONG,2025-05-27 20:45:00+00:00,2667.11,-0.0041970581019431,-0.0042528189858672,-5.57608839240999e-05
T00360,GAP0,ETHUSDT,5m,2,pullback rsi=35,all,maker_both,LONG,2025-05-21 07:25:00+00:00,2546.99,-0.0002166479956567,-0.0042528189858672,-0.0040361709902105
T00360,GAP10,ETHUSDT,5m,2,pullback rsi=35,all,maker_both,LONG,2025-05-21 07:25:00+00:00,2546.99,-0.0002166479956567,-0.0042528189858672,-0.0040361709902105
T00361,GAP25,ETHUSDT,5m,2,pullback rsi=35,all,maker_both,LONG,2025-05-23 04:45:00+00:00,2683.69,0.0047607555695753,-0.0042528189858672,-0.009013574555442501
T00361,GAP50,ETHUSDT,5m,2,pullback rsi=35,all,maker_both,LONG,2025-05-23 04:45:00+00:00,2683.69,0.0047607555695753,-0.0042528189858672,-0.009013574555442501
T00363,B1_ALL,ETHUSDT,5m,2,pullback rsi=35,all,maker_both,LONG,2025-05-29 04:45:00+00:00,2724.28,-0.0052847977189929,0.0052354374277939,0.0105202351467868
T00364,B1_ALL,ETHUSDT,5m,2,pullback rsi=35,all,maker_both,SHORT,2025-05-29 18:15:00+00:00,2669.26,0.0038424067915211,0.0039415536278625,9.914683634140026e-05
T00364,GAP0,ETHUSDT,5m,2,pullback rsi=35,all,maker_both,SHORT,2025-05-29 18:15:00+00:00,2669.26,0.0038424067915211,0.0039415536278625,9.914683634140026e-05
T00364,GAP10,ETHUSDT,5m,2,pullback rsi=35,all,maker_both,SHORT,2025-05-29 18:15:00+00:00,2669.26,0.0038424067915211,0.0039415536278625,9.914683634140026e-05
T00364,GAP25,ETHUSDT,5m,2,pullback rsi=35,all,maker_both,SHORT,2025-05-29 18:15:00+00:00,2669.26,0.0038424067915211,0.0039415536278625,9.914683634140026e-05
T00364,GAP50,ETHUSDT,5m,2,pullback rsi=35,all,maker_both,SHORT,2025-05-29 18:15:00+00:00,2669.26,0.0038424067915211,0.0039415536278625,9.914683634140026e-05
T00365,B1_ALL,ETHUSDT,5m,2,pullback rsi=35,all,maker_both,SHORT,2025-06-01 04:50:00+00:00,2523.51,0.0016301186898469,0.0015716227080638,-5.84959817830999e-05
T00365,GAP10,ETHUSDT,5m,2,pullback rsi=35,all,maker_both,SHORT,2025-06-01 04:50:00+00:00,2523.51,0.0016301186898469,0.0015716227080638,-5.84959817830999e-05
T00365,GAP25,ETHUSDT,5m,2,pullback rsi=35,all,maker_both,SHORT,2025-06-01 04:50:00+00:00,2523.51,0.0016301186898469,0.0015716227080638,-5.84959817830999e-05
T00365,GAP50,ETHUSDT,5m,2,pullback rsi=35,all,maker_both,SHORT,2025-06-01 04:50:00+00:00,2523.51,0.0016301186898469,0.0015716227080638,-5.84959817830999e-05
T00366,B1_ALL,ETHUSDT,5m,2,pullback rsi=35,all,maker_both,LONG,2025-06-01 18:25:00+00:00,2517.3,-0.0037794112969072,-0.0038353043452619,-5.589304835470002e-05
T00362,GAP50,ETHUSDT,5m,2,pullback rsi=35,all,maker_both,LONG,2025-05-27 20:45:00+00:00,2667.11,-0.0041970581019431,-0.0038353043452619,0.0003617537566811997
T00367,B1_ALL,ETHUSDT,5m,2,pullback rsi=35,all,maker_both,SHORT,2025-06-02 07:20:00+00:00,2510.77,0.0020657683020847,0.0020335472370135,-3.2221065071199977e-05
T00365,GAP0,ETHUSDT,5m,2,pullback rsi=35,all,maker_both,SHORT,2025-06-01 04:50:00+00:00,2523.51,0.0016301186898469,0.0020335472370135,0.00040342854716660017
T00367,GAP10,ETHUSDT,5m,2,pullback rsi=35,all,maker_both,SHORT,2025-06-02 07:20:00+00:00,2510.77,0.0020657683020847,0.0020335472370135,-3.2221065071199977e-05
T00367,GAP25,ETHUSDT,5m,2,pullback rsi=35,all,maker_both,SHORT,2025-06-02 07:20:00+00:00,2510.77,0.0020657683020847,0.0020335472370135,-3.2221065071199977e-05
T00367,GAP50,ETHUSDT,5m,2,pullback rsi=35,all,maker_both,SHORT,2025-06-02 07:20:00+00:00,2510.77,0.0020657683020847,0.0020335472370135,-3.2221065071199977e-05
T00368,B1_ALL,ETHUSDT,5m,2,pullback rsi=35,all,maker_both,SHORT,2025-06-02 13:00:00+00:00,2496.96,0.0018522723708888,0.0017879552976382,-6.431707325059996e-05
T00367,GAP0,ETHUSDT,5m,2,pullback rsi=35,all,maker_both,SHORT,2025-06-02 07:20:00+00:00,2510.77,0.0020657683020847,0.0017879552976382,-0.00027781300444650004
T00368,GAP10,ETHUSDT,5m,2,pullback rsi=35,all,maker_both,SHORT,2025-06-02 13:00:00+00:00,2496.96,0.0018522723708888,0.0017879552976382,-6.431707325059996e-05
T00368,GAP25,ETHUSDT,5m,2,pullback rsi=35,all,maker_both,SHORT,2025-06-02 13:00:00+00:00,2496.96,0.0018522723708888,0.0017879552976382,-6.431707325059996e-05
T00368,GAP50,ETHUSDT,5m,2,pullback rsi=35,all,maker_both,SHORT,2025-06-02 13:00:00+00:00,2496.96,0.0018522723708888,0.0017879552976382,-6.431707325059996e-05
T00369,B1_ALL,ETHUSDT,5m,2,pullback rsi=35,all,maker_both,LONG,2025-06-03 03:10:00+00:00,2603.79,-0.0041554354815558,-0.0043060617605015,-0.00015062627894569993
T00370,B1_ALL,ETHUSDT,5m,2,pullback rsi=35,all,maker_both,LONG,2025-06-03 03:20:00+00:00,2602.98,-0.0043967589015015,-0.0043186209036937,7.813799780779975e-05
T00363,GAP50,ETHUSDT,5m,2,pullback rsi=35,all,maker_both,LONG,2025-05-29 04:45:00+00:00,2724.28,-0.0052847977189929,-0.0043186209036937,0.0009661768152991997
T00371,B1_ALL,ETHUSDT,5m,2,pullback rsi=35,all,maker_both,LONG,2025-06-03 03:35:00+00:00,2589.07,0.0031986567122289,-0.0044088583513194,-0.007607515063548299
T00361,GAP0,ETHUSDT,5m,2,pullback rsi=35,all,maker_both,LONG,2025-05-23 04:45:00+00:00,2683.69,0.0047607555695753,-0.0044088583513194,-0.0091696139208947
T00361,GAP10,ETHUSDT,5m,2,pullback rsi=35,all,maker_both,LONG,2025-05-23 04:45:00+00:00,2683.69,0.0047607555695753,-0.0044088583513194,-0.0091696139208947
T00362,GAP25,ETHUSDT,5m,2,pullback rsi=35,all,maker_both,LONG,2025-05-27 20:45:00+00:00,2667.11,-0.0041970581019431,-0.0044088583513194,-0.00021180024937629983
T00366,GAP50,ETHUSDT,5m,2,pullback rsi=35,all,maker_both,LONG,2025-06-01 18:25:00+00:00,2517.3,-0.0037794112969072,-0.0044088583513194,-0.0006294470544121996
T00372,B1_ALL,ETHUSDT,5m,2,pullback rsi=35,all,maker_both,LONG,2025-06-03 08:15:00+00:00,2599.07,-0.0031374539195222,0.0014992323329229,0.0046366862524451
T00362,GAP10,ETHUSDT,5m,2,pullback rsi=35,all,maker_both,LONG,2025-05-27 20:45:00+00:00,2667.11,-0.0041970581019431,0.0014992323329229,0.005696290434866
T00363,GAP25,ETHUSDT,5m,2,pullback rsi=35,all,maker_both,LONG,2025-05-29 04:45:00+00:00,2724.28,-0.0052847977189929,0.0014992323329229,0.0067840300519158
T00369,GAP50,ETHUSDT,5m,2,pullback rsi=35,all,maker_both,LONG,2025-06-03 03:10:00+00:00,2603.79,-0.0041554354815558,0.0014992323329229,0.0056546678144787
T00373,B1_ALL,ETHUSDT,5m,2,pullback rsi=35,all,maker_both,SHORT,2025-06-06 03:25:00+00:00,2440.93,-0.0042378643063047,-0.0041901629181052,4.770138819950014e-05
T00373,GAP25,ETHUSDT,5m,2,pullback rsi=35,all,maker_both,SHORT,2025-06-06 03:25:00+00:00,2440.93,-0.0042378643063047,-0.0041901629181052,4.770138819950014e-05
T00373,GAP50,ETHUSDT,5m,2,pullback rsi=35,all,maker_both,SHORT,2025-06-06 03:25:00+00:00,2440.93,-0.0042378643063047,-0.0041901629181052,4.770138819950014e-05
T00374,B1_ALL,ETHUSDT,5m,2,pullback rsi=35,all,maker_both,LONG,2025-06-10 05:35:00+00:00,2669.91,0.002434615275226,-0.0038442565756507,-0.006278871850876701
T00362,GAP0,ETHUSDT,5m,2,pullback rsi=35,all,maker_both,LONG,2025-05-27 20:45:00+00:00,2667.11,-0.0041970581019431,-0.0038442565756507,0.00035280152629239966
T00363,GAP10,ETHUSDT,5m,2,pullback rsi=35,all,maker_both,LONG,2025-05-29 04:45:00+00:00,2724.28,-0.0052847977189929,-0.0038442565756507,0.0014405411433421997
T00366,GAP25,ETHUSDT,5m,2,pullback rsi=35,all,maker_both,LONG,2025-06-01 18:25:00+00:00,2517.3,-0.0037794112969072,-0.0038442565756507,-6.484527874350008e-05
T00370,GAP50,ETHUSDT,5m,2,pullback rsi=35,all,maker_both,LONG,2025-06-03 03:20:00+00:00,2602.98,-0.0043967589015015,-0.0038442565756507,0.0005525023258507998
T00375,B1_ALL,ETHUSDT,5m,2,pullback rsi=35,all,maker_both,LONG,2025-06-10 13:45:00+00:00,2719.99,0.0058125211833691,0.0059813772186517,0.00016885603528259997
T00363,GAP0,ETHUSDT,5m,2,pullback rsi=35,all,maker_both,LONG,2025-05-29 04:45:00+00:00,2724.28,-0.0052847977189929,0.0059813772186517,0.0112661749376446
T00366,GAP10,ETHUSDT,5m,2,pullback rsi=35,all,maker_both,LONG,2025-06-01 18:25:00+00:00,2517.3,-0.0037794112969072,0.0059813772186517,0.0097607885155589
T00369,GAP25,ETHUSDT,5m,2,pullback rsi=35,all,maker_both,LONG,2025-06-03 03:10:00+00:00,2603.79,-0.0041554354815558,0.0059813772186517,0.0101368127002075
T00371,GAP50,ETHUSDT,5m,2,pullback rsi=35,all,maker_both,LONG,2025-06-03 03:35:00+00:00,2589.07,0.0031986567122289,0.0059813772186517,0.0027827205064227998
T00376,B1_ALL,ETHUSDT,5m,2,pullback rsi=35,all,maker_both,LONG,2025-06-10 15:35:00+00:00,2703.57,0.0061087682037769,0.0059509165027734,-0.00015785170100350056
T00366,GAP0,ETHUSDT,5m,2,pullback rsi=35,all,maker_both,LONG,2025-06-01 18:25:00+00:00,2517.3,-0.0037794112969072,0.0059509165027734,0.0097303277996806
T00369,GAP10,ETHUSDT,5m,2,pullback rsi=35,all,maker_both,LONG,2025-06-03 03:10:00+00:00,2603.79,-0.0041554354815558,0.0059509165027734,0.010106351984329201
T00370,GAP25,ETHUSDT,5m,2,pullback rsi=35,all,maker_both,LONG,2025-06-03 03:20:00+00:00,2602.98,-0.0043967589015015,0.0059509165027734,0.010347675404274899
T00372,GAP50,ETHUSDT,5m,2,pullback rsi=35,all,maker_both,LONG,2025-06-03 08:15:00+00:00,2599.07,-0.0031374539195222,0.0059509165027734,0.0090883704222956
T00377,B1_ALL,ETHUSDT,5m,2,pullback rsi=35,all,maker_both,LONG,2025-06-11 18:05:00+00:00,2817.95,-0.0061390300126358,-0.0061058990178297,3.3130994806099615e-05
T00369,GAP0,ETHUSDT,5m,2,pullback rsi=35,all,maker_both,LONG,2025-06-03 03:10:00+00:00,2603.79,-0.0041554354815558,-0.0061058990178297,-0.0019504635362738998
T00370,GAP10,ETHUSDT,5m,2,pullback rsi=35,all,maker_both,LONG,2025-06-03 03:20:00+00:00,2602.98,-0.0043967589015015,-0.0061058990178297,-0.0017091401163282002
T00371,GAP25,ETHUSDT,5m,2,pullback rsi=35,all,maker_both,LONG,2025-06-03 03:35:00+00:00,2589.07,0.0031986567122289,-0.0061058990178297,-0.0093045557300586
T00374,GAP50,ETHUSDT,5m,2,pullback rsi=35,all,maker_both,LONG,2025-06-10 05:35:00+00:00,2669.91,0.002434615275226,-0.0061058990178297,-0.0085405142930557
T00378,B1_ALL,ETHUSDT,5m,2,pullback rsi=35,all,maker_both,SHORT,2025-06-13 07:00:00+00:00,2531.88,0.0043098986897415,-0.0051550988780008,-0.0094649975677423
T00368,GAP0,ETHUSDT,5m,2,pullback rsi=35,all,maker_both,SHORT,2025-06-02 13:00:00+00:00,2496.96,0.0018522723708888,-0.0051550988780008,-0.0070073712488896
T00373,GAP10,ETHUSDT,5m,2,pullback rsi=35,all,maker_both,SHORT,2025-06-06 03:25:00+00:00,2440.93,-0.0042378643063047,-0.0051550988780008,-0.0009172345716960996
T00378,GAP25,ETHUSDT,5m,2,pullback rsi=35,all,maker_both,SHORT,2025-06-13 07:00:00+00:00,2531.88,0.0043098986897415,-0.0051550988780008,-0.0094649975677423
T00378,GAP50,ETHUSDT,5m,2,pullback rsi=35,all,maker_both,SHORT,2025-06-13 07:00:00+00:00,2531.88,0.0043098986897415,-0.0051550988780008,-0.0094649975677423
T00379,B1_ALL,ETHUSDT,5m,2,pullback rsi=35,all,maker_both,LONG,2025-06-16 10:50:00+00:00,2612.65,-0.0031530894050661,-0.0031983499113937,-4.5260506327600165e-05
T00371,GAP10,ETHUSDT,5m,2,pullback rsi=35,all,maker_both,LONG,2025-06-03 03:35:00+00:00,2589.07,0.0031986567122289,-0.0031983499113937,-0.0063970066236226
T00372,GAP25,ETHUSDT,5m,2,pullback rsi=35,all,maker_both,LONG,2025-06-03 08:15:00+00:00,2599.07,-0.0031374539195222,-0.0031983499113937,-6.0895991871500344e-05
T00375,GAP50,ETHUSDT,5m,2,pullback rsi=35,all,maker_both,LONG,2025-06-10 13:45:00+00:00,2719.99,0.0058125211833691,-0.0031983499113937,-0.0090108710947628
T00380,B1_ALL,ETHUSDT,5m,2,pullback rsi=35,all,maker_both,SHORT,2025-06-17 19:05:00+00:00,2507.64,-0.0049410520646077,-0.0049400834301611,9.686344465999197e-07
T00373,GAP0,ETHUSDT,5m,2,pullback rsi=35,all,maker_both,SHORT,2025-06-06 03:25:00+00:00,2440.93,-0.0042378643063047,-0.0049400834301611,-0.0007022191238563995
T00378,GAP10,ETHUSDT,5m,2,pullback rsi=35,all,maker_both,SHORT,2025-06-13 07:00:00+00:00,2531.88,0.0043098986897415,-0.0049400834301611,-0.0092499821199026
T00380,GAP25,ETHUSDT,5m,2,pullback rsi=35,all,maker_both,SHORT,2025-06-17 19:05:00+00:00,2507.64,-0.0049410520646077,-0.0049400834301611,9.686344465999197e-07
T00380,GAP50,ETHUSDT,5m,2,pullback rsi=35,all,maker_both,SHORT,2025-06-17 19:05:00+00:00,2507.64,-0.0049410520646077,-0.0049400834301611,9.686344465999197e-07
T00381,B1_ALL,ETHUSDT,5m,2,pullback rsi=35,all,maker_both,SHORT,2025-06-17 19:25:00+00:00,2536.0,0.0047399954188295,-0.0054238590583274,-0.0101638544771569
T00378,GAP0,ETHUSDT,5m,2,pullback rsi=35,all,maker_both,SHORT,2025-06-13 07:00:00+00:00,2531.88,0.0043098986897415,-0.0054238590583274,-0.009733757748068901
T00380,GAP10,ETHUSDT,5m,2,pullback rsi=35,all,maker_both,SHORT,2025-06-17 19:05:00+00:00,2507.64,-0.0049410520646077,-0.0054238590583274,-0.00048280699371969996
T00381,GAP25,ETHUSDT,5m,2,pullback rsi=35,all,maker_both,SHORT,2025-06-17 19:25:00+00:00,2536.0,0.0047399954188295,-0.0054238590583274,-0.0101638544771569
T00381,GAP50,ETHUSDT,5m,2,pullback rsi=35,all,maker_both,SHORT,2025-06-17 19:25:00+00:00,2536.0,0.0047399954188295,-0.0054238590583274,-0.0101638544771569
T00382,B1_ALL,ETHUSDT,5m,2,pullback rsi=35,all,maker_both,SHORT,2025-06-19 17:40:00+00:00,2514.03,-0.0039625591719659,0.0027731962394618,0.0067357554114277005
T00382,GAP25,ETHUSDT,5m,2,pullback rsi=35,all,maker_both,SHORT,2025-06-19 17:40:00+00:00,2514.03,-0.0039625591719659,0.0027731962394618,0.0067357554114277005
T00382,GAP50,ETHUSDT,5m,2,pullback rsi=35,all,maker_both,SHORT,2025-06-19 17:40:00+00:00,2514.03,-0.0039625591719659,0.0027731962394618,0.0067357554114277005
T00383,B1_ALL,ETHUSDT,5m,2,pullback rsi=35,all,maker_both,LONG,2025-06-20 13:50:00+00:00,2535.93,-0.0036807452880079,-0.003819391515238,-0.00013864622723009984
T00374,GAP25,ETHUSDT,5m,2,pullback rsi=35,all,maker_both,LONG,2025-06-10 05:35:00+00:00,2669.91,0.002434615275226,-0.003819391515238,-0.006254006790464
T00376,GAP50,ETHUSDT,5m,2,pullback rsi=35,all,maker_both,LONG,2025-06-10 15:35:00+00:00,2703.57,0.0061087682037769,-0.003819391515238,-0.0099281597190149
T00384,B1_ALL,ETHUSDT,5m,2,pullback rsi=35,all,maker_both,SHORT,2025-06-22 11:20:00+00:00,2275.52,-0.0045080594975395,-0.0046264777780027,-0.00011841828046319988
T00380,GAP0,ETHUSDT,5m,2,pullback rsi=35,all,maker_both,SHORT,2025-06-17 19:05:00+00:00,2507.64,-0.0049410520646077,-0.0046264777780027,0.0003145742866049999
T00381,GAP10,ETHUSDT,5m,2,pullback rsi=35,all,maker_both,SHORT,2025-06-17 19:25:00+00:00,2536.0,0.0047399954188295,-0.0046264777780027,-0.0093664731968322
T00384,GAP25,ETHUSDT,5m,2,pullback rsi=35,all,maker_both,SHORT,2025-06-22 11:20:00+00:00,2275.52,-0.0045080594975395,-0.0046264777780027,-0.00011841828046319988
T00384,GAP50,ETHUSDT,5m,2,pullback rsi=35,all,maker_both,SHORT,2025-06-22 11:20:00+00:00,2275.52,-0.0045080594975395,-0.0046264777780027,-0.00011841828046319988
T00385,B1_ALL,ETHUSDT,5m,2,pullback rsi=35,all,maker_both,LONG,2025-06-24 07:35:00+00:00,2401.72,-0.0042488326968519,-0.0042814334041976,-3.260070734570006e-05
T00377,GAP50,ETHUSDT,5m,2,pullback rsi=35,all,maker_both,LONG,2025-06-11 18:05:00+00:00,2817.95,-0.0061390300126358,-0.0042814334041976,0.0018575966084381995
T00386,B1_ALL,ETHUSDT,5m,2,pullback rsi=35,all,maker_both,LONG,2025-06-24 08:00:00+00:00,2391.79,-0.0044215152356208,-0.0046803428991477,-0.0002588276635269006
T00379,GAP50,ETHUSDT,5m,2,pullback rsi=35,all,maker_both,LONG,2025-06-16 10:50:00+00:00,2612.65,-0.0031530894050661,-0.0046803428991477,-0.0015272534940816004
T00387,B1_ALL,ETHUSDT,5m,2,pullback rsi=35,all,maker_both,LONG,2025-06-26 09:10:00+00:00,2475.81,-0.0035707640888795,-0.0037475117932995,-0.0001767477044200003
T00388,B1_ALL,ETHUSDT,5m,2,pullback rsi=35,all,maker_both,LONG,2025-06-26 09:20:00+00:00,2472.2,-0.0037928106089752,-0.0037308191158414,6.199149313379981e-05
T00375,GAP25,ETHUSDT,5m,2,pullback rsi=35,all,maker_both,LONG,2025-06-10 13:45:00+00:00,2719.99,0.0058125211833691,-0.0037308191158414,-0.0095433402992105
T00383,GAP50,ETHUSDT,5m,2,pullback rsi=35,all,maker_both,LONG,2025-06-20 13:50:00+00:00,2535.93,-0.0036807452880079,-0.0037308191158414,-5.007382783349997e-05
T00389,B1_ALL,ETHUSDT,5m,2,pullback rsi=35,all,maker_both,SHORT,2025-06-27 20:10:00+00:00,2417.99,-0.0038170785292639,-0.0037851226764379,3.195585282599967e-05
T00381,GAP0,ETHUSDT,5m,2,pullback rsi=35,all,maker_both,SHORT,2025-06-17 19:25:00+00:00,2536.0,0.0047399954188295,-0.0037851226764379,-0.0085251180952674
T00382,GAP10,ETHUSDT,5m,2,pullback rsi=35,all,maker_both,SHORT,2025-06-19 17:40:00+00:00,2514.03,-0.0039625591719659,-0.0037851226764379,0.0001774364955279997
T00389,GAP25,ETHUSDT,5m,2,pullback rsi=35,all,maker_both,SHORT,2025-06-27 20:10:00+00:00,2417.99,-0.0038170785292639,-0.0037851226764379,3.195585282599967e-05
T00389,GAP50,ETHUSDT,5m,2,pullback rsi=35,all,maker_both,SHORT,2025-06-27 20:10:00+00:00,2417.99,-0.0038170785292639,-0.0037851226764379,3.195585282599967e-05
T00390,B1_ALL,ETHUSDT,5m,3,donchian n=20 vol=1.5,range,maker_both,SHORT,2025-06-28 20:20:00+00:00,2428.33,-0.0030013754471575,-0.0029783429112888,2.303253586869976e-05
T00391,B1_ALL,ETHUSDT,5m,3,donchian n=20 vol=1.5,range,maker_both,LONG,2025-06-28 22:00:00+00:00,2435.49,-0.0028814057876519,-0.0029193608523695,-3.7955064717599876e-05
T00391,GAP0,ETHUSDT,5m,3,donchian n=20 vol=1.5,range,maker_both,LONG,2025-06-28 22:00:00+00:00,2435.49,-0.0028814057876519,-0.0029193608523695,-3.7955064717599876e-05
T00391,GAP10,ETHUSDT,5m,3,donchian n=20 vol=1.5,range,maker_both,LONG,2025-06-28 22:00:00+00:00,2435.49,-0.0028814057876519,-0.0029193608523695,-3.7955064717599876e-05
T00391,GAP25,ETHUSDT,5m,3,donchian n=20 vol=1.5,range,maker_both,LONG,2025-06-28 22:00:00+00:00,2435.49,-0.0028814057876519,-0.0029193608523695,-3.7955064717599876e-05
T00391,GAP50,ETHUSDT,5m,3,donchian n=20 vol=1.5,range,maker_both,LONG,2025-06-28 22:00:00+00:00,2435.49,-0.0028814057876519,-0.0029193608523695,-3.7955064717599876e-05
T00392,B1_ALL,ETHUSDT,5m,3,donchian n=20 vol=1.5,range,maker_both,SHORT,2025-06-29 01:45:00+00:00,2429.77,-0.0005546968140944,-0.0029273236237324,-0.002372626809638
T00390,GAP0,ETHUSDT,5m,3,donchian n=20 vol=1.5,range,maker_both,SHORT,2025-06-28 20:20:00+00:00,2428.33,-0.0030013754471575,-0.0029273236237324,7.405182342510013e-05
T00390,GAP10,ETHUSDT,5m,3,donchian n=20 vol=1.5,range,maker_both,SHORT,2025-06-28 20:20:00+00:00,2428.33,-0.0030013754471575,-0.0029273236237324,7.405182342510013e-05
T00390,GAP25,ETHUSDT,5m,3,donchian n=20 vol=1.5,range,maker_both,SHORT,2025-06-28 20:20:00+00:00,2428.33,-0.0030013754471575,-0.0029273236237324,7.405182342510013e-05
T00390,GAP50,ETHUSDT,5m,3,donchian n=20 vol=1.5,range,maker_both,SHORT,2025-06-28 20:20:00+00:00,2428.33,-0.0030013754471575,-0.0029273236237324,7.405182342510013e-05
T00393,B1_ALL,ETHUSDT,5m,3,donchian n=20 vol=1.5,range,maker_both,LONG,2025-06-29 05:50:00+00:00,2432.7,0.0007919480907635,0.0007694676908521,-2.2480399911399963e-05
T00393,GAP10,ETHUSDT,5m,3,donchian n=20 vol=1.5,range,maker_both,LONG,2025-06-29 05:50:00+00:00,2432.7,0.0007919480907635,0.0007694676908521,-2.2480399911399963e-05
T00393,GAP25,ETHUSDT,5m,3,donchian n=20 vol=1.5,range,maker_both,LONG,2025-06-29 05:50:00+00:00,2432.7,0.0007919480907635,0.0007694676908521,-2.2480399911399963e-05
T00393,GAP50,ETHUSDT,5m,3,donchian n=20 vol=1.5,range,maker_both,LONG,2025-06-29 05:50:00+00:00,2432.7,0.0007919480907635,0.0007694676908521,-2.2480399911399963e-05
T00394,B1_ALL,ETHUSDT,5m,3,donchian n=20 vol=1.5,range,maker_both,LONG,2025-06-29 08:05:00+00:00,2442.76,-0.002514049594006,0.0014242785031698,0.0039383280971758
T00395,B1_ALL,ETHUSDT,5m,3,donchian n=20 vol=1.5,range,maker_both,LONG,2025-06-29 08:45:00+00:00,2445.42,-0.0028278356287243,-0.002882726673151,-5.489104442670022e-05
T00396,B1_ALL,ETHUSDT,5m,3,donchian n=20 vol=1.5,range,maker_both,LONG,2025-06-29 09:35:00+00:00,2454.79,-0.0035453175756435,-0.0036229687819928,-7.765120634929982e-05
T00397,B1_ALL,ETHUSDT,5m,3,donchian n=20 vol=1.5,range,maker_both,LONG,2025-06-29 11:50:00+00:00,2458.39,-0.0034116500308229,-0.0034585694358405,-4.6919405017600054e-05
T00393,GAP0,ETHUSDT,5m,3,donchian n=20 vol=1.5,range,maker_both,LONG,2025-06-29 05:50:00+00:00,2432.7,0.0007919480907635,-0.0034585694358405,-0.004250517526604
T00394,GAP10,ETHUSDT,5m,3,donchian n=20 vol=1.5,range,maker_both,LONG,2025-06-29 08:05:00+00:00,2442.76,-0.002514049594006,-0.0034585694358405,-0.0009445198418344997
T00394,GAP25,ETHUSDT,5m,3,donchian n=20 vol=1.5,range,maker_both,LONG,2025-06-29 08:05:00+00:00,2442.76,-0.002514049594006,-0.0034585694358405,-0.0009445198418344997
T00394,GAP50,ETHUSDT,5m,3,donchian n=20 vol=1.5,range,maker_both,LONG,2025-06-29 08:05:00+00:00,2442.76,-0.002514049594006,-0.0034585694358405,-0.0009445198418344997
T00398,B1_ALL,ETHUSDT,5m,3,donchian n=20 vol=1.5,range,maker_both,LONG,2025-06-29 18:30:00+00:00,2440.2,-0.003168206276036,-0.0031633695816528,4.836694383200061e-06
T00394,GAP0,ETHUSDT,5m,3,donchian n=20 vol=1.5,range,maker_both,LONG,2025-06-29 08:05:00+00:00,2442.76,-0.002514049594006,-0.0031633695816528,-0.0006493199876467996
T00395,GAP10,ETHUSDT,5m,3,donchian n=20 vol=1.5,range,maker_both,LONG,2025-06-29 08:45:00+00:00,2445.42,-0.0028278356287243,-0.0031633695816528,-0.00033553395292849984
T00395,GAP25,ETHUSDT,5m,3,donchian n=20 vol=1.5,range,maker_both,LONG,2025-06-29 08:45:00+00:00,2445.42,-0.0028278356287243,-0.0031633695816528,-0.00033553395292849984
T00395,GAP50,ETHUSDT,5m,3,donchian n=20 vol=1.5,range,maker_both,LONG,2025-06-29 08:45:00+00:00,2445.42,-0.0028278356287243,-0.0031633695816528,-0.00033553395292849984
T00399,B1_ALL,ETHUSDT,5m,3,donchian n=20 vol=1.5,range,maker_both,SHORT,2025-06-29 21:00:00+00:00,2431.09,0.0013462433050314,-0.0037101971710786,-0.00505644047611
T00392,GAP0,ETHUSDT,5m,3,donchian n=20 vol=1.5,range,maker_both,SHORT,2025-06-29 01:45:00+00:00,2429.77,-0.0005546968140944,-0.0037101971710786,-0.0031555003569842
T00392,GAP10,ETHUSDT,5m,3,donchian n=20 vol=1.5,range,maker_both,SHORT,2025-06-29 01:45:00+00:00,2429.77,-0.0005546968140944,-0.0037101971710786,-0.0031555003569842
T00392,GAP25,ETHUSDT,5m,3,donchian n=20 vol=1.5,range,maker_both,SHORT,2025-06-29 01:45:00+00:00,2429.77,-0.0005546968140944,-0.0037101971710786,-0.0031555003569842
T00392,GAP50,ETHUSDT,5m,3,donchian n=20 vol=1.5,range,maker_both,SHORT,2025-06-29 01:45:00+00:00,2429.77,-0.0005546968140944,-0.0037101971710786,-0.0031555003569842
T00400,B1_ALL,ETHUSDT,5m,3,donchian n=20 vol=1.5,range,maker_both,LONG,2025-06-29 22:05:00+00:00,2443.79,0.0050840306925282,0.0051065215714892,2.249087896099948e-05
T00395,GAP0,ETHUSDT,5m,3,donchian n=20 vol=1.5,range,maker_both,LONG,2025-06-29 08:45:00+00:00,2445.42,-0.0028278356287243,0.0051065215714892,0.0079343572002135
T00396,GAP10,ETHUSDT,5m,3,donchian n=20 vol=1.5,range,maker_both,LONG,2025-06-29 09:35:00+00:00,2454.79,-0.0035453175756435,0.0051065215714892,0.0086518391471327
T00396,GAP25,ETHUSDT,5m,3,donchian n=20 vol=1.5,range,maker_both,LONG,2025-06-29 09:35:00+00:00,2454.79,-0.0035453175756435,0.0051065215714892,0.0086518391471327
T00396,GAP50,ETHUSDT,5m,3,donchian n=20 vol=1.5,range,maker_both,LONG,2025-06-29 09:35:00+00:00,2454.79,-0.0035453175756435,0.0051065215714892,0.0086518391471327
T00401,B1_ALL,ETHUSDT,5m,3,donchian n=20 vol=1.5,range,maker_both,LONG,2025-06-29 22:30:00+00:00,2478.0,0.0072479755835167,0.0078480776991994,0.0006001021156827003
T00402,B1_ALL,ETHUSDT,5m,3,donchian n=20 vol=1.5,range,maker_both,SHORT,2025-07-01 09:35:00+00:00,2449.71,-0.0037536427973394,-0.0037084212060958,4.522159124359989e-05
T00399,GAP50,ETHUSDT,5m,3,donchian n=20 vol=1.5,range,maker_both,SHORT,2025-06-29 21:00:00+00:00,2431.09,0.0013462433050314,-0.0037084212060958,-0.0050546645111272
T00403,B1_ALL,ETHUSDT,5m,3,donchian n=20 vol=1.5,range,maker_both,SHORT,2025-07-01 11:15:00+00:00,2447.25,-0.0038740029222189,0.0037763143942387,0.0076503173164576
T00399,GAP25,ETHUSDT,5m,3,donchian n=20 vol=1.5,range,maker_both,SHORT,2025-06-29 21:00:00+00:00,2431.09,0.0013462433050314,0.0037763143942387,0.0024300710892073
T00402,GAP50,ETHUSDT,5m,3,donchian n=20 vol=1.5,range,maker_both,SHORT,2025-07-01 09:35:00+00:00,2449.71,-0.0037536427973394,0.0037763143942387,0.0075299571915781
T00404,B1_ALL,ETHUSDT,5m,3,donchian n=20 vol=1.5,range,maker_both,SHORT,2025-07-01 11:55:00+00:00,2444.92,-0.0038505871718434,0.003819800631612,0.0076703878034554
T00405,B1_ALL,ETHUSDT,5m,3,donchian n=20 vol=1.5,range,maker_both,SHORT,2025-07-01 12:25:00+00:00,2440.21,0.0040537154785892,0.004125717721067,7.200224247779982e-05
T00399,GAP10,ETHUSDT,5m,3,donchian n=20 vol=1.5,range,maker_both,SHORT,2025-06-29 21:00:00+00:00,2431.09,0.0013462433050314,0.004125717721067,0.0027794744160355997
T00402,GAP25,ETHUSDT,5m,3,donchian n=20 vol=1.5,range,maker_both,SHORT,2025-07-01 09:35:00+00:00,2449.71,-0.0037536427973394,0.004125717721067,0.0078793605184064
T00403,GAP50,ETHUSDT,5m,3,donchian n=20 vol=1.5,range,maker_both,SHORT,2025-07-01 11:15:00+00:00,2447.25,-0.0038740029222189,0.004125717721067,0.007999720643285899
T00406,B1_ALL,ETHUSDT,5m,3,donchian n=20 vol=1.5,range,maker_both,LONG,2025-07-01 14:10:00+00:00,2450.39,-0.0050080935396362,-0.0050063588865606,1.7346530756003065e-06
T00397,GAP10,ETHUSDT,5m,3,donchian n=20 vol=1.5,range,maker_both,LONG,2025-06-29 11:50:00+00:00,2458.39,-0.0034116500308229,-0.0050063588865606,-0.0015947088557377001
T00397,GAP25,ETHUSDT,5m,3,donchian n=20 vol=1.5,range,maker_both,LONG,2025-06-29 11:50:00+00:00,2458.39,-0.0034116500308229,-0.0050063588865606,-0.0015947088557377001
T00397,GAP50,ETHUSDT,5m,3,donchian n=20 vol=1.5,range,maker_both,LONG,2025-06-29 11:50:00+00:00,2458.39,-0.0034116500308229,-0.0050063588865606,-0.0015947088557377001
T00407,B1_ALL,ETHUSDT,5m,3,donchian n=20 vol=1.5,range,maker_both,SHORT,2025-07-01 14:45:00+00:00,2415.85,-0.0061520464641382,-0.0063630758855364,-0.00021102942139819992
T00399,GAP0,ETHUSDT,5m,3,donchian n=20 vol=1.5,range,maker_both,SHORT,2025-06-29 21:00:00+00:00,2431.09,0.0013462433050314,-0.0063630758855364,-0.0077093191905677995
T00402,GAP10,ETHUSDT,5m,3,donchian n=20 vol=1.5,range,maker_both,SHORT,2025-07-01 09:35:00+00:00,2449.71,-0.0037536427973394,-0.0063630758855364,-0.0026094330881969996
T00403,GAP25,ETHUSDT,5m,3,donchian n=20 vol=1.5,range,maker_both,SHORT,2025-07-01 11:15:00+00:00,2447.25,-0.0038740029222189,-0.0063630758855364,-0.0024890729633174997
T00404,GAP50,ETHUSDT,5m,3,donchian n=20 vol=1.5,range,maker_both,SHORT,2025-07-01 11:55:00+00:00,2444.92,-0.0038505871718434,-0.0063630758855364,-0.0025124887136929995
T00408,B1_ALL,ETHUSDT,5m,3,donchian n=20 vol=1.5,range,maker_both,SHORT,2025-07-02 12:20:00+00:00,2438.71,-0.0035284312137859,-0.0036098751734271,-8.144395964120033e-05
T00403,GAP10,ETHUSDT,5m,3,donchian n=20 vol=1.5,range,maker_both,SHORT,2025-07-01 11:15:00+00:00,2447.25,-0.0038740029222189,-0.0036098751734271,0.0002641277487917997
T00404,GAP25,ETHUSDT,5m,3,donchian n=20 vol=1.5,range,maker_both,SHORT,2025-07-01 11:55:00+00:00,2444.92,-0.0038505871718434,-0.0036098751734271,0.00024071199841629995
T00405,GAP50,ETHUSDT,5m,3,donchian n=20 vol=1.5,range,maker_both,SHORT,2025-07-01 12:25:00+00:00,2440.21,0.0040537154785892,-0.0036098751734271,-0.0076635906520163
T00409,B1_ALL,ETHUSDT,5m,3,donchian n=20 vol=1.5,range,maker_both,LONG,2025-07-02 13:40:00+00:00,2448.96,0.0044854658696392,0.0046018705708509,0.00011640470121169946
T00396,GAP0,ETHUSDT,5m,3,donchian n=20 vol=1.5,range,maker_both,LONG,2025-06-29 09:35:00+00:00,2454.79,-0.0035453175756435,0.0046018705708509,0.0081471881464944
T00398,GAP10,ETHUSDT,5m,3,donchian n=20 vol=1.5,range,maker_both,LONG,2025-06-29 18:30:00+00:00,2440.2,-0.003168206276036,0.0046018705708509,0.0077700768468869
T00398,GAP25,ETHUSDT,5m,3,donchian n=20 vol=1.5,range,maker_both,LONG,2025-06-29 18:30:00+00:00,2440.2,-0.003168206276036,0.0046018705708509,0.0077700768468869
T00398,GAP50,ETHUSDT,5m,3,donchian n=20 vol=1.5,range,maker_both,LONG,2025-06-29 18:30:00+00:00,2440.2,-0.003168206276036,0.0046018705708509,0.0077700768468869
T00410,B1_ALL,ETHUSDT,5m,3,donchian n=20 vol=1.5,range,maker_both,LONG,2025-07-02 15:15:00+00:00,2490.66,0.0081272009974798,-0.0059395577366951,-0.0140667587341749
T00397,GAP0,ETHUSDT,5m,3,donchian n=20 vol=1.5,range,maker_both,LONG,2025-06-29 11:50:00+00:00,2458.39,-0.0034116500308229,-0.0059395577366951,-0.0025279077058722
T00400,GAP10,ETHUSDT,5m,3,donchian n=20 vol=1.5,range,maker_both,LONG,2025-06-29 22:05:00+00:00,2443.79,0.0050840306925282,-0.0059395577366951,-0.0110235884292233
T00400,GAP25,ETHUSDT,5m,3,donchian n=20 vol=1.5,range,maker_both,LONG,2025-06-29 22:05:00+00:00,2443.79,0.0050840306925282,-0.0059395577366951,-0.0110235884292233
T00400,GAP50,ETHUSDT,5m,3,donchian n=20 vol=1.5,range,maker_both,LONG,2025-06-29 22:05:00+00:00,2443.79,0.0050840306925282,-0.0059395577366951,-0.0110235884292233
T00411,B1_ALL,ETHUSDT,5m,3,donchian n=20 vol=1.5,range,maker_both,SHORT,2025-07-04 16:05:00+00:00,2486.72,-0.0003986283304288,-0.0060592148756265,-0.005660586545197701
T00402,GAP0,ETHUSDT,5m,3,donchian n=20 vol=1.5,range,maker_both,SHORT,2025-07-01 09:35:00+00:00,2449.71,-0.0037536427973394,-0.0060592148756265,-0.0023055720782871004
T00404,GAP10,ETHUSDT,5m,3,donchian n=20 vol=1.5,range,maker_both,SHORT,2025-07-01 11:55:00+00:00,2444.92,-0.0038505871718434,-0.0060592148756265,-0.0022086277037831003
T00405,GAP25,ETHUSDT,5m,3,donchian n=20 vol=1.5,range,maker_both,SHORT,2025-07-01 12:25:00+00:00,2440.21,0.0040537154785892,-0.0060592148756265,-0.010112930354215701
T00407,GAP50,ETHUSDT,5m,3,donchian n=20 vol=1.5,range,maker_both,SHORT,2025-07-01 14:45:00+00:00,2415.85,-0.0061520464641382,-0.0060592148756265,9.283158851169926e-05
T00412,B1_ALL,ETHUSDT,5m,3,donchian n=20 vol=1.5,range,maker_both,SHORT,2025-07-06 08:05:00+00:00,2515.28,0.0015478445292947,0.0016251813345317,7.733680523700002e-05
T00403,GAP0,ETHUSDT,5m,3,donchian n=20 vol=1.5,range,maker_both,SHORT,2025-07-01 11:15:00+00:00,2447.25,-0.0038740029222189,0.0016251813345317,0.0054991842567506
T00405,GAP10,ETHUSDT,5m,3,donchian n=20 vol=1.5,range,maker_both,SHORT,2025-07-01 12:25:00+00:00,2440.21,0.0040537154785892,0.0016251813345317,-0.0024285341440575
T00407,GAP25,ETHUSDT,5m,3,donchian n=20 vol=1.5,range,maker_both,SHORT,2025-07-01 14:45:00+00:00,2415.85,-0.0061520464641382,0.0016251813345317,0.0077772277986699
T00408,GAP50,ETHUSDT,5m,3,donchian n=20 vol=1.5,range,maker_both,SHORT,2025-07-02 12:20:00+00:00,2438.71,-0.0035284312137859,0.0016251813345317,0.0051536125483176
T00413,B1_ALL,ETHUSDT,5m,3,donchian n=20 vol=1.5,range,maker_both,SHORT,2025-07-06 09:55:00+00:00,2506.28,-0.00277520899675,-0.0027962064323262,-2.0997435576199704e-05
T00404,GAP0,ETHUSDT,5m,3,donchian n=20 vol=1.5,range,maker_both,SHORT,2025-07-01 11:55:00+00:00,2444.92,-0.0038505871718434,-0.0027962064323262,0.0010543807395172002
T00407,GAP10,ETHUSDT,5m,3,donchian n=20 vol=1.5,range,maker_both,SHORT,2025-07-01 14:45:00+00:00,2415.85,-0.0061520464641382,-0.0027962064323262,0.0033558400318119998
T00408,GAP25,ETHUSDT,5m,3,donchian n=20 vol=1.5,range,maker_both,SHORT,2025-07-02 12:20:00+00:00,2438.71,-0.0035284312137859,-0.0027962064323262,0.0007322247814597
T00411,GAP50,ETHUSDT,5m,3,donchian n=20 vol=1.5,range,maker_both,SHORT,2025-07-04 16:05:00+00:00,2486.72,-0.0003986283304288,-0.0027962064323262,-0.0023975781018974
T00414,B1_ALL,ETHUSDT,5m,3,donchian n=20 vol=1.5,range,maker_both,LONG,2025-07-06 12:00:00+00:00,2514.73,-0.0025194351978613,-0.0024889923935746,3.0442804286699623e-05
T00401,GAP50,ETHUSDT,5m,3,donchian n=20 vol=1.5,range,maker_both,LONG,2025-06-29 22:30:00+00:00,2478.0,0.0072479755835167,-0.0024889923935746,-0.0097369679770913
T00415,B1_ALL,ETHUSDT,5m,3,donchian n=20 vol=1.5,range,maker_both,LONG,2025-07-06 12:40:00+00:00,2517.99,0.0014335637904253,0.001431924022997,-1.6397674283000555e-06
T00401,GAP25,ETHUSDT,5m,3,donchian n=20 vol=1.5,range,maker_both,LONG,2025-06-29 22:30:00+00:00,2478.0,0.0072479755835167,0.001431924022997,-0.005816051560519699
T00406,GAP50,ETHUSDT,5m,3,donchian n=20 vol=1.5,range,maker_both,LONG,2025-07-01 14:10:00+00:00,2450.39,-0.0050080935396362,0.001431924022997,0.0064400175626332
T00416,B1_ALL,ETHUSDT,5m,3,donchian n=20 vol=1.5,range,maker_both,LONG,2025-07-06 13:30:00+00:00,2533.68,0.0030148977345511,-0.0037706895431414,-0.0067855872776925
T00398,GAP0,ETHUSDT,5m,3,donchian n=20 vol=1.5,range,maker_both,LONG,2025-06-29 18:30:00+00:00,2440.2,-0.003168206276036,-0.0037706895431414,-0.0006024832671054003
T00401,GAP10,ETHUSDT,5m,3,donchian n=20 vol=1.5,range,maker_both,LONG,2025-06-29 22:30:00+00:00,2478.0,0.0072479755835167,-0.0037706895431414,-0.0110186651266581
T00406,GAP25,ETHUSDT,5m,3,donchian n=20 vol=1.5,range,maker_both,LONG,2025-07-01 14:10:00+00:00,2450.39,-0.0050080935396362,-0.0037706895431414,0.0012374039964948
T00409,GAP50,ETHUSDT,5m,3,donchian n=20 vol=1.5,range,maker_both,LONG,2025-07-02 13:40:00+00:00,2448.96,0.0044854658696392,-0.0037706895431414,-0.0082561554127806
T00417,B1_ALL,ETHUSDT,5m,3,donchian n=20 vol=1.5,range,maker_both,LONG,2025-07-06 13:55:00+00:00,2565.09,-0.0049101676309966,-0.0052353458552193,-0.00032517822422270005
T00418,B1_ALL,ETHUSDT,5m,3,donchian n=20 vol=1.5,range,maker_both,SHORT,2025-07-06 18:25:00+00:00,2537.44,0.0036255140204445,0.0036562572601833,3.0743239738799735e-05
T00405,GAP0,ETHUSDT,5m,3,donchian n=20 vol=1.5,range,maker_both,SHORT,2025-07-01 12:25:00+00:00,2440.21,0.0040537154785892,0.0036562572601833,-0.0003974582184059
T00408,GAP10,ETHUSDT,5m,3,donchian n=20 vol=1.5,range,maker_both,SHORT,2025-07-02 12:20:00+00:00,2438.71,-0.0035284312137859,0.0036562572601833,0.0071846884739692
T00411,GAP25,ETHUSDT,5m,3,donchian n=20 vol=1.5,range,maker_both,SHORT,2025-07-04 16:05:00+00:00,2486.72,-0.0003986283304288,0.0036562572601833,0.004054885590612099
T00412,GAP50,ETHUSDT,5m,3,donchian n=20 vol=1.5,range,maker_both,SHORT,2025-07-06 08:05:00+00:00,2515.28,0.0015478445292947,0.0036562572601833,0.0021084127308886
T00419,B1_ALL,ETHUSDT,5m,3,donchian n=20 vol=1.5,range,maker_both,LONG,2025-07-06 20:10:00+00:00,2546.35,0.0035142946654028,0.0033110234787651,-0.00020327118663770018
T00406,GAP10,ETHUSDT,5m,3,donchian n=20 vol=1.5,range,maker_both,LONG,2025-07-01 14:10:00+00:00,2450.39,-0.0050080935396362,0.0033110234787651,0.0083191170184013
T00409,GAP25,ETHUSDT,5m,3,donchian n=20 vol=1.5,range,maker_both,LONG,2025-07-02 13:40:00+00:00,2448.96,0.0044854658696392,0.0033110234787651,-0.0011744423908741004
T00410,GAP50,ETHUSDT,5m,3,donchian n=20 vol=1.5,range,maker_both,LONG,2025-07-02 15:15:00+00:00,2490.66,0.0081272009974798,0.0033110234787651,-0.004816177518714699
T00420,B1_ALL,ETHUSDT,5m,3,donchian n=20 vol=1.5,range,maker_both,LONG,2025-07-06 21:35:00+00:00,2580.07,0.0067846458506876,-0.0058032943933019,-0.012587940243989501
T00400,GAP0,ETHUSDT,5m,3,donchian n=20 vol=1.5,range,maker_both,LONG,2025-06-29 22:05:00+00:00,2443.79,0.0050840306925282,-0.0058032943933019,-0.0108873250858301
T00409,GAP10,ETHUSDT,5m,3,donchian n=20 vol=1.5,range,maker_both,LONG,2025-07-02 13:40:00+00:00,2448.96,0.0044854658696392,-0.0058032943933019,-0.0102887602629411
T00410,GAP25,ETHUSDT,5m,3,donchian n=20 vol=1.5,range,maker_both,LONG,2025-07-02 15:15:00+00:00,2490.66,0.0081272009974798,-0.0058032943933019,-0.0139304953907817
T00414,GAP50,ETHUSDT,5m,3,donchian n=20 vol=1.5,range,maker_both,LONG,2025-07-06 12:00:00+00:00,2514.73,-0.0025194351978613,-0.0058032943933019,-0.0032838591954406004
T00421,B1_ALL,ETHUSDT,5m,3,donchian n=20 vol=1.5,range,maker_both,LONG,2025-07-07 19:20:00+00:00,2552.5,-0.0052839125207247,-0.0052140068816003,6.990563912440042e-05
T00401,GAP0,ETHUSDT,5m,3,donchian n=20 vol=1.5,range,maker_both,LONG,2025-06-29 22:30:00+00:00,2478.0,0.0072479755835167,-0.0052140068816003,-0.012461982465117
T00410,GAP10,ETHUSDT,5m,3,donchian n=20 vol=1.5,range,maker_both,LONG,2025-07-02 15:15:00+00:00,2490.66,0.0081272009974798,-0.0052140068816003,-0.0133412078790801
T00414,GAP25,ETHUSDT,5m,3,donchian n=20 vol=1.5,range,maker_both,LONG,2025-07-06 12:00:00+00:00,2514.73,-0.0025194351978613,-0.0052140068816003,-0.002694571683739
T00415,GAP50,ETHUSDT,5m,3,donchian n=20 vol=1.5,range,maker_both,LONG,2025-07-06 12:40:00+00:00,2517.99,0.0014335637904253,-0.0052140068816003,-0.0066475706720256
T00422,B1_ALL,ETHUSDT,5m,3,donchian n=20 vol=1.5,range,maker_both,SHORT,2025-07-07 21:25:00+00:00,2525.49,-0.0043676164736446,-0.0043148045938075,5.281187983709971e-05
T00407,GAP0,ETHUSDT,5m,3,donchian n=20 vol=1.5,range,maker_both,SHORT,2025-07-01 14:45:00+00:00,2415.85,-0.0061520464641382,-0.0043148045938075,0.0018372418703306997
T00411,GAP10,ETHUSDT,5m,3,donchian n=20 vol=1.5,range,maker_both,SHORT,2025-07-04 16:05:00+00:00,2486.72,-0.0003986283304288,-0.0043148045938075,-0.0039161762633787
T00412,GAP25,ETHUSDT,5m,3,donchian n=20 vol=1.5,range,maker_both,SHORT,2025-07-06 08:05:00+00:00,2515.28,0.0015478445292947,-0.0043148045938075,-0.0058626491231022
T00413,GAP50,ETHUSDT,5m,3,donchian n=20 vol=1.5,range,maker_both,SHORT,2025-07-06 09:55:00+00:00,2506.28,-0.00277520899675,-0.0043148045938075,-0.0015395955970574997
T00423,B1_ALL,ETHUSDT,5m,3,donchian n=20 vol=1.5,range,maker_both,LONG,2025-07-07 23:35:00+00:00,2543.39,-0.0036103525864216,0.0033130417781422,0.0069233943645638
T00424,B1_ALL,ETHUSDT,5m,3,donchian n=20 vol=1.5,range,maker_both,LONG,2025-07-08 05:30:00+00:00,2547.23,0.0021774223913634,0.0020998940389219,-7.752835244149991e-05
T00416,GAP50,ETHUSDT,5m,3,donchian n=20 vol=1.5,range,maker_both,LONG,2025-07-06 13:30:00+00:00,2533.68,0.0030148977345511,0.0020998940389219,-0.0009150036956291998
T00425,B1_ALL,ETHUSDT,5m,3,donchian n=20 vol=1.5,range,maker_both,LONG,2025-07-08 06:50:00+00:00,2561.64,-0.0032320923763373,-0.0032658325894788,-3.3740213141500094e-05
T00426,B1_ALL,ETHUSDT,5m,3,donchian n=20 vol=1.5,range,maker_both,SHORT,2025-07-08 09:05:00+00:00,2544.79,-0.0033343243675044,-0.0033018352252307,3.2489142273699895e-05
T00427,B1_ALL,ETHUSDT,5m,3,donchian n=20 vol=1.5,range,maker_both,LONG,2025-07-08 10:25:00+00:00,2559.39,0.0025776142011869,0.0024778662743317,-9.974792685519965e-05
T00417,GAP50,ETHUSDT,5m,3,donchian n=20 vol=1.5,range,maker_both,LONG,2025-07-06 13:55:00+00:00,2565.09,-0.0049101676309966,0.0024778662743317,0.0073880339053283
T00428,B1_ALL,ETHUSDT,5m,3,donchian n=20 vol=1.5,range,maker_both,SHORT,2025-07-25 03:05:00+00:00,3608.82,-0.0077519745817941,0.0126796198211668,0.0204315944029609
T00429,B1_ALL,ETHUSDT,5m,3,donchian n=20 vol=1.5,range,maker_both,SHORT,2025-07-25 03:35:00+00:00,3582.92,-0.0089176957832761,-0.0086934402390104,0.0002242555442656998
T00413,GAP25,ETHUSDT,5m,3,donchian n=20 vol=1.5,range,maker_both,SHORT,2025-07-06 09:55:00+00:00,2506.28,-0.00277520899675,-0.0086934402390104,-0.0059182312422604005
T00418,GAP50,ETHUSDT,5m,3,donchian n=20 vol=1.5,range,maker_both,SHORT,2025-07-06 18:25:00+00:00,2537.44,0.0036255140204445,-0.0086934402390104,-0.0123189542594549
T00430,B1_ALL,ETHUSDT,5m,3,donchian n=20 vol=1.5,range,maker_both,LONG,2025-07-25 07:20:00+00:00,3652.96,-0.0074206883602185,-0.0076040682365775,-0.00018337987635900013
T00431,B1_ALL,ETHUSDT,5m,3,donchian n=20 vol=1.5,range,maker_both,SHORT,2025-07-25 07:55:00+00:00,3599.58,-0.0074577271795739,-0.0081105418147725,-0.0006528146351986001
T00432,B1_ALL,ETHUSDT,5m,3,donchian n=20 vol=1.5,range,maker_both,SHORT,2025-07-25 15:45:00+00:00,3608.98,-0.0080838728687626,-0.0078888597996068,0.00019501306915579997
T00422,GAP50,ETHUSDT,5m,3,donchian n=20 vol=1.5,range,maker_both,SHORT,2025-07-07 21:25:00+00:00,2525.49,-0.0043676164736446,-0.0078888597996068,-0.003521243325962201
T00433,B1_ALL,ETHUSDT,5m,3,donchian n=20 vol=1.5,range,maker_both,LONG,2025-07-25 20:30:00+00:00,3661.07,0.0053762969724867,0.0060708582721596,0.0006945612996729
T00406,GAP0,ETHUSDT,5m,3,donchian n=20 vol=1.5,range,maker_both,LONG,2025-07-01 14:10:00+00:00,2450.39,-0.0050080935396362,0.0060708582721596,0.0110789518117958
T00414,GAP10,ETHUSDT,5m,3,donchian n=20 vol=1.5,range,maker_both,LONG,2025-07-06 12:00:00+00:00,2514.73,-0.0025194351978613,0.0060708582721596,0.0085902934700209
T00415,GAP25,ETHUSDT,5m,3,donchian n=20 vol=1.5,range,maker_both,LONG,2025-07-06 12:40:00+00:00,2517.99,0.0014335637904253,0.0060708582721596,0.0046372944817343
T00419,GAP50,ETHUSDT,5m,3,donchian n=20 vol=1.5,range,maker_both,LONG,2025-07-06 20:10:00+00:00,2546.35,0.0035142946654028,0.0060708582721596,0.0025565636067567997
T00434,B1_ALL,ETHUSDT,5m,3,donchian n=20 vol=1.5,range,maker_both,LONG,2025-07-25 20:50:00+00:00,3692.68,0.0063108265994121,0.006372537356016,6.171075660389973e-05
T00435,B1_ALL,ETHUSDT,5m,3,donchian n=20 vol=1.5,range,maker_both,SHORT,2025-07-29 16:40:00+00:00,3721.12,-0.0075166365362547,-0.0075208248676417,-4.188331387000761e-06
T00436,B1_ALL,ETHUSDT,5m,3,donchian n=20 vol=1.5,range,maker_both,LONG,2025-07-29 19:20:00+00:00,3786.77,-0.0058650988015112,-0.0063385078854563,-0.0004734090839450993
T00437,B1_ALL,ETHUSDT,5m,3,donchian n=20 vol=1.5,range,maker_both,SHORT,2025-07-29 20:10:00+00:00,3745.5,-0.0058461885120064,-0.0057800622532033,6.612625880310016e-05
T00426,GAP50,ETHUSDT,5m,3,donchian n=20 vol=1.5,range,maker_both,SHORT,2025-07-08 09:05:00+00:00,2544.79,-0.0033343243675044,-0.0057800622532033,-0.0024457378856989004
T00438,B1_ALL,ETHUSDT,5m,3,donchian n=20 vol=1.5,range,maker_both,SHORT,2025-07-30 00:25:00+00:00,3774.69,-0.004731543310798,-0.0047286309984942,2.9123123037998883e-06
T00408,GAP0,ETHUSDT,5m,3,donchian n=20 vol=1.5,range,maker_both,SHORT,2025-07-02 12:20:00+00:00,2438.71,-0.0035284312137859,-0.0047286309984942,-0.0012001997847083
T00412,GAP10,ETHUSDT,5m,3,donchian n=20 vol=1.5,range,maker_both,SHORT,2025-07-06 08:05:00+00:00,2515.28,0.0015478445292947,-0.0047286309984942,-0.0062764755277888995
T00418,GAP25,ETHUSDT,5m,3,donchian n=20 vol=1.5,range,maker_both,SHORT,2025-07-06 18:25:00+00:00,2537.44,0.0036255140204445,-0.0047286309984942,-0.0083541450189387
T00428,GAP50,ETHUSDT,5m,3,donchian n=20 vol=1.5,range,maker_both,SHORT,2025-07-25 03:05:00+00:00,3608.82,-0.0077519745817941,-0.0047286309984942,0.0030233435832999
T00439,B1_ALL,ETHUSDT,5m,3,donchian n=20 vol=1.5,range,maker_both,LONG,2025-07-30 01:50:00+00:00,3808.17,-0.0057637267162978,0.0006842503857095,0.0064479771020073
T00440,B1_ALL,ETHUSDT,5m,3,donchian n=20 vol=1.5,range,maker_both,LONG,2025-07-30 02:15:00+00:00,3813.18,-0.0061071296006055,-0.0017339279382446,0.004373201662360901
T00441,B1_ALL,ETHUSDT,5m,3,donchian n=20 vol=1.5,range,maker_both,SHORT,2025-07-30 11:00:00+00:00,3771.82,0.0065526344915104,0.0064521573954653,-0.00010047709604509968
T00429,GAP50,ETHUSDT,5m,3,donchian n=20 vol=1.5,range,maker_both,SHORT,2025-07-25 03:35:00+00:00,3582.92,-0.0089176957832761,0.0064521573954653,0.0153698531787414
T00442,B1_ALL,ETHUSDT,5m,3,donchian n=20 vol=1.5,range,maker_both,LONG,2025-07-30 14:45:00+00:00,3793.51,0.0076371515079364,0.0075906880652184,-4.646344271800034e-05
T00409,GAP0,ETHUSDT,5m,3,donchian n=20 vol=1.5,range,maker_both,LONG,2025-07-02 13:40:00+00:00,2448.96,0.0044854658696392,0.0075906880652184,0.0031052221955792
T00415,GAP10,ETHUSDT,5m,3,donchian n=20 vol=1.5,range,maker_both,LONG,2025-07-06 12:40:00+00:00,2517.99,0.0014335637904253,0.0075906880652184,0.0061571242747931
T00416,GAP25,ETHUSDT,5m,3,donchian n=20 vol=1.5,range,maker_both,LONG,2025-07-06 13:30:00+00:00,2533.68,0.0030148977345511,0.0075906880652184,0.0045757903306673006
T00420,GAP50,ETHUSDT,5m,3,donchian n=20 vol=1.5,range,maker_both,LONG,2025-07-06 21:35:00+00:00,2580.07,0.0067846458506876,0.0075906880652184,0.0008060422145308001
T00443,B1_ALL,ETHUSDT,5m,3,donchian n=20 vol=1.5,range,maker_both,SHORT,2025-07-30 18:50:00+00:00,3759.06,0.0115503795783385,0.011368208099539,-0.00018217147879950012
T00411,GAP0,ETHUSDT,5m,3,donchian n=20 vol=1.5,range,maker_both,SHORT,2025-07-04 16:05:00+00:00,2486.72,-0.0003986283304288,0.011368208099539,0.0117668364299678
T00413,GAP10,ETHUSDT,5m,3,donchian n=20 vol=1.5,range,maker_both,SHORT,2025-07-06 09:55:00+00:00,2506.28,-0.00277520899675,0.011368208099539,0.014143417096289
T00422,GAP25,ETHUSDT,5m,3,donchian n=20 vol=1.5,range,maker_both,SHORT,2025-07-07 21:25:00+00:00,2525.49,-0.0043676164736446,0.011368208099539,0.0157358245731836
T00431,GAP50,ETHUSDT,5m,3,donchian n=20 vol=1.5,range,maker_both,SHORT,2025-07-25 07:55:00+00:00,3599.58,-0.0074577271795739,0.011368208099539,0.0188259352791129
T00444,B1_ALL,ETHUSDT,5m,3,donchian n=20 vol=1.5,range,maker_both,SHORT,2025-07-30 19:10:00+00:00,3687.18,-0.0089626311468727,-0.0093658678403745,-0.00040323669350180065
T00445,B1_ALL,ETHUSDT,5m,3,donchian n=20 vol=1.5,range,maker_both,LONG,2025-07-31 16:40:00+00:00,3814.53,-0.0058982060138912,-0.0059084058077593,-1.0199793868099528e-05
T00446,B1_ALL,ETHUSDT,5m,3,donchian n=20 vol=1.5,range,maker_both,SHORT,2025-07-31 18:10:00+00:00,3753.05,-0.0064312926981733,-0.0064622633082995,-3.097061012619952e-05
T00412,GAP0,ETHUSDT,5m,3,donchian n=20 vol=1.5,range,maker_both,SHORT,2025-07-06 08:05:00+00:00,2515.28,0.0015478445292947,-0.0064622633082995,-0.0080101078375942
T00418,GAP10,ETHUSDT,5m,3,donchian n=20 vol=1.5,range,maker_both,SHORT,2025-07-06 18:25:00+00:00,2537.44,0.0036255140204445,-0.0064622633082995,-0.010087777328744
T00426,GAP25,ETHUSDT,5m,3,donchian n=20 vol=1.5,range,maker_both,SHORT,2025-07-08 09:05:00+00:00,2544.79,-0.0033343243675044,-0.0064622633082995,-0.0031279389407951
T00432,GAP50,ETHUSDT,5m,3,donchian n=20 vol=1.5,range,maker_both,SHORT,2025-07-25 15:45:00+00:00,3608.98,-0.0080838728687626,-0.0064622633082995,0.0016216095604631008
T00447,B1_ALL,ETHUSDT,5m,3,donchian n=20 vol=1.5,range,maker_both,SHORT,2025-07-31 19:50:00+00:00,3737.85,-0.0061206831805368,0.0083462486866353,0.0144669318671721
T00428,GAP25,ETHUSDT,5m,3,donchian n=20 vol=1.5,range,maker_both,SHORT,2025-07-25 03:05:00+00:00,3608.82,-0.0077519745817941,0.0083462486866353,0.0160982232684294
T00435,GAP50,ETHUSDT,5m,3,donchian n=20 vol=1.5,range,maker_both,SHORT,2025-07-29 16:40:00+00:00,3721.12,-0.0075166365362547,0.0083462486866353,0.01586288522289
T00448,B1_ALL,ETHUSDT,5m,3,donchian n=20 vol=1.5,range,maker_both,SHORT,2025-08-04 04:40:00+00:00,3543.43,0.0049236350854781,-0.0043569201666435,-0.0092805552521216
T00413,GAP0,ETHUSDT,5m,3,donchian n=20 vol=1.5,range,maker_both,SHORT,2025-07-06 09:55:00+00:00,2506.28,-0.00277520899675,-0.0043569201666435,-0.0015817111698934994
T00422,GAP10,ETHUSDT,5m,3,donchian n=20 vol=1.5,range,maker_both,SHORT,2025-07-07 21:25:00+00:00,2525.49,-0.0043676164736446,-0.0043569201666435,1.0696307001100032e-05
T00429,GAP25,ETHUSDT,5m,3,donchian n=20 vol=1.5,range,maker_both,SHORT,2025-07-25 03:35:00+00:00,3582.92,-0.0089176957832761,-0.0043569201666435,0.0045607756166326004
T00437,GAP50,ETHUSDT,5m,3,donchian n=20 vol=1.5,range,maker_both,SHORT,2025-07-29 20:10:00+00:00,3745.5,-0.0058461885120064,-0.0043569201666435,0.0014892683453629008
T00449,B1_ALL,ETHUSDT,5m,3,donchian n=20 vol=1.5,range,maker_both,LONG,2025-08-04 08:05:00+00:00,3555.27,-0.0041734704560293,-0.0042466329589597,-7.316250293040033e-05
T00410,GAP0,ETHUSDT,5m,3,donchian n=20 vol=1.5,range,maker_both,LONG,2025-07-02 15:15:00+00:00,2490.66,0.0081272009974798,-0.0042466329589597,-0.0123738339564395
T00416,GAP10,ETHUSDT,5m,3,donchian n=20 vol=1.5,range,maker_both,LONG,2025-07-06 13:30:00+00:00,2533.68,0.0030148977345511,-0.0042466329589597,-0.0072615306935107996
T00417,GAP25,ETHUSDT,5m,3,donchian n=20 vol=1.5,range,maker_both,LONG,2025-07-06 13:55:00+00:00,2565.09,-0.0049101676309966,-0.0042466329589597,0.0006635346720368996
T00421,GAP50,ETHUSDT,5m,3,donchian n=20 vol=1.5,range,maker_both,LONG,2025-07-07 19:20:00+00:00,2552.5,-0.0052839125207247,-0.0042466329589597,0.0010372795617650003
T00450,B1_ALL,ETHUSDT,5m,3,donchian n=20 vol=1.5,range,maker_both,LONG,2025-08-04 10:25:00+00:00,3570.52,-0.0044368449607541,-0.0046279193521854,-0.00019107439143129998
T00451,B1_ALL,ETHUSDT,5m,3,donchian n=20 vol=1.5,range,maker_both,SHORT,2025-08-05 22:05:00+00:00,3546.64,-0.005085661069494,-0.0053163233116627,-0.00023066224216870043
T00452,B1_ALL,ETHUSDT,5m,3,donchian n=20 vol=1.5,range,maker_both,LONG,2025-08-05 23:05:00+00:00,3604.66,-0.0048252006522151,-0.0047514246708049,7.377598141019952e-05
T00419,GAP25,ETHUSDT,5m,3,donchian n=20 vol=1.5,range,maker_both,LONG,2025-07-06 20:10:00+00:00,2546.35,0.0035142946654028,-0.0047514246708049,-0.0082657193362077
T00423,GAP50,ETHUSDT,5m,3,donchian n=20 vol=1.5,range,maker_both,LONG,2025-07-07 23:35:00+00:00,2543.39,-0.0036103525864216,-0.0047514246708049,-0.0011410720843833002
T00453,B1_ALL,ETHUSDT,5m,3,donchian n=20 vol=1.5,range,maker_both,SHORT,2025-08-06 00:50:00+00:00,3570.01,-0.0052359735431879,-0.0053128469737089,-7.687343052100067e-05
T00454,B1_ALL,ETHUSDT,5m,3,donchian n=20 vol=1.5,range,maker_both,LONG,2025-08-06 05:10:00+00:00,3598.0,0.0051918736764881,0.0058903130784876,0.0006984394019995
T00414,GAP0,ETHUSDT,5m,3,donchian n=20 vol=1.5,range,maker_both,LONG,2025-07-06 12:00:00+00:00,2514.73,-0.0025194351978613,0.0058903130784876,0.0084097482763489
T00417,GAP10,ETHUSDT,5m,3,donchian n=20 vol=1.5,range,maker_both,LONG,2025-07-06 13:55:00+00:00,2565.09,-0.0049101676309966,0.0058903130784876,0.0108004807094842
T00420,GAP25,ETHUSDT,5m,3,donchian n=20 vol=1.5,range,maker_both,LONG,2025-07-06 21:35:00+00:00,2580.07,0.0067846458506876,0.0058903130784876,-0.0008943327721999995
T00424,GAP50,ETHUSDT,5m,3,donchian n=20 vol=1.5,range,maker_both,LONG,2025-07-08 05:30:00+00:00,2547.23,0.0021774223913634,0.0058903130784876,0.0037128906871242004
T00455,B1_ALL,ETHUSDT,5m,3,donchian n=20 vol=1.5,range,maker_both,LONG,2025-08-06 05:40:00+00:00,3657.27,-0.0062275754682064,-0.0063216427104109,-9.406724220450014e-05
T00456,B1_ALL,ETHUSDT,5m,3,donchian n=20 vol=1.5,range,maker_both,SHORT,2025-08-06 08:45:00+00:00,3610.86,-0.0047643771069677,-0.0047297580609273,3.4619046040399414e-05
T00431,GAP25,ETHUSDT,5m,3,donchian n=20 vol=1.5,range,maker_both,SHORT,2025-07-25 07:55:00+00:00,3599.58,-0.0074577271795739,-0.0047297580609273,0.0027279691186465997
T00438,GAP50,ETHUSDT,5m,3,donchian n=20 vol=1.5,range,maker_both,SHORT,2025-07-30 00:25:00+00:00,3774.69,-0.004731543310798,-0.0047297580609273,1.7852498706994596e-06
T00457,B1_ALL,ETHUSDT,5m,3,donchian n=20 vol=1.5,range,maker_both,SHORT,2025-08-06 12:15:00+00:00,3592.65,-0.0044761712320462,0.0058189242684564,0.0102950955005026
T00458,B1_ALL,ETHUSDT,5m,3,donchian n=20 vol=1.5,range,maker_both,LONG,2025-08-06 14:05:00+00:00,3612.13,-0.0060631900342433,-0.006085706233697,-2.2516199453700286e-05
T00415,GAP0,ETHUSDT,5m,3,donchian n=20 vol=1.5,range,maker_both,LONG,2025-07-06 12:40:00+00:00,2517.99,0.0014335637904253,-0.006085706233697,-0.007519270024122299
T00419,GAP10,ETHUSDT,5m,3,donchian n=20 vol=1.5,range,maker_both,LONG,2025-07-06 20:10:00+00:00,2546.35,0.0035142946654028,-0.006085706233697,-0.009600000899099799
T00421,GAP25,ETHUSDT,5m,3,donchian n=20 vol=1.5,range,maker_both,LONG,2025-07-07 19:20:00+00:00,2552.5,-0.0052839125207247,-0.006085706233697,-0.0008017937129722996
T00425,GAP50,ETHUSDT,5m,3,donchian n=20 vol=1.5,range,maker_both,LONG,2025-07-08 06:50:00+00:00,2561.64,-0.0032320923763373,-0.006085706233697,-0.0028536138573597
T00459,B1_ALL,ETHUSDT,5m,3,donchian n=20 vol=1.5,range,maker_both,LONG,2025-08-06 15:00:00+00:00,3634.99,0.0092231045141145,0.0093758452545208,0.00015274074040629894
T00460,B1_ALL,ETHUSDT,5m,4,pullback rsi=35,all,maker_both,SHORT,2025-08-16 07:40:00+00:00,4452.03,-0.001351598668698,-0.000859588204145,0.0004920104645530001
T00460,GAP0,ETHUSDT,5m,4,pullback rsi=35,all,maker_both,SHORT,2025-08-16 07:40:00+00:00,4452.03,-0.001351598668698,-0.000859588204145,0.0004920104645530001
T00460,GAP10,ETHUSDT,5m,4,pullback rsi=35,all,maker_both,SHORT,2025-08-16 07:40:00+00:00,4452.03,-0.001351598668698,-0.000859588204145,0.0004920104645530001
T00460,GAP25,ETHUSDT,5m,4,pullback rsi=35,all,maker_both,SHORT,2025-08-16 07:40:00+00:00,4452.03,-0.001351598668698,-0.000859588204145,0.0004920104645530001
T00460,GAP50,ETHUSDT,5m,4,pullback rsi=35,all,maker_both,SHORT,2025-08-16 07:40:00+00:00,4452.03,-0.001351598668698,-0.000859588204145,0.0004920104645530001
T00461,B1_ALL,ETHUSDT,5m,4,pullback rsi=35,all,maker_both,LONG,2025-08-17 13:15:00+00:00,4519.68,0.0025355987719198,0.0024824514109781,-5.314736094169962e-05
T00461,GAP0,ETHUSDT,5m,4,pullback rsi=35,all,maker_both,LONG,2025-08-17 13:15:00+00:00,4519.68,0.0025355987719198,0.0024824514109781,-5.314736094169962e-05
T00461,GAP10,ETHUSDT,5m,4,pullback rsi=35,all,maker_both,LONG,2025-08-17 13:15:00+00:00,4519.68,0.0025355987719198,0.0024824514109781,-5.314736094169962e-05
T00461,GAP25,ETHUSDT,5m,4,pullback rsi=35,all,maker_both,LONG,2025-08-17 13:15:00+00:00,4519.68,0.0025355987719198,0.0024824514109781,-5.314736094169962e-05
T00461,GAP50,ETHUSDT,5m,4,pullback rsi=35,all,maker_both,LONG,2025-08-17 13:15:00+00:00,4519.68,0.0025355987719198,0.0024824514109781,-5.314736094169962e-05
T00462,B1_ALL,ETHUSDT,5m,4,pullback rsi=35,all,maker_both,LONG,2025-08-17 16:40:00+00:00,4526.21,-0.0062521008459244,-0.006115008734903,0.00013709211102139966
T00462,GAP10,ETHUSDT,5m,4,pullback rsi=35,all,maker_both,LONG,2025-08-17 16:40:00+00:00,4526.21,-0.0062521008459244,-0.006115008734903,0.00013709211102139966
T00462,GAP25,ETHUSDT,5m,4,pullback rsi=35,all,maker_both,LONG,2025-08-17 16:40:00+00:00,4526.21,-0.0062521008459244,-0.006115008734903,0.00013709211102139966
T00462,GAP50,ETHUSDT,5m,4,pullback rsi=35,all,maker_both,LONG,2025-08-17 16:40:00+00:00,4526.21,-0.0062521008459244,-0.006115008734903,0.00013709211102139966
T00463,B1_ALL,ETHUSDT,5m,4,pullback rsi=35,all,maker_both,SHORT,2025-08-17 22:15:00+00:00,4494.39,-0.0055605136601506,-0.005641165103432,-8.06514432813996e-05
T00464,B1_ALL,ETHUSDT,5m,4,pullback rsi=35,all,maker_both,SHORT,2025-08-18 09:50:00+00:00,4316.41,0.0076543263595075,0.0077581070558662,0.00010378069635870023
T00463,GAP0,ETHUSDT,5m,4,pullback rsi=35,all,maker_both,SHORT,2025-08-17 22:15:00+00:00,4494.39,-0.0055605136601506,0.0077581070558662,0.013318620716016801
T00463,GAP10,ETHUSDT,5m,4,pullback rsi=35,all,maker_both,SHORT,2025-08-17 22:15:00+00:00,4494.39,-0.0055605136601506,0.0077581070558662,0.013318620716016801
T00463,GAP25,ETHUSDT,5m,4,pullback rsi=35,all,maker_both,SHORT,2025-08-17 22:15:00+00:00,4494.39,-0.0055605136601506,0.0077581070558662,0.013318620716016801
T00463,GAP50,ETHUSDT,5m,4,pullback rsi=35,all,maker_both,SHORT,2025-08-17 22:15:00+00:00,4494.39,-0.0055605136601506,0.0077581070558662,0.013318620716016801
T00465,B1_ALL,ETHUSDT,5m,4,pullback rsi=35,all,maker_both,LONG,2025-08-20 11:35:00+00:00,4188.29,-0.0059383224624524,-0.0060521150461896,-0.00011379258373719978
T00466,B1_ALL,ETHUSDT,5m,4,pullback rsi=35,all,maker_both,LONG,2025-08-22 10:45:00+00:00,4296.68,-0.0057839475535615,-0.005901943681127,-0.00011799612756550025
T00465,GAP50,ETHUSDT,5m,4,pullback rsi=35,all,maker_both,LONG,2025-08-20 11:35:00+00:00,4188.29,-0.0059383224624524,-0.005901943681127,3.637878132540032e-05
T00467,B1_ALL,ETHUSDT,5m,4,pullback rsi=35,all,maker_both,LONG,2025-08-24 19:40:00+00:00,4834.89,-0.0148914620061403,-0.0155085947128646,-0.0006171327067243
T00462,GAP0,ETHUSDT,5m,4,pullback rsi=35,all,maker_both,LONG,2025-08-17 16:40:00+00:00,4526.21,-0.0062521008459244,-0.0155085947128646,-0.0092564938669402
T00465,GAP10,ETHUSDT,5m,4,pullback rsi=35,all,maker_both,LONG,2025-08-20 11:35:00+00:00,4188.29,-0.0059383224624524,-0.0155085947128646,-0.009570272250412199
T00465,GAP25,ETHUSDT,5m,4,pullback rsi=35,all,maker_both,LONG,2025-08-20 11:35:00+00:00,4188.29,-0.0059383224624524,-0.0155085947128646,-0.009570272250412199
T00466,GAP50,ETHUSDT,5m,4,pullback rsi=35,all,maker_both,LONG,2025-08-22 10:45:00+00:00,4296.68,-0.0057839475535615,-0.0155085947128646,-0.0097246471593031
T00468,B1_ALL,ETHUSDT,5m,4,pullback rsi=35,all,maker_both,SHORT,2025-08-25 12:25:00+00:00,4612.12,-0.0074119984130529,-0.0072705492443896,0.00014144916866330043
T00469,B1_ALL,ETHUSDT,5m,4,pullback rsi=35,all,maker_both,SHORT,2025-08-28 22:05:00+00:00,4497.61,-0.0022991865231867,-0.0015555798973516,0.0007436066258351001
T00464,GAP0,ETHUSDT,5m,4,pullback rsi=35,all,maker_both,SHORT,2025-08-18 09:50:00+00:00,4316.41,0.0076543263595075,-0.0015555798973516,-0.0092099062568591
T00464,GAP10,ETHUSDT,5m,4,pullback rsi=35,all,maker_both,SHORT,2025-08-18 09:50:00+00:00,4316.41,0.0076543263595075,-0.0015555798973516,-0.0092099062568591
T00464,GAP25,ETHUSDT,5m,4,pullback rsi=35,all,maker_both,SHORT,2025-08-18 09:50:00+00:00,4316.41,0.0076543263595075,-0.0015555798973516,-0.0092099062568591
T00464,GAP50,ETHUSDT,5m,4,pullback rsi=35,all,maker_both,SHORT,2025-08-18 09:50:00+00:00,4316.41,0.0076543263595075,-0.0015555798973516,-0.0092099062568591
T00470,B1_ALL,ETHUSDT,5m,4,pullback rsi=35,all,maker_both,SHORT,2025-08-29 12:35:00+00:00,4407.2,0.005865003080865,0.0062056337157455,0.0003406306348804995
T00468,GAP0,ETHUSDT,5m,4,pullback rsi=35,all,maker_both,SHORT,2025-08-25 12:25:00+00:00,4612.12,-0.0074119984130529,0.0062056337157455,0.0136176321287984
T00468,GAP10,ETHUSDT,5m,4,pullback rsi=35,all,maker_both,SHORT,2025-08-25 12:25:00+00:00,4612.12,-0.0074119984130529,0.0062056337157455,0.0136176321287984
T00468,GAP25,ETHUSDT,5m,4,pullback rsi=35,all,maker_both,SHORT,2025-08-25 12:25:00+00:00,4612.12,-0.0074119984130529,0.0062056337157455,0.0136176321287984
T00468,GAP50,ETHUSDT,5m,4,pullback rsi=35,all,maker_both,SHORT,2025-08-25 12:25:00+00:00,4612.12,-0.0074119984130529,0.0062056337157455,0.0136176321287984
T00471,B1_ALL,ETHUSDT,5m,4,pullback rsi=35,all,maker_both,LONG,2025-09-01 10:30:00+00:00,4429.3,-0.00563887107042,-0.0061784357219194,-0.0005395646514993998
T00472,B1_ALL,ETHUSDT,5m,4,pullback rsi=35,all,maker_both,LONG,2025-09-05 14:15:00+00:00,4400.0,-0.009837288839983,-0.0112864184938602,-0.001449129653877201
T00473,B1_ALL,ETHUSDT,5m,4,pullback rsi=35,all,maker_both,SHORT,2025-09-05 19:20:00+00:00,4319.92,-0.0054077923167822,0.0028999816541382,0.0083077739709204
T00469,GAP50,ETHUSDT,5m,4,pullback rsi=35,all,maker_both,SHORT,2025-08-28 22:05:00+00:00,4497.61,-0.0022991865231867,0.0028999816541382,0.0051991681773249
T00474,B1_ALL,ETHUSDT,5m,4,pullback rsi=35,all,maker_both,SHORT,2025-09-06 00:40:00+00:00,4324.09,0.0018243341257183,0.0017690097712271,-5.532435449120011e-05
T00469,GAP0,ETHUSDT,5m,4,pullback rsi=35,all,maker_both,SHORT,2025-08-28 22:05:00+00:00,4497.61,-0.0022991865231867,0.0017690097712271,0.0040681962944138
T00469,GAP10,ETHUSDT,5m,4,pullback rsi=35,all,maker_both,SHORT,2025-08-28 22:05:00+00:00,4497.61,-0.0022991865231867,0.0017690097712271,0.0040681962944138
T00469,GAP25,ETHUSDT,5m,4,pullback rsi=35,all,maker_both,SHORT,2025-08-28 22:05:00+00:00,4497.61,-0.0022991865231867,0.0017690097712271,0.0040681962944138
T00470,GAP50,ETHUSDT,5m,4,pullback rsi=35,all,maker_both,SHORT,2025-08-29 12:35:00+00:00,4407.2,0.005865003080865,0.0017690097712271,-0.0040959933096379
T00475,B1_ALL,ETHUSDT,5m,4,pullback rsi=35,all,maker_both,LONG,2025-09-08 17:05:00+00:00,4327.62,-0.006075724414451,-0.0058461087252507,0.00022961568920029998
T00465,GAP0,ETHUSDT,5m,4,pullback rsi=35,all,maker_both,LONG,2025-08-20 11:35:00+00:00,4188.29,-0.0059383224624524,-0.0058461087252507,9.221373720170057e-05
T00466,GAP10,ETHUSDT,5m,4,pullback rsi=35,all,maker_both,LONG,2025-08-22 10:45:00+00:00,4296.68,-0.0057839475535615,-0.0058461087252507,-6.21611716892e-05
T00466,GAP25,ETHUSDT,5m,4,pullback rsi=35,all,maker_both,LONG,2025-08-22 10:45:00+00:00,4296.68,-0.0057839475535615,-0.0058461087252507,-6.21611716892e-05
T00467,GAP50,ETHUSDT,5m,4,pullback rsi=35,all,maker_both,LONG,2025-08-24 19:40:00+00:00,4834.89,-0.0148914620061403,-0.0058461087252507,0.009045353280889599
T00476,B1_ALL,ETHUSDT,5m,4,pullback rsi=35,all,maker_both,LONG,2025-09-10 16:30:00+00:00,4372.0,0.0040851791345807,0.0040843658550636,-8.132795171001198e-07
T00467,GAP10,ETHUSDT,5m,4,pullback rsi=35,all,maker_both,LONG,2025-08-24 19:40:00+00:00,4834.89,-0.0148914620061403,0.0040843658550636,0.0189758278612039
T00467,GAP25,ETHUSDT,5m,4,pullback rsi=35,all,maker_both,LONG,2025-08-24 19:40:00+00:00,4834.89,-0.0148914620061403,0.0040843658550636,0.0189758278612039
T00471,GAP50,ETHUSDT,5m,4,pullback rsi=35,all,maker_both,LONG,2025-09-01 10:30:00+00:00,4429.3,-0.00563887107042,0.0040843658550636,0.0097232369254836
T00477,B1_ALL,ETHUSDT,5m,4,pullback rsi=35,all,maker_both,LONG,2025-09-11 09:20:00+00:00,4413.37,0.0017314204503638,0.0016389090249645,-9.251142539930019e-05
T00471,GAP25,ETHUSDT,5m,4,pullback rsi=35,all,maker_both,LONG,2025-09-01 10:30:00+00:00,4429.3,-0.00563887107042,0.0016389090249645,0.0072777800953845
T00472,GAP50,ETHUSDT,5m,4,pullback rsi=35,all,maker_both,LONG,2025-09-05 14:15:00+00:00,4400.0,-0.009837288839983,0.0016389090249645,0.0114761978649475
T00478,B1_ALL,ETHUSDT,5m,4,pullback rsi=35,all,maker_both,SHORT,2025-09-14 17:45:00+00:00,4622.63,0.0024986155296476,0.0025145494843615,1.5933954713900043e-05
T00473,GAP50,ETHUSDT,5m,4,pullback rsi=35,all,maker_both,SHORT,2025-09-05 19:20:00+00:00,4319.92,-0.0054077923167822,0.0025145494843615,0.0079223418011437
T00479,B1_ALL,ETHUSDT,5m,4,pullback rsi=35,all,maker_both,LONG,2025-09-15 06:50:00+00:00,4629.37,-0.0045881727988162,0.0022310740989274,0.006819246897743601
T00480,B1_ALL,ETHUSDT,5m,4,pullback rsi=35,all,maker_both,SHORT,2025-09-16 17:10:00+00:00,4481.0,-0.0056452653040029,0.0032293679500815,0.0088746332540844
T00481,B1_ALL,ETHUSDT,5m,4,pullback rsi=35,all,maker_both,LONG,2025-09-18 05:30:00+00:00,4589.39,-0.0043121508293583,-0.0042914154181036,2.073541125469959e-05
T00472,GAP25,ETHUSDT,5m,4,pullback rsi=35,all,maker_both,LONG,2025-09-05 14:15:00+00:00,4400.0,-0.009837288839983,-0.0042914154181036,0.005545873421879399
T00475,GAP50,ETHUSDT,5m,4,pullback rsi=35,all,maker_both,LONG,2025-09-08 17:05:00+00:00,4327.62,-0.006075724414451,-0.0042914154181036,0.0017843089963473996
T00482,B1_ALL,ETHUSDT,5m,4,pullback rsi=35,all,maker_both,SHORT,2025-09-22 13:10:00+00:00,4195.74,-0.0055782710542159,0.0030017430187671,0.008580014072983
T00483,B1_ALL,ETHUSDT,5m,4,pullback rsi=35,all,maker_both,SHORT,2025-09-22 20:55:00+00:00,4184.24,-0.0016247810917049,-0.0033716941162409,-0.0017469130245359999
T00470,GAP0,ETHUSDT,5m,4,pullback rsi=35,all,maker_both,SHORT,2025-08-29 12:35:00+00:00,4407.2,0.005865003080865,-0.0033716941162409,-0.0092366971971059
T00470,GAP10,ETHUSDT,5m,4,pullback rsi=35,all,maker_both,SHORT,2025-08-29 12:35:00+00:00,4407.2,0.005865003080865,-0.0033716941162409,-0.0092366971971059
T00470,GAP25,ETHUSDT,5m,4,pullback rsi=35,all,maker_both,SHORT,2025-08-29 12:35:00+00:00,4407.2,0.005865003080865,-0.0033716941162409,-0.0092366971971059
T00474,GAP50,ETHUSDT,5m,4,pullback rsi=35,all,maker_both,SHORT,2025-09-06 00:40:00+00:00,4324.09,0.0018243341257183,-0.0033716941162409,-0.0051960282419592
T00484,B1_ALL,ETHUSDT,5m,5,donchian n=50 vol=1.5,range,maker_both,LONG,2025-09-28 22:10:00+00:00,4101.03,-0.0048167171616086,0.0062118390671753,0.0110285562287839
T00485,B1_ALL,ETHUSDT,5m,5,donchian n=50 vol=1.5,range,maker_both,LONG,2025-09-28 22:35:00+00:00,4116.12,0.0001937223585145,0.0012820493168103,0.0010883269582958
T00484,GAP50,ETHUSDT,5m,5,donchian n=50 vol=1.5,range,maker_both,LONG,2025-09-28 22:10:00+00:00,4101.03,-0.0048167171616086,0.0012820493168103,0.006098766478418899
T00486,B1_ALL,ETHUSDT,5m,5,donchian n=50 vol=1.5,range,maker_both,LONG,2025-10-01 08:35:00+00:00,4193.86,0.0052546882381573,0.0063073893528223,0.0010527011146650002
T00484,GAP0,ETHUSDT,5m,5,donchian n=50 vol=1.5,range,maker_both,LONG,2025-09-28 22:10:00+00:00,4101.03,-0.0048167171616086,0.0063073893528223,0.011124106514430899
T00484,GAP10,ETHUSDT,5m,5,donchian n=50 vol=1.5,range,maker_both,LONG,2025-09-28 22:10:00+00:00,4101.03,-0.0048167171616086,0.0063073893528223,0.011124106514430899
T00484,GAP25,ETHUSDT,5m,5,donchian n=50 vol=1.5,range,maker_both,LONG,2025-09-28 22:10:00+00:00,4101.03,-0.0048167171616086,0.0063073893528223,0.011124106514430899
T00485,GAP50,ETHUSDT,5m,5,donchian n=50 vol=1.5,range,maker_both,LONG,2025-09-28 22:35:00+00:00,4116.12,0.0001937223585145,0.0063073893528223,0.0061136669943078
T00487,B1_ALL,ETHUSDT,5m,5,donchian n=50 vol=1.5,range,maker_both,LONG,2025-10-01 08:45:00+00:00,4270.65,0.0084348023030199,-0.0065282700828441,-0.014963072385864001
T00485,GAP0,ETHUSDT,5m,5,donchian n=50 vol=1.5,range,maker_both,LONG,2025-09-28 22:35:00+00:00,4116.12,0.0001937223585145,-0.0065282700828441,-0.006721992441358599
T00485,GAP10,ETHUSDT,5m,5,donchian n=50 vol=1.5,range,maker_both,LONG,2025-09-28 22:35:00+00:00,4116.12,0.0001937223585145,-0.0065282700828441,-0.006721992441358599
T00485,GAP25,ETHUSDT,5m,5,donchian n=50 vol=1.5,range,maker_both,LONG,2025-09-28 22:35:00+00:00,4116.12,0.0001937223585145,-0.0065282700828441,-0.006721992441358599
T00486,GAP50,ETHUSDT,5m,5,donchian n=50 vol=1.5,range,maker_both,LONG,2025-10-01 08:35:00+00:00,4193.86,0.0052546882381573,-0.0065282700828441,-0.011782958321001399
T00488,B1_ALL,ETHUSDT,5m,5,donchian n=50 vol=1.5,range,maker_both,SHORT,2025-10-15 03:45:00+00:00,4074.78,-0.0056466547042615,-0.0059601398421699,-0.0003134851379084005
T00488,GAP50,ETHUSDT,5m,5,donchian n=50 vol=1.5,range,maker_both,SHORT,2025-10-15 03:45:00+00:00,4074.78,-0.0056466547042615,-0.0059601398421699,-0.0003134851379084005
T00489,B1_ALL,ETHUSDT,5m,5,donchian n=50 vol=1.5,range,maker_both,LONG,2025-10-15 08:25:00+00:00,4139.03,0.0061715135800896,0.0077762804060886,0.0016047668259990006
T00486,GAP0,ETHUSDT,5m,5,donchian n=50 vol=1.5,range,maker_both,LONG,2025-10-01 08:35:00+00:00,4193.86,0.0052546882381573,0.0077762804060886,0.0025215921679313004
T00486,GAP10,ETHUSDT,5m,5,donchian n=50 vol=1.5,range,maker_both,LONG,2025-10-01 08:35:00+00:00,4193.86,0.0052546882381573,0.0077762804060886,0.0025215921679313004
T00486,GAP25,ETHUSDT,5m,5,donchian n=50 vol=1.5,range,maker_both,LONG,2025-10-01 08:35:00+00:00,4193.86,0.0052546882381573,0.0077762804060886,0.0025215921679313004
T00487,GAP50,ETHUSDT,5m,5,donchian n=50 vol=1.5,range,maker_both,LONG,2025-10-01 08:45:00+00:00,4270.65,0.0084348023030199,0.0077762804060886,-0.0006585218969313005
T00490,B1_ALL,ETHUSDT,5m,5,donchian n=50 vol=1.5,range,maker_both,LONG,2025-10-15 08:35:00+00:00,4201.23,-0.0066511191787124,-0.0066287185202029,2.2400658509500078e-05
T00491,B1_ALL,ETHUSDT,5m,5,donchian n=50 vol=1.5,range,maker_both,LONG,2025-10-19 13:50:00+00:00,3951.84,0.0056182248852146,0.0062697584935956,0.0006515336083810002
T00487,GAP0,ETHUSDT,5m,5,donchian n=50 vol=1.5,range,maker_both,LONG,2025-10-01 08:45:00+00:00,4270.65,0.0084348023030199,0.0062697584935956,-0.0021650438094243003
T00487,GAP10,ETHUSDT,5m,5,donchian n=50 vol=1.5,range,maker_both,LONG,2025-10-01 08:45:00+00:00,4270.65,0.0084348023030199,0.0062697584935956,-0.0021650438094243003
T00487,GAP25,ETHUSDT,5m,5,donchian n=50 vol=1.5,range,maker_both,LONG,2025-10-01 08:45:00+00:00,4270.65,0.0084348023030199,0.0062697584935956,-0.0021650438094243003
T00489,GAP50,ETHUSDT,5m,5,donchian n=50 vol=1.5,range,maker_both,LONG,2025-10-15 08:25:00+00:00,4139.03,0.0061715135800896,0.0062697584935956,9.824491350600081e-05
T00492,B1_ALL,ETHUSDT,5m,5,donchian n=50 vol=1.5,range,maker_both,SHORT,2025-10-21 04:05:00+00:00,3891.39,0.0068771527223171,0.007547707968816,0.0006705552464989
T00488,GAP0,ETHUSDT,5m,5,donchian n=50 vol=1.5,range,maker_both,SHORT,2025-10-15 03:45:00+00:00,4074.78,-0.0056466547042615,0.007547707968816,0.013194362673077501
T00488,GAP10,ETHUSDT,5m,5,donchian n=50 vol=1.5,range,maker_both,SHORT,2025-10-15 03:45:00+00:00,4074.78,-0.0056466547042615,0.007547707968816,0.013194362673077501
T00488,GAP25,ETHUSDT,5m,5,donchian n=50 vol=1.5,range,maker_both,SHORT,2025-10-15 03:45:00+00:00,4074.78,-0.0056466547042615,0.007547707968816,0.013194362673077501
T00492,GAP50,ETHUSDT,5m,5,donchian n=50 vol=1.5,range,maker_both,SHORT,2025-10-21 04:05:00+00:00,3891.39,0.0068771527223171,0.007547707968816,0.0006705552464989
T00493,B1_ALL,ETHUSDT,5m,5,donchian n=50 vol=1.5,range,maker_both,SHORT,2025-10-21 20:20:00+00:00,3954.68,0.0103721904745773,0.0101412526276699,-0.00023093784690739888
T00492,GAP10,ETHUSDT,5m,5,donchian n=50 vol=1.5,range,maker_both,SHORT,2025-10-21 04:05:00+00:00,3891.39,0.0068771527223171,0.0101412526276699,0.0032640999053528
T00492,GAP25,ETHUSDT,5m,5,donchian n=50 vol=1.5,range,maker_both,SHORT,2025-10-21 04:05:00+00:00,3891.39,0.0068771527223171,0.0101412526276699,0.0032640999053528
T00493,GAP50,ETHUSDT,5m,5,donchian n=50 vol=1.5,range,maker_both,SHORT,2025-10-21 20:20:00+00:00,3954.68,0.0103721904745773,0.0101412526276699,-0.00023093784690739888
T00494,B1_ALL,ETHUSDT,5m,5,donchian n=50 vol=1.5,range,maker_both,SHORT,2025-10-23 21:00:00+00:00,3827.57,-0.0056834405273404,-0.0057855640119153,-0.00010212348457490014
T00493,GAP25,ETHUSDT,5m,5,donchian n=50 vol=1.5,range,maker_both,SHORT,2025-10-21 20:20:00+00:00,3954.68,0.0103721904745773,-0.0057855640119153,-0.0161577544864926
T00494,GAP50,ETHUSDT,5m,5,donchian n=50 vol=1.5,range,maker_both,SHORT,2025-10-23 21:00:00+00:00,3827.57,-0.0056834405273404,-0.0057855640119153,-0.00010212348457490014
T00495,B1_ALL,ETHUSDT,5m,5,donchian n=50 vol=1.5,range,maker_both,LONG,2025-10-24 00:55:00+00:00,3869.86,-0.0044824787544691,0.00494446025107,0.0094269390055391
T00496,B1_ALL,ETHUSDT,5m,5,donchian n=50 vol=1.5,range,maker_both,LONG,2025-10-24 02:55:00+00:00,3892.39,-0.004126229408908,0.0043870772360113,0.0085133066449193
T00497,B1_ALL,ETHUSDT,5m,5,donchian n=50 vol=1.5,range,maker_both,LONG,2025-10-24 04:15:00+00:00,3897.58,0.0036372348690544,0.0040316482242598,0.0003944133552053995
T00489,GAP25,ETHUSDT,5m,5,donchian n=50 vol=1.5,range,maker_both,LONG,2025-10-15 08:25:00+00:00,4139.03,0.0061715135800896,0.0040316482242598,-0.0021398653558298
T00490,GAP50,ETHUSDT,5m,5,donchian n=50 vol=1.5,range,maker_both,LONG,2025-10-15 08:35:00+00:00,4201.23,-0.0066511191787124,0.0040316482242598,0.0106827674029722
T00498,B1_ALL,ETHUSDT,5m,5,donchian n=50 vol=1.5,range,maker_both,LONG,2025-10-24 04:35:00+00:00,3950.71,0.0066670720157776,0.0067178625228013,5.0790507023700145e-05
T00491,GAP50,ETHUSDT,5m,5,donchian n=50 vol=1.5,range,maker_both,LONG,2025-10-19 13:50:00+00:00,3951.84,0.0056182248852146,0.0067178625228013,0.0010996376375867001
T00499,B1_ALL,ETHUSDT,5m,5,donchian n=50 vol=1.5,range,maker_both,SHORT,2025-10-28 20:10:00+00:00,4018.66,0.0099125163574108,0.0111844097201075,0.0012718933626967004
T00492,GAP0,ETHUSDT,5m,5,donchian n=50 vol=1.5,range,maker_both,SHORT,2025-10-21 04:05:00+00:00,3891.39,0.0068771527223171,0.0111844097201075,0.0043072569977904
T00493,GAP10,ETHUSDT,5m,5,donchian n=50 vol=1.5,range,maker_both,SHORT,2025-10-21 20:20:00+00:00,3954.68,0.0103721904745773,0.0111844097201075,0.0008122192455302015
T00494,GAP25,ETHUSDT,5m,5,donchian n=50 vol=1.5,range,maker_both,SHORT,2025-10-23 21:00:00+00:00,3827.57,-0.0056834405273404,0.0111844097201075,0.0168678502474479
T00499,GAP50,ETHUSDT,5m,5,donchian n=50 vol=1.5,range,maker_both,SHORT,2025-10-28 20:10:00+00:00,4018.66,0.0099125163574108,0.0111844097201075,0.0012718933626967004
T00500,B1_ALL,ETHUSDT,5m,5,donchian n=50 vol=1.5,range,maker_both,SHORT,2025-10-28 21:10:00+00:00,3945.92,-0.0091039365019603,-0.0091149351692582,-1.0998667297900874e-05
T00501,B1_ALL,ETHUSDT,5m,5,donchian n=50 vol=1.5,range,maker_both,SHORT,2025-11-01 13:45:00+00:00,3861.2,-0.0028098710291398,-0.0028765578177318,-6.668678859199969e-05
T00502,B1_ALL,ETHUSDT,5m,5,donchian n=50 vol=1.5,range,maker_both,LONG,2025-11-01 15:10:00+00:00,3895.37,-0.0037920236904298,-0.0038751712947608,-8.314760433100017e-05
T00503,B1_ALL,ETHUSDT,5m,5,donchian n=50 vol=1.5,range,maker_both,LONG,2025-11-02 02:35:00+00:00,3883.58,-0.0030867263896872,0.0023315833858567,0.0054183097755438996
T00504,B1_ALL,ETHUSDT,5m,5,donchian n=50 vol=1.5,range,maker_both,LONG,2025-11-02 04:45:00+00:00,3891.58,0.0020589797520965,0.0024754335345392,0.00041645378244270026
T00489,GAP0,ETHUSDT,5m,5,donchian n=50 vol=1.5,range,maker_both,LONG,2025-10-15 08:25:00+00:00,4139.03,0.0061715135800896,0.0024754335345392,-0.0036960800455503994
T00489,GAP10,ETHUSDT,5m,5,donchian n=50 vol=1.5,range,maker_both,LONG,2025-10-15 08:25:00+00:00,4139.03,0.0061715135800896,0.0024754335345392,-0.0036960800455503994
T00490,GAP25,ETHUSDT,5m,5,donchian n=50 vol=1.5,range,maker_both,LONG,2025-10-15 08:35:00+00:00,4201.23,-0.0066511191787124,0.0024754335345392,0.0091265527132516
T00495,GAP50,ETHUSDT,5m,5,donchian n=50 vol=1.5,range,maker_both,LONG,2025-10-24 00:55:00+00:00,3869.86,-0.0044824787544691,0.0024754335345392,0.0069579122890083
T00505,B1_ALL,ETHUSDT,5m,5,donchian n=50 vol=1.5,range,maker_both,SHORT,2025-11-02 09:35:00+00:00,3886.37,0.0032158665097218,0.0031353366774097,-8.052983231210007e-05
T00494,GAP10,ETHUSDT,5m,5,donchian n=50 vol=1.5,range,maker_both,SHORT,2025-10-23 21:00:00+00:00,3827.57,-0.0056834405273404,0.0031353366774097,0.0088187772047501
T00499,GAP25,ETHUSDT,5m,5,donchian n=50 vol=1.5,range,maker_both,SHORT,2025-10-28 20:10:00+00:00,4018.66,0.0099125163574108,0.0031353366774097,-0.0067771796800011
T00500,GAP50,ETHUSDT,5m,5,donchian n=50 vol=1.5,range,maker_both,SHORT,2025-10-28 21:10:00+00:00,3945.92,-0.0091039365019603,0.0031353366774097,0.01223927317937
T00506,B1_ALL,ETHUSDT,5m,5,donchian n=50 vol=1.5,range,maker_both,SHORT,2025-11-02 10:05:00+00:00,3861.06,-0.004290750815394,-0.0042815446584183,9.206156975700118e-06
T00507,B1_ALL,ETHUSDT,5m,5,donchian n=50 vol=1.5,range,maker_both,SHORT,2025-11-02 14:20:00+00:00,3850.63,-0.0041475944822817,-0.004189650071866,-4.205558958429983e-05
T00493,GAP0,ETHUSDT,5m,5,donchian n=50 vol=1.5,range,maker_both,SHORT,2025-10-21 20:20:00+00:00,3954.68,0.0103721904745773,-0.004189650071866,-0.0145618405464433
T00499,GAP10,ETHUSDT,5m,5,donchian n=50 vol=1.5,range,maker_both,SHORT,2025-10-28 20:10:00+00:00,4018.66,0.0099125163574108,-0.004189650071866,-0.014102166429276801
T00500,GAP25,ETHUSDT,5m,5,donchian n=50 vol=1.5,range,maker_both,SHORT,2025-10-28 21:10:00+00:00,3945.92,-0.0091039365019603,-0.004189650071866,0.0049142864300943
T00501,GAP50,ETHUSDT,5m,5,donchian n=50 vol=1.5,range,maker_both,SHORT,2025-11-01 13:45:00+00:00,3861.2,-0.0028098710291398,-0.004189650071866,-0.0013797790427261996
T00508,B1_ALL,ETHUSDT,5m,5,donchian n=50 vol=1.5,range,maker_both,LONG,2025-11-02 23:10:00+00:00,3874.1,0.0037733922065074,-0.0039637868495338,-0.0077371790560412
T00490,GAP0,ETHUSDT,5m,5,donchian n=50 vol=1.5,range,maker_both,LONG,2025-10-15 08:35:00+00:00,4201.23,-0.0066511191787124,-0.0039637868495338,0.002687332329178601
T00490,GAP10,ETHUSDT,5m,5,donchian n=50 vol=1.5,range,maker_both,LONG,2025-10-15 08:35:00+00:00,4201.23,-0.0066511191787124,-0.0039637868495338,0.002687332329178601
T00491,GAP25,ETHUSDT,5m,5,donchian n=50 vol=1.5,range,maker_both,LONG,2025-10-19 13:50:00+00:00,3951.84,0.0056182248852146,-0.0039637868495338,-0.009582011734748399
T00496,GAP50,ETHUSDT,5m,5,donchian n=50 vol=1.5,range,maker_both,LONG,2025-10-24 02:55:00+00:00,3892.39,-0.004126229408908,-0.0039637868495338,0.00016244255937420023
T00509,B1_ALL,ETHUSDT,5m,5,donchian n=50 vol=1.5,range,maker_both,LONG,2025-11-02 23:55:00+00:00,3909.2,-0.0046972095458711,-0.0047398234754301,-4.261392955899959e-05
T00497,GAP50,ETHUSDT,5m,5,donchian n=50 vol=1.5,range,maker_both,LONG,2025-10-24 04:15:00+00:00,3897.58,0.0036372348690544,-0.0047398234754301,-0.0083770583444845
T00510,B1_ALL,ETHUSDT,5m,6,donchian n=50 vol=1.5,range,maker_both,SHORT,2025-11-11 17:40:00+00:00,3457.13,-0.0069492079027778,-0.007077847048542,-0.00012863914576420003
T00510,GAP10,ETHUSDT,5m,6,donchian n=50 vol=1.5,range,maker_both,SHORT,2025-11-11 17:40:00+00:00,3457.13,-0.0069492079027778,-0.007077847048542,-0.00012863914576420003
T00510,GAP25,ETHUSDT,5m,6,donchian n=50 vol=1.5,range,maker_both,SHORT,2025-11-11 17:40:00+00:00,3457.13,-0.0069492079027778,-0.007077847048542,-0.00012863914576420003
T00510,GAP50,ETHUSDT,5m,6,donchian n=50 vol=1.5,range,maker_both,SHORT,2025-11-11 17:40:00+00:00,3457.13,-0.0069492079027778,-0.007077847048542,-0.00012863914576420003
T00511,B1_ALL,ETHUSDT,5m,6,donchian n=50 vol=1.5,range,maker_both,SHORT,2025-11-12 14:50:00+00:00,3497.0,-0.0074217436018549,0.0118073429115487,0.0192290865134036
T00512,B1_ALL,ETHUSDT,5m,6,donchian n=50 vol=1.5,range,maker_both,SHORT,2025-11-12 15:20:00+00:00,3465.87,-0.0090907615720249,0.0149111165838796,0.024001878155904502
T00513,B1_ALL,ETHUSDT,5m,6,donchian n=50 vol=1.5,range,maker_both,SHORT,2025-11-12 15:40:00+00:00,3454.83,0.0162117214329148,0.0156342580354361,-0.0005774633974786995
T00511,GAP25,ETHUSDT,5m,6,donchian n=50 vol=1.5,range,maker_both,SHORT,2025-11-12 14:50:00+00:00,3497.0,-0.0074217436018549,0.0156342580354361,0.023056001637291
T00511,GAP50,ETHUSDT,5m,6,donchian n=50 vol=1.5,range,maker_both,SHORT,2025-11-12 14:50:00+00:00,3497.0,-0.0074217436018549,0.0156342580354361,0.023056001637291
T00514,B1_ALL,ETHUSDT,5m,6,donchian n=50 vol=1.5,range,maker_both,SHORT,2025-11-13 13:25:00+00:00,3474.62,0.0061658692884482,0.0071166932720668,0.0009508239836185997
T00510,GAP0,ETHUSDT,5m,6,donchian n=50 vol=1.5,range,maker_both,SHORT,2025-11-11 17:40:00+00:00,3457.13,-0.0069492079027778,0.0071166932720668,0.0140659011748446
T00511,GAP10,ETHUSDT,5m,6,donchian n=50 vol=1.5,range,maker_both,SHORT,2025-11-12 14:50:00+00:00,3497.0,-0.0074217436018549,0.0071166932720668,0.0145384368739217
T00512,GAP25,ETHUSDT,5m,6,donchian n=50 vol=1.5,range,maker_both,SHORT,2025-11-12 15:20:00+00:00,3465.87,-0.0090907615720249,0.0071166932720668,0.016207454844091702
T00512,GAP50,ETHUSDT,5m,6,donchian n=50 vol=1.5,range,maker_both,SHORT,2025-11-12 15:20:00+00:00,3465.87,-0.0090907615720249,0.0071166932720668,0.016207454844091702
T00515,B1_ALL,ETHUSDT,5m,6,donchian n=50 vol=1.5,range,maker_both,SHORT,2025-11-13 13:40:00+00:00,3437.93,0.0093153615618796,0.0093208526238049,5.491061925299787e-06
T00511,GAP0,ETHUSDT,5m,6,donchian n=50 vol=1.5,range,maker_both,SHORT,2025-11-12 14:50:00+00:00,3497.0,-0.0074217436018549,0.0093208526238049,0.0167425962256598
T00512,GAP10,ETHUSDT,5m,6,donchian n=50 vol=1.5,range,maker_both,SHORT,2025-11-12 15:20:00+00:00,3465.87,-0.0090907615720249,0.0093208526238049,0.0184116141958298
T00513,GAP25,ETHUSDT,5m,6,donchian n=50 vol=1.5,range,maker_both,SHORT,2025-11-12 15:40:00+00:00,3454.83,0.0162117214329148,0.0093208526238049,-0.0068908688091099
T00513,GAP50,ETHUSDT,5m,6,donchian n=50 vol=1.5,range,maker_both,SHORT,2025-11-12 15:40:00+00:00,3454.83,0.0162117214329148,0.0093208526238049,-0.0068908688091099
T00516,B1_ALL,ETHUSDT,5m,6,donchian n=50 vol=1.5,range,maker_both,LONG,2025-11-29 15:20:00+00:00,3003.73,-0.0037536525907333,-0.0039029144167561,-0.0001492618260228
T00516,GAP50,ETHUSDT,5m,6,donchian n=50 vol=1.5,range,maker_both,LONG,2025-11-29 15:20:00+00:00,3003.73,-0.0037536525907333,-0.0039029144167561,-0.0001492618260228
T00517,B1_ALL,ETHUSDT,5m,6,donchian n=50 vol=1.5,range,maker_both,SHORT,2025-11-29 17:35:00+00:00,2978.9,0.0048068309756527,0.0048996149394188,9.278396376609984e-05
T00518,B1_ALL,ETHUSDT,5m,6,donchian n=50 vol=1.5,range,maker_both,LONG,2025-11-30 08:25:00+00:00,3013.72,-0.0033369282256667,-0.0025797636007397,0.0007571646249270002
T00519,B1_ALL,ETHUSDT,5m,6,donchian n=50 vol=1.5,range,maker_both,LONG,2025-11-30 12:45:00+00:00,3024.9,0.0033446315930102,0.0038159350955647,0.00047130350255450036
T00516,GAP10,ETHUSDT,5m,6,donchian n=50 vol=1.5,range,maker_both,LONG,2025-11-29 15:20:00+00:00,3003.73,-0.0037536525907333,0.0038159350955647,0.007569587686298
T00516,GAP25,ETHUSDT,5m,6,donchian n=50 vol=1.5,range,maker_both,LONG,2025-11-29 15:20:00+00:00,3003.73,-0.0037536525907333,0.0038159350955647,0.007569587686298
T00518,GAP50,ETHUSDT,5m,6,donchian n=50 vol=1.5,range,maker_both,LONG,2025-11-30 08:25:00+00:00,3013.72,-0.0033369282256667,0.0038159350955647,0.0071528633212314
T00520,B1_ALL,ETHUSDT,5m,6,donchian n=50 vol=1.5,range,maker_both,SHORT,2025-11-30 20:35:00+00:00,3026.88,0.0026050285390016,-0.0033342607923032,-0.0059392893313048
T00512,GAP0,ETHUSDT,5m,6,donchian n=50 vol=1.5,range,maker_both,SHORT,2025-11-12 15:20:00+00:00,3465.87,-0.0090907615720249,-0.0033342607923032,0.005756500779721701
T00513,GAP10,ETHUSDT,5m,6,donchian n=50 vol=1.5,range,maker_both,SHORT,2025-11-12 15:40:00+00:00,3454.83,0.0162117214329148,-0.0033342607923032,-0.019545982225218
T00514,GAP25,ETHUSDT,5m,6,donchian n=50 vol=1.5,range,maker_both,SHORT,2025-11-13 13:25:00+00:00,3474.62,0.0061658692884482,-0.0033342607923032,-0.009500130080751401
T00514,GAP50,ETHUSDT,5m,6,donchian n=50 vol=1.5,range,maker_both,SHORT,2025-11-13 13:25:00+00:00,3474.62,0.0061658692884482,-0.0033342607923032,-0.009500130080751401
T00521,B1_ALL,ETHUSDT,5m,6,donchian n=50 vol=1.5,range,maker_both,SHORT,2025-11-30 23:30:00+00:00,3006.65,0.0046861216874182,0.0048095482248436,0.00012342653742539959
T00513,GAP0,ETHUSDT,5m,6,donchian n=50 vol=1.5,range,maker_both,SHORT,2025-11-12 15:40:00+00:00,3454.83,0.0162117214329148,0.0048095482248436,-0.0114021732080712
T00514,GAP10,ETHUSDT,5m,6,donchian n=50 vol=1.5,range,maker_both,SHORT,2025-11-13 13:25:00+00:00,3474.62,0.0061658692884482,0.0048095482248436,-0.0013563210636046005
T00515,GAP25,ETHUSDT,5m,6,donchian n=50 vol=1.5,range,maker_both,SHORT,2025-11-13 13:40:00+00:00,3437.93,0.0093153615618796,0.0048095482248436,-0.004505813337036
T00515,GAP50,ETHUSDT,5m,6,donchian n=50 vol=1.5,range,maker_both,SHORT,2025-11-13 13:40:00+00:00,3437.93,0.0093153615618796,0.0048095482248436,-0.004505813337036
T00522,B1_ALL,ETHUSDT,5m,6,donchian n=50 vol=1.5,range,maker_both,SHORT,2025-12-01 00:05:00+00:00,2985.85,0.0062273056186371,0.011451948925555,0.005224643306917901
T00514,GAP0,ETHUSDT,5m,6,donchian n=50 vol=1.5,range,maker_both,SHORT,2025-11-13 13:25:00+00:00,3474.62,0.0061658692884482,0.011451948925555,0.0052860796371068
T00515,GAP10,ETHUSDT,5m,6,donchian n=50 vol=1.5,range,maker_both,SHORT,2025-11-13 13:40:00+00:00,3437.93,0.0093153615618796,0.011451948925555,0.002136587363675401
T00517,GAP25,ETHUSDT,5m,6,donchian n=50 vol=1.5,range,maker_both,SHORT,2025-11-29 17:35:00+00:00,2978.9,0.0048068309756527,0.011451948925555,0.006645117949902301
T00517,GAP50,ETHUSDT,5m,6,donchian n=50 vol=1.5,range,maker_both,SHORT,2025-11-29 17:35:00+00:00,2978.9,0.0048068309756527,0.011451948925555,0.006645117949902301
T00523,B1_ALL,ETHUSDT,5m,6,donchian n=50 vol=1.5,range,maker_both,SHORT,2025-12-01 00:35:00+00:00,2873.91,0.0178189377181973,0.0180614595562139,0.00024252183801659957
T00515,GAP0,ETHUSDT,5m,6,donchian n=50 vol=1.5,range,maker_both,SHORT,2025-11-13 13:40:00+00:00,3437.93,0.0093153615618796,0.0180614595562139,0.0087460979943343
T00517,GAP10,ETHUSDT,5m,6,donchian n=50 vol=1.5,range,maker_both,SHORT,2025-11-29 17:35:00+00:00,2978.9,0.0048068309756527,0.0180614595562139,0.0132546285805612
T00520,GAP25,ETHUSDT,5m,6,donchian n=50 vol=1.5,range,maker_both,SHORT,2025-11-30 20:35:00+00:00,3026.88,0.0026050285390016,0.0180614595562139,0.0154564310172123
T00520,GAP50,ETHUSDT,5m,6,donchian n=50 vol=1.5,range,maker_both,SHORT,2025-11-30 20:35:00+00:00,3026.88,0.0026050285390016,0.0180614595562139,0.0154564310172123
T00524,B1_ALL,ETHUSDT,5m,6,donchian n=50 vol=1.5,range,maker_both,SHORT,2025-12-05 19:05:00+00:00,2989.52,-0.0088673148264866,-0.008750272849141,0.0001170419773456003
T00521,GAP50,ETHUSDT,5m,6,donchian n=50 vol=1.5,range,maker_both,SHORT,2025-11-30 23:30:00+00:00,3006.65,0.0046861216874182,-0.008750272849141,-0.0134363945365592
T00525,B1_ALL,ETHUSDT,5m,6,donchian n=50 vol=1.5,range,maker_both,SHORT,2025-12-07 22:05:00+00:00,3062.5,0.0102672343343729,-0.0081127194190462,-0.0183799537534191
T00517,GAP0,ETHUSDT,5m,6,donchian n=50 vol=1.5,range,maker_both,SHORT,2025-11-29 17:35:00+00:00,2978.9,0.0048068309756527,-0.0081127194190462,-0.0129195503946989
T00520,GAP10,ETHUSDT,5m,6,donchian n=50 vol=1.5,range,maker_both,SHORT,2025-11-30 20:35:00+00:00,3026.88,0.0026050285390016,-0.0081127194190462,-0.0107177479580478
T00521,GAP25,ETHUSDT,5m,6,donchian n=50 vol=1.5,range,maker_both,SHORT,2025-11-30 23:30:00+00:00,3006.65,0.0046861216874182,-0.0081127194190462,-0.0127988411064644
T00522,GAP50,ETHUSDT,5m,6,donchian n=50 vol=1.5,range,maker_both,SHORT,2025-12-01 00:05:00+00:00,2985.85,0.0062273056186371,-0.0081127194190462,-0.0143400250376833
T00526,B1_ALL,ETHUSDT,5m,6,donchian n=50 vol=1.5,range,maker_both,LONG,2025-12-08 01:40:00+00:00,3130.28,-0.0073016812112867,-0.0076176221194778,-0.00031594090819110025
T00527,B1_ALL,ETHUSDT,5m,6,donchian n=50 vol=1.5,range,maker_both,LONG,2025-12-15 09:55:00+00:00,3156.2,0.0040455801530142,0.0041854487020939,0.0001398685490796997
T00528,B1_ALL,ETHUSDT,5m,6,donchian n=50 vol=1.5,range,maker_both,SHORT,2025-12-15 13:10:00+00:00,3137.44,0.0046333440032838,0.0046991189008213,6.577489753750027e-05
T00529,B1_ALL,ETHUSDT,5m,6,donchian n=50 vol=1.5,range,maker_both,SHORT,2025-12-15 14:50:00+00:00,3089.76,0.0109909978490122,0.01263307979849,0.0016420819494778003
T00520,GAP0,ETHUSDT,5m,6,donchian n=50 vol=1.5,range,maker_both,SHORT,2025-11-30 20:35:00+00:00,3026.88,0.0026050285390016,0.01263307979849,0.0100280512594884
T00521,GAP10,ETHUSDT,5m,6,donchian n=50 vol=1.5,range,maker_both,SHORT,2025-11-30 23:30:00+00:00,3006.65,0.0046861216874182,0.01263307979849,0.0079469581110718
T00522,GAP25,ETHUSDT,5m,6,donchian n=50 vol=1.5,range,maker_both,SHORT,2025-12-01 00:05:00+00:00,2985.85,0.0062273056186371,0.01263307979849,0.0064057741798529
T00523,GAP50,ETHUSDT,5m,6,donchian n=50 vol=1.5,range,maker_both,SHORT,2025-12-01 00:35:00+00:00,2873.91,0.0178189377181973,0.01263307979849,-0.0051858579197073
T00530,B1_ALL,ETHUSDT,5m,6,donchian n=50 vol=1.5,range,maker_both,LONG,2025-12-19 11:35:00+00:00,2969.09,-0.0043680782299863,-0.0045122890839912,-0.0001442108540049003
T00531,B1_ALL,ETHUSDT,5m,6,donchian n=50 vol=1.5,range,maker_both,SHORT,2025-12-23 05:35:00+00:00,2966.89,-0.0043126041863889,0.0049453442073178,0.009257948393706701
T00532,B1_ALL,ETHUSDT,5m,6,donchian n=50 vol=1.5,range,maker_both,SHORT,2025-12-23 06:20:00+00:00,2953.07,-0.0050113067908064,-0.0052363135385901,-0.00022500674778370023
T00521,GAP0,ETHUSDT,5m,6,donchian n=50 vol=1.5,range,maker_both,SHORT,2025-11-30 23:30:00+00:00,3006.65,0.0046861216874182,-0.0052363135385901,-0.0099224352260083
T00522,GAP10,ETHUSDT,5m,6,donchian n=50 vol=1.5,range,maker_both,SHORT,2025-12-01 00:05:00+00:00,2985.85,0.0062273056186371,-0.0052363135385901,-0.0114636191572272
T00523,GAP25,ETHUSDT,5m,6,donchian n=50 vol=1.5,range,maker_both,SHORT,2025-12-01 00:35:00+00:00,2873.91,0.0178189377181973,-0.0052363135385901,-0.0230552512567874
T00524,GAP50,ETHUSDT,5m,6,donchian n=50 vol=1.5,range,maker_both,SHORT,2025-12-05 19:05:00+00:00,2989.52,-0.0088673148264866,-0.0052363135385901,0.003631001287896501
T00533,B1_ALL,ETHUSDT,5m,6,donchian n=50 vol=1.5,range,maker_both,LONG,2025-12-23 11:20:00+00:00,2973.33,-0.0033098223557136,-0.0033447069387136,-3.4884583000000056e-05
T00534,B1_ALL,ETHUSDT,5m,7,donchian n=50 vol=1.5,range,maker_both,SHORT,2025-12-25 22:10:00+00:00,2941.73,0.0015167233725229,0.0018549699983901,0.0003382466258671998
T00534,GAP0,ETHUSDT,5m,7,donchian n=50 vol=1.5,range,maker_both,SHORT,2025-12-25 22:10:00+00:00,2941.73,0.0015167233725229,0.0018549699983901,0.0003382466258671998
T00534,GAP10,ETHUSDT,5m,7,donchian n=50 vol=1.5,range,maker_both,SHORT,2025-12-25 22:10:00+00:00,2941.73,0.0015167233725229,0.0018549699983901,0.0003382466258671998
T00534,GAP25,ETHUSDT,5m,7,donchian n=50 vol=1.5,range,maker_both,SHORT,2025-12-25 22:10:00+00:00,2941.73,0.0015167233725229,0.0018549699983901,0.0003382466258671998
T00534,GAP50,ETHUSDT,5m,7,donchian n=50 vol=1.5,range,maker_both,SHORT,2025-12-25 22:10:00+00:00,2941.73,0.0015167233725229,0.0018549699983901,0.0003382466258671998
T00535,B1_ALL,ETHUSDT,5m,7,donchian n=50 vol=1.5,range,maker_both,SHORT,2025-12-25 22:50:00+00:00,2914.36,-0.003795415025262,-0.0042716210038626,-0.00047620597860060024
T00535,GAP25,ETHUSDT,5m,7,donchian n=50 vol=1.5,range,maker_both,SHORT,2025-12-25 22:50:00+00:00,2914.36,-0.003795415025262,-0.0042716210038626,-0.00047620597860060024
T00535,GAP50,ETHUSDT,5m,7,donchian n=50 vol=1.5,range,maker_both,SHORT,2025-12-25 22:50:00+00:00,2914.36,-0.003795415025262,-0.0042716210038626,-0.00047620597860060024
T00536,B1_ALL,ETHUSDT,5m,7,donchian n=50 vol=1.5,range,maker_both,SHORT,2025-12-25 23:40:00+00:00,2895.04,-0.005200002571731,-0.0051560010858162,4.4001485914799826e-05
T00536,GAP25,ETHUSDT,5m,7,donchian n=50 vol=1.5,range,maker_both,SHORT,2025-12-25 23:40:00+00:00,2895.04,-0.005200002571731,-0.0051560010858162,4.4001485914799826e-05
T00536,GAP50,ETHUSDT,5m,7,donchian n=50 vol=1.5,range,maker_both,SHORT,2025-12-25 23:40:00+00:00,2895.04,-0.005200002571731,-0.0051560010858162,4.4001485914799826e-05
T00537,B1_ALL,ETHUSDT,5m,7,donchian n=50 vol=1.5,range,maker_both,LONG,2025-12-26 07:15:00+00:00,2983.42,-0.0033741571947103,-0.0033742264513044,-6.925659409981119e-08
T00537,GAP0,ETHUSDT,5m,7,donchian n=50 vol=1.5,range,maker_both,LONG,2025-12-26 07:15:00+00:00,2983.42,-0.0033741571947103,-0.0033742264513044,-6.925659409981119e-08
T00537,GAP10,ETHUSDT,5m,7,donchian n=50 vol=1.5,range,maker_both,LONG,2025-12-26 07:15:00+00:00,2983.42,-0.0033741571947103,-0.0033742264513044,-6.925659409981119e-08
T00537,GAP25,ETHUSDT,5m,7,donchian n=50 vol=1.5,range,maker_both,LONG,2025-12-26 07:15:00+00:00,2983.42,-0.0033741571947103,-0.0033742264513044,-6.925659409981119e-08
T00537,GAP50,ETHUSDT,5m,7,donchian n=50 vol=1.5,range,maker_both,LONG,2025-12-26 07:15:00+00:00,2983.42,-0.0033741571947103,-0.0033742264513044,-6.925659409981119e-08
T00538,B1_ALL,ETHUSDT,5m,7,donchian n=50 vol=1.5,range,maker_both,LONG,2025-12-26 13:40:00+00:00,2980.55,-0.0029413824042248,-0.0030194139599861,-7.803155576129994e-05
T00538,GAP50,ETHUSDT,5m,7,donchian n=50 vol=1.5,range,maker_both,LONG,2025-12-26 13:40:00+00:00,2980.55,-0.0029413824042248,-0.0030194139599861,-7.803155576129994e-05
T00539,B1_ALL,ETHUSDT,5m,7,donchian n=50 vol=1.5,range,maker_both,SHORT,2025-12-26 14:40:00+00:00,2960.72,0.0036972781625309,0.0043092810733395,0.0006120029108086004
T00535,GAP0,ETHUSDT,5m,7,donchian n=50 vol=1.5,range,maker_both,SHORT,2025-12-25 22:50:00+00:00,2914.36,-0.003795415025262,0.0043092810733395,0.0081046960986015
T00535,GAP10,ETHUSDT,5m,7,donchian n=50 vol=1.5,range,maker_both,SHORT,2025-12-25 22:50:00+00:00,2914.36,-0.003795415025262,0.0043092810733395,0.0081046960986015
T00539,GAP25,ETHUSDT,5m,7,donchian n=50 vol=1.5,range,maker_both,SHORT,2025-12-26 14:40:00+00:00,2960.72,0.0036972781625309,0.0043092810733395,0.0006120029108086004
T00539,GAP50,ETHUSDT,5m,7,donchian n=50 vol=1.5,range,maker_both,SHORT,2025-12-26 14:40:00+00:00,2960.72,0.0036972781625309,0.0043092810733395,0.0006120029108086004
T00540,B1_ALL,ETHUSDT,5m,7,donchian n=50 vol=1.5,range,maker_both,SHORT,2025-12-26 14:55:00+00:00,2921.65,0.0068780845066885,-0.0055676671314272,-0.0124457516381157
T00536,GAP0,ETHUSDT,5m,7,donchian n=50 vol=1.5,range,maker_both,SHORT,2025-12-25 23:40:00+00:00,2895.04,-0.005200002571731,-0.0055676671314272,-0.00036766455969620016
T00536,GAP10,ETHUSDT,5m,7,donchian n=50 vol=1.5,range,maker_both,SHORT,2025-12-25 23:40:00+00:00,2895.04,-0.005200002571731,-0.0055676671314272,-0.00036766455969620016
T00540,GAP25,ETHUSDT,5m,7,donchian n=50 vol=1.5,range,maker_both,SHORT,2025-12-26 14:55:00+00:00,2921.65,0.0068780845066885,-0.0055676671314272,-0.0124457516381157
T00540,GAP50,ETHUSDT,5m,7,donchian n=50 vol=1.5,range,maker_both,SHORT,2025-12-26 14:55:00+00:00,2921.65,0.0068780845066885,-0.0055676671314272,-0.0124457516381157
T00541,B1_ALL,ETHUSDT,5m,7,donchian n=50 vol=1.5,range,maker_both,LONG,2025-12-27 07:25:00+00:00,2935.33,-0.0020284540572688,-0.0020611230328719,-3.266897560310006e-05
T00542,B1_ALL,ETHUSDT,5m,7,donchian n=50 vol=1.5,range,maker_both,SHORT,2025-12-27 10:40:00+00:00,2921.79,-0.002624735607817,-0.0028515683805918,-0.00022683277277480004
T00542,GAP50,ETHUSDT,5m,7,donchian n=50 vol=1.5,range,maker_both,SHORT,2025-12-27 10:40:00+00:00,2921.79,-0.002624735607817,-0.0028515683805918,-0.00022683277277480004
T00543,B1_ALL,ETHUSDT,5m,7,donchian n=50 vol=1.5,range,maker_both,SHORT,2025-12-27 16:30:00+00:00,2920.26,-0.0024168695733147,-0.0024316680105822,-1.4798437267500315e-05
T00544,B1_ALL,ETHUSDT,5m,7,donchian n=50 vol=1.5,range,maker_both,LONG,2025-12-27 19:55:00+00:00,2929.06,0.000107531544219,0.0001047408420652,-2.790702153799993e-06
T00538,GAP0,ETHUSDT,5m,7,donchian n=50 vol=1.5,range,maker_both,LONG,2025-12-26 13:40:00+00:00,2980.55,-0.0029413824042248,0.0001047408420652,0.00304612324629
T00538,GAP10,ETHUSDT,5m,7,donchian n=50 vol=1.5,range,maker_both,LONG,2025-12-26 13:40:00+00:00,2980.55,-0.0029413824042248,0.0001047408420652,0.00304612324629
T00538,GAP25,ETHUSDT,5m,7,donchian n=50 vol=1.5,range,maker_both,LONG,2025-12-26 13:40:00+00:00,2980.55,-0.0029413824042248,0.0001047408420652,0.00304612324629
T00541,GAP50,ETHUSDT,5m,7,donchian n=50 vol=1.5,range,maker_both,LONG,2025-12-27 07:25:00+00:00,2935.33,-0.0020284540572688,0.0001047408420652,0.0021331948993339998
T00545,B1_ALL,ETHUSDT,5m,7,donchian n=50 vol=1.5,range,maker_both,LONG,2025-12-27 22:15:00+00:00,2944.71,-0.0026780075214146,-0.0030349714569454,-0.00035696393553080004
T00546,B1_ALL,ETHUSDT,5m,7,donchian n=50 vol=1.5,range,maker_both,SHORT,2025-12-28 05:05:00+00:00,2935.64,0.0008484383439714,0.0008861642969751,3.77259530037e-05
T00543,GAP50,ETHUSDT,5m,7,donchian n=50 vol=1.5,range,maker_both,SHORT,2025-12-27 16:30:00+00:00,2920.26,-0.0024168695733147,0.0008861642969751,0.0033030338702898
T00547,B1_ALL,ETHUSDT,5m,7,donchian n=50 vol=1.5,range,maker_both,SHORT,2025-12-28 18:20:00+00:00,2931.05,-0.0032763161789812,-0.0033876216642813,-0.00011130548530009993
T00546,GAP50,ETHUSDT,5m,7,donchian n=50 vol=1.5,range,maker_both,SHORT,2025-12-28 05:05:00+00:00,2935.64,0.0008484383439714,-0.0033876216642813,-0.0042360600082527
T00548,B1_ALL,ETHUSDT,5m,7,donchian n=50 vol=1.5,range,maker_both,LONG,2025-12-28 22:50:00+00:00,2950.0,-0.0030330391014363,-0.0031524809797416,-0.0001194418783053001
T00541,GAP0,ETHUSDT,5m,7,donchian n=50 vol=1.5,range,maker_both,LONG,2025-12-27 07:25:00+00:00,2935.33,-0.0020284540572688,-0.0031524809797416,-0.0011240269224728002
T00541,GAP10,ETHUSDT,5m,7,donchian n=50 vol=1.5,range,maker_both,LONG,2025-12-27 07:25:00+00:00,2935.33,-0.0020284540572688,-0.0031524809797416,-0.0011240269224728002
T00541,GAP25,ETHUSDT,5m,7,donchian n=50 vol=1.5,range,maker_both,LONG,2025-12-27 07:25:00+00:00,2935.33,-0.0020284540572688,-0.0031524809797416,-0.0011240269224728002
T00544,GAP50,ETHUSDT,5m,7,donchian n=50 vol=1.5,range,maker_both,LONG,2025-12-27 19:55:00+00:00,2929.06,0.000107531544219,-0.0031524809797416,-0.0032600125239606
T00549,B1_ALL,ETHUSDT,5m,7,donchian n=50 vol=1.5,range,maker_both,LONG,2025-12-29 00:35:00+00:00,2966.63,-0.0041747255597183,-0.0043287798917609,-0.00015405433204259984
T00544,GAP0,ETHUSDT,5m,7,donchian n=50 vol=1.5,range,maker_both,LONG,2025-12-27 19:55:00+00:00,2929.06,0.000107531544219,-0.0043287798917609,-0.0044363114359799
T00544,GAP10,ETHUSDT,5m,7,donchian n=50 vol=1.5,range,maker_both,LONG,2025-12-27 19:55:00+00:00,2929.06,0.000107531544219,-0.0043287798917609,-0.0044363114359799
T00544,GAP25,ETHUSDT,5m,7,donchian n=50 vol=1.5,range,maker_both,LONG,2025-12-27 19:55:00+00:00,2929.06,0.000107531544219,-0.0043287798917609,-0.0044363114359799
T00545,GAP50,ETHUSDT,5m,7,donchian n=50 vol=1.5,range,maker_both,LONG,2025-12-27 22:15:00+00:00,2944.71,-0.0026780075214146,-0.0043287798917609,-0.0016507723703463
T00550,B1_ALL,ETHUSDT,5m,7,donchian n=50 vol=1.5,range,maker_both,LONG,2025-12-29 02:05:00+00:00,2987.04,0.0061962236888489,0.0079318098456514,0.0017355861568024997
T00545,GAP0,ETHUSDT,5m,7,donchian n=50 vol=1.5,range,maker_both,LONG,2025-12-27 22:15:00+00:00,2944.71,-0.0026780075214146,0.0079318098456514,0.010609817367066
T00545,GAP10,ETHUSDT,5m,7,donchian n=50 vol=1.5,range,maker_both,LONG,2025-12-27 22:15:00+00:00,2944.71,-0.0026780075214146,0.0079318098456514,0.010609817367066
T00545,GAP25,ETHUSDT,5m,7,donchian n=50 vol=1.5,range,maker_both,LONG,2025-12-27 22:15:00+00:00,2944.71,-0.0026780075214146,0.0079318098456514,0.010609817367066
T00548,GAP50,ETHUSDT,5m,7,donchian n=50 vol=1.5,range,maker_both,LONG,2025-12-28 22:50:00+00:00,2950.0,-0.0030330391014363,0.0079318098456514,0.0109648489470877
T00551,B1_ALL,ETHUSDT,5m,7,donchian n=50 vol=1.5,range,maker_both,SHORT,2025-12-30 01:35:00+00:00,2927.81,-0.0032680467646797,-0.0033700155511464,-0.00010196878646669995
T00552,B1_ALL,ETHUSDT,5m,7,donchian n=50 vol=1.5,range,maker_both,LONG,2025-12-30 03:50:00+00:00,2946.93,-0.0039596601389682,-0.0041380008317737,-0.00017834069280549952
T00548,GAP0,ETHUSDT,5m,7,donchian n=50 vol=1.5,range,maker_both,LONG,2025-12-28 22:50:00+00:00,2950.0,-0.0030330391014363,-0.0041380008317737,-0.0011049617303373997
T00548,GAP10,ETHUSDT,5m,7,donchian n=50 vol=1.5,range,maker_both,LONG,2025-12-28 22:50:00+00:00,2950.0,-0.0030330391014363,-0.0041380008317737,-0.0011049617303373997
T00548,GAP25,ETHUSDT,5m,7,donchian n=50 vol=1.5,range,maker_both,LONG,2025-12-28 22:50:00+00:00,2950.0,-0.0030330391014363,-0.0041380008317737,-0.0011049617303373997
T00549,GAP50,ETHUSDT,5m,7,donchian n=50 vol=1.5,range,maker_both,LONG,2025-12-29 00:35:00+00:00,2966.63,-0.0041747255597183,-0.0041380008317737,3.672472794460056e-05
T00553,B1_ALL,ETHUSDT,5m,7,donchian n=50 vol=1.5,range,maker_both,LONG,2025-12-30 08:05:00+00:00,2973.69,0.0036295258189827,0.0042419658019495,0.0006124399829668002
T00549,GAP0,ETHUSDT,5m,7,donchian n=50 vol=1.5,range,maker_both,LONG,2025-12-29 00:35:00+00:00,2966.63,-0.0041747255597183,0.0042419658019495,0.0084166913616678
T00549,GAP10,ETHUSDT,5m,7,donchian n=50 vol=1.5,range,maker_both,LONG,2025-12-29 00:35:00+00:00,2966.63,-0.0041747255597183,0.0042419658019495,0.0084166913616678
T00549,GAP25,ETHUSDT,5m,7,donchian n=50 vol=1.5,range,maker_both,LONG,2025-12-29 00:35:00+00:00,2966.63,-0.0041747255597183,0.0042419658019495,0.0084166913616678
T00550,GAP50,ETHUSDT,5m,7,donchian n=50 vol=1.5,range,maker_both,LONG,2025-12-29 02:05:00+00:00,2987.04,0.0061962236888489,0.0042419658019495,-0.0019542578868993995
T00554,B1_ALL,ETHUSDT,5m,7,donchian n=50 vol=1.5,range,maker_both,LONG,2025-12-30 13:30:00+00:00,2987.54,-0.0034600821041453,-0.0035784945126153,-0.00011841240846999961
T00555,B1_ALL,ETHUSDT,5m,7,donchian n=50 vol=1.5,range,maker_both,LONG,2025-12-30 14:55:00+00:00,2999.28,-0.0062042886282491,-0.006306460429886,-0.00010217180163689995
T00552,GAP50,ETHUSDT,5m,7,donchian n=50 vol=1.5,range,maker_both,LONG,2025-12-30 03:50:00+00:00,2946.93,-0.0039596601389682,-0.006306460429886,-0.0023468002909178
T00556,B1_ALL,ETHUSDT,5m,7,donchian n=50 vol=1.5,range,maker_both,LONG,2025-12-31 01:20:00+00:00,2980.8,-0.0035400127437046,-0.0036104866004332,-7.04738567286001e-05
T00553,GAP50,ETHUSDT,5m,7,donchian n=50 vol=1.5,range,maker_both,LONG,2025-12-30 08:05:00+00:00,2973.69,0.0036295258189827,-0.0036104866004332,-0.0072400124194159
T00557,B1_ALL,ETHUSDT,5m,7,donchian n=50 vol=1.5,range,maker_both,SHORT,2025-12-31 08:45:00+00:00,2965.81,-0.0027549670131985,-0.0028060196506808,-5.10526374822998e-05
T00542,GAP25,ETHUSDT,5m,7,donchian n=50 vol=1.5,range,maker_both,SHORT,2025-12-27 10:40:00+00:00,2921.79,-0.002624735607817,-0.0028060196506808,-0.00018128404286380006
T00547,GAP50,ETHUSDT,5m,7,donchian n=50 vol=1.5,range,maker_both,SHORT,2025-12-28 18:20:00+00:00,2931.05,-0.0032763161789812,-0.0028060196506808,0.0004702965283004002
T00558,B1_ALL,ETHUSDT,5m,7,donchian n=50 vol=1.5,range,maker_both,LONG,2025-12-31 11:10:00+00:00,2985.46,0.0015666336821372,0.0015936938892816,2.7060207144399915e-05
T00554,GAP50,ETHUSDT,5m,7,donchian n=50 vol=1.5,range,maker_both,LONG,2025-12-30 13:30:00+00:00,2987.54,-0.0034600821041453,0.0015936938892816,0.0050537759934269
T00559,B1_ALL,ETHUSDT,5m,7,donchian n=50 vol=1.5,range,maker_both,LONG,2025-12-31 11:45:00+00:00,2998.63,-0.0030935476776415,-0.0031455786488071,-5.203097116559998e-05
T00555,GAP50,ETHUSDT,5m,7,donchian n=50 vol=1.5,range,maker_both,LONG,2025-12-30 14:55:00+00:00,2999.28,-0.0062042886282491,-0.0031455786488071,0.003058709979442
T00560,B1_ALL,ETHUSDT,5m,7,donchian n=50 vol=1.5,range,maker_both,LONG,2026-01-01 01:15:00+00:00,2984.7,-0.0026682332608128,-0.0027315732248709,-6.333996405809977e-05
T00550,GAP25,ETHUSDT,5m,7,donchian n=50 vol=1.5,range,maker_both,LONG,2025-12-29 02:05:00+00:00,2987.04,0.0061962236888489,-0.0027315732248709,-0.0089277969137198
T00556,GAP50,ETHUSDT,5m,7,donchian n=50 vol=1.5,range,maker_both,LONG,2025-12-31 01:20:00+00:00,2980.8,-0.0035400127437046,-0.0027315732248709,0.0008084395188337002
T00561,B1_ALL,ETHUSDT,5m,7,donchian n=50 vol=1.5,range,maker_both,SHORT,2026-01-01 04:45:00+00:00,2972.41,-0.0025764797266769,-0.002606160102485,-2.9680375808099728e-05
T00562,B1_ALL,ETHUSDT,5m,7,donchian n=50 vol=1.5,range,maker_both,LONG,2026-01-01 09:20:00+00:00,2985.7,-0.0021737303185305,-0.0021884554170503,-1.4725098519799678e-05
T00563,B1_ALL,ETHUSDT,5m,7,donchian n=50 vol=1.5,range,maker_both,LONG,2026-01-01 11:20:00+00:00,2987.05,-0.0021809641788219,-0.0021655034526414,1.5460726180499974e-05
T00550,GAP0,ETHUSDT,5m,7,donchian n=50 vol=1.5,range,maker_both,LONG,2025-12-29 02:05:00+00:00,2987.04,0.0061962236888489,-0.0021655034526414,-0.0083617271414903
T00550,GAP10,ETHUSDT,5m,7,donchian n=50 vol=1.5,range,maker_both,LONG,2025-12-29 02:05:00+00:00,2987.04,0.0061962236888489,-0.0021655034526414,-0.0083617271414903
T00552,GAP25,ETHUSDT,5m,7,donchian n=50 vol=1.5,range,maker_both,LONG,2025-12-30 03:50:00+00:00,2946.93,-0.0039596601389682,-0.0021655034526414,0.0017941566863268
T00558,GAP50,ETHUSDT,5m,7,donchian n=50 vol=1.5,range,maker_both,LONG,2025-12-31 11:10:00+00:00,2985.46,0.0015666336821372,-0.0021655034526414,-0.0037321371347786
T00564,B1_ALL,ETHUSDT,5m,7,donchian n=50 vol=1.5,range,maker_both,SHORT,2026-01-01 14:05:00+00:00,2978.58,-0.0024237413027576,-0.0024404806880913,-1.6739385333700268e-05
T00551,GAP50,ETHUSDT,5m,7,donchian n=50 vol=1.5,range,maker_both,SHORT,2025-12-30 01:35:00+00:00,2927.81,-0.0032680467646797,-0.0024404806880913,0.0008275660765883998
T00565,B1_ALL,ETHUSDT,5m,7,donchian n=50 vol=1.5,range,maker_both,LONG,2026-01-01 23:00:00+00:00,2997.64,-0.0025917983020645,0.0018326820943818,0.0044244803964463
T00566,B1_ALL,ETHUSDT,5m,7,donchian n=50 vol=1.5,range,maker_both,LONG,2026-01-01 23:25:00+00:00,3003.93,-0.0031296546173509,-0.0030845203133171,4.513430403379993e-05
T00553,GAP25,ETHUSDT,5m,7,donchian n=50 vol=1.5,range,maker_both,LONG,2025-12-30 08:05:00+00:00,2973.69,0.0036295258189827,-0.0030845203133171,-0.0067140461322998
T00559,GAP50,ETHUSDT,5m,7,donchian n=50 vol=1.5,range,maker_both,LONG,2025-12-31 11:45:00+00:00,2998.63,-0.0030935476776415,-0.0030845203133171,9.027364324400069e-06
T00567,B1_ALL,ETHUSDT,5m,7,donchian n=50 vol=1.5,range,maker_both,LONG,2026-01-11 05:45:00+00:00,3098.77,-0.0019407378240867,-0.0019807033916493,-3.9965567562600095e-05
T00552,GAP10,ETHUSDT,5m,7,donchian n=50 vol=1.5,range,maker_both,LONG,2025-12-30 03:50:00+00:00,2946.93,-0.0039596601389682,-0.0019807033916493,0.0019789567473189
T00554,GAP25,ETHUSDT,5m,7,donchian n=50 vol=1.5,range,maker_both,LONG,2025-12-30 13:30:00+00:00,2987.54,-0.0034600821041453,-0.0019807033916493,0.001479378712496
T00560,GAP50,ETHUSDT,5m,7,donchian n=50 vol=1.5,range,maker_both,LONG,2026-01-01 01:15:00+00:00,2984.7,-0.0026682332608128,-0.0019807033916493,0.0006875298691634999
T00568,B1_ALL,ETHUSDT,5m,7,donchian n=50 vol=1.5,range,maker_both,LONG,2026-01-11 09:00:00+00:00,3101.99,0.0007693956942097,-0.0003656829970811,-0.0011350786912908
T00552,GAP0,ETHUSDT,5m,7,donchian n=50 vol=1.5,range,maker_both,LONG,2025-12-30 03:50:00+00:00,2946.93,-0.0039596601389682,-0.0003656829970811,0.0035939771418871
T00553,GAP10,ETHUSDT,5m,7,donchian n=50 vol=1.5,range,maker_both,LONG,2025-12-30 08:05:00+00:00,2973.69,0.0036295258189827,-0.0003656829970811,-0.0039952088160638
T00555,GAP25,ETHUSDT,5m,7,donchian n=50 vol=1.5,range,maker_both,LONG,2025-12-30 14:55:00+00:00,2999.28,-0.0062042886282491,-0.0003656829970811,0.005838605631168
T00562,GAP50,ETHUSDT,5m,7,donchian n=50 vol=1.5,range,maker_both,LONG,2026-01-01 09:20:00+00:00,2985.7,-0.0021737303185305,-0.0003656829970811,0.0018080473214494002
T00569,B1_ALL,ETHUSDT,5m,7,donchian n=50 vol=1.5,range,maker_both,LONG,2026-01-11 12:20:00+00:00,3108.66,0.0006110266467477,0.0006109591651503,-6.7481597399951e-08
T00570,B1_ALL,ETHUSDT,5m,7,donchian n=50 vol=1.5,range,maker_both,LONG,2026-01-11 14:55:00+00:00,3117.72,0.001679377035943,-0.0030539665022183,-0.0047333435381612995
T00553,GAP0,ETHUSDT,5m,7,donchian n=50 vol=1.5,range,maker_both,LONG,2025-12-30 08:05:00+00:00,2973.69,0.0036295258189827,-0.0030539665022183,-0.006683492321201
T00554,GAP10,ETHUSDT,5m,7,donchian n=50 vol=1.5,range,maker_both,LONG,2025-12-30 13:30:00+00:00,2987.54,-0.0034600821041453,-0.0030539665022183,0.0004061156019270003
T00556,GAP25,ETHUSDT,5m,7,donchian n=50 vol=1.5,range,maker_both,LONG,2025-12-31 01:20:00+00:00,2980.8,-0.0035400127437046,-0.0030539665022183,0.0004860462414863001
T00563,GAP50,ETHUSDT,5m,7,donchian n=50 vol=1.5,range,maker_both,LONG,2026-01-01 11:20:00+00:00,2987.05,-0.0021809641788219,-0.0030539665022183,-0.0008730023233963998
T00571,B1_ALL,ETHUSDT,5m,7,donchian n=50 vol=1.5,range,maker_both,SHORT,2026-01-11 20:20:00+00:00,3103.75,-0.0035476082620615,-0.0037173486794023,-0.0001697404173408002
T00539,GAP0,ETHUSDT,5m,7,donchian n=50 vol=1.5,range,maker_both,SHORT,2025-12-26 14:40:00+00:00,2960.72,0.0036972781625309,-0.0037173486794023,-0.0074146268419332
T00539,GAP10,ETHUSDT,5m,7,donchian n=50 vol=1.5,range,maker_both,SHORT,2025-12-26 14:40:00+00:00,2960.72,0.0036972781625309,-0.0037173486794023,-0.0074146268419332
T00543,GAP25,ETHUSDT,5m,7,donchian n=50 vol=1.5,range,maker_both,SHORT,2025-12-27 16:30:00+00:00,2920.26,-0.0024168695733147,-0.0037173486794023,-0.0013004791060876003
T00557,GAP50,ETHUSDT,5m,7,donchian n=50 vol=1.5,range,maker_both,SHORT,2025-12-31 08:45:00+00:00,2965.81,-0.0027549670131985,-0.0037173486794023,-0.0009623816662038
T00572,B1_ALL,ETHUSDT,5m,7,donchian n=50 vol=1.5,range,maker_both,SHORT,2026-01-11 23:05:00+00:00,3094.39,-0.0039001563928746,-0.0040000523427878,-9.98959499132002e-05
T00573,B1_ALL,ETHUSDT,5m,7,donchian n=50 vol=1.5,range,maker_both,LONG,2026-01-12 01:05:00+00:00,3133.61,-0.0056686525364348,-0.005743237107042,-7.458457060720031e-05
T00574,B1_ALL,ETHUSDT,5m,7,donchian n=50 vol=1.5,range,maker_both,LONG,2026-01-12 02:15:00+00:00,3141.68,0.0069380533952493,0.0072144412341829,0.0002763878389336
T00554,GAP0,ETHUSDT,5m,7,donchian n=50 vol=1.5,range,maker_both,LONG,2025-12-30 13:30:00+00:00,2987.54,-0.0034600821041453,0.0072144412341829,0.0106745233383282
T00555,GAP10,ETHUSDT,5m,7,donchian n=50 vol=1.5,range,maker_both,LONG,2025-12-30 14:55:00+00:00,2999.28,-0.0062042886282491,0.0072144412341829,0.013418729862432
T00558,GAP25,ETHUSDT,5m,7,donchian n=50 vol=1.5,range,maker_both,LONG,2025-12-31 11:10:00+00:00,2985.46,0.0015666336821372,0.0072144412341829,0.0056478075520457
T00565,GAP50,ETHUSDT,5m,7,donchian n=50 vol=1.5,range,maker_both,LONG,2026-01-01 23:00:00+00:00,2997.64,-0.0025917983020645,0.0072144412341829,0.0098062395362474
T00575,B1_ALL,ETHUSDT,5m,7,donchian n=50 vol=1.5,range,maker_both,SHORT,2026-01-12 14:25:00+00:00,3074.87,-0.0049806670198317,-0.0051137882530697,-0.00013312123323800003
T00546,GAP25,ETHUSDT,5m,7,donchian n=50 vol=1.5,range,maker_both,SHORT,2025-12-28 05:05:00+00:00,2935.64,0.0008484383439714,-0.0051137882530697,-0.0059622265970411
T00561,GAP50,ETHUSDT,5m,7,donchian n=50 vol=1.5,range,maker_both,SHORT,2026-01-01 04:45:00+00:00,2972.41,-0.0025764797266769,-0.0051137882530697,-0.0025373085263928
T00576,B1_ALL,ETHUSDT,5m,7,donchian n=50 vol=1.5,range,maker_both,LONG,2026-01-12 16:30:00+00:00,3142.18,-0.0063455827353225,-0.0065473410381073,-0.0002017583027848005
T00577,B1_ALL,ETHUSDT,5m,7,donchian n=50 vol=1.5,range,maker_both,SHORT,2026-01-12 21:55:00+00:00,3085.97,-0.004131833298189,-0.0041469847296141,-1.5151431425100212e-05
T00578,B1_ALL,ETHUSDT,5m,7,donchian n=50 vol=1.5,range,maker_both,LONG,2026-01-13 03:25:00+00:00,3114.99,0.0036175732476438,0.0035212186704273,-9.635457721649974e-05
T00566,GAP50,ETHUSDT,5m,7,donchian n=50 vol=1.5,range,maker_both,LONG,2026-01-01 23:25:00+00:00,3003.93,-0.0031296546173509,0.0035212186704273,0.0066508732877782
T00579,B1_ALL,ETHUSDT,5m,7,donchian n=50 vol=1.5,range,maker_both,LONG,2026-01-13 05:20:00+00:00,3140.62,-0.0037491827748358,-0.0039189939452128,-0.00016981117037700045
T00555,GAP0,ETHUSDT,5m,7,donchian n=50 vol=1.5,range,maker_both,LONG,2025-12-30 14:55:00+00:00,2999.28,-0.0062042886282491,-0.0039189939452128,0.0022852946830362996
T00556,GAP10,ETHUSDT,5m,7,donchian n=50 vol=1.5,range,maker_both,LONG,2025-12-31 01:20:00+00:00,2980.8,-0.0035400127437046,-0.0039189939452128,-0.00037898120150820034
T00559,GAP25,ETHUSDT,5m,7,donchian n=50 vol=1.5,range,maker_both,LONG,2025-12-31 11:45:00+00:00,2998.63,-0.0030935476776415,-0.0039189939452128,-0.0008254462675713003
T00567,GAP50,ETHUSDT,5m,7,donchian n=50 vol=1.5,range,maker_both,LONG,2026-01-11 05:45:00+00:00,3098.77,-0.0019407378240867,-0.0039189939452128,-0.0019782561211261003
T00580,B1_ALL,ETHUSDT,5m,7,donchian n=50 vol=1.5,range,maker_both,LONG,2026-01-13 13:35:00+00:00,3149.45,-0.003766077776964,0.0049301553306438,0.0086962331076078
T00581,B1_ALL,ETHUSDT,5m,7,donchian n=50 vol=1.5,range,maker_both,LONG,2026-01-16 21:00:00+00:00,3291.59,-0.0037294507683019,-0.0038038123004608,-7.436153215890006e-05
T00556,GAP0,ETHUSDT,5m,7,donchian n=50 vol=1.5,range,maker_both,LONG,2025-12-31 01:20:00+00:00,2980.8,-0.0035400127437046,-0.0038038123004608,-0.00026379955675620006
T00558,GAP10,ETHUSDT,5m,7,donchian n=50 vol=1.5,range,maker_both,LONG,2025-12-31 11:10:00+00:00,2985.46,0.0015666336821372,-0.0038038123004608,-0.005370445982598
T00560,GAP25,ETHUSDT,5m,7,donchian n=50 vol=1.5,range,maker_both,LONG,2026-01-01 01:15:00+00:00,2984.7,-0.0026682332608128,-0.0038038123004608,-0.001135579039648
T00568,GAP50,ETHUSDT,5m,7,donchian n=50 vol=1.5,range,maker_both,LONG,2026-01-11 09:00:00+00:00,3101.99,0.0007693956942097,-0.0038038123004608,-0.0045732079946705
T00582,B1_ALL,ETHUSDT,5m,7,donchian n=50 vol=1.5,range,maker_both,LONG,2026-01-18 03:35:00+00:00,3315.69,-0.0028309318634268,-0.0027864714613834,4.446040204340038e-05
T00569,GAP50,ETHUSDT,5m,7,donchian n=50 vol=1.5,range,maker_both,LONG,2026-01-11 12:20:00+00:00,3108.66,0.0006110266467477,-0.0027864714613834,-0.0033974981081310997
T00583,B1_ALL,ETHUSDT,5m,7,donchian n=50 vol=1.5,range,maker_both,SHORT,2026-01-18 08:05:00+00:00,3303.09,-0.0023176161002842,-0.0023390581347609,-2.144203447670013e-05
T00584,B1_ALL,ETHUSDT,5m,7,donchian n=50 vol=1.5,range,maker_both,LONG,2026-01-27 04:15:00+00:00,2950.83,-0.00393769914377,-0.0039846970637661,-4.6997919996100146e-05
T00570,GAP50,ETHUSDT,5m,7,donchian n=50 vol=1.5,range,maker_both,LONG,2026-01-11 14:55:00+00:00,3117.72,0.001679377035943,-0.0039846970637661,-0.0056640740997091
T00585,B1_ALL,ETHUSDT,5m,7,donchian n=50 vol=1.5,range,maker_both,SHORT,2026-01-27 06:35:00+00:00,2927.05,-0.0031912461581912,-0.0031468587860453,4.4387372145900366e-05
T00564,GAP50,ETHUSDT,5m,7,donchian n=50 vol=1.5,range,maker_both,SHORT,2026-01-01 14:05:00+00:00,2978.58,-0.0024237413027576,-0.0031468587860453,-0.0007231174832876999
T00586,B1_ALL,ETHUSDT,5m,7,donchian n=50 vol=1.5,range,maker_both,LONG,2026-01-27 16:10:00+00:00,2965.01,-0.0068091100540514,-0.0070856781284305,-0.0002765680743791006
T00558,GAP0,ETHUSDT,5m,7,donchian n=50 vol=1.5,range,maker_both,LONG,2025-12-31 11:10:00+00:00,2985.46,0.0015666336821372,-0.0070856781284305,-0.0086523118105677
T00559,GAP10,ETHUSDT,5m,7,donchian n=50 vol=1.5,range,maker_both,LONG,2025-12-31 11:45:00+00:00,2998.63,-0.0030935476776415,-0.0070856781284305,-0.003992130450789
T00562,GAP25,ETHUSDT,5m,7,donchian n=50 vol=1.5,range,maker_both,LONG,2026-01-01 09:20:00+00:00,2985.7,-0.0021737303185305,-0.0070856781284305,-0.0049119478099
T00573,GAP50,ETHUSDT,5m,7,donchian n=50 vol=1.5,range,maker_both,LONG,2026-01-12 01:05:00+00:00,3133.61,-0.0056686525364348,-0.0070856781284305,-0.0014170255919957004
T00587,B1_ALL,ETHUSDT,5m,7,donchian n=50 vol=1.5,range,maker_both,LONG,2026-01-29 08:30:00+00:00,2966.88,-0.0041005936831002,-0.0042924538521901,-0.0001918601690898995
T00588,B1_ALL,ETHUSDT,5m,7,donchian n=50 vol=1.5,range,maker_both,SHORT,2026-01-29 11:05:00+00:00,2936.54,-0.0037452014774642,0.0038164507628627,0.0075616522403269
T00589,B1_ALL,ETHUSDT,5m,7,donchian n=50 vol=1.5,range,maker_both,SHORT,2026-01-29 11:30:00+00:00,2923.31,-0.0043283322537862,-0.0043565785533853,-2.824629959909987e-05
T00590,B1_ALL,ETHUSDT,5m,7,donchian n=50 vol=1.5,range,maker_both,SHORT,2026-01-29 14:30:00+00:00,2916.85,0.0035263954886183,0.0042747806325543,0.0007483851439360001
T00540,GAP0,ETHUSDT,5m,7,donchian n=50 vol=1.5,range,maker_both,SHORT,2025-12-26 14:55:00+00:00,2921.65,0.0068780845066885,0.0042747806325543,-0.0026033038741341994
T00540,GAP10,ETHUSDT,5m,7,donchian n=50 vol=1.5,range,maker_both,SHORT,2025-12-26 14:55:00+00:00,2921.65,0.0068780845066885,0.0042747806325543,-0.0026033038741341994
T00547,GAP25,ETHUSDT,5m,7,donchian n=50 vol=1.5,range,maker_both,SHORT,2025-12-28 18:20:00+00:00,2931.05,-0.0032763161789812,0.0042747806325543,0.0075510968115355005
T00571,GAP50,ETHUSDT,5m,7,donchian n=50 vol=1.5,range,maker_both,SHORT,2026-01-11 20:20:00+00:00,3103.75,-0.0035476082620615,0.0042747806325543,0.007822388894615801
T00591,B1_ALL,ETHUSDT,5m,7,donchian n=50 vol=1.5,range,maker_both,SHORT,2026-01-29 14:55:00+00:00,2894.46,0.0064882592253564,0.007718151736234,0.0012298925108776004
T00542,GAP0,ETHUSDT,5m,7,donchian n=50 vol=1.5,range,maker_both,SHORT,2025-12-27 10:40:00+00:00,2921.79,-0.002624735607817,0.007718151736234,0.010342887344051
T00542,GAP10,ETHUSDT,5m,7,donchian n=50 vol=1.5,range,maker_both,SHORT,2025-12-27 10:40:00+00:00,2921.79,-0.002624735607817,0.007718151736234,0.010342887344051
T00551,GAP25,ETHUSDT,5m,7,donchian n=50 vol=1.5,range,maker_both,SHORT,2025-12-30 01:35:00+00:00,2927.81,-0.0032680467646797,0.007718151736234,0.0109861985009137
T00572,GAP50,ETHUSDT,5m,7,donchian n=50 vol=1.5,range,maker_both,SHORT,2026-01-11 23:05:00+00:00,3094.39,-0.0039001563928746,0.007718151736234,0.0116183081291086
T00702,B1_ALL,SOLUSDT,5m,1,breakout n=20,range,maker_both,SHORT,2025-04-01 10:40:00+00:00,128.19,0.0047159125777435,0.0046953388697891,-2.057370795439939e-05
T00702,GAP0,SOLUSDT,5m,1,breakout n=20,range,maker_both,SHORT,2025-04-01 10:40:00+00:00,128.19,0.0047159125777435,0.0046953388697891,-2.057370795439939e-05
T00702,GAP10,SOLUSDT,5m,1,breakout n=20,range,maker_both,SHORT,2025-04-01 10:40:00+00:00,128.19,0.0047159125777435,0.0046953388697891,-2.057370795439939e-05
T00702,GAP25,SOLUSDT,5m,1,breakout n=20,range,maker_both,SHORT,2025-04-01 10:40:00+00:00,128.19,0.0047159125777435,0.0046953388697891,-2.057370795439939e-05
T00702,GAP50,SOLUSDT,5m,1,breakout n=20,range,maker_both,SHORT,2025-04-01 10:40:00+00:00,128.19,0.0047159125777435,0.0046953388697891,-2.057370795439939e-05
T00703,B1_ALL,SOLUSDT,5m,1,breakout n=20,range,maker_both,SHORT,2025-04-01 11:40:00+00:00,127.16,0.004933539069455,0.0048092816530772,-0.00012425741637779944
T00704,B1_ALL,SOLUSDT,5m,1,breakout n=20,range,maker_both,LONG,2025-04-02 13:50:00+00:00,127.74,-0.0103324898442966,-0.0105512926316497,-0.00021880278735309996
T00705,B1_ALL,SOLUSDT,5m,1,breakout n=20,range,maker_both,LONG,2025-04-02 15:05:00+00:00,128.44,0.0088601802332978,0.0094270534502259,0.0005668732169280995
T00704,GAP0,SOLUSDT,5m,1,breakout n=20,range,maker_both,LONG,2025-04-02 13:50:00+00:00,127.74,-0.0103324898442966,0.0094270534502259,0.0197595432945225
T00704,GAP10,SOLUSDT,5m,1,breakout n=20,range,maker_both,LONG,2025-04-02 13:50:00+00:00,127.74,-0.0103324898442966,0.0094270534502259,0.0197595432945225
T00704,GAP25,SOLUSDT,5m,1,breakout n=20,range,maker_both,LONG,2025-04-02 13:50:00+00:00,127.74,-0.0103324898442966,0.0094270534502259,0.0197595432945225
T00704,GAP50,SOLUSDT,5m,1,breakout n=20,range,maker_both,LONG,2025-04-02 13:50:00+00:00,127.74,-0.0103324898442966,0.0094270534502259,0.0197595432945225
T00706,B1_ALL,SOLUSDT,5m,1,breakout n=20,range,maker_both,LONG,2025-04-02 15:40:00+00:00,130.6,-0.0094052425926124,-0.0100835627867772,-0.0006783201941648002
T00705,GAP0,SOLUSDT,5m,1,breakout n=20,range,maker_both,LONG,2025-04-02 15:05:00+00:00,128.44,0.0088601802332978,-0.0100835627867772,-0.018943743020075
T00705,GAP10,SOLUSDT,5m,1,breakout n=20,range,maker_both,LONG,2025-04-02 15:05:00+00:00,128.44,0.0088601802332978,-0.0100835627867772,-0.018943743020075
T00705,GAP25,SOLUSDT,5m,1,breakout n=20,range,maker_both,LONG,2025-04-02 15:05:00+00:00,128.44,0.0088601802332978,-0.0100835627867772,-0.018943743020075
T00705,GAP50,SOLUSDT,5m,1,breakout n=20,range,maker_both,LONG,2025-04-02 15:05:00+00:00,128.44,0.0088601802332978,-0.0100835627867772,-0.018943743020075
T00707,B1_ALL,SOLUSDT,5m,1,breakout n=20,range,maker_both,SHORT,2025-04-28 00:05:00+00:00,147.7,0.0031386289469691,0.0036095823762748,0.0004709534293057
T00703,GAP0,SOLUSDT,5m,1,breakout n=20,range,maker_both,SHORT,2025-04-01 11:40:00+00:00,127.16,0.004933539069455,0.0036095823762748,-0.0013239566931801997
T00703,GAP10,SOLUSDT,5m,1,breakout n=20,range,maker_both,SHORT,2025-04-01 11:40:00+00:00,127.16,0.004933539069455,0.0036095823762748,-0.0013239566931801997
T00703,GAP25,SOLUSDT,5m,1,breakout n=20,range,maker_both,SHORT,2025-04-01 11:40:00+00:00,127.16,0.004933539069455,0.0036095823762748,-0.0013239566931801997
T00703,GAP50,SOLUSDT,5m,1,breakout n=20,range,maker_both,SHORT,2025-04-01 11:40:00+00:00,127.16,0.004933539069455,0.0036095823762748,-0.0013239566931801997
T00708,B1_ALL,SOLUSDT,5m,1,breakout n=20,range,maker_both,SHORT,2025-04-28 14:35:00+00:00,147.28,0.0068762969996351,0.0068891006768988,1.2803677263699582e-05
T00709,B1_ALL,SOLUSDT,5m,1,breakout n=20,range,maker_both,SHORT,2025-04-29 10:50:00+00:00,147.76,-0.0063274561007722,-0.0064762329249486,-0.00014877682417639964
T00710,B1_ALL,SOLUSDT,5m,1,breakout n=20,range,maker_both,SHORT,2025-04-29 13:20:00+00:00,146.99,-0.0065172268800963,-0.0065718429412631,-5.461606116680031e-05
T00711,B1_ALL,SOLUSDT,5m,1,breakout n=20,range,maker_both,SHORT,2025-04-29 21:20:00+00:00,146.83,0.0040922741073309,-0.007668534270206,-0.0117608083775369
T00707,GAP0,SOLUSDT,5m,1,breakout n=20,range,maker_both,SHORT,2025-04-28 00:05:00+00:00,147.7,0.0031386289469691,-0.007668534270206,-0.0108071632171751
T00707,GAP10,SOLUSDT,5m,1,breakout n=20,range,maker_both,SHORT,2025-04-28 00:05:00+00:00,147.7,0.0031386289469691,-0.007668534270206,-0.0108071632171751
T00707,GAP25,SOLUSDT,5m,1,breakout n=20,range,maker_both,SHORT,2025-04-28 00:05:00+00:00,147.7,0.0031386289469691,-0.007668534270206,-0.0108071632171751
T00707,GAP50,SOLUSDT,5m,1,breakout n=20,range,maker_both,SHORT,2025-04-28 00:05:00+00:00,147.7,0.0031386289469691,-0.007668534270206,-0.0108071632171751
T00712,B1_ALL,SOLUSDT,5m,1,breakout n=20,range,maker_both,SHORT,2025-04-29 23:10:00+00:00,145.45,-0.0079441366943016,-0.0081990231327954,-0.0002548864384937996
T00708,GAP0,SOLUSDT,5m,1,breakout n=20,range,maker_both,SHORT,2025-04-28 14:35:00+00:00,147.28,0.0068762969996351,-0.0081990231327954,-0.0150753201324305
T00708,GAP10,SOLUSDT,5m,1,breakout n=20,range,maker_both,SHORT,2025-04-28 14:35:00+00:00,147.28,0.0068762969996351,-0.0081990231327954,-0.0150753201324305
T00708,GAP25,SOLUSDT,5m,1,breakout n=20,range,maker_both,SHORT,2025-04-28 14:35:00+00:00,147.28,0.0068762969996351,-0.0081990231327954,-0.0150753201324305
T00708,GAP50,SOLUSDT,5m,1,breakout n=20,range,maker_both,SHORT,2025-04-28 14:35:00+00:00,147.28,0.0068762969996351,-0.0081990231327954,-0.0150753201324305
T00713,B1_ALL,SOLUSDT,5m,1,breakout n=20,range,maker_both,LONG,2025-04-30 00:10:00+00:00,146.71,-0.0082940915796151,-0.0080459060609648,0.00024818551865030125
T00706,GAP50,SOLUSDT,5m,1,breakout n=20,range,maker_both,LONG,2025-04-02 15:40:00+00:00,130.6,-0.0094052425926124,-0.0080459060609648,0.0013593365316476001
T00714,B1_ALL,SOLUSDT,5m,1,breakout n=20,range,maker_both,LONG,2025-05-03 02:15:00+00:00,148.48,-0.002205598719091,-0.0052986162290753,-0.0030930175099843004
T00706,GAP0,SOLUSDT,5m,1,breakout n=20,range,maker_both,LONG,2025-04-02 15:40:00+00:00,130.6,-0.0094052425926124,-0.0052986162290753,0.004106626363537099
T00706,GAP10,SOLUSDT,5m,1,breakout n=20,range,maker_both,LONG,2025-04-02 15:40:00+00:00,130.6,-0.0094052425926124,-0.0052986162290753,0.004106626363537099
T00706,GAP25,SOLUSDT,5m,1,breakout n=20,range,maker_both,LONG,2025-04-02 15:40:00+00:00,130.6,-0.0094052425926124,-0.0052986162290753,0.004106626363537099
T00713,GAP50,SOLUSDT,5m,1,breakout n=20,range,maker_both,LONG,2025-04-30 00:10:00+00:00,146.71,-0.0082940915796151,-0.0052986162290753,0.0029954753505398004
T00715,B1_ALL,SOLUSDT,5m,1,breakout n=20,range,maker_both,LONG,2025-05-03 07:45:00+00:00,147.9,-0.0047007049759122,-0.004736881242351,-3.6176266438799586e-05
T00713,GAP0,SOLUSDT,5m,1,breakout n=20,range,maker_both,LONG,2025-04-30 00:10:00+00:00,146.71,-0.0082940915796151,-0.004736881242351,0.003557210337264101
T00713,GAP10,SOLUSDT,5m,1,breakout n=20,range,maker_both,LONG,2025-04-30 00:10:00+00:00,146.71,-0.0082940915796151,-0.004736881242351,0.003557210337264101
T00713,GAP25,SOLUSDT,5m,1,breakout n=20,range,maker_both,LONG,2025-04-30 00:10:00+00:00,146.71,-0.0082940915796151,-0.004736881242351,0.003557210337264101
T00714,GAP50,SOLUSDT,5m,1,breakout n=20,range,maker_both,LONG,2025-05-03 02:15:00+00:00,148.48,-0.002205598719091,-0.004736881242351,-0.0025312825232599997
T00716,B1_ALL,SOLUSDT,5m,1,breakout n=20,range,maker_both,SHORT,2025-05-06 01:40:00+00:00,145.25,0.0029314038963531,0.0029427050388582,1.1301142505099754e-05
T00709,GAP0,SOLUSDT,5m,1,breakout n=20,range,maker_both,SHORT,2025-04-29 10:50:00+00:00,147.76,-0.0063274561007722,0.0029427050388582,0.0092701611396304
T00709,GAP10,SOLUSDT,5m,1,breakout n=20,range,maker_both,SHORT,2025-04-29 10:50:00+00:00,147.76,-0.0063274561007722,0.0029427050388582,0.0092701611396304
T00709,GAP25,SOLUSDT,5m,1,breakout n=20,range,maker_both,SHORT,2025-04-29 10:50:00+00:00,147.76,-0.0063274561007722,0.0029427050388582,0.0092701611396304
T00709,GAP50,SOLUSDT,5m,1,breakout n=20,range,maker_both,SHORT,2025-04-29 10:50:00+00:00,147.76,-0.0063274561007722,0.0029427050388582,0.0092701611396304
T00717,B1_ALL,SOLUSDT,5m,1,breakout n=20,range,maker_both,SHORT,2025-05-06 02:20:00+00:00,144.16,-0.0045030437057845,-0.0063581066661118,-0.0018550629603272997
T00710,GAP0,SOLUSDT,5m,1,breakout n=20,range,maker_both,SHORT,2025-04-29 13:20:00+00:00,146.99,-0.0065172268800963,-0.0063581066661118,0.00015912021398449983
T00710,GAP10,SOLUSDT,5m,1,breakout n=20,range,maker_both,SHORT,2025-04-29 13:20:00+00:00,146.99,-0.0065172268800963,-0.0063581066661118,0.00015912021398449983
T00710,GAP25,SOLUSDT,5m,1,breakout n=20,range,maker_both,SHORT,2025-04-29 13:20:00+00:00,146.99,-0.0065172268800963,-0.0063581066661118,0.00015912021398449983
T00710,GAP50,SOLUSDT,5m,1,breakout n=20,range,maker_both,SHORT,2025-04-29 13:20:00+00:00,146.99,-0.0065172268800963,-0.0063581066661118,0.00015912021398449983
T00718,B1_ALL,SOLUSDT,5m,1,breakout n=20,range,maker_both,LONG,2025-05-07 01:05:00+00:00,149.32,-0.0078112742520864,-0.0080694247157373,-0.0002581504636508993
T00719,B1_ALL,SOLUSDT,5m,2,breakout n=20,range,maker_both,LONG,2025-05-18 14:00:00+00:00,172.74,0.0028986489429642,0.0030081823184501,0.00010953337548589995
T00719,GAP25,SOLUSDT,5m,2,breakout n=20,range,maker_both,LONG,2025-05-18 14:00:00+00:00,172.74,0.0028986489429642,0.0030081823184501,0.00010953337548589995
T00719,GAP50,SOLUSDT,5m,2,breakout n=20,range,maker_both,LONG,2025-05-18 14:00:00+00:00,172.74,0.0028986489429642,0.0030081823184501,0.00010953337548589995
T00720,B1_ALL,SOLUSDT,5m,2,breakout n=20,range,maker_both,LONG,2025-05-18 23:55:00+00:00,173.6,-0.0111077168275349,-0.0115177181807247,-0.00041000135318980044
T00720,GAP50,SOLUSDT,5m,2,breakout n=20,range,maker_both,LONG,2025-05-18 23:55:00+00:00,173.6,-0.0111077168275349,-0.0115177181807247,-0.00041000135318980044
T00721,B1_ALL,SOLUSDT,5m,2,breakout n=20,range,maker_both,SHORT,2025-05-19 01:10:00+00:00,167.28,0.0032026796093801,0.0082277758274834,0.005025096218103299
T00721,GAP25,SOLUSDT,5m,2,breakout n=20,range,maker_both,SHORT,2025-05-19 01:10:00+00:00,167.28,0.0032026796093801,0.0082277758274834,0.005025096218103299
T00721,GAP50,SOLUSDT,5m,2,breakout n=20,range,maker_both,SHORT,2025-05-19 01:10:00+00:00,167.28,0.0032026796093801,0.0082277758274834,0.005025096218103299
T00722,B1_ALL,SOLUSDT,5m,2,breakout n=20,range,maker_both,SHORT,2025-05-20 08:15:00+00:00,166.41,-0.0084799306441505,-0.0084112292774738,6.870136667670029e-05
T00723,B1_ALL,SOLUSDT,5m,2,breakout n=20,range,maker_both,SHORT,2025-05-20 11:10:00+00:00,165.45,-0.0079071545905144,-0.0078964997225922,1.0654867922201688e-05
T00722,GAP50,SOLUSDT,5m,2,breakout n=20,range,maker_both,SHORT,2025-05-20 08:15:00+00:00,166.41,-0.0084799306441505,-0.0078964997225922,0.0005834309215583013
T00724,B1_ALL,SOLUSDT,5m,2,breakout n=20,range,maker_both,SHORT,2025-05-20 13:50:00+00:00,165.02,-0.0082642445564012,0.0056873232947648,0.013951567851166
T00725,B1_ALL,SOLUSDT,5m,2,breakout n=20,range,maker_both,LONG,2025-05-20 15:35:00+00:00,166.98,-0.0090079116833587,-0.0089861757197222,2.1735963636500613e-05
T00725,GAP50,SOLUSDT,5m,2,breakout n=20,range,maker_both,LONG,2025-05-20 15:35:00+00:00,166.98,-0.0090079116833587,-0.0089861757197222,2.1735963636500613e-05
T00726,B1_ALL,SOLUSDT,5m,2,breakout n=20,range,maker_both,SHORT,2025-05-20 18:50:00+00:00,165.22,-0.0094400626980722,-0.009427382564798,1.2680133274199992e-05
T00721,GAP0,SOLUSDT,5m,2,breakout n=20,range,maker_both,SHORT,2025-05-19 01:10:00+00:00,167.28,0.0032026796093801,-0.009427382564798,-0.0126300621741781
T00721,GAP10,SOLUSDT,5m,2,breakout n=20,range,maker_both,SHORT,2025-05-19 01:10:00+00:00,167.28,0.0032026796093801,-0.009427382564798,-0.0126300621741781
T00722,GAP25,SOLUSDT,5m,2,breakout n=20,range,maker_both,SHORT,2025-05-20 08:15:00+00:00,166.41,-0.0084799306441505,-0.009427382564798,-0.0009474519206474994
T00723,GAP50,SOLUSDT,5m,2,breakout n=20,range,maker_both,SHORT,2025-05-20 11:10:00+00:00,165.45,-0.0079071545905144,-0.009427382564798,-0.001520227974283599
T00727,B1_ALL,SOLUSDT,5m,2,breakout n=20,range,maker_both,LONG,2025-05-20 19:50:00+00:00,167.77,0.0058290394047871,0.0057568070267585,-7.223237802859994e-05
T00719,GAP0,SOLUSDT,5m,2,breakout n=20,range,maker_both,LONG,2025-05-18 14:00:00+00:00,172.74,0.0028986489429642,0.0057568070267585,0.0028581580837943
T00719,GAP10,SOLUSDT,5m,2,breakout n=20,range,maker_both,LONG,2025-05-18 14:00:00+00:00,172.74,0.0028986489429642,0.0057568070267585,0.0028581580837943
T00720,GAP25,SOLUSDT,5m,2,breakout n=20,range,maker_both,LONG,2025-05-18 23:55:00+00:00,173.6,-0.0111077168275349,0.0057568070267585,0.0168645238542934
T00727,GAP50,SOLUSDT,5m,2,breakout n=20,range,maker_both,LONG,2025-05-20 19:50:00+00:00,167.77,0.0058290394047871,0.0057568070267585,-7.223237802859994e-05
T00728,B1_ALL,SOLUSDT,5m,2,breakout n=20,range,maker_both,LONG,2025-05-20 21:05:00+00:00,169.21,-0.0097523381699219,-0.0096312317770607,0.0001211063928612012
T00720,GAP0,SOLUSDT,5m,2,breakout n=20,range,maker_both,LONG,2025-05-18 23:55:00+00:00,173.6,-0.0111077168275349,-0.0096312317770607,0.0014764850504742008
T00720,GAP10,SOLUSDT,5m,2,breakout n=20,range,maker_both,LONG,2025-05-18 23:55:00+00:00,173.6,-0.0111077168275349,-0.0096312317770607,0.0014764850504742008
T00725,GAP25,SOLUSDT,5m,2,breakout n=20,range,maker_both,LONG,2025-05-20 15:35:00+00:00,166.98,-0.0090079116833587,-0.0096312317770607,-0.0006233200937019994
T00728,GAP50,SOLUSDT,5m,2,breakout n=20,range,maker_both,LONG,2025-05-20 21:05:00+00:00,169.21,-0.0097523381699219,-0.0096312317770607,0.0001211063928612012
T00729,B1_ALL,SOLUSDT,5m,2,breakout n=20,range,maker_both,SHORT,2025-05-20 22:20:00+00:00,166.76,-0.0094520717301923,-0.0094161318164563,3.5939913736000514e-05
T00722,GAP0,SOLUSDT,5m,2,breakout n=20,range,maker_both,SHORT,2025-05-20 08:15:00+00:00,166.41,-0.0084799306441505,-0.0094161318164563,-0.0009362011723057992
T00722,GAP10,SOLUSDT,5m,2,breakout n=20,range,maker_both,SHORT,2025-05-20 08:15:00+00:00,166.41,-0.0084799306441505,-0.0094161318164563,-0.0009362011723057992
T00723,GAP25,SOLUSDT,5m,2,breakout n=20,range,maker_both,SHORT,2025-05-20 11:10:00+00:00,165.45,-0.0079071545905144,-0.0094161318164563,-0.0015089772259418988
T00724,GAP50,SOLUSDT,5m,2,breakout n=20,range,maker_both,SHORT,2025-05-20 13:50:00+00:00,165.02,-0.0082642445564012,-0.0094161318164563,-0.0011518872600550997
T00730,B1_ALL,SOLUSDT,5m,2,breakout n=20,range,maker_both,SHORT,2025-05-21 02:10:00+00:00,167.11,-0.0085556682369656,-0.0086823564579636,-0.00012668822099799922
T00726,GAP50,SOLUSDT,5m,2,breakout n=20,range,maker_both,SHORT,2025-05-20 18:50:00+00:00,165.22,-0.0094400626980722,-0.0086823564579636,0.0007577062401086
T00731,B1_ALL,SOLUSDT,5m,2,breakout n=20,range,maker_both,LONG,2025-05-21 04:45:00+00:00,170.93,-0.0087846260009566,0.0056861346749087,0.0144707606758653
T00732,B1_ALL,SOLUSDT,5m,2,breakout n=20,range,maker_both,LONG,2025-05-25 00:10:00+00:00,176.8,-0.0071881216921599,-0.0072484348627427,-6.031317058279983e-05
T00733,B1_ALL,SOLUSDT,5m,2,breakout n=20,range,maker_both,SHORT,2025-05-25 00:45:00+00:00,173.4,0.0059109114991925,0.0063285035846737,0.00041759208548119986
T00724,GAP25,SOLUSDT,5m,2,breakout n=20,range,maker_both,SHORT,2025-05-20 13:50:00+00:00,165.02,-0.0082642445564012,0.0063285035846737,0.014592748141074901
T00729,GAP50,SOLUSDT,5m,2,breakout n=20,range,maker_both,SHORT,2025-05-20 22:20:00+00:00,166.76,-0.0094520717301923,0.0063285035846737,0.015780575314866
T00734,B1_ALL,SOLUSDT,5m,2,breakout n=20,range,maker_both,SHORT,2025-05-27 01:05:00+00:00,173.13,0.0034310841629886,0.0035912139274844,0.00016012976449579974
T00723,GAP0,SOLUSDT,5m,2,breakout n=20,range,maker_both,SHORT,2025-05-20 11:10:00+00:00,165.45,-0.0079071545905144,0.0035912139274844,0.0114983685179988
T00723,GAP10,SOLUSDT,5m,2,breakout n=20,range,maker_both,SHORT,2025-05-20 11:10:00+00:00,165.45,-0.0079071545905144,0.0035912139274844,0.0114983685179988
T00726,GAP25,SOLUSDT,5m,2,breakout n=20,range,maker_both,SHORT,2025-05-20 18:50:00+00:00,165.22,-0.0094400626980722,0.0035912139274844,0.0130312766255566
T00730,GAP50,SOLUSDT,5m,2,breakout n=20,range,maker_both,SHORT,2025-05-21 02:10:00+00:00,167.11,-0.0085556682369656,0.0035912139274844,0.01214688216445
T00735,B1_ALL,SOLUSDT,5m,2,breakout n=20,range,maker_both,SHORT,2025-05-27 01:25:00+00:00,171.96,-0.0077697501485228,-0.0078037979472159,-3.4047798693100095e-05
T00729,GAP25,SOLUSDT,5m,2,breakout n=20,range,maker_both,SHORT,2025-05-20 22:20:00+00:00,166.76,-0.0094520717301923,-0.0078037979472159,0.0016482737829764003
T00733,GAP50,SOLUSDT,5m,2,breakout n=20,range,maker_both,SHORT,2025-05-25 00:45:00+00:00,173.4,0.0059109114991925,-0.0078037979472159,-0.0137147094464084
T00736,B1_ALL,SOLUSDT,5m,2,breakout n=20,range,maker_both,LONG,2025-05-27 03:15:00+00:00,173.27,-0.0033301833827988,-0.0071263084604419,-0.0037961250776431003
T00725,GAP0,SOLUSDT,5m,2,breakout n=20,range,maker_both,LONG,2025-05-20 15:35:00+00:00,166.98,-0.0090079116833587,-0.0071263084604419,0.0018816032229167995
T00725,GAP10,SOLUSDT,5m,2,breakout n=20,range,maker_both,LONG,2025-05-20 15:35:00+00:00,166.98,-0.0090079116833587,-0.0071263084604419,0.0018816032229167995
T00727,GAP25,SOLUSDT,5m,2,breakout n=20,range,maker_both,LONG,2025-05-20 19:50:00+00:00,167.77,0.0058290394047871,-0.0071263084604419,-0.012955347865229
T00731,GAP50,SOLUSDT,5m,2,breakout n=20,range,maker_both,LONG,2025-05-21 04:45:00+00:00,170.93,-0.0087846260009566,-0.0071263084604419,0.0016583175405146993
T00737,B1_ALL,SOLUSDT,5m,2,breakout n=20,range,maker_both,LONG,2025-05-27 08:05:00+00:00,176.1,-0.007360530661048,-0.0073213422946241,3.91883664238998e-05
T00727,GAP0,SOLUSDT,5m,2,breakout n=20,range,maker_both,LONG,2025-05-20 19:50:00+00:00,167.77,0.0058290394047871,-0.0073213422946241,-0.0131503816994112
T00727,GAP10,SOLUSDT,5m,2,breakout n=20,range,maker_both,LONG,2025-05-20 19:50:00+00:00,167.77,0.0058290394047871,-0.0073213422946241,-0.0131503816994112
T00728,GAP25,SOLUSDT,5m,2,breakout n=20,range,maker_both,LONG,2025-05-20 21:05:00+00:00,169.21,-0.0097523381699219,-0.0073213422946241,0.0024309958752978004
T00732,GAP50,SOLUSDT,5m,2,breakout n=20,range,maker_both,LONG,2025-05-25 00:10:00+00:00,176.8,-0.0071881216921599,-0.0073213422946241,-0.00013322060246419992
T00738,B1_ALL,SOLUSDT,5m,2,breakout n=20,range,maker_both,LONG,2025-05-27 13:10:00+00:00,177.5,0.0034013831067366,0.0038251753913033,0.00042379228456670016
T00728,GAP0,SOLUSDT,5m,2,breakout n=20,range,maker_both,LONG,2025-05-20 21:05:00+00:00,169.21,-0.0097523381699219,0.0038251753913033,0.013577513561225201
T00728,GAP10,SOLUSDT,5m,2,breakout n=20,range,maker_both,LONG,2025-05-20 21:05:00+00:00,169.21,-0.0097523381699219,0.0038251753913033,0.013577513561225201
T00731,GAP25,SOLUSDT,5m,2,breakout n=20,range,maker_both,LONG,2025-05-21 04:45:00+00:00,170.93,-0.0087846260009566,0.0038251753913033,0.0126098013922599
T00736,GAP50,SOLUSDT,5m,2,breakout n=20,range,maker_both,LONG,2025-05-27 03:15:00+00:00,173.27,-0.0033301833827988,0.0038251753913033,0.007155358774102101
T00739,B1_ALL,SOLUSDT,5m,2,breakout n=20,range,maker_both,LONG,2025-05-27 13:20:00+00:00,178.81,-0.007468841379684,-0.0076187896121756,-0.0001499482324916002
T00731,GAP0,SOLUSDT,5m,2,breakout n=20,range,maker_both,LONG,2025-05-21 04:45:00+00:00,170.93,-0.0087846260009566,-0.0076187896121756,0.0011658363887809995
T00731,GAP10,SOLUSDT,5m,2,breakout n=20,range,maker_both,LONG,2025-05-21 04:45:00+00:00,170.93,-0.0087846260009566,-0.0076187896121756,0.0011658363887809995
T00732,GAP25,SOLUSDT,5m,2,breakout n=20,range,maker_both,LONG,2025-05-25 00:10:00+00:00,176.8,-0.0071881216921599,-0.0076187896121756,-0.00043066792001569994
T00737,GAP50,SOLUSDT,5m,2,breakout n=20,range,maker_both,LONG,2025-05-27 08:05:00+00:00,176.1,-0.007360530661048,-0.0076187896121756,-0.0002582589511276002
T00740,B1_ALL,SOLUSDT,5m,2,breakout n=20,range,maker_both,SHORT,2025-05-28 09:30:00+00:00,173.12,-0.0055231951739072,-0.0055118205653453,1.1374608561900285e-05
T00734,GAP50,SOLUSDT,5m,2,breakout n=20,range,maker_both,SHORT,2025-05-27 01:05:00+00:00,173.13,0.0034310841629886,-0.0055118205653453,-0.0089429047283339
T00741,B1_ALL,SOLUSDT,5m,2,breakout n=20,range,maker_both,LONG,2025-05-28 10:50:00+00:00,174.07,0.0027015238226703,0.002609712308312,-9.181151435829968e-05
T00736,GAP25,SOLUSDT,5m,2,breakout n=20,range,maker_both,LONG,2025-05-27 03:15:00+00:00,173.27,-0.0033301833827988,0.002609712308312,0.0059398956911108
T00738,GAP50,SOLUSDT,5m,2,breakout n=20,range,maker_both,LONG,2025-05-27 13:10:00+00:00,177.5,0.0034013831067366,0.002609712308312,-0.0007916707984245998
T00742,B1_ALL,SOLUSDT,5m,2,breakout n=20,range,maker_both,SHORT,2025-05-28 13:50:00+00:00,172.77,0.0040766266896504,0.0040024074843846,-7.421920526580039e-05
T00743,B1_ALL,SOLUSDT,5m,2,breakout n=20,range,maker_both,SHORT,2025-06-03 03:10:00+00:00,158.95,-0.0026675552889688,-0.0043003923997186,-0.0016328371107498002
T00724,GAP0,SOLUSDT,5m,2,breakout n=20,range,maker_both,SHORT,2025-05-20 13:50:00+00:00,165.02,-0.0082642445564012,-0.0043003923997186,0.0039638521566825995
T00724,GAP10,SOLUSDT,5m,2,breakout n=20,range,maker_both,SHORT,2025-05-20 13:50:00+00:00,165.02,-0.0082642445564012,-0.0043003923997186,0.0039638521566825995
T00730,GAP25,SOLUSDT,5m,2,breakout n=20,range,maker_both,SHORT,2025-05-21 02:10:00+00:00,167.11,-0.0085556682369656,-0.0043003923997186,0.004255275837247
T00735,GAP50,SOLUSDT,5m,2,breakout n=20,range,maker_both,SHORT,2025-05-27 01:25:00+00:00,171.96,-0.0077697501485228,-0.0043003923997186,0.0034693577488041994
T00744,B1_ALL,SOLUSDT,5m,2,breakout n=20,range,maker_both,LONG,2025-06-08 17:05:00+00:00,152.77,0.0033022850574687,0.0034251378756436,0.00012285281817490034
T00732,GAP0,SOLUSDT,5m,2,breakout n=20,range,maker_both,LONG,2025-05-25 00:10:00+00:00,176.8,-0.0071881216921599,0.0034251378756436,0.0106132595678035
T00732,GAP10,SOLUSDT,5m,2,breakout n=20,range,maker_both,LONG,2025-05-25 00:10:00+00:00,176.8,-0.0071881216921599,0.0034251378756436,0.0106132595678035
T00737,GAP25,SOLUSDT,5m,2,breakout n=20,range,maker_both,LONG,2025-05-27 08:05:00+00:00,176.1,-0.007360530661048,0.0034251378756436,0.0107856685366916
T00739,GAP50,SOLUSDT,5m,2,breakout n=20,range,maker_both,LONG,2025-05-27 13:20:00+00:00,178.81,-0.007468841379684,0.0034251378756436,0.010893979255327601
T00745,B1_ALL,SOLUSDT,5m,2,breakout n=20,range,maker_both,LONG,2025-06-08 18:15:00+00:00,153.84,0.0033374143243246,0.0044842747950993,0.0011468604707746996
T00741,GAP50,SOLUSDT,5m,2,breakout n=20,range,maker_both,LONG,2025-05-28 10:50:00+00:00,174.07,0.0027015238226703,0.0044842747950993,0.0017827509724289998
T00746,B1_ALL,SOLUSDT,5m,2,breakout n=20,range,maker_both,LONG,2025-06-09 09:30:00+00:00,151.95,0.0029768320234827,0.0029981989657886,2.1366942305899635e-05
T00736,GAP0,SOLUSDT,5m,2,breakout n=20,range,maker_both,LONG,2025-05-27 03:15:00+00:00,173.27,-0.0033301833827988,0.0029981989657886,0.0063283823485874
T00736,GAP10,SOLUSDT,5m,2,breakout n=20,range,maker_both,LONG,2025-05-27 03:15:00+00:00,173.27,-0.0033301833827988,0.0029981989657886,0.0063283823485874
T00738,GAP25,SOLUSDT,5m,2,breakout n=20,range,maker_both,LONG,2025-05-27 13:10:00+00:00,177.5,0.0034013831067366,0.0029981989657886,-0.00040318414094800024
T00744,GAP50,SOLUSDT,5m,2,breakout n=20,range,maker_both,LONG,2025-06-08 17:05:00+00:00,152.77,0.0033022850574687,0.0029981989657886,-0.0003040860916801
T00747,B1_ALL,SOLUSDT,5m,2,breakout n=20,range,maker_both,LONG,2025-06-09 09:45:00+00:00,153.58,0.0038627561390282,0.0044734010933914,0.0006106449543631996
T00737,GAP0,SOLUSDT,5m,2,breakout n=20,range,maker_both,LONG,2025-05-27 08:05:00+00:00,176.1,-0.007360530661048,0.0044734010933914,0.011833931754439399
T00737,GAP10,SOLUSDT,5m,2,breakout n=20,range,maker_both,LONG,2025-05-27 08:05:00+00:00,176.1,-0.007360530661048,0.0044734010933914,0.011833931754439399
T00739,GAP25,SOLUSDT,5m,2,breakout n=20,range,maker_both,LONG,2025-05-27 13:20:00+00:00,178.81,-0.007468841379684,0.0044734010933914,0.0119422424730754
T00745,GAP50,SOLUSDT,5m,2,breakout n=20,range,maker_both,LONG,2025-06-08 18:15:00+00:00,153.84,0.0033374143243246,0.0044734010933914,0.0011359867690667997
T00748,B1_ALL,SOLUSDT,5m,2,breakout n=20,range,maker_both,SHORT,2025-06-12 11:40:00+00:00,157.38,-0.0066288044460016,-0.0068537850388816,-0.00022498059287999993
T00749,B1_ALL,SOLUSDT,5m,2,breakout n=20,range,maker_both,SHORT,2025-06-17 12:55:00+00:00,149.74,-0.0071513612554949,-0.0071208257257479,3.0535529746999676e-05
T00726,GAP0,SOLUSDT,5m,2,breakout n=20,range,maker_both,SHORT,2025-05-20 18:50:00+00:00,165.22,-0.0094400626980722,-0.0071208257257479,0.0023192369723242998
T00726,GAP10,SOLUSDT,5m,2,breakout n=20,range,maker_both,SHORT,2025-05-20 18:50:00+00:00,165.22,-0.0094400626980722,-0.0071208257257479,0.0023192369723242998
T00733,GAP25,SOLUSDT,5m,2,breakout n=20,range,maker_both,SHORT,2025-05-25 00:45:00+00:00,173.4,0.0059109114991925,-0.0071208257257479,-0.013031737224940401
T00740,GAP50,SOLUSDT,5m,2,breakout n=20,range,maker_both,SHORT,2025-05-28 09:30:00+00:00,173.12,-0.0055231951739072,-0.0071208257257479,-0.0015976305518407
T00750,B1_ALL,SOLUSDT,5m,2,breakout n=20,range,maker_both,LONG,2025-06-20 10:25:00+00:00,148.4,-0.0050344163597283,-0.003488407827385,0.0015460085323432998
T00751,B1_ALL,SOLUSDT,5m,2,breakout n=20,range,maker_both,SHORT,2025-06-20 13:50:00+00:00,146.42,0.0035236886180635,0.0041374022243229,0.0006137136062593996
T00752,B1_ALL,SOLUSDT,5m,2,breakout n=20,range,maker_both,SHORT,2025-06-20 14:35:00+00:00,145.31,0.0051893663622427,0.0053429321340959,0.00015356577185319988
T00753,B1_ALL,SOLUSDT,5m,2,breakout n=20,range,maker_both,SHORT,2025-06-20 15:00:00+00:00,143.91,0.0063948529156662,0.0064323989540707,3.754603840449948e-05
T00742,GAP50,SOLUSDT,5m,2,breakout n=20,range,maker_both,SHORT,2025-05-28 13:50:00+00:00,172.77,0.0040766266896504,0.0064323989540707,0.0023557722644203
T00754,B1_ALL,SOLUSDT,5m,2,breakout n=20,range,maker_both,LONG,2025-06-26 14:35:00+00:00,143.23,-0.0093476090153012,-0.0093632431967926,-1.5634181491400514e-05
T00746,GAP50,SOLUSDT,5m,2,breakout n=20,range,maker_both,LONG,2025-06-09 09:30:00+00:00,151.95,0.0029768320234827,-0.0093632431967926,-0.0123400752202753
T00755,B1_ALL,SOLUSDT,5m,2,breakout n=20,range,maker_both,SHORT,2025-06-26 21:15:00+00:00,141.48,0.0058308160315511,0.0058556990178103,2.4882986259199685e-05
T00734,GAP25,SOLUSDT,5m,2,breakout n=20,range,maker_both,SHORT,2025-05-27 01:05:00+00:00,173.13,0.0034310841629886,0.0058556990178103,0.0024246148548217
T00743,GAP50,SOLUSDT,5m,2,breakout n=20,range,maker_both,SHORT,2025-06-03 03:10:00+00:00,158.95,-0.0026675552889688,0.0058556990178103,0.0085232543067791
T00756,B1_ALL,SOLUSDT,5m,2,breakout n=20,range,maker_both,LONG,2025-06-28 02:00:00+00:00,142.54,0.0027931385271177,0.0031571226763059,0.0003639841491881999
T00738,GAP0,SOLUSDT,5m,2,breakout n=20,range,maker_both,LONG,2025-05-27 13:10:00+00:00,177.5,0.0034013831067366,0.0031571226763059,-0.00024426043043070025
T00738,GAP10,SOLUSDT,5m,2,breakout n=20,range,maker_both,LONG,2025-05-27 13:10:00+00:00,177.5,0.0034013831067366,0.0031571226763059,-0.00024426043043070025
T00741,GAP25,SOLUSDT,5m,2,breakout n=20,range,maker_both,LONG,2025-05-28 10:50:00+00:00,174.07,0.0027015238226703,0.0031571226763059,0.0004555988536355999
T00747,GAP50,SOLUSDT,5m,2,breakout n=20,range,maker_both,LONG,2025-06-09 09:45:00+00:00,153.58,0.0038627561390282,0.0031571226763059,-0.0007056334627223004
T00757,B1_ALL,SOLUSDT,5m,2,breakout n=20,range,maker_both,LONG,2025-06-28 07:25:00+00:00,145.17,0.0018432384815759,0.0018527720939242,9.533612348300042e-06
T00739,GAP0,SOLUSDT,5m,2,breakout n=20,range,maker_both,LONG,2025-05-27 13:20:00+00:00,178.81,-0.007468841379684,0.0018527720939242,0.0093216134736082
T00739,GAP10,SOLUSDT,5m,2,breakout n=20,range,maker_both,LONG,2025-05-27 13:20:00+00:00,178.81,-0.007468841379684,0.0018527720939242,0.0093216134736082
T00744,GAP25,SOLUSDT,5m,2,breakout n=20,range,maker_both,LONG,2025-06-08 17:05:00+00:00,152.77,0.0033022850574687,0.0018527720939242,-0.0014495129635444999
T00750,GAP50,SOLUSDT,5m,2,breakout n=20,range,maker_both,LONG,2025-06-20 10:25:00+00:00,148.4,-0.0050344163597283,0.0018527720939242,0.0068871884536525
T00758,B1_ALL,SOLUSDT,5m,2,breakout n=20,range,maker_both,LONG,2025-06-28 07:50:00+00:00,145.78,0.0020620633764015,0.0021690385676774,0.0001069751912759001
T00741,GAP0,SOLUSDT,5m,2,breakout n=20,range,maker_both,LONG,2025-05-28 10:50:00+00:00,174.07,0.0027015238226703,0.0021690385676774,-0.0005324852549928997
T00741,GAP10,SOLUSDT,5m,2,breakout n=20,range,maker_both,LONG,2025-05-28 10:50:00+00:00,174.07,0.0027015238226703,0.0021690385676774,-0.0005324852549928997
T00745,GAP25,SOLUSDT,5m,2,breakout n=20,range,maker_both,LONG,2025-06-08 18:15:00+00:00,153.84,0.0033374143243246,0.0021690385676774,-0.0011683757566472
T00754,GAP50,SOLUSDT,5m,2,breakout n=20,range,maker_both,LONG,2025-06-26 14:35:00+00:00,143.23,-0.0093476090153012,0.0021690385676774,0.011516647582978599
T00759,B1_ALL,SOLUSDT,5m,3,donchian n=20 vol=0.0,range,maker_both,SHORT,2025-07-01 11:15:00+00:00,148.19,-0.006363572605502,0.0031606483277374,0.009524220933239399
T00759,GAP50,SOLUSDT,5m,3,donchian n=20 vol=0.0,range,maker_both,SHORT,2025-07-01 11:15:00+00:00,148.19,-0.006363572605502,0.0031606483277374,0.009524220933239399
T00760,B1_ALL,SOLUSDT,5m,3,donchian n=20 vol=0.0,range,maker_both,SHORT,2025-07-01 13:15:00+00:00,147.6,-0.0063034971990616,0.0033859242570334,0.009689421456094999
T00761,B1_ALL,SOLUSDT,5m,3,donchian n=20 vol=0.0,range,maker_both,LONG,2025-07-01 14:10:00+00:00,148.91,-0.0080518289666094,-0.00800496575545,4.686321115940015e-05
T00761,GAP10,SOLUSDT,5m,3,donchian n=20 vol=0.0,range,maker_both,LONG,2025-07-01 14:10:00+00:00,148.91,-0.0080518289666094,-0.00800496575545,4.686321115940015e-05
T00761,GAP25,SOLUSDT,5m,3,donchian n=20 vol=0.0,range,maker_both,LONG,2025-07-01 14:10:00+00:00,148.91,-0.0080518289666094,-0.00800496575545,4.686321115940015e-05
T00761,GAP50,SOLUSDT,5m,3,donchian n=20 vol=0.0,range,maker_both,LONG,2025-07-01 14:10:00+00:00,148.91,-0.0080518289666094,-0.00800496575545,4.686321115940015e-05
T00762,B1_ALL,SOLUSDT,5m,3,donchian n=20 vol=0.0,range,maker_both,LONG,2025-07-04 04:10:00+00:00,152.05,-0.0053845465757207,-0.0053716650754968,1.2881500223899806e-05
T00761,GAP0,SOLUSDT,5m,3,donchian n=20 vol=0.0,range,maker_both,LONG,2025-07-01 14:10:00+00:00,148.91,-0.0080518289666094,-0.0053716650754968,0.0026801638911126005
T00762,GAP10,SOLUSDT,5m,3,donchian n=20 vol=0.0,range,maker_both,LONG,2025-07-04 04:10:00+00:00,152.05,-0.0053845465757207,-0.0053716650754968,1.2881500223899806e-05
T00762,GAP25,SOLUSDT,5m,3,donchian n=20 vol=0.0,range,maker_both,LONG,2025-07-04 04:10:00+00:00,152.05,-0.0053845465757207,-0.0053716650754968,1.2881500223899806e-05
T00762,GAP50,SOLUSDT,5m,3,donchian n=20 vol=0.0,range,maker_both,LONG,2025-07-04 04:10:00+00:00,152.05,-0.0053845465757207,-0.0053716650754968,1.2881500223899806e-05
T00763,B1_ALL,SOLUSDT,5m,3,donchian n=20 vol=0.0,range,maker_both,LONG,2025-07-04 05:10:00+00:00,152.55,0.0027401944034838,0.0028881956800933,0.0001480012766095001
T00762,GAP0,SOLUSDT,5m,3,donchian n=20 vol=0.0,range,maker_both,LONG,2025-07-04 04:10:00+00:00,152.05,-0.0053845465757207,0.0028881956800933,0.008272742255814
T00763,GAP10,SOLUSDT,5m,3,donchian n=20 vol=0.0,range,maker_both,LONG,2025-07-04 05:10:00+00:00,152.55,0.0027401944034838,0.0028881956800933,0.0001480012766095001
T00763,GAP25,SOLUSDT,5m,3,donchian n=20 vol=0.0,range,maker_both,LONG,2025-07-04 05:10:00+00:00,152.55,0.0027401944034838,0.0028881956800933,0.0001480012766095001
T00763,GAP50,SOLUSDT,5m,3,donchian n=20 vol=0.0,range,maker_both,LONG,2025-07-04 05:10:00+00:00,152.55,0.0027401944034838,0.0028881956800933,0.0001480012766095001
T00764,B1_ALL,SOLUSDT,5m,3,donchian n=20 vol=0.0,range,maker_both,SHORT,2025-07-04 08:10:00+00:00,149.73,-0.0074648058638899,-0.0077332312158973,-0.0002684253520073999
T00759,GAP0,SOLUSDT,5m,3,donchian n=20 vol=0.0,range,maker_both,SHORT,2025-07-01 11:15:00+00:00,148.19,-0.006363572605502,-0.0077332312158973,-0.0013696586103953004
T00759,GAP10,SOLUSDT,5m,3,donchian n=20 vol=0.0,range,maker_both,SHORT,2025-07-01 11:15:00+00:00,148.19,-0.006363572605502,-0.0077332312158973,-0.0013696586103953004
T00759,GAP25,SOLUSDT,5m,3,donchian n=20 vol=0.0,range,maker_both,SHORT,2025-07-01 11:15:00+00:00,148.19,-0.006363572605502,-0.0077332312158973,-0.0013696586103953004
T00760,GAP50,SOLUSDT,5m,3,donchian n=20 vol=0.0,range,maker_both,SHORT,2025-07-01 13:15:00+00:00,147.6,-0.0063034971990616,-0.0077332312158973,-0.0014297340168357006
T00765,B1_ALL,SOLUSDT,5m,3,donchian n=20 vol=0.0,range,maker_both,LONG,2025-07-04 09:45:00+00:00,150.83,-0.0063952444328856,-0.0062656000641676,0.00012964436871800052
T00765,GAP50,SOLUSDT,5m,3,donchian n=20 vol=0.0,range,maker_both,LONG,2025-07-04 09:45:00+00:00,150.83,-0.0063952444328856,-0.0062656000641676,0.00012964436871800052
T00766,B1_ALL,SOLUSDT,5m,3,donchian n=20 vol=0.0,range,maker_both,SHORT,2025-07-04 10:55:00+00:00,150.04,-0.0054434448130791,-0.005387633555962,5.581125711710041e-05
T00760,GAP0,SOLUSDT,5m,3,donchian n=20 vol=0.0,range,maker_both,SHORT,2025-07-01 13:15:00+00:00,147.6,-0.0063034971990616,-0.005387633555962,0.0009158636430995999
T00760,GAP10,SOLUSDT,5m,3,donchian n=20 vol=0.0,range,maker_both,SHORT,2025-07-01 13:15:00+00:00,147.6,-0.0063034971990616,-0.005387633555962,0.0009158636430995999
T00760,GAP25,SOLUSDT,5m,3,donchian n=20 vol=0.0,range,maker_both,SHORT,2025-07-01 13:15:00+00:00,147.6,-0.0063034971990616,-0.005387633555962,0.0009158636430995999
T00764,GAP50,SOLUSDT,5m,3,donchian n=20 vol=0.0,range,maker_both,SHORT,2025-07-04 08:10:00+00:00,149.73,-0.0074648058638899,-0.005387633555962,0.0020771723079279006
T00767,B1_ALL,SOLUSDT,5m,3,donchian n=20 vol=0.0,range,maker_both,SHORT,2025-07-04 13:40:00+00:00,149.51,0.003391066826126,0.0035976949435104,0.00020662811738439988
T00766,GAP50,SOLUSDT,5m,3,donchian n=20 vol=0.0,range,maker_both,SHORT,2025-07-04 10:55:00+00:00,150.04,-0.0054434448130791,0.0035976949435104,0.0090411397565895
T00768,B1_ALL,SOLUSDT,5m,3,donchian n=20 vol=0.0,range,maker_both,SHORT,2025-07-04 14:00:00+00:00,148.43,0.0047731903157565,0.0048286244952734,5.543417951689965e-05
T00764,GAP0,SOLUSDT,5m,3,donchian n=20 vol=0.0,range,maker_both,SHORT,2025-07-04 08:10:00+00:00,149.73,-0.0074648058638899,0.0048286244952734,0.0122934303591633
T00764,GAP10,SOLUSDT,5m,3,donchian n=20 vol=0.0,range,maker_both,SHORT,2025-07-04 08:10:00+00:00,149.73,-0.0074648058638899,0.0048286244952734,0.0122934303591633
T00764,GAP25,SOLUSDT,5m,3,donchian n=20 vol=0.0,range,maker_both,SHORT,2025-07-04 08:10:00+00:00,149.73,-0.0074648058638899,0.0048286244952734,0.0122934303591633
T00767,GAP50,SOLUSDT,5m,3,donchian n=20 vol=0.0,range,maker_both,SHORT,2025-07-04 13:40:00+00:00,149.51,0.003391066826126,0.0048286244952734,0.0014375576691473997
T00769,B1_ALL,SOLUSDT,5m,3,donchian n=20 vol=0.0,range,maker_both,LONG,2025-07-06 16:45:00+00:00,151.99,0.0040739471094662,0.0039915636609629,-8.238344850329971e-05
T00763,GAP0,SOLUSDT,5m,3,donchian n=20 vol=0.0,range,maker_both,LONG,2025-07-04 05:10:00+00:00,152.55,0.0027401944034838,0.0039915636609629,0.0012513692574791001
T00765,GAP10,SOLUSDT,5m,3,donchian n=20 vol=0.0,range,maker_both,LONG,2025-07-04 09:45:00+00:00,150.83,-0.0063952444328856,0.0039915636609629,0.0103868080938485
T00765,GAP25,SOLUSDT,5m,3,donchian n=20 vol=0.0,range,maker_both,LONG,2025-07-04 09:45:00+00:00,150.83,-0.0063952444328856,0.0039915636609629,0.0103868080938485
T00769,GAP50,SOLUSDT,5m,3,donchian n=20 vol=0.0,range,maker_both,LONG,2025-07-06 16:45:00+00:00,151.99,0.0040739471094662,0.0039915636609629,-8.238344850329971e-05
T00770,B1_ALL,SOLUSDT,5m,3,donchian n=20 vol=0.0,range,maker_both,SHORT,2025-07-07 22:30:00+00:00,147.68,-0.0066806299457914,-0.0065422191426354,0.00013841080315599944
T00771,B1_ALL,SOLUSDT,5m,3,donchian n=20 vol=0.0,range,maker_both,LONG,2025-07-08 00:05:00+00:00,148.87,0.0019068244390213,0.0019145809106752,7.756471653900003e-06
T00765,GAP0,SOLUSDT,5m,3,donchian n=20 vol=0.0,range,maker_both,LONG,2025-07-04 09:45:00+00:00,150.83,-0.0063952444328856,0.0019145809106752,0.008309825343560801
T00769,GAP10,SOLUSDT,5m,3,donchian n=20 vol=0.0,range,maker_both,LONG,2025-07-06 16:45:00+00:00,151.99,0.0040739471094662,0.0019145809106752,-0.0021593661987909995
T00769,GAP25,SOLUSDT,5m,3,donchian n=20 vol=0.0,range,maker_both,LONG,2025-07-06 16:45:00+00:00,151.99,0.0040739471094662,0.0019145809106752,-0.0021593661987909995
T00771,GAP50,SOLUSDT,5m,3,donchian n=20 vol=0.0,range,maker_both,LONG,2025-07-08 00:05:00+00:00,148.87,0.0019068244390213,0.0019145809106752,7.756471653900003e-06
T00772,B1_ALL,SOLUSDT,5m,3,donchian n=20 vol=0.0,range,maker_both,SHORT,2025-07-08 02:50:00+00:00,147.83,-0.0070943148374719,-0.0070409201625921,5.3394674879799625e-05
T00768,GAP50,SOLUSDT,5m,3,donchian n=20 vol=0.0,range,maker_both,SHORT,2025-07-04 14:00:00+00:00,148.43,0.0047731903157565,-0.0070409201625921,-0.0118141104783486
T00773,B1_ALL,SOLUSDT,5m,3,donchian n=20 vol=0.0,range,maker_both,LONG,2025-07-08 05:30:00+00:00,149.03,0.0017335036150153,0.0017295749000684,-3.928714946899907e-06
T00774,B1_ALL,SOLUSDT,5m,3,donchian n=20 vol=0.0,range,maker_both,LONG,2025-07-08 08:10:00+00:00,149.9,0.0016843878809066,-0.0051019425320788,-0.0067863304129854
T00769,GAP0,SOLUSDT,5m,3,donchian n=20 vol=0.0,range,maker_both,LONG,2025-07-06 16:45:00+00:00,151.99,0.0040739471094662,-0.0051019425320788,-0.009175889641545
T00771,GAP10,SOLUSDT,5m,3,donchian n=20 vol=0.0,range,maker_both,LONG,2025-07-08 00:05:00+00:00,148.87,0.0019068244390213,-0.0051019425320788,-0.0070087669711001
T00771,GAP25,SOLUSDT,5m,3,donchian n=20 vol=0.0,range,maker_both,LONG,2025-07-08 00:05:00+00:00,148.87,0.0019068244390213,-0.0051019425320788,-0.0070087669711001
T00773,GAP50,SOLUSDT,5m,3,donchian n=20 vol=0.0,range,maker_both,LONG,2025-07-08 05:30:00+00:00,149.03,0.0017335036150153,-0.0051019425320788,-0.0068354461470941
T00775,B1_ALL,SOLUSDT,5m,3,donchian n=20 vol=0.0,range,maker_both,LONG,2025-07-08 10:25:00+00:00,150.96,0.0021501612120665,0.0020552049470955,-9.495626497100021e-05
T00774,GAP50,SOLUSDT,5m,3,donchian n=20 vol=0.0,range,maker_both,LONG,2025-07-08 08:10:00+00:00,149.9,0.0016843878809066,0.0020552049470955,0.0003708170661888999
T00776,B1_ALL,SOLUSDT,5m,3,donchian n=20 vol=0.0,range,maker_both,LONG,2025-07-08 12:10:00+00:00,151.66,0.001914296245023,0.001877744312018,-3.655193300499998e-05
T00771,GAP0,SOLUSDT,5m,3,donchian n=20 vol=0.0,range,maker_both,LONG,2025-07-08 00:05:00+00:00,148.87,0.0019068244390213,0.001877744312018,-2.9080127003300142e-05
T00773,GAP10,SOLUSDT,5m,3,donchian n=20 vol=0.0,range,maker_both,LONG,2025-07-08 05:30:00+00:00,149.03,0.0017335036150153,0.001877744312018,0.00014424069700270004
T00773,GAP25,SOLUSDT,5m,3,donchian n=20 vol=0.0,range,maker_both,LONG,2025-07-08 05:30:00+00:00,149.03,0.0017335036150153,0.001877744312018,0.00014424069700270004
T00775,GAP50,SOLUSDT,5m,3,donchian n=20 vol=0.0,range,maker_both,LONG,2025-07-08 10:25:00+00:00,150.96,0.0021501612120665,0.001877744312018,-0.0002724169000485001
T00777,B1_ALL,SOLUSDT,5m,3,donchian n=20 vol=0.0,range,maker_both,LONG,2025-07-08 13:00:00+00:00,152.34,-0.0056606201704645,-0.0057666443175703,-0.00010602414710580033
T00776,GAP50,SOLUSDT,5m,3,donchian n=20 vol=0.0,range,maker_both,LONG,2025-07-08 12:10:00+00:00,151.66,0.001914296245023,-0.0057666443175703,-0.007680940562593301
T00778,B1_ALL,SOLUSDT,5m,3,donchian n=20 vol=0.0,range,maker_both,SHORT,2025-07-08 14:25:00+00:00,150.9,0.0038489244875935,0.003790806669408,-5.8117818185500145e-05
T00779,B1_ALL,SOLUSDT,5m,3,donchian n=20 vol=0.0,range,maker_both,SHORT,2025-07-08 16:00:00+00:00,149.79,-0.0064750021187226,0.003343750876657,0.0098187529953796
T00780,B1_ALL,SOLUSDT,5m,3,donchian n=20 vol=0.0,range,maker_both,LONG,2025-07-08 17:10:00+00:00,151.03,0.0033410590821668,0.0036813924384931,0.0003403333563263
T00773,GAP0,SOLUSDT,5m,3,donchian n=20 vol=0.0,range,maker_both,LONG,2025-07-08 05:30:00+00:00,149.03,0.0017335036150153,0.0036813924384931,0.0019478888234777999
T00774,GAP10,SOLUSDT,5m,3,donchian n=20 vol=0.0,range,maker_both,LONG,2025-07-08 08:10:00+00:00,149.9,0.0016843878809066,0.0036813924384931,0.0019970045575864997
T00774,GAP25,SOLUSDT,5m,3,donchian n=20 vol=0.0,range,maker_both,LONG,2025-07-08 08:10:00+00:00,149.9,0.0016843878809066,0.0036813924384931,0.0019970045575864997
T00777,GAP50,SOLUSDT,5m,3,donchian n=20 vol=0.0,range,maker_both,LONG,2025-07-08 13:00:00+00:00,152.34,-0.0056606201704645,0.0036813924384931,0.0093420126089576
T00781,B1_ALL,SOLUSDT,5m,3,donchian n=20 vol=0.0,range,maker_both,LONG,2025-07-08 17:55:00+00:00,152.08,-0.0068405797695746,0.0035043182248902,0.0103448979944648
T00775,GAP25,SOLUSDT,5m,3,donchian n=20 vol=0.0,range,maker_both,LONG,2025-07-08 10:25:00+00:00,150.96,0.0021501612120665,0.0035043182248902,0.0013541570128237
T00780,GAP50,SOLUSDT,5m,3,donchian n=20 vol=0.0,range,maker_both,LONG,2025-07-08 17:10:00+00:00,151.03,0.0033410590821668,0.0035043182248902,0.00016325914272340017
T00782,B1_ALL,SOLUSDT,5m,3,donchian n=20 vol=0.0,range,maker_both,LONG,2025-07-08 22:50:00+00:00,151.32,-0.0004770469202878,0.0019483143977255,0.0024253613180132997
T00776,GAP25,SOLUSDT,5m,3,donchian n=20 vol=0.0,range,maker_both,LONG,2025-07-08 12:10:00+00:00,151.66,0.001914296245023,0.0019483143977255,3.4018152702499976e-05
T00781,GAP50,SOLUSDT,5m,3,donchian n=20 vol=0.0,range,maker_both,LONG,2025-07-08 17:55:00+00:00,152.08,-0.0068405797695746,0.0019483143977255,0.0087888941673001
T00783,B1_ALL,SOLUSDT,5m,3,donchian n=20 vol=0.0,range,maker_both,LONG,2025-07-12 17:40:00+00:00,160.08,0.0012720195435621,0.0010847256567657,-0.00018729388679640004
T00774,GAP0,SOLUSDT,5m,3,donchian n=20 vol=0.0,range,maker_both,LONG,2025-07-08 08:10:00+00:00,149.9,0.0016843878809066,0.0010847256567657,-0.0005996622241409
T00775,GAP10,SOLUSDT,5m,3,donchian n=20 vol=0.0,range,maker_both,LONG,2025-07-08 10:25:00+00:00,150.96,0.0021501612120665,0.0010847256567657,-0.0010654355553008001
T00777,GAP25,SOLUSDT,5m,3,donchian n=20 vol=0.0,range,maker_both,LONG,2025-07-08 13:00:00+00:00,152.34,-0.0056606201704645,0.0010847256567657,0.0067453458272302
T00782,GAP50,SOLUSDT,5m,3,donchian n=20 vol=0.0,range,maker_both,LONG,2025-07-08 22:50:00+00:00,151.32,-0.0004770469202878,0.0010847256567657,0.0015617725770535
T00784,B1_ALL,SOLUSDT,5m,3,donchian n=20 vol=0.0,range,maker_both,LONG,2025-07-12 22:00:00+00:00,160.52,-0.0060049398482595,-0.0060354567508966,-3.051690263710001e-05
T00785,B1_ALL,SOLUSDT,5m,3,donchian n=20 vol=0.0,range,maker_both,SHORT,2025-07-15 01:05:00+00:00,160.93,-0.0062742473803694,-0.0064090379009779,-0.00013479052060849997
T00766,GAP0,SOLUSDT,5m,3,donchian n=20 vol=0.0,range,maker_both,SHORT,2025-07-04 10:55:00+00:00,150.04,-0.0054434448130791,-0.0064090379009779,-0.0009655930878988
T00766,GAP10,SOLUSDT,5m,3,donchian n=20 vol=0.0,range,maker_both,SHORT,2025-07-04 10:55:00+00:00,150.04,-0.0054434448130791,-0.0064090379009779,-0.0009655930878988
T00766,GAP25,SOLUSDT,5m,3,donchian n=20 vol=0.0,range,maker_both,SHORT,2025-07-04 10:55:00+00:00,150.04,-0.0054434448130791,-0.0064090379009779,-0.0009655930878988
T00770,GAP50,SOLUSDT,5m,3,donchian n=20 vol=0.0,range,maker_both,SHORT,2025-07-07 22:30:00+00:00,147.68,-0.0066806299457914,-0.0064090379009779,0.00027159204481349945
T00786,B1_ALL,SOLUSDT,5m,3,donchian n=20 vol=0.0,range,maker_both,SHORT,2025-07-15 02:20:00+00:00,160.2,0.0059161214264481,0.0058818432826751,-3.4278143773000015e-05
T00767,GAP0,SOLUSDT,5m,3,donchian n=20 vol=0.0,range,maker_both,SHORT,2025-07-04 13:40:00+00:00,149.51,0.003391066826126,0.0058818432826751,0.0024907764565491
T00767,GAP10,SOLUSDT,5m,3,donchian n=20 vol=0.0,range,maker_both,SHORT,2025-07-04 13:40:00+00:00,149.51,0.003391066826126,0.0058818432826751,0.0024907764565491
T00767,GAP25,SOLUSDT,5m,3,donchian n=20 vol=0.0,range,maker_both,SHORT,2025-07-04 13:40:00+00:00,149.51,0.003391066826126,0.0058818432826751,0.0024907764565491
T00772,GAP50,SOLUSDT,5m,3,donchian n=20 vol=0.0,range,maker_both,SHORT,2025-07-08 02:50:00+00:00,147.83,-0.0070943148374719,0.0058818432826751,0.012976158120147
T00787,B1_ALL,SOLUSDT,5m,3,donchian n=20 vol=0.0,range,maker_both,SHORT,2025-07-15 03:20:00+00:00,158.37,-0.0100177886997022,-0.0090194108839528,0.0009983778157494003
T00788,B1_ALL,SOLUSDT,5m,3,donchian n=20 vol=0.0,range,maker_both,LONG,2025-07-15 05:05:00+00:00,160.26,-4.079069552564898e-05,-0.0016621501138531,-0.001621359418327451
T00775,GAP0,SOLUSDT,5m,3,donchian n=20 vol=0.0,range,maker_both,LONG,2025-07-08 10:25:00+00:00,150.96,0.0021501612120665,-0.0016621501138531,-0.0038123113259196
T00776,GAP10,SOLUSDT,5m,3,donchian n=20 vol=0.0,range,maker_both,LONG,2025-07-08 12:10:00+00:00,151.66,0.001914296245023,-0.0016621501138531,-0.0035764463588761
T00780,GAP25,SOLUSDT,5m,3,donchian n=20 vol=0.0,range,maker_both,LONG,2025-07-08 17:10:00+00:00,151.03,0.0033410590821668,-0.0016621501138531,-0.0050032091960199
T00783,GAP50,SOLUSDT,5m,3,donchian n=20 vol=0.0,range,maker_both,LONG,2025-07-12 17:40:00+00:00,160.08,0.0012720195435621,-0.0016621501138531,-0.0029341696574152
T00789,B1_ALL,SOLUSDT,5m,3,donchian n=20 vol=0.0,range,maker_both,LONG,2025-07-16 05:10:00+00:00,162.98,0.0026353358908904,0.002702380104142,6.704421325160002e-05
T00776,GAP0,SOLUSDT,5m,3,donchian n=20 vol=0.0,range,maker_both,LONG,2025-07-08 12:10:00+00:00,151.66,0.001914296245023,0.002702380104142,0.0007880838591190001
T00777,GAP10,SOLUSDT,5m,3,donchian n=20 vol=0.0,range,maker_both,LONG,2025-07-08 13:00:00+00:00,152.34,-0.0056606201704645,0.002702380104142,0.0083630002746065
T00781,GAP25,SOLUSDT,5m,3,donchian n=20 vol=0.0,range,maker_both,LONG,2025-07-08 17:55:00+00:00,152.08,-0.0068405797695746,0.002702380104142,0.0095429598737166
T00784,GAP50,SOLUSDT,5m,3,donchian n=20 vol=0.0,range,maker_both,LONG,2025-07-12 22:00:00+00:00,160.52,-0.0060049398482595,0.002702380104142,0.0087073199524015
T00790,B1_ALL,SOLUSDT,5m,3,donchian n=20 vol=0.0,range,maker_both,LONG,2025-07-26 08:20:00+00:00,186.96,0.0015640794176158,0.0015917972402846,2.7717822668800072e-05
T00788,GAP50,SOLUSDT,5m,3,donchian n=20 vol=0.0,range,maker_both,LONG,2025-07-15 05:05:00+00:00,160.26,-4.079069552564898e-05,0.0015917972402846,0.001632587935810249
T00791,B1_ALL,SOLUSDT,5m,3,donchian n=20 vol=0.0,range,maker_both,LONG,2025-07-26 08:55:00+00:00,187.77,0.0016808775566482,0.0017243319032772,4.345434662899987e-05
T00777,GAP0,SOLUSDT,5m,3,donchian n=20 vol=0.0,range,maker_both,LONG,2025-07-08 13:00:00+00:00,152.34,-0.0056606201704645,0.0017243319032772,0.0073849520737417
T00780,GAP10,SOLUSDT,5m,3,donchian n=20 vol=0.0,range,maker_both,LONG,2025-07-08 17:10:00+00:00,151.03,0.0033410590821668,0.0017243319032772,-0.0016167271788895998
T00782,GAP25,SOLUSDT,5m,3,donchian n=20 vol=0.0,range,maker_both,LONG,2025-07-08 22:50:00+00:00,151.32,-0.0004770469202878,0.0017243319032772,0.002201378823565
T00789,GAP50,SOLUSDT,5m,3,donchian n=20 vol=0.0,range,maker_both,LONG,2025-07-16 05:10:00+00:00,162.98,0.0026353358908904,0.0017243319032772,-0.0009110039876132001
T00792,B1_ALL,SOLUSDT,5m,3,donchian n=20 vol=0.0,range,maker_both,LONG,2025-07-26 21:55:00+00:00,186.25,-0.0044945002721932,-0.0044629696894477,3.1530582745499525e-05
T00780,GAP0,SOLUSDT,5m,3,donchian n=20 vol=0.0,range,maker_both,LONG,2025-07-08 17:10:00+00:00,151.03,0.0033410590821668,-0.0044629696894477,-0.0078040287716145
T00781,GAP10,SOLUSDT,5m,3,donchian n=20 vol=0.0,range,maker_both,LONG,2025-07-08 17:55:00+00:00,152.08,-0.0068405797695746,-0.0044629696894477,0.0023776100801268995
T00783,GAP25,SOLUSDT,5m,3,donchian n=20 vol=0.0,range,maker_both,LONG,2025-07-12 17:40:00+00:00,160.08,0.0012720195435621,-0.0044629696894477,-0.0057349892330098
T00790,GAP50,SOLUSDT,5m,3,donchian n=20 vol=0.0,range,maker_both,LONG,2025-07-26 08:20:00+00:00,186.96,0.0015640794176158,-0.0044629696894477,-0.0060270491070635
T00793,B1_ALL,SOLUSDT,5m,3,donchian n=20 vol=0.0,range,maker_both,SHORT,2025-07-26 22:35:00+00:00,185.3,0.0027659853403266,0.0027067029092612,-5.92824310654003e-05
T00778,GAP50,SOLUSDT,5m,3,donchian n=20 vol=0.0,range,maker_both,SHORT,2025-07-08 14:25:00+00:00,150.9,0.0038489244875935,0.0027067029092612,-0.0011422215783323001
T00794,B1_ALL,SOLUSDT,5m,3,donchian n=20 vol=0.0,range,maker_both,LONG,2025-07-27 01:10:00+00:00,185.77,0.0026170771040513,0.0025812576678884,-3.5819436162899936e-05
T00781,GAP0,SOLUSDT,5m,3,donchian n=20 vol=0.0,range,maker_both,LONG,2025-07-08 17:55:00+00:00,152.08,-0.0068405797695746,0.0025812576678884,0.009421837437462999
T00782,GAP10,SOLUSDT,5m,3,donchian n=20 vol=0.0,range,maker_both,LONG,2025-07-08 22:50:00+00:00,151.32,-0.0004770469202878,0.0025812576678884,0.0030583045881762
T00784,GAP25,SOLUSDT,5m,3,donchian n=20 vol=0.0,range,maker_both,LONG,2025-07-12 22:00:00+00:00,160.52,-0.0060049398482595,0.0025812576678884,0.008586197516147899
T00791,GAP50,SOLUSDT,5m,3,donchian n=20 vol=0.0,range,maker_both,LONG,2025-07-26 08:55:00+00:00,187.77,0.0016808775566482,0.0025812576678884,0.0009003801112401999
T00795,B1_ALL,SOLUSDT,5m,3,donchian n=20 vol=0.0,range,maker_both,LONG,2025-07-27 02:55:00+00:00,187.08,-0.0052870601757347,-0.0052299323736173,5.712780211739998e-05
T00783,GAP10,SOLUSDT,5m,3,donchian n=20 vol=0.0,range,maker_both,LONG,2025-07-12 17:40:00+00:00,160.08,0.0012720195435621,-0.0052299323736173,-0.0065019519171794
T00788,GAP25,SOLUSDT,5m,3,donchian n=20 vol=0.0,range,maker_both,LONG,2025-07-15 05:05:00+00:00,160.26,-4.079069552564898e-05,-0.0052299323736173,-0.005189141678091651
T00792,GAP50,SOLUSDT,5m,3,donchian n=20 vol=0.0,range,maker_both,LONG,2025-07-26 21:55:00+00:00,186.25,-0.0044945002721932,-0.0052299323736173,-0.0007354321014241003
T00796,B1_ALL,SOLUSDT,5m,3,donchian n=20 vol=0.0,range,maker_both,LONG,2025-07-27 05:15:00+00:00,187.58,0.0018056713222643,-0.0050025375947112,-0.0068082089169755
T00782,GAP0,SOLUSDT,5m,3,donchian n=20 vol=0.0,range,maker_both,LONG,2025-07-08 22:50:00+00:00,151.32,-0.0004770469202878,-0.0050025375947112,-0.0045254906744234
T00784,GAP10,SOLUSDT,5m,3,donchian n=20 vol=0.0,range,maker_both,LONG,2025-07-12 22:00:00+00:00,160.52,-0.0060049398482595,-0.0050025375947112,0.0010024022535482999
T00789,GAP25,SOLUSDT,5m,3,donchian n=20 vol=0.0,range,maker_both,LONG,2025-07-16 05:10:00+00:00,162.98,0.0026353358908904,-0.0050025375947112,-0.0076378734856016005
T00794,GAP50,SOLUSDT,5m,3,donchian n=20 vol=0.0,range,maker_both,LONG,2025-07-27 01:10:00+00:00,185.77,0.0026170771040513,-0.0050025375947112,-0.0076196146987624995
T00797,B1_ALL,SOLUSDT,5m,3,donchian n=20 vol=0.0,range,maker_both,LONG,2025-07-27 10:45:00+00:00,187.73,0.0018847440732906,-0.0052689628943094,-0.0071537069676
T00783,GAP0,SOLUSDT,5m,3,donchian n=20 vol=0.0,range,maker_both,LONG,2025-07-12 17:40:00+00:00,160.08,0.0012720195435621,-0.0052689628943094,-0.0065409824378715
T00788,GAP10,SOLUSDT,5m,3,donchian n=20 vol=0.0,range,maker_both,LONG,2025-07-15 05:05:00+00:00,160.26,-4.079069552564898e-05,-0.0052689628943094,-0.005228172198783751
T00790,GAP25,SOLUSDT,5m,3,donchian n=20 vol=0.0,range,maker_both,LONG,2025-07-26 08:20:00+00:00,186.96,0.0015640794176158,-0.0052689628943094,-0.0068330423119252
T00795,GAP50,SOLUSDT,5m,3,donchian n=20 vol=0.0,range,maker_both,LONG,2025-07-27 02:55:00+00:00,187.08,-0.0052870601757347,-0.0052689628943094,1.8097281425299636e-05
T00798,B1_ALL,SOLUSDT,5m,3,donchian n=20 vol=0.0,range,maker_both,SHORT,2025-07-27 14:50:00+00:00,185.37,-0.0069229474949029,-0.007046806374412,-0.00012385887950909936
T00799,B1_ALL,SOLUSDT,5m,3,donchian n=20 vol=0.0,range,maker_both,LONG,2025-07-27 16:05:00+00:00,187.19,0.0036788470780463,0.0035543193471953,-0.0001245277308510001
T00789,GAP10,SOLUSDT,5m,3,donchian n=20 vol=0.0,range,maker_both,LONG,2025-07-16 05:10:00+00:00,162.98,0.0026353358908904,0.0035543193471953,0.0009189834563049001
T00791,GAP25,SOLUSDT,5m,3,donchian n=20 vol=0.0,range,maker_both,LONG,2025-07-26 08:55:00+00:00,187.77,0.0016808775566482,0.0035543193471953,0.0018734417905471
T00796,GAP50,SOLUSDT,5m,3,donchian n=20 vol=0.0,range,maker_both,LONG,2025-07-27 05:15:00+00:00,187.58,0.0018056713222643,0.0035543193471953,0.0017486480249310002
T00800,B1_ALL,SOLUSDT,5m,3,donchian n=20 vol=0.0,range,maker_both,LONG,2025-07-27 16:25:00+00:00,188.21,0.003921186156279,0.0039839226455803,6.273648930129987e-05
T00784,GAP0,SOLUSDT,5m,3,donchian n=20 vol=0.0,range,maker_both,LONG,2025-07-12 22:00:00+00:00,160.52,-0.0060049398482595,0.0039839226455803,0.0099888624938398
T00790,GAP10,SOLUSDT,5m,3,donchian n=20 vol=0.0,range,maker_both,LONG,2025-07-26 08:20:00+00:00,186.96,0.0015640794176158,0.0039839226455803,0.0024198432279645002
T00792,GAP25,SOLUSDT,5m,3,donchian n=20 vol=0.0,range,maker_both,LONG,2025-07-26 21:55:00+00:00,186.25,-0.0044945002721932,0.0039839226455803,0.008478422917773499
T00797,GAP50,SOLUSDT,5m,3,donchian n=20 vol=0.0,range,maker_both,LONG,2025-07-27 10:45:00+00:00,187.73,0.0018847440732906,0.0039839226455803,0.0020991785722897
T00801,B1_ALL,SOLUSDT,5m,3,donchian n=20 vol=0.0,range,maker_both,SHORT,2025-07-28 20:30:00+00:00,182.78,-0.0102690806506478,0.0028252053409888,0.0130942859916366
T00802,B1_ALL,SOLUSDT,5m,3,donchian n=20 vol=0.0,range,maker_both,SHORT,2025-07-28 22:35:00+00:00,182.94,-0.0090049413123149,-0.0089246896874486,8.0251624866301e-05
T00768,GAP10,SOLUSDT,5m,3,donchian n=20 vol=0.0,range,maker_both,SHORT,2025-07-04 14:00:00+00:00,148.43,0.0047731903157565,-0.0089246896874486,-0.013697880003205098
T00768,GAP25,SOLUSDT,5m,3,donchian n=20 vol=0.0,range,maker_both,SHORT,2025-07-04 14:00:00+00:00,148.43,0.0047731903157565,-0.0089246896874486,-0.013697880003205098
T00779,GAP50,SOLUSDT,5m,3,donchian n=20 vol=0.0,range,maker_both,SHORT,2025-07-08 16:00:00+00:00,149.79,-0.0064750021187226,-0.0089246896874486,-0.0024496875687259993
T00803,B1_ALL,SOLUSDT,5m,3,donchian n=20 vol=0.0,range,maker_both,LONG,2025-08-04 17:05:00+00:00,168.36,0.0057846357003269,-0.0094339473415365,-0.0152185830418634
T00788,GAP0,SOLUSDT,5m,3,donchian n=20 vol=0.0,range,maker_both,LONG,2025-07-15 05:05:00+00:00,160.26,-4.079069552564898e-05,-0.0094339473415365,-0.009393156646010852
T00791,GAP10,SOLUSDT,5m,3,donchian n=20 vol=0.0,range,maker_both,LONG,2025-07-26 08:55:00+00:00,187.77,0.0016808775566482,-0.0094339473415365,-0.0111148248981847
T00794,GAP25,SOLUSDT,5m,3,donchian n=20 vol=0.0,range,maker_both,LONG,2025-07-27 01:10:00+00:00,185.77,0.0026170771040513,-0.0094339473415365,-0.0120510244455878
T00799,GAP50,SOLUSDT,5m,3,donchian n=20 vol=0.0,range,maker_both,LONG,2025-07-27 16:05:00+00:00,187.19,0.0036788470780463,-0.0094339473415365,-0.0131127944195828
T00804,B1_ALL,SOLUSDT,5m,3,donchian n=20 vol=0.0,range,maker_both,LONG,2025-08-06 16:00:00+00:00,168.96,-0.0106291145096319,-0.0104147989476341,0.00021431556199779864
T00789,GAP0,SOLUSDT,5m,3,donchian n=20 vol=0.0,range,maker_both,LONG,2025-07-16 05:10:00+00:00,162.98,0.0026353358908904,-0.0104147989476341,-0.013050134838524501
T00792,GAP10,SOLUSDT,5m,3,donchian n=20 vol=0.0,range,maker_both,LONG,2025-07-26 21:55:00+00:00,186.25,-0.0044945002721932,-0.0104147989476341,-0.005920298675440901
T00795,GAP25,SOLUSDT,5m,3,donchian n=20 vol=0.0,range,maker_both,LONG,2025-07-27 02:55:00+00:00,187.08,-0.0052870601757347,-0.0104147989476341,-0.005127738771899401
T00800,GAP50,SOLUSDT,5m,3,donchian n=20 vol=0.0,range,maker_both,LONG,2025-07-27 16:25:00+00:00,188.21,0.003921186156279,-0.0104147989476341,-0.014335985103913101
T00805,B1_ALL,SOLUSDT,5m,3,donchian n=20 vol=0.0,range,maker_both,LONG,2025-08-06 18:00:00+00:00,169.08,-0.0073722938634764,-0.0076337059932409,-0.0002614121297645003
T00790,GAP0,SOLUSDT,5m,3,donchian n=20 vol=0.0,range,maker_both,LONG,2025-07-26 08:20:00+00:00,186.96,0.0015640794176158,-0.0076337059932409,-0.0091977854108567
T00794,GAP10,SOLUSDT,5m,3,donchian n=20 vol=0.0,range,maker_both,LONG,2025-07-27 01:10:00+00:00,185.77,0.0026170771040513,-0.0076337059932409,-0.0102507830972922
T00796,GAP25,SOLUSDT,5m,3,donchian n=20 vol=0.0,range,maker_both,LONG,2025-07-27 05:15:00+00:00,187.58,0.0018056713222643,-0.0076337059932409,-0.0094393773155052
T00803,GAP50,SOLUSDT,5m,3,donchian n=20 vol=0.0,range,maker_both,LONG,2025-08-04 17:05:00+00:00,168.36,0.0057846357003269,-0.0076337059932409,-0.0134183416935678
T00806,B1_ALL,SOLUSDT,5m,3,donchian n=20 vol=0.0,range,maker_both,SHORT,2025-08-11 17:50:00+00:00,178.2,0.0056635243426647,0.0054746574137366,-0.00018886692892810045
T00768,GAP0,SOLUSDT,5m,3,donchian n=20 vol=0.0,range,maker_both,SHORT,2025-07-04 14:00:00+00:00,148.43,0.0047731903157565,0.0054746574137366,0.0007014670979800996
T00770,GAP10,SOLUSDT,5m,3,donchian n=20 vol=0.0,range,maker_both,SHORT,2025-07-07 22:30:00+00:00,147.68,-0.0066806299457914,0.0054746574137366,0.012155287359527998
T00770,GAP25,SOLUSDT,5m,3,donchian n=20 vol=0.0,range,maker_both,SHORT,2025-07-07 22:30:00+00:00,147.68,-0.0066806299457914,0.0054746574137366,0.012155287359527998
T00785,GAP50,SOLUSDT,5m,3,donchian n=20 vol=0.0,range,maker_both,SHORT,2025-07-15 01:05:00+00:00,160.93,-0.0062742473803694,0.0054746574137366,0.011748904794106
T00807,B1_ALL,SOLUSDT,5m,3,donchian n=20 vol=0.0,range,maker_both,SHORT,2025-08-11 19:55:00+00:00,175.78,0.0054741901843619,0.0057567179174514,0.0002825277330895
T00808,B1_ALL,SOLUSDT,5m,4,vwap n=48 k=3.0,range,maker_both,LONG,2025-08-18 02:05:00+00:00,186.43,-0.0095283050688764,-0.0101475275047561,-0.0006192224358796995
T00809,B1_ALL,SOLUSDT,5m,4,vwap n=48 k=3.0,range,maker_both,LONG,2025-08-18 02:20:00+00:00,185.09,-0.0104971916058449,-0.0105714020326771,-7.42104268321997e-05
T00808,GAP50,SOLUSDT,5m,4,vwap n=48 k=3.0,range,maker_both,LONG,2025-08-18 02:05:00+00:00,186.43,-0.0095283050688764,-0.0105714020326771,-0.0010430969638006993
T00810,B1_ALL,SOLUSDT,5m,4,vwap n=48 k=3.0,range,maker_both,LONG,2025-08-18 03:00:00+00:00,183.86,-0.0110094676503489,-0.0107605363544367,0.0002489312959122001
T00808,GAP0,SOLUSDT,5m,4,vwap n=48 k=3.0,range,maker_both,LONG,2025-08-18 02:05:00+00:00,186.43,-0.0095283050688764,-0.0107605363544367,-0.0012322312855602997
T00808,GAP10,SOLUSDT,5m,4,vwap n=48 k=3.0,range,maker_both,LONG,2025-08-18 02:05:00+00:00,186.43,-0.0095283050688764,-0.0107605363544367,-0.0012322312855602997
T00808,GAP25,SOLUSDT,5m,4,vwap n=48 k=3.0,range,maker_both,LONG,2025-08-18 02:05:00+00:00,186.43,-0.0095283050688764,-0.0107605363544367,-0.0012322312855602997
T00809,GAP50,SOLUSDT,5m,4,vwap n=48 k=3.0,range,maker_both,LONG,2025-08-18 02:20:00+00:00,185.09,-0.0104971916058449,-0.0107605363544367,-0.0002633447485918001
T00811,B1_ALL,SOLUSDT,5m,4,vwap n=48 k=3.0,range,maker_both,SHORT,2025-08-20 19:50:00+00:00,186.7,-0.003469855140758,-0.0034674588119586,2.3963287994000285e-06
T00811,GAP50,SOLUSDT,5m,4,vwap n=48 k=3.0,range,maker_both,SHORT,2025-08-20 19:50:00+00:00,186.7,-0.003469855140758,-0.0034674588119586,2.3963287994000285e-06
T00812,B1_ALL,SOLUSDT,5m,4,vwap n=48 k=3.0,range,maker_both,SHORT,2025-08-20 21:55:00+00:00,187.29,-0.0024528690205953,-0.0067590439738752,-0.004306174953279901
T00811,GAP0,SOLUSDT,5m,4,vwap n=48 k=3.0,range,maker_both,SHORT,2025-08-20 19:50:00+00:00,186.7,-0.003469855140758,-0.0067590439738752,-0.0032891888331172004
T00811,GAP10,SOLUSDT,5m,4,vwap n=48 k=3.0,range,maker_both,SHORT,2025-08-20 19:50:00+00:00,186.7,-0.003469855140758,-0.0067590439738752,-0.0032891888331172004
T00811,GAP25,SOLUSDT,5m,4,vwap n=48 k=3.0,range,maker_both,SHORT,2025-08-20 19:50:00+00:00,186.7,-0.003469855140758,-0.0067590439738752,-0.0032891888331172004
T00812,GAP50,SOLUSDT,5m,4,vwap n=48 k=3.0,range,maker_both,SHORT,2025-08-20 21:55:00+00:00,187.29,-0.0024528690205953,-0.0067590439738752,-0.004306174953279901
T00813,B1_ALL,SOLUSDT,5m,4,vwap n=48 k=3.0,range,maker_both,SHORT,2025-08-22 08:20:00+00:00,184.7,0.0028867440814582,0.0028056682138298,-8.107586762840001e-05
T00812,GAP10,SOLUSDT,5m,4,vwap n=48 k=3.0,range,maker_both,SHORT,2025-08-20 21:55:00+00:00,187.29,-0.0024528690205953,0.0028056682138298,0.0052585372344251
T00812,GAP25,SOLUSDT,5m,4,vwap n=48 k=3.0,range,maker_both,SHORT,2025-08-20 21:55:00+00:00,187.29,-0.0024528690205953,0.0028056682138298,0.0052585372344251
T00813,GAP50,SOLUSDT,5m,4,vwap n=48 k=3.0,range,maker_both,SHORT,2025-08-22 08:20:00+00:00,184.7,0.0028867440814582,0.0028056682138298,-8.107586762840001e-05
T00814,B1_ALL,SOLUSDT,5m,4,vwap n=48 k=3.0,range,maker_both,LONG,2025-08-22 10:10:00+00:00,182.25,-0.0062073688197191,-0.0062439654061704,-3.65965864512997e-05
T00810,GAP50,SOLUSDT,5m,4,vwap n=48 k=3.0,range,maker_both,LONG,2025-08-18 03:00:00+00:00,183.86,-0.0110094676503489,-0.0062439654061704,0.0047655022441785
T00815,B1_ALL,SOLUSDT,5m,4,vwap n=48 k=3.0,range,maker_both,LONG,2025-08-22 10:40:00+00:00,181.28,-0.0062808669880998,-0.0061377772627501,0.00014308972534970033
T00809,GAP25,SOLUSDT,5m,4,vwap n=48 k=3.0,range,maker_both,LONG,2025-08-18 02:20:00+00:00,185.09,-0.0104971916058449,-0.0061377772627501,0.0043594143430948
T00814,GAP50,SOLUSDT,5m,4,vwap n=48 k=3.0,range,maker_both,LONG,2025-08-22 10:10:00+00:00,182.25,-0.0062073688197191,-0.0061377772627501,6.959155696900036e-05
T00816,B1_ALL,SOLUSDT,5m,4,vwap n=48 k=3.0,range,maker_both,LONG,2025-08-22 11:20:00+00:00,180.32,-0.0063783101279429,-0.0063351954485352,4.311467940769972e-05
T00815,GAP50,SOLUSDT,5m,4,vwap n=48 k=3.0,range,maker_both,LONG,2025-08-22 10:40:00+00:00,181.28,-0.0062808669880998,-0.0063351954485352,-5.4328460435400065e-05
T00817,B1_ALL,SOLUSDT,5m,4,vwap n=48 k=3.0,range,maker_both,LONG,2025-08-29 18:05:00+00:00,202.45,0.0012140011491245,-0.0049548364558562,-0.0061688376049807
T00809,GAP0,SOLUSDT,5m,4,vwap n=48 k=3.0,range,maker_both,LONG,2025-08-18 02:20:00+00:00,185.09,-0.0104971916058449,-0.0049548364558562,0.0055423551499887
T00809,GAP10,SOLUSDT,5m,4,vwap n=48 k=3.0,range,maker_both,LONG,2025-08-18 02:20:00+00:00,185.09,-0.0104971916058449,-0.0049548364558562,0.0055423551499887
T00810,GAP25,SOLUSDT,5m,4,vwap n=48 k=3.0,range,maker_both,LONG,2025-08-18 03:00:00+00:00,183.86,-0.0110094676503489,-0.0049548364558562,0.0060546311944927
T00816,GAP50,SOLUSDT,5m,4,vwap n=48 k=3.0,range,maker_both,LONG,2025-08-22 11:20:00+00:00,180.32,-0.0063783101279429,-0.0049548364558562,0.0014234736720867003
T00818,B1_ALL,SOLUSDT,5m,4,vwap n=48 k=3.0,range,maker_both,SHORT,2025-08-31 17:15:00+00:00,205.02,-0.0008680876041767,-0.0020385383068133,-0.0011704507026366
T00812,GAP0,SOLUSDT,5m,4,vwap n=48 k=3.0,range,maker_both,SHORT,2025-08-20 21:55:00+00:00,187.29,-0.0024528690205953,-0.0020385383068133,0.00041433071378200017
T00813,GAP10,SOLUSDT,5m,4,vwap n=48 k=3.0,range,maker_both,SHORT,2025-08-22 08:20:00+00:00,184.7,0.0028867440814582,-0.0020385383068133,-0.0049252823882715
T00813,GAP25,SOLUSDT,5m,4,vwap n=48 k=3.0,range,maker_both,SHORT,2025-08-22 08:20:00+00:00,184.7,0.0028867440814582,-0.0020385383068133,-0.0049252823882715
T00818,GAP50,SOLUSDT,5m,4,vwap n=48 k=3.0,range,maker_both,SHORT,2025-08-31 17:15:00+00:00,205.02,-0.0008680876041767,-0.0020385383068133,-0.0011704507026366
T00819,B1_ALL,SOLUSDT,5m,4,vwap n=48 k=3.0,range,maker_both,LONG,2025-08-31 23:30:00+00:00,202.35,-0.0068019247577335,-0.0070701685521433,-0.0002682437944097997
T00820,B1_ALL,SOLUSDT,5m,4,vwap n=48 k=3.0,range,maker_both,LONG,2025-08-31 23:45:00+00:00,200.6,-0.0075801940006914,-0.00779235662907,-0.00021216262837860014
T00810,GAP0,SOLUSDT,5m,4,vwap n=48 k=3.0,range,maker_both,LONG,2025-08-18 03:00:00+00:00,183.86,-0.0110094676503489,-0.00779235662907,0.0032171110212788996
T00810,GAP10,SOLUSDT,5m,4,vwap n=48 k=3.0,range,maker_both,LONG,2025-08-18 03:00:00+00:00,183.86,-0.0110094676503489,-0.00779235662907,0.0032171110212788996
T00814,GAP25,SOLUSDT,5m,4,vwap n=48 k=3.0,range,maker_both,LONG,2025-08-22 10:10:00+00:00,182.25,-0.0062073688197191,-0.00779235662907,-0.0015849878093509
T00817,GAP50,SOLUSDT,5m,4,vwap n=48 k=3.0,range,maker_both,LONG,2025-08-29 18:05:00+00:00,202.45,0.0012140011491245,-0.00779235662907,-0.0090063577781945
T00821,B1_ALL,SOLUSDT,5m,4,vwap n=48 k=3.0,range,maker_both,LONG,2025-09-01 00:15:00+00:00,199.95,-0.0086861838539961,-0.0085480290549841,0.00013815479901200037
T00814,GAP0,SOLUSDT,5m,4,vwap n=48 k=3.0,range,maker_both,LONG,2025-08-22 10:10:00+00:00,182.25,-0.0062073688197191,-0.0085480290549841,-0.002340660235264999
T00814,GAP10,SOLUSDT,5m,4,vwap n=48 k=3.0,range,maker_both,LONG,2025-08-22 10:10:00+00:00,182.25,-0.0062073688197191,-0.0085480290549841,-0.002340660235264999
T00815,GAP25,SOLUSDT,5m,4,vwap n=48 k=3.0,range,maker_both,LONG,2025-08-22 10:40:00+00:00,181.28,-0.0062808669880998,-0.0085480290549841,-0.002267162066884299
T00819,GAP50,SOLUSDT,5m,4,vwap n=48 k=3.0,range,maker_both,LONG,2025-08-31 23:30:00+00:00,202.35,-0.0068019247577335,-0.0085480290549841,-0.0017461042972505992
T00822,B1_ALL,SOLUSDT,5m,4,vwap n=48 k=3.0,range,maker_both,LONG,2025-09-01 00:35:00+00:00,198.93,0.0059703338709472,0.0059108396354919,-5.9494235455300436e-05
T00820,GAP50,SOLUSDT,5m,4,vwap n=48 k=3.0,range,maker_both,LONG,2025-08-31 23:45:00+00:00,200.6,-0.0075801940006914,0.0059108396354919,0.0134910336361833
T00823,B1_ALL,SOLUSDT,5m,4,vwap n=48 k=3.0,range,maker_both,LONG,2025-09-02 12:05:00+00:00,201.12,-0.0068249928014288,-0.00714483251183,-0.0003198397104011994
T00824,B1_ALL,SOLUSDT,5m,4,vwap n=48 k=3.0,range,maker_both,LONG,2025-09-02 12:45:00+00:00,198.83,-0.0080510400424919,0.0052594236357775,0.0133104636782694
T00825,B1_ALL,SOLUSDT,5m,4,vwap n=48 k=3.0,range,maker_both,LONG,2025-09-02 13:00:00+00:00,197.86,0.0058303266067932,0.0060132002093221,0.0001828736025289001
T00815,GAP0,SOLUSDT,5m,4,vwap n=48 k=3.0,range,maker_both,LONG,2025-08-22 10:40:00+00:00,181.28,-0.0062808669880998,0.0060132002093221,0.0122940671974219
T00815,GAP10,SOLUSDT,5m,4,vwap n=48 k=3.0,range,maker_both,LONG,2025-08-22 10:40:00+00:00,181.28,-0.0062808669880998,0.0060132002093221,0.0122940671974219
T00816,GAP25,SOLUSDT,5m,4,vwap n=48 k=3.0,range,maker_both,LONG,2025-08-22 11:20:00+00:00,180.32,-0.0063783101279429,0.0060132002093221,0.012391510337265
T00821,GAP50,SOLUSDT,5m,4,vwap n=48 k=3.0,range,maker_both,LONG,2025-09-01 00:15:00+00:00,199.95,-0.0086861838539961,0.0060132002093221,0.0146993840633182
T00826,B1_ALL,SOLUSDT,5m,4,vwap n=48 k=3.0,range,maker_both,SHORT,2025-09-02 18:55:00+00:00,206.34,0.007118078593311,-0.0102326898959947,-0.0173507684893057
T00813,GAP0,SOLUSDT,5m,4,vwap n=48 k=3.0,range,maker_both,SHORT,2025-08-22 08:20:00+00:00,184.7,0.0028867440814582,-0.0102326898959947,-0.0131194339774529
T00818,GAP10,SOLUSDT,5m,4,vwap n=48 k=3.0,range,maker_both,SHORT,2025-08-31 17:15:00+00:00,205.02,-0.0008680876041767,-0.0102326898959947,-0.009364602291818
T00818,GAP25,SOLUSDT,5m,4,vwap n=48 k=3.0,range,maker_both,SHORT,2025-08-31 17:15:00+00:00,205.02,-0.0008680876041767,-0.0102326898959947,-0.009364602291818
T00826,GAP50,SOLUSDT,5m,4,vwap n=48 k=3.0,range,maker_both,SHORT,2025-09-02 18:55:00+00:00,206.34,0.007118078593311,-0.0102326898959947,-0.0173507684893057
T00827,B1_ALL,SOLUSDT,5m,4,vwap n=48 k=3.0,range,maker_both,LONG,2025-09-04 15:15:00+00:00,204.02,0.0002126398351446,0.002519597734694,0.0023069578995494
T00822,GAP50,SOLUSDT,5m,4,vwap n=48 k=3.0,range,maker_both,LONG,2025-09-01 00:35:00+00:00,198.93,0.0059703338709472,0.002519597734694,-0.0034507361362532004
T00828,B1_ALL,SOLUSDT,5m,4,vwap n=48 k=3.0,range,maker_both,SHORT,2025-09-05 12:30:00+00:00,207.81,-0.0060203493055177,0.0059242103566902,0.0119445596622079
T00828,GAP50,SOLUSDT,5m,4,vwap n=48 k=3.0,range,maker_both,SHORT,2025-09-05 12:30:00+00:00,207.81,-0.0060203493055177,0.0059242103566902,0.0119445596622079
T00829,B1_ALL,SOLUSDT,5m,4,vwap n=48 k=3.0,range,maker_both,LONG,2025-09-05 15:05:00+00:00,202.03,0.0097780200806666,-0.0003190430094944,-0.010097063090161
T00816,GAP0,SOLUSDT,5m,4,vwap n=48 k=3.0,range,maker_both,LONG,2025-08-22 11:20:00+00:00,180.32,-0.0063783101279429,-0.0003190430094944,0.0060592671184485
T00816,GAP10,SOLUSDT,5m,4,vwap n=48 k=3.0,range,maker_both,LONG,2025-08-22 11:20:00+00:00,180.32,-0.0063783101279429,-0.0003190430094944,0.0060592671184485
T00817,GAP25,SOLUSDT,5m,4,vwap n=48 k=3.0,range,maker_both,LONG,2025-08-29 18:05:00+00:00,202.45,0.0012140011491245,-0.0003190430094944,-0.0015330441586189
T00823,GAP50,SOLUSDT,5m,4,vwap n=48 k=3.0,range,maker_both,LONG,2025-09-02 12:05:00+00:00,201.12,-0.0068249928014288,-0.0003190430094944,0.0065059497919344005
T00830,B1_ALL,SOLUSDT,5m,4,vwap n=48 k=3.0,range,maker_both,LONG,2025-09-05 16:05:00+00:00,202.94,-0.0061797065591073,-0.0075992700344695,-0.0014195634753622005
T00817,GAP0,SOLUSDT,5m,4,vwap n=48 k=3.0,range,maker_both,LONG,2025-08-29 18:05:00+00:00,202.45,0.0012140011491245,-0.0075992700344695,-0.008813271183594
T00817,GAP10,SOLUSDT,5m,4,vwap n=48 k=3.0,range,maker_both,LONG,2025-08-29 18:05:00+00:00,202.45,0.0012140011491245,-0.0075992700344695,-0.008813271183594
T00819,GAP25,SOLUSDT,5m,4,vwap n=48 k=3.0,range,maker_both,LONG,2025-08-31 23:30:00+00:00,202.35,-0.0068019247577335,-0.0075992700344695,-0.0007973452767360001
T00824,GAP50,SOLUSDT,5m,4,vwap n=48 k=3.0,range,maker_both,LONG,2025-09-02 12:45:00+00:00,198.83,-0.0080510400424919,-0.0075992700344695,0.00045177000802239936
T00831,B1_ALL,SOLUSDT,5m,4,vwap n=48 k=3.0,range,maker_both,SHORT,2025-09-07 15:40:00+00:00,204.67,-0.004731935155396,0.0018234840567806,0.006555419212176601
T00832,B1_ALL,SOLUSDT,5m,4,vwap n=48 k=3.0,range,maker_both,LONG,2025-09-07 17:15:00+00:00,202.96,-0.0053340760838542,-0.0054839541914268,-0.00014987810757260012
T00833,B1_ALL,SOLUSDT,5m,4,vwap n=48 k=3.0,range,maker_both,LONG,2025-09-07 17:30:00+00:00,201.71,0.0027701492563206,-0.0018964659963837,-0.0046666152527043
T00819,GAP0,SOLUSDT,5m,4,vwap n=48 k=3.0,range,maker_both,LONG,2025-08-31 23:30:00+00:00,202.35,-0.0068019247577335,-0.0018964659963837,0.004905458761349801
T00819,GAP10,SOLUSDT,5m,4,vwap n=48 k=3.0,range,maker_both,LONG,2025-08-31 23:30:00+00:00,202.35,-0.0068019247577335,-0.0018964659963837,0.004905458761349801
T00820,GAP25,SOLUSDT,5m,4,vwap n=48 k=3.0,range,maker_both,LONG,2025-08-31 23:45:00+00:00,200.6,-0.0075801940006914,-0.0018964659963837,0.005683728004307701
T00825,GAP50,SOLUSDT,5m,4,vwap n=48 k=3.0,range,maker_both,LONG,2025-09-02 13:00:00+00:00,197.86,0.0058303266067932,-0.0018964659963837,-0.0077267926031769005
T00834,B1_ALL,SOLUSDT,5m,4,vwap n=48 k=3.0,range,maker_both,LONG,2025-09-07 17:50:00+00:00,202.06,0.0015656561172793,0.001862248169712,0.00029659205243270014
T00820,GAP0,SOLUSDT,5m,4,vwap n=48 k=3.0,range,maker_both,LONG,2025-08-31 23:45:00+00:00,200.6,-0.0075801940006914,0.001862248169712,0.0094424421704034
T00820,GAP10,SOLUSDT,5m,4,vwap n=48 k=3.0,range,maker_both,LONG,2025-08-31 23:45:00+00:00,200.6,-0.0075801940006914,0.001862248169712,0.0094424421704034
T00821,GAP25,SOLUSDT,5m,4,vwap n=48 k=3.0,range,maker_both,LONG,2025-09-01 00:15:00+00:00,199.95,-0.0086861838539961,0.001862248169712,0.0105484320237081
T00827,GAP50,SOLUSDT,5m,4,vwap n=48 k=3.0,range,maker_both,LONG,2025-09-04 15:15:00+00:00,204.02,0.0002126398351446,0.001862248169712,0.0016496083345674002
T00835,B1_ALL,SOLUSDT,5m,4,vwap n=48 k=3.0,range,maker_both,SHORT,2025-09-07 20:50:00+00:00,203.51,-0.0051535396208374,-0.0052349731426025,-8.143352176509955e-05
T00836,B1_ALL,SOLUSDT,5m,4,vwap n=48 k=3.0,range,maker_both,SHORT,2025-09-07 21:05:00+00:00,204.68,-0.0057131454193385,-0.0056332327465943,7.991267274420032e-05
T00826,GAP25,SOLUSDT,5m,4,vwap n=48 k=3.0,range,maker_both,SHORT,2025-09-02 18:55:00+00:00,206.34,0.007118078593311,-0.0056332327465943,-0.0127513113399053
T00831,GAP50,SOLUSDT,5m,4,vwap n=48 k=3.0,range,maker_both,SHORT,2025-09-07 15:40:00+00:00,204.67,-0.004731935155396,-0.0056332327465943,-0.0009012975911982992
T00837,B1_ALL,SOLUSDT,5m,4,vwap n=48 k=3.0,range,maker_both,SHORT,2025-09-07 22:30:00+00:00,205.21,-0.0060476096489352,-0.0060826248847205,-3.501523578530036e-05
T00818,GAP0,SOLUSDT,5m,4,vwap n=48 k=3.0,range,maker_both,SHORT,2025-08-31 17:15:00+00:00,205.02,-0.0008680876041767,-0.0060826248847205,-0.0052145372805438
T00826,GAP10,SOLUSDT,5m,4,vwap n=48 k=3.0,range,maker_both,SHORT,2025-09-02 18:55:00+00:00,206.34,0.007118078593311,-0.0060826248847205,-0.013200703478031501
T00828,GAP25,SOLUSDT,5m,4,vwap n=48 k=3.0,range,maker_both,SHORT,2025-09-05 12:30:00+00:00,207.81,-0.0060203493055177,-0.0060826248847205,-6.227557920279996e-05
T00835,GAP50,SOLUSDT,5m,4,vwap n=48 k=3.0,range,maker_both,SHORT,2025-09-07 20:50:00+00:00,203.51,-0.0051535396208374,-0.0060826248847205,-0.0009290852638830999
T00838,B1_ALL,SOLUSDT,5m,4,vwap n=48 k=3.0,range,maker_both,SHORT,2025-09-07 22:55:00+00:00,206.53,-0.007018522393279,0.0040930478507447,0.0111115702440237
T00839,B1_ALL,SOLUSDT,5m,4,vwap n=48 k=3.0,range,maker_both,SHORT,2025-09-07 23:10:00+00:00,207.49,0.0042329664534143,0.0041756635421988,-5.730291121550015e-05
T00826,GAP0,SOLUSDT,5m,4,vwap n=48 k=3.0,range,maker_both,SHORT,2025-09-02 18:55:00+00:00,206.34,0.007118078593311,0.0041756635421988,-0.0029424150511122
T00828,GAP10,SOLUSDT,5m,4,vwap n=48 k=3.0,range,maker_both,SHORT,2025-09-05 12:30:00+00:00,207.81,-0.0060203493055177,0.0041756635421988,0.0101960128477165
T00831,GAP25,SOLUSDT,5m,4,vwap n=48 k=3.0,range,maker_both,SHORT,2025-09-07 15:40:00+00:00,204.67,-0.004731935155396,0.0041756635421988,0.0089075986975948
T00836,GAP50,SOLUSDT,5m,4,vwap n=48 k=3.0,range,maker_both,SHORT,2025-09-07 21:05:00+00:00,204.68,-0.0057131454193385,0.0041756635421988,0.0098888089615373
T00840,B1_ALL,SOLUSDT,5m,4,vwap n=48 k=3.0,range,maker_both,LONG,2025-09-15 09:05:00+00:00,233.1,0.0088321653778552,0.0085844513009171,-0.00024771407693809956
T00821,GAP10,SOLUSDT,5m,4,vwap n=48 k=3.0,range,maker_both,LONG,2025-09-01 00:15:00+00:00,199.95,-0.0086861838539961,0.0085844513009171,0.0172706351549132
T00822,GAP25,SOLUSDT,5m,4,vwap n=48 k=3.0,range,maker_both,LONG,2025-09-01 00:35:00+00:00,198.93,0.0059703338709472,0.0085844513009171,0.0026141174299699
T00829,GAP50,SOLUSDT,5m,4,vwap n=48 k=3.0,range,maker_both,LONG,2025-09-05 15:05:00+00:00,202.03,0.0097780200806666,0.0085844513009171,-0.0011935687797495
T00841,B1_ALL,SOLUSDT,5m,4,vwap n=48 k=3.0,range,maker_both,LONG,2025-09-17 04:20:00+00:00,234.0,0.0029544730186953,-0.00612671577657,-0.0090811887952653
T00821,GAP0,SOLUSDT,5m,4,vwap n=48 k=3.0,range,maker_both,LONG,2025-09-01 00:15:00+00:00,199.95,-0.0086861838539961,-0.00612671577657,0.0025594680774261
T00822,GAP10,SOLUSDT,5m,4,vwap n=48 k=3.0,range,maker_both,LONG,2025-09-01 00:35:00+00:00,198.93,0.0059703338709472,-0.00612671577657,-0.0120970496475172
T00823,GAP25,SOLUSDT,5m,4,vwap n=48 k=3.0,range,maker_both,LONG,2025-09-02 12:05:00+00:00,201.12,-0.0068249928014288,-0.00612671577657,0.0006982770248588005
T00830,GAP50,SOLUSDT,5m,4,vwap n=48 k=3.0,range,maker_both,LONG,2025-09-05 16:05:00+00:00,202.94,-0.0061797065591073,-0.00612671577657,5.299078253729987e-05
T00842,B1_ALL,SOLUSDT,5m,4,vwap n=48 k=3.0,range,maker_both,LONG,2025-09-17 10:25:00+00:00,233.91,2.3761957813507074e-05,0.0007904767802598,0.000766714822446293
T00822,GAP0,SOLUSDT,5m,4,vwap n=48 k=3.0,range,maker_both,LONG,2025-09-01 00:35:00+00:00,198.93,0.0059703338709472,0.0007904767802598,-0.0051798570906874
T00823,GAP10,SOLUSDT,5m,4,vwap n=48 k=3.0,range,maker_both,LONG,2025-09-02 12:05:00+00:00,201.12,-0.0068249928014288,0.0007904767802598,0.007615469581688601
T00824,GAP25,SOLUSDT,5m,4,vwap n=48 k=3.0,range,maker_both,LONG,2025-09-02 12:45:00+00:00,198.83,-0.0080510400424919,0.0007904767802598,0.008841516822751699
T00832,GAP50,SOLUSDT,5m,4,vwap n=48 k=3.0,range,maker_both,LONG,2025-09-07 17:15:00+00:00,202.96,-0.0053340760838542,0.0007904767802598,0.006124552864114
T00843,B1_ALL,SOLUSDT,5m,4,vwap n=48 k=3.0,range,maker_both,LONG,2025-09-19 15:05:00+00:00,237.83,-0.0082448722061337,0.0005087081116478,0.008753580317781501
T00844,B1_ALL,SOLUSDT,5m,4,vwap n=48 k=3.0,range,maker_both,LONG,2025-09-19 15:15:00+00:00,236.78,0.0059542572335554,0.0012668105714149,-0.0046874466621405
T00823,GAP0,SOLUSDT,5m,4,vwap n=48 k=3.0,range,maker_both,LONG,2025-09-02 12:05:00+00:00,201.12,-0.0068249928014288,0.0012668105714149,0.0080918033728437
T00824,GAP10,SOLUSDT,5m,4,vwap n=48 k=3.0,range,maker_both,LONG,2025-09-02 12:45:00+00:00,198.83,-0.0080510400424919,0.0012668105714149,0.0093178506139068
T00825,GAP25,SOLUSDT,5m,4,vwap n=48 k=3.0,range,maker_both,LONG,2025-09-02 13:00:00+00:00,197.86,0.0058303266067932,0.0012668105714149,-0.0045635160353783
T00833,GAP50,SOLUSDT,5m,4,vwap n=48 k=3.0,range,maker_both,LONG,2025-09-07 17:30:00+00:00,201.71,0.0027701492563206,0.0012668105714149,-0.0015033386849057002
T00845,B1_ALL,SOLUSDT,5m,4,vwap n=48 k=3.0,range,maker_both,LONG,2025-09-19 17:35:00+00:00,236.5,-0.0068858781956261,-0.0068038881190087,8.199007661740046e-05
T00824,GAP0,SOLUSDT,5m,4,vwap n=48 k=3.0,range,maker_both,LONG,2025-09-02 12:45:00+00:00,198.83,-0.0080510400424919,-0.0068038881190087,0.0012471519234831998
T00825,GAP10,SOLUSDT,5m,4,vwap n=48 k=3.0,range,maker_both,LONG,2025-09-02 13:00:00+00:00,197.86,0.0058303266067932,-0.0068038881190087,-0.012634214725801899
T00827,GAP25,SOLUSDT,5m,4,vwap n=48 k=3.0,range,maker_both,LONG,2025-09-04 15:15:00+00:00,204.02,0.0002126398351446,-0.0068038881190087,-0.0070165279541533
T00834,GAP50,SOLUSDT,5m,4,vwap n=48 k=3.0,range,maker_both,LONG,2025-09-07 17:50:00+00:00,202.06,0.0015656561172793,-0.0068038881190087,-0.008369544236288
T01145,B1_ALL,BTCUSDT,15m,1,donchian n=50 vol=1.5,trend,maker_both,SHORT,2025-03-30 22:15:00+00:00,81861.1,-0.0068351209378635,-0.0072571648102257,-0.00042204387236220026
T01146,B1_ALL,BTCUSDT,15m,1,donchian n=50 vol=1.5,trend,maker_both,SHORT,2025-03-31 00:45:00+00:00,81325.8,-0.0089624173732869,-0.0092019507162446,-0.00023953334295770054
T01147,B1_ALL,BTCUSDT,15m,1,donchian n=50 vol=1.5,trend,maker_both,LONG,2025-03-31 12:45:00+00:00,82458.3,0.0055275986196577,-0.0088653891731418,-0.0143929877927995
T01147,GAP0,BTCUSDT,15m,1,donchian n=50 vol=1.5,trend,maker_both,LONG,2025-03-31 12:45:00+00:00,82458.3,0.0055275986196577,-0.0088653891731418,-0.0143929877927995
T01147,GAP10,BTCUSDT,15m,1,donchian n=50 vol=1.5,trend,maker_both,LONG,2025-03-31 12:45:00+00:00,82458.3,0.0055275986196577,-0.0088653891731418,-0.0143929877927995
T01147,GAP25,BTCUSDT,15m,1,donchian n=50 vol=1.5,trend,maker_both,LONG,2025-03-31 12:45:00+00:00,82458.3,0.0055275986196577,-0.0088653891731418,-0.0143929877927995
T01147,GAP50,BTCUSDT,15m,1,donchian n=50 vol=1.5,trend,maker_both,LONG,2025-03-31 12:45:00+00:00,82458.3,0.0055275986196577,-0.0088653891731418,-0.0143929877927995
T01148,B1_ALL,BTCUSDT,15m,1,donchian n=50 vol=1.5,trend,maker_both,LONG,2025-03-31 14:15:00+00:00,83287.5,-0.0119139325142667,0.0102497486205658,0.0221636811348325
T01149,B1_ALL,BTCUSDT,15m,1,donchian n=50 vol=1.5,trend,maker_both,LONG,2025-04-01 15:15:00+00:00,84865.8,0.0032638231740408,0.0038517624133712,0.0005879392393304001
T01148,GAP50,BTCUSDT,15m,1,donchian n=50 vol=1.5,trend,maker_both,LONG,2025-03-31 14:15:00+00:00,83287.5,-0.0119139325142667,0.0038517624133712,0.0157656949276379
T01150,B1_ALL,BTCUSDT,15m,1,donchian n=50 vol=1.5,trend,maker_both,SHORT,2025-04-02 05:30:00+00:00,84211.1,-0.0063613125115125,-0.0063178370557419,4.3475455770600364e-05
T01145,GAP0,BTCUSDT,15m,1,donchian n=50 vol=1.5,trend,maker_both,SHORT,2025-03-30 22:15:00+00:00,81861.1,-0.0068351209378635,-0.0063178370557419,0.0005172838821216
T01145,GAP10,BTCUSDT,15m,1,donchian n=50 vol=1.5,trend,maker_both,SHORT,2025-03-30 22:15:00+00:00,81861.1,-0.0068351209378635,-0.0063178370557419,0.0005172838821216
T01145,GAP25,BTCUSDT,15m,1,donchian n=50 vol=1.5,trend,maker_both,SHORT,2025-03-30 22:15:00+00:00,81861.1,-0.0068351209378635,-0.0063178370557419,0.0005172838821216
T01145,GAP50,BTCUSDT,15m,1,donchian n=50 vol=1.5,trend,maker_both,SHORT,2025-03-30 22:15:00+00:00,81861.1,-0.0068351209378635,-0.0063178370557419,0.0005172838821216
T01151,B1_ALL,BTCUSDT,15m,1,donchian n=50 vol=1.5,trend,maker_both,LONG,2025-04-02 13:45:00+00:00,85427.7,0.0064458207986414,0.0074750218086904,0.0010292010100490002
T01152,B1_ALL,BTCUSDT,15m,1,donchian n=50 vol=1.5,trend,maker_both,LONG,2025-04-02 15:15:00+00:00,86147.5,0.0085749435777809,0.0086065209467075,3.157736892660072e-05
T01148,GAP0,BTCUSDT,15m,1,donchian n=50 vol=1.5,trend,maker_both,LONG,2025-03-31 14:15:00+00:00,83287.5,-0.0119139325142667,0.0086065209467075,0.0205204534609742
T01148,GAP10,BTCUSDT,15m,1,donchian n=50 vol=1.5,trend,maker_both,LONG,2025-03-31 14:15:00+00:00,83287.5,-0.0119139325142667,0.0086065209467075,0.0205204534609742
T01148,GAP25,BTCUSDT,15m,1,donchian n=50 vol=1.5,trend,maker_both,LONG,2025-03-31 14:15:00+00:00,83287.5,-0.0119139325142667,0.0086065209467075,0.0205204534609742
T01149,GAP50,BTCUSDT,15m,1,donchian n=50 vol=1.5,trend,maker_both,LONG,2025-04-01 15:15:00+00:00,84865.8,0.0032638231740408,0.0086065209467075,0.0053426977726667
T01153,B1_ALL,BTCUSDT,15m,1,donchian n=50 vol=1.5,trend,maker_both,LONG,2025-04-02 20:15:00+00:00,87712.4,-0.0131967317618116,-0.0180741489589668,-0.0048774171971552
T01154,B1_ALL,BTCUSDT,15m,1,donchian n=50 vol=1.5,trend,maker_both,SHORT,2025-04-03 13:00:00+00:00,81912.3,-0.008610380504976,-0.0085681760666397,4.2204438336300096e-05
T01146,GAP0,BTCUSDT,15m,1,donchian n=50 vol=1.5,trend,maker_both,SHORT,2025-03-31 00:45:00+00:00,81325.8,-0.0089624173732869,-0.0085681760666397,0.0003942413066472007
T01146,GAP10,BTCUSDT,15m,1,donchian n=50 vol=1.5,trend,maker_both,SHORT,2025-03-31 00:45:00+00:00,81325.8,-0.0089624173732869,-0.0085681760666397,0.0003942413066472007
T01146,GAP25,BTCUSDT,15m,1,donchian n=50 vol=1.5,trend,maker_both,SHORT,2025-03-31 00:45:00+00:00,81325.8,-0.0089624173732869,-0.0085681760666397,0.0003942413066472007
T01146,GAP50,BTCUSDT,15m,1,donchian n=50 vol=1.5,trend,maker_both,SHORT,2025-03-31 00:45:00+00:00,81325.8,-0.0089624173732869,-0.0085681760666397,0.0003942413066472007
T01155,B1_ALL,BTCUSDT,15m,1,donchian n=50 vol=1.5,trend,maker_both,SHORT,2025-04-03 14:15:00+00:00,81744.9,-0.0043249189678379,0.0083569265980411,0.012681845565879
T01156,B1_ALL,BTCUSDT,15m,1,donchian n=50 vol=1.5,trend,maker_both,LONG,2025-04-04 07:15:00+00:00,83483.4,0.0043738263953104,0.0045033490910694,0.00012952269575899986
T01149,GAP0,BTCUSDT,15m,1,donchian n=50 vol=1.5,trend,maker_both,LONG,2025-04-01 15:15:00+00:00,84865.8,0.0032638231740408,0.0045033490910694,0.0012395259170285998
T01149,GAP10,BTCUSDT,15m,1,donchian n=50 vol=1.5,trend,maker_both,LONG,2025-04-01 15:15:00+00:00,84865.8,0.0032638231740408,0.0045033490910694,0.0012395259170285998
T01149,GAP25,BTCUSDT,15m,1,donchian n=50 vol=1.5,trend,maker_both,LONG,2025-04-01 15:15:00+00:00,84865.8,0.0032638231740408,0.0045033490910694,0.0012395259170285998
T01151,GAP50,BTCUSDT,15m,1,donchian n=50 vol=1.5,trend,maker_both,LONG,2025-04-02 13:45:00+00:00,85427.7,0.0064458207986414,0.0045033490910694,-0.0019424717075720004
T01157,B1_ALL,BTCUSDT,15m,1,donchian n=50 vol=1.5,trend,maker_both,SHORT,2025-04-06 17:00:00+00:00,81932.5,0.0045801882356707,0.0047282339180431,0.0001480456823724002
T01150,GAP0,BTCUSDT,15m,1,donchian n=50 vol=1.5,trend,maker_both,SHORT,2025-04-02 05:30:00+00:00,84211.1,-0.0063613125115125,0.0047282339180431,0.0110895464295556
T01150,GAP10,BTCUSDT,15m,1,donchian n=50 vol=1.5,trend,maker_both,SHORT,2025-04-02 05:30:00+00:00,84211.1,-0.0063613125115125,0.0047282339180431,0.0110895464295556
T01150,GAP25,BTCUSDT,15m,1,donchian n=50 vol=1.5,trend,maker_both,SHORT,2025-04-02 05:30:00+00:00,84211.1,-0.0063613125115125,0.0047282339180431,0.0110895464295556
T01150,GAP50,BTCUSDT,15m,1,donchian n=50 vol=1.5,trend,maker_both,SHORT,2025-04-02 05:30:00+00:00,84211.1,-0.0063613125115125,0.0047282339180431,0.0110895464295556
T01158,B1_ALL,BTCUSDT,15m,1,donchian n=50 vol=1.5,trend,maker_both,SHORT,2025-04-06 18:15:00+00:00,80261.2,0.0075243432111825,0.008405006449723,0.0008806632385405001
T01154,GAP0,BTCUSDT,15m,1,donchian n=50 vol=1.5,trend,maker_both,SHORT,2025-04-03 13:00:00+00:00,81912.3,-0.008610380504976,0.008405006449723,0.017015386954699
T01154,GAP10,BTCUSDT,15m,1,donchian n=50 vol=1.5,trend,maker_both,SHORT,2025-04-03 13:00:00+00:00,81912.3,-0.008610380504976,0.008405006449723,0.017015386954699
T01154,GAP25,BTCUSDT,15m,1,donchian n=50 vol=1.5,trend,maker_both,SHORT,2025-04-03 13:00:00+00:00,81912.3,-0.008610380504976,0.008405006449723,0.017015386954699
T01154,GAP50,BTCUSDT,15m,1,donchian n=50 vol=1.5,trend,maker_both,SHORT,2025-04-03 13:00:00+00:00,81912.3,-0.008610380504976,0.008405006449723,0.017015386954699
T01159,B1_ALL,BTCUSDT,15m,1,donchian n=50 vol=1.5,trend,maker_both,SHORT,2025-04-08 15:00:00+00:00,78440.5,0.0108689618646574,0.0112527443373929,0.00038378247273550097
T01155,GAP0,BTCUSDT,15m,1,donchian n=50 vol=1.5,trend,maker_both,SHORT,2025-04-03 14:15:00+00:00,81744.9,-0.0043249189678379,0.0112527443373929,0.015577663305230801
T01155,GAP10,BTCUSDT,15m,1,donchian n=50 vol=1.5,trend,maker_both,SHORT,2025-04-03 14:15:00+00:00,81744.9,-0.0043249189678379,0.0112527443373929,0.015577663305230801
T01155,GAP25,BTCUSDT,15m,1,donchian n=50 vol=1.5,trend,maker_both,SHORT,2025-04-03 14:15:00+00:00,81744.9,-0.0043249189678379,0.0112527443373929,0.015577663305230801
T01155,GAP50,BTCUSDT,15m,1,donchian n=50 vol=1.5,trend,maker_both,SHORT,2025-04-03 14:15:00+00:00,81744.9,-0.0043249189678379,0.0112527443373929,0.015577663305230801
T01160,B1_ALL,BTCUSDT,15m,1,donchian n=50 vol=1.5,trend,maker_both,LONG,2025-04-09 17:30:00+00:00,80804.9,0.0182268166970117,0.0186893155013733,0.00046249880436159685
T01151,GAP0,BTCUSDT,15m,1,donchian n=50 vol=1.5,trend,maker_both,LONG,2025-04-02 13:45:00+00:00,85427.7,0.0064458207986414,0.0186893155013733,0.012243494702731898
T01151,GAP10,BTCUSDT,15m,1,donchian n=50 vol=1.5,trend,maker_both,LONG,2025-04-02 13:45:00+00:00,85427.7,0.0064458207986414,0.0186893155013733,0.012243494702731898
T01151,GAP25,BTCUSDT,15m,1,donchian n=50 vol=1.5,trend,maker_both,LONG,2025-04-02 13:45:00+00:00,85427.7,0.0064458207986414,0.0186893155013733,0.012243494702731898
T01152,GAP50,BTCUSDT,15m,1,donchian n=50 vol=1.5,trend,maker_both,LONG,2025-04-02 15:15:00+00:00,86147.5,0.0085749435777809,0.0186893155013733,0.0101143719235924
T01161,B1_ALL,BTCUSDT,15m,1,donchian n=50 vol=1.5,trend,maker_both,SHORT,2025-04-10 13:45:00+00:00,80874.2,-0.0109657045029137,-0.0113548988738543,-0.0003891943709406001
T01157,GAP0,BTCUSDT,15m,1,donchian n=50 vol=1.5,trend,maker_both,SHORT,2025-04-06 17:00:00+00:00,81932.5,0.0045801882356707,-0.0113548988738543,-0.015935087109525
T01157,GAP10,BTCUSDT,15m,1,donchian n=50 vol=1.5,trend,maker_both,SHORT,2025-04-06 17:00:00+00:00,81932.5,0.0045801882356707,-0.0113548988738543,-0.015935087109525
T01157,GAP25,BTCUSDT,15m,1,donchian n=50 vol=1.5,trend,maker_both,SHORT,2025-04-06 17:00:00+00:00,81932.5,0.0045801882356707,-0.0113548988738543,-0.015935087109525
T01157,GAP50,BTCUSDT,15m,1,donchian n=50 vol=1.5,trend,maker_both,SHORT,2025-04-06 17:00:00+00:00,81932.5,0.0045801882356707,-0.0113548988738543,-0.015935087109525
T01162,B1_ALL,BTCUSDT,15m,1,donchian n=50 vol=1.5,trend,maker_both,SHORT,2025-04-10 15:30:00+00:00,80200.2,0.01026773349129,-0.0088932456980695,-0.019160979189359502
T01158,GAP0,BTCUSDT,15m,1,donchian n=50 vol=1.5,trend,maker_both,SHORT,2025-04-06 18:15:00+00:00,80261.2,0.0075243432111825,-0.0088932456980695,-0.016417588909252
T01158,GAP10,BTCUSDT,15m,1,donchian n=50 vol=1.5,trend,maker_both,SHORT,2025-04-06 18:15:00+00:00,80261.2,0.0075243432111825,-0.0088932456980695,-0.016417588909252
T01158,GAP25,BTCUSDT,15m,1,donchian n=50 vol=1.5,trend,maker_both,SHORT,2025-04-06 18:15:00+00:00,80261.2,0.0075243432111825,-0.0088932456980695,-0.016417588909252
T01158,GAP50,BTCUSDT,15m,1,donchian n=50 vol=1.5,trend,maker_both,SHORT,2025-04-06 18:15:00+00:00,80261.2,0.0075243432111825,-0.0088932456980695,-0.016417588909252
T01163,B1_ALL,BTCUSDT,15m,1,donchian n=50 vol=1.5,trend,maker_both,SHORT,2025-04-10 16:00:00+00:00,78731.7,-0.0141051590902072,-0.0146369222769452,-0.0005317631867379994
T01159,GAP25,BTCUSDT,15m,1,donchian n=50 vol=1.5,trend,maker_both,SHORT,2025-04-08 15:00:00+00:00,78440.5,0.0108689618646574,-0.0146369222769452,-0.025505884141602597
T01159,GAP50,BTCUSDT,15m,1,donchian n=50 vol=1.5,trend,maker_both,SHORT,2025-04-08 15:00:00+00:00,78440.5,0.0108689618646574,-0.0146369222769452,-0.025505884141602597
T01164,B1_ALL,BTCUSDT,15m,1,donchian n=50 vol=1.5,trend,maker_both,LONG,2025-04-11 08:15:00+00:00,81408.6,0.0078046191427295,0.0076730738474383,-0.00013154529529119975
T01153,GAP50,BTCUSDT,15m,1,donchian n=50 vol=1.5,trend,maker_both,LONG,2025-04-02 20:15:00+00:00,87712.4,-0.0131967317618116,0.0076730738474383,0.0208698056092499
T01165,B1_ALL,BTCUSDT,15m,1,donchian n=50 vol=1.5,trend,maker_both,LONG,2025-04-11 17:45:00+00:00,83912.2,-0.0072836947682789,-0.0072770925183843,6.602249894600322e-06
T01152,GAP10,BTCUSDT,15m,1,donchian n=50 vol=1.5,trend,maker_both,LONG,2025-04-02 15:15:00+00:00,86147.5,0.0085749435777809,-0.0072770925183843,-0.0158520360961652
T01152,GAP25,BTCUSDT,15m,1,donchian n=50 vol=1.5,trend,maker_both,LONG,2025-04-02 15:15:00+00:00,86147.5,0.0085749435777809,-0.0072770925183843,-0.0158520360961652
T01156,GAP50,BTCUSDT,15m,1,donchian n=50 vol=1.5,trend,maker_both,LONG,2025-04-04 07:15:00+00:00,83483.4,0.0043738263953104,-0.0072770925183843,-0.0116509189136947
T01166,B1_ALL,BTCUSDT,15m,1,donchian n=50 vol=1.5,trend,maker_both,LONG,2025-04-12 13:45:00+00:00,84131.2,0.0052167073303753,0.0056971806008266,0.00048047327045129973
T01152,GAP0,BTCUSDT,15m,1,donchian n=50 vol=1.5,trend,maker_both,LONG,2025-04-02 15:15:00+00:00,86147.5,0.0085749435777809,0.0056971806008266,-0.0028777629769542994
T01153,GAP10,BTCUSDT,15m,1,donchian n=50 vol=1.5,trend,maker_both,LONG,2025-04-02 20:15:00+00:00,87712.4,-0.0131967317618116,0.0056971806008266,0.0188939123626382
T01153,GAP25,BTCUSDT,15m,1,donchian n=50 vol=1.5,trend,maker_both,LONG,2025-04-02 20:15:00+00:00,87712.4,-0.0131967317618116,0.0056971806008266,0.0188939123626382
T01160,GAP50,BTCUSDT,15m,1,donchian n=50 vol=1.5,trend,maker_both,LONG,2025-04-09 17:30:00+00:00,80804.9,0.0182268166970117,0.0056971806008266,-0.012529636096185102
T01167,B1_ALL,BTCUSDT,15m,1,donchian n=50 vol=1.5,trend,maker_both,LONG,2025-04-12 14:30:00+00:00,84856.7,0.003191252127617,0.0070332953685984,0.0038420432409814
T01156,GAP25,BTCUSDT,15m,1,donchian n=50 vol=1.5,trend,maker_both,LONG,2025-04-04 07:15:00+00:00,83483.4,0.0043738263953104,0.0070332953685984,0.0026594689732880004
T01164,GAP50,BTCUSDT,15m,1,donchian n=50 vol=1.5,trend,maker_both,LONG,2025-04-11 08:15:00+00:00,81408.6,0.0078046191427295,0.0070332953685984,-0.0007713237741310995
T01168,B1_ALL,BTCUSDT,15m,1,donchian n=50 vol=1.5,trend,maker_both,LONG,2025-04-12 20:45:00+00:00,85755.7,-0.007933514199391,0.005819388718418,0.013752902917809
T01169,B1_ALL,BTCUSDT,15m,1,donchian n=50 vol=1.5,trend,maker_both,SHORT,2025-04-13 13:30:00+00:00,84054.3,0.0051298337139807,-0.0077920236756219,-0.0129218573896026
T01159,GAP0,BTCUSDT,15m,1,donchian n=50 vol=1.5,trend,maker_both,SHORT,2025-04-08 15:00:00+00:00,78440.5,0.0108689618646574,-0.0077920236756219,-0.0186609855402793
T01159,GAP10,BTCUSDT,15m,1,donchian n=50 vol=1.5,trend,maker_both,SHORT,2025-04-08 15:00:00+00:00,78440.5,0.0108689618646574,-0.0077920236756219,-0.0186609855402793
T01161,GAP25,BTCUSDT,15m,1,donchian n=50 vol=1.5,trend,maker_both,SHORT,2025-04-10 13:45:00+00:00,80874.2,-0.0109657045029137,-0.0077920236756219,0.0031736808272918
T01161,GAP50,BTCUSDT,15m,1,donchian n=50 vol=1.5,trend,maker_both,SHORT,2025-04-10 13:45:00+00:00,80874.2,-0.0109657045029137,-0.0077920236756219,0.0031736808272918
T01170,B1_ALL,BTCUSDT,15m,1,donchian n=50 vol=1.5,trend,maker_both,LONG,2025-04-14 02:45:00+00:00,85262.4,-0.012620114403685,-0.0054253725354657,0.0071947418682193
T01165,GAP50,BTCUSDT,15m,1,donchian n=50 vol=1.5,trend,maker_both,LONG,2025-04-11 17:45:00+00:00,83912.2,-0.0072836947682789,-0.0054253725354657,0.0018583222328132
T01171,B1_ALL,BTCUSDT,15m,1,donchian n=50 vol=1.5,trend,maker_both,LONG,2025-04-15 05:15:00+00:00,85617.3,-0.0030368580996003,-0.0009369104248903,0.00209994767471
T01166,GAP50,BTCUSDT,15m,1,donchian n=50 vol=1.5,trend,maker_both,LONG,2025-04-12 13:45:00+00:00,84131.2,0.0052167073303753,-0.0009369104248903,-0.0061536177552656
T01172,B1_ALL,BTCUSDT,15m,1,donchian n=50 vol=1.5,trend,maker_both,LONG,2025-04-15 13:45:00+00:00,86012.0,-0.006995492113755,-0.0082693348037204,-0.0012738426899654006
T01173,B1_ALL,BTCUSDT,15m,1,donchian n=50 vol=1.5,trend,maker_both,SHORT,2025-04-15 20:00:00+00:00,83954.6,0.0052509539703818,0.0052629093016739,1.1955331292099781e-05
T01174,B1_ALL,BTCUSDT,15m,1,donchian n=50 vol=1.5,trend,maker_both,SHORT,2025-04-19 17:00:00+00:00,84800.0,-0.0051091249088262,-0.0050614442087968,4.7680700029399496e-05
T01175,B1_ALL,BTCUSDT,15m,1,donchian n=50 vol=1.5,trend,maker_both,LONG,2025-04-21 14:30:00+00:00,88312.1,-0.0094918627785105,-0.0096337698589235,-0.00014190708041300105
T01176,B1_ALL,BTCUSDT,15m,1,donchian n=50 vol=1.5,trend,maker_both,LONG,2025-04-22 13:00:00+00:00,88947.2,0.0041958680854395,0.0050023392138535,0.0008064711284139995
T01153,GAP0,BTCUSDT,15m,1,donchian n=50 vol=1.5,trend,maker_both,LONG,2025-04-02 20:15:00+00:00,87712.4,-0.0131967317618116,0.0050023392138535,0.0181990709756651
T01156,GAP10,BTCUSDT,15m,1,donchian n=50 vol=1.5,trend,maker_both,LONG,2025-04-04 07:15:00+00:00,83483.4,0.0043738263953104,0.0050023392138535,0.0006285128185431
T01160,GAP25,BTCUSDT,15m,1,donchian n=50 vol=1.5,trend,maker_both,LONG,2025-04-09 17:30:00+00:00,80804.9,0.0182268166970117,0.0050023392138535,-0.013224477483158203
T01167,GAP50,BTCUSDT,15m,1,donchian n=50 vol=1.5,trend,maker_both,LONG,2025-04-12 14:30:00+00:00,84856.7,0.003191252127617,0.0050023392138535,0.0018110870862364996
T01177,B1_ALL,BTCUSDT,15m,1,donchian n=50 vol=1.5,trend,maker_both,LONG,2025-04-22 13:45:00+00:00,90116.1,0.0061030146487491,0.0065475619798541,0.0004445473311050002
T01156,GAP0,BTCUSDT,15m,1,donchian n=50 vol=1.5,trend,maker_both,LONG,2025-04-04 07:15:00+00:00,83483.4,0.0043738263953104,0.0065475619798541,0.0021737355845437003
T01160,GAP10,BTCUSDT,15m,1,donchian n=50 vol=1.5,trend,maker_both,LONG,2025-04-09 17:30:00+00:00,80804.9,0.0182268166970117,0.0065475619798541,-0.0116792547171576
T01164,GAP25,BTCUSDT,15m,1,donchian n=50 vol=1.5,trend,maker_both,LONG,2025-04-11 08:15:00+00:00,81408.6,0.0078046191427295,0.0065475619798541,-0.0012570571628753996
T01168,GAP50,BTCUSDT,15m,1,donchian n=50 vol=1.5,trend,maker_both,LONG,2025-04-12 20:45:00+00:00,85755.7,-0.007933514199391,0.0065475619798541,0.0144810761792451
T01178,B1_ALL,BTCUSDT,15m,1,donchian n=50 vol=1.5,trend,maker_both,SHORT,2025-04-26 09:45:00+00:00,94135.3,-0.0020457483148357,0.0024750336656277,0.0045207819804633995
T01179,B1_ALL,BTCUSDT,15m,1,donchian n=50 vol=1.5,trend,maker_both,LONG,2025-04-26 22:15:00+00:00,94530.1,0.0017688461381309,0.0018784280041997,0.00010958186606879988
T01160,GAP0,BTCUSDT,15m,1,donchian n=50 vol=1.5,trend,maker_both,LONG,2025-04-09 17:30:00+00:00,80804.9,0.0182268166970117,0.0018784280041997,-0.016348388692812
T01164,GAP10,BTCUSDT,15m,1,donchian n=50 vol=1.5,trend,maker_both,LONG,2025-04-11 08:15:00+00:00,81408.6,0.0078046191427295,0.0018784280041997,-0.0059261911385297995
T01165,GAP25,BTCUSDT,15m,1,donchian n=50 vol=1.5,trend,maker_both,LONG,2025-04-11 17:45:00+00:00,83912.2,-0.0072836947682789,0.0018784280041997,0.0091621227724786
T01170,GAP50,BTCUSDT,15m,1,donchian n=50 vol=1.5,trend,maker_both,LONG,2025-04-14 02:45:00+00:00,85262.4,-0.012620114403685,0.0018784280041997,0.0144985424078847
T01180,B1_ALL,BTCUSDT,15m,1,donchian n=50 vol=1.5,trend,maker_both,LONG,2025-04-27 00:30:00+00:00,94910.0,0.0022087001593998,0.0021975552536755,-1.1144905724300071e-05
T01165,GAP10,BTCUSDT,15m,1,donchian n=50 vol=1.5,trend,maker_both,LONG,2025-04-11 17:45:00+00:00,83912.2,-0.0072836947682789,0.0021975552536755,0.0094812500219544
T01166,GAP25,BTCUSDT,15m,1,donchian n=50 vol=1.5,trend,maker_both,LONG,2025-04-12 13:45:00+00:00,84131.2,0.0052167073303753,0.0021975552536755,-0.0030191520766998004
T01171,GAP50,BTCUSDT,15m,1,donchian n=50 vol=1.5,trend,maker_both,LONG,2025-04-15 05:15:00+00:00,85617.3,-0.0030368580996003,0.0021975552536755,0.0052344133532757995
T01181,B1_ALL,BTCUSDT,15m,1,donchian n=50 vol=1.5,trend,maker_both,SHORT,2025-04-29 22:15:00+00:00,94200.4,-0.0070061536831343,-0.0071945431713739,-0.00018838948823959954
T01161,GAP0,BTCUSDT,15m,1,donchian n=50 vol=1.5,trend,maker_both,SHORT,2025-04-10 13:45:00+00:00,80874.2,-0.0109657045029137,-0.0071945431713739,0.0037711613315398003
T01161,GAP10,BTCUSDT,15m,1,donchian n=50 vol=1.5,trend,maker_both,SHORT,2025-04-10 13:45:00+00:00,80874.2,-0.0109657045029137,-0.0071945431713739,0.0037711613315398003
T01162,GAP25,BTCUSDT,15m,1,donchian n=50 vol=1.5,trend,maker_both,SHORT,2025-04-10 15:30:00+00:00,80200.2,0.01026773349129,-0.0071945431713739,-0.017462276662663898
T01162,GAP50,BTCUSDT,15m,1,donchian n=50 vol=1.5,trend,maker_both,SHORT,2025-04-10 15:30:00+00:00,80200.2,0.01026773349129,-0.0071945431713739,-0.017462276662663898
T01182,B1_ALL,BTCUSDT,15m,1,donchian n=50 vol=1.5,trend,maker_both,LONG,2025-05-01 13:30:00+00:00,96586.4,-0.0061025000791666,0.004478813274869,0.0105813133540356
T01183,B1_ALL,BTCUSDT,15m,1,donchian n=50 vol=1.5,trend,maker_both,LONG,2025-05-01 15:15:00+00:00,97326.4,-0.0085595698166235,-0.0087200201876327,-0.00016045037100920027
T01184,B1_ALL,BTCUSDT,15m,1,donchian n=50 vol=1.5,trend,maker_both,LONG,2025-05-02 14:45:00+00:00,97308.0,-0.0072410426205876,-0.0076121978209144,-0.00037115520032680004
T01164,GAP0,BTCUSDT,15m,1,donchian n=50 vol=1.5,trend,maker_both,LONG,2025-04-11 08:15:00+00:00,81408.6,0.0078046191427295,-0.0076121978209144,-0.0154168169636439
T01166,GAP10,BTCUSDT,15m,1,donchian n=50 vol=1.5,trend,maker_both,LONG,2025-04-12 13:45:00+00:00,84131.2,0.0052167073303753,-0.0076121978209144,-0.012828905151289701
T01167,GAP25,BTCUSDT,15m,1,donchian n=50 vol=1.5,trend,maker_both,LONG,2025-04-12 14:30:00+00:00,84856.7,0.003191252127617,-0.0076121978209144,-0.0108034499485314
T01172,GAP50,BTCUSDT,15m,1,donchian n=50 vol=1.5,trend,maker_both,LONG,2025-04-15 13:45:00+00:00,86012.0,-0.006995492113755,-0.0076121978209144,-0.0006167057071594
T01185,B1_ALL,BTCUSDT,15m,1,donchian n=50 vol=1.5,trend,maker_both,SHORT,2025-05-03 01:45:00+00:00,96433.4,0.0020945255293008,0.0019648396815769,-0.00012968584772390023
T01163,GAP25,BTCUSDT,15m,1,donchian n=50 vol=1.5,trend,maker_both,SHORT,2025-04-10 16:00:00+00:00,78731.7,-0.0141051590902072,0.0019648396815769,0.0160699987717841
T01163,GAP50,BTCUSDT,15m,1,donchian n=50 vol=1.5,trend,maker_both,SHORT,2025-04-10 16:00:00+00:00,78731.7,-0.0141051590902072,0.0019648396815769,0.0160699987717841
T01186,B1_ALL,BTCUSDT,15m,1,donchian n=50 vol=1.5,trend,maker_both,SHORT,2025-05-05 01:45:00+00:00,93912.1,-0.006699180792872,-0.006587576540887,0.0001116042519850001
T01162,GAP0,BTCUSDT,15m,1,donchian n=50 vol=1.5,trend,maker_both,SHORT,2025-04-10 15:30:00+00:00,80200.2,0.01026773349129,-0.006587576540887,-0.016855310032177
T01162,GAP10,BTCUSDT,15m,1,donchian n=50 vol=1.5,trend,maker_both,SHORT,2025-04-10 15:30:00+00:00,80200.2,0.01026773349129,-0.006587576540887,-0.016855310032177
T01169,GAP25,BTCUSDT,15m,1,donchian n=50 vol=1.5,trend,maker_both,SHORT,2025-04-13 13:30:00+00:00,84054.3,0.0051298337139807,-0.006587576540887,-0.011717410254867701
T01169,GAP50,BTCUSDT,15m,1,donchian n=50 vol=1.5,trend,maker_both,SHORT,2025-04-13 13:30:00+00:00,84054.3,0.0051298337139807,-0.006587576540887,-0.011717410254867701
T01187,B1_ALL,BTCUSDT,15m,1,donchian n=50 vol=1.5,trend,maker_both,LONG,2025-05-05 22:45:00+00:00,95146.1,-0.0063710788680504,-0.0063281677407625,4.291112728790035e-05
T01188,B1_ALL,BTCUSDT,15m,1,donchian n=50 vol=1.5,trend,maker_both,SHORT,2025-05-06 11:00:00+00:00,93896.1,0.0022268655680294,0.0022072506154692,-1.9614952560200252e-05
T01173,GAP50,BTCUSDT,15m,1,donchian n=50 vol=1.5,trend,maker_both,SHORT,2025-04-15 20:00:00+00:00,83954.6,0.0052509539703818,0.0022072506154692,-0.0030437033549126
T01189,B1_ALL,BTCUSDT,15m,1,donchian n=50 vol=1.5,trend,maker_both,LONG,2025-05-07 14:30:00+00:00,97409.0,-0.0057395714034723,-0.0056997872571924,3.9784146279899825e-05
T01190,B1_ALL,BTCUSDT,15m,1,donchian n=50 vol=1.5,trend,maker_both,LONG,2025-05-08 01:00:00+00:00,97725.1,0.0050530010815811,0.0055514305138529,0.0004984294322717998
T01165,GAP0,BTCUSDT,15m,1,donchian n=50 vol=1.5,trend,maker_both,LONG,2025-04-11 17:45:00+00:00,83912.2,-0.0072836947682789,0.0055514305138529,0.0128351252821318
T01167,GAP10,BTCUSDT,15m,1,donchian n=50 vol=1.5,trend,maker_both,LONG,2025-04-12 14:30:00+00:00,84856.7,0.003191252127617,0.0055514305138529,0.0023601783862358997
T01168,GAP25,BTCUSDT,15m,1,donchian n=50 vol=1.5,trend,maker_both,LONG,2025-04-12 20:45:00+00:00,85755.7,-0.007933514199391,0.0055514305138529,0.0134849447132439
T01175,GAP50,BTCUSDT,15m,1,donchian n=50 vol=1.5,trend,maker_both,LONG,2025-04-21 14:30:00+00:00,88312.1,-0.0094918627785105,0.0055514305138529,0.0150432932923634
T01191,B1_ALL,BTCUSDT,15m,1,donchian n=50 vol=1.5,trend,maker_both,LONG,2025-05-08 02:30:00+00:00,98561.6,0.0057858292323437,0.0057007936454743,-8.50355868694001e-05
T01166,GAP0,BTCUSDT,15m,1,donchian n=50 vol=1.5,trend,maker_both,LONG,2025-04-12 13:45:00+00:00,84131.2,0.0052167073303753,0.0057007936454743,0.00048408631509899974
T01168,GAP10,BTCUSDT,15m,1,donchian n=50 vol=1.5,trend,maker_both,LONG,2025-04-12 20:45:00+00:00,85755.7,-0.007933514199391,0.0057007936454743,0.0136343078448653
T01170,GAP25,BTCUSDT,15m,1,donchian n=50 vol=1.5,trend,maker_both,LONG,2025-04-14 02:45:00+00:00,85262.4,-0.012620114403685,0.0057007936454743,0.0183209080491593
T01176,GAP50,BTCUSDT,15m,1,donchian n=50 vol=1.5,trend,maker_both,LONG,2025-04-22 13:00:00+00:00,88947.2,0.0041958680854395,0.0057007936454743,0.0015049255600347996
T01192,B1_ALL,BTCUSDT,15m,1,donchian n=50 vol=1.5,trend,maker_both,LONG,2025-05-08 08:15:00+00:00,99433.2,-0.0042959120061732,-0.0015085010124016,0.0027874109937716
T01167,GAP0,BTCUSDT,15m,1,donchian n=50 vol=1.5,trend,maker_both,LONG,2025-04-12 14:30:00+00:00,84856.7,0.003191252127617,-0.0015085010124016,-0.0046997531400186
T01170,GAP10,BTCUSDT,15m,1,donchian n=50 vol=1.5,trend,maker_both,LONG,2025-04-14 02:45:00+00:00,85262.4,-0.012620114403685,-0.0015085010124016,0.0111116133912834
T01171,GAP25,BTCUSDT,15m,1,donchian n=50 vol=1.5,trend,maker_both,LONG,2025-04-15 05:15:00+00:00,85617.3,-0.0030368580996003,-0.0015085010124016,0.0015283570871987002
T01177,GAP50,BTCUSDT,15m,1,donchian n=50 vol=1.5,trend,maker_both,LONG,2025-04-22 13:45:00+00:00,90116.1,0.0061030146487491,-0.0015085010124016,-0.007611515661150699
T01193,B1_ALL,BTCUSDT,15m,1,donchian n=50 vol=1.5,trend,maker_both,LONG,2025-05-08 15:30:00+00:00,100597.4,0.0056709185191882,0.0067063879269068,0.0010354694077186
T01168,GAP0,BTCUSDT,15m,1,donchian n=50 vol=1.5,trend,maker_both,LONG,2025-04-12 20:45:00+00:00,85755.7,-0.007933514199391,0.0067063879269068,0.014639902126297798
T01171,GAP10,BTCUSDT,15m,1,donchian n=50 vol=1.5,trend,maker_both,LONG,2025-04-15 05:15:00+00:00,85617.3,-0.0030368580996003,0.0067063879269068,0.0097432460265071
T01172,GAP25,BTCUSDT,15m,1,donchian n=50 vol=1.5,trend,maker_both,LONG,2025-04-15 13:45:00+00:00,86012.0,-0.006995492113755,0.0067063879269068,0.0137018800406618
T01179,GAP50,BTCUSDT,15m,1,donchian n=50 vol=1.5,trend,maker_both,LONG,2025-04-26 22:15:00+00:00,94530.1,0.0017688461381309,0.0067063879269068,0.0049375417887759
T01194,B1_ALL,BTCUSDT,15m,1,donchian n=50 vol=1.5,trend,maker_both,SHORT,2025-05-11 22:45:00+00:00,103530.1,-0.0074010806942622,-0.0072889843188231,0.00011209637543909984
T01195,B1_ALL,BTCUSDT,15m,1,donchian n=50 vol=1.5,trend,maker_both,LONG,2025-05-12 07:15:00+00:00,105570.6,-0.0077156729234983,-0.0079600826691461,-0.0002444097456477997
T01180,GAP50,BTCUSDT,15m,1,donchian n=50 vol=1.5,trend,maker_both,LONG,2025-04-27 00:30:00+00:00,94910.0,0.0022087001593998,-0.0079600826691461,-0.0101687828285459
T01196,B1_ALL,BTCUSDT,15m,1,donchian n=50 vol=1.5,trend,maker_both,SHORT,2025-05-12 14:30:00+00:00,102906.9,0.0081201982789466,0.0087373784063712,0.0006171801274245988
T01197,B1_ALL,BTCUSDT,15m,2,pullback rsi=35,all,maker_both,LONG,2025-05-18 20:00:00+00:00,103834.0,0.0061499578714893,0.0064901197798471,0.00034016190835779985
T01198,B1_ALL,BTCUSDT,15m,2,pullback rsi=35,all,maker_both,LONG,2025-05-20 08:30:00+00:00,104857.5,-0.0072633031492237,-0.0072657661294773,-2.4629802536004636e-06
T01197,GAP0,BTCUSDT,15m,2,pullback rsi=35,all,maker_both,LONG,2025-05-18 20:00:00+00:00,103834.0,0.0061499578714893,-0.0072657661294773,-0.0134157240009666
T01197,GAP10,BTCUSDT,15m,2,pullback rsi=35,all,maker_both,LONG,2025-05-18 20:00:00+00:00,103834.0,0.0061499578714893,-0.0072657661294773,-0.0134157240009666
T01197,GAP25,BTCUSDT,15m,2,pullback rsi=35,all,maker_both,LONG,2025-05-18 20:00:00+00:00,103834.0,0.0061499578714893,-0.0072657661294773,-0.0134157240009666
T01197,GAP50,BTCUSDT,15m,2,pullback rsi=35,all,maker_both,LONG,2025-05-18 20:00:00+00:00,103834.0,0.0061499578714893,-0.0072657661294773,-0.0134157240009666
T01199,B1_ALL,BTCUSDT,15m,2,pullback rsi=35,all,maker_both,SHORT,2025-05-24 10:45:00+00:00,108908.1,-0.0003362941204844,-0.0004301245262795,-9.383040579509998e-05
T01199,GAP50,BTCUSDT,15m,2,pullback rsi=35,all,maker_both,SHORT,2025-05-24 10:45:00+00:00,108908.1,-0.0003362941204844,-0.0004301245262795,-9.383040579509998e-05
T01200,B1_ALL,BTCUSDT,15m,2,pullback rsi=35,all,maker_both,SHORT,2025-05-31 13:15:00+00:00,104070.0,-0.0047999944939193,-0.0048227525034184,-2.2758009499100618e-05
T01199,GAP0,BTCUSDT,15m,2,pullback rsi=35,all,maker_both,SHORT,2025-05-24 10:45:00+00:00,108908.1,-0.0003362941204844,-0.0048227525034184,-0.004486458382934
T01199,GAP10,BTCUSDT,15m,2,pullback rsi=35,all,maker_both,SHORT,2025-05-24 10:45:00+00:00,108908.1,-0.0003362941204844,-0.0048227525034184,-0.004486458382934
T01199,GAP25,BTCUSDT,15m,2,pullback rsi=35,all,maker_both,SHORT,2025-05-24 10:45:00+00:00,108908.1,-0.0003362941204844,-0.0048227525034184,-0.004486458382934
T01200,GAP50,BTCUSDT,15m,2,pullback rsi=35,all,maker_both,SHORT,2025-05-31 13:15:00+00:00,104070.0,-0.0047999944939193,-0.0048227525034184,-2.2758009499100618e-05
T01201,B1_ALL,BTCUSDT,15m,2,pullback rsi=35,all,maker_both,SHORT,2025-06-06 04:45:00+00:00,102678.8,-0.006419126685935,-0.0061643047983747,0.00025482188756029926
T01200,GAP25,BTCUSDT,15m,2,pullback rsi=35,all,maker_both,SHORT,2025-05-31 13:15:00+00:00,104070.0,-0.0047999944939193,-0.0061643047983747,-0.0013643103044554006
T01201,GAP50,BTCUSDT,15m,2,pullback rsi=35,all,maker_both,SHORT,2025-06-06 04:45:00+00:00,102678.8,-0.006419126685935,-0.0061643047983747,0.00025482188756029926
T01202,B1_ALL,BTCUSDT,15m,2,pullback rsi=35,all,maker_both,LONG,2025-06-08 23:15:00+00:00,105609.9,-0.0045414902689747,-0.0045580221371058,-1.6531868131100177e-05
T01198,GAP0,BTCUSDT,15m,2,pullback rsi=35,all,maker_both,LONG,2025-05-20 08:30:00+00:00,104857.5,-0.0072633031492237,-0.0045580221371058,0.0027052810121179
T01198,GAP10,BTCUSDT,15m,2,pullback rsi=35,all,maker_both,LONG,2025-05-20 08:30:00+00:00,104857.5,-0.0072633031492237,-0.0045580221371058,0.0027052810121179
T01198,GAP25,BTCUSDT,15m,2,pullback rsi=35,all,maker_both,LONG,2025-05-20 08:30:00+00:00,104857.5,-0.0072633031492237,-0.0045580221371058,0.0027052810121179
T01198,GAP50,BTCUSDT,15m,2,pullback rsi=35,all,maker_both,LONG,2025-05-20 08:30:00+00:00,104857.5,-0.0072633031492237,-0.0045580221371058,0.0027052810121179
T01203,B1_ALL,BTCUSDT,15m,2,pullback rsi=35,all,maker_both,SHORT,2025-06-12 17:45:00+00:00,108234.1,0.0047255604804893,0.0046404027569874,-8.515772350189965e-05
T01200,GAP10,BTCUSDT,15m,2,pullback rsi=35,all,maker_both,SHORT,2025-05-31 13:15:00+00:00,104070.0,-0.0047999944939193,0.0046404027569874,0.0094403972509067
T01201,GAP25,BTCUSDT,15m,2,pullback rsi=35,all,maker_both,SHORT,2025-06-06 04:45:00+00:00,102678.8,-0.006419126685935,0.0046404027569874,0.011059529442922399
T01203,GAP50,BTCUSDT,15m,2,pullback rsi=35,all,maker_both,SHORT,2025-06-12 17:45:00+00:00,108234.1,0.0047255604804893,0.0046404027569874,-8.515772350189965e-05
T01204,B1_ALL,BTCUSDT,15m,2,pullback rsi=35,all,maker_both,LONG,2025-06-16 23:45:00+00:00,107100.2,-0.0083110440854611,0.0060963345228605,0.0144073786083216
T01205,B1_ALL,BTCUSDT,15m,2,pullback rsi=35,all,maker_both,LONG,2025-06-20 14:30:00+00:00,105235.0,-0.0063731300982362,-0.006964803020529,-0.0005916729222928
T01206,B1_ALL,BTCUSDT,15m,2,pullback rsi=35,all,maker_both,LONG,2025-06-28 13:45:00+00:00,107073.1,3.867749608110847e-05,-9.439812185151572e-06,-4.8117308266260046e-05
T01202,GAP25,BTCUSDT,15m,2,pullback rsi=35,all,maker_both,LONG,2025-06-08 23:15:00+00:00,105609.9,-0.0045414902689747,-9.439812185151572e-06,0.004532050456789548
T01202,GAP50,BTCUSDT,15m,2,pullback rsi=35,all,maker_both,LONG,2025-06-08 23:15:00+00:00,105609.9,-0.0045414902689747,-9.439812185151572e-06,0.004532050456789548
T01207,B1_ALL,BTCUSDT,15m,3,donchian n=20 vol=0.0,trend,maker_both,SHORT,2025-06-29 16:00:00+00:00,107686.9,-0.0035488702919779,-0.0035492521962406,-3.819042626996942e-07
T01207,GAP0,BTCUSDT,15m,3,donchian n=20 vol=0.0,trend,maker_both,SHORT,2025-06-29 16:00:00+00:00,107686.9,-0.0035488702919779,-0.0035492521962406,-3.819042626996942e-07
T01207,GAP10,BTCUSDT,15m,3,donchian n=20 vol=0.0,trend,maker_both,SHORT,2025-06-29 16:00:00+00:00,107686.9,-0.0035488702919779,-0.0035492521962406,-3.819042626996942e-07
T01207,GAP25,BTCUSDT,15m,3,donchian n=20 vol=0.0,trend,maker_both,SHORT,2025-06-29 16:00:00+00:00,107686.9,-0.0035488702919779,-0.0035492521962406,-3.819042626996942e-07
T01207,GAP50,BTCUSDT,15m,3,donchian n=20 vol=0.0,trend,maker_both,SHORT,2025-06-29 16:00:00+00:00,107686.9,-0.0035488702919779,-0.0035492521962406,-3.819042626996942e-07
T01208,B1_ALL,BTCUSDT,15m,3,donchian n=20 vol=0.0,trend,maker_both,SHORT,2025-06-30 05:45:00+00:00,108175.2,0.0028017101488125,0.0027499943101171,-5.171583869539994e-05
T01208,GAP50,BTCUSDT,15m,3,donchian n=20 vol=0.0,trend,maker_both,SHORT,2025-06-30 05:45:00+00:00,108175.2,0.0028017101488125,0.0027499943101171,-5.171583869539994e-05
T01209,B1_ALL,BTCUSDT,15m,3,donchian n=20 vol=0.0,trend,maker_both,SHORT,2025-06-30 07:00:00+00:00,107504.5,-0.0035001917477409,-0.0034649014079441,3.529033979679996e-05
T01208,GAP10,BTCUSDT,15m,3,donchian n=20 vol=0.0,trend,maker_both,SHORT,2025-06-30 05:45:00+00:00,108175.2,0.0028017101488125,-0.0034649014079441,-0.0062666115567566
T01208,GAP25,BTCUSDT,15m,3,donchian n=20 vol=0.0,trend,maker_both,SHORT,2025-06-30 05:45:00+00:00,108175.2,0.0028017101488125,-0.0034649014079441,-0.0062666115567566
T01209,GAP50,BTCUSDT,15m,3,donchian n=20 vol=0.0,trend,maker_both,SHORT,2025-06-30 07:00:00+00:00,107504.5,-0.0035001917477409,-0.0034649014079441,3.529033979679996e-05
T01210,B1_ALL,BTCUSDT,15m,3,donchian n=20 vol=0.0,trend,maker_both,SHORT,2025-07-01 15:15:00+00:00,105619.6,-0.0056107680119532,0.0020831820391894,0.0076939500511426
T01211,B1_ALL,BTCUSDT,15m,3,donchian n=20 vol=0.0,trend,maker_both,LONG,2025-07-02 03:15:00+00:00,106012.1,0.0047154135136345,0.0046559258208905,-5.948769274400061e-05
T01211,GAP0,BTCUSDT,15m,3,donchian n=20 vol=0.0,trend,maker_both,LONG,2025-07-02 03:15:00+00:00,106012.1,0.0047154135136345,0.0046559258208905,-5.948769274400061e-05
T01211,GAP10,BTCUSDT,15m,3,donchian n=20 vol=0.0,trend,maker_both,LONG,2025-07-02 03:15:00+00:00,106012.1,0.0047154135136345,0.0046559258208905,-5.948769274400061e-05
T01211,GAP25,BTCUSDT,15m,3,donchian n=20 vol=0.0,trend,maker_both,LONG,2025-07-02 03:15:00+00:00,106012.1,0.0047154135136345,0.0046559258208905,-5.948769274400061e-05
T01211,GAP50,BTCUSDT,15m,3,donchian n=20 vol=0.0,trend,maker_both,LONG,2025-07-02 03:15:00+00:00,106012.1,0.0047154135136345,0.0046559258208905,-5.948769274400061e-05
T01212,B1_ALL,BTCUSDT,15m,3,donchian n=20 vol=0.0,trend,maker_both,SHORT,2025-07-02 23:30:00+00:00,108922.0,-0.0043595700194509,-0.0044119278460129,-5.235782656199967e-05
T01208,GAP0,BTCUSDT,15m,3,donchian n=20 vol=0.0,trend,maker_both,SHORT,2025-06-30 05:45:00+00:00,108175.2,0.0028017101488125,-0.0044119278460129,-0.007213637994825399
T01209,GAP10,BTCUSDT,15m,3,donchian n=20 vol=0.0,trend,maker_both,SHORT,2025-06-30 07:00:00+00:00,107504.5,-0.0035001917477409,-0.0044119278460129,-0.0009117360982719997
T01209,GAP25,BTCUSDT,15m,3,donchian n=20 vol=0.0,trend,maker_both,SHORT,2025-06-30 07:00:00+00:00,107504.5,-0.0035001917477409,-0.0044119278460129,-0.0009117360982719997
T01210,GAP50,BTCUSDT,15m,3,donchian n=20 vol=0.0,trend,maker_both,SHORT,2025-07-01 15:15:00+00:00,105619.6,-0.0056107680119532,-0.0044119278460129,0.0011988401659403002
T01213,B1_ALL,BTCUSDT,15m,3,donchian n=20 vol=0.0,trend,maker_both,LONG,2025-07-03 06:00:00+00:00,109290.4,0.0043169649548694,0.0042756299996221,-4.133495524730017e-05
T01213,GAP50,BTCUSDT,15m,3,donchian n=20 vol=0.0,trend,maker_both,LONG,2025-07-03 06:00:00+00:00,109290.4,0.0043169649548694,0.0042756299996221,-4.133495524730017e-05
T01214,B1_ALL,BTCUSDT,15m,3,donchian n=20 vol=0.0,trend,maker_both,LONG,2025-07-03 09:45:00+00:00,110217.1,-0.0042361163984782,-0.0044038798662447,-0.00016776346776650047
T01215,B1_ALL,BTCUSDT,15m,3,donchian n=20 vol=0.0,trend,maker_both,SHORT,2025-07-03 12:45:00+00:00,108908.9,-0.004832586468274,-0.0050086120582255,-0.00017602558995149977
T01216,B1_ALL,BTCUSDT,15m,3,donchian n=20 vol=0.0,trend,maker_both,LONG,2025-07-03 21:00:00+00:00,109902.8,-0.0043716722124841,-0.0044284971601357,-5.682494765160001e-05
T01217,B1_ALL,BTCUSDT,15m,3,donchian n=20 vol=0.0,trend,maker_both,SHORT,2025-07-04 00:30:00+00:00,109443.5,-0.0034478604564875,0.0034269588509886,0.006874819307476099
T01218,B1_ALL,BTCUSDT,15m,3,donchian n=20 vol=0.0,trend,maker_both,SHORT,2025-07-04 02:30:00+00:00,109300.7,0.0034901598184099,-0.0036078552509148,-0.0070980150693247
T01209,GAP0,BTCUSDT,15m,3,donchian n=20 vol=0.0,trend,maker_both,SHORT,2025-06-30 07:00:00+00:00,107504.5,-0.0035001917477409,-0.0036078552509148,-0.00010766350317389971
T01210,GAP10,BTCUSDT,15m,3,donchian n=20 vol=0.0,trend,maker_both,SHORT,2025-07-01 15:15:00+00:00,105619.6,-0.0056107680119532,-0.0036078552509148,0.0020029127610384
T01210,GAP25,BTCUSDT,15m,3,donchian n=20 vol=0.0,trend,maker_both,SHORT,2025-07-01 15:15:00+00:00,105619.6,-0.0056107680119532,-0.0036078552509148,0.0020029127610384
T01212,GAP50,BTCUSDT,15m,3,donchian n=20 vol=0.0,trend,maker_both,SHORT,2025-07-02 23:30:00+00:00,108922.0,-0.0043595700194509,-0.0036078552509148,0.0007517147685361003
T01219,B1_ALL,BTCUSDT,15m,3,donchian n=20 vol=0.0,trend,maker_both,SHORT,2025-07-04 07:30:00+00:00,108703.4,-0.0035231542192096,-0.0035382386569818,-1.5084437772200279e-05
T01220,B1_ALL,BTCUSDT,15m,3,donchian n=20 vol=0.0,trend,maker_both,SHORT,2025-07-07 06:45:00+00:00,108774.3,-0.0035501735501102,-0.0035065794637475,4.359408636269964e-05
T01210,GAP0,BTCUSDT,15m,3,donchian n=20 vol=0.0,trend,maker_both,SHORT,2025-07-01 15:15:00+00:00,105619.6,-0.0056107680119532,-0.0035065794637475,0.0021041885482057
T01212,GAP10,BTCUSDT,15m,3,donchian n=20 vol=0.0,trend,maker_both,SHORT,2025-07-02 23:30:00+00:00,108922.0,-0.0043595700194509,-0.0035065794637475,0.0008529905557034
T01212,GAP25,BTCUSDT,15m,3,donchian n=20 vol=0.0,trend,maker_both,SHORT,2025-07-02 23:30:00+00:00,108922.0,-0.0043595700194509,-0.0035065794637475,0.0008529905557034
T01215,GAP50,BTCUSDT,15m,3,donchian n=20 vol=0.0,trend,maker_both,SHORT,2025-07-03 12:45:00+00:00,108908.9,-0.004832586468274,-0.0035065794637475,0.0013260070045265
T01221,B1_ALL,BTCUSDT,15m,3,donchian n=20 vol=0.0,trend,maker_both,SHORT,2025-07-10 10:45:00+00:00,110900.7,-0.0031199824488509,0.0028789363619715,0.0059989188108223995
T01222,B1_ALL,BTCUSDT,15m,3,donchian n=20 vol=0.0,trend,maker_both,SHORT,2025-07-10 12:15:00+00:00,110760.2,-0.0032626573351728,-0.0033220401754977,-5.938284032490013e-05
T01223,B1_ALL,BTCUSDT,15m,3,donchian n=20 vol=0.0,trend,maker_both,LONG,2025-07-10 15:30:00+00:00,111277.4,0.0061379742665231,0.0062356221634297,9.764789690660039e-05
T01224,B1_ALL,BTCUSDT,15m,3,donchian n=20 vol=0.0,trend,maker_both,LONG,2025-07-10 16:45:00+00:00,112585.9,0.0075137273154025,0.0074121090327591,-0.0001016182826433995
T01213,GAP0,BTCUSDT,15m,3,donchian n=20 vol=0.0,trend,maker_both,LONG,2025-07-03 06:00:00+00:00,109290.4,0.0043169649548694,0.0074121090327591,0.0030951440778897
T01213,GAP10,BTCUSDT,15m,3,donchian n=20 vol=0.0,trend,maker_both,LONG,2025-07-03 06:00:00+00:00,109290.4,0.0043169649548694,0.0074121090327591,0.0030951440778897
T01213,GAP25,BTCUSDT,15m,3,donchian n=20 vol=0.0,trend,maker_both,LONG,2025-07-03 06:00:00+00:00,109290.4,0.0043169649548694,0.0074121090327591,0.0030951440778897
T01214,GAP50,BTCUSDT,15m,3,donchian n=20 vol=0.0,trend,maker_both,LONG,2025-07-03 09:45:00+00:00,110217.1,-0.0042361163984782,0.0074121090327591,0.011648225431237301
T01225,B1_ALL,BTCUSDT,15m,3,donchian n=20 vol=0.0,trend,maker_both,LONG,2025-07-10 21:30:00+00:00,115690.1,0.0137356046558639,-0.0091475720899703,-0.022883176745834198
T01214,GAP0,BTCUSDT,15m,3,donchian n=20 vol=0.0,trend,maker_both,LONG,2025-07-03 09:45:00+00:00,110217.1,-0.0042361163984782,-0.0091475720899703,-0.0049114556914921
T01214,GAP10,BTCUSDT,15m,3,donchian n=20 vol=0.0,trend,maker_both,LONG,2025-07-03 09:45:00+00:00,110217.1,-0.0042361163984782,-0.0091475720899703,-0.0049114556914921
T01214,GAP25,BTCUSDT,15m,3,donchian n=20 vol=0.0,trend,maker_both,LONG,2025-07-03 09:45:00+00:00,110217.1,-0.0042361163984782,-0.0091475720899703,-0.0049114556914921
T01216,GAP50,BTCUSDT,15m,3,donchian n=20 vol=0.0,trend,maker_both,LONG,2025-07-03 21:00:00+00:00,109902.8,-0.0043716722124841,-0.0091475720899703,-0.0047758998774862
T01226,B1_ALL,BTCUSDT,15m,3,donchian n=20 vol=0.0,trend,maker_both,LONG,2025-07-13 06:45:00+00:00,117925.2,-0.0027580532302068,-0.0027316232402457,2.6429989961100197e-05
T01227,B1_ALL,BTCUSDT,15m,3,donchian n=20 vol=0.0,trend,maker_both,LONG,2025-07-13 12:30:00+00:00,118150.8,0.0019080753940189,0.001932760546715,2.4685152696100107e-05
T01223,GAP50,BTCUSDT,15m,3,donchian n=20 vol=0.0,trend,maker_both,LONG,2025-07-10 15:30:00+00:00,111277.4,0.0061379742665231,0.001932760546715,-0.0042052137198081
T01228,B1_ALL,BTCUSDT,15m,3,donchian n=20 vol=0.0,trend,maker_both,SHORT,2025-07-14 16:15:00+00:00,119413.7,-0.0069386578972858,0.0072921659033772,0.014230823800663001
T01229,B1_ALL,BTCUSDT,15m,3,donchian n=20 vol=0.0,trend,maker_both,SHORT,2025-07-15 00:45:00+00:00,119374.4,0.0072084794220482,0.0071070344494622,-0.0001014449725859996
T01217,GAP50,BTCUSDT,15m,3,donchian n=20 vol=0.0,trend,maker_both,SHORT,2025-07-04 00:30:00+00:00,109443.5,-0.0034478604564875,0.0071070344494622,0.0105548949059497
T01230,B1_ALL,BTCUSDT,15m,3,donchian n=20 vol=0.0,trend,maker_both,SHORT,2025-07-15 02:30:00+00:00,117932.6,0.0099582337534017,0.0099106573726303,-4.757638077140108e-05
T01231,B1_ALL,BTCUSDT,15m,3,donchian n=20 vol=0.0,trend,maker_both,SHORT,2025-07-16 23:00:00+00:00,118624.8,0.0015967307888132,-0.0060957533058825,-0.0076924840946956995
T01212,GAP0,BTCUSDT,15m,3,donchian n=20 vol=0.0,trend,maker_both,SHORT,2025-07-02 23:30:00+00:00,108922.0,-0.0043595700194509,-0.0060957533058825,-0.0017361832864315994
T01215,GAP10,BTCUSDT,15m,3,donchian n=20 vol=0.0,trend,maker_both,SHORT,2025-07-03 12:45:00+00:00,108908.9,-0.004832586468274,-0.0060957533058825,-0.0012631668376084995
T01215,GAP25,BTCUSDT,15m,3,donchian n=20 vol=0.0,trend,maker_both,SHORT,2025-07-03 12:45:00+00:00,108908.9,-0.004832586468274,-0.0060957533058825,-0.0012631668376084995
T01218,GAP50,BTCUSDT,15m,3,donchian n=20 vol=0.0,trend,maker_both,SHORT,2025-07-04 02:30:00+00:00,109300.7,0.0034901598184099,-0.0060957533058825,-0.009585913124292399
T01232,B1_ALL,BTCUSDT,15m,3,donchian n=20 vol=0.0,trend,maker_both,SHORT,2025-07-18 07:30:00+00:00,119666.6,0.0078630031529397,0.0076081762360115,-0.0002548269169281997
T01233,B1_ALL,BTCUSDT,15m,3,donchian n=20 vol=0.0,trend,maker_both,SHORT,2025-07-23 02:15:00+00:00,119151.7,0.0065294065598989,0.0064465967622536,-8.280979764530016e-05
T01234,B1_ALL,BTCUSDT,15m,3,donchian n=20 vol=0.0,trend,maker_both,SHORT,2025-07-25 04:15:00+00:00,115190.4,-0.0058026122931559,-0.00573678407106,6.582822209590024e-05
T01219,GAP50,BTCUSDT,15m,3,donchian n=20 vol=0.0,trend,maker_both,SHORT,2025-07-04 07:30:00+00:00,108703.4,-0.0035231542192096,-0.00573678407106,-0.0022136298518504
T01235,B1_ALL,BTCUSDT,15m,3,donchian n=20 vol=0.0,trend,maker_both,LONG,2025-07-25 10:15:00+00:00,116200.0,-0.0068697303110771,-0.0066809456961599,0.00018878461491719963
T01224,GAP50,BTCUSDT,15m,3,donchian n=20 vol=0.0,trend,maker_both,LONG,2025-07-10 16:45:00+00:00,112585.9,0.0075137273154025,-0.0066809456961599,-0.0141946730115624
T01236,B1_ALL,BTCUSDT,15m,3,donchian n=20 vol=0.0,trend,maker_both,SHORT,2025-07-25 14:45:00+00:00,115070.0,-0.0070217247775752,-0.0070327754456848,-1.105066810959919e-05
T01215,GAP0,BTCUSDT,15m,3,donchian n=20 vol=0.0,trend,maker_both,SHORT,2025-07-03 12:45:00+00:00,108908.9,-0.004832586468274,-0.0070327754456848,-0.0022001889774107995
T01217,GAP10,BTCUSDT,15m,3,donchian n=20 vol=0.0,trend,maker_both,SHORT,2025-07-04 00:30:00+00:00,109443.5,-0.0034478604564875,-0.0070327754456848,-0.0035849149891973
T01217,GAP25,BTCUSDT,15m,3,donchian n=20 vol=0.0,trend,maker_both,SHORT,2025-07-04 00:30:00+00:00,109443.5,-0.0034478604564875,-0.0070327754456848,-0.0035849149891973
T01220,GAP50,BTCUSDT,15m,3,donchian n=20 vol=0.0,trend,maker_both,SHORT,2025-07-07 06:45:00+00:00,108774.3,-0.0035501735501102,-0.0070327754456848,-0.0034826018955746
T01237,B1_ALL,BTCUSDT,15m,3,donchian n=20 vol=0.0,trend,maker_both,LONG,2025-07-25 19:15:00+00:00,116628.1,0.0077199124930259,0.007466580976312,-0.0002533315167139007
T01216,GAP25,BTCUSDT,15m,3,donchian n=20 vol=0.0,trend,maker_both,LONG,2025-07-03 21:00:00+00:00,109902.8,-0.0043716722124841,0.007466580976312,0.0118382531887961
T01225,GAP50,BTCUSDT,15m,3,donchian n=20 vol=0.0,trend,maker_both,LONG,2025-07-10 21:30:00+00:00,115690.1,0.0137356046558639,0.007466580976312,-0.0062690236795519
T01238,B1_ALL,BTCUSDT,15m,3,donchian n=20 vol=0.0,trend,maker_both,LONG,2025-07-27 22:15:00+00:00,119694.8,-0.0041167817074325,-0.0040856663547065,3.111535272599941e-05
T01223,GAP25,BTCUSDT,15m,3,donchian n=20 vol=0.0,trend,maker_both,LONG,2025-07-10 15:30:00+00:00,111277.4,0.0061379742665231,-0.0040856663547065,-0.0102236406212296
T01226,GAP50,BTCUSDT,15m,3,donchian n=20 vol=0.0,trend,maker_both,LONG,2025-07-13 06:45:00+00:00,117925.2,-0.0027580532302068,-0.0040856663547065,-0.0013276131244997
T01239,B1_ALL,BTCUSDT,15m,3,donchian n=20 vol=0.0,trend,maker_both,SHORT,2025-07-28 07:15:00+00:00,118867.9,0.00425976009159,0.0044444419673052,0.00018468187571519992
T01240,B1_ALL,BTCUSDT,15m,3,donchian n=20 vol=0.0,trend,maker_both,SHORT,2025-07-28 14:30:00+00:00,118060.7,-0.0002955709770088,0.0008708606858492,0.0011664316628580002
T01241,B1_ALL,BTCUSDT,15m,3,donchian n=20 vol=0.0,trend,maker_both,SHORT,2025-08-01 00:15:00+00:00,115248.3,-0.0060104919037332,0.0090079312752097,0.015018423178942902
T01242,B1_ALL,BTCUSDT,15m,3,donchian n=20 vol=0.0,trend,maker_both,SHORT,2025-08-01 07:15:00+00:00,114936.7,-0.0053895174697164,-0.0053697418527837,1.9775616932699892e-05
T01217,GAP0,BTCUSDT,15m,3,donchian n=20 vol=0.0,trend,maker_both,SHORT,2025-07-04 00:30:00+00:00,109443.5,-0.0034478604564875,-0.0053697418527837,-0.0019218813962962006
T01218,GAP10,BTCUSDT,15m,3,donchian n=20 vol=0.0,trend,maker_both,SHORT,2025-07-04 02:30:00+00:00,109300.7,0.0034901598184099,-0.0053697418527837,-0.0088599016711936
T01218,GAP25,BTCUSDT,15m,3,donchian n=20 vol=0.0,trend,maker_both,SHORT,2025-07-04 02:30:00+00:00,109300.7,0.0034901598184099,-0.0053697418527837,-0.0088599016711936
T01221,GAP50,BTCUSDT,15m,3,donchian n=20 vol=0.0,trend,maker_both,SHORT,2025-07-10 10:45:00+00:00,110900.7,-0.0031199824488509,-0.0053697418527837,-0.0022497594039328004
T01243,B1_ALL,BTCUSDT,15m,3,donchian n=20 vol=0.0,trend,maker_both,LONG,2025-08-01 12:45:00+00:00,115818.6,-0.0055849133082864,-0.0055527266622499,3.218664603650036e-05
T01227,GAP50,BTCUSDT,15m,3,donchian n=20 vol=0.0,trend,maker_both,LONG,2025-07-13 12:30:00+00:00,118150.8,0.0019080753940189,-0.0055527266622499,-0.007460802056268799
T01244,B1_ALL,BTCUSDT,15m,3,donchian n=20 vol=0.0,trend,maker_both,SHORT,2025-08-01 14:00:00+00:00,114304.7,-0.0063927354778925,-0.0072687890032858,-0.0008760535253933
T01245,B1_ALL,BTCUSDT,15m,3,donchian n=20 vol=0.0,trend,maker_both,SHORT,2025-08-01 19:30:00+00:00,113348.0,-0.0063833099137226,-0.0076133340494971,-0.0012300241357744999
T01218,GAP0,BTCUSDT,15m,3,donchian n=20 vol=0.0,trend,maker_both,SHORT,2025-07-04 02:30:00+00:00,109300.7,0.0034901598184099,-0.0076133340494971,-0.011103493867907
T01219,GAP10,BTCUSDT,15m,3,donchian n=20 vol=0.0,trend,maker_both,SHORT,2025-07-04 07:30:00+00:00,108703.4,-0.0035231542192096,-0.0076133340494971,-0.0040901798302875
T01219,GAP25,BTCUSDT,15m,3,donchian n=20 vol=0.0,trend,maker_both,SHORT,2025-07-04 07:30:00+00:00,108703.4,-0.0035231542192096,-0.0076133340494971,-0.0040901798302875
T01222,GAP50,BTCUSDT,15m,3,donchian n=20 vol=0.0,trend,maker_both,SHORT,2025-07-10 12:15:00+00:00,110760.2,-0.0032626573351728,-0.0076133340494971,-0.004350676714324301
T01246,B1_ALL,BTCUSDT,15m,3,donchian n=20 vol=0.0,trend,maker_both,LONG,2025-08-02 04:45:00+00:00,113960.4,-0.004149008107916,-0.0039798742987691,0.0001691338091468998
T01216,GAP0,BTCUSDT,15m,3,donchian n=20 vol=0.0,trend,maker_both,LONG,2025-07-03 21:00:00+00:00,109902.8,-0.0043716722124841,-0.0039798742987691,0.00039179791371499965
T01216,GAP10,BTCUSDT,15m,3,donchian n=20 vol=0.0,trend,maker_both,LONG,2025-07-03 21:00:00+00:00,109902.8,-0.0043716722124841,-0.0039798742987691,0.00039179791371499965
T01224,GAP25,BTCUSDT,15m,3,donchian n=20 vol=0.0,trend,maker_both,LONG,2025-07-10 16:45:00+00:00,112585.9,0.0075137273154025,-0.0039798742987691,-0.0114936016141716
T01235,GAP50,BTCUSDT,15m,3,donchian n=20 vol=0.0,trend,maker_both,LONG,2025-07-25 10:15:00+00:00,116200.0,-0.0068697303110771,-0.0039798742987691,0.0028898560123079998
T01247,B1_ALL,BTCUSDT,15m,3,donchian n=20 vol=0.0,trend,maker_both,SHORT,2025-08-02 10:45:00+00:00,113387.8,-0.0034794017658553,-0.003512080666076,-3.2678900220699594e-05
T01248,B1_ALL,BTCUSDT,15m,3,donchian n=20 vol=0.0,trend,maker_both,SHORT,2025-08-02 13:30:00+00:00,113230.0,-0.0034255851077265,0.0034433752901233,0.0068689603978498
T01228,GAP50,BTCUSDT,15m,3,donchian n=20 vol=0.0,trend,maker_both,SHORT,2025-07-14 16:15:00+00:00,119413.7,-0.0069386578972858,0.0034433752901233,0.010382033187409101
T01249,B1_ALL,BTCUSDT,15m,3,donchian n=20 vol=0.0,trend,maker_both,SHORT,2025-08-02 14:45:00+00:00,112949.7,-0.0037141961620673,-0.0037695320591774,-5.5335897110099855e-05
T01250,B1_ALL,BTCUSDT,15m,3,donchian n=20 vol=0.0,trend,maker_both,SHORT,2025-08-02 16:00:00+00:00,112798.6,-0.0038779558985676,-0.0039398075848866,-6.185168631900025e-05
T01219,GAP0,BTCUSDT,15m,3,donchian n=20 vol=0.0,trend,maker_both,SHORT,2025-07-04 07:30:00+00:00,108703.4,-0.0035231542192096,-0.0039398075848866,-0.0004166533656770003
T01220,GAP10,BTCUSDT,15m,3,donchian n=20 vol=0.0,trend,maker_both,SHORT,2025-07-07 06:45:00+00:00,108774.3,-0.0035501735501102,-0.0039398075848866,-0.0003896340347764003
T01220,GAP25,BTCUSDT,15m,3,donchian n=20 vol=0.0,trend,maker_both,SHORT,2025-07-07 06:45:00+00:00,108774.3,-0.0035501735501102,-0.0039398075848866,-0.0003896340347764003
T01229,GAP50,BTCUSDT,15m,3,donchian n=20 vol=0.0,trend,maker_both,SHORT,2025-07-15 00:45:00+00:00,119374.4,0.0072084794220482,-0.0039398075848866,-0.0111482870069348
T01251,B1_ALL,BTCUSDT,15m,3,donchian n=20 vol=0.0,trend,maker_both,SHORT,2025-08-02 18:15:00+00:00,112442.0,-0.004693269141383,-0.0048144205920868,-0.00012115145070380057
T01220,GAP0,BTCUSDT,15m,3,donchian n=20 vol=0.0,trend,maker_both,SHORT,2025-07-07 06:45:00+00:00,108774.3,-0.0035501735501102,-0.0048144205920868,-0.0012642470419766006
T01221,GAP10,BTCUSDT,15m,3,donchian n=20 vol=0.0,trend,maker_both,SHORT,2025-07-10 10:45:00+00:00,110900.7,-0.0031199824488509,-0.0048144205920868,-0.0016944381432359005
T01221,GAP25,BTCUSDT,15m,3,donchian n=20 vol=0.0,trend,maker_both,SHORT,2025-07-10 10:45:00+00:00,110900.7,-0.0031199824488509,-0.0048144205920868,-0.0016944381432359005
T01230,GAP50,BTCUSDT,15m,3,donchian n=20 vol=0.0,trend,maker_both,SHORT,2025-07-15 02:30:00+00:00,117932.6,0.0099582337534017,-0.0048144205920868,-0.014772654345488502
T01252,B1_ALL,BTCUSDT,15m,3,donchian n=20 vol=0.0,trend,maker_both,LONG,2025-08-03 01:30:00+00:00,113152.7,0.0037410260118458,0.0041397350980617,0.00039870908621589957
T01223,GAP10,BTCUSDT,15m,3,donchian n=20 vol=0.0,trend,maker_both,LONG,2025-07-10 15:30:00+00:00,111277.4,0.0061379742665231,0.0041397350980617,-0.0019982391684614
T01225,GAP25,BTCUSDT,15m,3,donchian n=20 vol=0.0,trend,maker_both,LONG,2025-07-10 21:30:00+00:00,115690.1,0.0137356046558639,0.0041397350980617,-0.0095958695578022
T01237,GAP50,BTCUSDT,15m,3,donchian n=20 vol=0.0,trend,maker_both,LONG,2025-07-25 19:15:00+00:00,116628.1,0.0077199124930259,0.0041397350980617,-0.0035801773949642006
T01253,B1_ALL,BTCUSDT,15m,3,donchian n=20 vol=0.0,trend,maker_both,LONG,2025-08-03 11:15:00+00:00,114175.9,-0.002981002324964,-0.0030820625861089,-0.00010106026114490001
T01254,B1_ALL,BTCUSDT,15m,3,donchian n=20 vol=0.0,trend,maker_both,LONG,2025-08-03 17:15:00+00:00,114080.0,0.003127359220708,0.0031408800945983,1.3520873890299906e-05
T01255,B1_ALL,BTCUSDT,15m,3,donchian n=20 vol=0.0,trend,maker_both,LONG,2025-08-07 20:00:00+00:00,117407.6,-0.0051483555712232,-0.0050901389696157,5.821660160749975e-05
T01256,B1_ALL,BTCUSDT,15m,3,donchian n=20 vol=0.0,trend,maker_both,LONG,2025-08-07 23:00:00+00:00,117500.1,-0.0045547749875057,-0.0045079978087118,4.677717879389941e-05
T01257,B1_ALL,BTCUSDT,15m,3,donchian n=20 vol=0.0,trend,maker_both,SHORT,2025-08-08 02:45:00+00:00,116700.1,-0.0013456021973761,-0.0027813070563655,-0.0014357048589894001
T01221,GAP0,BTCUSDT,15m,3,donchian n=20 vol=0.0,trend,maker_both,SHORT,2025-07-10 10:45:00+00:00,110900.7,-0.0031199824488509,-0.0027813070563655,0.00033867539248539974
T01222,GAP10,BTCUSDT,15m,3,donchian n=20 vol=0.0,trend,maker_both,SHORT,2025-07-10 12:15:00+00:00,110760.2,-0.0032626573351728,-0.0027813070563655,0.0004813502788072999
T01222,GAP25,BTCUSDT,15m,3,donchian n=20 vol=0.0,trend,maker_both,SHORT,2025-07-10 12:15:00+00:00,110760.2,-0.0032626573351728,-0.0027813070563655,0.0004813502788072999
T01231,GAP50,BTCUSDT,15m,3,donchian n=20 vol=0.0,trend,maker_both,SHORT,2025-07-16 23:00:00+00:00,118624.8,0.0015967307888132,-0.0027813070563655,-0.0043780378451787
T01258,B1_ALL,BTCUSDT,15m,3,donchian n=20 vol=0.0,trend,maker_both,SHORT,2025-08-08 15:45:00+00:00,115880.3,-0.0045141208942954,-0.0045895265326937,-7.540563839830011e-05
T01259,B1_ALL,BTCUSDT,15m,3,donchian n=20 vol=0.0,trend,maker_both,LONG,2025-08-08 21:45:00+00:00,116926.0,-0.0037926751499541,-0.0036679376996945,0.0001247374502596002
T01226,GAP25,BTCUSDT,15m,3,donchian n=20 vol=0.0,trend,maker_both,LONG,2025-07-13 06:45:00+00:00,117925.2,-0.0027580532302068,-0.0036679376996945,-0.0009098844694876997
T01238,GAP50,BTCUSDT,15m,3,donchian n=20 vol=0.0,trend,maker_both,LONG,2025-07-27 22:15:00+00:00,119694.8,-0.0041167817074325,-0.0036679376996945,0.0004488440077379998
T01260,B1_ALL,BTCUSDT,15m,3,donchian n=20 vol=0.0,trend,maker_both,SHORT,2025-08-09 02:15:00+00:00,116381.4,-0.0028241472894876,-0.0027959597075802,2.8187581907400134e-05
T01228,GAP25,BTCUSDT,15m,3,donchian n=20 vol=0.0,trend,maker_both,SHORT,2025-07-14 16:15:00+00:00,119413.7,-0.0069386578972858,-0.0027959597075802,0.0041426981897056
T01232,GAP50,BTCUSDT,15m,3,donchian n=20 vol=0.0,trend,maker_both,SHORT,2025-07-18 07:30:00+00:00,119666.6,0.0078630031529397,-0.0027959597075802,-0.0106589628605199
T01261,B1_ALL,BTCUSDT,15m,3,donchian n=20 vol=0.0,trend,maker_both,LONG,2025-08-09 05:30:00+00:00,116930.4,-0.0033294681245428,-0.003416444610917,-8.697648637419992e-05
T01243,GAP50,BTCUSDT,15m,3,donchian n=20 vol=0.0,trend,maker_both,LONG,2025-08-01 12:45:00+00:00,115818.6,-0.0055849133082864,-0.003416444610917,0.0021684686973694003
T01262,B1_ALL,BTCUSDT,15m,3,donchian n=20 vol=0.0,trend,maker_both,LONG,2025-08-09 09:15:00+00:00,117373.5,-0.0036843856837195,0.003830892200482,0.0075152778842015
T01263,B1_ALL,BTCUSDT,15m,3,donchian n=20 vol=0.0,trend,maker_both,LONG,2025-08-10 12:45:00+00:00,118653.3,-0.0042122673607934,-0.0042656464419561,-5.3379081162699925e-05
T01264,B1_ALL,BTCUSDT,15m,3,donchian n=20 vol=0.0,trend,maker_both,LONG,2025-08-10 14:30:00+00:00,118783.9,-0.0043467873512587,-0.0043167190442753,3.006830698339992e-05
T01227,GAP25,BTCUSDT,15m,3,donchian n=20 vol=0.0,trend,maker_both,LONG,2025-07-13 12:30:00+00:00,118150.8,0.0019080753940189,-0.0043167190442753,-0.0062247944382942
T01246,GAP50,BTCUSDT,15m,3,donchian n=20 vol=0.0,trend,maker_both,LONG,2025-08-02 04:45:00+00:00,113960.4,-0.004149008107916,-0.0043167190442753,-0.00016771093635929973
T01265,B1_ALL,BTCUSDT,15m,3,donchian n=20 vol=0.0,trend,maker_both,SHORT,2025-08-10 20:15:00+00:00,118261.1,-0.0036796157282015,-0.0038115827053533,-0.00013196697715179987
T01222,GAP0,BTCUSDT,15m,3,donchian n=20 vol=0.0,trend,maker_both,SHORT,2025-07-10 12:15:00+00:00,110760.2,-0.0032626573351728,-0.0038115827053533,-0.0005489253701805
T01228,GAP10,BTCUSDT,15m,3,donchian n=20 vol=0.0,trend,maker_both,SHORT,2025-07-14 16:15:00+00:00,119413.7,-0.0069386578972858,-0.0038115827053533,0.0031270751919325003
T01229,GAP25,BTCUSDT,15m,3,donchian n=20 vol=0.0,trend,maker_both,SHORT,2025-07-15 00:45:00+00:00,119374.4,0.0072084794220482,-0.0038115827053533,-0.0110200621274015
T01233,GAP50,BTCUSDT,15m,3,donchian n=20 vol=0.0,trend,maker_both,SHORT,2025-07-23 02:15:00+00:00,119151.7,0.0065294065598989,-0.0038115827053533,-0.0103409892652522
T01266,B1_ALL,BTCUSDT,15m,3,donchian n=20 vol=0.0,trend,maker_both,LONG,2025-08-10 22:15:00+00:00,118825.1,0.0053847208007035,0.0052113835311519,-0.00017333726955159976
T01224,GAP10,BTCUSDT,15m,3,donchian n=20 vol=0.0,trend,maker_both,LONG,2025-07-10 16:45:00+00:00,112585.9,0.0075137273154025,0.0052113835311519,-0.0023023437842505995
T01235,GAP25,BTCUSDT,15m,3,donchian n=20 vol=0.0,trend,maker_both,LONG,2025-07-25 10:15:00+00:00,116200.0,-0.0068697303110771,0.0052113835311519,0.012081113842229
T01252,GAP50,BTCUSDT,15m,3,donchian n=20 vol=0.0,trend,maker_both,LONG,2025-08-03 01:30:00+00:00,113152.7,0.0037410260118458,0.0052113835311519,0.0014703575193061001
T01267,B1_ALL,BTCUSDT,15m,3,donchian n=20 vol=0.0,trend,maker_both,LONG,2025-08-11 02:00:00+00:00,120050.1,0.0060232841277708,0.007934243397153,0.0019109592693822
T01223,GAP0,BTCUSDT,15m,3,donchian n=20 vol=0.0,trend,maker_both,LONG,2025-07-10 15:30:00+00:00,111277.4,0.0061379742665231,0.007934243397153,0.0017962691306299006
T01225,GAP10,BTCUSDT,15m,3,donchian n=20 vol=0.0,trend,maker_both,LONG,2025-07-10 21:30:00+00:00,115690.1,0.0137356046558639,0.007934243397153,-0.0058013612587109
T01237,GAP25,BTCUSDT,15m,3,donchian n=20 vol=0.0,trend,maker_both,LONG,2025-07-25 19:15:00+00:00,116628.1,0.0077199124930259,0.007934243397153,0.0002143309041271
T01253,GAP50,BTCUSDT,15m,3,donchian n=20 vol=0.0,trend,maker_both,LONG,2025-08-03 11:15:00+00:00,114175.9,-0.002981002324964,0.007934243397153,0.010915245722117
T01268,B1_ALL,BTCUSDT,15m,3,donchian n=20 vol=0.0,trend,maker_both,LONG,2025-08-11 02:30:00+00:00,121462.4,-0.006155481257964,-0.0061881870381925,-3.2705780228499924e-05
T01224,GAP0,BTCUSDT,15m,3,donchian n=20 vol=0.0,trend,maker_both,LONG,2025-07-10 16:45:00+00:00,112585.9,0.0075137273154025,-0.0061881870381925,-0.013701914353595
T01226,GAP10,BTCUSDT,15m,3,donchian n=20 vol=0.0,trend,maker_both,LONG,2025-07-13 06:45:00+00:00,117925.2,-0.0027580532302068,-0.0061881870381925,-0.0034301338079856998
T01238,GAP25,BTCUSDT,15m,3,donchian n=20 vol=0.0,trend,maker_both,LONG,2025-07-27 22:15:00+00:00,119694.8,-0.0041167817074325,-0.0061881870381925,-0.0020714053307600002
T01254,GAP50,BTCUSDT,15m,3,donchian n=20 vol=0.0,trend,maker_both,LONG,2025-08-03 17:15:00+00:00,114080.0,0.003127359220708,-0.0061881870381925,-0.0093155462589005
T01269,B1_ALL,BTCUSDT,15m,3,donchian n=20 vol=0.0,trend,maker_both,SHORT,2025-08-11 11:30:00+00:00,120500.1,0.0065767636331234,0.0068996406210576,0.00032287698793419944
T01270,B1_ALL,BTCUSDT,15m,3,donchian n=20 vol=0.0,trend,maker_both,SHORT,2025-08-11 19:45:00+00:00,119140.0,0.007381901483472,-0.0011059001506757,-0.0084878016341477
T01228,GAP0,BTCUSDT,15m,3,donchian n=20 vol=0.0,trend,maker_both,SHORT,2025-07-14 16:15:00+00:00,119413.7,-0.0069386578972858,-0.0011059001506757,0.0058327577466101
T01229,GAP10,BTCUSDT,15m,3,donchian n=20 vol=0.0,trend,maker_both,SHORT,2025-07-15 00:45:00+00:00,119374.4,0.0072084794220482,-0.0011059001506757,-0.0083143795727239
T01230,GAP25,BTCUSDT,15m,3,donchian n=20 vol=0.0,trend,maker_both,SHORT,2025-07-15 02:30:00+00:00,117932.6,0.0099582337534017,-0.0011059001506757,-0.0110641339040774
T01234,GAP50,BTCUSDT,15m,3,donchian n=20 vol=0.0,trend,maker_both,SHORT,2025-07-25 04:15:00+00:00,115190.4,-0.0058026122931559,-0.0011059001506757,0.0046967121424802
T01271,B1_ALL,BTCUSDT,15m,3,donchian n=20 vol=0.0,trend,maker_both,LONG,2025-08-12 02:45:00+00:00,119126.3,-0.0046306470330053,-0.0044993299398856,0.00013131709311970004
T01255,GAP50,BTCUSDT,15m,3,donchian n=20 vol=0.0,trend,maker_both,LONG,2025-08-07 20:00:00+00:00,117407.6,-0.0051483555712232,-0.0044993299398856,0.0006490256313376004
T01272,B1_ALL,BTCUSDT,15m,4,donchian n=20 vol=0.0,trend,maker_both,LONG,2025-08-13 14:00:00+00:00,121777.3,-0.0076591538077963,-0.0077410015610401,-8.184775324380014e-05
T01272,GAP0,BTCUSDT,15m,4,donchian n=20 vol=0.0,trend,maker_both,LONG,2025-08-13 14:00:00+00:00,121777.3,-0.0076591538077963,-0.0077410015610401,-8.184775324380014e-05
T01272,GAP10,BTCUSDT,15m,4,donchian n=20 vol=0.0,trend,maker_both,LONG,2025-08-13 14:00:00+00:00,121777.3,-0.0076591538077963,-0.0077410015610401,-8.184775324380014e-05
T01272,GAP25,BTCUSDT,15m,4,donchian n=20 vol=0.0,trend,maker_both,LONG,2025-08-13 14:00:00+00:00,121777.3,-0.0076591538077963,-0.0077410015610401,-8.184775324380014e-05
T01272,GAP50,BTCUSDT,15m,4,donchian n=20 vol=0.0,trend,maker_both,LONG,2025-08-13 14:00:00+00:00,121777.3,-0.0076591538077963,-0.0077410015610401,-8.184775324380014e-05
T01273,B1_ALL,BTCUSDT,15m,4,donchian n=20 vol=0.0,trend,maker_both,LONG,2025-08-13 19:30:00+00:00,122329.5,0.0059424462391656,0.0058826229480869,-5.982329107869985e-05
T01273,GAP0,BTCUSDT,15m,4,donchian n=20 vol=0.0,trend,maker_both,LONG,2025-08-13 19:30:00+00:00,122329.5,0.0059424462391656,0.0058826229480869,-5.982329107869985e-05
T01273,GAP10,BTCUSDT,15m,4,donchian n=20 vol=0.0,trend,maker_both,LONG,2025-08-13 19:30:00+00:00,122329.5,0.0059424462391656,0.0058826229480869,-5.982329107869985e-05
T01273,GAP25,BTCUSDT,15m,4,donchian n=20 vol=0.0,trend,maker_both,LONG,2025-08-13 19:30:00+00:00,122329.5,0.0059424462391656,0.0058826229480869,-5.982329107869985e-05
T01273,GAP50,BTCUSDT,15m,4,donchian n=20 vol=0.0,trend,maker_both,LONG,2025-08-13 19:30:00+00:00,122329.5,0.0059424462391656,0.0058826229480869,-5.982329107869985e-05
T01274,B1_ALL,BTCUSDT,15m,4,donchian n=20 vol=0.0,trend,maker_both,LONG,2025-08-14 00:15:00+00:00,123887.2,-0.0079763695081034,-0.0081902987994301,-0.00021392929132670047
T01274,GAP0,BTCUSDT,15m,4,donchian n=20 vol=0.0,trend,maker_both,LONG,2025-08-14 00:15:00+00:00,123887.2,-0.0079763695081034,-0.0081902987994301,-0.00021392929132670047
T01274,GAP10,BTCUSDT,15m,4,donchian n=20 vol=0.0,trend,maker_both,LONG,2025-08-14 00:15:00+00:00,123887.2,-0.0079763695081034,-0.0081902987994301,-0.00021392929132670047
T01274,GAP25,BTCUSDT,15m,4,donchian n=20 vol=0.0,trend,maker_both,LONG,2025-08-14 00:15:00+00:00,123887.2,-0.0079763695081034,-0.0081902987994301,-0.00021392929132670047
T01274,GAP50,BTCUSDT,15m,4,donchian n=20 vol=0.0,trend,maker_both,LONG,2025-08-14 00:15:00+00:00,123887.2,-0.0079763695081034,-0.0081902987994301,-0.00021392929132670047
T01275,B1_ALL,BTCUSDT,15m,4,donchian n=20 vol=0.0,trend,maker_both,SHORT,2025-08-14 05:30:00+00:00,122766.0,0.004056211132266,0.0040119299338411,-4.4281198424899956e-05
T01275,GAP0,BTCUSDT,15m,4,donchian n=20 vol=0.0,trend,maker_both,SHORT,2025-08-14 05:30:00+00:00,122766.0,0.004056211132266,0.0040119299338411,-4.4281198424899956e-05
T01275,GAP10,BTCUSDT,15m,4,donchian n=20 vol=0.0,trend,maker_both,SHORT,2025-08-14 05:30:00+00:00,122766.0,0.004056211132266,0.0040119299338411,-4.4281198424899956e-05
T01275,GAP25,BTCUSDT,15m,4,donchian n=20 vol=0.0,trend,maker_both,SHORT,2025-08-14 05:30:00+00:00,122766.0,0.004056211132266,0.0040119299338411,-4.4281198424899956e-05
T01275,GAP50,BTCUSDT,15m,4,donchian n=20 vol=0.0,trend,maker_both,SHORT,2025-08-14 05:30:00+00:00,122766.0,0.004056211132266,0.0040119299338411,-4.4281198424899956e-05
T01276,B1_ALL,BTCUSDT,15m,4,donchian n=20 vol=0.0,trend,maker_both,SHORT,2025-08-14 06:15:00+00:00,121781.6,0.0045076580161712,0.0046771769094696,0.0001695188932984001
T01276,GAP0,BTCUSDT,15m,4,donchian n=20 vol=0.0,trend,maker_both,SHORT,2025-08-14 06:15:00+00:00,121781.6,0.0045076580161712,0.0046771769094696,0.0001695188932984001
T01276,GAP10,BTCUSDT,15m,4,donchian n=20 vol=0.0,trend,maker_both,SHORT,2025-08-14 06:15:00+00:00,121781.6,0.0045076580161712,0.0046771769094696,0.0001695188932984001
T01276,GAP25,BTCUSDT,15m,4,donchian n=20 vol=0.0,trend,maker_both,SHORT,2025-08-14 06:15:00+00:00,121781.6,0.0045076580161712,0.0046771769094696,0.0001695188932984001
T01276,GAP50,BTCUSDT,15m,4,donchian n=20 vol=0.0,trend,maker_both,SHORT,2025-08-14 06:15:00+00:00,121781.6,0.0045076580161712,0.0046771769094696,0.0001695188932984001
T01277,B1_ALL,BTCUSDT,15m,4,donchian n=20 vol=0.0,trend,maker_both,SHORT,2025-08-14 12:45:00+00:00,119478.5,0.0083253078629018,0.0089925180177335,0.000667210154831701
T01277,GAP0,BTCUSDT,15m,4,donchian n=20 vol=0.0,trend,maker_both,SHORT,2025-08-14 12:45:00+00:00,119478.5,0.0083253078629018,0.0089925180177335,0.000667210154831701
T01277,GAP10,BTCUSDT,15m,4,donchian n=20 vol=0.0,trend,maker_both,SHORT,2025-08-14 12:45:00+00:00,119478.5,0.0083253078629018,0.0089925180177335,0.000667210154831701
T01277,GAP25,BTCUSDT,15m,4,donchian n=20 vol=0.0,trend,maker_both,SHORT,2025-08-14 12:45:00+00:00,119478.5,0.0083253078629018,0.0089925180177335,0.000667210154831701
T01277,GAP50,BTCUSDT,15m,4,donchian n=20 vol=0.0,trend,maker_both,SHORT,2025-08-14 12:45:00+00:00,119478.5,0.0083253078629018,0.0089925180177335,0.000667210154831701
T01278,B1_ALL,BTCUSDT,15m,4,donchian n=20 vol=0.0,trend,maker_both,LONG,2025-08-15 01:45:00+00:00,118567.5,0.0003043472678477,0.0012240698118305,0.0009197225439827999
T01278,GAP0,BTCUSDT,15m,4,donchian n=20 vol=0.0,trend,maker_both,LONG,2025-08-15 01:45:00+00:00,118567.5,0.0003043472678477,0.0012240698118305,0.0009197225439827999
T01278,GAP10,BTCUSDT,15m,4,donchian n=20 vol=0.0,trend,maker_both,LONG,2025-08-15 01:45:00+00:00,118567.5,0.0003043472678477,0.0012240698118305,0.0009197225439827999
T01278,GAP25,BTCUSDT,15m,4,donchian n=20 vol=0.0,trend,maker_both,LONG,2025-08-15 01:45:00+00:00,118567.5,0.0003043472678477,0.0012240698118305,0.0009197225439827999
T01278,GAP50,BTCUSDT,15m,4,donchian n=20 vol=0.0,trend,maker_both,LONG,2025-08-15 01:45:00+00:00,118567.5,0.0003043472678477,0.0012240698118305,0.0009197225439827999
T01279,B1_ALL,BTCUSDT,15m,4,donchian n=20 vol=0.0,trend,maker_both,SHORT,2025-08-15 13:15:00+00:00,118429.9,0.0030923572635516,0.0030094805881871,-8.287667536449996e-05
T01279,GAP0,BTCUSDT,15m,4,donchian n=20 vol=0.0,trend,maker_both,SHORT,2025-08-15 13:15:00+00:00,118429.9,0.0030923572635516,0.0030094805881871,-8.287667536449996e-05
T01279,GAP10,BTCUSDT,15m,4,donchian n=20 vol=0.0,trend,maker_both,SHORT,2025-08-15 13:15:00+00:00,118429.9,0.0030923572635516,0.0030094805881871,-8.287667536449996e-05
T01279,GAP25,BTCUSDT,15m,4,donchian n=20 vol=0.0,trend,maker_both,SHORT,2025-08-15 13:15:00+00:00,118429.9,0.0030923572635516,0.0030094805881871,-8.287667536449996e-05
T01279,GAP50,BTCUSDT,15m,4,donchian n=20 vol=0.0,trend,maker_both,SHORT,2025-08-15 13:15:00+00:00,118429.9,0.0030923572635516,0.0030094805881871,-8.287667536449996e-05
T01280,B1_ALL,BTCUSDT,15m,4,donchian n=20 vol=0.0,trend,maker_both,SHORT,2025-08-15 14:00:00+00:00,117721.9,0.0035742369799224,0.0038329986303754,0.0002587616504530002
T01281,B1_ALL,BTCUSDT,15m,4,donchian n=20 vol=0.0,trend,maker_both,SHORT,2025-08-15 15:45:00+00:00,116785.0,-0.0077049582838679,-0.0016842206250888,0.006020737658779101
T01282,B1_ALL,BTCUSDT,15m,4,donchian n=20 vol=0.0,trend,maker_both,SHORT,2025-08-16 06:45:00+00:00,117315.7,-0.0042923915507154,-0.0042062807034114,8.611084730399989e-05
T01280,GAP25,BTCUSDT,15m,4,donchian n=20 vol=0.0,trend,maker_both,SHORT,2025-08-15 14:00:00+00:00,117721.9,0.0035742369799224,-0.0042062807034114,-0.0077805176833338
T01280,GAP50,BTCUSDT,15m,4,donchian n=20 vol=0.0,trend,maker_both,SHORT,2025-08-15 14:00:00+00:00,117721.9,0.0035742369799224,-0.0042062807034114,-0.0077805176833338
T01283,B1_ALL,BTCUSDT,15m,4,donchian n=20 vol=0.0,trend,maker_both,LONG,2025-08-16 13:00:00+00:00,117699.3,-0.0016204591466496,-0.0013784246766552,0.00024203446999440008
T01283,GAP50,BTCUSDT,15m,4,donchian n=20 vol=0.0,trend,maker_both,LONG,2025-08-16 13:00:00+00:00,117699.3,-0.0016204591466496,-0.0013784246766552,0.00024203446999440008
T01284,B1_ALL,BTCUSDT,15m,4,donchian n=20 vol=0.0,trend,maker_both,SHORT,2025-08-16 21:45:00+00:00,117440.0,0.0004125588175277,0.0004132891974765,7.30379948800017e-07
T01280,GAP0,BTCUSDT,15m,4,donchian n=20 vol=0.0,trend,maker_both,SHORT,2025-08-15 14:00:00+00:00,117721.9,0.0035742369799224,0.0004132891974765,-0.0031609477824459
T01280,GAP10,BTCUSDT,15m,4,donchian n=20 vol=0.0,trend,maker_both,SHORT,2025-08-15 14:00:00+00:00,117721.9,0.0035742369799224,0.0004132891974765,-0.0031609477824459
T01281,GAP25,BTCUSDT,15m,4,donchian n=20 vol=0.0,trend,maker_both,SHORT,2025-08-15 15:45:00+00:00,116785.0,-0.0077049582838679,0.0004132891974765,0.0081182474813444
T01281,GAP50,BTCUSDT,15m,4,donchian n=20 vol=0.0,trend,maker_both,SHORT,2025-08-15 15:45:00+00:00,116785.0,-0.0077049582838679,0.0004132891974765,0.0081182474813444
T01285,B1_ALL,BTCUSDT,15m,4,donchian n=20 vol=0.0,trend,maker_both,LONG,2025-08-17 03:00:00+00:00,117559.1,0.0008591669507954,0.0008337234684897,-2.544348230569993e-05
T01285,GAP50,BTCUSDT,15m,4,donchian n=20 vol=0.0,trend,maker_both,LONG,2025-08-17 03:00:00+00:00,117559.1,0.0008591669507954,0.0008337234684897,-2.544348230569993e-05
T01286,B1_ALL,BTCUSDT,15m,4,donchian n=20 vol=0.0,trend,maker_both,SHORT,2025-08-18 03:45:00+00:00,115124.6,0.0001331295920091,0.0042151173912724,0.0040819877992633
T01282,GAP50,BTCUSDT,15m,4,donchian n=20 vol=0.0,trend,maker_both,SHORT,2025-08-16 06:45:00+00:00,117315.7,-0.0042923915507154,0.0042151173912724,0.0085075089419878
T01287,B1_ALL,BTCUSDT,15m,4,donchian n=20 vol=0.0,trend,maker_both,LONG,2025-08-18 13:00:00+00:00,115475.0,-0.0056318867303817,-0.0055884558997775,4.343083060419969e-05
T01283,GAP0,BTCUSDT,15m,4,donchian n=20 vol=0.0,trend,maker_both,LONG,2025-08-16 13:00:00+00:00,117699.3,-0.0016204591466496,-0.0055884558997775,-0.0039679967531279
T01283,GAP10,BTCUSDT,15m,4,donchian n=20 vol=0.0,trend,maker_both,LONG,2025-08-16 13:00:00+00:00,117699.3,-0.0016204591466496,-0.0055884558997775,-0.0039679967531279
T01283,GAP25,BTCUSDT,15m,4,donchian n=20 vol=0.0,trend,maker_both,LONG,2025-08-16 13:00:00+00:00,117699.3,-0.0016204591466496,-0.0055884558997775,-0.0039679967531279
T01287,GAP50,BTCUSDT,15m,4,donchian n=20 vol=0.0,trend,maker_both,LONG,2025-08-18 13:00:00+00:00,115475.0,-0.0056318867303817,-0.0055884558997775,4.343083060419969e-05
T01288,B1_ALL,BTCUSDT,15m,4,donchian n=20 vol=0.0,trend,maker_both,LONG,2025-08-18 16:00:00+00:00,116099.4,0.0031962348811863,0.0045330887482263,0.0013368538670399995
T01285,GAP25,BTCUSDT,15m,4,donchian n=20 vol=0.0,trend,maker_both,LONG,2025-08-17 03:00:00+00:00,117559.1,0.0008591669507954,0.0045330887482263,0.0036739217974308997
T01288,GAP50,BTCUSDT,15m,4,donchian n=20 vol=0.0,trend,maker_both,LONG,2025-08-18 16:00:00+00:00,116099.4,0.0031962348811863,0.0045330887482263,0.0013368538670399995
T01289,B1_ALL,BTCUSDT,15m,4,donchian n=20 vol=0.0,trend,maker_both,LONG,2025-08-18 22:15:00+00:00,116847.7,-0.0057357690463938,-0.0055459019495913,0.00018986709680249986
T01285,GAP0,BTCUSDT,15m,4,donchian n=20 vol=0.0,trend,maker_both,LONG,2025-08-17 03:00:00+00:00,117559.1,0.0008591669507954,-0.0055459019495913,-0.0064050689003867
T01285,GAP10,BTCUSDT,15m,4,donchian n=20 vol=0.0,trend,maker_both,LONG,2025-08-17 03:00:00+00:00,117559.1,0.0008591669507954,-0.0055459019495913,-0.0064050689003867
T01287,GAP25,BTCUSDT,15m,4,donchian n=20 vol=0.0,trend,maker_both,LONG,2025-08-18 13:00:00+00:00,115475.0,-0.0056318867303817,-0.0055459019495913,8.598478079039924e-05
T01289,GAP50,BTCUSDT,15m,4,donchian n=20 vol=0.0,trend,maker_both,LONG,2025-08-18 22:15:00+00:00,116847.7,-0.0057357690463938,-0.0055459019495913,0.00018986709680249986
T01290,B1_ALL,BTCUSDT,15m,4,donchian n=20 vol=0.0,trend,maker_both,SHORT,2025-08-19 00:30:00+00:00,115875.0,-0.0053541093724847,-0.0058878997738661,-0.0005337904013813996
T01284,GAP50,BTCUSDT,15m,4,donchian n=20 vol=0.0,trend,maker_both,SHORT,2025-08-16 21:45:00+00:00,117440.0,0.0004125588175277,-0.0058878997738661,-0.0063004585913938
T01291,B1_ALL,BTCUSDT,15m,4,donchian n=20 vol=0.0,trend,maker_both,SHORT,2025-08-19 03:45:00+00:00,114918.3,-0.0050142838481098,-0.0065999239821107,-0.0015856401340009
T01281,GAP0,BTCUSDT,15m,4,donchian n=20 vol=0.0,trend,maker_both,SHORT,2025-08-15 15:45:00+00:00,116785.0,-0.0077049582838679,-0.0065999239821107,0.0011050343017572004
T01281,GAP10,BTCUSDT,15m,4,donchian n=20 vol=0.0,trend,maker_both,SHORT,2025-08-15 15:45:00+00:00,116785.0,-0.0077049582838679,-0.0065999239821107,0.0011050343017572004
T01282,GAP25,BTCUSDT,15m,4,donchian n=20 vol=0.0,trend,maker_both,SHORT,2025-08-16 06:45:00+00:00,117315.7,-0.0042923915507154,-0.0065999239821107,-0.0023075324313953
T01286,GAP50,BTCUSDT,15m,4,donchian n=20 vol=0.0,trend,maker_both,SHORT,2025-08-18 03:45:00+00:00,115124.6,0.0001331295920091,-0.0065999239821107,-0.0067330535741198
T01292,B1_ALL,BTCUSDT,15m,4,donchian n=20 vol=0.0,trend,maker_both,LONG,2025-08-19 13:30:00+00:00,115701.8,-0.0048882904750251,-0.0057206644158116,-0.0008323739407864999
T01293,B1_ALL,BTCUSDT,15m,4,donchian n=20 vol=0.0,trend,maker_both,SHORT,2025-08-19 14:15:00+00:00,114753.8,0.0040896738826011,0.0046558557909647,0.0005661819083636003
T01282,GAP0,BTCUSDT,15m,4,donchian n=20 vol=0.0,trend,maker_both,SHORT,2025-08-16 06:45:00+00:00,117315.7,-0.0042923915507154,0.0046558557909647,0.0089482473416801
T01282,GAP10,BTCUSDT,15m,4,donchian n=20 vol=0.0,trend,maker_both,SHORT,2025-08-16 06:45:00+00:00,117315.7,-0.0042923915507154,0.0046558557909647,0.0089482473416801
T01284,GAP25,BTCUSDT,15m,4,donchian n=20 vol=0.0,trend,maker_both,SHORT,2025-08-16 21:45:00+00:00,117440.0,0.0004125588175277,0.0046558557909647,0.004243296973437
T01290,GAP50,BTCUSDT,15m,4,donchian n=20 vol=0.0,trend,maker_both,SHORT,2025-08-19 00:30:00+00:00,115875.0,-0.0053541093724847,0.0046558557909647,0.0100099651634494
T01294,B1_ALL,BTCUSDT,15m,4,donchian n=20 vol=0.0,trend,maker_both,SHORT,2025-08-19 14:45:00+00:00,113879.6,0.0051247641788368,0.0050841789101679,-4.058526866889973e-05
T01284,GAP0,BTCUSDT,15m,4,donchian n=20 vol=0.0,trend,maker_both,SHORT,2025-08-16 21:45:00+00:00,117440.0,0.0004125588175277,0.0050841789101679,0.004671620092640201
T01284,GAP10,BTCUSDT,15m,4,donchian n=20 vol=0.0,trend,maker_both,SHORT,2025-08-16 21:45:00+00:00,117440.0,0.0004125588175277,0.0050841789101679,0.004671620092640201
T01286,GAP25,BTCUSDT,15m,4,donchian n=20 vol=0.0,trend,maker_both,SHORT,2025-08-18 03:45:00+00:00,115124.6,0.0001331295920091,0.0050841789101679,0.0049510493181588
T01291,GAP50,BTCUSDT,15m,4,donchian n=20 vol=0.0,trend,maker_both,SHORT,2025-08-19 03:45:00+00:00,114918.3,-0.0050142838481098,0.0050841789101679,0.0100984627582777
T01295,B1_ALL,BTCUSDT,15m,4,donchian n=20 vol=0.0,trend,maker_both,SHORT,2025-08-19 18:45:00+00:00,112958.1,-0.0033408850761602,-0.0024131676183447,0.0009277174578155001
T01290,GAP25,BTCUSDT,15m,4,donchian n=20 vol=0.0,trend,maker_both,SHORT,2025-08-19 00:30:00+00:00,115875.0,-0.0053541093724847,-0.0024131676183447,0.0029409417541400003
T01293,GAP50,BTCUSDT,15m,4,donchian n=20 vol=0.0,trend,maker_both,SHORT,2025-08-19 14:15:00+00:00,114753.8,0.0040896738826011,-0.0024131676183447,-0.0065028415009458
T01296,B1_ALL,BTCUSDT,15m,4,donchian n=20 vol=0.0,trend,maker_both,SHORT,2025-08-20 01:45:00+00:00,112637.9,-0.0064540471589876,-0.0066153560112904,-0.00016130885230280015
T01297,B1_ALL,BTCUSDT,15m,4,donchian n=20 vol=0.0,trend,maker_both,LONG,2025-08-20 03:30:00+00:00,113566.9,0.0003908344308468,0.0034456239828309,0.0030547895519841
T01298,B1_ALL,BTCUSDT,15m,4,donchian n=20 vol=0.0,trend,maker_both,SHORT,2025-08-20 11:45:00+00:00,113139.0,-0.0049606106838425,0.0030022278130302,0.007962838496872699
T01299,B1_ALL,BTCUSDT,15m,4,donchian n=20 vol=0.0,trend,maker_both,SHORT,2025-08-20 14:00:00+00:00,112632.7,-0.0063508564760529,-0.0067341583838215,-0.0003833019077686007
T01286,GAP10,BTCUSDT,15m,4,donchian n=20 vol=0.0,trend,maker_both,SHORT,2025-08-18 03:45:00+00:00,115124.6,0.0001331295920091,-0.0067341583838215,-0.0068672879758306
T01291,GAP25,BTCUSDT,15m,4,donchian n=20 vol=0.0,trend,maker_both,SHORT,2025-08-19 03:45:00+00:00,114918.3,-0.0050142838481098,-0.0067341583838215,-0.0017198745357117004
T01294,GAP50,BTCUSDT,15m,4,donchian n=20 vol=0.0,trend,maker_both,SHORT,2025-08-19 14:45:00+00:00,113879.6,0.0051247641788368,-0.0067341583838215,-0.0118589225626583
T01300,B1_ALL,BTCUSDT,15m,4,donchian n=20 vol=0.0,trend,maker_both,LONG,2025-08-20 15:30:00+00:00,114227.6,-0.0083819143250618,0.0027070977019209,0.0110890120269827
T01301,B1_ALL,BTCUSDT,15m,4,donchian n=20 vol=0.0,trend,maker_both,LONG,2025-08-20 23:00:00+00:00,114527.6,-0.0064068031912827,-0.0064037809211771,3.0222701055994394e-06
T01302,B1_ALL,BTCUSDT,15m,4,donchian n=20 vol=0.0,trend,maker_both,LONG,2025-08-21 02:00:00+00:00,114684.0,-0.0059780030354187,-0.0063766405284871,-0.0003986374930683998
T01303,B1_ALL,BTCUSDT,15m,4,donchian n=20 vol=0.0,trend,maker_both,SHORT,2025-08-21 05:15:00+00:00,113641.7,0.0004152670283271,0.0030784628968086,0.0026631958684815004
T01293,GAP25,BTCUSDT,15m,4,donchian n=20 vol=0.0,trend,maker_both,SHORT,2025-08-19 14:15:00+00:00,114753.8,0.0040896738826011,0.0030784628968086,-0.0010112109857925
T01295,GAP50,BTCUSDT,15m,4,donchian n=20 vol=0.0,trend,maker_both,SHORT,2025-08-19 18:45:00+00:00,112958.1,-0.0033408850761602,0.0030784628968086,0.0064193479729688
T01304,B1_ALL,BTCUSDT,15m,4,donchian n=20 vol=0.0,trend,maker_both,SHORT,2025-08-21 12:00:00+00:00,113100.2,-0.0049914823487086,-0.0049257293955323,6.575295317630056e-05
T01294,GAP25,BTCUSDT,15m,4,donchian n=20 vol=0.0,trend,maker_both,SHORT,2025-08-19 14:45:00+00:00,113879.6,0.0051247641788368,-0.0049257293955323,-0.0100504935743691
T01296,GAP50,BTCUSDT,15m,4,donchian n=20 vol=0.0,trend,maker_both,SHORT,2025-08-20 01:45:00+00:00,112637.9,-0.0064540471589876,-0.0049257293955323,0.0015283177634553002
T01305,B1_ALL,BTCUSDT,15m,4,donchian n=20 vol=0.0,trend,maker_both,LONG,2025-08-21 14:15:00+00:00,113780.8,-0.0062173816909267,-0.0063601743939871,-0.00014279270306039992
T01292,GAP50,BTCUSDT,15m,4,donchian n=20 vol=0.0,trend,maker_both,LONG,2025-08-19 13:30:00+00:00,115701.8,-0.0048882904750251,-0.0063601743939871,-0.0014718839189619996
T01306,B1_ALL,BTCUSDT,15m,4,donchian n=20 vol=0.0,trend,maker_both,SHORT,2025-08-21 15:15:00+00:00,112655.0,0.0004374509016981,0.0055253707466848,0.0050879198449867
T01307,B1_ALL,BTCUSDT,15m,4,donchian n=20 vol=0.0,trend,maker_both,LONG,2025-08-22 01:45:00+00:00,112864.1,0.0034520886299608,0.0032977246017379,-0.00015436402822289986
T01297,GAP50,BTCUSDT,15m,4,donchian n=20 vol=0.0,trend,maker_both,LONG,2025-08-20 03:30:00+00:00,113566.9,0.0003908344308468,0.0032977246017379,0.0029068901708911
T01308,B1_ALL,BTCUSDT,15m,4,donchian n=20 vol=0.0,trend,maker_both,SHORT,2025-08-22 10:15:00+00:00,112721.0,0.0029794528055501,0.0028621367305617,-0.00011731607498840016
T01286,GAP0,BTCUSDT,15m,4,donchian n=20 vol=0.0,trend,maker_both,SHORT,2025-08-18 03:45:00+00:00,115124.6,0.0001331295920091,0.0028621367305617,0.0027290071385526003
T01290,GAP10,BTCUSDT,15m,4,donchian n=20 vol=0.0,trend,maker_both,SHORT,2025-08-19 00:30:00+00:00,115875.0,-0.0053541093724847,0.0028621367305617,0.008216246103046401
T01295,GAP25,BTCUSDT,15m,4,donchian n=20 vol=0.0,trend,maker_both,SHORT,2025-08-19 18:45:00+00:00,112958.1,-0.0033408850761602,0.0028621367305617,0.006203021806721901
T01298,GAP50,BTCUSDT,15m,4,donchian n=20 vol=0.0,trend,maker_both,SHORT,2025-08-20 11:45:00+00:00,113139.0,-0.0049606106838425,0.0028621367305617,0.0078227474144042
T01309,B1_ALL,BTCUSDT,15m,4,donchian n=20 vol=0.0,trend,maker_both,SHORT,2025-08-22 11:45:00+00:00,112197.0,0.0026708952930173,0.0025891021515466,-8.179314147069988e-05
T01299,GAP50,BTCUSDT,15m,4,donchian n=20 vol=0.0,trend,maker_both,SHORT,2025-08-20 14:00:00+00:00,112632.7,-0.0063508564760529,0.0025891021515466,0.0089399586275995
T01310,B1_ALL,BTCUSDT,15m,4,donchian n=20 vol=0.0,trend,maker_both,LONG,2025-08-22 14:15:00+00:00,115127.9,0.0073108384225243,0.00811556785198,0.000804729429455699
T01287,GAP0,BTCUSDT,15m,4,donchian n=20 vol=0.0,trend,maker_both,LONG,2025-08-18 13:00:00+00:00,115475.0,-0.0056318867303817,0.00811556785198,0.0137474545823617
T01287,GAP10,BTCUSDT,15m,4,donchian n=20 vol=0.0,trend,maker_both,LONG,2025-08-18 13:00:00+00:00,115475.0,-0.0056318867303817,0.00811556785198,0.0137474545823617
T01288,GAP25,BTCUSDT,15m,4,donchian n=20 vol=0.0,trend,maker_both,LONG,2025-08-18 16:00:00+00:00,116099.4,0.0031962348811863,0.00811556785198,0.004919332970793699
T01300,GAP50,BTCUSDT,15m,4,donchian n=20 vol=0.0,trend,maker_both,LONG,2025-08-20 15:30:00+00:00,114227.6,-0.0083819143250618,0.00811556785198,0.0164974821770418
T01311,B1_ALL,BTCUSDT,15m,4,donchian n=20 vol=0.0,trend,maker_both,SHORT,2025-08-23 01:45:00+00:00,116260.9,0.0029421676730988,0.0028849437995112,-5.722387358760017e-05
T01312,B1_ALL,BTCUSDT,15m,4,donchian n=20 vol=0.0,trend,maker_both,SHORT,2025-08-23 03:45:00+00:00,115431.9,-0.003145862953326,-0.0030822634235985,6.359952972749983e-05
T01303,GAP50,BTCUSDT,15m,4,donchian n=20 vol=0.0,trend,maker_both,SHORT,2025-08-21 05:15:00+00:00,113641.7,0.0004152670283271,-0.0030822634235985,-0.0034975304519256
T01313,B1_ALL,BTCUSDT,15m,4,donchian n=20 vol=0.0,trend,maker_both,SHORT,2025-08-23 10:30:00+00:00,115560.1,0.0015918251682637,0.0014389696150852,-0.0001528555531784999
T01291,GAP10,BTCUSDT,15m,4,donchian n=20 vol=0.0,trend,maker_both,SHORT,2025-08-19 03:45:00+00:00,114918.3,-0.0050142838481098,0.0014389696150852,0.006453253463195
T01296,GAP25,BTCUSDT,15m,4,donchian n=20 vol=0.0,trend,maker_both,SHORT,2025-08-20 01:45:00+00:00,112637.9,-0.0064540471589876,0.0014389696150852,0.0078930167740728
T01304,GAP50,BTCUSDT,15m,4,donchian n=20 vol=0.0,trend,maker_both,SHORT,2025-08-21 12:00:00+00:00,113100.2,-0.0049914823487086,0.0014389696150852,0.0064304519637938
T01314,B1_ALL,BTCUSDT,15m,4,donchian n=20 vol=0.0,trend,maker_both,SHORT,2025-08-25 06:15:00+00:00,112257.1,0.0043335598100683,0.0043018294388909,-3.173037117739936e-05
T01290,GAP0,BTCUSDT,15m,4,donchian n=20 vol=0.0,trend,maker_both,SHORT,2025-08-19 00:30:00+00:00,115875.0,-0.0053541093724847,0.0043018294388909,0.009655938811375601
T01293,GAP10,BTCUSDT,15m,4,donchian n=20 vol=0.0,trend,maker_both,SHORT,2025-08-19 14:15:00+00:00,114753.8,0.0040896738826011,0.0043018294388909,0.00021215555628980014
T01298,GAP25,BTCUSDT,15m,4,donchian n=20 vol=0.0,trend,maker_both,SHORT,2025-08-20 11:45:00+00:00,113139.0,-0.0049606106838425,0.0043018294388909,0.0092624401227334
T01306,GAP50,BTCUSDT,15m,4,donchian n=20 vol=0.0,trend,maker_both,SHORT,2025-08-21 15:15:00+00:00,112655.0,0.0004374509016981,0.0043018294388909,0.0038643785371928
T01315,B1_ALL,BTCUSDT,15m,4,donchian n=20 vol=0.0,trend,maker_both,SHORT,2025-08-25 13:45:00+00:00,110785.6,-0.0077542236978143,-0.0084766566841073,-0.0007224329862929998
T01316,B1_ALL,BTCUSDT,15m,4,donchian n=20 vol=0.0,trend,maker_both,LONG,2025-08-25 15:00:00+00:00,112212.5,-0.0084991739645035,0.0063253469628034,0.0148245209273069
T01317,B1_ALL,BTCUSDT,15m,4,donchian n=20 vol=0.0,trend,maker_both,SHORT,2025-08-25 20:00:00+00:00,110650.4,0.0066314140696396,0.0076875433827169,0.0010561293130772996
T01291,GAP0,BTCUSDT,15m,4,donchian n=20 vol=0.0,trend,maker_both,SHORT,2025-08-19 03:45:00+00:00,114918.3,-0.0050142838481098,0.0076875433827169,0.0127018272308267
T01294,GAP10,BTCUSDT,15m,4,donchian n=20 vol=0.0,trend,maker_both,SHORT,2025-08-19 14:45:00+00:00,113879.6,0.0051247641788368,0.0076875433827169,0.0025627792038800997
T01299,GAP25,BTCUSDT,15m,4,donchian n=20 vol=0.0,trend,maker_both,SHORT,2025-08-20 14:00:00+00:00,112632.7,-0.0063508564760529,0.0076875433827169,0.014038399858769798
T01308,GAP50,BTCUSDT,15m,4,donchian n=20 vol=0.0,trend,maker_both,SHORT,2025-08-22 10:15:00+00:00,112721.0,0.0029794528055501,0.0076875433827169,0.0047080905771667994
T01318,B1_ALL,BTCUSDT,15m,4,donchian n=20 vol=0.0,trend,maker_both,SHORT,2025-08-26 00:45:00+00:00,109157.3,-0.0099203877043708,-0.0101866086553882,-0.00026622095101739955
T01293,GAP0,BTCUSDT,15m,4,donchian n=20 vol=0.0,trend,maker_both,SHORT,2025-08-19 14:15:00+00:00,114753.8,0.0040896738826011,-0.0101866086553882,-0.0142762825379893
T01295,GAP10,BTCUSDT,15m,4,donchian n=20 vol=0.0,trend,maker_both,SHORT,2025-08-19 18:45:00+00:00,112958.1,-0.0033408850761602,-0.0101866086553882,-0.006845723579228
T01303,GAP25,BTCUSDT,15m,4,donchian n=20 vol=0.0,trend,maker_both,SHORT,2025-08-21 05:15:00+00:00,113641.7,0.0004152670283271,-0.0101866086553882,-0.0106018756837153
T01309,GAP50,BTCUSDT,15m,4,donchian n=20 vol=0.0,trend,maker_both,SHORT,2025-08-22 11:45:00+00:00,112197.0,0.0026708952930173,-0.0101866086553882,-0.0128575039484055
T01319,B1_ALL,BTCUSDT,15m,4,donchian n=20 vol=0.0,trend,maker_both,LONG,2025-08-26 05:15:00+00:00,110190.0,-0.0030237371852251,-0.0037235053023124,-0.0006997681170873003
T01301,GAP50,BTCUSDT,15m,4,donchian n=20 vol=0.0,trend,maker_both,LONG,2025-08-20 23:00:00+00:00,114527.6,-0.0064068031912827,-0.0037235053023124,0.0026832978889702996
T01320,B1_ALL,BTCUSDT,15m,4,donchian n=20 vol=0.0,trend,maker_both,SHORT,2025-08-26 11:45:00+00:00,109625.1,-0.0057941943923343,-0.005862024280768,-6.782988843370003e-05
T01321,B1_ALL,BTCUSDT,15m,4,donchian n=20 vol=0.0,trend,maker_both,LONG,2025-08-26 18:45:00+00:00,110842.6,0.0056674146341139,0.0055487686960743,-0.00011864593803960054
T01322,B1_ALL,BTCUSDT,15m,4,donchian n=20 vol=0.0,trend,maker_both,LONG,2025-08-26 23:15:00+00:00,112270.0,-0.0069998089888729,-0.0071247150458885,-0.00012490605701559986
T01323,B1_ALL,BTCUSDT,15m,4,donchian n=20 vol=0.0,trend,maker_both,SHORT,2025-08-27 03:15:00+00:00,110996.6,-0.0058949094902089,-0.0057931798046817,0.00010172968552720017
T01294,GAP0,BTCUSDT,15m,4,donchian n=20 vol=0.0,trend,maker_both,SHORT,2025-08-19 14:45:00+00:00,113879.6,0.0051247641788368,-0.0057931798046817,-0.010917943983518499
T01296,GAP10,BTCUSDT,15m,4,donchian n=20 vol=0.0,trend,maker_both,SHORT,2025-08-20 01:45:00+00:00,112637.9,-0.0064540471589876,-0.0057931798046817,0.0006608673543059005
T01304,GAP25,BTCUSDT,15m,4,donchian n=20 vol=0.0,trend,maker_both,SHORT,2025-08-21 12:00:00+00:00,113100.2,-0.0049914823487086,-0.0057931798046817,-0.0008016974559730992
T01311,GAP50,BTCUSDT,15m,4,donchian n=20 vol=0.0,trend,maker_both,SHORT,2025-08-23 01:45:00+00:00,116260.9,0.0029421676730988,-0.0057931798046817,-0.0087353474777805
T01324,B1_ALL,BTCUSDT,15m,4,donchian n=20 vol=0.0,trend,maker_both,SHORT,2025-08-27 08:30:00+00:00,110557.6,-0.0051438405952691,-0.0050385239213858,0.00010531667388330012
T01295,GAP0,BTCUSDT,15m,4,donchian n=20 vol=0.0,trend,maker_both,SHORT,2025-08-19 18:45:00+00:00,112958.1,-0.0033408850761602,-0.0050385239213858,-0.0016976388452255996
T01298,GAP10,BTCUSDT,15m,4,donchian n=20 vol=0.0,trend,maker_both,SHORT,2025-08-20 11:45:00+00:00,113139.0,-0.0049606106838425,-0.0050385239213858,-7.79132375432999e-05
T01306,GAP25,BTCUSDT,15m,4,donchian n=20 vol=0.0,trend,maker_both,SHORT,2025-08-21 15:15:00+00:00,112655.0,0.0004374509016981,-0.0050385239213858,-0.005475974823083899
T01312,GAP50,BTCUSDT,15m,4,donchian n=20 vol=0.0,trend,maker_both,SHORT,2025-08-23 03:45:00+00:00,115431.9,-0.003145862953326,-0.0050385239213858,-0.0018926609680597999
T01325,B1_ALL,BTCUSDT,15m,4,donchian n=20 vol=0.0,trend,maker_both,LONG,2025-08-28 07:15:00+00:00,113281.6,-0.0056661791438821,-0.0022969100388904,0.0033692691049917
T01326,B1_ALL,BTCUSDT,15m,4,donchian n=20 vol=0.0,trend,maker_both,LONG,2025-08-29 12:45:00+00:00,110502.6,-0.006781641352596,-0.0067489839961148,3.2657356481199766e-05
T01288,GAP0,BTCUSDT,15m,4,donchian n=20 vol=0.0,trend,maker_both,LONG,2025-08-18 16:00:00+00:00,116099.4,0.0031962348811863,-0.0067489839961148,-0.0099452188773011
T01288,GAP10,BTCUSDT,15m,4,donchian n=20 vol=0.0,trend,maker_both,LONG,2025-08-18 16:00:00+00:00,116099.4,0.0031962348811863,-0.0067489839961148,-0.0099452188773011
T01289,GAP25,BTCUSDT,15m,4,donchian n=20 vol=0.0,trend,maker_both,LONG,2025-08-18 22:15:00+00:00,116847.7,-0.0057357690463938,-0.0067489839961148,-0.0010132149497209999
T01302,GAP50,BTCUSDT,15m,4,donchian n=20 vol=0.0,trend,maker_both,LONG,2025-08-21 02:00:00+00:00,114684.0,-0.0059780030354187,-0.0067489839961148,-0.0007709809606961
T01327,B1_ALL,BTCUSDT,15m,4,donchian n=20 vol=0.0,trend,maker_both,SHORT,2025-08-29 14:00:00+00:00,109056.4,0.0060292344582774,0.0069853242450336,0.0009560897867562004
T01296,GAP0,BTCUSDT,15m,4,donchian n=20 vol=0.0,trend,maker_both,SHORT,2025-08-20 01:45:00+00:00,112637.9,-0.0064540471589876,0.0069853242450336,0.0134393714040212
T01299,GAP10,BTCUSDT,15m,4,donchian n=20 vol=0.0,trend,maker_both,SHORT,2025-08-20 14:00:00+00:00,112632.7,-0.0063508564760529,0.0069853242450336,0.013336180721086499
T01308,GAP25,BTCUSDT,15m,4,donchian n=20 vol=0.0,trend,maker_both,SHORT,2025-08-22 10:15:00+00:00,112721.0,0.0029794528055501,0.0069853242450336,0.0040058714394835
T01313,GAP50,BTCUSDT,15m,4,donchian n=20 vol=0.0,trend,maker_both,SHORT,2025-08-23 10:30:00+00:00,115560.1,0.0015918251682637,0.0069853242450336,0.005393499076769901
T01328,B1_ALL,BTCUSDT,15m,4,donchian n=20 vol=0.0,trend,maker_both,SHORT,2025-08-29 15:00:00+00:00,108154.5,0.0026222558474894,0.0018962945151937,-0.0007259613322956999
T01303,GAP10,BTCUSDT,15m,4,donchian n=20 vol=0.0,trend,maker_both,SHORT,2025-08-21 05:15:00+00:00,113641.7,0.0004152670283271,0.0018962945151937,0.0014810274868666
T01309,GAP25,BTCUSDT,15m,4,donchian n=20 vol=0.0,trend,maker_both,SHORT,2025-08-22 11:45:00+00:00,112197.0,0.0026708952930173,0.0018962945151937,-0.0007746007778236001
T01314,GAP50,BTCUSDT,15m,4,donchian n=20 vol=0.0,trend,maker_both,SHORT,2025-08-25 06:15:00+00:00,112257.1,0.0043335598100683,0.0018962945151937,-0.0024372652948745997
T01329,B1_ALL,BTCUSDT,15m,4,donchian n=20 vol=0.0,trend,maker_both,SHORT,2025-08-30 02:00:00+00:00,107404.9,-0.0061093153103681,-0.0062859152098923,-0.0001765998995242003
T01330,B1_ALL,BTCUSDT,15m,4,donchian n=20 vol=0.0,trend,maker_both,LONG,2025-08-30 04:30:00+00:00,108581.2,-0.0055548836503964,-0.0011557253160958,0.0043991583343006
T01331,B1_ALL,BTCUSDT,15m,4,donchian n=20 vol=0.0,trend,maker_both,LONG,2025-08-30 08:30:00+00:00,108678.6,-0.0046609926109073,-0.0046259339525933,3.5058658313999805e-05
T01332,B1_ALL,BTCUSDT,15m,4,donchian n=20 vol=0.0,trend,maker_both,SHORT,2025-08-30 13:15:00+00:00,108222.1,-0.0042670597884136,-0.0043178248857985,-5.076509738489998e-05
T01333,B1_ALL,BTCUSDT,15m,4,donchian n=20 vol=0.0,trend,maker_both,LONG,2025-08-30 15:30:00+00:00,108719.6,-0.002645612281218,-0.0043067807442748,-0.0016611684630568001
T01289,GAP0,BTCUSDT,15m,4,donchian n=20 vol=0.0,trend,maker_both,LONG,2025-08-18 22:15:00+00:00,116847.7,-0.0057357690463938,-0.0043067807442748,0.001428988302119
T01289,GAP10,BTCUSDT,15m,4,donchian n=20 vol=0.0,trend,maker_both,LONG,2025-08-18 22:15:00+00:00,116847.7,-0.0057357690463938,-0.0043067807442748,0.001428988302119
T01292,GAP25,BTCUSDT,15m,4,donchian n=20 vol=0.0,trend,maker_both,LONG,2025-08-19 13:30:00+00:00,115701.8,-0.0048882904750251,-0.0043067807442748,0.0005815097307502997
T01305,GAP50,BTCUSDT,15m,4,donchian n=20 vol=0.0,trend,maker_both,LONG,2025-08-21 14:15:00+00:00,113780.8,-0.0062173816909267,-0.0043067807442748,0.0019106009466518994
T01334,B1_ALL,BTCUSDT,15m,4,donchian n=20 vol=0.0,trend,maker_both,LONG,2025-08-31 00:45:00+00:00,109152.2,0.0010121309719767,-0.0035978968149662,-0.004610027786942901
T01292,GAP0,BTCUSDT,15m,4,donchian n=20 vol=0.0,trend,maker_both,LONG,2025-08-19 13:30:00+00:00,115701.8,-0.0048882904750251,-0.0035978968149662,0.0012903936600588998
T01292,GAP10,BTCUSDT,15m,4,donchian n=20 vol=0.0,trend,maker_both,LONG,2025-08-19 13:30:00+00:00,115701.8,-0.0048882904750251,-0.0035978968149662,0.0012903936600588998
T01297,GAP25,BTCUSDT,15m,4,donchian n=20 vol=0.0,trend,maker_both,LONG,2025-08-20 03:30:00+00:00,113566.9,0.0003908344308468,-0.0035978968149662,-0.003988731245813
T01307,GAP50,BTCUSDT,15m,4,donchian n=20 vol=0.0,trend,maker_both,LONG,2025-08-22 01:45:00+00:00,112864.1,0.0034520886299608,-0.0035978968149662,-0.007049985444927
T01335,B1_ALL,BTCUSDT,15m,4,donchian n=20 vol=0.0,trend,maker_both,SHORT,2025-08-31 05:30:00+00:00,108532.5,-0.0040867776528075,-0.004099194405834,-1.24167530265e-05
T01336,B1_ALL,BTCUSDT,15m,4,donchian n=20 vol=0.0,trend,maker_both,SHORT,2025-08-31 13:15:00+00:00,108171.9,-0.0042188935962966,-0.0043496055259034,-0.0001307119296067999
T01315,GAP50,BTCUSDT,15m,4,donchian n=20 vol=0.0,trend,maker_both,SHORT,2025-08-25 13:45:00+00:00,110785.6,-0.0077542236978143,-0.0043496055259034,0.0034046181719108995
T01337,B1_ALL,BTCUSDT,15m,4,donchian n=20 vol=0.0,trend,maker_both,LONG,2025-08-31 15:45:00+00:00,108664.7,0.0019215673220617,0.0019042605793367,-1.730674272499991e-05
T01297,GAP0,BTCUSDT,15m,4,donchian n=20 vol=0.0,trend,maker_both,LONG,2025-08-20 03:30:00+00:00,113566.9,0.0003908344308468,0.0019042605793367,0.0015134261484899
T01297,GAP10,BTCUSDT,15m,4,donchian n=20 vol=0.0,trend,maker_both,LONG,2025-08-20 03:30:00+00:00,113566.9,0.0003908344308468,0.0019042605793367,0.0015134261484899
T01300,GAP25,BTCUSDT,15m,4,donchian n=20 vol=0.0,trend,maker_both,LONG,2025-08-20 15:30:00+00:00,114227.6,-0.0083819143250618,0.0019042605793367,0.0102861749043985
T01310,GAP50,BTCUSDT,15m,4,donchian n=20 vol=0.0,trend,maker_both,LONG,2025-08-22 14:15:00+00:00,115127.9,0.0073108384225243,0.0019042605793367,-0.0054065778431876006
T01338,B1_ALL,BTCUSDT,15m,4,donchian n=20 vol=0.0,trend,maker_both,LONG,2025-08-31 18:45:00+00:00,109093.9,-0.0041447234979908,-0.0041230445167957,2.1678981195099797e-05
T01300,GAP10,BTCUSDT,15m,4,donchian n=20 vol=0.0,trend,maker_both,LONG,2025-08-20 15:30:00+00:00,114227.6,-0.0083819143250618,-0.0041230445167957,0.004258869808266099
T01301,GAP25,BTCUSDT,15m,4,donchian n=20 vol=0.0,trend,maker_both,LONG,2025-08-20 23:00:00+00:00,114527.6,-0.0064068031912827,-0.0041230445167957,0.0022837586744869996
T01316,GAP50,BTCUSDT,15m,4,donchian n=20 vol=0.0,trend,maker_both,LONG,2025-08-25 15:00:00+00:00,112212.5,-0.0084991739645035,-0.0041230445167957,0.0043761294477078
T01339,B1_ALL,BTCUSDT,15m,4,donchian n=20 vol=0.0,trend,maker_both,SHORT,2025-09-01 04:45:00+00:00,107270.5,-0.0064026971986562,-0.0062804119021379,0.00012228529651830012
T01317,GAP50,BTCUSDT,15m,4,donchian n=20 vol=0.0,trend,maker_both,SHORT,2025-08-25 20:00:00+00:00,110650.4,0.0066314140696396,-0.0062804119021379,-0.0129118259717775
T01340,B1_ALL,BTCUSDT,15m,4,donchian n=20 vol=0.0,trend,maker_both,LONG,2025-09-01 07:30:00+00:00,108389.7,0.0040186220046157,0.0043394943808189,0.00032087237620320036
T01300,GAP0,BTCUSDT,15m,4,donchian n=20 vol=0.0,trend,maker_both,LONG,2025-08-20 15:30:00+00:00,114227.6,-0.0083819143250618,0.0043394943808189,0.0127214087058807
T01301,GAP10,BTCUSDT,15m,4,donchian n=20 vol=0.0,trend,maker_both,LONG,2025-08-20 23:00:00+00:00,114527.6,-0.0064068031912827,0.0043394943808189,0.0107462975721016
T01302,GAP25,BTCUSDT,15m,4,donchian n=20 vol=0.0,trend,maker_both,LONG,2025-08-21 02:00:00+00:00,114684.0,-0.0059780030354187,0.0043394943808189,0.0103174974162376
T01319,GAP50,BTCUSDT,15m,4,donchian n=20 vol=0.0,trend,maker_both,LONG,2025-08-26 05:15:00+00:00,110190.0,-0.0030237371852251,0.0043394943808189,0.0073632315660439995
T01341,B1_ALL,BTCUSDT,15m,4,donchian n=20 vol=0.0,trend,maker_both,LONG,2025-09-01 08:15:00+00:00,109473.6,-0.0072260854595217,-0.0072277465578909,-1.661098369199962e-06
T01305,GAP25,BTCUSDT,15m,4,donchian n=20 vol=0.0,trend,maker_both,LONG,2025-08-21 14:15:00+00:00,113780.8,-0.0062173816909267,-0.0072277465578909,-0.0010103648669642007
T01321,GAP50,BTCUSDT,15m,4,donchian n=20 vol=0.0,trend,maker_both,LONG,2025-08-26 18:45:00+00:00,110842.6,0.0056674146341139,-0.0072277465578909,-0.0128951611920048
T01342,B1_ALL,BTCUSDT,15m,4,donchian n=20 vol=0.0,trend,maker_both,LONG,2025-09-02 21:00:00+00:00,111356.1,-0.0014531709862741,-0.0050409521234815,-0.0035877811372074
T01301,GAP0,BTCUSDT,15m,4,donchian n=20 vol=0.0,trend,maker_both,LONG,2025-08-20 23:00:00+00:00,114527.6,-0.0064068031912827,-0.0050409521234815,0.0013658510678012
T01302,GAP10,BTCUSDT,15m,4,donchian n=20 vol=0.0,trend,maker_both,LONG,2025-08-21 02:00:00+00:00,114684.0,-0.0059780030354187,-0.0050409521234815,0.0009370509119372003
T01307,GAP25,BTCUSDT,15m,4,donchian n=20 vol=0.0,trend,maker_both,LONG,2025-08-22 01:45:00+00:00,112864.1,0.0034520886299608,-0.0050409521234815,-0.0084930407534423
T01322,GAP50,BTCUSDT,15m,4,donchian n=20 vol=0.0,trend,maker_both,LONG,2025-08-26 23:15:00+00:00,112270.0,-0.0069998089888729,-0.0050409521234815,0.0019588568653914
T01343,B1_ALL,BTCUSDT,15m,4,donchian n=20 vol=0.0,trend,maker_both,SHORT,2025-09-03 05:30:00+00:00,110730.7,-0.0054272276571272,-0.0052827530359514,0.0001444746211757995
T01298,GAP0,BTCUSDT,15m,4,donchian n=20 vol=0.0,trend,maker_both,SHORT,2025-08-20 11:45:00+00:00,113139.0,-0.0049606106838425,-0.0052827530359514,-0.0003221423521089003
T01304,GAP10,BTCUSDT,15m,4,donchian n=20 vol=0.0,trend,maker_both,SHORT,2025-08-21 12:00:00+00:00,113100.2,-0.0049914823487086,-0.0052827530359514,-0.0002912706872427997
T01311,GAP25,BTCUSDT,15m,4,donchian n=20 vol=0.0,trend,maker_both,SHORT,2025-08-23 01:45:00+00:00,116260.9,0.0029421676730988,-0.0052827530359514,-0.0082249207090502
T01318,GAP50,BTCUSDT,15m,4,donchian n=20 vol=0.0,trend,maker_both,SHORT,2025-08-26 00:45:00+00:00,109157.3,-0.0099203877043708,-0.0052827530359514,0.0046376346684194
T01344,B1_ALL,BTCUSDT,15m,4,donchian n=20 vol=0.0,trend,maker_both,LONG,2025-09-03 10:00:00+00:00,111261.2,0.0025018942854576,0.0025086723820771,6.77809661949998e-06
T01302,GAP0,BTCUSDT,15m,4,donchian n=20 vol=0.0,trend,maker_both,LONG,2025-08-21 02:00:00+00:00,114684.0,-0.0059780030354187,0.0025086723820771,0.008486675417495801
T01305,GAP10,BTCUSDT,15m,4,donchian n=20 vol=0.0,trend,maker_both,LONG,2025-08-21 14:15:00+00:00,113780.8,-0.0062173816909267,0.0025086723820771,0.0087260540730038
T01310,GAP25,BTCUSDT,15m,4,donchian n=20 vol=0.0,trend,maker_both,LONG,2025-08-22 14:15:00+00:00,115127.9,0.0073108384225243,0.0025086723820771,-0.0048021660404472
T01325,GAP50,BTCUSDT,15m,4,donchian n=20 vol=0.0,trend,maker_both,LONG,2025-08-28 07:15:00+00:00,113281.6,-0.0056661791438821,0.0025086723820771,0.0081748515259592
T01345,B1_ALL,BTCUSDT,15m,4,donchian n=20 vol=0.0,trend,maker_both,LONG,2025-09-03 14:45:00+00:00,112442.2,-0.0079589185974158,-0.0015742073428135,0.0063847112546023
T01346,B1_ALL,BTCUSDT,15m,4,donchian n=20 vol=0.0,trend,maker_both,SHORT,2025-09-03 23:45:00+00:00,111605.8,-0.0050093030447532,-0.0048762888759692,0.00013301416878399967
T01320,GAP50,BTCUSDT,15m,4,donchian n=20 vol=0.0,trend,maker_both,SHORT,2025-08-26 11:45:00+00:00,109625.1,-0.0057941943923343,-0.0048762888759692,0.0009179055163651001
T01347,B1_ALL,BTCUSDT,15m,4,donchian n=20 vol=0.0,trend,maker_both,SHORT,2025-09-04 02:30:00+00:00,111367.5,0.0029711104942592,0.0030800280401707,0.00010891754591150007
T01348,B1_ALL,BTCUSDT,15m,4,donchian n=20 vol=0.0,trend,maker_both,SHORT,2025-09-04 05:15:00+00:00,110734.0,0.0029663458501582,0.0029446537206067,-2.1692129551499975e-05
T01312,GAP25,BTCUSDT,15m,4,donchian n=20 vol=0.0,trend,maker_both,SHORT,2025-08-23 03:45:00+00:00,115431.9,-0.003145862953326,0.0029446537206067,0.0060905166739327
T01323,GAP50,BTCUSDT,15m,4,donchian n=20 vol=0.0,trend,maker_both,SHORT,2025-08-27 03:15:00+00:00,110996.6,-0.0058949094902089,0.0029446537206067,0.0088395632108156
T01349,B1_ALL,BTCUSDT,15m,4,donchian n=20 vol=0.0,trend,maker_both,SHORT,2025-09-05 14:30:00+00:00,110958.9,-0.0044073229458828,-0.0067442802359688,-0.002336957290086
T01299,GAP0,BTCUSDT,15m,4,donchian n=20 vol=0.0,trend,maker_both,SHORT,2025-08-20 14:00:00+00:00,112632.7,-0.0063508564760529,-0.0067442802359688,-0.00039342375991590055
T01306,GAP10,BTCUSDT,15m,4,donchian n=20 vol=0.0,trend,maker_both,SHORT,2025-08-21 15:15:00+00:00,112655.0,0.0004374509016981,-0.0067442802359688,-0.0071817311376669
T01313,GAP25,BTCUSDT,15m,4,donchian n=20 vol=0.0,trend,maker_both,SHORT,2025-08-23 10:30:00+00:00,115560.1,0.0015918251682637,-0.0067442802359688,-0.0083361054042325
T01324,GAP50,BTCUSDT,15m,4,donchian n=20 vol=0.0,trend,maker_both,SHORT,2025-08-27 08:30:00+00:00,110557.6,-0.0051438405952691,-0.0067442802359688,-0.0016004396406997003
T01350,B1_ALL,BTCUSDT,15m,4,donchian n=20 vol=0.0,trend,maker_both,LONG,2025-09-07 00:45:00+00:00,110238.4,0.0003529570631614,0.00036480786102,1.1850797858600033e-05
T01305,GAP0,BTCUSDT,15m,4,donchian n=20 vol=0.0,trend,maker_both,LONG,2025-08-21 14:15:00+00:00,113780.8,-0.0062173816909267,0.00036480786102,0.0065821895519467
T01307,GAP10,BTCUSDT,15m,4,donchian n=20 vol=0.0,trend,maker_both,LONG,2025-08-22 01:45:00+00:00,112864.1,0.0034520886299608,0.00036480786102,-0.0030872807689408
T01316,GAP25,BTCUSDT,15m,4,donchian n=20 vol=0.0,trend,maker_both,LONG,2025-08-25 15:00:00+00:00,112212.5,-0.0084991739645035,0.00036480786102,0.0088639818255235
T01326,GAP50,BTCUSDT,15m,4,donchian n=20 vol=0.0,trend,maker_both,LONG,2025-08-29 12:45:00+00:00,110502.6,-0.006781641352596,0.00036480786102,0.007146449213616
T01351,B1_ALL,BTCUSDT,15m,4,donchian n=20 vol=0.0,trend,maker_both,LONG,2025-09-07 01:30:00+00:00,110448.9,0.0006142064739592,0.0005525057103296,-6.170076362960002e-05
T01310,GAP10,BTCUSDT,15m,4,donchian n=20 vol=0.0,trend,maker_both,LONG,2025-08-22 14:15:00+00:00,115127.9,0.0073108384225243,0.0005525057103296,-0.0067583327121947005
T01319,GAP25,BTCUSDT,15m,4,donchian n=20 vol=0.0,trend,maker_both,LONG,2025-08-26 05:15:00+00:00,110190.0,-0.0030237371852251,0.0005525057103296,0.0035762428955546997
T01330,GAP50,BTCUSDT,15m,4,donchian n=20 vol=0.0,trend,maker_both,LONG,2025-08-30 04:30:00+00:00,108581.2,-0.0055548836503964,0.0005525057103296,0.006107389360726
T01352,B1_ALL,BTCUSDT,15m,4,donchian n=20 vol=0.0,trend,maker_both,LONG,2025-09-08 14:45:00+00:00,112539.5,-0.0061282493423208,-0.0060156182559646,0.00011263108635620016
T01307,GAP0,BTCUSDT,15m,4,donchian n=20 vol=0.0,trend,maker_both,LONG,2025-08-22 01:45:00+00:00,112864.1,0.0034520886299608,-0.0060156182559646,-0.0094677068859254
T01316,GAP10,BTCUSDT,15m,4,donchian n=20 vol=0.0,trend,maker_both,LONG,2025-08-25 15:00:00+00:00,112212.5,-0.0084991739645035,-0.0060156182559646,0.0024835557085389004
T01321,GAP25,BTCUSDT,15m,4,donchian n=20 vol=0.0,trend,maker_both,LONG,2025-08-26 18:45:00+00:00,110842.6,0.0056674146341139,-0.0060156182559646,-0.0116830328900785
T01331,GAP50,BTCUSDT,15m,4,donchian n=20 vol=0.0,trend,maker_both,LONG,2025-08-30 08:30:00+00:00,108678.6,-0.0046609926109073,-0.0060156182559646,-0.0013546256450573
T01353,B1_ALL,BTCUSDT,15m,4,donchian n=20 vol=0.0,trend,maker_both,SHORT,2025-09-08 20:45:00+00:00,111867.5,-0.0047009162627582,-0.0046321923531957,6.872390956249967e-05
T01327,GAP50,BTCUSDT,15m,4,donchian n=20 vol=0.0,trend,maker_both,SHORT,2025-08-29 14:00:00+00:00,109056.4,0.0060292344582774,-0.0046321923531957,-0.0106614268114731
T01354,B1_ALL,BTCUSDT,15m,4,donchian n=20 vol=0.0,trend,maker_both,SHORT,2025-09-09 00:30:00+00:00,111612.6,0.0021320386747391,0.0020553081018553,-7.673057288379997e-05
T01303,GAP0,BTCUSDT,15m,4,donchian n=20 vol=0.0,trend,maker_both,SHORT,2025-08-21 05:15:00+00:00,113641.7,0.0004152670283271,0.0020553081018553,0.0016400410735281999
T01308,GAP10,BTCUSDT,15m,4,donchian n=20 vol=0.0,trend,maker_both,SHORT,2025-08-22 10:15:00+00:00,112721.0,0.0029794528055501,0.0020553081018553,-0.0009241447036948004
T01314,GAP25,BTCUSDT,15m,4,donchian n=20 vol=0.0,trend,maker_both,SHORT,2025-08-25 06:15:00+00:00,112257.1,0.0043335598100683,0.0020553081018553,-0.0022782517082129998
T01328,GAP50,BTCUSDT,15m,4,donchian n=20 vol=0.0,trend,maker_both,SHORT,2025-08-29 15:00:00+00:00,108154.5,0.0026222558474894,0.0020553081018553,-0.0005669477456341
T01355,B1_ALL,BTCUSDT,15m,4,donchian n=20 vol=0.0,trend,maker_both,SHORT,2025-09-09 02:15:00+00:00,111180.0,-0.0047465128976372,-0.004808220303533,-6.170740589579986e-05
T01329,GAP50,BTCUSDT,15m,4,donchian n=20 vol=0.0,trend,maker_both,SHORT,2025-08-30 02:00:00+00:00,107404.9,-0.0061093153103681,-0.004808220303533,0.0013010950068350997
T01356,B1_ALL,BTCUSDT,15m,4,donchian n=20 vol=0.0,trend,maker_both,LONG,2025-09-09 06:15:00+00:00,112650.1,0.0029458114183656,0.0030890248242293,0.00014321340586369996
T01333,GAP50,BTCUSDT,15m,4,donchian n=20 vol=0.0,trend,maker_both,LONG,2025-08-30 15:30:00+00:00,108719.6,-0.002645612281218,0.0030890248242293,0.0057346371054473
T01357,B1_ALL,BTCUSDT,15m,4,donchian n=20 vol=0.0,trend,maker_both,LONG,2025-09-09 07:30:00+00:00,113186.3,-0.0056288282408415,-0.0014409571519453,0.0041878710888962
T01358,B1_ALL,BTCUSDT,15m,4,donchian n=20 vol=0.0,trend,maker_both,SHORT,2025-09-09 11:45:00+00:00,112563.6,0.0022593540849439,-0.0047186299062929,-0.0069779839912368
T01304,GAP0,BTCUSDT,15m,4,donchian n=20 vol=0.0,trend,maker_both,SHORT,2025-08-21 12:00:00+00:00,113100.2,-0.0049914823487086,-0.0047186299062929,0.00027285244241570007
T01309,GAP10,BTCUSDT,15m,4,donchian n=20 vol=0.0,trend,maker_both,SHORT,2025-08-22 11:45:00+00:00,112197.0,0.0026708952930173,-0.0047186299062929,-0.0073895251993102
T01315,GAP25,BTCUSDT,15m,4,donchian n=20 vol=0.0,trend,maker_both,SHORT,2025-08-25 13:45:00+00:00,110785.6,-0.0077542236978143,-0.0047186299062929,0.0030355937915213993
T01332,GAP50,BTCUSDT,15m,4,donchian n=20 vol=0.0,trend,maker_both,SHORT,2025-08-30 13:15:00+00:00,108222.1,-0.0042670597884136,-0.0047186299062929,-0.00045157011787930017
T01359,B1_ALL,BTCUSDT,15m,4,donchian n=20 vol=0.0,trend,maker_both,SHORT,2025-09-09 14:45:00+00:00,111525.6,0.0044245826560788,0.004548179203654,0.00012359654757520058
T01360,B1_ALL,BTCUSDT,15m,4,donchian n=20 vol=0.0,trend,maker_both,SHORT,2025-09-10 19:30:00+00:00,113190.5,-0.0062112418981227,-0.0062202373579356,-8.995459812900786e-06
T01361,B1_ALL,BTCUSDT,15m,4,donchian n=20 vol=0.0,trend,maker_both,LONG,2025-09-11 04:00:00+00:00,114354.4,-0.0046582385840445,-0.0046715393942053,-1.330081016080037e-05
T01362,B1_ALL,BTCUSDT,15m,4,donchian n=20 vol=0.0,trend,maker_both,SHORT,2025-09-11 09:15:00+00:00,113865.3,-0.0042675890310934,-0.004192772740171,7.48162909224e-05
T01335,GAP50,BTCUSDT,15m,4,donchian n=20 vol=0.0,trend,maker_both,SHORT,2025-08-31 05:30:00+00:00,108532.5,-0.0040867776528075,-0.004192772740171,-0.00010599508736350034
T01363,B1_ALL,BTCUSDT,15m,4,donchian n=20 vol=0.0,trend,maker_both,SHORT,2025-09-11 13:15:00+00:00,113435.2,-0.0059135361030905,-0.0060741750285036,-0.00016063892541309972
T01364,B1_ALL,BTCUSDT,15m,4,donchian n=20 vol=0.0,trend,maker_both,LONG,2025-09-11 14:00:00+00:00,114577.5,-0.007145095077831,-2.7866097792927057e-05,0.007117228980038073
T01365,B1_ALL,BTCUSDT,15m,4,donchian n=20 vol=0.0,trend,maker_both,LONG,2025-09-11 22:30:00+00:00,114992.7,0.0023131197587283,0.0024456246700356,0.0001325049113072999
T01310,GAP0,BTCUSDT,15m,4,donchian n=20 vol=0.0,trend,maker_both,LONG,2025-08-22 14:15:00+00:00,115127.9,0.0073108384225243,0.0024456246700356,-0.0048652137524887
T01319,GAP10,BTCUSDT,15m,4,donchian n=20 vol=0.0,trend,maker_both,LONG,2025-08-26 05:15:00+00:00,110190.0,-0.0030237371852251,0.0024456246700356,0.0054693618552607
T01322,GAP25,BTCUSDT,15m,4,donchian n=20 vol=0.0,trend,maker_both,LONG,2025-08-26 23:15:00+00:00,112270.0,-0.0069998089888729,0.0024456246700356,0.0094454336589085
T01334,GAP50,BTCUSDT,15m,4,donchian n=20 vol=0.0,trend,maker_both,LONG,2025-08-31 00:45:00+00:00,109152.2,0.0010121309719767,0.0024456246700356,0.0014334936980588998
T01366,B1_ALL,BTCUSDT,15m,4,donchian n=20 vol=0.0,trend,maker_both,LONG,2025-09-12 00:15:00+00:00,115450.0,0.0021669225701751,0.0025261858515114,0.00035926328133630003
T01316,GAP0,BTCUSDT,15m,4,donchian n=20 vol=0.0,trend,maker_both,LONG,2025-08-25 15:00:00+00:00,112212.5,-0.0084991739645035,0.0025261858515114,0.0110253598160149
T01321,GAP10,BTCUSDT,15m,4,donchian n=20 vol=0.0,trend,maker_both,LONG,2025-08-26 18:45:00+00:00,110842.6,0.0056674146341139,0.0025261858515114,-0.0031412287826025004
T01325,GAP25,BTCUSDT,15m,4,donchian n=20 vol=0.0,trend,maker_both,LONG,2025-08-28 07:15:00+00:00,113281.6,-0.0056661791438821,0.0025261858515114,0.0081923649953935
T01337,GAP50,BTCUSDT,15m,4,donchian n=20 vol=0.0,trend,maker_both,LONG,2025-08-31 15:45:00+00:00,108664.7,0.0019215673220617,0.0025261858515114,0.0006046185294496999
T01367,B1_ALL,BTCUSDT,15m,4,donchian n=20 vol=0.0,trend,maker_both,LONG,2025-09-12 00:45:00+00:00,115962.0,-0.0049469283276253,-0.0053210158558584,-0.0003740875282331
T01368,B1_ALL,BTCUSDT,15m,4,donchian n=20 vol=0.0,trend,maker_both,SHORT,2025-09-12 09:30:00+00:00,114900.0,-0.0041291319892592,-0.004126764928572,2.367060687199704e-06
T01306,GAP0,BTCUSDT,15m,4,donchian n=20 vol=0.0,trend,maker_both,SHORT,2025-08-21 15:15:00+00:00,112655.0,0.0004374509016981,-0.004126764928572,-0.0045642158302701
T01311,GAP10,BTCUSDT,15m,4,donchian n=20 vol=0.0,trend,maker_both,SHORT,2025-08-23 01:45:00+00:00,116260.9,0.0029421676730988,-0.004126764928572,-0.0070689326016708
T01317,GAP25,BTCUSDT,15m,4,donchian n=20 vol=0.0,trend,maker_both,SHORT,2025-08-25 20:00:00+00:00,110650.4,0.0066314140696396,-0.004126764928572,-0.0107581789982116
T01336,GAP50,BTCUSDT,15m,4,donchian n=20 vol=0.0,trend,maker_both,SHORT,2025-08-31 13:15:00+00:00,108171.9,-0.0042188935962966,-0.004126764928572,9.212866772459992e-05
T01369,B1_ALL,BTCUSDT,15m,4,donchian n=20 vol=0.0,trend,maker_both,LONG,2025-09-12 17:30:00+00:00,115787.4,0.0029805879064518,0.0029912384759723,1.065056952049984e-05
T01319,GAP0,BTCUSDT,15m,4,donchian n=20 vol=0.0,trend,maker_both,LONG,2025-08-26 05:15:00+00:00,110190.0,-0.0030237371852251,0.0029912384759723,0.0060149756611973994
T01322,GAP10,BTCUSDT,15m,4,donchian n=20 vol=0.0,trend,maker_both,LONG,2025-08-26 23:15:00+00:00,112270.0,-0.0069998089888729,0.0029912384759723,0.0099910474648452
T01326,GAP25,BTCUSDT,15m,4,donchian n=20 vol=0.0,trend,maker_both,LONG,2025-08-29 12:45:00+00:00,110502.6,-0.006781641352596,0.0029912384759723,0.009772879828568299
T01338,GAP50,BTCUSDT,15m,4,donchian n=20 vol=0.0,trend,maker_both,LONG,2025-08-31 18:45:00+00:00,109093.9,-0.0041447234979908,0.0029912384759723,0.0071359619739631
T01370,B1_ALL,BTCUSDT,15m,4,donchian n=20 vol=0.0,trend,maker_both,LONG,2025-09-12 19:00:00+00:00,116423.9,-0.0052705239067987,-0.0051948382354373,7.568567136140032e-05
T01371,B1_ALL,BTCUSDT,15m,4,donchian n=20 vol=0.0,trend,maker_both,LONG,2025-09-13 10:15:00+00:00,116074.0,-0.0031478832166085,-0.0031562817990617,-8.398582453199993e-06
T01372,B1_ALL,BTCUSDT,15m,4,donchian n=20 vol=0.0,trend,maker_both,SHORT,2025-09-13 13:45:00+00:00,115788.4,0.0004938280358682,0.0006755070803005,0.00018167904443229998
T01308,GAP0,BTCUSDT,15m,4,donchian n=20 vol=0.0,trend,maker_both,SHORT,2025-08-22 10:15:00+00:00,112721.0,0.0029794528055501,0.0006755070803005,-0.0023039457252496003
T01312,GAP10,BTCUSDT,15m,4,donchian n=20 vol=0.0,trend,maker_both,SHORT,2025-08-23 03:45:00+00:00,115431.9,-0.003145862953326,0.0006755070803005,0.0038213700336264997
T01318,GAP25,BTCUSDT,15m,4,donchian n=20 vol=0.0,trend,maker_both,SHORT,2025-08-26 00:45:00+00:00,109157.3,-0.0099203877043708,0.0006755070803005,0.0105958947846713
T01339,GAP50,BTCUSDT,15m,4,donchian n=20 vol=0.0,trend,maker_both,SHORT,2025-09-01 04:45:00+00:00,107270.5,-0.0064026971986562,0.0006755070803005,0.0070782042789567
T01373,B1_ALL,BTCUSDT,15m,4,donchian n=20 vol=0.0,trend,maker_both,SHORT,2025-09-13 16:30:00+00:00,115500.1,0.0013026910858694,-0.0041457131146991,-0.0054484042005685
T01309,GAP0,BTCUSDT,15m,4,donchian n=20 vol=0.0,trend,maker_both,SHORT,2025-08-22 11:45:00+00:00,112197.0,0.0026708952930173,-0.0041457131146991,-0.0068166084077164
T01313,GAP10,BTCUSDT,15m,4,donchian n=20 vol=0.0,trend,maker_both,SHORT,2025-08-23 10:30:00+00:00,115560.1,0.0015918251682637,-0.0041457131146991,-0.005737538282962799
T01320,GAP25,BTCUSDT,15m,4,donchian n=20 vol=0.0,trend,maker_both,SHORT,2025-08-26 11:45:00+00:00,109625.1,-0.0057941943923343,-0.0041457131146991,0.0016484812776352007
T01343,GAP50,BTCUSDT,15m,4,donchian n=20 vol=0.0,trend,maker_both,SHORT,2025-09-03 05:30:00+00:00,110730.7,-0.0054272276571272,-0.0041457131146991,0.0012815145424281
T01374,B1_ALL,BTCUSDT,15m,4,donchian n=20 vol=0.0,trend,maker_both,SHORT,2025-09-14 01:15:00+00:00,115702.0,-0.0030607235336788,-0.0030468999673802,1.3823566298600074e-05
T01375,B1_ALL,BTCUSDT,15m,4,donchian n=20 vol=0.0,trend,maker_both,LONG,2025-09-14 02:15:00+00:00,116069.1,-0.0031986092306784,-0.003221050952104,-2.244172142560003e-05
T01376,B1_ALL,BTCUSDT,15m,4,donchian n=20 vol=0.0,trend,maker_both,SHORT,2025-09-14 03:15:00+00:00,115659.8,-0.0035022430097951,0.0010459069974734,0.0045481500072685
T01323,GAP25,BTCUSDT,15m,4,donchian n=20 vol=0.0,trend,maker_both,SHORT,2025-08-27 03:15:00+00:00,110996.6,-0.0058949094902089,0.0010459069974734,0.0069408164876823
T01346,GAP50,BTCUSDT,15m,4,donchian n=20 vol=0.0,trend,maker_both,SHORT,2025-09-03 23:45:00+00:00,111605.8,-0.0050093030447532,0.0010459069974734,0.0060552100422266
T01377,B1_ALL,BTCUSDT,15m,4,donchian n=20 vol=0.0,trend,maker_both,SHORT,2025-09-17 01:00:00+00:00,116512.9,-0.0042719633413714,-0.0041345998481461,0.00013736349322529973
T01347,GAP50,BTCUSDT,15m,4,donchian n=20 vol=0.0,trend,maker_both,SHORT,2025-09-04 02:30:00+00:00,111367.5,0.0029711104942592,-0.0041345998481461,-0.0071057103424053
T01378,B1_ALL,BTCUSDT,15m,4,donchian n=20 vol=0.0,trend,maker_both,SHORT,2025-09-17 04:00:00+00:00,116320.1,-0.0043492799587246,-0.0042738254919629,7.545446676169958e-05
T01348,GAP50,BTCUSDT,15m,4,donchian n=20 vol=0.0,trend,maker_both,SHORT,2025-09-04 05:15:00+00:00,110734.0,0.0029663458501582,-0.0042738254919629,-0.007240171342121101
T01379,B1_ALL,BTCUSDT,15m,4,donchian n=20 vol=0.0,trend,maker_both,SHORT,2025-09-17 10:30:00+00:00,116346.6,0.0017009792105439,0.0016084496783564,-9.252953218750006e-05
T01314,GAP10,BTCUSDT,15m,4,donchian n=20 vol=0.0,trend,maker_both,SHORT,2025-08-25 06:15:00+00:00,112257.1,0.0043335598100683,0.0016084496783564,-0.0027251101317118994
T01324,GAP25,BTCUSDT,15m,4,donchian n=20 vol=0.0,trend,maker_both,SHORT,2025-08-27 08:30:00+00:00,110557.6,-0.0051438405952691,0.0016084496783564,0.0067522902736255
T01349,GAP50,BTCUSDT,15m,4,donchian n=20 vol=0.0,trend,maker_both,SHORT,2025-09-05 14:30:00+00:00,110958.9,-0.0044073229458828,0.0016084496783564,0.0060157726242392
T01380,B1_ALL,BTCUSDT,15m,4,donchian n=20 vol=0.0,trend,maker_both,SHORT,2025-09-17 14:30:00+00:00,115610.3,-0.0050915214591814,-0.0052571790452783,-0.0001656575860968998
T01311,GAP0,BTCUSDT,15m,4,donchian n=20 vol=0.0,trend,maker_both,SHORT,2025-08-23 01:45:00+00:00,116260.9,0.0029421676730988,-0.0052571790452783,-0.0081993467183771
T01315,GAP10,BTCUSDT,15m,4,donchian n=20 vol=0.0,trend,maker_both,SHORT,2025-08-25 13:45:00+00:00,110785.6,-0.0077542236978143,-0.0052571790452783,0.0024970446525359995
T01327,GAP25,BTCUSDT,15m,4,donchian n=20 vol=0.0,trend,maker_both,SHORT,2025-08-29 14:00:00+00:00,109056.4,0.0060292344582774,-0.0052571790452783,-0.0112864135035557
T01353,GAP50,BTCUSDT,15m,4,donchian n=20 vol=0.0,trend,maker_both,SHORT,2025-09-08 20:45:00+00:00,111867.5,-0.0047009162627582,-0.0052571790452783,-0.0005562627825201
T01381,B1_ALL,BTCUSDT,15m,4,donchian n=20 vol=0.0,trend,maker_both,LONG,2025-09-18 14:30:00+00:00,117638.9,-0.0052993382168925,-0.005267298728972,3.203948792050021e-05
T01321,GAP0,BTCUSDT,15m,4,donchian n=20 vol=0.0,trend,maker_both,LONG,2025-08-26 18:45:00+00:00,110842.6,0.0056674146341139,-0.005267298728972,-0.0109347133630859
T01325,GAP10,BTCUSDT,15m,4,donchian n=20 vol=0.0,trend,maker_both,LONG,2025-08-28 07:15:00+00:00,113281.6,-0.0056661791438821,-0.005267298728972,0.0003988804149101001
T01330,GAP25,BTCUSDT,15m,4,donchian n=20 vol=0.0,trend,maker_both,LONG,2025-08-30 04:30:00+00:00,108581.2,-0.0055548836503964,-0.005267298728972,0.0002875849214243999
T01340,GAP50,BTCUSDT,15m,4,donchian n=20 vol=0.0,trend,maker_both,LONG,2025-09-01 07:30:00+00:00,108389.7,0.0040186220046157,-0.005267298728972,-0.0092859207335877
T01382,B1_ALL,BTCUSDT,15m,4,donchian n=20 vol=0.0,trend,maker_both,SHORT,2025-09-18 23:15:00+00:00,116715.4,-0.0046424754905431,-0.0046334199133675,9.05557717559985e-06
T01354,GAP50,BTCUSDT,15m,4,donchian n=20 vol=0.0,trend,maker_both,SHORT,2025-09-09 00:30:00+00:00,111612.6,0.0021320386747391,-0.0046334199133675,-0.0067654585881066
T01383,B1_ALL,BTCUSDT,15m,4,donchian n=20 vol=0.0,trend,maker_both,SHORT,2025-09-22 06:15:00+00:00,112937.0,0.0055528561359964,0.0008383138570785,-0.0047145422789179
T01312,GAP0,BTCUSDT,15m,4,donchian n=20 vol=0.0,trend,maker_both,SHORT,2025-08-23 03:45:00+00:00,115431.9,-0.003145862953326,0.0008383138570785,0.0039841768104044994
T01317,GAP10,BTCUSDT,15m,4,donchian n=20 vol=0.0,trend,maker_both,SHORT,2025-08-25 20:00:00+00:00,110650.4,0.0066314140696396,0.0008383138570785,-0.0057931002125611
T01328,GAP25,BTCUSDT,15m,4,donchian n=20 vol=0.0,trend,maker_both,SHORT,2025-08-29 15:00:00+00:00,108154.5,0.0026222558474894,0.0008383138570785,-0.0017839419904108998
T01355,GAP50,BTCUSDT,15m,4,donchian n=20 vol=0.0,trend,maker_both,SHORT,2025-09-09 02:15:00+00:00,111180.0,-0.0047465128976372,0.0008383138570785,0.005584826754715701
T01384,B1_ALL,BTCUSDT,15m,4,donchian n=20 vol=0.0,trend,maker_both,LONG,2025-09-22 14:00:00+00:00,113087.1,-0.0064899520698522,-0.0063910910622599,9.886100759229962e-05
T01322,GAP0,BTCUSDT,15m,4,donchian n=20 vol=0.0,trend,maker_both,LONG,2025-08-26 23:15:00+00:00,112270.0,-0.0069998089888729,-0.0063910910622599,0.0006087179266129998
T01326,GAP10,BTCUSDT,15m,4,donchian n=20 vol=0.0,trend,maker_both,LONG,2025-08-29 12:45:00+00:00,110502.6,-0.006781641352596,-0.0063910910622599,0.0003905502903360997
T01331,GAP25,BTCUSDT,15m,4,donchian n=20 vol=0.0,trend,maker_both,LONG,2025-08-30 08:30:00+00:00,108678.6,-0.0046609926109073,-0.0063910910622599,-0.0017300984513526005
T01341,GAP50,BTCUSDT,15m,4,donchian n=20 vol=0.0,trend,maker_both,LONG,2025-09-01 08:15:00+00:00,109473.6,-0.0072260854595217,-0.0063910910622599,0.0008349943972618002
T01385,B1_ALL,BTCUSDT,15m,4,donchian n=20 vol=0.0,trend,maker_both,SHORT,2025-09-22 19:45:00+00:00,111938.4,-0.005945829450241,-0.0061323345174432,-0.00018650506720219954
T01358,GAP50,BTCUSDT,15m,4,donchian n=20 vol=0.0,trend,maker_both,SHORT,2025-09-09 11:45:00+00:00,112563.6,0.0022593540849439,-0.0061323345174432,-0.0083916886023871
T01386,B1_ALL,BTCUSDT,15m,4,donchian n=20 vol=0.0,trend,maker_both,SHORT,2025-09-23 01:45:00+00:00,112212.1,0.0026347994924923,0.0026101702513249,-2.4629241167400256e-05
T01313,GAP0,BTCUSDT,15m,4,donchian n=20 vol=0.0,trend,maker_both,SHORT,2025-08-23 10:30:00+00:00,115560.1,0.0015918251682637,0.0026101702513249,0.0010183450830612
T01318,GAP10,BTCUSDT,15m,4,donchian n=20 vol=0.0,trend,maker_both,SHORT,2025-08-26 00:45:00+00:00,109157.3,-0.0099203877043708,0.0026101702513249,0.0125305579556957
T01329,GAP25,BTCUSDT,15m,4,donchian n=20 vol=0.0,trend,maker_both,SHORT,2025-08-30 02:00:00+00:00,107404.9,-0.0061093153103681,0.0026101702513249,0.008719485561693
T01359,GAP50,BTCUSDT,15m,4,donchian n=20 vol=0.0,trend,maker_both,SHORT,2025-09-09 14:45:00+00:00,111525.6,0.0044245826560788,0.0026101702513249,-0.0018144124047538997
T01387,B1_ALL,BTCUSDT,15m,4,donchian n=20 vol=0.0,trend,maker_both,LONG,2025-09-23 05:45:00+00:00,112794.4,0.0007518541706502,0.0034576688203372,0.0027058146496870003
T01388,B1_ALL,BTCUSDT,15m,4,donchian n=20 vol=0.0,trend,maker_both,SHORT,2025-09-23 17:30:00+00:00,112345.0,0.0037286483172743,-0.0016024788585486,-0.005331127175822899
T01314,GAP0,BTCUSDT,15m,4,donchian n=20 vol=0.0,trend,maker_both,SHORT,2025-08-25 06:15:00+00:00,112257.1,0.0043335598100683,-0.0016024788585486,-0.005936038668616899
T01320,GAP10,BTCUSDT,15m,4,donchian n=20 vol=0.0,trend,maker_both,SHORT,2025-08-26 11:45:00+00:00,109625.1,-0.0057941943923343,-0.0016024788585486,0.0041917155337857
T01332,GAP25,BTCUSDT,15m,4,donchian n=20 vol=0.0,trend,maker_both,SHORT,2025-08-30 13:15:00+00:00,108222.1,-0.0042670597884136,-0.0016024788585486,0.0026645809298650003
T01360,GAP50,BTCUSDT,15m,4,donchian n=20 vol=0.0,trend,maker_both,SHORT,2025-09-10 19:30:00+00:00,113190.5,-0.0062112418981227,-0.0016024788585486,0.004608763039574099
T01389,B1_ALL,BTCUSDT,15m,4,donchian n=20 vol=0.0,trend,maker_both,SHORT,2025-09-23 18:45:00+00:00,111686.3,-0.0065431822387673,-0.0063602382887059,0.00018294395006139986
T01335,GAP25,BTCUSDT,15m,4,donchian n=20 vol=0.0,trend,maker_both,SHORT,2025-08-31 05:30:00+00:00,108532.5,-0.0040867776528075,-0.0063602382887059,-0.0022734606358984005
T01362,GAP50,BTCUSDT,15m,4,donchian n=20 vol=0.0,trend,maker_both,SHORT,2025-09-11 09:15:00+00:00,113865.3,-0.0042675890310934,-0.0063602382887059,-0.0020926492576125
T01390,B1_ALL,BTCUSDT,15m,4,donchian n=20 vol=0.0,trend,maker_both,LONG,2025-09-24 01:30:00+00:00,112348.3,-0.0048881959678039,-0.0048364974563581,5.169851144579997e-05
T01333,GAP25,BTCUSDT,15m,4,donchian n=20 vol=0.0,trend,maker_both,LONG,2025-08-30 15:30:00+00:00,108719.6,-0.002645612281218,-0.0048364974563581,-0.0021908851751401
T01342,GAP50,BTCUSDT,15m,4,donchian n=20 vol=0.0,trend,maker_both,LONG,2025-09-02 21:00:00+00:00,111356.1,-0.0014531709862741,-0.0048364974563581,-0.0033833264700840002
T01391,B1_ALL,BTCUSDT,15m,4,donchian n=20 vol=0.0,trend,maker_both,SHORT,2025-09-24 03:30:00+00:00,111727.4,0.0030263792495611,0.0030896942753294,6.33150257682998e-05
T01363,GAP50,BTCUSDT,15m,4,donchian n=20 vol=0.0,trend,maker_both,SHORT,2025-09-11 13:15:00+00:00,113435.2,-0.0059135361030905,0.0030896942753294,0.0090032303784199
T01392,B1_ALL,BTCUSDT,15m,4,donchian n=20 vol=0.0,trend,maker_both,LONG,2025-09-24 06:00:00+00:00,112595.9,0.0022284111536393,0.0015978635173438,-0.0006305476362955002
T01325,GAP0,BTCUSDT,15m,4,donchian n=20 vol=0.0,trend,maker_both,LONG,2025-08-28 07:15:00+00:00,113281.6,-0.0056661791438821,0.0015978635173438,0.0072640426612259005
T01330,GAP10,BTCUSDT,15m,4,donchian n=20 vol=0.0,trend,maker_both,LONG,2025-08-30 04:30:00+00:00,108581.2,-0.0055548836503964,0.0015978635173438,0.007152747167740199
T01334,GAP25,BTCUSDT,15m,4,donchian n=20 vol=0.0,trend,maker_both,LONG,2025-08-31 00:45:00+00:00,109152.2,0.0010121309719767,0.0015978635173438,0.0005857325453670998
T01344,GAP50,BTCUSDT,15m,4,donchian n=20 vol=0.0,trend,maker_both,LONG,2025-09-03 10:00:00+00:00,111261.2,0.0025018942854576,0.0015978635173438,-0.0009040307681138001
T01393,B1_ALL,BTCUSDT,15m,4,donchian n=20 vol=0.0,trend,maker_both,SHORT,2025-09-25 12:00:00+00:00,111316.1,0.0029340722050835,0.003054684197899,0.00012061199281550002
T01394,B1_ALL,BTCUSDT,15m,4,donchian n=20 vol=0.0,trend,maker_both,SHORT,2025-09-25 13:45:00+00:00,110672.4,-0.0076991460540986,0.0054698850136093,0.0131690310677079
T01395,B1_ALL,BTCUSDT,15m,4,donchian n=20 vol=0.0,trend,maker_both,SHORT,2025-09-25 17:15:00+00:00,110088.7,0.0060624871659441,0.0063503516105777,0.0002878644446336004
T01315,GAP0,BTCUSDT,15m,4,donchian n=20 vol=0.0,trend,maker_both,SHORT,2025-08-25 13:45:00+00:00,110785.6,-0.0077542236978143,0.0063503516105777,0.014104575308392
T01323,GAP10,BTCUSDT,15m,4,donchian n=20 vol=0.0,trend,maker_both,SHORT,2025-08-27 03:15:00+00:00,110996.6,-0.0058949094902089,0.0063503516105777,0.0122452611007866
T01336,GAP25,BTCUSDT,15m,4,donchian n=20 vol=0.0,trend,maker_both,SHORT,2025-08-31 13:15:00+00:00,108171.9,-0.0042188935962966,0.0063503516105777,0.0105692452068743
T01368,GAP50,BTCUSDT,15m,4,donchian n=20 vol=0.0,trend,maker_both,SHORT,2025-09-12 09:30:00+00:00,114900.0,-0.0041291319892592,0.0063503516105777,0.0104794835998369
T01396,B1_ALL,BTCUSDT,15m,4,donchian n=20 vol=0.0,trend,maker_both,SHORT,2025-09-26 07:45:00+00:00,108870.1,-0.0061749406626698,0.0039956466622624,0.010170587324932201
T01397,B1_ALL,BTCUSDT,15m,4,donchian n=20 vol=0.0,trend,maker_both,LONG,2025-09-26 09:15:00+00:00,109627.1,-0.0057048562747686,-0.0054992255207975,0.0002056307539711
T01331,GAP10,BTCUSDT,15m,4,donchian n=20 vol=0.0,trend,maker_both,LONG,2025-08-30 08:30:00+00:00,108678.6,-0.0046609926109073,-0.0054992255207975,-0.0008382329098902
T01337,GAP25,BTCUSDT,15m,4,donchian n=20 vol=0.0,trend,maker_both,LONG,2025-08-31 15:45:00+00:00,108664.7,0.0019215673220617,-0.0054992255207975,-0.0074207928428592
T01345,GAP50,BTCUSDT,15m,4,donchian n=20 vol=0.0,trend,maker_both,LONG,2025-09-03 14:45:00+00:00,112442.2,-0.0079589185974158,-0.0054992255207975,0.0024596930766183
T01398,B1_ALL,BTCUSDT,15m,4,donchian n=20 vol=0.0,trend,maker_both,SHORT,2025-09-26 10:45:00+00:00,108778.9,-0.0059198352157107,-0.0059118016459464,8.033569764300148e-06
T01372,GAP50,BTCUSDT,15m,4,donchian n=20 vol=0.0,trend,maker_both,SHORT,2025-09-13 13:45:00+00:00,115788.4,0.0004938280358682,-0.0059118016459464,-0.0064056296818146
T01399,B1_ALL,BTCUSDT,15m,5,vwap n=48 k=3.0,trend,maker_both,LONG,2025-09-27 09:15:00+00:00,109127.3,0.0006313009459472,0.000640068477664,8.76753171679995e-06
T01400,B1_ALL,BTCUSDT,15m,5,vwap n=48 k=3.0,trend,maker_both,SHORT,2025-09-27 22:15:00+00:00,109567.6,-1.6361078360892754e-05,2.125832840438411e-05,3.7619406765276864e-05
T01401,B1_ALL,BTCUSDT,15m,5,vwap n=48 k=3.0,trend,maker_both,SHORT,2025-09-28 00:30:00+00:00,109728.1,0.0005378775106971,0.0007017991675563,0.00016392165685919999
T01400,GAP0,BTCUSDT,15m,5,vwap n=48 k=3.0,trend,maker_both,SHORT,2025-09-27 22:15:00+00:00,109567.6,-1.6361078360892754e-05,0.0007017991675563,0.0007181602459171928
T01400,GAP10,BTCUSDT,15m,5,vwap n=48 k=3.0,trend,maker_both,SHORT,2025-09-27 22:15:00+00:00,109567.6,-1.6361078360892754e-05,0.0007017991675563,0.0007181602459171928
T01400,GAP25,BTCUSDT,15m,5,vwap n=48 k=3.0,trend,maker_both,SHORT,2025-09-27 22:15:00+00:00,109567.6,-1.6361078360892754e-05,0.0007017991675563,0.0007181602459171928
T01400,GAP50,BTCUSDT,15m,5,vwap n=48 k=3.0,trend,maker_both,SHORT,2025-09-27 22:15:00+00:00,109567.6,-1.6361078360892754e-05,0.0007017991675563,0.0007181602459171928
T01402,B1_ALL,BTCUSDT,15m,5,vwap n=48 k=3.0,trend,maker_both,SHORT,2025-09-29 00:15:00+00:00,112053.7,0.0029448181038266,0.003098068225721,0.0001532501218943997
T01401,GAP50,BTCUSDT,15m,5,vwap n=48 k=3.0,trend,maker_both,SHORT,2025-09-28 00:30:00+00:00,109728.1,0.0005378775106971,0.003098068225721,0.0025601907150239
T01403,B1_ALL,BTCUSDT,15m,5,vwap n=48 k=3.0,trend,maker_both,SHORT,2025-09-29 13:45:00+00:00,113240.4,-0.0060945802953401,-0.0062891774997408,-0.00019459720440069984
T01401,GAP0,BTCUSDT,15m,5,vwap n=48 k=3.0,trend,maker_both,SHORT,2025-09-28 00:30:00+00:00,109728.1,0.0005378775106971,-0.0062891774997408,-0.0068270550104379
T01401,GAP10,BTCUSDT,15m,5,vwap n=48 k=3.0,trend,maker_both,SHORT,2025-09-28 00:30:00+00:00,109728.1,0.0005378775106971,-0.0062891774997408,-0.0068270550104379
T01401,GAP25,BTCUSDT,15m,5,vwap n=48 k=3.0,trend,maker_both,SHORT,2025-09-28 00:30:00+00:00,109728.1,0.0005378775106971,-0.0062891774997408,-0.0068270550104379
T01402,GAP50,BTCUSDT,15m,5,vwap n=48 k=3.0,trend,maker_both,SHORT,2025-09-29 00:15:00+00:00,112053.7,0.0029448181038266,-0.0062891774997408,-0.0092339956035674
T01404,B1_ALL,BTCUSDT,15m,5,vwap n=48 k=3.0,trend,maker_both,SHORT,2025-09-29 14:45:00+00:00,114012.5,-0.0041046495375648,-0.0032444032557221,0.0008602462818427001
T01402,GAP0,BTCUSDT,15m,5,vwap n=48 k=3.0,trend,maker_both,SHORT,2025-09-29 00:15:00+00:00,112053.7,0.0029448181038266,-0.0032444032557221,-0.0061892213595487
T01402,GAP10,BTCUSDT,15m,5,vwap n=48 k=3.0,trend,maker_both,SHORT,2025-09-29 00:15:00+00:00,112053.7,0.0029448181038266,-0.0032444032557221,-0.0061892213595487
T01402,GAP25,BTCUSDT,15m,5,vwap n=48 k=3.0,trend,maker_both,SHORT,2025-09-29 00:15:00+00:00,112053.7,0.0029448181038266,-0.0032444032557221,-0.0061892213595487
T01403,GAP50,BTCUSDT,15m,5,vwap n=48 k=3.0,trend,maker_both,SHORT,2025-09-29 13:45:00+00:00,113240.4,-0.0060945802953401,-0.0032444032557221,0.002850177039618
T01405,B1_ALL,BTCUSDT,15m,5,vwap n=48 k=3.0,trend,maker_both,SHORT,2025-09-29 21:00:00+00:00,114190.3,-0.0053327075130045,-0.0052218324896849,0.00011087502331959959
T01403,GAP0,BTCUSDT,15m,5,vwap n=48 k=3.0,trend,maker_both,SHORT,2025-09-29 13:45:00+00:00,113240.4,-0.0060945802953401,-0.0052218324896849,0.0008727478056551998
T01403,GAP10,BTCUSDT,15m,5,vwap n=48 k=3.0,trend,maker_both,SHORT,2025-09-29 13:45:00+00:00,113240.4,-0.0060945802953401,-0.0052218324896849,0.0008727478056551998
T01403,GAP25,BTCUSDT,15m,5,vwap n=48 k=3.0,trend,maker_both,SHORT,2025-09-29 13:45:00+00:00,113240.4,-0.0060945802953401,-0.0052218324896849,0.0008727478056551998
T01404,GAP50,BTCUSDT,15m,5,vwap n=48 k=3.0,trend,maker_both,SHORT,2025-09-29 14:45:00+00:00,114012.5,-0.0041046495375648,-0.0052218324896849,-0.0011171829521201002
T01406,B1_ALL,BTCUSDT,15m,5,vwap n=48 k=3.0,trend,maker_both,SHORT,2025-09-30 01:15:00+00:00,114714.7,0.0029252239848226,0.003089280010443,0.0001640560256204
T01404,GAP0,BTCUSDT,15m,5,vwap n=48 k=3.0,trend,maker_both,SHORT,2025-09-29 14:45:00+00:00,114012.5,-0.0041046495375648,0.003089280010443,0.0071939295480078005
T01404,GAP10,BTCUSDT,15m,5,vwap n=48 k=3.0,trend,maker_both,SHORT,2025-09-29 14:45:00+00:00,114012.5,-0.0041046495375648,0.003089280010443,0.0071939295480078005
T01404,GAP25,BTCUSDT,15m,5,vwap n=48 k=3.0,trend,maker_both,SHORT,2025-09-29 14:45:00+00:00,114012.5,-0.0041046495375648,0.003089280010443,0.0071939295480078005
T01405,GAP50,BTCUSDT,15m,5,vwap n=48 k=3.0,trend,maker_both,SHORT,2025-09-29 21:00:00+00:00,114190.3,-0.0053327075130045,0.003089280010443,0.0084219875234475
T01407,B1_ALL,BTCUSDT,15m,5,vwap n=48 k=3.0,trend,maker_both,LONG,2025-09-30 07:45:00+00:00,113580.4,-0.0044343686929582,-0.0044817766584738,-4.740796551559994e-05
T01399,GAP0,BTCUSDT,15m,5,vwap n=48 k=3.0,trend,maker_both,LONG,2025-09-27 09:15:00+00:00,109127.3,0.0006313009459472,-0.0044817766584738,-0.005113077604421
T01399,GAP10,BTCUSDT,15m,5,vwap n=48 k=3.0,trend,maker_both,LONG,2025-09-27 09:15:00+00:00,109127.3,0.0006313009459472,-0.0044817766584738,-0.005113077604421
T01399,GAP25,BTCUSDT,15m,5,vwap n=48 k=3.0,trend,maker_both,LONG,2025-09-27 09:15:00+00:00,109127.3,0.0006313009459472,-0.0044817766584738,-0.005113077604421
T01399,GAP50,BTCUSDT,15m,5,vwap n=48 k=3.0,trend,maker_both,LONG,2025-09-27 09:15:00+00:00,109127.3,0.0006313009459472,-0.0044817766584738,-0.005113077604421
T01408,B1_ALL,BTCUSDT,15m,5,vwap n=48 k=3.0,trend,maker_both,LONG,2025-09-30 09:30:00+00:00,113216.5,-0.004494939870883,0.0023881159033541,0.0068830557742371005
T01409,B1_ALL,BTCUSDT,15m,5,vwap n=48 k=3.0,trend,maker_both,LONG,2025-09-30 10:15:00+00:00,112815.1,0.0026679395919658,0.0026712788383697,3.3392464039000945e-06
T01407,GAP10,BTCUSDT,15m,5,vwap n=48 k=3.0,trend,maker_both,LONG,2025-09-30 07:45:00+00:00,113580.4,-0.0044343686929582,0.0026712788383697,0.0071056475313279
T01407,GAP25,BTCUSDT,15m,5,vwap n=48 k=3.0,trend,maker_both,LONG,2025-09-30 07:45:00+00:00,113580.4,-0.0044343686929582,0.0026712788383697,0.0071056475313279
T01407,GAP50,BTCUSDT,15m,5,vwap n=48 k=3.0,trend,maker_both,LONG,2025-09-30 07:45:00+00:00,113580.4,-0.0044343686929582,0.0026712788383697,0.0071056475313279
T01410,B1_ALL,BTCUSDT,15m,5,vwap n=48 k=3.0,trend,maker_both,SHORT,2025-09-30 19:45:00+00:00,114144.4,-0.0058296463886559,0.0036256285467527,0.009455274935408601
T01411,B1_ALL,BTCUSDT,15m,5,vwap n=48 k=3.0,trend,maker_both,SHORT,2025-09-30 21:15:00+00:00,114323.7,0.003973548557104,-0.0027868434898614,-0.006760392046965399
T01405,GAP0,BTCUSDT,15m,5,vwap n=48 k=3.0,trend,maker_both,SHORT,2025-09-29 21:00:00+00:00,114190.3,-0.0053327075130045,-0.0027868434898614,0.0025458640231431
T01405,GAP10,BTCUSDT,15m,5,vwap n=48 k=3.0,trend,maker_both,SHORT,2025-09-29 21:00:00+00:00,114190.3,-0.0053327075130045,-0.0027868434898614,0.0025458640231431
T01405,GAP25,BTCUSDT,15m,5,vwap n=48 k=3.0,trend,maker_both,SHORT,2025-09-29 21:00:00+00:00,114190.3,-0.0053327075130045,-0.0027868434898614,0.0025458640231431
T01406,GAP50,BTCUSDT,15m,5,vwap n=48 k=3.0,trend,maker_both,SHORT,2025-09-30 01:15:00+00:00,114714.7,0.0029252239848226,-0.0027868434898614,-0.005712067474684
T01412,B1_ALL,BTCUSDT,15m,5,vwap n=48 k=3.0,trend,maker_both,SHORT,2025-10-01 08:45:00+00:00,115586.3,-0.0057560878856344,-0.0068451281599004,-0.001089040274266
T01413,B1_ALL,BTCUSDT,15m,5,vwap n=48 k=3.0,trend,maker_both,SHORT,2025-10-01 09:15:00+00:00,116200.0,-0.0069753156644617,-0.0068136758284682,0.0001616398359935
T01406,GAP0,BTCUSDT,15m,5,vwap n=48 k=3.0,trend,maker_both,SHORT,2025-09-30 01:15:00+00:00,114714.7,0.0029252239848226,-0.0068136758284682,-0.0097388998132908
T01406,GAP10,BTCUSDT,15m,5,vwap n=48 k=3.0,trend,maker_both,SHORT,2025-09-30 01:15:00+00:00,114714.7,0.0029252239848226,-0.0068136758284682,-0.0097388998132908
T01406,GAP25,BTCUSDT,15m,5,vwap n=48 k=3.0,trend,maker_both,SHORT,2025-09-30 01:15:00+00:00,114714.7,0.0029252239848226,-0.0068136758284682,-0.0097388998132908
T01410,GAP50,BTCUSDT,15m,5,vwap n=48 k=3.0,trend,maker_both,SHORT,2025-09-30 19:45:00+00:00,114144.4,-0.0058296463886559,-0.0068136758284682,-0.0009840294398123003
T01414,B1_ALL,BTCUSDT,15m,5,vwap n=48 k=3.0,trend,maker_both,SHORT,2025-10-01 14:30:00+00:00,117085.0,-0.0061740113845987,-0.0062611999057468,-8.71885211480997e-05
T01415,B1_ALL,BTCUSDT,15m,5,vwap n=48 k=3.0,trend,maker_both,SHORT,2025-10-01 16:30:00+00:00,117821.5,0.0040628921512374,0.00422523285014,0.00016234069890260026
T01410,GAP10,BTCUSDT,15m,5,vwap n=48 k=3.0,trend,maker_both,SHORT,2025-09-30 19:45:00+00:00,114144.4,-0.0058296463886559,0.00422523285014,0.010054879238795899
T01410,GAP25,BTCUSDT,15m,5,vwap n=48 k=3.0,trend,maker_both,SHORT,2025-09-30 19:45:00+00:00,114144.4,-0.0058296463886559,0.00422523285014,0.010054879238795899
T01411,GAP50,BTCUSDT,15m,5,vwap n=48 k=3.0,trend,maker_both,SHORT,2025-09-30 21:15:00+00:00,114323.7,0.003973548557104,0.00422523285014,0.00025168429303600026
T01416,B1_ALL,BTCUSDT,15m,5,vwap n=48 k=3.0,trend,maker_both,SHORT,2025-10-01 23:30:00+00:00,118312.1,-0.0057999586224707,-0.0058339897602242,-3.403113775349992e-05
T01410,GAP0,BTCUSDT,15m,5,vwap n=48 k=3.0,trend,maker_both,SHORT,2025-09-30 19:45:00+00:00,114144.4,-0.0058296463886559,-0.0058339897602242,-4.343371568299968e-06
T01411,GAP10,BTCUSDT,15m,5,vwap n=48 k=3.0,trend,maker_both,SHORT,2025-09-30 21:15:00+00:00,114323.7,0.003973548557104,-0.0058339897602242,-0.0098075383173282
T01411,GAP25,BTCUSDT,15m,5,vwap n=48 k=3.0,trend,maker_both,SHORT,2025-09-30 21:15:00+00:00,114323.7,0.003973548557104,-0.0058339897602242,-0.0098075383173282
T01412,GAP50,BTCUSDT,15m,5,vwap n=48 k=3.0,trend,maker_both,SHORT,2025-10-01 08:45:00+00:00,115586.3,-0.0057560878856344,-0.0058339897602242,-7.79018745897999e-05
T01417,B1_ALL,BTCUSDT,15m,5,vwap n=48 k=3.0,trend,maker_both,LONG,2025-10-03 08:15:00+00:00,119473.2,0.0021302399355093,0.0023947160224794,0.0002644760869701
T01407,GAP0,BTCUSDT,15m,5,vwap n=48 k=3.0,trend,maker_both,LONG,2025-09-30 07:45:00+00:00,113580.4,-0.0044343686929582,0.0023947160224794,0.0068290847154376
T01408,GAP10,BTCUSDT,15m,5,vwap n=48 k=3.0,trend,maker_both,LONG,2025-09-30 09:30:00+00:00,113216.5,-0.004494939870883,0.0023947160224794,0.0068896558933624
T01408,GAP25,BTCUSDT,15m,5,vwap n=48 k=3.0,trend,maker_both,LONG,2025-09-30 09:30:00+00:00,113216.5,-0.004494939870883,0.0023947160224794,0.0068896558933624
T01408,GAP50,BTCUSDT,15m,5,vwap n=48 k=3.0,trend,maker_both,LONG,2025-09-30 09:30:00+00:00,113216.5,-0.004494939870883,0.0023947160224794,0.0068896558933624
T01418,B1_ALL,BTCUSDT,15m,5,vwap n=48 k=3.0,trend,maker_both,LONG,2025-10-04 15:30:00+00:00,121689.8,0.0017043655506053,-0.0041318860156179,-0.0058362515662232
T01408,GAP0,BTCUSDT,15m,5,vwap n=48 k=3.0,trend,maker_both,LONG,2025-09-30 09:30:00+00:00,113216.5,-0.004494939870883,-0.0041318860156179,0.0003630538552651004
T01409,GAP10,BTCUSDT,15m,5,vwap n=48 k=3.0,trend,maker_both,LONG,2025-09-30 10:15:00+00:00,112815.1,0.0026679395919658,-0.0041318860156179,-0.006799825607583699
T01409,GAP25,BTCUSDT,15m,5,vwap n=48 k=3.0,trend,maker_both,LONG,2025-09-30 10:15:00+00:00,112815.1,0.0026679395919658,-0.0041318860156179,-0.006799825607583699
T01409,GAP50,BTCUSDT,15m,5,vwap n=48 k=3.0,trend,maker_both,LONG,2025-09-30 10:15:00+00:00,112815.1,0.0026679395919658,-0.0041318860156179,-0.006799825607583699
T01419,B1_ALL,BTCUSDT,15m,5,vwap n=48 k=3.0,trend,maker_both,SHORT,2025-10-05 00:00:00+00:00,122343.2,-0.0034306999517469,-0.0034655788190889,-3.487886734199978e-05
T01411,GAP0,BTCUSDT,15m,5,vwap n=48 k=3.0,trend,maker_both,SHORT,2025-09-30 21:15:00+00:00,114323.7,0.003973548557104,-0.0034655788190889,-0.0074391273761929
T01412,GAP10,BTCUSDT,15m,5,vwap n=48 k=3.0,trend,maker_both,SHORT,2025-10-01 08:45:00+00:00,115586.3,-0.0057560878856344,-0.0034655788190889,0.0022905090665455
T01412,GAP25,BTCUSDT,15m,5,vwap n=48 k=3.0,trend,maker_both,SHORT,2025-10-01 08:45:00+00:00,115586.3,-0.0057560878856344,-0.0034655788190889,0.0022905090665455
T01413,GAP50,BTCUSDT,15m,5,vwap n=48 k=3.0,trend,maker_both,SHORT,2025-10-01 09:15:00+00:00,116200.0,-0.0069753156644617,-0.0034655788190889,0.0035097368453728003
T01420,B1_ALL,BTCUSDT,15m,5,vwap n=48 k=3.0,trend,maker_both,SHORT,2025-10-05 02:45:00+00:00,123643.1,-0.0054726158632887,0.0035088979175216,0.0089815137808103
T01421,B1_ALL,BTCUSDT,15m,5,vwap n=48 k=3.0,trend,maker_both,LONG,2025-10-05 14:45:00+00:00,122864.9,-0.0061874446555706,-0.0061218455593929,6.559909617769987e-05
T01409,GAP0,BTCUSDT,15m,5,vwap n=48 k=3.0,trend,maker_both,LONG,2025-09-30 10:15:00+00:00,112815.1,0.0026679395919658,-0.0061218455593929,-0.0087897851513587
T01417,GAP10,BTCUSDT,15m,5,vwap n=48 k=3.0,trend,maker_both,LONG,2025-10-03 08:15:00+00:00,119473.2,0.0021302399355093,-0.0061218455593929,-0.0082520854949022
T01417,GAP25,BTCUSDT,15m,5,vwap n=48 k=3.0,trend,maker_both,LONG,2025-10-03 08:15:00+00:00,119473.2,0.0021302399355093,-0.0061218455593929,-0.0082520854949022
T01417,GAP50,BTCUSDT,15m,5,vwap n=48 k=3.0,trend,maker_both,LONG,2025-10-03 08:15:00+00:00,119473.2,0.0021302399355093,-0.0061218455593929,-0.0082520854949022
T01422,B1_ALL,BTCUSDT,15m,5,vwap n=48 k=3.0,trend,maker_both,LONG,2025-10-07 03:30:00+00:00,124112.0,-0.005867192752646,-0.0057657468906999,0.00010144586194609992
T01417,GAP0,BTCUSDT,15m,5,vwap n=48 k=3.0,trend,maker_both,LONG,2025-10-03 08:15:00+00:00,119473.2,0.0021302399355093,-0.0057657468906999,-0.007895986826209199
T01418,GAP10,BTCUSDT,15m,5,vwap n=48 k=3.0,trend,maker_both,LONG,2025-10-04 15:30:00+00:00,121689.8,0.0017043655506053,-0.0057657468906999,-0.0074701124413052
T01418,GAP25,BTCUSDT,15m,5,vwap n=48 k=3.0,trend,maker_both,LONG,2025-10-04 15:30:00+00:00,121689.8,0.0017043655506053,-0.0057657468906999,-0.0074701124413052
T01418,GAP50,BTCUSDT,15m,5,vwap n=48 k=3.0,trend,maker_both,LONG,2025-10-04 15:30:00+00:00,121689.8,0.0017043655506053,-0.0057657468906999,-0.0074701124413052
T01423,B1_ALL,BTCUSDT,15m,5,vwap n=48 k=3.0,trend,maker_both,LONG,2025-10-07 08:00:00+00:00,123627.1,0.002875742992097,0.0028303138800093,-4.5429112087700275e-05
T01421,GAP50,BTCUSDT,15m,5,vwap n=48 k=3.0,trend,maker_both,LONG,2025-10-05 14:45:00+00:00,122864.9,-0.0061874446555706,0.0028303138800093,0.0090177585355799
T01424,B1_ALL,BTCUSDT,15m,5,vwap n=48 k=3.0,trend,maker_both,LONG,2025-10-10 15:30:00+00:00,119188.0,-0.0091853579456154,-0.0099323189693258,-0.0007469610237103991
T01418,GAP0,BTCUSDT,15m,5,vwap n=48 k=3.0,trend,maker_both,LONG,2025-10-04 15:30:00+00:00,121689.8,0.0017043655506053,-0.0099323189693258,-0.0116366845199311
T01421,GAP10,BTCUSDT,15m,5,vwap n=48 k=3.0,trend,maker_both,LONG,2025-10-05 14:45:00+00:00,122864.9,-0.0061874446555706,-0.0099323189693258,-0.0037448743137551994
T01421,GAP25,BTCUSDT,15m,5,vwap n=48 k=3.0,trend,maker_both,LONG,2025-10-05 14:45:00+00:00,122864.9,-0.0061874446555706,-0.0099323189693258,-0.0037448743137551994
T01422,GAP50,BTCUSDT,15m,5,vwap n=48 k=3.0,trend,maker_both,LONG,2025-10-07 03:30:00+00:00,124112.0,-0.005867192752646,-0.0099323189693258,-0.0040651262166798
T01425,B1_ALL,BTCUSDT,15m,5,vwap n=48 k=3.0,trend,maker_both,LONG,2025-10-10 17:15:00+00:00,117857.1,-0.0110751885162814,-0.0109790046495608,9.618386672059949e-05
T01421,GAP0,BTCUSDT,15m,5,vwap n=48 k=3.0,trend,maker_both,LONG,2025-10-05 14:45:00+00:00,122864.9,-0.0061874446555706,-0.0109790046495608,-0.0047915599939902
T01422,GAP10,BTCUSDT,15m,5,vwap n=48 k=3.0,trend,maker_both,LONG,2025-10-07 03:30:00+00:00,124112.0,-0.005867192752646,-0.0109790046495608,-0.0051118118969148
T01422,GAP25,BTCUSDT,15m,5,vwap n=48 k=3.0,trend,maker_both,LONG,2025-10-07 03:30:00+00:00,124112.0,-0.005867192752646,-0.0109790046495608,-0.0051118118969148
T01423,GAP50,BTCUSDT,15m,5,vwap n=48 k=3.0,trend,maker_both,LONG,2025-10-07 08:00:00+00:00,123627.1,0.002875742992097,-0.0109790046495608,-0.0138547476416578
T01426,B1_ALL,BTCUSDT,15m,5,vwap n=48 k=3.0,trend,maker_both,LONG,2025-10-10 19:30:00+00:00,116001.3,0.0082734258251885,-0.0111628073532045,-0.019436233178393
T01422,GAP0,BTCUSDT,15m,5,vwap n=48 k=3.0,trend,maker_both,LONG,2025-10-07 03:30:00+00:00,124112.0,-0.005867192752646,-0.0111628073532045,-0.005295614600558501
T01423,GAP10,BTCUSDT,15m,5,vwap n=48 k=3.0,trend,maker_both,LONG,2025-10-07 08:00:00+00:00,123627.1,0.002875742992097,-0.0111628073532045,-0.014038550345301501
T01423,GAP25,BTCUSDT,15m,5,vwap n=48 k=3.0,trend,maker_both,LONG,2025-10-07 08:00:00+00:00,123627.1,0.002875742992097,-0.0111628073532045,-0.014038550345301501
T01424,GAP50,BTCUSDT,15m,5,vwap n=48 k=3.0,trend,maker_both,LONG,2025-10-10 15:30:00+00:00,119188.0,-0.0091853579456154,-0.0111628073532045,-0.0019774494075891005
T01427,B1_ALL,BTCUSDT,15m,5,vwap n=48 k=3.0,trend,maker_both,LONG,2025-10-10 20:45:00+00:00,116970.0,-0.0105731289252567,-0.0154347329165034,-0.0048616039912467
T01428,B1_ALL,BTCUSDT,15m,5,vwap n=48 k=3.0,trend,maker_both,SHORT,2025-10-12 16:45:00+00:00,114171.5,-0.0116652654975955,-0.01200698636028,-0.0003417208626844987
T01412,GAP0,BTCUSDT,15m,5,vwap n=48 k=3.0,trend,maker_both,SHORT,2025-10-01 08:45:00+00:00,115586.3,-0.0057560878856344,-0.01200698636028,-0.006250898474645599
T01413,GAP10,BTCUSDT,15m,5,vwap n=48 k=3.0,trend,maker_both,SHORT,2025-10-01 09:15:00+00:00,116200.0,-0.0069753156644617,-0.01200698636028,-0.005031670695818299
T01413,GAP25,BTCUSDT,15m,5,vwap n=48 k=3.0,trend,maker_both,SHORT,2025-10-01 09:15:00+00:00,116200.0,-0.0069753156644617,-0.01200698636028,-0.005031670695818299
T01414,GAP50,BTCUSDT,15m,5,vwap n=48 k=3.0,trend,maker_both,SHORT,2025-10-01 14:30:00+00:00,117085.0,-0.0061740113845987,-0.01200698636028,-0.005832974975681299
T01429,B1_ALL,BTCUSDT,15m,5,vwap n=48 k=3.0,trend,maker_both,SHORT,2025-10-12 21:00:00+00:00,114864.5,-0.0099376250131674,0.0083007526475945,0.0182383776607619
T01430,B1_ALL,BTCUSDT,15m,5,vwap n=48 k=3.0,trend,maker_both,LONG,2025-10-14 09:15:00+00:00,111714.1,-0.0082591472686315,-0.0081092396531252,0.0001499076155062999
T01424,GAP10,BTCUSDT,15m,5,vwap n=48 k=3.0,trend,maker_both,LONG,2025-10-10 15:30:00+00:00,119188.0,-0.0091853579456154,-0.0081092396531252,0.0010761182924901996
T01424,GAP25,BTCUSDT,15m,5,vwap n=48 k=3.0,trend,maker_both,LONG,2025-10-10 15:30:00+00:00,119188.0,-0.0091853579456154,-0.0081092396531252,0.0010761182924901996
T01425,GAP50,BTCUSDT,15m,5,vwap n=48 k=3.0,trend,maker_both,LONG,2025-10-10 17:15:00+00:00,117857.1,-0.0110751885162814,-0.0081092396531252,0.002965948863156199
T01431,B1_ALL,BTCUSDT,15m,5,vwap n=48 k=3.0,trend,maker_both,LONG,2025-10-14 12:45:00+00:00,110824.2,-0.0090960243296497,-0.0090538038215403,4.2220508109399105e-05
T01425,GAP25,BTCUSDT,15m,5,vwap n=48 k=3.0,trend,maker_both,LONG,2025-10-10 17:15:00+00:00,117857.1,-0.0110751885162814,-0.0090538038215403,0.002021384694741099
T01426,GAP50,BTCUSDT,15m,5,vwap n=48 k=3.0,trend,maker_both,LONG,2025-10-10 19:30:00+00:00,116001.3,0.0082734258251885,-0.0090538038215403,-0.017327229646728802
T01432,B1_ALL,BTCUSDT,15m,5,vwap n=48 k=3.0,trend,maker_both,SHORT,2025-10-14 22:15:00+00:00,113372.6,0.0074689928055954,0.0072449943555733,-0.00022399845002209987
T01413,GAP0,BTCUSDT,15m,5,vwap n=48 k=3.0,trend,maker_both,SHORT,2025-10-01 09:15:00+00:00,116200.0,-0.0069753156644617,0.0072449943555733,0.014220310020035001
T01414,GAP10,BTCUSDT,15m,5,vwap n=48 k=3.0,trend,maker_both,SHORT,2025-10-01 14:30:00+00:00,117085.0,-0.0061740113845987,0.0072449943555733,0.013419005740172001
T01414,GAP25,BTCUSDT,15m,5,vwap n=48 k=3.0,trend,maker_both,SHORT,2025-10-01 14:30:00+00:00,117085.0,-0.0061740113845987,0.0072449943555733,0.013419005740172001
T01415,GAP50,BTCUSDT,15m,5,vwap n=48 k=3.0,trend,maker_both,SHORT,2025-10-01 16:30:00+00:00,117821.5,0.0040628921512374,0.0072449943555733,0.0031821022043359007
T01433,B1_ALL,BTCUSDT,15m,5,vwap n=48 k=3.0,trend,maker_both,LONG,2025-10-15 17:15:00+00:00,110216.2,0.0078308758769497,0.0078471482920586,1.6272415108899846e-05
T01423,GAP0,BTCUSDT,15m,5,vwap n=48 k=3.0,trend,maker_both,LONG,2025-10-07 08:00:00+00:00,123627.1,0.002875742992097,0.0078471482920586,0.004971405299961599
T01425,GAP10,BTCUSDT,15m,5,vwap n=48 k=3.0,trend,maker_both,LONG,2025-10-10 17:15:00+00:00,117857.1,-0.0110751885162814,0.0078471482920586,0.018922336808339997
T01426,GAP25,BTCUSDT,15m,5,vwap n=48 k=3.0,trend,maker_both,LONG,2025-10-10 19:30:00+00:00,116001.3,0.0082734258251885,0.0078471482920586,-0.00042627753312990055
T01427,GAP50,BTCUSDT,15m,5,vwap n=48 k=3.0,trend,maker_both,LONG,2025-10-10 20:45:00+00:00,116970.0,-0.0105731289252567,0.0078471482920586,0.0184202772173153
T01434,B1_ALL,BTCUSDT,15m,5,vwap n=48 k=3.0,trend,maker_both,LONG,2025-10-16 16:00:00+00:00,108474.0,-0.0021170670642431,-0.005599616068252,-0.0034825490040089006
T01424,GAP0,BTCUSDT,15m,5,vwap n=48 k=3.0,trend,maker_both,LONG,2025-10-10 15:30:00+00:00,119188.0,-0.0091853579456154,-0.005599616068252,0.0035857418773633997
T01426,GAP10,BTCUSDT,15m,5,vwap n=48 k=3.0,trend,maker_both,LONG,2025-10-10 19:30:00+00:00,116001.3,0.0082734258251885,-0.005599616068252,-0.013873041893440501
T01427,GAP25,BTCUSDT,15m,5,vwap n=48 k=3.0,trend,maker_both,LONG,2025-10-10 20:45:00+00:00,116970.0,-0.0105731289252567,-0.005599616068252,0.0049735128570047
T01430,GAP50,BTCUSDT,15m,5,vwap n=48 k=3.0,trend,maker_both,LONG,2025-10-14 09:15:00+00:00,111714.1,-0.0082591472686315,-0.005599616068252,0.0026595312003795
T01435,B1_ALL,BTCUSDT,15m,5,vwap n=48 k=3.0,trend,maker_both,SHORT,2025-10-20 06:15:00+00:00,111088.9,0.0009357724531678,-0.0013575926419085,-0.0022933650950763
T01414,GAP0,BTCUSDT,15m,5,vwap n=48 k=3.0,trend,maker_both,SHORT,2025-10-01 14:30:00+00:00,117085.0,-0.0061740113845987,-0.0013575926419085,0.0048164187426902
T01415,GAP10,BTCUSDT,15m,5,vwap n=48 k=3.0,trend,maker_both,SHORT,2025-10-01 16:30:00+00:00,117821.5,0.0040628921512374,-0.0013575926419085,-0.005420484793145899
T01415,GAP25,BTCUSDT,15m,5,vwap n=48 k=3.0,trend,maker_both,SHORT,2025-10-01 16:30:00+00:00,117821.5,0.0040628921512374,-0.0013575926419085,-0.005420484793145899
T01416,GAP50,BTCUSDT,15m,5,vwap n=48 k=3.0,trend,maker_both,SHORT,2025-10-01 23:30:00+00:00,118312.1,-0.0057999586224707,-0.0013575926419085,0.0044423659805622
T01436,B1_ALL,BTCUSDT,15m,5,vwap n=48 k=3.0,trend,maker_both,SHORT,2025-10-20 12:30:00+00:00,111009.5,-0.0059611492333501,-0.006080000518614,-0.00011885128526389985
T01415,GAP0,BTCUSDT,15m,5,vwap n=48 k=3.0,trend,maker_both,SHORT,2025-10-01 16:30:00+00:00,117821.5,0.0040628921512374,-0.006080000518614,-0.0101428926698514
T01416,GAP10,BTCUSDT,15m,5,vwap n=48 k=3.0,trend,maker_both,SHORT,2025-10-01 23:30:00+00:00,118312.1,-0.0057999586224707,-0.006080000518614,-0.00028004189614330016
T01416,GAP25,BTCUSDT,15m,5,vwap n=48 k=3.0,trend,maker_both,SHORT,2025-10-01 23:30:00+00:00,118312.1,-0.0057999586224707,-0.006080000518614,-0.00028004189614330016
T01419,GAP50,BTCUSDT,15m,5,vwap n=48 k=3.0,trend,maker_both,SHORT,2025-10-05 00:00:00+00:00,122343.2,-0.0034306999517469,-0.006080000518614,-0.0026493005668671
T01437,B1_ALL,BTCUSDT,15m,5,vwap n=48 k=3.0,trend,maker_both,SHORT,2025-10-21 17:15:00+00:00,112657.5,0.0115608292824885,0.0119732815762766,0.0004124522937881004
T01416,GAP0,BTCUSDT,15m,5,vwap n=48 k=3.0,trend,maker_both,SHORT,2025-10-01 23:30:00+00:00,118312.1,-0.0057999586224707,0.0119732815762766,0.0177732401987473
T01419,GAP10,BTCUSDT,15m,5,vwap n=48 k=3.0,trend,maker_both,SHORT,2025-10-05 00:00:00+00:00,122343.2,-0.0034306999517469,0.0119732815762766,0.0154039815280235
T01419,GAP25,BTCUSDT,15m,5,vwap n=48 k=3.0,trend,maker_both,SHORT,2025-10-05 00:00:00+00:00,122343.2,-0.0034306999517469,0.0119732815762766,0.0154039815280235
T01420,GAP50,BTCUSDT,15m,5,vwap n=48 k=3.0,trend,maker_both,SHORT,2025-10-05 02:45:00+00:00,123643.1,-0.0054726158632887,0.0119732815762766,0.0174458974395653
T01438,B1_ALL,BTCUSDT,15m,5,vwap n=48 k=3.0,trend,maker_both,LONG,2025-10-21 23:00:00+00:00,109008.0,-0.0053603103362055,-0.0131117843996931,-0.007751474063487599
T01425,GAP0,BTCUSDT,15m,5,vwap n=48 k=3.0,trend,maker_both,LONG,2025-10-10 17:15:00+00:00,117857.1,-0.0110751885162814,-0.0131117843996931,-0.0020365958834117
T01427,GAP10,BTCUSDT,15m,5,vwap n=48 k=3.0,trend,maker_both,LONG,2025-10-10 20:45:00+00:00,116970.0,-0.0105731289252567,-0.0131117843996931,-0.002538655474436399
T01430,GAP25,BTCUSDT,15m,5,vwap n=48 k=3.0,trend,maker_both,LONG,2025-10-14 09:15:00+00:00,111714.1,-0.0082591472686315,-0.0131117843996931,-0.004852637131061599
T01431,GAP50,BTCUSDT,15m,5,vwap n=48 k=3.0,trend,maker_both,LONG,2025-10-14 12:45:00+00:00,110824.2,-0.0090960243296497,-0.0131117843996931,-0.0040157600700434
T01439,B1_ALL,BTCUSDT,15m,5,vwap n=48 k=3.0,trend,maker_both,SHORT,2025-10-23 04:45:00+00:00,108831.4,-0.0067793812864296,-0.0067355817292158,4.379955721380002e-05
T01419,GAP0,BTCUSDT,15m,5,vwap n=48 k=3.0,trend,maker_both,SHORT,2025-10-05 00:00:00+00:00,122343.2,-0.0034306999517469,-0.0067355817292158,-0.0033048817774688996
T01420,GAP10,BTCUSDT,15m,5,vwap n=48 k=3.0,trend,maker_both,SHORT,2025-10-05 02:45:00+00:00,123643.1,-0.0054726158632887,-0.0067355817292158,-0.0012629658659270996
T01420,GAP25,BTCUSDT,15m,5,vwap n=48 k=3.0,trend,maker_both,SHORT,2025-10-05 02:45:00+00:00,123643.1,-0.0054726158632887,-0.0067355817292158,-0.0012629658659270996
T01428,GAP50,BTCUSDT,15m,5,vwap n=48 k=3.0,trend,maker_both,SHORT,2025-10-12 16:45:00+00:00,114171.5,-0.0116652654975955,-0.0067355817292158,0.004929683768379701
T01440,B1_ALL,BTCUSDT,15m,5,vwap n=48 k=3.0,trend,maker_both,SHORT,2025-10-23 06:45:00+00:00,109967.9,0.0049673060870142,0.0049260982710218,-4.120781599240009e-05
T01441,B1_ALL,BTCUSDT,15m,5,vwap n=48 k=3.0,trend,maker_both,SHORT,2025-10-24 06:30:00+00:00,111274.4,0.0037267106477828,0.0036304515984068,-9.625904937599983e-05
T01429,GAP50,BTCUSDT,15m,5,vwap n=48 k=3.0,trend,maker_both,SHORT,2025-10-12 21:00:00+00:00,114864.5,-0.0099376250131674,0.0036304515984068,0.0135680766115742
T01442,B1_ALL,BTCUSDT,15m,5,vwap n=48 k=3.0,trend,maker_both,SHORT,2025-10-25 07:30:00+00:00,111588.0,-0.0024456226278216,-0.004288879253482,-0.0018432566256604
T01420,GAP0,BTCUSDT,15m,5,vwap n=48 k=3.0,trend,maker_both,SHORT,2025-10-05 02:45:00+00:00,123643.1,-0.0054726158632887,-0.004288879253482,0.0011837366098067003
T01428,GAP10,BTCUSDT,15m,5,vwap n=48 k=3.0,trend,maker_both,SHORT,2025-10-12 16:45:00+00:00,114171.5,-0.0116652654975955,-0.004288879253482,0.007376386244113501
T01428,GAP25,BTCUSDT,15m,5,vwap n=48 k=3.0,trend,maker_both,SHORT,2025-10-12 16:45:00+00:00,114171.5,-0.0116652654975955,-0.004288879253482,0.007376386244113501
T01432,GAP50,BTCUSDT,15m,5,vwap n=48 k=3.0,trend,maker_both,SHORT,2025-10-14 22:15:00+00:00,113372.6,0.0074689928055954,-0.004288879253482,-0.0117578720590774
T01443,B1_ALL,BTCUSDT,15m,5,vwap n=48 k=3.0,trend,maker_both,SHORT,2025-10-26 09:30:00+00:00,112630.8,0.0018035483426611,-0.0047592423701724,-0.0065627907128335
T01428,GAP0,BTCUSDT,15m,5,vwap n=48 k=3.0,trend,maker_both,SHORT,2025-10-12 16:45:00+00:00,114171.5,-0.0116652654975955,-0.0047592423701724,0.0069060231274231006
T01429,GAP10,BTCUSDT,15m,5,vwap n=48 k=3.0,trend,maker_both,SHORT,2025-10-12 21:00:00+00:00,114864.5,-0.0099376250131674,-0.0047592423701724,0.005178382642995
T01429,GAP25,BTCUSDT,15m,5,vwap n=48 k=3.0,trend,maker_both,SHORT,2025-10-12 21:00:00+00:00,114864.5,-0.0099376250131674,-0.0047592423701724,0.005178382642995
T01435,GAP50,BTCUSDT,15m,5,vwap n=48 k=3.0,trend,maker_both,SHORT,2025-10-20 06:15:00+00:00,111088.9,0.0009357724531678,-0.0047592423701724,-0.0056950148233402
T01444,B1_ALL,BTCUSDT,15m,5,vwap n=48 k=3.0,trend,maker_both,SHORT,2025-10-26 11:30:00+00:00,112649.5,-0.0048503271783166,-0.0054891668664186,-0.0006388396881020003
T01445,B1_ALL,BTCUSDT,15m,5,vwap n=48 k=3.0,trend,maker_both,SHORT,2025-10-26 12:00:00+00:00,113235.2,-0.0057715024424486,0.0002698388485434,0.006041341290992
T01446,B1_ALL,BTCUSDT,15m,5,vwap n=48 k=3.0,trend,maker_both,SHORT,2025-10-26 12:30:00+00:00,113596.9,3.8133518345585295e-05,-0.002906705881136,-0.0029448393994815853
T01429,GAP0,BTCUSDT,15m,5,vwap n=48 k=3.0,trend,maker_both,SHORT,2025-10-12 21:00:00+00:00,114864.5,-0.0099376250131674,-0.002906705881136,0.0070309191320314
T01432,GAP10,BTCUSDT,15m,5,vwap n=48 k=3.0,trend,maker_both,SHORT,2025-10-14 22:15:00+00:00,113372.6,0.0074689928055954,-0.002906705881136,-0.0103756986867314
T01432,GAP25,BTCUSDT,15m,5,vwap n=48 k=3.0,trend,maker_both,SHORT,2025-10-14 22:15:00+00:00,113372.6,0.0074689928055954,-0.002906705881136,-0.0103756986867314
T01436,GAP50,BTCUSDT,15m,5,vwap n=48 k=3.0,trend,maker_both,SHORT,2025-10-20 12:30:00+00:00,111009.5,-0.0059611492333501,-0.002906705881136,0.0030544433522141003
T01447,B1_ALL,BTCUSDT,15m,5,vwap n=48 k=3.0,trend,maker_both,SHORT,2025-10-27 02:00:00+00:00,115217.8,-0.0071284312042907,-0.0069504764790279,0.0001779547252627996
T01435,GAP10,BTCUSDT,15m,5,vwap n=48 k=3.0,trend,maker_both,SHORT,2025-10-20 06:15:00+00:00,111088.9,0.0009357724531678,-0.0069504764790279,-0.007886248932195701
T01435,GAP25,BTCUSDT,15m,5,vwap n=48 k=3.0,trend,maker_both,SHORT,2025-10-20 06:15:00+00:00,111088.9,0.0009357724531678,-0.0069504764790279,-0.007886248932195701
T01437,GAP50,BTCUSDT,15m,5,vwap n=48 k=3.0,trend,maker_both,SHORT,2025-10-21 17:15:00+00:00,112657.5,0.0115608292824885,-0.0069504764790279,-0.0185113057615164
T01448,B1_ALL,BTCUSDT,15m,5,vwap n=48 k=3.0,trend,maker_both,SHORT,2025-10-27 07:15:00+00:00,115832.5,0.003784438874428,0.0036754642673993,-0.00010897460702869984
T01432,GAP0,BTCUSDT,15m,5,vwap n=48 k=3.0,trend,maker_both,SHORT,2025-10-14 22:15:00+00:00,113372.6,0.0074689928055954,0.0036754642673993,-0.0037935285381961
T01436,GAP10,BTCUSDT,15m,5,vwap n=48 k=3.0,trend,maker_both,SHORT,2025-10-20 12:30:00+00:00,111009.5,-0.0059611492333501,0.0036754642673993,0.0096366135007494
T01436,GAP25,BTCUSDT,15m,5,vwap n=48 k=3.0,trend,maker_both,SHORT,2025-10-20 12:30:00+00:00,111009.5,-0.0059611492333501,0.0036754642673993,0.0096366135007494
T01439,GAP50,BTCUSDT,15m,5,vwap n=48 k=3.0,trend,maker_both,SHORT,2025-10-23 04:45:00+00:00,108831.4,-0.0067793812864296,0.0036754642673993,0.0104548455538289
T01449,B1_ALL,BTCUSDT,15m,5,vwap n=48 k=3.0,trend,maker_both,LONG,2025-10-27 21:30:00+00:00,114120.7,-0.006208246829303,-0.0061253120243835,8.293480491949976e-05
T01426,GAP0,BTCUSDT,15m,5,vwap n=48 k=3.0,trend,maker_both,LONG,2025-10-10 19:30:00+00:00,116001.3,0.0082734258251885,-0.0061253120243835,-0.014398737849572001
T01430,GAP10,BTCUSDT,15m,5,vwap n=48 k=3.0,trend,maker_both,LONG,2025-10-14 09:15:00+00:00,111714.1,-0.0082591472686315,-0.0061253120243835,0.002133835244248
T01431,GAP25,BTCUSDT,15m,5,vwap n=48 k=3.0,trend,maker_both,LONG,2025-10-14 12:45:00+00:00,110824.2,-0.0090960243296497,-0.0061253120243835,0.002970712305266199
T01433,GAP50,BTCUSDT,15m,5,vwap n=48 k=3.0,trend,maker_both,LONG,2025-10-15 17:15:00+00:00,110216.2,0.0078308758769497,-0.0061253120243835,-0.013956187901333201
T01450,B1_ALL,BTCUSDT,15m,5,vwap n=48 k=3.0,trend,maker_both,SHORT,2025-10-28 13:30:00+00:00,115011.5,-0.0050103308865819,-0.0051840527748628,-0.00017372188828090017
T01440,GAP50,BTCUSDT,15m,5,vwap n=48 k=3.0,trend,maker_both,SHORT,2025-10-23 06:45:00+00:00,109967.9,0.0049673060870142,-0.0051840527748628,-0.010151358861877
T01451,B1_ALL,BTCUSDT,15m,5,vwap n=48 k=3.0,trend,maker_both,SHORT,2025-10-28 14:15:00+00:00,115739.0,0.0033725259718552,0.003572058513643,0.00019953254178780005
T01441,GAP50,BTCUSDT,15m,5,vwap n=48 k=3.0,trend,maker_both,SHORT,2025-10-24 06:30:00+00:00,111274.4,0.0037267106477828,0.003572058513643,-0.00015465213413979988
T01452,B1_ALL,BTCUSDT,15m,5,vwap n=48 k=3.0,trend,maker_both,LONG,2025-10-28 20:15:00+00:00,112879.0,-0.0050865510096728,9.229213087758124e-05,0.005178843140550381
T01453,B1_ALL,BTCUSDT,15m,5,vwap n=48 k=3.0,trend,maker_both,LONG,2025-10-29 16:15:00+00:00,110987.7,0.0056978400183586,0.005759360737957,6.152071959839977e-05
T01427,GAP0,BTCUSDT,15m,5,vwap n=48 k=3.0,trend,maker_both,LONG,2025-10-10 20:45:00+00:00,116970.0,-0.0105731289252567,0.005759360737957,0.0163324896632137
T01431,GAP10,BTCUSDT,15m,5,vwap n=48 k=3.0,trend,maker_both,LONG,2025-10-14 12:45:00+00:00,110824.2,-0.0090960243296497,0.005759360737957,0.0148553850676067
T01433,GAP25,BTCUSDT,15m,5,vwap n=48 k=3.0,trend,maker_both,LONG,2025-10-15 17:15:00+00:00,110216.2,0.0078308758769497,0.005759360737957,-0.0020715151389926996
T01434,GAP50,BTCUSDT,15m,5,vwap n=48 k=3.0,trend,maker_both,LONG,2025-10-16 16:00:00+00:00,108474.0,-0.0021170670642431,0.005759360737957,0.0078764278022001
T01454,B1_ALL,BTCUSDT,15m,5,vwap n=48 k=3.0,trend,maker_both,LONG,2025-10-29 18:45:00+00:00,109689.1,0.0093362614476618,-0.0034272148153378,-0.0127634762629996
T01430,GAP0,BTCUSDT,15m,5,vwap n=48 k=3.0,trend,maker_both,LONG,2025-10-14 09:15:00+00:00,111714.1,-0.0082591472686315,-0.0034272148153378,0.0048319324532937
T01433,GAP10,BTCUSDT,15m,5,vwap n=48 k=3.0,trend,maker_both,LONG,2025-10-15 17:15:00+00:00,110216.2,0.0078308758769497,-0.0034272148153378,-0.0112580906922875
T01434,GAP25,BTCUSDT,15m,5,vwap n=48 k=3.0,trend,maker_both,LONG,2025-10-16 16:00:00+00:00,108474.0,-0.0021170670642431,-0.0034272148153378,-0.0013101477510947001
T01438,GAP50,BTCUSDT,15m,5,vwap n=48 k=3.0,trend,maker_both,LONG,2025-10-21 23:00:00+00:00,109008.0,-0.0053603103362055,-0.0034272148153378,0.0019330955208677002
T01455,B1_ALL,BTCUSDT,15m,5,vwap n=48 k=3.0,trend,maker_both,LONG,2025-10-30 04:30:00+00:00,108328.9,0.0080690410447222,0.0094160352186688,0.001346994173946599
T01431,GAP0,BTCUSDT,15m,5,vwap n=48 k=3.0,trend,maker_both,LONG,2025-10-14 12:45:00+00:00,110824.2,-0.0090960243296497,0.0094160352186688,0.0185120595483185
T01434,GAP10,BTCUSDT,15m,5,vwap n=48 k=3.0,trend,maker_both,LONG,2025-10-16 16:00:00+00:00,108474.0,-0.0021170670642431,0.0094160352186688,0.011533102282911899
T01438,GAP25,BTCUSDT,15m,5,vwap n=48 k=3.0,trend,maker_both,LONG,2025-10-21 23:00:00+00:00,109008.0,-0.0053603103362055,0.0094160352186688,0.014776345554874299
T01449,GAP50,BTCUSDT,15m,5,vwap n=48 k=3.0,trend,maker_both,LONG,2025-10-27 21:30:00+00:00,114120.7,-0.006208246829303,0.0094160352186688,0.0156242820479718
T01456,B1_ALL,BTCUSDT,15m,5,vwap n=48 k=3.0,trend,maker_both,LONG,2025-10-30 12:45:00+00:00,108441.1,-0.009154719308005,-0.009128946704113,2.5772603892000936e-05
T01449,GAP25,BTCUSDT,15m,5,vwap n=48 k=3.0,trend,maker_both,LONG,2025-10-27 21:30:00+00:00,114120.7,-0.006208246829303,-0.009128946704113,-0.0029206998748099993
T01452,GAP50,BTCUSDT,15m,5,vwap n=48 k=3.0,trend,maker_both,LONG,2025-10-28 20:15:00+00:00,112879.0,-0.0050865510096728,-0.009128946704113,-0.0040423956944402
T01457,B1_ALL,BTCUSDT,15m,5,vwap n=48 k=3.0,trend,maker_both,LONG,2025-10-30 14:00:00+00:00,107582.2,-0.0104607251415631,-0.0106400763758051,-0.00017935123424200027
T01433,GAP0,BTCUSDT,15m,5,vwap n=48 k=3.0,trend,maker_both,LONG,2025-10-15 17:15:00+00:00,110216.2,0.0078308758769497,-0.0106400763758051,-0.018470952252754802
T01438,GAP10,BTCUSDT,15m,5,vwap n=48 k=3.0,trend,maker_both,LONG,2025-10-21 23:00:00+00:00,109008.0,-0.0053603103362055,-0.0106400763758051,-0.0052797660395996005
T01452,GAP25,BTCUSDT,15m,5,vwap n=48 k=3.0,trend,maker_both,LONG,2025-10-28 20:15:00+00:00,112879.0,-0.0050865510096728,-0.0106400763758051,-0.005553525366132301
T01453,GAP50,BTCUSDT,15m,5,vwap n=48 k=3.0,trend,maker_both,LONG,2025-10-29 16:15:00+00:00,110987.7,0.0056978400183586,-0.0106400763758051,-0.016337916394163703
T01458,B1_ALL,BTCUSDT,15m,5,vwap n=48 k=3.0,trend,maker_both,LONG,2025-10-30 20:00:00+00:00,106495.1,0.008333255850263,0.0086840231345505,0.0003507672842874999
T01434,GAP0,BTCUSDT,15m,5,vwap n=48 k=3.0,trend,maker_both,LONG,2025-10-16 16:00:00+00:00,108474.0,-0.0021170670642431,0.0086840231345505,0.010801090198793599
T01449,GAP10,BTCUSDT,15m,5,vwap n=48 k=3.0,trend,maker_both,LONG,2025-10-27 21:30:00+00:00,114120.7,-0.006208246829303,0.0086840231345505,0.0148922699638535
T01453,GAP25,BTCUSDT,15m,5,vwap n=48 k=3.0,trend,maker_both,LONG,2025-10-29 16:15:00+00:00,110987.7,0.0056978400183586,0.0086840231345505,0.0029861831161918997
T01454,GAP50,BTCUSDT,15m,5,vwap n=48 k=3.0,trend,maker_both,LONG,2025-10-29 18:45:00+00:00,109689.1,0.0093362614476618,0.0086840231345505,-0.0006522383131113002
T01459,B1_ALL,BTCUSDT,15m,5,vwap n=48 k=3.0,trend,maker_both,SHORT,2025-10-31 01:00:00+00:00,109276.3,-0.0090798044062719,0.0073782009305308,0.0164580053368027
T01460,B1_ALL,BTCUSDT,15m,5,vwap n=48 k=3.0,trend,maker_both,SHORT,2025-10-31 05:15:00+00:00,109771.9,0.0010986815682095,0.0022843438686045,0.0011856623003949998
T01437,GAP25,BTCUSDT,15m,5,vwap n=48 k=3.0,trend,maker_both,SHORT,2025-10-21 17:15:00+00:00,112657.5,0.0115608292824885,0.0022843438686045,-0.009276485413884
T01442,GAP50,BTCUSDT,15m,5,vwap n=48 k=3.0,trend,maker_both,SHORT,2025-10-25 07:30:00+00:00,111588.0,-0.0024456226278216,0.0022843438686045,0.0047299664964261
T01461,B1_ALL,BTCUSDT,15m,5,vwap n=48 k=3.0,trend,maker_both,LONG,2025-11-03 05:45:00+00:00,107562.9,-0.0083150989084073,-0.0082009839342032,0.0001141149742041013
T01452,GAP10,BTCUSDT,15m,5,vwap n=48 k=3.0,trend,maker_both,LONG,2025-10-28 20:15:00+00:00,112879.0,-0.0050865510096728,-0.0082009839342032,-0.0031144329245303996
T01454,GAP25,BTCUSDT,15m,5,vwap n=48 k=3.0,trend,maker_both,LONG,2025-10-29 18:45:00+00:00,109689.1,0.0093362614476618,-0.0082009839342032,-0.017537245381864998
T01455,GAP50,BTCUSDT,15m,5,vwap n=48 k=3.0,trend,maker_both,LONG,2025-10-30 04:30:00+00:00,108328.9,0.0080690410447222,-0.0082009839342032,-0.0162700249789254
T01462,B1_ALL,BTCUSDT,15m,5,vwap n=48 k=3.0,trend,maker_both,LONG,2025-11-04 05:45:00+00:00,104885.5,-0.0098753972399627,0.0081391623001608,0.0180145595401235
T01463,B1_ALL,BTCUSDT,15m,5,vwap n=48 k=3.0,trend,maker_both,SHORT,2025-11-05 17:00:00+00:00,103865.0,0.0006622544497815,-0.0104243091397089,-0.0110865635894904
T01435,GAP0,BTCUSDT,15m,5,vwap n=48 k=3.0,trend,maker_both,SHORT,2025-10-20 06:15:00+00:00,111088.9,0.0009357724531678,-0.0104243091397089,-0.0113600815928767
T01437,GAP10,BTCUSDT,15m,5,vwap n=48 k=3.0,trend,maker_both,SHORT,2025-10-21 17:15:00+00:00,112657.5,0.0115608292824885,-0.0104243091397089,-0.0219851384221974
T01439,GAP25,BTCUSDT,15m,5,vwap n=48 k=3.0,trend,maker_both,SHORT,2025-10-23 04:45:00+00:00,108831.4,-0.0067793812864296,-0.0104243091397089,-0.0036449278532793006
T01443,GAP50,BTCUSDT,15m,5,vwap n=48 k=3.0,trend,maker_both,SHORT,2025-10-26 09:30:00+00:00,112630.8,0.0018035483426611,-0.0104243091397089,-0.01222785748237
T01464,B1_ALL,BTCUSDT,15m,5,vwap n=48 k=3.0,trend,maker_both,LONG,2025-11-06 16:45:00+00:00,100557.4,0.0102638323059441,0.010614250521291,0.00035041821534689994
T01438,GAP0,BTCUSDT,15m,5,vwap n=48 k=3.0,trend,maker_both,LONG,2025-10-21 23:00:00+00:00,109008.0,-0.0053603103362055,0.010614250521291,0.0159745608574965
T01453,GAP10,BTCUSDT,15m,5,vwap n=48 k=3.0,trend,maker_both,LONG,2025-10-29 16:15:00+00:00,110987.7,0.0056978400183586,0.010614250521291,0.0049164105029324
T01455,GAP25,BTCUSDT,15m,5,vwap n=48 k=3.0,trend,maker_both,LONG,2025-10-30 04:30:00+00:00,108328.9,0.0080690410447222,0.010614250521291,0.0025452094765687997
T01456,GAP50,BTCUSDT,15m,5,vwap n=48 k=3.0,trend,maker_both,LONG,2025-10-30 12:45:00+00:00,108441.1,-0.009154719308005,0.010614250521291,0.019768969829296
T01465,B1_ALL,BTCUSDT,15m,5,vwap n=48 k=3.0,trend,maker_both,SHORT,2025-11-07 18:30:00+00:00,102644.5,-0.0125988185128761,-0.0122439922158303,0.0003548262970458002
T01436,GAP0,BTCUSDT,15m,5,vwap n=48 k=3.0,trend,maker_both,SHORT,2025-10-20 12:30:00+00:00,111009.5,-0.0059611492333501,-0.0122439922158303,-0.0062828429824802
T01439,GAP10,BTCUSDT,15m,5,vwap n=48 k=3.0,trend,maker_both,SHORT,2025-10-23 04:45:00+00:00,108831.4,-0.0067793812864296,-0.0122439922158303,-0.0054646109294007005
T01440,GAP25,BTCUSDT,15m,5,vwap n=48 k=3.0,trend,maker_both,SHORT,2025-10-23 06:45:00+00:00,109967.9,0.0049673060870142,-0.0122439922158303,-0.0172112983028445
T01444,GAP50,BTCUSDT,15m,5,vwap n=48 k=3.0,trend,maker_both,SHORT,2025-10-26 11:30:00+00:00,112649.5,-0.0048503271783166,-0.0122439922158303,-0.0073936650375137
T01466,B1_ALL,BTCUSDT,15m,5,vwap n=48 k=3.0,trend,maker_both,SHORT,2025-11-07 21:15:00+00:00,103410.8,0.0023589525640427,0.0019434045329419,-0.00041554803110079985
T01437,GAP0,BTCUSDT,15m,5,vwap n=48 k=3.0,trend,maker_both,SHORT,2025-10-21 17:15:00+00:00,112657.5,0.0115608292824885,0.0019434045329419,-0.0096174247495466
T01440,GAP10,BTCUSDT,15m,5,vwap n=48 k=3.0,trend,maker_both,SHORT,2025-10-23 06:45:00+00:00,109967.9,0.0049673060870142,0.0019434045329419,-0.0030239015540723
T01441,GAP25,BTCUSDT,15m,5,vwap n=48 k=3.0,trend,maker_both,SHORT,2025-10-24 06:30:00+00:00,111274.4,0.0037267106477828,0.0019434045329419,-0.0017833061148409
T01445,GAP50,BTCUSDT,15m,5,vwap n=48 k=3.0,trend,maker_both,SHORT,2025-10-26 12:00:00+00:00,113235.2,-0.0057715024424486,0.0019434045329419,0.0077149069753905
T01467,B1_ALL,BTCUSDT,15m,5,vwap n=48 k=3.0,trend,maker_both,SHORT,2025-11-09 19:15:00+00:00,104200.3,-0.0080681545952929,-0.0083727136294503,-0.00030455903415740025
T01468,B1_ALL,BTCUSDT,15m,5,vwap n=48 k=3.0,trend,maker_both,SHORT,2025-11-09 20:30:00+00:00,104451.9,-0.0081418044290991,-0.0079637440638951,0.00017806036520400144
T01442,GAP25,BTCUSDT,15m,5,vwap n=48 k=3.0,trend,maker_both,SHORT,2025-10-25 07:30:00+00:00,111588.0,-0.0024456226278216,-0.0079637440638951,-0.005518121436073499
T01446,GAP50,BTCUSDT,15m,5,vwap n=48 k=3.0,trend,maker_both,SHORT,2025-10-26 12:30:00+00:00,113596.9,3.8133518345585295e-05,-0.0079637440638951,-0.008001877582240684
T01469,B1_ALL,BTCUSDT,15m,5,vwap n=48 k=3.0,trend,maker_both,SHORT,2025-11-10 00:30:00+00:00,105448.3,-0.0094750240453798,-0.0025705174723549,0.0069045065730249
T01470,B1_ALL,BTCUSDT,15m,5,vwap n=48 k=3.0,trend,maker_both,SHORT,2025-11-10 01:15:00+00:00,106263.5,-0.0032909125778035,-0.0036627385726694,-0.00037182599486590027
T01439,GAP0,BTCUSDT,15m,5,vwap n=48 k=3.0,trend,maker_both,SHORT,2025-10-23 04:45:00+00:00,108831.4,-0.0067793812864296,-0.0036627385726694,0.0031166427137601996
T01441,GAP10,BTCUSDT,15m,5,vwap n=48 k=3.0,trend,maker_both,SHORT,2025-10-24 06:30:00+00:00,111274.4,0.0037267106477828,-0.0036627385726694,-0.0073894492204522
T01443,GAP25,BTCUSDT,15m,5,vwap n=48 k=3.0,trend,maker_both,SHORT,2025-10-26 09:30:00+00:00,112630.8,0.0018035483426611,-0.0036627385726694,-0.0054662869153305005
T01447,GAP50,BTCUSDT,15m,5,vwap n=48 k=3.0,trend,maker_both,SHORT,2025-10-27 02:00:00+00:00,115217.8,-0.0071284312042907,-0.0036627385726694,0.0034656926316213
T01471,B1_ALL,BTCUSDT,15m,5,vwap n=48 k=3.0,trend,maker_both,LONG,2025-11-10 15:00:00+00:00,104846.5,0.0055099922163947,0.0057807075073225,0.00027071529092780044
T01449,GAP0,BTCUSDT,15m,5,vwap n=48 k=3.0,trend,maker_both,LONG,2025-10-27 21:30:00+00:00,114120.7,-0.006208246829303,0.0057807075073225,0.011988954336625501
T01454,GAP10,BTCUSDT,15m,5,vwap n=48 k=3.0,trend,maker_both,LONG,2025-10-29 18:45:00+00:00,109689.1,0.0093362614476618,0.0057807075073225,-0.0035555539403393
T01456,GAP25,BTCUSDT,15m,5,vwap n=48 k=3.0,trend,maker_both,LONG,2025-10-30 12:45:00+00:00,108441.1,-0.009154719308005,0.0057807075073225,0.014935426815327502
T01457,GAP50,BTCUSDT,15m,5,vwap n=48 k=3.0,trend,maker_both,LONG,2025-10-30 14:00:00+00:00,107582.2,-0.0104607251415631,0.0057807075073225,0.0162414326488856
T01472,B1_ALL,BTCUSDT,15m,6,breakout n=20,range,maker_both,SHORT,2025-11-11 17:45:00+00:00,102948.4,-0.001569857420515,0.0006881129714112,0.0022579703919262
T01473,B1_ALL,BTCUSDT,15m,6,breakout n=20,range,maker_both,SHORT,2025-11-12 15:00:00+00:00,103948.5,0.009562159972218,0.0100927033953081,0.0005305434230901008
T01472,GAP0,BTCUSDT,15m,6,breakout n=20,range,maker_both,SHORT,2025-11-11 17:45:00+00:00,102948.4,-0.001569857420515,0.0100927033953081,0.0116625608158231
T01472,GAP10,BTCUSDT,15m,6,breakout n=20,range,maker_both,SHORT,2025-11-11 17:45:00+00:00,102948.4,-0.001569857420515,0.0100927033953081,0.0116625608158231
T01472,GAP25,BTCUSDT,15m,6,breakout n=20,range,maker_both,SHORT,2025-11-11 17:45:00+00:00,102948.4,-0.001569857420515,0.0100927033953081,0.0116625608158231
T01472,GAP50,BTCUSDT,15m,6,breakout n=20,range,maker_both,SHORT,2025-11-11 17:45:00+00:00,102948.4,-0.001569857420515,0.0100927033953081,0.0116625608158231
T01474,B1_ALL,BTCUSDT,15m,6,breakout n=20,range,maker_both,SHORT,2025-11-12 16:00:00+00:00,102124.9,0.0018618818432377,-0.0087965602703841,-0.0106584421136218
T01473,GAP0,BTCUSDT,15m,6,breakout n=20,range,maker_both,SHORT,2025-11-12 15:00:00+00:00,103948.5,0.009562159972218,-0.0087965602703841,-0.0183587202426021
T01473,GAP10,BTCUSDT,15m,6,breakout n=20,range,maker_both,SHORT,2025-11-12 15:00:00+00:00,103948.5,0.009562159972218,-0.0087965602703841,-0.0183587202426021
T01473,GAP25,BTCUSDT,15m,6,breakout n=20,range,maker_both,SHORT,2025-11-12 15:00:00+00:00,103948.5,0.009562159972218,-0.0087965602703841,-0.0183587202426021
T01473,GAP50,BTCUSDT,15m,6,breakout n=20,range,maker_both,SHORT,2025-11-12 15:00:00+00:00,103948.5,0.009562159972218,-0.0087965602703841,-0.0183587202426021
T01475,B1_ALL,BTCUSDT,15m,6,breakout n=20,range,maker_both,LONG,2025-11-26 17:30:00+00:00,88621.0,0.0128153717572322,0.0139873552837667,0.0011719835265344997
T01475,GAP0,BTCUSDT,15m,6,breakout n=20,range,maker_both,LONG,2025-11-26 17:30:00+00:00,88621.0,0.0128153717572322,0.0139873552837667,0.0011719835265344997
T01475,GAP10,BTCUSDT,15m,6,breakout n=20,range,maker_both,LONG,2025-11-26 17:30:00+00:00,88621.0,0.0128153717572322,0.0139873552837667,0.0011719835265344997
T01475,GAP25,BTCUSDT,15m,6,breakout n=20,range,maker_both,LONG,2025-11-26 17:30:00+00:00,88621.0,0.0128153717572322,0.0139873552837667,0.0011719835265344997
T01475,GAP50,BTCUSDT,15m,6,breakout n=20,range,maker_both,LONG,2025-11-26 17:30:00+00:00,88621.0,0.0128153717572322,0.0139873552837667,0.0011719835265344997
T01476,B1_ALL,BTCUSDT,15m,6,breakout n=20,range,maker_both,LONG,2025-11-26 18:30:00+00:00,90297.0,-0.0086459151705722,0.0142888328799003,0.0229347480504725
T01477,B1_ALL,BTCUSDT,15m,6,breakout n=20,range,maker_both,SHORT,2025-11-29 18:00:00+00:00,90381.2,-0.0040822219409764,-0.0043696066193379,-0.00028738467836150056
T01474,GAP0,BTCUSDT,15m,6,breakout n=20,range,maker_both,SHORT,2025-11-12 16:00:00+00:00,102124.9,0.0018618818432377,-0.0043696066193379,-0.0062314884625756005
T01474,GAP10,BTCUSDT,15m,6,breakout n=20,range,maker_both,SHORT,2025-11-12 16:00:00+00:00,102124.9,0.0018618818432377,-0.0043696066193379,-0.0062314884625756005
T01474,GAP25,BTCUSDT,15m,6,breakout n=20,range,maker_both,SHORT,2025-11-12 16:00:00+00:00,102124.9,0.0018618818432377,-0.0043696066193379,-0.0062314884625756005
T01474,GAP50,BTCUSDT,15m,6,breakout n=20,range,maker_both,SHORT,2025-11-12 16:00:00+00:00,102124.9,0.0018618818432377,-0.0043696066193379,-0.0062314884625756005
T01478,B1_ALL,BTCUSDT,15m,6,breakout n=20,range,maker_both,LONG,2025-11-30 09:15:00+00:00,91432.2,-0.0041957439549932,-0.0043502372209358,-0.00015449326594259988
T01476,GAP50,BTCUSDT,15m,6,breakout n=20,range,maker_both,LONG,2025-11-26 18:30:00+00:00,90297.0,-0.0086459151705722,-0.0043502372209358,0.004295677949636399
T01479,B1_ALL,BTCUSDT,15m,6,breakout n=20,range,maker_both,LONG,2025-11-30 13:30:00+00:00,91808.9,-0.0045434090603255,-0.0045610430916794,-1.7634031353900258e-05
T01480,B1_ALL,BTCUSDT,15m,6,breakout n=20,range,maker_both,SHORT,2025-11-30 23:30:00+00:00,90615.6,0.0061258261635041,0.0060967511251935,-2.9075038310600286e-05
T01477,GAP0,BTCUSDT,15m,6,breakout n=20,range,maker_both,SHORT,2025-11-29 18:00:00+00:00,90381.2,-0.0040822219409764,0.0060967511251935,0.0101789730661699
T01477,GAP10,BTCUSDT,15m,6,breakout n=20,range,maker_both,SHORT,2025-11-29 18:00:00+00:00,90381.2,-0.0040822219409764,0.0060967511251935,0.0101789730661699
T01477,GAP25,BTCUSDT,15m,6,breakout n=20,range,maker_both,SHORT,2025-11-29 18:00:00+00:00,90381.2,-0.0040822219409764,0.0060967511251935,0.0101789730661699
T01477,GAP50,BTCUSDT,15m,6,breakout n=20,range,maker_both,SHORT,2025-11-29 18:00:00+00:00,90381.2,-0.0040822219409764,0.0060967511251935,0.0101789730661699
T01481,B1_ALL,BTCUSDT,15m,6,breakout n=20,range,maker_both,SHORT,2025-12-01 00:30:00+00:00,88338.3,0.0111270750524091,0.012405149380866,0.0012780743284568994
T01480,GAP0,BTCUSDT,15m,6,breakout n=20,range,maker_both,SHORT,2025-11-30 23:30:00+00:00,90615.6,0.0061258261635041,0.012405149380866,0.006279323217361899
T01480,GAP10,BTCUSDT,15m,6,breakout n=20,range,maker_both,SHORT,2025-11-30 23:30:00+00:00,90615.6,0.0061258261635041,0.012405149380866,0.006279323217361899
T01480,GAP25,BTCUSDT,15m,6,breakout n=20,range,maker_both,SHORT,2025-11-30 23:30:00+00:00,90615.6,0.0061258261635041,0.012405149380866,0.006279323217361899
T01480,GAP50,BTCUSDT,15m,6,breakout n=20,range,maker_both,SHORT,2025-11-30 23:30:00+00:00,90615.6,0.0061258261635041,0.012405149380866,0.006279323217361899
T01482,B1_ALL,BTCUSDT,15m,6,breakout n=20,range,maker_both,LONG,2025-12-02 17:30:00+00:00,91718.3,-0.0106005834622803,-0.0103553077924449,0.0002452756698353986
T01476,GAP10,BTCUSDT,15m,6,breakout n=20,range,maker_both,LONG,2025-11-26 18:30:00+00:00,90297.0,-0.0086459151705722,-0.0103553077924449,-0.0017093926218727015
T01476,GAP25,BTCUSDT,15m,6,breakout n=20,range,maker_both,LONG,2025-11-26 18:30:00+00:00,90297.0,-0.0086459151705722,-0.0103553077924449,-0.0017093926218727015
T01478,GAP50,BTCUSDT,15m,6,breakout n=20,range,maker_both,LONG,2025-11-30 09:15:00+00:00,91432.2,-0.0041957439549932,-0.0103553077924449,-0.006159563837451701
T01483,B1_ALL,BTCUSDT,15m,6,breakout n=20,range,maker_both,SHORT,2025-12-05 13:30:00+00:00,90773.1,0.0077818624105779,-0.0060771714339702,-0.013859033844548101
T01481,GAP0,BTCUSDT,15m,6,breakout n=20,range,maker_both,SHORT,2025-12-01 00:30:00+00:00,88338.3,0.0111270750524091,-0.0060771714339702,-0.0172042464863793
T01481,GAP10,BTCUSDT,15m,6,breakout n=20,range,maker_both,SHORT,2025-12-01 00:30:00+00:00,88338.3,0.0111270750524091,-0.0060771714339702,-0.0172042464863793
T01481,GAP25,BTCUSDT,15m,6,breakout n=20,range,maker_both,SHORT,2025-12-01 00:30:00+00:00,88338.3,0.0111270750524091,-0.0060771714339702,-0.0172042464863793
T01481,GAP50,BTCUSDT,15m,6,breakout n=20,range,maker_both,SHORT,2025-12-01 00:30:00+00:00,88338.3,0.0111270750524091,-0.0060771714339702,-0.0172042464863793
T01484,B1_ALL,BTCUSDT,15m,6,breakout n=20,range,maker_both,SHORT,2025-12-07 22:15:00+00:00,89328.0,-0.008442400173519,-0.0085337460371537,-9.134586363469983e-05
T01485,B1_ALL,BTCUSDT,15m,6,breakout n=20,range,maker_both,LONG,2025-12-08 21:00:00+00:00,90745.7,-0.0079367344344331,-0.0078320488012066,0.00010468563322649921
T01478,GAP10,BTCUSDT,15m,6,breakout n=20,range,maker_both,LONG,2025-11-30 09:15:00+00:00,91432.2,-0.0041957439549932,-0.0078320488012066,-0.0036363048462134005
T01478,GAP25,BTCUSDT,15m,6,breakout n=20,range,maker_both,LONG,2025-11-30 09:15:00+00:00,91432.2,-0.0041957439549932,-0.0078320488012066,-0.0036363048462134005
T01479,GAP50,BTCUSDT,15m,6,breakout n=20,range,maker_both,LONG,2025-11-30 13:30:00+00:00,91808.9,-0.0045434090603255,-0.0078320488012066,-0.0032886397408811007
T01486,B1_ALL,BTCUSDT,15m,6,breakout n=20,range,maker_both,LONG,2025-12-09 15:45:00+00:00,92026.5,0.0123800637207981,0.0137590397142607,0.0013789759934625997
T01476,GAP0,BTCUSDT,15m,6,breakout n=20,range,maker_both,LONG,2025-11-26 18:30:00+00:00,90297.0,-0.0086459151705722,0.0137590397142607,0.0224049548848329
T01479,GAP10,BTCUSDT,15m,6,breakout n=20,range,maker_both,LONG,2025-11-30 13:30:00+00:00,91808.9,-0.0045434090603255,0.0137590397142607,0.0183024487745862
T01479,GAP25,BTCUSDT,15m,6,breakout n=20,range,maker_both,LONG,2025-11-30 13:30:00+00:00,91808.9,-0.0045434090603255,0.0137590397142607,0.0183024487745862
T01482,GAP50,BTCUSDT,15m,6,breakout n=20,range,maker_both,LONG,2025-12-02 17:30:00+00:00,91718.3,-0.0106005834622803,0.0137590397142607,0.024359623176541
T01487,B1_ALL,BTCUSDT,15m,6,breakout n=20,range,maker_both,SHORT,2025-12-11 02:15:00+00:00,90196.0,-0.0024642575950486,-0.0031604373880248,-0.0006961797929762002
T01483,GAP0,BTCUSDT,15m,6,breakout n=20,range,maker_both,SHORT,2025-12-05 13:30:00+00:00,90773.1,0.0077818624105779,-0.0031604373880248,-0.0109422997986027
T01483,GAP10,BTCUSDT,15m,6,breakout n=20,range,maker_both,SHORT,2025-12-05 13:30:00+00:00,90773.1,0.0077818624105779,-0.0031604373880248,-0.0109422997986027
T01483,GAP25,BTCUSDT,15m,6,breakout n=20,range,maker_both,SHORT,2025-12-05 13:30:00+00:00,90773.1,0.0077818624105779,-0.0031604373880248,-0.0109422997986027
T01483,GAP50,BTCUSDT,15m,6,breakout n=20,range,maker_both,SHORT,2025-12-05 13:30:00+00:00,90773.1,0.0077818624105779,-0.0031604373880248,-0.0109422997986027
T01488,B1_ALL,BTCUSDT,15m,6,breakout n=20,range,maker_both,SHORT,2025-12-15 14:45:00+00:00,89221.2,0.0072943233771777,0.0105460981795196,0.003251774802341901
T01484,GAP0,BTCUSDT,15m,6,breakout n=20,range,maker_both,SHORT,2025-12-07 22:15:00+00:00,89328.0,-0.008442400173519,0.0105460981795196,0.0189884983530386
T01484,GAP10,BTCUSDT,15m,6,breakout n=20,range,maker_both,SHORT,2025-12-07 22:15:00+00:00,89328.0,-0.008442400173519,0.0105460981795196,0.0189884983530386
T01484,GAP25,BTCUSDT,15m,6,breakout n=20,range,maker_both,SHORT,2025-12-07 22:15:00+00:00,89328.0,-0.008442400173519,0.0105460981795196,0.0189884983530386
T01484,GAP50,BTCUSDT,15m,6,breakout n=20,range,maker_both,SHORT,2025-12-07 22:15:00+00:00,89328.0,-0.008442400173519,0.0105460981795196,0.0189884983530386
T01489,B1_ALL,BTCUSDT,15m,6,breakout n=20,range,maker_both,LONG,2025-12-17 15:15:00+00:00,90153.2,-0.0096935144242239,-0.0099096570667329,-0.0002161426425089999
T01490,B1_ALL,BTCUSDT,15m,6,breakout n=20,range,maker_both,LONG,2025-12-18 13:45:00+00:00,88727.5,-0.0067252176424001,-0.0070660629278029,-0.00034084528540280056
T01478,GAP0,BTCUSDT,15m,6,breakout n=20,range,maker_both,LONG,2025-11-30 09:15:00+00:00,91432.2,-0.0041957439549932,-0.0070660629278029,-0.0028703189728097
T01482,GAP10,BTCUSDT,15m,6,breakout n=20,range,maker_both,LONG,2025-12-02 17:30:00+00:00,91718.3,-0.0106005834622803,-0.0070660629278029,0.003534520534477399
T01482,GAP25,BTCUSDT,15m,6,breakout n=20,range,maker_both,LONG,2025-12-02 17:30:00+00:00,91718.3,-0.0106005834622803,-0.0070660629278029,0.003534520534477399
T01485,GAP50,BTCUSDT,15m,6,breakout n=20,range,maker_both,LONG,2025-12-08 21:00:00+00:00,90745.7,-0.0079367344344331,-0.0070660629278029,0.0008706715066301995
T01491,B1_ALL,BTCUSDT,15m,6,breakout n=20,range,maker_both,SHORT,2025-12-18 17:15:00+00:00,86349.7,0.0211405621118544,-0.0124427287802115,-0.033583290892065895
T01487,GAP0,BTCUSDT,15m,6,breakout n=20,range,maker_both,SHORT,2025-12-11 02:15:00+00:00,90196.0,-0.0024642575950486,-0.0124427287802115,-0.0099784711851629
T01487,GAP10,BTCUSDT,15m,6,breakout n=20,range,maker_both,SHORT,2025-12-11 02:15:00+00:00,90196.0,-0.0024642575950486,-0.0124427287802115,-0.0099784711851629
T01487,GAP25,BTCUSDT,15m,6,breakout n=20,range,maker_both,SHORT,2025-12-11 02:15:00+00:00,90196.0,-0.0024642575950486,-0.0124427287802115,-0.0099784711851629
T01487,GAP50,BTCUSDT,15m,6,breakout n=20,range,maker_both,SHORT,2025-12-11 02:15:00+00:00,90196.0,-0.0024642575950486,-0.0124427287802115,-0.0099784711851629
T01492,B1_ALL,BTCUSDT,15m,6,breakout n=20,range,maker_both,LONG,2025-12-21 08:45:00+00:00,88579.0,0.0027772570113798,0.002983109609853,0.0002058525984732001
T01493,B1_ALL,BTCUSDT,15m,6,breakout n=20,range,maker_both,LONG,2025-12-22 00:15:00+00:00,89450.0,-0.0051679269569833,-0.0059395552281896,-0.0007716282712063004
T01494,B1_ALL,BTCUSDT,15m,6,breakout n=20,range,maker_both,LONG,2025-12-25 15:15:00+00:00,87734.2,0.0029406708894411,0.0038877184995992,0.0009470476101581002
T01479,GAP0,BTCUSDT,15m,6,breakout n=20,range,maker_both,LONG,2025-11-30 13:30:00+00:00,91808.9,-0.0045434090603255,0.0038877184995992,0.0084311275599247
T01485,GAP10,BTCUSDT,15m,6,breakout n=20,range,maker_both,LONG,2025-12-08 21:00:00+00:00,90745.7,-0.0079367344344331,0.0038877184995992,0.0118244529340323
T01485,GAP25,BTCUSDT,15m,6,breakout n=20,range,maker_both,LONG,2025-12-08 21:00:00+00:00,90745.7,-0.0079367344344331,0.0038877184995992,0.0118244529340323
T01486,GAP50,BTCUSDT,15m,6,breakout n=20,range,maker_both,LONG,2025-12-09 15:45:00+00:00,92026.5,0.0123800637207981,0.0038877184995992,-0.0084923452211989
T01495,B1_ALL,BTCUSDT,15m,6,breakout n=20,range,maker_both,LONG,2025-12-25 15:45:00+00:00,88475.9,-0.0042976427568661,-0.0044979791967022,-0.00020033643983609958
T01496,B1_ALL,BTCUSDT,15m,7,breakout n=20,range,maker_both,SHORT,2025-12-25 23:45:00+00:00,87015.0,-0.0058180612225221,-0.0061211040140519,-0.00030304279152979993
T01497,B1_ALL,BTCUSDT,15m,7,breakout n=20,range,maker_both,SHORT,2025-12-28 05:30:00+00:00,87580.8,-0.0031593653906232,-0.0031471054464669,1.2259944156299725e-05
T01498,B1_ALL,BTCUSDT,15m,7,breakout n=20,range,maker_both,SHORT,2025-12-28 16:30:00+00:00,87748.4,0.0010705303922066,0.0010027655745793,-6.776481762729995e-05
T01496,GAP25,BTCUSDT,15m,7,breakout n=20,range,maker_both,SHORT,2025-12-25 23:45:00+00:00,87015.0,-0.0058180612225221,0.0010027655745793,0.0068208267971014
T01496,GAP50,BTCUSDT,15m,7,breakout n=20,range,maker_both,SHORT,2025-12-25 23:45:00+00:00,87015.0,-0.0058180612225221,0.0010027655745793,0.0068208267971014
T01499,B1_ALL,BTCUSDT,15m,7,breakout n=20,range,maker_both,LONG,2025-12-28 23:00:00+00:00,87868.7,-0.0040520250328877,0.0020540300730965,0.0061060551059842
T01500,B1_ALL,BTCUSDT,15m,7,breakout n=20,range,maker_both,LONG,2025-12-29 00:45:00+00:00,88148.9,0.0026270822904471,-0.0052412227660123,-0.0078683050564594
T01499,GAP0,BTCUSDT,15m,7,breakout n=20,range,maker_both,LONG,2025-12-28 23:00:00+00:00,87868.7,-0.0040520250328877,-0.0052412227660123,-0.0011891977331245996
T01499,GAP10,BTCUSDT,15m,7,breakout n=20,range,maker_both,LONG,2025-12-28 23:00:00+00:00,87868.7,-0.0040520250328877,-0.0052412227660123,-0.0011891977331245996
T01499,GAP25,BTCUSDT,15m,7,breakout n=20,range,maker_both,LONG,2025-12-28 23:00:00+00:00,87868.7,-0.0040520250328877,-0.0052412227660123,-0.0011891977331245996
T01499,GAP50,BTCUSDT,15m,7,breakout n=20,range,maker_both,LONG,2025-12-28 23:00:00+00:00,87868.7,-0.0040520250328877,-0.0052412227660123,-0.0011891977331245996
T01501,B1_ALL,BTCUSDT,15m,7,breakout n=20,range,maker_both,LONG,2025-12-29 03:15:00+00:00,89460.1,0.0050917796089747,0.0048967210066844,-0.0001950586022902998
T01500,GAP10,BTCUSDT,15m,7,breakout n=20,range,maker_both,LONG,2025-12-29 00:45:00+00:00,88148.9,0.0026270822904471,0.0048967210066844,0.0022696387162373
T01500,GAP25,BTCUSDT,15m,7,breakout n=20,range,maker_both,LONG,2025-12-29 00:45:00+00:00,88148.9,0.0026270822904471,0.0048967210066844,0.0022696387162373
T01500,GAP50,BTCUSDT,15m,7,breakout n=20,range,maker_both,LONG,2025-12-29 00:45:00+00:00,88148.9,0.0026270822904471,0.0048967210066844,0.0022696387162373
T01502,B1_ALL,BTCUSDT,15m,7,breakout n=20,range,maker_both,LONG,2025-12-30 15:00:00+00:00,88831.4,-0.0070986320533388,0.0057364808751719,0.0128351129285107
T01503,B1_ALL,BTCUSDT,15m,7,breakout n=20,range,maker_both,LONG,2025-12-30 16:30:00+00:00,89167.1,-0.0087915827373374,-0.0092647360837431,-0.0004731533464056997
T01504,B1_ALL,BTCUSDT,15m,7,breakout n=20,range,maker_both,SHORT,2025-12-30 21:00:00+00:00,87900.3,-0.0069436546183908,-0.0068749160356509,6.873858273990022e-05
T01505,B1_ALL,BTCUSDT,15m,7,breakout n=20,range,maker_both,SHORT,2025-12-31 16:45:00+00:00,87432.7,-0.0042017970206263,-0.00199575495329,0.0022060420673363002
T01506,B1_ALL,BTCUSDT,15m,7,breakout n=20,range,maker_both,LONG,2026-01-01 17:45:00+00:00,88308.5,-0.0038737040512877,-0.0039698503822065,-9.614633091880025e-05
T01501,GAP25,BTCUSDT,15m,7,breakout n=20,range,maker_both,LONG,2025-12-29 03:15:00+00:00,89460.1,0.0050917796089747,-0.0039698503822065,-0.009061629991181201
T01501,GAP50,BTCUSDT,15m,7,breakout n=20,range,maker_both,LONG,2025-12-29 03:15:00+00:00,89460.1,0.0050917796089747,-0.0039698503822065,-0.009061629991181201
T01507,B1_ALL,BTCUSDT,15m,7,breakout n=20,range,maker_both,LONG,2026-01-01 23:00:00+00:00,88603.5,0.0016953877423028,0.0019879434782227,0.0002925557359199
T01502,GAP50,BTCUSDT,15m,7,breakout n=20,range,maker_both,LONG,2025-12-30 15:00:00+00:00,88831.4,-0.0070986320533388,0.0019879434782227,0.0090865755315615
T01508,B1_ALL,BTCUSDT,15m,7,breakout n=20,range,maker_both,LONG,2026-01-02 03:15:00+00:00,88926.7,-0.0052381204247401,0.0028365135475904,0.008074633972330499
T01503,GAP50,BTCUSDT,15m,7,breakout n=20,range,maker_both,LONG,2025-12-30 16:30:00+00:00,89167.1,-0.0087915827373374,0.0028365135475904,0.011628096284927801
T01509,B1_ALL,BTCUSDT,15m,7,breakout n=20,range,maker_both,LONG,2026-01-06 21:30:00+00:00,93488.6,-0.0096261322587105,-0.0094816442186596,0.0001444880400509
T01500,GAP0,BTCUSDT,15m,7,breakout n=20,range,maker_both,LONG,2025-12-29 00:45:00+00:00,88148.9,0.0026270822904471,-0.0094816442186596,-0.0121087265091067
T01501,GAP10,BTCUSDT,15m,7,breakout n=20,range,maker_both,LONG,2025-12-29 03:15:00+00:00,89460.1,0.0050917796089747,-0.0094816442186596,-0.0145734238276343
T01502,GAP25,BTCUSDT,15m,7,breakout n=20,range,maker_both,LONG,2025-12-30 15:00:00+00:00,88831.4,-0.0070986320533388,-0.0094816442186596,-0.0023830121653208
T01506,GAP50,BTCUSDT,15m,7,breakout n=20,range,maker_both,LONG,2026-01-01 17:45:00+00:00,88308.5,-0.0038737040512877,-0.0094816442186596,-0.0056079401673719
T01510,B1_ALL,BTCUSDT,15m,7,breakout n=20,range,maker_both,SHORT,2026-01-07 15:30:00+00:00,91238.1,-0.0002193612791018,0.0058445309991433,0.0060638922782451
T01497,GAP50,BTCUSDT,15m,7,breakout n=20,range,maker_both,SHORT,2025-12-28 05:30:00+00:00,87580.8,-0.0031593653906232,0.0058445309991433,0.0090038963897665
T01511,B1_ALL,BTCUSDT,15m,7,breakout n=20,range,maker_both,LONG,2026-01-11 02:15:00+00:00,90649.9,0.0003329365974508,0.0003006602225715,-3.227637487930005e-05
T01503,GAP25,BTCUSDT,15m,7,breakout n=20,range,maker_both,LONG,2025-12-30 16:30:00+00:00,89167.1,-0.0087915827373374,0.0003006602225715,0.009092242959908901
T01507,GAP50,BTCUSDT,15m,7,breakout n=20,range,maker_both,LONG,2026-01-01 23:00:00+00:00,88603.5,0.0016953877423028,0.0003006602225715,-0.0013947275197313
T01512,B1_ALL,BTCUSDT,15m,7,breakout n=20,range,maker_both,LONG,2026-01-11 13:00:00+00:00,90889.3,0.0003615831265436,0.0003494976462629,-1.208548028069998e-05
T01501,GAP0,BTCUSDT,15m,7,breakout n=20,range,maker_both,LONG,2025-12-29 03:15:00+00:00,89460.1,0.0050917796089747,0.0003494976462629,-0.0047422819627118
T01502,GAP10,BTCUSDT,15m,7,breakout n=20,range,maker_both,LONG,2025-12-30 15:00:00+00:00,88831.4,-0.0070986320533388,0.0003494976462629,0.0074481296996017
T01506,GAP25,BTCUSDT,15m,7,breakout n=20,range,maker_both,LONG,2026-01-01 17:45:00+00:00,88308.5,-0.0038737040512877,0.0003494976462629,0.0042232016975506
T01508,GAP50,BTCUSDT,15m,7,breakout n=20,range,maker_both,LONG,2026-01-02 03:15:00+00:00,88926.7,-0.0052381204247401,0.0003494976462629,0.005587618071002999
T01513,B1_ALL,BTCUSDT,15m,7,breakout n=20,range,maker_both,SHORT,2026-01-11 20:00:00+00:00,90644.7,0.0014980541266494,0.0018527832452363,0.0003547291185869001
T01496,GAP0,BTCUSDT,15m,7,breakout n=20,range,maker_both,SHORT,2025-12-25 23:45:00+00:00,87015.0,-0.0058180612225221,0.0018527832452363,0.0076708444677584
T01496,GAP10,BTCUSDT,15m,7,breakout n=20,range,maker_both,SHORT,2025-12-25 23:45:00+00:00,87015.0,-0.0058180612225221,0.0018527832452363,0.0076708444677584
T01497,GAP25,BTCUSDT,15m,7,breakout n=20,range,maker_both,SHORT,2025-12-28 05:30:00+00:00,87580.8,-0.0031593653906232,0.0018527832452363,0.0050121486358595
T01498,GAP50,BTCUSDT,15m,7,breakout n=20,range,maker_both,SHORT,2025-12-28 16:30:00+00:00,87748.4,0.0010705303922066,0.0018527832452363,0.0007822528530297
T01514,B1_ALL,BTCUSDT,15m,7,breakout n=20,range,maker_both,LONG,2026-01-12 00:30:00+00:00,91108.0,-0.0057803300794323,0.0036894312624656,0.0094697613418979
T01515,B1_ALL,BTCUSDT,15m,7,breakout n=20,range,maker_both,LONG,2026-01-12 01:15:00+00:00,91491.2,0.0047573593806499,0.0046512753500639,-0.00010608403058600009
T01503,GAP10,BTCUSDT,15m,7,breakout n=20,range,maker_both,LONG,2025-12-30 16:30:00+00:00,89167.1,-0.0087915827373374,0.0046512753500639,0.0134428580874013
T01507,GAP25,BTCUSDT,15m,7,breakout n=20,range,maker_both,LONG,2026-01-01 23:00:00+00:00,88603.5,0.0016953877423028,0.0046512753500639,0.0029558876077610996
T01509,GAP50,BTCUSDT,15m,7,breakout n=20,range,maker_both,LONG,2026-01-06 21:30:00+00:00,93488.6,-0.0096261322587105,0.0046512753500639,0.0142774076087744
T01516,B1_ALL,BTCUSDT,15m,7,breakout n=20,range,maker_both,LONG,2026-01-12 03:15:00+00:00,92389.9,-0.0077095314842873,-0.007513384410975,0.00019614707331229962
T01508,GAP25,BTCUSDT,15m,7,breakout n=20,range,maker_both,LONG,2026-01-02 03:15:00+00:00,88926.7,-0.0052381204247401,-0.007513384410975,-0.0022752639862349006
T01511,GAP50,BTCUSDT,15m,7,breakout n=20,range,maker_both,LONG,2026-01-11 02:15:00+00:00,90649.9,0.0003329365974508,-0.007513384410975,-0.0078463210084258
T01517,B1_ALL,BTCUSDT,15m,7,breakout n=20,range,maker_both,LONG,2026-01-12 15:30:00+00:00,91281.3,0.0054424695576066,0.0055133521181943,7.088256058769993e-05
T01502,GAP0,BTCUSDT,15m,7,breakout n=20,range,maker_both,LONG,2025-12-30 15:00:00+00:00,88831.4,-0.0070986320533388,0.0055133521181943,0.0126119841715331
T01506,GAP10,BTCUSDT,15m,7,breakout n=20,range,maker_both,LONG,2026-01-01 17:45:00+00:00,88308.5,-0.0038737040512877,0.0055133521181943,0.009387056169482
T01509,GAP25,BTCUSDT,15m,7,breakout n=20,range,maker_both,LONG,2026-01-06 21:30:00+00:00,93488.6,-0.0096261322587105,0.0055133521181943,0.0151394843769048
T01512,GAP50,BTCUSDT,15m,7,breakout n=20,range,maker_both,LONG,2026-01-11 13:00:00+00:00,90889.3,0.0003615831265436,0.0055133521181943,0.0051517689916507
T01518,B1_ALL,BTCUSDT,15m,7,breakout n=20,range,maker_both,SHORT,2026-01-16 15:30:00+00:00,94673.2,-0.0070922989757683,-0.0073530445232106,-0.0002607455474423004
T01497,GAP0,BTCUSDT,15m,7,breakout n=20,range,maker_both,SHORT,2025-12-28 05:30:00+00:00,87580.8,-0.0031593653906232,-0.0073530445232106,-0.0041936791325874
T01497,GAP10,BTCUSDT,15m,7,breakout n=20,range,maker_both,SHORT,2025-12-28 05:30:00+00:00,87580.8,-0.0031593653906232,-0.0073530445232106,-0.0041936791325874
T01498,GAP25,BTCUSDT,15m,7,breakout n=20,range,maker_both,SHORT,2025-12-28 16:30:00+00:00,87748.4,0.0010705303922066,-0.0073530445232106,-0.0084235749154172
T01504,GAP50,BTCUSDT,15m,7,breakout n=20,range,maker_both,SHORT,2025-12-30 21:00:00+00:00,87900.3,-0.0069436546183908,-0.0073530445232106,-0.00040938990481980027
T01519,B1_ALL,BTCUSDT,15m,7,breakout n=20,range,maker_both,SHORT,2026-01-18 01:15:00+00:00,94901.6,-0.0032211357165408,-0.0032848595784004,-6.372386185959965e-05
T01520,B1_ALL,BTCUSDT,15m,7,breakout n=20,range,maker_both,LONG,2026-01-18 18:30:00+00:00,95327.8,-0.0035870549056099,-0.0036361583939032,-4.9103488293299885e-05
T01514,GAP50,BTCUSDT,15m,7,breakout n=20,range,maker_both,LONG,2026-01-12 00:30:00+00:00,91108.0,-0.0057803300794323,-0.0036361583939032,0.0021441716855291003
T01521,B1_ALL,BTCUSDT,15m,7,breakout n=20,range,maker_both,SHORT,2026-01-18 23:30:00+00:00,94561.1,0.002364653329531,0.0027051052932965,0.0003404519637655
T01498,GAP0,BTCUSDT,15m,7,breakout n=20,range,maker_both,SHORT,2025-12-28 16:30:00+00:00,87748.4,0.0010705303922066,0.0027051052932965,0.0016345749010899001
T01498,GAP10,BTCUSDT,15m,7,breakout n=20,range,maker_both,SHORT,2025-12-28 16:30:00+00:00,87748.4,0.0010705303922066,0.0027051052932965,0.0016345749010899001
T01504,GAP25,BTCUSDT,15m,7,breakout n=20,range,maker_both,SHORT,2025-12-30 21:00:00+00:00,87900.3,-0.0069436546183908,0.0027051052932965,0.0096487599116873
T01505,GAP50,BTCUSDT,15m,7,breakout n=20,range,maker_both,SHORT,2025-12-31 16:45:00+00:00,87432.7,-0.0042017970206263,0.0027051052932965,0.0069069023139228004
T01522,B1_ALL,BTCUSDT,15m,7,breakout n=20,range,maker_both,SHORT,2026-01-19 00:15:00+00:00,92399.1,-0.0022560215294233,-0.0001979088368905,0.0020581126925327997
T01510,GAP50,BTCUSDT,15m,7,breakout n=20,range,maker_both,SHORT,2026-01-07 15:30:00+00:00,91238.1,-0.0002193612791018,-0.0001979088368905,2.1452442211300005e-05
T01523,B1_ALL,BTCUSDT,15m,7,breakout n=20,range,maker_both,LONG,2026-01-23 17:30:00+00:00,90945.1,-0.0098064431369461,-0.0099458931595525,-0.00013945002260640042
T01515,GAP50,BTCUSDT,15m,7,breakout n=20,range,maker_both,LONG,2026-01-12 01:15:00+00:00,91491.2,0.0047573593806499,-0.0099458931595525,-0.0147032525402024
T01524,B1_ALL,BTCUSDT,15m,7,breakout n=20,range,maker_both,SHORT,2026-01-25 00:00:00+00:00,89180.7,0.0007258896184169,0.0006663986700444,-5.949094837250004e-05
T01525,B1_ALL,BTCUSDT,15m,7,breakout n=20,range,maker_both,SHORT,2026-01-25 03:45:00+00:00,88886.5,0.0009458332333199,0.0010357203287446,8.988709542470013e-05
T01513,GAP50,BTCUSDT,15m,7,breakout n=20,range,maker_both,SHORT,2026-01-11 20:00:00+00:00,90644.7,0.0014980541266494,0.0010357203287446,-0.00046233379790479984
T01526,B1_ALL,BTCUSDT,15m,7,breakout n=20,range,maker_both,SHORT,2026-01-27 14:45:00+00:00,87637.2,-0.005855626865487,-0.005998450607452,-0.0001428237419650001
T01518,GAP50,BTCUSDT,15m,7,breakout n=20,range,maker_both,SHORT,2026-01-16 15:30:00+00:00,94673.2,-0.0070922989757683,-0.005998450607452,0.0010938483683163
T01527,B1_ALL,BTCUSDT,15m,7,breakout n=20,range,maker_both,LONG,2026-01-27 16:45:00+00:00,88709.3,-0.008083063918405,-0.008015318108247,6.774581015799898e-05
T01516,GAP50,BTCUSDT,15m,7,breakout n=20,range,maker_both,LONG,2026-01-12 03:15:00+00:00,92389.9,-0.0077095314842873,-0.008015318108247,-0.0003057866239597005
T01528,B1_ALL,BTCUSDT,15m,7,breakout n=20,range,maker_both,SHORT,2026-01-27 17:45:00+00:00,87329.1,-0.0094773768452504,-0.0093022037614216,0.0001751730838288005
T01529,B1_ALL,BTCUSDT,15m,7,breakout n=20,range,maker_both,LONG,2026-01-27 20:30:00+00:00,89108.1,0.0008690027693488,0.0011030925839928,0.00023408981464400009
T01530,B1_ALL,BTCUSDT,15m,8,pullback rsi=40,trend,maker_both,LONG,2026-02-15 00:45:00+00:00,69594.1,-0.0037950854935447,-0.0038202077515279,-2.512225798320016e-05
T01530,GAP0,BTCUSDT,15m,8,pullback rsi=40,trend,maker_both,LONG,2026-02-15 00:45:00+00:00,69594.1,-0.0037950854935447,-0.0038202077515279,-2.512225798320016e-05
T01530,GAP10,BTCUSDT,15m,8,pullback rsi=40,trend,maker_both,LONG,2026-02-15 00:45:00+00:00,69594.1,-0.0037950854935447,-0.0038202077515279,-2.512225798320016e-05
T01530,GAP25,BTCUSDT,15m,8,pullback rsi=40,trend,maker_both,LONG,2026-02-15 00:45:00+00:00,69594.1,-0.0037950854935447,-0.0038202077515279,-2.512225798320016e-05
T01530,GAP50,BTCUSDT,15m,8,pullback rsi=40,trend,maker_both,LONG,2026-02-15 00:45:00+00:00,69594.1,-0.0037950854935447,-0.0038202077515279,-2.512225798320016e-05
T01531,B1_ALL,BTCUSDT,15m,8,pullback rsi=40,trend,maker_both,SHORT,2026-02-16 21:15:00+00:00,68548.9,-0.0050364007832558,-0.0049610671888917,7.533359436410082e-05
T01531,GAP0,BTCUSDT,15m,8,pullback rsi=40,trend,maker_both,SHORT,2026-02-16 21:15:00+00:00,68548.9,-0.0050364007832558,-0.0049610671888917,7.533359436410082e-05
T01531,GAP10,BTCUSDT,15m,8,pullback rsi=40,trend,maker_both,SHORT,2026-02-16 21:15:00+00:00,68548.9,-0.0050364007832558,-0.0049610671888917,7.533359436410082e-05
T01531,GAP25,BTCUSDT,15m,8,pullback rsi=40,trend,maker_both,SHORT,2026-02-16 21:15:00+00:00,68548.9,-0.0050364007832558,-0.0049610671888917,7.533359436410082e-05
T01531,GAP50,BTCUSDT,15m,8,pullback rsi=40,trend,maker_both,SHORT,2026-02-16 21:15:00+00:00,68548.9,-0.0050364007832558,-0.0049610671888917,7.533359436410082e-05
T01532,B1_ALL,BTCUSDT,15m,8,pullback rsi=40,trend,maker_both,SHORT,2026-02-18 05:00:00+00:00,67790.9,-0.0040620340013702,-0.0040128314865687,4.9202514801499966e-05
T01532,GAP50,BTCUSDT,15m,8,pullback rsi=40,trend,maker_both,SHORT,2026-02-18 05:00:00+00:00,67790.9,-0.0040620340013702,-0.0040128314865687,4.9202514801499966e-05
T01533,B1_ALL,BTCUSDT,15m,8,pullback rsi=40,trend,maker_both,SHORT,2026-02-19 02:00:00+00:00,66830.3,-0.0044533467391165,-0.0043511444967578,0.00010220224235869997
T01532,GAP0,BTCUSDT,15m,8,pullback rsi=40,trend,maker_both,SHORT,2026-02-18 05:00:00+00:00,67790.9,-0.0040620340013702,-0.0043511444967578,-0.0002891104953876003
T01532,GAP10,BTCUSDT,15m,8,pullback rsi=40,trend,maker_both,SHORT,2026-02-18 05:00:00+00:00,67790.9,-0.0040620340013702,-0.0043511444967578,-0.0002891104953876003
T01532,GAP25,BTCUSDT,15m,8,pullback rsi=40,trend,maker_both,SHORT,2026-02-18 05:00:00+00:00,67790.9,-0.0040620340013702,-0.0043511444967578,-0.0002891104953876003
T01533,GAP50,BTCUSDT,15m,8,pullback rsi=40,trend,maker_both,SHORT,2026-02-19 02:00:00+00:00,66830.3,-0.0044533467391165,-0.0043511444967578,0.00010220224235869997
T01534,B1_ALL,BTCUSDT,15m,8,pullback rsi=40,trend,maker_both,SHORT,2026-02-19 18:45:00+00:00,66976.5,-0.0067367137196739,-0.0065766262942075,0.00016008742546640056
T01533,GAP10,BTCUSDT,15m,8,pullback rsi=40,trend,maker_both,SHORT,2026-02-19 02:00:00+00:00,66830.3,-0.0044533467391165,-0.0065766262942075,-0.0021232795550909997
T01533,GAP25,BTCUSDT,15m,8,pullback rsi=40,trend,maker_both,SHORT,2026-02-19 02:00:00+00:00,66830.3,-0.0044533467391165,-0.0065766262942075,-0.0021232795550909997
T01534,GAP50,BTCUSDT,15m,8,pullback rsi=40,trend,maker_both,SHORT,2026-02-19 18:45:00+00:00,66976.5,-0.0067367137196739,-0.0065766262942075,0.00016008742546640056
T01535,B1_ALL,BTCUSDT,15m,8,pullback rsi=40,trend,maker_both,LONG,2026-02-21 22:45:00+00:00,68070.1,-0.0035333113101082,-0.0036769002475164,-0.00014358893740820016
T01536,B1_ALL,BTCUSDT,15m,8,pullback rsi=40,trend,maker_both,SHORT,2026-02-23 09:45:00+00:00,66247.6,-0.0050930101011767,0.0066021960787686,0.011695206179945301
T01536,GAP50,BTCUSDT,15m,8,pullback rsi=40,trend,maker_both,SHORT,2026-02-23 09:45:00+00:00,66247.6,-0.0050930101011767,0.0066021960787686,0.011695206179945301
T01537,B1_ALL,BTCUSDT,15m,8,pullback rsi=40,trend,maker_both,SHORT,2026-02-23 10:30:00+00:00,66332.1,0.006719868827438,0.0065349278165086,-0.0001849410109294007
T01533,GAP0,BTCUSDT,15m,8,pullback rsi=40,trend,maker_both,SHORT,2026-02-19 02:00:00+00:00,66830.3,-0.0044533467391165,0.0065349278165086,0.0109882745556251
T01534,GAP10,BTCUSDT,15m,8,pullback rsi=40,trend,maker_both,SHORT,2026-02-19 18:45:00+00:00,66976.5,-0.0067367137196739,0.0065349278165086,0.0132716415361825
T01534,GAP25,BTCUSDT,15m,8,pullback rsi=40,trend,maker_both,SHORT,2026-02-19 18:45:00+00:00,66976.5,-0.0067367137196739,0.0065349278165086,0.0132716415361825
T01537,GAP50,BTCUSDT,15m,8,pullback rsi=40,trend,maker_both,SHORT,2026-02-23 10:30:00+00:00,66332.1,0.006719868827438,0.0065349278165086,-0.0001849410109294007
T01538,B1_ALL,BTCUSDT,15m,8,pullback rsi=40,trend,maker_both,SHORT,2026-02-24 16:15:00+00:00,64122.4,-0.0062570938460684,-0.006288293021313,-3.1199175244600065e-05
T01534,GAP0,BTCUSDT,15m,8,pullback rsi=40,trend,maker_both,SHORT,2026-02-19 18:45:00+00:00,66976.5,-0.0067367137196739,-0.006288293021313,0.0004484206983609001
T01536,GAP10,BTCUSDT,15m,8,pullback rsi=40,trend,maker_both,SHORT,2026-02-23 09:45:00+00:00,66247.6,-0.0050930101011767,-0.006288293021313,-0.0011952829201363003
T01536,GAP25,BTCUSDT,15m,8,pullback rsi=40,trend,maker_both,SHORT,2026-02-23 09:45:00+00:00,66247.6,-0.0050930101011767,-0.006288293021313,-0.0011952829201363003
T01538,GAP50,BTCUSDT,15m,8,pullback rsi=40,trend,maker_both,SHORT,2026-02-24 16:15:00+00:00,64122.4,-0.0062570938460684,-0.006288293021313,-3.1199175244600065e-05
T01539,B1_ALL,BTCUSDT,15m,8,pullback rsi=40,trend,maker_both,LONG,2026-02-25 23:45:00+00:00,67670.3,0.0119946493737427,0.0117516680309935,-0.0002429813427492003
T01535,GAP0,BTCUSDT,15m,8,pullback rsi=40,trend,maker_both,LONG,2026-02-21 22:45:00+00:00,68070.1,-0.0035333113101082,0.0117516680309935,0.0152849793411017
T01535,GAP10,BTCUSDT,15m,8,pullback rsi=40,trend,maker_both,LONG,2026-02-21 22:45:00+00:00,68070.1,-0.0035333113101082,0.0117516680309935,0.0152849793411017
T01535,GAP25,BTCUSDT,15m,8,pullback rsi=40,trend,maker_both,LONG,2026-02-21 22:45:00+00:00,68070.1,-0.0035333113101082,0.0117516680309935,0.0152849793411017
T01535,GAP50,BTCUSDT,15m,8,pullback rsi=40,trend,maker_both,LONG,2026-02-21 22:45:00+00:00,68070.1,-0.0035333113101082,0.0117516680309935,0.0152849793411017
T01540,B1_ALL,BTCUSDT,15m,8,pullback rsi=40,trend,maker_both,LONG,2026-02-26 08:00:00+00:00,67800.0,0.006250298584293,0.0062686112023567,1.831261806370041e-05
T01539,GAP0,BTCUSDT,15m,8,pullback rsi=40,trend,maker_both,LONG,2026-02-25 23:45:00+00:00,67670.3,0.0119946493737427,0.0062686112023567,-0.005726038171385999
T01539,GAP10,BTCUSDT,15m,8,pullback rsi=40,trend,maker_both,LONG,2026-02-25 23:45:00+00:00,67670.3,0.0119946493737427,0.0062686112023567,-0.005726038171385999
T01539,GAP25,BTCUSDT,15m,8,pullback rsi=40,trend,maker_both,LONG,2026-02-25 23:45:00+00:00,67670.3,0.0119946493737427,0.0062686112023567,-0.005726038171385999
T01539,GAP50,BTCUSDT,15m,8,pullback rsi=40,trend,maker_both,LONG,2026-02-25 23:45:00+00:00,67670.3,0.0119946493737427,0.0062686112023567,-0.005726038171385999
T01541,B1_ALL,BTCUSDT,15m,8,pullback rsi=40,trend,maker_both,LONG,2026-02-27 10:00:00+00:00,67318.4,-0.004937272056924,-0.0053153070569542,-0.0003780350000302003
T01542,B1_ALL,BTCUSDT,15m,8,pullback rsi=40,trend,maker_both,SHORT,2026-02-28 00:15:00+00:00,65969.4,0.0059020668536075,-0.0048023173561685,-0.010704384209776
T01536,GAP0,BTCUSDT,15m,8,pullback rsi=40,trend,maker_both,SHORT,2026-02-23 09:45:00+00:00,66247.6,-0.0050930101011767,-0.0048023173561685,0.0002906927450082005
T01537,GAP10,BTCUSDT,15m,8,pullback rsi=40,trend,maker_both,SHORT,2026-02-23 10:30:00+00:00,66332.1,0.006719868827438,-0.0048023173561685,-0.0115221861836065
T01537,GAP25,BTCUSDT,15m,8,pullback rsi=40,trend,maker_both,SHORT,2026-02-23 10:30:00+00:00,66332.1,0.006719868827438,-0.0048023173561685,-0.0115221861836065
T01542,GAP50,BTCUSDT,15m,8,pullback rsi=40,trend,maker_both,SHORT,2026-02-28 00:15:00+00:00,65969.4,0.0059020668536075,-0.0048023173561685,-0.010704384209776
T01543,B1_ALL,BTCUSDT,15m,8,pullback rsi=40,trend,maker_both,SHORT,2026-02-28 14:00:00+00:00,65069.5,0.0091010650642372,-0.0066146228542359,-0.015715687918473102
T01537,GAP0,BTCUSDT,15m,8,pullback rsi=40,trend,maker_both,SHORT,2026-02-23 10:30:00+00:00,66332.1,0.006719868827438,-0.0066146228542359,-0.0133344916816739
T01538,GAP10,BTCUSDT,15m,8,pullback rsi=40,trend,maker_both,SHORT,2026-02-24 16:15:00+00:00,64122.4,-0.0062570938460684,-0.0066146228542359,-0.0003575290081674993
T01538,GAP25,BTCUSDT,15m,8,pullback rsi=40,trend,maker_both,SHORT,2026-02-24 16:15:00+00:00,64122.4,-0.0062570938460684,-0.0066146228542359,-0.0003575290081674993
T01543,GAP50,BTCUSDT,15m,8,pullback rsi=40,trend,maker_both,SHORT,2026-02-28 14:00:00+00:00,65069.5,0.0091010650642372,-0.0066146228542359,-0.015715687918473102
T01544,B1_ALL,BTCUSDT,15m,8,pullback rsi=40,trend,maker_both,SHORT,2026-02-28 16:45:00+00:00,65124.3,-0.0068317547706142,-0.0066605318561417,0.00017122291447249985
T01538,GAP0,BTCUSDT,15m,8,pullback rsi=40,trend,maker_both,SHORT,2026-02-24 16:15:00+00:00,64122.4,-0.0062570938460684,-0.0066605318561417,-0.0004034380100732997
T01542,GAP10,BTCUSDT,15m,8,pullback rsi=40,trend,maker_both,SHORT,2026-02-28 00:15:00+00:00,65969.4,0.0059020668536075,-0.0066605318561417,-0.0125625987097492
T01542,GAP25,BTCUSDT,15m,8,pullback rsi=40,trend,maker_both,SHORT,2026-02-28 00:15:00+00:00,65969.4,0.0059020668536075,-0.0066605318561417,-0.0125625987097492
T01544,GAP50,BTCUSDT,15m,8,pullback rsi=40,trend,maker_both,SHORT,2026-02-28 16:45:00+00:00,65124.3,-0.0068317547706142,-0.0066605318561417,0.00017122291447249985
T01545,B1_ALL,BTCUSDT,15m,8,pullback rsi=40,trend,maker_both,LONG,2026-03-01 09:00:00+00:00,66535.0,-0.0058428297774459,-0.0058774971800399,-3.466740259400018e-05
T01540,GAP0,BTCUSDT,15m,8,pullback rsi=40,trend,maker_both,LONG,2026-02-26 08:00:00+00:00,67800.0,0.006250298584293,-0.0058774971800399,-0.0121277957643329
T01540,GAP10,BTCUSDT,15m,8,pullback rsi=40,trend,maker_both,LONG,2026-02-26 08:00:00+00:00,67800.0,0.006250298584293,-0.0058774971800399,-0.0121277957643329
T01540,GAP25,BTCUSDT,15m,8,pullback rsi=40,trend,maker_both,LONG,2026-02-26 08:00:00+00:00,67800.0,0.006250298584293,-0.0058774971800399,-0.0121277957643329
T01540,GAP50,BTCUSDT,15m,8,pullback rsi=40,trend,maker_both,LONG,2026-02-26 08:00:00+00:00,67800.0,0.006250298584293,-0.0058774971800399,-0.0121277957643329
T01546,B1_ALL,BTCUSDT,15m,8,pullback rsi=40,trend,maker_both,LONG,2026-03-01 10:00:00+00:00,66380.1,0.0079917914218389,-0.0058363857861277,-0.0138281772079666
T01541,GAP0,BTCUSDT,15m,8,pullback rsi=40,trend,maker_both,LONG,2026-02-27 10:00:00+00:00,67318.4,-0.004937272056924,-0.0058363857861277,-0.0008991137292037
T01541,GAP10,BTCUSDT,15m,8,pullback rsi=40,trend,maker_both,LONG,2026-02-27 10:00:00+00:00,67318.4,-0.004937272056924,-0.0058363857861277,-0.0008991137292037
T01541,GAP25,BTCUSDT,15m,8,pullback rsi=40,trend,maker_both,LONG,2026-02-27 10:00:00+00:00,67318.4,-0.004937272056924,-0.0058363857861277,-0.0008991137292037
T01541,GAP50,BTCUSDT,15m,8,pullback rsi=40,trend,maker_both,LONG,2026-02-27 10:00:00+00:00,67318.4,-0.004937272056924,-0.0058363857861277,-0.0008991137292037
T01547,B1_ALL,BTCUSDT,15m,8,pullback rsi=40,trend,maker_both,LONG,2026-03-03 02:30:00+00:00,68420.8,-0.006109632208428,-0.0059323745811222,0.0001772576273058003
T01545,GAP0,BTCUSDT,15m,8,pullback rsi=40,trend,maker_both,LONG,2026-03-01 09:00:00+00:00,66535.0,-0.0058428297774459,-0.0059323745811222,-8.954480367629955e-05
T01545,GAP10,BTCUSDT,15m,8,pullback rsi=40,trend,maker_both,LONG,2026-03-01 09:00:00+00:00,66535.0,-0.0058428297774459,-0.0059323745811222,-8.954480367629955e-05
T01545,GAP25,BTCUSDT,15m,8,pullback rsi=40,trend,maker_both,LONG,2026-03-01 09:00:00+00:00,66535.0,-0.0058428297774459,-0.0059323745811222,-8.954480367629955e-05
T01545,GAP50,BTCUSDT,15m,8,pullback rsi=40,trend,maker_both,LONG,2026-03-01 09:00:00+00:00,66535.0,-0.0058428297774459,-0.0059323745811222,-8.954480367629955e-05
T01548,B1_ALL,BTCUSDT,15m,8,pullback rsi=40,trend,maker_both,LONG,2026-03-03 05:45:00+00:00,68050.1,-0.0051864256450004,-0.0052095592682511,-2.3133623250700015e-05
T01549,B1_ALL,BTCUSDT,15m,8,pullback rsi=40,trend,maker_both,SHORT,2026-03-08 08:45:00+00:00,67456.1,-0.0038459120727131,-0.0038026612792906,4.3250793422499895e-05
T01543,GAP25,BTCUSDT,15m,8,pullback rsi=40,trend,maker_both,SHORT,2026-02-28 14:00:00+00:00,65069.5,0.0091010650642372,-0.0038026612792906,-0.0129037263435278
T01549,GAP50,BTCUSDT,15m,8,pullback rsi=40,trend,maker_both,SHORT,2026-03-08 08:45:00+00:00,67456.1,-0.0038459120727131,-0.0038026612792906,4.3250793422499895e-05
T01550,B1_ALL,BTCUSDT,15m,8,pullback rsi=40,trend,maker_both,SHORT,2026-03-09 03:15:00+00:00,67422.4,-0.0071412259094018,-0.007343865439497,-0.0002026395300952005
T01542,GAP0,BTCUSDT,15m,8,pullback rsi=40,trend,maker_both,SHORT,2026-02-28 00:15:00+00:00,65969.4,0.0059020668536075,-0.007343865439497,-0.013245932293104501
T01543,GAP10,BTCUSDT,15m,8,pullback rsi=40,trend,maker_both,SHORT,2026-02-28 14:00:00+00:00,65069.5,0.0091010650642372,-0.007343865439497,-0.0164449305037342
T01544,GAP25,BTCUSDT,15m,8,pullback rsi=40,trend,maker_both,SHORT,2026-02-28 16:45:00+00:00,65124.3,-0.0068317547706142,-0.007343865439497,-0.0005121106688828004
T01550,GAP50,BTCUSDT,15m,8,pullback rsi=40,trend,maker_both,SHORT,2026-03-09 03:15:00+00:00,67422.4,-0.0071412259094018,-0.007343865439497,-0.0002026395300952005
T01551,B1_ALL,BTCUSDT,15m,8,pullback rsi=40,trend,maker_both,LONG,2026-03-10 00:15:00+00:00,68383.5,0.0061459227901817,0.0068898293325104,0.0007439065423287001
T01546,GAP0,BTCUSDT,15m,8,pullback rsi=40,trend,maker_both,LONG,2026-03-01 10:00:00+00:00,66380.1,0.0079917914218389,0.0068898293325104,-0.0011019620893285
T01546,GAP10,BTCUSDT,15m,8,pullback rsi=40,trend,maker_both,LONG,2026-03-01 10:00:00+00:00,66380.1,0.0079917914218389,0.0068898293325104,-0.0011019620893285
T01546,GAP25,BTCUSDT,15m,8,pullback rsi=40,trend,maker_both,LONG,2026-03-01 10:00:00+00:00,66380.1,0.0079917914218389,0.0068898293325104,-0.0011019620893285
T01546,GAP50,BTCUSDT,15m,8,pullback rsi=40,trend,maker_both,LONG,2026-03-01 10:00:00+00:00,66380.1,0.0079917914218389,0.0068898293325104,-0.0011019620893285
T01552,B1_ALL,BTCUSDT,15m,8,pullback rsi=40,trend,maker_both,LONG,2026-03-10 13:45:00+00:00,69880.9,-0.0057210461882857,-0.0058991875758006,-0.0001781413875149001
T01547,GAP0,BTCUSDT,15m,8,pullback rsi=40,trend,maker_both,LONG,2026-03-03 02:30:00+00:00,68420.8,-0.006109632208428,-0.0058991875758006,0.00021044463262739985
T01547,GAP10,BTCUSDT,15m,8,pullback rsi=40,trend,maker_both,LONG,2026-03-03 02:30:00+00:00,68420.8,-0.006109632208428,-0.0058991875758006,0.00021044463262739985
T01547,GAP25,BTCUSDT,15m,8,pullback rsi=40,trend,maker_both,LONG,2026-03-03 02:30:00+00:00,68420.8,-0.006109632208428,-0.0058991875758006,0.00021044463262739985
T01547,GAP50,BTCUSDT,15m,8,pullback rsi=40,trend,maker_both,LONG,2026-03-03 02:30:00+00:00,68420.8,-0.006109632208428,-0.0058991875758006,0.00021044463262739985
T01553,B1_ALL,BTCUSDT,15m,8,pullback rsi=40,trend,maker_both,LONG,2026-03-10 14:30:00+00:00,69762.0,0.0097940368325358,0.010315494320802,0.0005214574882661995
T01548,GAP0,BTCUSDT,15m,8,pullback rsi=40,trend,maker_both,LONG,2026-03-03 05:45:00+00:00,68050.1,-0.0051864256450004,0.010315494320802,0.0155019199658024
T01548,GAP10,BTCUSDT,15m,8,pullback rsi=40,trend,maker_both,LONG,2026-03-03 05:45:00+00:00,68050.1,-0.0051864256450004,0.010315494320802,0.0155019199658024
T01548,GAP25,BTCUSDT,15m,8,pullback rsi=40,trend,maker_both,LONG,2026-03-03 05:45:00+00:00,68050.1,-0.0051864256450004,0.010315494320802,0.0155019199658024
T01548,GAP50,BTCUSDT,15m,8,pullback rsi=40,trend,maker_both,LONG,2026-03-03 05:45:00+00:00,68050.1,-0.0051864256450004,0.010315494320802,0.0155019199658024
T01554,B1_ALL,BTCUSDT,15m,8,pullback rsi=40,trend,maker_both,LONG,2026-03-10 18:45:00+00:00,70010.0,-0.0079060975932211,-0.007776055760754,0.0001300418324670996
T01551,GAP10,BTCUSDT,15m,8,pullback rsi=40,trend,maker_both,LONG,2026-03-10 00:15:00+00:00,68383.5,0.0061459227901817,-0.007776055760754,-0.013921978550935701
T01551,GAP25,BTCUSDT,15m,8,pullback rsi=40,trend,maker_both,LONG,2026-03-10 00:15:00+00:00,68383.5,0.0061459227901817,-0.007776055760754,-0.013921978550935701
T01551,GAP50,BTCUSDT,15m,8,pullback rsi=40,trend,maker_both,LONG,2026-03-10 00:15:00+00:00,68383.5,0.0061459227901817,-0.007776055760754,-0.013921978550935701
T01555,B1_ALL,BTCUSDT,15m,8,pullback rsi=40,trend,maker_both,LONG,2026-03-12 01:15:00+00:00,69864.2,-0.0047197917952811,-0.0046067470386579,0.0001130447566231995
T01552,GAP10,BTCUSDT,15m,8,pullback rsi=40,trend,maker_both,LONG,2026-03-10 13:45:00+00:00,69880.9,-0.0057210461882857,-0.0046067470386579,0.0011142991496277998
T01552,GAP25,BTCUSDT,15m,8,pullback rsi=40,trend,maker_both,LONG,2026-03-10 13:45:00+00:00,69880.9,-0.0057210461882857,-0.0046067470386579,0.0011142991496277998
T01552,GAP50,BTCUSDT,15m,8,pullback rsi=40,trend,maker_both,LONG,2026-03-10 13:45:00+00:00,69880.9,-0.0057210461882857,-0.0046067470386579,0.0011142991496277998
T01556,B1_ALL,BTCUSDT,15m,8,pullback rsi=40,trend,maker_both,LONG,2026-03-13 16:00:00+00:00,71800.0,-0.0072223383630953,-0.0071775503479146,4.4788015180700046e-05
T01553,GAP25,BTCUSDT,15m,8,pullback rsi=40,trend,maker_both,LONG,2026-03-10 14:30:00+00:00,69762.0,0.0097940368325358,-0.0071775503479146,-0.0169715871804504
T01553,GAP50,BTCUSDT,15m,8,pullback rsi=40,trend,maker_both,LONG,2026-03-10 14:30:00+00:00,69762.0,0.0097940368325358,-0.0071775503479146,-0.0169715871804504
T01557,B1_ALL,BTCUSDT,15m,8,pullback rsi=40,trend,maker_both,LONG,2026-03-13 17:45:00+00:00,71166.6,-0.0076665024269048,-0.0076028711894554,6.363123744940018e-05
T01554,GAP50,BTCUSDT,15m,8,pullback rsi=40,trend,maker_both,LONG,2026-03-10 18:45:00+00:00,70010.0,-0.0079060975932211,-0.0076028711894554,0.0003032264037656999
T01558,B1_ALL,BTCUSDT,15m,8,pullback rsi=40,trend,maker_both,LONG,2026-03-16 08:45:00+00:00,72871.4,0.0077089544130831,0.0076836954433036,-2.5258969779499985e-05
T01551,GAP0,BTCUSDT,15m,8,pullback rsi=40,trend,maker_both,LONG,2026-03-10 00:15:00+00:00,68383.5,0.0061459227901817,0.0076836954433036,0.0015377726531219
T01553,GAP10,BTCUSDT,15m,8,pullback rsi=40,trend,maker_both,LONG,2026-03-10 14:30:00+00:00,69762.0,0.0097940368325358,0.0076836954433036,-0.0021103413892321994
T01554,GAP25,BTCUSDT,15m,8,pullback rsi=40,trend,maker_both,LONG,2026-03-10 18:45:00+00:00,70010.0,-0.0079060975932211,0.0076836954433036,0.015589793036524701
T01555,GAP50,BTCUSDT,15m,8,pullback rsi=40,trend,maker_both,LONG,2026-03-12 01:15:00+00:00,69864.2,-0.0047197917952811,0.0076836954433036,0.0124034872385847
T01559,B1_ALL,BTCUSDT,15m,8,pullback rsi=40,trend,maker_both,LONG,2026-03-17 05:45:00+00:00,73888.7,0.0014318311394821,-0.0063482130381863,-0.0077800441776684
T01552,GAP0,BTCUSDT,15m,8,pullback rsi=40,trend,maker_both,LONG,2026-03-10 13:45:00+00:00,69880.9,-0.0057210461882857,-0.0063482130381863,-0.0006271668499005997
T01554,GAP10,BTCUSDT,15m,8,pullback rsi=40,trend,maker_both,LONG,2026-03-10 18:45:00+00:00,70010.0,-0.0079060975932211,-0.0063482130381863,0.0015578845550348
T01555,GAP25,BTCUSDT,15m,8,pullback rsi=40,trend,maker_both,LONG,2026-03-12 01:15:00+00:00,69864.2,-0.0047197917952811,-0.0063482130381863,-0.0016284212429052
T01556,GAP50,BTCUSDT,15m,8,pullback rsi=40,trend,maker_both,LONG,2026-03-13 16:00:00+00:00,71800.0,-0.0072223383630953,-0.0063482130381863,0.0008741253249090006
T01560,B1_ALL,BTCUSDT,15m,8,pullback rsi=40,trend,maker_both,LONG,2026-03-17 23:45:00+00:00,73911.2,-0.0046741592539855,-0.0046173740453163,5.6785208669200143e-05
T01556,GAP25,BTCUSDT,15m,8,pullback rsi=40,trend,maker_both,LONG,2026-03-13 16:00:00+00:00,71800.0,-0.0072223383630953,-0.0046173740453163,0.0026049643177790006
T01557,GAP50,BTCUSDT,15m,8,pullback rsi=40,trend,maker_both,LONG,2026-03-13 17:45:00+00:00,71166.6,-0.0076665024269048,-0.0046173740453163,0.0030491283815885003
T01561,B1_ALL,BTCUSDT,15m,8,pullback rsi=40,trend,maker_both,SHORT,2026-03-19 19:15:00+00:00,70316.3,-0.0019189242927371,-0.0067222990924169,-0.0048033747996798
T01543,GAP0,BTCUSDT,15m,8,pullback rsi=40,trend,maker_both,SHORT,2026-02-28 14:00:00+00:00,65069.5,0.0091010650642372,-0.0067222990924169,-0.0158233641566541
T01544,GAP10,BTCUSDT,15m,8,pullback rsi=40,trend,maker_both,SHORT,2026-02-28 16:45:00+00:00,65124.3,-0.0068317547706142,-0.0067222990924169,0.00010945567819730002
T01549,GAP25,BTCUSDT,15m,8,pullback rsi=40,trend,maker_both,SHORT,2026-03-08 08:45:00+00:00,67456.1,-0.0038459120727131,-0.0067222990924169,-0.0028763870197038
T01561,GAP50,BTCUSDT,15m,8,pullback rsi=40,trend,maker_both,SHORT,2026-03-19 19:15:00+00:00,70316.3,-0.0019189242927371,-0.0067222990924169,-0.0048033747996798
T01562,B1_ALL,BTCUSDT,15m,8,pullback rsi=40,trend,maker_both,SHORT,2026-03-20 21:30:00+00:00,70470.6,-0.0053024438584781,-0.005400247159657,-9.78033011789e-05
T01544,GAP0,BTCUSDT,15m,8,pullback rsi=40,trend,maker_both,SHORT,2026-02-28 16:45:00+00:00,65124.3,-0.0068317547706142,-0.005400247159657,0.0014315076109572
T01549,GAP10,BTCUSDT,15m,8,pullback rsi=40,trend,maker_both,SHORT,2026-03-08 08:45:00+00:00,67456.1,-0.0038459120727131,-0.005400247159657,-0.0015543350869439
T01550,GAP25,BTCUSDT,15m,8,pullback rsi=40,trend,maker_both,SHORT,2026-03-09 03:15:00+00:00,67422.4,-0.0071412259094018,-0.005400247159657,0.0017409787497448
T01562,GAP50,BTCUSDT,15m,8,pullback rsi=40,trend,maker_both,SHORT,2026-03-20 21:30:00+00:00,70470.6,-0.0053024438584781,-0.005400247159657,-9.78033011789e-05
T01563,B1_ALL,BTCUSDT,15m,8,pullback rsi=40,trend,maker_both,SHORT,2026-03-23 05:00:00+00:00,68504.5,-0.0048140084314942,0.0061338157234497,0.0109478241549439
T01564,B1_ALL,BTCUSDT,15m,8,pullback rsi=40,trend,maker_both,SHORT,2026-03-23 05:30:00+00:00,68659.9,0.0060596972794485,-0.0048039416520504,-0.0108636389314989
T01549,GAP0,BTCUSDT,15m,8,pullback rsi=40,trend,maker_both,SHORT,2026-03-08 08:45:00+00:00,67456.1,-0.0038459120727131,-0.0048039416520504,-0.0009580295793372999
T01550,GAP10,BTCUSDT,15m,8,pullback rsi=40,trend,maker_both,SHORT,2026-03-09 03:15:00+00:00,67422.4,-0.0071412259094018,-0.0048039416520504,0.0023372842573514
T01561,GAP25,BTCUSDT,15m,8,pullback rsi=40,trend,maker_both,SHORT,2026-03-19 19:15:00+00:00,70316.3,-0.0019189242927371,-0.0048039416520504,-0.0028850173593132997
T01563,GAP50,BTCUSDT,15m,8,pullback rsi=40,trend,maker_both,SHORT,2026-03-23 05:00:00+00:00,68504.5,-0.0048140084314942,-0.0048039416520504,1.0066779443799849e-05
T01565,B1_ALL,BTCUSDT,15m,8,pullback rsi=40,trend,maker_both,LONG,2026-03-24 13:30:00+00:00,70569.9,-0.0045339667935473,-0.0048777988977646,-0.00034383210421729937
T01566,B1_ALL,BTCUSDT,15m,8,pullback rsi=40,trend,maker_both,LONG,2026-03-25 15:15:00+00:00,70788.1,0.0073942412850088,0.0076948381947353,0.00030059690972650006
T01553,GAP0,BTCUSDT,15m,8,pullback rsi=40,trend,maker_both,LONG,2026-03-10 14:30:00+00:00,69762.0,0.0097940368325358,0.0076948381947353,-0.0020991986378005
T01555,GAP10,BTCUSDT,15m,8,pullback rsi=40,trend,maker_both,LONG,2026-03-12 01:15:00+00:00,69864.2,-0.0047197917952811,0.0076948381947353,0.012414629990016399
T01557,GAP25,BTCUSDT,15m,8,pullback rsi=40,trend,maker_both,LONG,2026-03-13 17:45:00+00:00,71166.6,-0.0076665024269048,0.0076948381947353,0.0153613406216401
T01558,GAP50,BTCUSDT,15m,8,pullback rsi=40,trend,maker_both,LONG,2026-03-16 08:45:00+00:00,72871.4,0.0077089544130831,0.0076948381947353,-1.4116218347800559e-05
T01567,B1_ALL,BTCUSDT,15m,9,donchian n=50 vol=1.5,range,maker_both,SHORT,2026-03-26 09:45:00+00:00,69470.0,0.0055051912719573,0.0054613725878424,-4.38186841149003e-05
T01567,GAP50,BTCUSDT,15m,9,donchian n=50 vol=1.5,range,maker_both,SHORT,2026-03-26 09:45:00+00:00,69470.0,0.0055051912719573,0.0054613725878424,-4.38186841149003e-05
T01568,B1_ALL,BTCUSDT,15m,9,donchian n=50 vol=1.5,range,maker_both,LONG,2026-03-30 08:15:00+00:00,67865.1,-0.0083457058417769,-0.0082518245691788,9.388127259810086e-05
T01569,B1_ALL,BTCUSDT,15m,9,donchian n=50 vol=1.5,range,maker_both,LONG,2026-03-31 17:15:00+00:00,68432.9,-0.0145640823014407,0.0020624875644031,0.0166265698658438
T01570,B1_ALL,BTCUSDT,15m,9,donchian n=50 vol=1.5,range,maker_both,LONG,2026-04-04 07:00:00+00:00,66981.5,0.0005358718829561,0.0005165653607049,-1.9306522251200044e-05
T01568,GAP25,BTCUSDT,15m,9,donchian n=50 vol=1.5,range,maker_both,LONG,2026-03-30 08:15:00+00:00,67865.1,-0.0083457058417769,0.0005165653607049,0.0088622712024818
T01568,GAP50,BTCUSDT,15m,9,donchian n=50 vol=1.5,range,maker_both,LONG,2026-03-30 08:15:00+00:00,67865.1,-0.0083457058417769,0.0005165653607049,0.0088622712024818
T01571,B1_ALL,BTCUSDT,15m,9,donchian n=50 vol=1.5,range,maker_both,LONG,2026-04-04 15:15:00+00:00,67351.2,-0.003339083431214,0.0019627789701578,0.0053018624013718
T01572,B1_ALL,BTCUSDT,15m,9,donchian n=50 vol=1.5,range,maker_both,SHORT,2026-04-05 02:15:00+00:00,66970.4,-0.0036484627383688,0.0014596722523326,0.0051081349907014
T01573,B1_ALL,BTCUSDT,15m,9,donchian n=50 vol=1.5,range,maker_both,SHORT,2026-04-05 06:15:00+00:00,66620.2,-0.0043080619021229,-0.0044621074091003,-0.0001540455069774004
T01574,B1_ALL,BTCUSDT,15m,9,donchian n=50 vol=1.5,range,maker_both,LONG,2026-04-05 15:30:00+00:00,67478.2,0.0028649334984945,-0.0003293737909196,-0.0031943072894141
T01569,GAP50,BTCUSDT,15m,9,donchian n=50 vol=1.5,range,maker_both,LONG,2026-03-31 17:15:00+00:00,68432.9,-0.0145640823014407,-0.0003293737909196,0.0142347085105211
T01575,B1_ALL,BTCUSDT,15m,9,donchian n=50 vol=1.5,range,maker_both,LONG,2026-04-05 22:45:00+00:00,67937.4,0.0046507416813085,0.0050775423138415,0.0004268006325329997
T01568,GAP0,BTCUSDT,15m,9,donchian n=50 vol=1.5,range,maker_both,LONG,2026-03-30 08:15:00+00:00,67865.1,-0.0083457058417769,0.0050775423138415,0.013423248155618399
T01568,GAP10,BTCUSDT,15m,9,donchian n=50 vol=1.5,range,maker_both,LONG,2026-03-30 08:15:00+00:00,67865.1,-0.0083457058417769,0.0050775423138415,0.013423248155618399
T01569,GAP25,BTCUSDT,15m,9,donchian n=50 vol=1.5,range,maker_both,LONG,2026-03-31 17:15:00+00:00,68432.9,-0.0145640823014407,0.0050775423138415,0.0196416246152822
T01570,GAP50,BTCUSDT,15m,9,donchian n=50 vol=1.5,range,maker_both,LONG,2026-04-04 07:00:00+00:00,66981.5,0.0005358718829561,0.0050775423138415,0.0045416704308854
T01576,B1_ALL,BTCUSDT,15m,9,donchian n=50 vol=1.5,range,maker_both,LONG,2026-04-05 23:15:00+00:00,68577.9,0.0053314179508868,0.0056340645831042,0.0003026466322174001
T01569,GAP0,BTCUSDT,15m,9,donchian n=50 vol=1.5,range,maker_both,LONG,2026-03-31 17:15:00+00:00,68432.9,-0.0145640823014407,0.0056340645831042,0.0201981468845449
T01569,GAP10,BTCUSDT,15m,9,donchian n=50 vol=1.5,range,maker_both,LONG,2026-03-31 17:15:00+00:00,68432.9,-0.0145640823014407,0.0056340645831042,0.0201981468845449
T01570,GAP25,BTCUSDT,15m,9,donchian n=50 vol=1.5,range,maker_both,LONG,2026-04-04 07:00:00+00:00,66981.5,0.0005358718829561,0.0056340645831042,0.0050981927001481
T01571,GAP50,BTCUSDT,15m,9,donchian n=50 vol=1.5,range,maker_both,LONG,2026-04-04 15:15:00+00:00,67351.2,-0.003339083431214,0.0056340645831042,0.0089731480143182
T01577,B1_ALL,BTCUSDT,15m,9,donchian n=50 vol=1.5,range,maker_both,SHORT,2026-04-07 14:15:00+00:00,67865.1,-0.0085965980196478,-0.0088720756939139,-0.00027547767426610095
T01578,B1_ALL,BTCUSDT,15m,9,donchian n=50 vol=1.5,range,maker_both,LONG,2026-04-07 20:15:00+00:00,69399.8,0.0069624397747903,0.0068417972374322,-0.00012064253735809966
T01574,GAP50,BTCUSDT,15m,9,donchian n=50 vol=1.5,range,maker_both,LONG,2026-04-05 15:30:00+00:00,67478.2,0.0028649334984945,0.0068417972374322,0.0039768637389377
T01579,B1_ALL,BTCUSDT,15m,9,donchian n=50 vol=1.5,range,maker_both,SHORT,2026-04-19 07:30:00+00:00,74930.3,-0.0054791279424508,-0.005650456159542,-0.00017132821709120016
T01580,B1_ALL,BTCUSDT,15m,9,donchian n=50 vol=1.5,range,maker_both,LONG,2026-04-19 13:30:00+00:00,75999.0,-0.0064123001748913,-0.006384426992116,2.787318277530041e-05
T01570,GAP10,BTCUSDT,15m,9,donchian n=50 vol=1.5,range,maker_both,LONG,2026-04-04 07:00:00+00:00,66981.5,0.0005358718829561,-0.006384426992116,-0.0069202988750721
T01571,GAP25,BTCUSDT,15m,9,donchian n=50 vol=1.5,range,maker_both,LONG,2026-04-04 15:15:00+00:00,67351.2,-0.003339083431214,-0.006384426992116,-0.003045343560902
T01575,GAP50,BTCUSDT,15m,9,donchian n=50 vol=1.5,range,maker_both,LONG,2026-04-05 22:45:00+00:00,67937.4,0.0046507416813085,-0.006384426992116,-0.0110351686734245
T01581,B1_ALL,BTCUSDT,15m,9,donchian n=50 vol=1.5,range,maker_both,SHORT,2026-04-19 18:00:00+00:00,74742.4,0.0063913216430754,0.0063442255951847,-4.709604789070003e-05
T01567,GAP25,BTCUSDT,15m,9,donchian n=50 vol=1.5,range,maker_both,SHORT,2026-03-26 09:45:00+00:00,69470.0,0.0055051912719573,0.0063442255951847,0.0008390343232274004
T01572,GAP50,BTCUSDT,15m,9,donchian n=50 vol=1.5,range,maker_both,SHORT,2026-04-05 02:15:00+00:00,66970.4,-0.0036484627383688,0.0063442255951847,0.0099926883335535
T01582,B1_ALL,BTCUSDT,15m,9,donchian n=50 vol=1.5,range,maker_both,LONG,2026-04-20 18:15:00+00:00,76237.3,-0.0100366579995267,-0.003924717815405,0.0061119401841217
T01583,B1_ALL,BTCUSDT,15m,9,donchian n=50 vol=1.5,range,maker_both,SHORT,2026-04-21 19:45:00+00:00,74824.7,-0.0110872918377055,-0.0108984028709162,0.00018888896678929956
T01573,GAP50,BTCUSDT,15m,9,donchian n=50 vol=1.5,range,maker_both,SHORT,2026-04-05 06:15:00+00:00,66620.2,-0.0043080619021229,-0.0108984028709162,-0.0065903409687933
T01584,B1_ALL,BTCUSDT,15m,9,donchian n=50 vol=1.5,range,maker_both,LONG,2026-04-22 02:30:00+00:00,77195.8,0.006215077151381,0.006210493334592,-4.583816788999995e-06
T01570,GAP0,BTCUSDT,15m,9,donchian n=50 vol=1.5,range,maker_both,LONG,2026-04-04 07:00:00+00:00,66981.5,0.0005358718829561,0.006210493334592,0.0056746214516359
T01571,GAP10,BTCUSDT,15m,9,donchian n=50 vol=1.5,range,maker_both,LONG,2026-04-04 15:15:00+00:00,67351.2,-0.003339083431214,0.006210493334592,0.009549576765805999
T01574,GAP25,BTCUSDT,15m,9,donchian n=50 vol=1.5,range,maker_both,LONG,2026-04-05 15:30:00+00:00,67478.2,0.0028649334984945,0.006210493334592,0.0033455598360975
T01576,GAP50,BTCUSDT,15m,9,donchian n=50 vol=1.5,range,maker_both,LONG,2026-04-05 23:15:00+00:00,68577.9,0.0053314179508868,0.006210493334592,0.0008790753837052004
T01585,B1_ALL,BTCUSDT,15m,9,donchian n=50 vol=1.5,range,maker_both,SHORT,2026-04-24 22:45:00+00:00,77241.8,-0.0054281093634509,-0.0053110328579091,0.00011707650554180007
T01577,GAP50,BTCUSDT,15m,9,donchian n=50 vol=1.5,range,maker_both,SHORT,2026-04-07 14:15:00+00:00,67865.1,-0.0085965980196478,-0.0053110328579091,0.0032855651617386995
T01586,B1_ALL,BTCUSDT,15m,9,donchian n=50 vol=1.5,range,maker_both,LONG,2026-04-25 10:30:00+00:00,77776.5,-0.0033025160713903,-0.0033808795453981,-7.836347400780016e-05
T01575,GAP25,BTCUSDT,15m,9,donchian n=50 vol=1.5,range,maker_both,LONG,2026-04-05 22:45:00+00:00,67937.4,0.0046507416813085,-0.0033808795453981,-0.0080316212267066
T01578,GAP50,BTCUSDT,15m,9,donchian n=50 vol=1.5,range,maker_both,LONG,2026-04-07 20:15:00+00:00,69399.8,0.0069624397747903,-0.0033808795453981,-0.0103433193201884
T01587,B1_ALL,BTCUSDT,15m,9,donchian n=50 vol=1.5,range,maker_both,SHORT,2026-04-25 16:00:00+00:00,77289.3,-0.0036885963925373,0.0014162665675371,0.0051048629600744
T01588,B1_ALL,BTCUSDT,15m,9,donchian n=50 vol=1.5,range,maker_both,LONG,2026-04-26 05:00:00+00:00,77727.0,0.0014099969262081,-0.0022690520497122,-0.0036790489759203
T01571,GAP0,BTCUSDT,15m,9,donchian n=50 vol=1.5,range,maker_both,LONG,2026-04-04 15:15:00+00:00,67351.2,-0.003339083431214,-0.0022690520497122,0.0010700313815017997
T01574,GAP10,BTCUSDT,15m,9,donchian n=50 vol=1.5,range,maker_both,LONG,2026-04-05 15:30:00+00:00,67478.2,0.0028649334984945,-0.0022690520497122,-0.0051339855482067
T01576,GAP25,BTCUSDT,15m,9,donchian n=50 vol=1.5,range,maker_both,LONG,2026-04-05 23:15:00+00:00,68577.9,0.0053314179508868,-0.0022690520497122,-0.007600470000599
T01580,GAP50,BTCUSDT,15m,9,donchian n=50 vol=1.5,range,maker_both,LONG,2026-04-19 13:30:00+00:00,75999.0,-0.0064123001748913,-0.0022690520497122,0.0041432481251791
T01589,B1_ALL,BTCUSDT,15m,9,donchian n=50 vol=1.5,range,maker_both,LONG,2026-04-26 19:15:00+00:00,78359.9,-0.0045203491773119,-0.0052230894947172,-0.0007027403174052994
T01590,B1_ALL,BTCUSDT,15m,9,donchian n=50 vol=1.5,range,maker_both,SHORT,2026-04-27 15:30:00+00:00,76823.1,-0.0017761818884419,0.006088570829647,0.0078647527180889
T01591,B1_ALL,BTCUSDT,15m,9,donchian n=50 vol=1.5,range,maker_both,LONG,2026-04-29 10:00:00+00:00,77605.5,-0.0053786164816497,-0.0054075990977892,-2.8982616139499977e-05
T01574,GAP0,BTCUSDT,15m,9,donchian n=50 vol=1.5,range,maker_both,LONG,2026-04-05 15:30:00+00:00,67478.2,0.0028649334984945,-0.0054075990977892,-0.0082725325962837
T01575,GAP10,BTCUSDT,15m,9,donchian n=50 vol=1.5,range,maker_both,LONG,2026-04-05 22:45:00+00:00,67937.4,0.0046507416813085,-0.0054075990977892,-0.0100583407790977
T01578,GAP25,BTCUSDT,15m,9,donchian n=50 vol=1.5,range,maker_both,LONG,2026-04-07 20:15:00+00:00,69399.8,0.0069624397747903,-0.0054075990977892,-0.0123700388725795
T01582,GAP50,BTCUSDT,15m,9,donchian n=50 vol=1.5,range,maker_both,LONG,2026-04-20 18:15:00+00:00,76237.3,-0.0100366579995267,-0.0054075990977892,0.0046290589017375
T01592,B1_ALL,BTCUSDT,15m,9,donchian n=50 vol=1.5,range,maker_both,SHORT,2026-04-29 15:15:00+00:00,76226.6,0.0055611562795449,0.0054267359975127,-0.00013442028203219936
T01567,GAP0,BTCUSDT,15m,9,donchian n=50 vol=1.5,range,maker_both,SHORT,2026-03-26 09:45:00+00:00,69470.0,0.0055051912719573,0.0054267359975127,-7.84552744445997e-05
T01567,GAP10,BTCUSDT,15m,9,donchian n=50 vol=1.5,range,maker_both,SHORT,2026-03-26 09:45:00+00:00,69470.0,0.0055051912719573,0.0054267359975127,-7.84552744445997e-05
T01572,GAP25,BTCUSDT,15m,9,donchian n=50 vol=1.5,range,maker_both,SHORT,2026-04-05 02:15:00+00:00,66970.4,-0.0036484627383688,0.0054267359975127,0.009075198735881501
T01579,GAP50,BTCUSDT,15m,9,donchian n=50 vol=1.5,range,maker_both,SHORT,2026-04-19 07:30:00+00:00,74930.3,-0.0054791279424508,0.0054267359975127,0.010905863939963501
T01593,B1_ALL,BTCUSDT,15m,9,donchian n=50 vol=1.5,range,maker_both,SHORT,2026-04-29 18:15:00+00:00,75146.9,-0.0101072834210933,-0.0100499700474868,5.731337360650145e-05
T01572,GAP0,BTCUSDT,15m,9,donchian n=50 vol=1.5,range,maker_both,SHORT,2026-04-05 02:15:00+00:00,66970.4,-0.0036484627383688,-0.0100499700474868,-0.006401507309117999
T01572,GAP10,BTCUSDT,15m,9,donchian n=50 vol=1.5,range,maker_both,SHORT,2026-04-05 02:15:00+00:00,66970.4,-0.0036484627383688,-0.0100499700474868,-0.006401507309117999
T01573,GAP25,BTCUSDT,15m,9,donchian n=50 vol=1.5,range,maker_both,SHORT,2026-04-05 06:15:00+00:00,66620.2,-0.0043080619021229,-0.0100499700474868,-0.005741908145363899
T01581,GAP50,BTCUSDT,15m,9,donchian n=50 vol=1.5,range,maker_both,SHORT,2026-04-19 18:00:00+00:00,74742.4,0.0063913216430754,-0.0100499700474868,-0.0164412916905622
T01594,B1_ALL,BTCUSDT,15m,9,donchian n=50 vol=1.5,range,maker_both,LONG,2026-05-01 02:00:00+00:00,76644.1,0.0024107779234928,0.0024037969874374,-6.980936055400039e-06
T01580,GAP25,BTCUSDT,15m,9,donchian n=50 vol=1.5,range,maker_both,LONG,2026-04-19 13:30:00+00:00,75999.0,-0.0064123001748913,0.0024037969874374,0.008816097162328701
T01584,GAP50,BTCUSDT,15m,9,donchian n=50 vol=1.5,range,maker_both,LONG,2026-04-22 02:30:00+00:00,77195.8,0.006215077151381,0.0024037969874374,-0.0038112801639436002
T01595,B1_ALL,BTCUSDT,15m,9,donchian n=50 vol=1.5,range,maker_both,SHORT,2026-05-07 10:30:00+00:00,80573.6,-0.0060135509565732,0.0038072634761653,0.0098208144327385
T01596,B1_ALL,BTCUSDT,15m,9,donchian n=50 vol=1.5,range,maker_both,SHORT,2026-05-07 14:45:00+00:00,80116.0,0.0051124534141423,0.0049988377081503,-0.00011361570599200017
T01573,GAP10,BTCUSDT,15m,9,donchian n=50 vol=1.5,range,maker_both,SHORT,2026-04-05 06:15:00+00:00,66620.2,-0.0043080619021229,0.0049988377081503,0.0093068996102732
T01577,GAP25,BTCUSDT,15m,9,donchian n=50 vol=1.5,range,maker_both,SHORT,2026-04-07 14:15:00+00:00,67865.1,-0.0085965980196478,0.0049988377081503,0.013595435727798099
T01583,GAP50,BTCUSDT,15m,9,donchian n=50 vol=1.5,range,maker_both,SHORT,2026-04-21 19:45:00+00:00,74824.7,-0.0110872918377055,0.0049988377081503,0.0160861295458558
T01597,B1_ALL,BTCUSDT,15m,10,pullback rsi=40,all,maker_both,LONG,2026-05-10 01:30:00+00:00,80571.1,0.0012848388790457,0.001249095892117,-3.5742986928699854e-05
T01597,GAP0,BTCUSDT,15m,10,pullback rsi=40,all,maker_both,LONG,2026-05-10 01:30:00+00:00,80571.1,0.0012848388790457,0.001249095892117,-3.5742986928699854e-05
T01597,GAP10,BTCUSDT,15m,10,pullback rsi=40,all,maker_both,LONG,2026-05-10 01:30:00+00:00,80571.1,0.0012848388790457,0.001249095892117,-3.5742986928699854e-05
T01597,GAP25,BTCUSDT,15m,10,pullback rsi=40,all,maker_both,LONG,2026-05-10 01:30:00+00:00,80571.1,0.0012848388790457,0.001249095892117,-3.5742986928699854e-05
T01597,GAP50,BTCUSDT,15m,10,pullback rsi=40,all,maker_both,LONG,2026-05-10 01:30:00+00:00,80571.1,0.0012848388790457,0.001249095892117,-3.5742986928699854e-05
T01598,B1_ALL,BTCUSDT,15m,10,pullback rsi=40,all,maker_both,LONG,2026-05-10 20:45:00+00:00,80757.0,-0.0033612990338695,0.0037753130504331,0.0071366120843026
T01598,GAP50,BTCUSDT,15m,10,pullback rsi=40,all,maker_both,LONG,2026-05-10 20:45:00+00:00,80757.0,-0.0033612990338695,0.0037753130504331,0.0071366120843026
T01599,B1_ALL,BTCUSDT,15m,10,pullback rsi=40,all,maker_both,LONG,2026-05-10 21:30:00+00:00,80799.4,0.0041594916079968,0.0040869675490492,-7.25240589476003e-05
T01598,GAP10,BTCUSDT,15m,10,pullback rsi=40,all,maker_both,LONG,2026-05-10 20:45:00+00:00,80757.0,-0.0033612990338695,0.0040869675490492,0.0074482665829187
T01598,GAP25,BTCUSDT,15m,10,pullback rsi=40,all,maker_both,LONG,2026-05-10 20:45:00+00:00,80757.0,-0.0033612990338695,0.0040869675490492,0.0074482665829187
T01599,GAP50,BTCUSDT,15m,10,pullback rsi=40,all,maker_both,LONG,2026-05-10 21:30:00+00:00,80799.4,0.0041594916079968,0.0040869675490492,-7.25240589476003e-05
T01600,B1_ALL,BTCUSDT,15m,10,pullback rsi=40,all,maker_both,LONG,2026-05-12 01:15:00+00:00,81355.0,-0.0034781373231902,-0.0035114349735445,-3.32976503543002e-05
T01599,GAP25,BTCUSDT,15m,10,pullback rsi=40,all,maker_both,LONG,2026-05-10 21:30:00+00:00,80799.4,0.0041594916079968,-0.0035114349735445,-0.0076709265815413
T01600,GAP50,BTCUSDT,15m,10,pullback rsi=40,all,maker_both,LONG,2026-05-12 01:15:00+00:00,81355.0,-0.0034781373231902,-0.0035114349735445,-3.32976503543002e-05
T01601,B1_ALL,BTCUSDT,15m,10,pullback rsi=40,all,maker_both,SHORT,2026-05-14 06:00:00+00:00,79771.5,0.0038737010331301,0.0037575541646567,-0.0001161468684734001
T01602,B1_ALL,BTCUSDT,15m,10,pullback rsi=40,all,maker_both,SHORT,2026-05-14 13:15:00+00:00,79836.3,-0.0033751101252451,0.0034416725901605,0.0068167827154056
T01601,GAP50,BTCUSDT,15m,10,pullback rsi=40,all,maker_both,SHORT,2026-05-14 06:00:00+00:00,79771.5,0.0038737010331301,0.0034416725901605,-0.0004320284429695999
T01603,B1_ALL,BTCUSDT,15m,10,pullback rsi=40,all,maker_both,LONG,2026-05-15 02:15:00+00:00,80906.9,-0.0041317600941348,-0.0040722739200826,5.9486174052199824e-05
T01600,GAP25,BTCUSDT,15m,10,pullback rsi=40,all,maker_both,LONG,2026-05-12 01:15:00+00:00,81355.0,-0.0034781373231902,-0.0040722739200826,-0.0005941365968924
T01603,GAP50,BTCUSDT,15m,10,pullback rsi=40,all,maker_both,LONG,2026-05-15 02:15:00+00:00,80906.9,-0.0041317600941348,-0.0040722739200826,5.9486174052199824e-05
T01604,B1_ALL,BTCUSDT,15m,10,pullback rsi=40,all,maker_both,SHORT,2026-05-17 05:15:00+00:00,78202.0,-0.0027903519636288,-0.0027548627185739,3.548924505490008e-05
T01601,GAP0,BTCUSDT,15m,10,pullback rsi=40,all,maker_both,SHORT,2026-05-14 06:00:00+00:00,79771.5,0.0038737010331301,-0.0027548627185739,-0.006628563751704
T01601,GAP10,BTCUSDT,15m,10,pullback rsi=40,all,maker_both,SHORT,2026-05-14 06:00:00+00:00,79771.5,0.0038737010331301,-0.0027548627185739,-0.006628563751704
T01601,GAP25,BTCUSDT,15m,10,pullback rsi=40,all,maker_both,SHORT,2026-05-14 06:00:00+00:00,79771.5,0.0038737010331301,-0.0027548627185739,-0.006628563751704
T01602,GAP50,BTCUSDT,15m,10,pullback rsi=40,all,maker_both,SHORT,2026-05-14 13:15:00+00:00,79836.3,-0.0033751101252451,-0.0027548627185739,0.0006202474066712002
T01605,B1_ALL,BTCUSDT,15m,10,pullback rsi=40,all,maker_both,SHORT,2026-05-17 19:45:00+00:00,78336.4,0.0020802158871374,0.002071357572064,-8.858315073399705e-06
T01604,GAP50,BTCUSDT,15m,10,pullback rsi=40,all,maker_both,SHORT,2026-05-17 05:15:00+00:00,78202.0,-0.0027903519636288,0.002071357572064,0.0048617095356928
T01606,B1_ALL,BTCUSDT,15m,10,pullback rsi=40,all,maker_both,SHORT,2026-05-18 11:45:00+00:00,77328.5,-0.0036542054955324,-0.0036294072449865,2.479825054589992e-05
T01602,GAP0,BTCUSDT,15m,10,pullback rsi=40,all,maker_both,SHORT,2026-05-14 13:15:00+00:00,79836.3,-0.0033751101252451,-0.0036294072449865,-0.00025429711974140007
T01602,GAP10,BTCUSDT,15m,10,pullback rsi=40,all,maker_both,SHORT,2026-05-14 13:15:00+00:00,79836.3,-0.0033751101252451,-0.0036294072449865,-0.00025429711974140007
T01602,GAP25,BTCUSDT,15m,10,pullback rsi=40,all,maker_both,SHORT,2026-05-14 13:15:00+00:00,79836.3,-0.0033751101252451,-0.0036294072449865,-0.00025429711974140007
T01605,GAP50,BTCUSDT,15m,10,pullback rsi=40,all,maker_both,SHORT,2026-05-17 19:45:00+00:00,78336.4,0.0020802158871374,-0.0036294072449865,-0.0057096231321239
T01607,B1_ALL,BTCUSDT,15m,10,pullback rsi=40,all,maker_both,SHORT,2026-05-18 12:45:00+00:00,77686.5,0.0043237424081733,0.0043321310412306,8.388633057299956e-06
T01604,GAP0,BTCUSDT,15m,10,pullback rsi=40,all,maker_both,SHORT,2026-05-17 05:15:00+00:00,78202.0,-0.0027903519636288,0.0043321310412306,0.0071224830048594
T01604,GAP10,BTCUSDT,15m,10,pullback rsi=40,all,maker_both,SHORT,2026-05-17 05:15:00+00:00,78202.0,-0.0027903519636288,0.0043321310412306,0.0071224830048594
T01604,GAP25,BTCUSDT,15m,10,pullback rsi=40,all,maker_both,SHORT,2026-05-17 05:15:00+00:00,78202.0,-0.0027903519636288,0.0043321310412306,0.0071224830048594
T01606,GAP50,BTCUSDT,15m,10,pullback rsi=40,all,maker_both,SHORT,2026-05-18 11:45:00+00:00,77328.5,-0.0036542054955324,0.0043321310412306,0.007986336536763
T01608,B1_ALL,BTCUSDT,15m,10,pullback rsi=40,all,maker_both,SHORT,2026-05-18 20:15:00+00:00,77022.0,-0.0046353379306278,-0.0045150168439893,0.00012032108663850068
T01607,GAP50,BTCUSDT,15m,10,pullback rsi=40,all,maker_both,SHORT,2026-05-18 12:45:00+00:00,77686.5,0.0043237424081733,-0.0045150168439893,-0.0088387592521626
T01609,B1_ALL,BTCUSDT,15m,10,pullback rsi=40,all,maker_both,LONG,2026-05-21 07:00:00+00:00,77591.7,0.0025112790653564,0.0024912125744812,-2.006649087519987e-05
T01603,GAP25,BTCUSDT,15m,10,pullback rsi=40,all,maker_both,LONG,2026-05-15 02:15:00+00:00,80906.9,-0.0041317600941348,0.0024912125744812,0.006622972668616
T01609,GAP50,BTCUSDT,15m,10,pullback rsi=40,all,maker_both,LONG,2026-05-21 07:00:00+00:00,77591.7,0.0025112790653564,0.0024912125744812,-2.006649087519987e-05
T01610,B1_ALL,BTCUSDT,15m,10,pullback rsi=40,all,maker_both,SHORT,2026-05-23 14:00:00+00:00,75180.7,-0.0030192395431015,-0.0030329550610782,-1.3715517976700242e-05
T01605,GAP0,BTCUSDT,15m,10,pullback rsi=40,all,maker_both,SHORT,2026-05-17 19:45:00+00:00,78336.4,0.0020802158871374,-0.0030329550610782,-0.0051131709482156
T01605,GAP10,BTCUSDT,15m,10,pullback rsi=40,all,maker_both,SHORT,2026-05-17 19:45:00+00:00,78336.4,0.0020802158871374,-0.0030329550610782,-0.0051131709482156
T01605,GAP25,BTCUSDT,15m,10,pullback rsi=40,all,maker_both,SHORT,2026-05-17 19:45:00+00:00,78336.4,0.0020802158871374,-0.0030329550610782,-0.0051131709482156
T01608,GAP50,BTCUSDT,15m,10,pullback rsi=40,all,maker_both,SHORT,2026-05-18 20:15:00+00:00,77022.0,-0.0046353379306278,-0.0030329550610782,0.0016023828695496001
T01611,B1_ALL,BTCUSDT,15m,10,pullback rsi=40,all,maker_both,SHORT,2026-05-23 14:45:00+00:00,75438.6,-0.0030955142293777,-0.0032474429234609,-0.00015192869408319973
T01610,GAP50,BTCUSDT,15m,10,pullback rsi=40,all,maker_both,SHORT,2026-05-23 14:00:00+00:00,75180.7,-0.0030192395431015,-0.0032474429234609,-0.00022820338035939997
T01612,B1_ALL,BTCUSDT,15m,10,pullback rsi=40,all,maker_both,SHORT,2026-05-23 15:15:00+00:00,75601.9,-0.003262921883922,-0.0032740177498488,-1.1095865926799911e-05
T01606,GAP0,BTCUSDT,15m,10,pullback rsi=40,all,maker_both,SHORT,2026-05-18 11:45:00+00:00,77328.5,-0.0036542054955324,-0.0032740177498488,0.0003801877456836001
T01606,GAP10,BTCUSDT,15m,10,pullback rsi=40,all,maker_both,SHORT,2026-05-18 11:45:00+00:00,77328.5,-0.0036542054955324,-0.0032740177498488,0.0003801877456836001
T01606,GAP25,BTCUSDT,15m,10,pullback rsi=40,all,maker_both,SHORT,2026-05-18 11:45:00+00:00,77328.5,-0.0036542054955324,-0.0032740177498488,0.0003801877456836001
T01611,GAP50,BTCUSDT,15m,10,pullback rsi=40,all,maker_both,SHORT,2026-05-23 14:45:00+00:00,75438.6,-0.0030955142293777,-0.0032740177498488,-0.0001785035204710998
T01613,B1_ALL,BTCUSDT,15m,10,pullback rsi=40,all,maker_both,LONG,2026-05-24 14:00:00+00:00,76765.0,-0.003176358815956,-0.0034257990129639,-0.0002494401970079001
T01614,B1_ALL,BTCUSDT,15m,10,pullback rsi=40,all,maker_both,LONG,2026-05-24 15:15:00+00:00,76473.7,0.0016317998691396,0.0033351453395328,0.0017033454703932
T01613,GAP50,BTCUSDT,15m,10,pullback rsi=40,all,maker_both,LONG,2026-05-24 14:00:00+00:00,76765.0,-0.003176358815956,0.0033351453395328,0.0065115041554888
T01615,B1_ALL,BTCUSDT,15m,10,pullback rsi=40,all,maker_both,LONG,2026-05-25 20:45:00+00:00,77238.8,-0.002752358853558,-0.0027440062809216,8.352572636400202e-06
T01598,GAP0,BTCUSDT,15m,10,pullback rsi=40,all,maker_both,LONG,2026-05-10 20:45:00+00:00,80757.0,-0.0033612990338695,-0.0027440062809216,0.0006172927529479
T01599,GAP10,BTCUSDT,15m,10,pullback rsi=40,all,maker_both,LONG,2026-05-10 21:30:00+00:00,80799.4,0.0041594916079968,-0.0027440062809216,-0.0069034978889184005
T01609,GAP25,BTCUSDT,15m,10,pullback rsi=40,all,maker_both,LONG,2026-05-21 07:00:00+00:00,77591.7,0.0025112790653564,-0.0027440062809216,-0.0052552853462779995
T01614,GAP50,BTCUSDT,15m,10,pullback rsi=40,all,maker_both,LONG,2026-05-24 15:15:00+00:00,76473.7,0.0016317998691396,-0.0027440062809216,-0.0043758061500612
T01616,B1_ALL,BTCUSDT,15m,10,pullback rsi=40,all,maker_both,SHORT,2026-05-28 18:15:00+00:00,73605.9,-0.0046479277205295,-0.0045761121082588,7.181561227070053e-05
T01607,GAP0,BTCUSDT,15m,10,pullback rsi=40,all,maker_both,SHORT,2026-05-18 12:45:00+00:00,77686.5,0.0043237424081733,-0.0045761121082588,-0.0088998545164321
T01607,GAP10,BTCUSDT,15m,10,pullback rsi=40,all,maker_both,SHORT,2026-05-18 12:45:00+00:00,77686.5,0.0043237424081733,-0.0045761121082588,-0.0088998545164321
T01607,GAP25,BTCUSDT,15m,10,pullback rsi=40,all,maker_both,SHORT,2026-05-18 12:45:00+00:00,77686.5,0.0043237424081733,-0.0045761121082588,-0.0088998545164321
T01612,GAP50,BTCUSDT,15m,10,pullback rsi=40,all,maker_both,SHORT,2026-05-23 15:15:00+00:00,75601.9,-0.003262921883922,-0.0045761121082588,-0.0013131902243367997
T01617,B1_ALL,BTCUSDT,15m,10,pullback rsi=40,all,maker_both,SHORT,2026-05-29 15:45:00+00:00,73793.2,-0.0053441463334998,-0.0052270060170845,0.00011714031641530016
T01608,GAP0,BTCUSDT,15m,10,pullback rsi=40,all,maker_both,SHORT,2026-05-18 20:15:00+00:00,77022.0,-0.0046353379306278,-0.0052270060170845,-0.0005916680864566995
T01608,GAP10,BTCUSDT,15m,10,pullback rsi=40,all,maker_both,SHORT,2026-05-18 20:15:00+00:00,77022.0,-0.0046353379306278,-0.0052270060170845,-0.0005916680864566995
T01608,GAP25,BTCUSDT,15m,10,pullback rsi=40,all,maker_both,SHORT,2026-05-18 20:15:00+00:00,77022.0,-0.0046353379306278,-0.0052270060170845,-0.0005916680864566995
T01616,GAP50,BTCUSDT,15m,10,pullback rsi=40,all,maker_both,SHORT,2026-05-28 18:15:00+00:00,73605.9,-0.0046479277205295,-0.0052270060170845,-0.0005790782965549995
T01618,B1_ALL,BTCUSDT,15m,10,pullback rsi=40,all,maker_both,LONG,2026-05-31 07:30:00+00:00,73863.4,-0.0024165083671174,-0.0024118908732014,4.617493915999842e-06
T01615,GAP50,BTCUSDT,15m,10,pullback rsi=40,all,maker_both,LONG,2026-05-25 20:45:00+00:00,77238.8,-0.002752358853558,-0.0024118908732014,0.00034046798035660027
T01619,B1_ALL,BTCUSDT,15m,10,pullback rsi=40,all,maker_both,SHORT,2026-06-04 14:00:00+00:00,64202.7,0.015135492787914,0.0151165032398451,-1.8989548068899798e-05
T01610,GAP25,BTCUSDT,15m,10,pullback rsi=40,all,maker_both,SHORT,2026-05-23 14:00:00+00:00,75180.7,-0.0030192395431015,0.0151165032398451,0.0181357427829466
T01617,GAP50,BTCUSDT,15m,10,pullback rsi=40,all,maker_both,SHORT,2026-05-29 15:45:00+00:00,73793.2,-0.0053441463334998,0.0151165032398451,0.0204606495733449
T01620,B1_ALL,BTCUSDT,15m,10,pullback rsi=40,all,maker_both,SHORT,2026-06-05 21:00:00+00:00,61586.2,0.0097600329555739,0.0180685672807286,0.008308534325154701
T01619,GAP50,BTCUSDT,15m,10,pullback rsi=40,all,maker_both,SHORT,2026-06-04 14:00:00+00:00,64202.7,0.015135492787914,0.0180685672807286,0.0029330744928146007
T01621,B1_ALL,BTCUSDT,15m,10,pullback rsi=40,all,maker_both,SHORT,2026-06-06 08:30:00+00:00,61374.8,0.0116496695441775,0.0112347606491819,-0.00041490889499559876
T01610,GAP0,BTCUSDT,15m,10,pullback rsi=40,all,maker_both,SHORT,2026-05-23 14:00:00+00:00,75180.7,-0.0030192395431015,0.0112347606491819,0.0142540001922834
T01610,GAP10,BTCUSDT,15m,10,pullback rsi=40,all,maker_both,SHORT,2026-05-23 14:00:00+00:00,75180.7,-0.0030192395431015,0.0112347606491819,0.0142540001922834
T01611,GAP25,BTCUSDT,15m,10,pullback rsi=40,all,maker_both,SHORT,2026-05-23 14:45:00+00:00,75438.6,-0.0030955142293777,0.0112347606491819,0.0143302748785596
T01620,GAP50,BTCUSDT,15m,10,pullback rsi=40,all,maker_both,SHORT,2026-06-05 21:00:00+00:00,61586.2,0.0097600329555739,0.0112347606491819,0.0014747276936080012
T01622,B1_ALL,BTCUSDT,15m,10,pullback rsi=40,all,maker_both,LONG,2026-06-08 12:15:00+00:00,62683.9,0.0090841508846785,0.0091909566517872,0.00010680576710870096
T01599,GAP0,BTCUSDT,15m,10,pullback rsi=40,all,maker_both,LONG,2026-05-10 21:30:00+00:00,80799.4,0.0041594916079968,0.0091909566517872,0.005031465043790401
T01600,GAP10,BTCUSDT,15m,10,pullback rsi=40,all,maker_both,LONG,2026-05-12 01:15:00+00:00,81355.0,-0.0034781373231902,0.0091909566517872,0.0126690939749774
T01613,GAP25,BTCUSDT,15m,10,pullback rsi=40,all,maker_both,LONG,2026-05-24 14:00:00+00:00,76765.0,-0.003176358815956,0.0091909566517872,0.0123673154677432
T01618,GAP50,BTCUSDT,15m,10,pullback rsi=40,all,maker_both,LONG,2026-05-31 07:30:00+00:00,73863.4,-0.0024165083671174,0.0091909566517872,0.011607465018904601
T01623,B1_ALL,BTCUSDT,15m,10,pullback rsi=40,all,maker_both,SHORT,2026-06-09 20:15:00+00:00,62186.8,0.0078849872876124,0.0079100410126903,2.505372507789934e-05
T01611,GAP0,BTCUSDT,15m,10,pullback rsi=40,all,maker_both,SHORT,2026-05-23 14:45:00+00:00,75438.6,-0.0030955142293777,0.0079100410126903,0.011005555242068
T01611,GAP10,BTCUSDT,15m,10,pullback rsi=40,all,maker_both,SHORT,2026-05-23 14:45:00+00:00,75438.6,-0.0030955142293777,0.0079100410126903,0.011005555242068
T01612,GAP25,BTCUSDT,15m,10,pullback rsi=40,all,maker_both,SHORT,2026-05-23 15:15:00+00:00,75601.9,-0.003262921883922,0.0079100410126903,0.0111729628966123
T01621,GAP50,BTCUSDT,15m,10,pullback rsi=40,all,maker_both,SHORT,2026-06-06 08:30:00+00:00,61374.8,0.0116496695441775,0.0079100410126903,-0.0037396285314872
T01624,B1_ALL,BTCUSDT,15m,10,pullback rsi=40,all,maker_both,SHORT,2026-06-10 07:45:00+00:00,61723.9,0.005304160603904,0.0051391483304236,-0.00016501227348040062
T01612,GAP0,BTCUSDT,15m,10,pullback rsi=40,all,maker_both,SHORT,2026-05-23 15:15:00+00:00,75601.9,-0.003262921883922,0.0051391483304236,0.0084020702143456
T01612,GAP10,BTCUSDT,15m,10,pullback rsi=40,all,maker_both,SHORT,2026-05-23 15:15:00+00:00,75601.9,-0.003262921883922,0.0051391483304236,0.0084020702143456
T01616,GAP25,BTCUSDT,15m,10,pullback rsi=40,all,maker_both,SHORT,2026-05-28 18:15:00+00:00,73605.9,-0.0046479277205295,0.0051391483304236,0.0097870760509531
T01623,GAP50,BTCUSDT,15m,10,pullback rsi=40,all,maker_both,SHORT,2026-06-09 20:15:00+00:00,62186.8,0.0078849872876124,0.0051391483304236,-0.002745838957188801
T01625,B1_ALL,BTCUSDT,15m,10,pullback rsi=40,all,maker_both,SHORT,2026-06-10 12:45:00+00:00,61660.0,-0.0057554039770016,-0.0057147887749064,4.061520209520074e-05
T01616,GAP0,BTCUSDT,15m,10,pullback rsi=40,all,maker_both,SHORT,2026-05-28 18:15:00+00:00,73605.9,-0.0046479277205295,-0.0057147887749064,-0.0010668610543768994
T01616,GAP10,BTCUSDT,15m,10,pullback rsi=40,all,maker_both,SHORT,2026-05-28 18:15:00+00:00,73605.9,-0.0046479277205295,-0.0057147887749064,-0.0010668610543768994
T01617,GAP25,BTCUSDT,15m,10,pullback rsi=40,all,maker_both,SHORT,2026-05-29 15:45:00+00:00,73793.2,-0.0053441463334998,-0.0057147887749064,-0.00037064244140659966
T01624,GAP50,BTCUSDT,15m,10,pullback rsi=40,all,maker_both,SHORT,2026-06-10 07:45:00+00:00,61723.9,0.005304160603904,-0.0057147887749064,-0.0110189493788104
T01626,B1_ALL,BTCUSDT,15m,10,pullback rsi=40,all,maker_both,LONG,2026-06-11 17:15:00+00:00,62433.0,0.0063017677156654,0.0073234606196387,0.0010216929039733001
T01600,GAP0,BTCUSDT,15m,10,pullback rsi=40,all,maker_both,LONG,2026-05-12 01:15:00+00:00,81355.0,-0.0034781373231902,0.0073234606196387,0.0108015979428289
T01603,GAP10,BTCUSDT,15m,10,pullback rsi=40,all,maker_both,LONG,2026-05-15 02:15:00+00:00,80906.9,-0.0041317600941348,0.0073234606196387,0.0114552207137735
T01614,GAP25,BTCUSDT,15m,10,pullback rsi=40,all,maker_both,LONG,2026-05-24 15:15:00+00:00,76473.7,0.0016317998691396,0.0073234606196387,0.0056916607504991
T01622,GAP50,BTCUSDT,15m,10,pullback rsi=40,all,maker_both,LONG,2026-06-08 12:15:00+00:00,62683.9,0.0090841508846785,0.0073234606196387,-0.0017606902650397997
T01627,B1_ALL,BTCUSDT,15m,10,pullback rsi=40,all,maker_both,LONG,2026-06-12 06:30:00+00:00,63121.0,-0.0038978446199721,0.0045569196305704,0.0084547642505425
T01628,B1_ALL,BTCUSDT,15m,10,pullback rsi=40,all,maker_both,LONG,2026-06-12 07:00:00+00:00,62955.9,0.0043784317819225,0.0043120163871593,-6.641539476319978e-05
T01603,GAP0,BTCUSDT,15m,10,pullback rsi=40,all,maker_both,LONG,2026-05-15 02:15:00+00:00,80906.9,-0.0041317600941348,0.0043120163871593,0.0084437764812941
T01609,GAP10,BTCUSDT,15m,10,pullback rsi=40,all,maker_both,LONG,2026-05-21 07:00:00+00:00,77591.7,0.0025112790653564,0.0043120163871593,0.0018007373218029005
T01615,GAP25,BTCUSDT,15m,10,pullback rsi=40,all,maker_both,LONG,2026-05-25 20:45:00+00:00,77238.8,-0.002752358853558,0.0043120163871593,0.007064375240717301
T01626,GAP50,BTCUSDT,15m,10,pullback rsi=40,all,maker_both,LONG,2026-06-11 17:15:00+00:00,62433.0,0.0063017677156654,0.0043120163871593,-0.0019897513285060996
T01629,B1_ALL,BTCUSDT,15m,10,pullback rsi=40,all,maker_both,LONG,2026-06-12 13:45:00+00:00,63107.8,0.0048610920272024,0.0048036579385183,-5.74340886841003e-05
T01609,GAP0,BTCUSDT,15m,10,pullback rsi=40,all,maker_both,LONG,2026-05-21 07:00:00+00:00,77591.7,0.0025112790653564,0.0048036579385183,0.0022923788731619
T01613,GAP10,BTCUSDT,15m,10,pullback rsi=40,all,maker_both,LONG,2026-05-24 14:00:00+00:00,76765.0,-0.003176358815956,0.0048036579385183,0.0079800167544743
T01618,GAP25,BTCUSDT,15m,10,pullback rsi=40,all,maker_both,LONG,2026-05-31 07:30:00+00:00,73863.4,-0.0024165083671174,0.0048036579385183,0.007220166305635699
T01627,GAP50,BTCUSDT,15m,10,pullback rsi=40,all,maker_both,LONG,2026-06-12 06:30:00+00:00,63121.0,-0.0038978446199721,0.0048036579385183,0.0087015025584904
T01630,B1_ALL,BTCUSDT,15m,10,pullback rsi=40,all,maker_both,LONG,2026-06-14 05:00:00+00:00,64300.0,-0.0025847593727946,-0.0025597542411885,2.500513160609997e-05
T01613,GAP0,BTCUSDT,15m,10,pullback rsi=40,all,maker_both,LONG,2026-05-24 14:00:00+00:00,76765.0,-0.003176358815956,-0.0025597542411885,0.0006166045747674999
T01614,GAP10,BTCUSDT,15m,10,pullback rsi=40,all,maker_both,LONG,2026-05-24 15:15:00+00:00,76473.7,0.0016317998691396,-0.0025597542411885,-0.0041915541103281
T01622,GAP25,BTCUSDT,15m,10,pullback rsi=40,all,maker_both,LONG,2026-06-08 12:15:00+00:00,62683.9,0.0090841508846785,-0.0025597542411885,-0.011643905125867
T01628,GAP50,BTCUSDT,15m,10,pullback rsi=40,all,maker_both,LONG,2026-06-12 07:00:00+00:00,62955.9,0.0043784317819225,-0.0025597542411885,-0.006938186023111
T01631,B1_ALL,BTCUSDT,15m,10,pullback rsi=40,all,maker_both,LONG,2026-06-14 13:30:00+00:00,64243.3,-0.002833558626607,-0.0028782768631255,-4.471823651849968e-05
T01614,GAP0,BTCUSDT,15m,10,pullback rsi=40,all,maker_both,LONG,2026-05-24 15:15:00+00:00,76473.7,0.0016317998691396,-0.0028782768631255,-0.0045100767322651
T01615,GAP10,BTCUSDT,15m,10,pullback rsi=40,all,maker_both,LONG,2026-05-25 20:45:00+00:00,77238.8,-0.002752358853558,-0.0028782768631255,-0.0001259180095674996
T01626,GAP25,BTCUSDT,15m,10,pullback rsi=40,all,maker_both,LONG,2026-06-11 17:15:00+00:00,62433.0,0.0063017677156654,-0.0028782768631255,-0.009180044578790899
T01629,GAP50,BTCUSDT,15m,10,pullback rsi=40,all,maker_both,LONG,2026-06-12 13:45:00+00:00,63107.8,0.0048610920272024,-0.0028782768631255,-0.0077393688903279
T01632,B1_ALL,BTCUSDT,15m,10,pullback rsi=40,all,maker_both,LONG,2026-06-15 21:30:00+00:00,66379.4,-0.0040140843142066,-0.0039833919668025,3.069234740409998e-05
T01615,GAP0,BTCUSDT,15m,10,pullback rsi=40,all,maker_both,LONG,2026-05-25 20:45:00+00:00,77238.8,-0.002752358853558,-0.0039833919668025,-0.0012310331132445
T01618,GAP10,BTCUSDT,15m,10,pullback rsi=40,all,maker_both,LONG,2026-05-31 07:30:00+00:00,73863.4,-0.0024165083671174,-0.0039833919668025,-0.0015668835996851004
T01627,GAP25,BTCUSDT,15m,10,pullback rsi=40,all,maker_both,LONG,2026-06-12 06:30:00+00:00,63121.0,-0.0038978446199721,-0.0039833919668025,-8.554734683040039e-05
T01630,GAP50,BTCUSDT,15m,10,pullback rsi=40,all,maker_both,LONG,2026-06-14 05:00:00+00:00,64300.0,-0.0025847593727946,-0.0039833919668025,-0.0013986325940079
T01633,B1_ALL,BTCUSDT,15m,10,pullback rsi=40,all,maker_both,LONG,2026-06-15 22:45:00+00:00,66263.6,-0.0040848267874565,-0.0040278232386609,5.7003548795600024e-05
T01634,B1_ALL,BTCUSDT,15m,10,pullback rsi=40,all,maker_both,LONG,2026-06-16 13:15:00+00:00,66173.9,-0.0042885189211295,-0.0043488190090803,-6.03000879508004e-05
T01635,B1_ALL,BTCUSDT,15m,10,pullback rsi=40,all,maker_both,SHORT,2026-06-17 15:45:00+00:00,65466.5,-0.0048952526845704,-0.0050444757554927,-0.00014922307092230056
T01636,B1_ALL,BTCUSDT,15m,10,pullback rsi=40,all,maker_both,SHORT,2026-06-18 08:00:00+00:00,64470.3,0.004384439044904,0.0046119417353097,0.0002275026904056997
T01619,GAP25,BTCUSDT,15m,10,pullback rsi=40,all,maker_both,SHORT,2026-06-04 14:00:00+00:00,64202.7,0.015135492787914,0.0046119417353097,-0.0105235510526043
T01625,GAP50,BTCUSDT,15m,10,pullback rsi=40,all,maker_both,SHORT,2026-06-10 12:45:00+00:00,61660.0,-0.0057554039770016,0.0046119417353097,0.0103673457123113
T01637,B1_ALL,BTCUSDT,15m,10,pullback rsi=40,all,maker_both,SHORT,2026-06-18 13:15:00+00:00,64368.9,0.0040831707396628,0.0039865933957253,-9.657734393750048e-05
T01617,GAP0,BTCUSDT,15m,10,pullback rsi=40,all,maker_both,SHORT,2026-05-29 15:45:00+00:00,73793.2,-0.0053441463334998,0.0039865933957253,0.0093307397292251
T01617,GAP10,BTCUSDT,15m,10,pullback rsi=40,all,maker_both,SHORT,2026-05-29 15:45:00+00:00,73793.2,-0.0053441463334998,0.0039865933957253,0.0093307397292251
T01620,GAP25,BTCUSDT,15m,10,pullback rsi=40,all,maker_both,SHORT,2026-06-05 21:00:00+00:00,61586.2,0.0097600329555739,0.0039865933957253,-0.0057734395598486
T01635,GAP50,BTCUSDT,15m,10,pullback rsi=40,all,maker_both,SHORT,2026-06-17 15:45:00+00:00,65466.5,-0.0048952526845704,0.0039865933957253,0.0088818460802957
T01638,B1_ALL,BTCUSDT,15m,10,pullback rsi=40,all,maker_both,SHORT,2026-06-19 13:45:00+00:00,63062.3,-0.0043656831670677,-0.0045433755439171,-0.0001776923768493999
T01639,B1_ALL,BTCUSDT,15m,10,pullback rsi=40,all,maker_both,SHORT,2026-06-19 14:15:00+00:00,63060.3,-0.0045684363886497,0.0017095266098424,0.0062779629984920995
T01640,B1_ALL,BTCUSDT,15m,10,pullback rsi=40,all,maker_both,LONG,2026-06-21 08:30:00+00:00,64022.5,-0.0025828627427854,0.001758181878204,0.0043410446209894
T01641,B1_ALL,BTCUSDT,15m,10,pullback rsi=40,all,maker_both,LONG,2026-06-21 09:00:00+00:00,63987.9,0.0017543899914919,0.0016861361844365,-6.825380705540005e-05
T01631,GAP50,BTCUSDT,15m,10,pullback rsi=40,all,maker_both,LONG,2026-06-14 13:30:00+00:00,64243.3,-0.002833558626607,0.0016861361844365,0.0045196948110435
T01642,B1_ALL,BTCUSDT,15m,10,pullback rsi=40,all,maker_both,LONG,2026-06-21 12:30:00+00:00,63985.9,0.0029766813067381,0.003006975491084,3.0294184345900244e-05
T01618,GAP0,BTCUSDT,15m,10,pullback rsi=40,all,maker_both,LONG,2026-05-31 07:30:00+00:00,73863.4,-0.0024165083671174,0.003006975491084,0.0054234838582014
T01622,GAP10,BTCUSDT,15m,10,pullback rsi=40,all,maker_both,LONG,2026-06-08 12:15:00+00:00,62683.9,0.0090841508846785,0.003006975491084,-0.0060771753935945
T01628,GAP25,BTCUSDT,15m,10,pullback rsi=40,all,maker_both,LONG,2026-06-12 07:00:00+00:00,62955.9,0.0043784317819225,0.003006975491084,-0.0013714562908385
T01632,GAP50,BTCUSDT,15m,10,pullback rsi=40,all,maker_both,LONG,2026-06-15 21:30:00+00:00,66379.4,-0.0040140843142066,0.003006975491084,0.0070210598052906
T01643,B1_ALL,BTCUSDT,15m,10,pullback rsi=40,all,maker_both,LONG,2026-06-22 19:00:00+00:00,64312.9,-0.0043935860736709,-0.0042935874522439,9.999862142699972e-05
T01622,GAP0,BTCUSDT,15m,10,pullback rsi=40,all,maker_both,LONG,2026-06-08 12:15:00+00:00,62683.9,0.0090841508846785,-0.0042935874522439,-0.0133777383369224
T01626,GAP10,BTCUSDT,15m,10,pullback rsi=40,all,maker_both,LONG,2026-06-11 17:15:00+00:00,62433.0,0.0063017677156654,-0.0042935874522439,-0.0105953551679093
T01629,GAP25,BTCUSDT,15m,10,pullback rsi=40,all,maker_both,LONG,2026-06-12 13:45:00+00:00,63107.8,0.0048610920272024,-0.0042935874522439,-0.009154679479446301
T01633,GAP50,BTCUSDT,15m,10,pullback rsi=40,all,maker_both,LONG,2026-06-15 22:45:00+00:00,66263.6,-0.0040848267874565,-0.0042935874522439,-0.00020876066478740015
T01644,B1_ALL,BTCUSDT,15m,11,pullback rsi=40,all,maker_both,SHORT,2026-06-23 22:15:00+00:00,62714.5,-0.0037734656492608,-0.0038490169015247,-7.55512522639004e-05
T01644,GAP0,BTCUSDT,15m,11,pullback rsi=40,all,maker_both,SHORT,2026-06-23 22:15:00+00:00,62714.5,-0.0037734656492608,-0.0038490169015247,-7.55512522639004e-05
T01644,GAP10,BTCUSDT,15m,11,pullback rsi=40,all,maker_both,SHORT,2026-06-23 22:15:00+00:00,62714.5,-0.0037734656492608,-0.0038490169015247,-7.55512522639004e-05
T01644,GAP25,BTCUSDT,15m,11,pullback rsi=40,all,maker_both,SHORT,2026-06-23 22:15:00+00:00,62714.5,-0.0037734656492608,-0.0038490169015247,-7.55512522639004e-05
T01644,GAP50,BTCUSDT,15m,11,pullback rsi=40,all,maker_both,SHORT,2026-06-23 22:15:00+00:00,62714.5,-0.0037734656492608,-0.0038490169015247,-7.55512522639004e-05
T01645,B1_ALL,BTCUSDT,15m,11,pullback rsi=40,all,maker_both,SHORT,2026-06-24 00:30:00+00:00,62819.3,-0.0036312072678963,-0.0037219595665763,-9.075229867999994e-05
T01646,B1_ALL,BTCUSDT,15m,11,pullback rsi=40,all,maker_both,SHORT,2026-06-24 12:00:00+00:00,62887.7,0.004466927378416,0.0044463168184322,-2.061055998379968e-05
T01645,GAP0,BTCUSDT,15m,11,pullback rsi=40,all,maker_both,SHORT,2026-06-24 00:30:00+00:00,62819.3,-0.0036312072678963,0.0044463168184322,0.0080775240863285
T01645,GAP10,BTCUSDT,15m,11,pullback rsi=40,all,maker_both,SHORT,2026-06-24 00:30:00+00:00,62819.3,-0.0036312072678963,0.0044463168184322,0.0080775240863285
T01645,GAP25,BTCUSDT,15m,11,pullback rsi=40,all,maker_both,SHORT,2026-06-24 00:30:00+00:00,62819.3,-0.0036312072678963,0.0044463168184322,0.0080775240863285
T01645,GAP50,BTCUSDT,15m,11,pullback rsi=40,all,maker_both,SHORT,2026-06-24 00:30:00+00:00,62819.3,-0.0036312072678963,0.0044463168184322,0.0080775240863285
T01647,B1_ALL,BTCUSDT,15m,11,pullback rsi=40,all,maker_both,SHORT,2026-06-24 21:00:00+00:00,60926.5,0.0014869644523026,-0.0070500135690614,-0.008536978021364
T01646,GAP0,BTCUSDT,15m,11,pullback rsi=40,all,maker_both,SHORT,2026-06-24 12:00:00+00:00,62887.7,0.004466927378416,-0.0070500135690614,-0.0115169409474774
T01646,GAP10,BTCUSDT,15m,11,pullback rsi=40,all,maker_both,SHORT,2026-06-24 12:00:00+00:00,62887.7,0.004466927378416,-0.0070500135690614,-0.0115169409474774
T01646,GAP25,BTCUSDT,15m,11,pullback rsi=40,all,maker_both,SHORT,2026-06-24 12:00:00+00:00,62887.7,0.004466927378416,-0.0070500135690614,-0.0115169409474774
T01646,GAP50,BTCUSDT,15m,11,pullback rsi=40,all,maker_both,SHORT,2026-06-24 12:00:00+00:00,62887.7,0.004466927378416,-0.0070500135690614,-0.0115169409474774
T01648,B1_ALL,BTCUSDT,15m,11,pullback rsi=40,all,maker_both,SHORT,2026-06-25 05:00:00+00:00,61323.2,-0.0044682491838323,-0.0047876160551075,-0.00031936687127520017
T01649,B1_ALL,BTCUSDT,15m,11,pullback rsi=40,all,maker_both,SHORT,2026-06-26 04:00:00+00:00,60015.0,-0.0075022241963624,-0.0073924208832866,0.00010980331307579999
T01647,GAP0,BTCUSDT,15m,11,pullback rsi=40,all,maker_both,SHORT,2026-06-24 21:00:00+00:00,60926.5,0.0014869644523026,-0.0073924208832866,-0.0088793853355892
T01647,GAP10,BTCUSDT,15m,11,pullback rsi=40,all,maker_both,SHORT,2026-06-24 21:00:00+00:00,60926.5,0.0014869644523026,-0.0073924208832866,-0.0088793853355892
T01647,GAP25,BTCUSDT,15m,11,pullback rsi=40,all,maker_both,SHORT,2026-06-24 21:00:00+00:00,60926.5,0.0014869644523026,-0.0073924208832866,-0.0088793853355892
T01647,GAP50,BTCUSDT,15m,11,pullback rsi=40,all,maker_both,SHORT,2026-06-24 21:00:00+00:00,60926.5,0.0014869644523026,-0.0073924208832866,-0.0088793853355892
T01650,B1_ALL,BTCUSDT,15m,11,pullback rsi=40,all,maker_both,SHORT,2026-07-01 02:45:00+00:00,59111.2,-0.0054991265948139,-0.0054034818235583,9.564477125560081e-05
T01648,GAP0,BTCUSDT,15m,11,pullback rsi=40,all,maker_both,SHORT,2026-06-25 05:00:00+00:00,61323.2,-0.0044682491838323,-0.0054034818235583,-0.0009352326397259999
T01648,GAP10,BTCUSDT,15m,11,pullback rsi=40,all,maker_both,SHORT,2026-06-25 05:00:00+00:00,61323.2,-0.0044682491838323,-0.0054034818235583,-0.0009352326397259999
T01648,GAP25,BTCUSDT,15m,11,pullback rsi=40,all,maker_both,SHORT,2026-06-25 05:00:00+00:00,61323.2,-0.0044682491838323,-0.0054034818235583,-0.0009352326397259999
T01648,GAP50,BTCUSDT,15m,11,pullback rsi=40,all,maker_both,SHORT,2026-06-25 05:00:00+00:00,61323.2,-0.0044682491838323,-0.0054034818235583,-0.0009352326397259999
T01651,B1_ALL,BTCUSDT,15m,11,pullback rsi=40,all,maker_both,SHORT,2026-07-01 13:45:00+00:00,58989.1,-0.0047538205041431,-0.0051662483702342,-0.0004124278660910998
T01652,B1_ALL,BTCUSDT,15m,11,pullback rsi=40,all,maker_both,LONG,2026-07-02 00:30:00+00:00,59752.6,0.0063558270915616,0.0063347744697582,-2.105262180340014e-05
T01653,B1_ALL,BTCUSDT,15m,11,pullback rsi=40,all,maker_both,LONG,2026-07-02 07:30:00+00:00,60138.4,0.0053784465449654,0.00516768006152,-0.00021076648344540028
T01652,GAP25,BTCUSDT,15m,11,pullback rsi=40,all,maker_both,LONG,2026-07-02 00:30:00+00:00,59752.6,0.0063558270915616,0.00516768006152,-0.0011881470300416
T01652,GAP50,BTCUSDT,15m,11,pullback rsi=40,all,maker_both,LONG,2026-07-02 00:30:00+00:00,59752.6,0.0063558270915616,0.00516768006152,-0.0011881470300416
T01654,B1_ALL,BTCUSDT,15m,11,pullback rsi=40,all,maker_both,LONG,2026-07-05 01:45:00+00:00,62836.7,-0.0034331612978542,-0.0033713851681288,6.177612972540006e-05
T01652,GAP0,BTCUSDT,15m,11,pullback rsi=40,all,maker_both,LONG,2026-07-02 00:30:00+00:00,59752.6,0.0063558270915616,-0.0033713851681288,-0.0097272122596904
T01652,GAP10,BTCUSDT,15m,11,pullback rsi=40,all,maker_both,LONG,2026-07-02 00:30:00+00:00,59752.6,0.0063558270915616,-0.0033713851681288,-0.0097272122596904
T01653,GAP25,BTCUSDT,15m,11,pullback rsi=40,all,maker_both,LONG,2026-07-02 07:30:00+00:00,60138.4,0.0053784465449654,-0.0033713851681288,-0.008749831713094201
T01653,GAP50,BTCUSDT,15m,11,pullback rsi=40,all,maker_both,LONG,2026-07-02 07:30:00+00:00,60138.4,0.0053784465449654,-0.0033713851681288,-0.008749831713094201
T01655,B1_ALL,BTCUSDT,15m,11,pullback rsi=40,all,maker_both,LONG,2026-07-06 05:30:00+00:00,62977.4,-0.0042117331865424,-0.0042440529972306,-3.23198106882e-05
T01653,GAP0,BTCUSDT,15m,11,pullback rsi=40,all,maker_both,LONG,2026-07-02 07:30:00+00:00,60138.4,0.0053784465449654,-0.0042440529972306,-0.009622499542196
T01653,GAP10,BTCUSDT,15m,11,pullback rsi=40,all,maker_both,LONG,2026-07-02 07:30:00+00:00,60138.4,0.0053784465449654,-0.0042440529972306,-0.009622499542196
T01654,GAP25,BTCUSDT,15m,11,pullback rsi=40,all,maker_both,LONG,2026-07-05 01:45:00+00:00,62836.7,-0.0034331612978542,-0.0042440529972306,-0.0008108916993763999
T01654,GAP50,BTCUSDT,15m,11,pullback rsi=40,all,maker_both,LONG,2026-07-05 01:45:00+00:00,62836.7,-0.0034331612978542,-0.0042440529972306,-0.0008108916993763999
T01656,B1_ALL,BTCUSDT,15m,11,pullback rsi=40,all,maker_both,LONG,2026-07-07 02:30:00+00:00,63544.1,-0.0046235317821821,-0.0045892646269718,3.4267155210299625e-05
T01654,GAP0,BTCUSDT,15m,11,pullback rsi=40,all,maker_both,LONG,2026-07-05 01:45:00+00:00,62836.7,-0.0034331612978542,-0.0045892646269718,-0.0011561033291175998
T01654,GAP10,BTCUSDT,15m,11,pullback rsi=40,all,maker_both,LONG,2026-07-05 01:45:00+00:00,62836.7,-0.0034331612978542,-0.0045892646269718,-0.0011561033291175998
T01655,GAP25,BTCUSDT,15m,11,pullback rsi=40,all,maker_both,LONG,2026-07-06 05:30:00+00:00,62977.4,-0.0042117331865424,-0.0045892646269718,-0.00037753144042939994
T01655,GAP50,BTCUSDT,15m,11,pullback rsi=40,all,maker_both,LONG,2026-07-06 05:30:00+00:00,62977.4,-0.0042117331865424,-0.0045892646269718,-0.00037753144042939994
T01657,B1_ALL,BTCUSDT,15m,11,pullback rsi=40,all,maker_both,LONG,2026-07-07 03:15:00+00:00,63300.0,-0.0046970996570341,-0.0046133013029708,8.379835406329989e-05
T01656,GAP25,BTCUSDT,15m,11,pullback rsi=40,all,maker_both,LONG,2026-07-07 02:30:00+00:00,63544.1,-0.0046235317821821,-0.0046133013029708,1.0230479211299943e-05
T01656,GAP50,BTCUSDT,15m,11,pullback rsi=40,all,maker_both,LONG,2026-07-07 02:30:00+00:00,63544.1,-0.0046235317821821,-0.0046133013029708,1.0230479211299943e-05
T01658,B1_ALL,BTCUSDT,15m,11,pullback rsi=40,all,maker_both,LONG,2026-07-07 21:45:00+00:00,63376.3,-0.0047463060060541,-0.0046687521223764,7.755388367770063e-05
T01655,GAP0,BTCUSDT,15m,11,pullback rsi=40,all,maker_both,LONG,2026-07-06 05:30:00+00:00,62977.4,-0.0042117331865424,-0.0046687521223764,-0.0004570189358339997
T01655,GAP10,BTCUSDT,15m,11,pullback rsi=40,all,maker_both,LONG,2026-07-06 05:30:00+00:00,62977.4,-0.0042117331865424,-0.0046687521223764,-0.0004570189358339997
T01657,GAP25,BTCUSDT,15m,11,pullback rsi=40,all,maker_both,LONG,2026-07-07 03:15:00+00:00,63300.0,-0.0046970996570341,-0.0046687521223764,2.8347534657699805e-05
T01657,GAP50,BTCUSDT,15m,11,pullback rsi=40,all,maker_both,LONG,2026-07-07 03:15:00+00:00,63300.0,-0.0046970996570341,-0.0046687521223764,2.8347534657699805e-05
T01659,B1_ALL,BTCUSDT,15m,11,pullback rsi=40,all,maker_both,SHORT,2026-07-08 17:30:00+00:00,62278.9,-0.0004690075513557,-0.0010248561016767,-0.000555848550321
T01649,GAP0,BTCUSDT,15m,11,pullback rsi=40,all,maker_both,SHORT,2026-06-26 04:00:00+00:00,60015.0,-0.0075022241963624,-0.0010248561016767,0.0064773680946857
T01649,GAP10,BTCUSDT,15m,11,pullback rsi=40,all,maker_both,SHORT,2026-06-26 04:00:00+00:00,60015.0,-0.0075022241963624,-0.0010248561016767,0.0064773680946857
T01649,GAP25,BTCUSDT,15m,11,pullback rsi=40,all,maker_both,SHORT,2026-06-26 04:00:00+00:00,60015.0,-0.0075022241963624,-0.0010248561016767,0.0064773680946857
T01649,GAP50,BTCUSDT,15m,11,pullback rsi=40,all,maker_both,SHORT,2026-06-26 04:00:00+00:00,60015.0,-0.0075022241963624,-0.0010248561016767,0.0064773680946857
T01660,B1_ALL,BTCUSDT,15m,11,pullback rsi=40,all,maker_both,SHORT,2026-07-09 01:15:00+00:00,62374.7,0.0046425241628093,0.0046749177564077,3.239359359839995e-05
T01650,GAP0,BTCUSDT,15m,11,pullback rsi=40,all,maker_both,SHORT,2026-07-01 02:45:00+00:00,59111.2,-0.0054991265948139,0.0046749177564077,0.0101740443512216
T01650,GAP10,BTCUSDT,15m,11,pullback rsi=40,all,maker_both,SHORT,2026-07-01 02:45:00+00:00,59111.2,-0.0054991265948139,0.0046749177564077,0.0101740443512216
T01650,GAP25,BTCUSDT,15m,11,pullback rsi=40,all,maker_both,SHORT,2026-07-01 02:45:00+00:00,59111.2,-0.0054991265948139,0.0046749177564077,0.0101740443512216
T01650,GAP50,BTCUSDT,15m,11,pullback rsi=40,all,maker_both,SHORT,2026-07-01 02:45:00+00:00,59111.2,-0.0054991265948139,0.0046749177564077,0.0101740443512216
T01661,B1_ALL,BTCUSDT,15m,11,pullback rsi=40,all,maker_both,SHORT,2026-07-09 05:00:00+00:00,62420.4,-0.0041820167996954,-0.0042829187324484,-0.00010090193275299943
T01651,GAP50,BTCUSDT,15m,11,pullback rsi=40,all,maker_both,SHORT,2026-07-01 13:45:00+00:00,58989.1,-0.0047538205041431,-0.0042829187324484,0.00047090177169470046
T01662,B1_ALL,BTCUSDT,15m,11,pullback rsi=40,all,maker_both,LONG,2026-07-10 15:00:00+00:00,63897.9,-0.0045821611441512,-0.0045433036088974,3.8857535253800264e-05
T01656,GAP0,BTCUSDT,15m,11,pullback rsi=40,all,maker_both,LONG,2026-07-07 02:30:00+00:00,63544.1,-0.0046235317821821,-0.0045433036088974,8.022817328469985e-05
T01656,GAP10,BTCUSDT,15m,11,pullback rsi=40,all,maker_both,LONG,2026-07-07 02:30:00+00:00,63544.1,-0.0046235317821821,-0.0045433036088974,8.022817328469985e-05
T01658,GAP25,BTCUSDT,15m,11,pullback rsi=40,all,maker_both,LONG,2026-07-07 21:45:00+00:00,63376.3,-0.0047463060060541,-0.0045433036088974,0.00020300239715670063
T01658,GAP50,BTCUSDT,15m,11,pullback rsi=40,all,maker_both,LONG,2026-07-07 21:45:00+00:00,63376.3,-0.0047463060060541,-0.0045433036088974,0.00020300239715670063
T01663,B1_ALL,BTCUSDT,15m,11,pullback rsi=40,all,maker_both,LONG,2026-07-11 23:00:00+00:00,64169.1,-0.0025746228013653,-0.0026614944481246,-8.687164675929985e-05
T01664,B1_ALL,BTCUSDT,15m,11,pullback rsi=40,all,maker_both,SHORT,2026-07-14 01:00:00+00:00,62520.7,-0.0041405107301941,-0.0040728511695613,6.765956063280003e-05
T01651,GAP0,BTCUSDT,15m,11,pullback rsi=40,all,maker_both,SHORT,2026-07-01 13:45:00+00:00,58989.1,-0.0047538205041431,-0.0040728511695613,0.0006809693345818007
T01651,GAP10,BTCUSDT,15m,11,pullback rsi=40,all,maker_both,SHORT,2026-07-01 13:45:00+00:00,58989.1,-0.0047538205041431,-0.0040728511695613,0.0006809693345818007
T01651,GAP25,BTCUSDT,15m,11,pullback rsi=40,all,maker_both,SHORT,2026-07-01 13:45:00+00:00,58989.1,-0.0047538205041431,-0.0040728511695613,0.0006809693345818007
T01659,GAP50,BTCUSDT,15m,11,pullback rsi=40,all,maker_both,SHORT,2026-07-08 17:30:00+00:00,62278.9,-0.0004690075513557,-0.0040728511695613,-0.0036038436182056
T01665,B1_ALL,BTCUSDT,15m,11,pullback rsi=40,all,maker_both,LONG,2026-07-15 21:45:00+00:00,64781.6,-0.003493830458864,-0.0033765478775389,0.00011728258132509984
T01657,GAP0,BTCUSDT,15m,11,pullback rsi=40,all,maker_both,LONG,2026-07-07 03:15:00+00:00,63300.0,-0.0046970996570341,-0.0033765478775389,0.0013205517794951994
T01657,GAP10,BTCUSDT,15m,11,pullback rsi=40,all,maker_both,LONG,2026-07-07 03:15:00+00:00,63300.0,-0.0046970996570341,-0.0033765478775389,0.0013205517794951994
T01662,GAP25,BTCUSDT,15m,11,pullback rsi=40,all,maker_both,LONG,2026-07-10 15:00:00+00:00,63897.9,-0.0045821611441512,-0.0033765478775389,0.0012056132666122999
T01662,GAP50,BTCUSDT,15m,11,pullback rsi=40,all,maker_both,LONG,2026-07-10 15:00:00+00:00,63897.9,-0.0045821611441512,-0.0033765478775389,0.0012056132666122999
T01666,B1_ALL,BTCUSDT,15m,11,pullback rsi=40,all,maker_both,LONG,2026-07-19 09:30:00+00:00,64556.0,-0.0023274661420339,0.0011472676690676,0.0034747338111015
T01667,B1_ALL,BTCUSDT,15m,11,pullback rsi=40,all,maker_both,LONG,2026-07-19 10:00:00+00:00,64495.2,0.0010745949038416,-0.0023895048173993,-0.0034640997212409
T01658,GAP0,BTCUSDT,15m,11,pullback rsi=40,all,maker_both,LONG,2026-07-07 21:45:00+00:00,63376.3,-0.0047463060060541,-0.0023895048173993,0.0023568011886548005
T01658,GAP10,BTCUSDT,15m,11,pullback rsi=40,all,maker_both,LONG,2026-07-07 21:45:00+00:00,63376.3,-0.0047463060060541,-0.0023895048173993,0.0023568011886548005
T01663,GAP25,BTCUSDT,15m,11,pullback rsi=40,all,maker_both,LONG,2026-07-11 23:00:00+00:00,64169.1,-0.0025746228013653,-0.0023895048173993,0.0001851179839660001
T01663,GAP50,BTCUSDT,15m,11,pullback rsi=40,all,maker_both,LONG,2026-07-11 23:00:00+00:00,64169.1,-0.0025746228013653,-0.0023895048173993,0.0001851179839660001
T01668,B1_ALL,BTCUSDT,15m,11,pullback rsi=40,all,maker_both,LONG,2026-07-21 18:00:00+00:00,66181.1,0.0039560501459626,0.0045464927168387,0.0005904425708760999
T01662,GAP0,BTCUSDT,15m,11,pullback rsi=40,all,maker_both,LONG,2026-07-10 15:00:00+00:00,63897.9,-0.0045821611441512,0.0045464927168387,0.0091286538609899
T01662,GAP10,BTCUSDT,15m,11,pullback rsi=40,all,maker_both,LONG,2026-07-10 15:00:00+00:00,63897.9,-0.0045821611441512,0.0045464927168387,0.0091286538609899
T01665,GAP25,BTCUSDT,15m,11,pullback rsi=40,all,maker_both,LONG,2026-07-15 21:45:00+00:00,64781.6,-0.003493830458864,0.0045464927168387,0.0080403231757027
T01665,GAP50,BTCUSDT,15m,11,pullback rsi=40,all,maker_both,LONG,2026-07-15 21:45:00+00:00,64781.6,-0.003493830458864,0.0045464927168387,0.0080403231757027
T01669,B1_ALL,BTCUSDT,15m,11,pullback rsi=40,all,maker_both,SHORT,2026-07-24 03:15:00+00:00,65293.3,-0.00343503647111,-0.0033874532716683,4.7583199441699614e-05
T01659,GAP10,BTCUSDT,15m,11,pullback rsi=40,all,maker_both,SHORT,2026-07-08 17:30:00+00:00,62278.9,-0.0004690075513557,-0.0033874532716683,-0.0029184457203126003
T01659,GAP25,BTCUSDT,15m,11,pullback rsi=40,all,maker_both,SHORT,2026-07-08 17:30:00+00:00,62278.9,-0.0004690075513557,-0.0033874532716683,-0.0029184457203126003
T01660,GAP50,BTCUSDT,15m,11,pullback rsi=40,all,maker_both,SHORT,2026-07-09 01:15:00+00:00,62374.7,0.0046425241628093,-0.0033874532716683,-0.0080299774344776
T01670,B1_ALL,BTCUSDT,15m,11,pullback rsi=40,all,maker_both,SHORT,2026-07-25 13:00:00+00:00,64088.2,-0.0019902628069881,-0.0019627116999277,2.7551107060400266e-05
T01660,GAP25,BTCUSDT,15m,11,pullback rsi=40,all,maker_both,SHORT,2026-07-09 01:15:00+00:00,62374.7,0.0046425241628093,-0.0019627116999277,-0.006605235862737
T01661,GAP50,BTCUSDT,15m,11,pullback rsi=40,all,maker_both,SHORT,2026-07-09 05:00:00+00:00,62420.4,-0.0041820167996954,-0.0019627116999277,0.0022193050997677006
T01671,B1_ALL,BTCUSDT,15m,11,pullback rsi=40,all,maker_both,SHORT,2026-07-25 14:00:00+00:00,64136.9,-0.0020728442031671,-0.0020892387745932,-1.639457142610032e-05
T01661,GAP25,BTCUSDT,15m,11,pullback rsi=40,all,maker_both,SHORT,2026-07-09 05:00:00+00:00,62420.4,-0.0041820167996954,-0.0020892387745932,0.0020927780251022003
T01664,GAP50,BTCUSDT,15m,11,pullback rsi=40,all,maker_both,SHORT,2026-07-14 01:00:00+00:00,62520.7,-0.0041405107301941,-0.0020892387745932,0.0020512719556008995
T01672,B1_ALL,BTCUSDT,15m,11,pullback rsi=40,all,maker_both,LONG,2026-07-27 12:15:00+00:00,65061.5,-0.002963407975411,-0.00299895288074,-3.55449053289999e-05
T01673,B1_ALL,BTCUSDT,15m,11,pullback rsi=40,all,maker_both,SHORT,2026-07-28 15:30:00+00:00,63722.3,-0.0048232606690677,-0.0048397859362262,-1.6525267158500057e-05
T01674,B1_ALL,BTCUSDT,15m,11,pullback rsi=40,all,maker_both,SHORT,2026-07-28 16:15:00+00:00,63791.9,-0.004744746924379,-0.004671555256029,7.31916683499997e-05
T01660,GAP10,BTCUSDT,15m,11,pullback rsi=40,all,maker_both,SHORT,2026-07-09 01:15:00+00:00,62374.7,0.0046425241628093,-0.004671555256029,-0.0093140794188383
T01664,GAP25,BTCUSDT,15m,11,pullback rsi=40,all,maker_both,SHORT,2026-07-14 01:00:00+00:00,62520.7,-0.0041405107301941,-0.004671555256029,-0.0005310445258349004
T01669,GAP50,BTCUSDT,15m,11,pullback rsi=40,all,maker_both,SHORT,2026-07-24 03:15:00+00:00,65293.3,-0.00343503647111,-0.004671555256029,-0.0012365187849190003
T01675,B1_ALL,BTCUSDT,15m,11,pullback rsi=40,all,maker_both,LONG,2026-07-31 02:15:00+00:00,64461.8,-0.0042828927019202,-0.0042362140361271,4.667866579309999e-05
T01676,B1_ALL,BTCUSDT,15m,11,pullback rsi=40,all,maker_both,SHORT,2026-08-01 05:00:00+00:00,63073.9,-0.0004893393471924,0.0008475570814702,0.0013368964286626
T01670,GAP50,BTCUSDT,15m,11,pullback rsi=40,all,maker_both,SHORT,2026-07-25 13:00:00+00:00,64088.2,-0.0019902628069881,0.0008475570814702,0.0028378198884583
T01677,B1_ALL,BTCUSDT,15m,11,pullback rsi=40,all,maker_both,SHORT,2026-08-02 00:15:00+00:00,62896.0,-0.0025101226612873,-0.0024871015860901,2.302107519720027e-05
T01659,GAP0,BTCUSDT,15m,11,pullback rsi=40,all,maker_both,SHORT,2026-07-08 17:30:00+00:00,62278.9,-0.0004690075513557,-0.0024871015860901,-0.0020180940347344
T01661,GAP10,BTCUSDT,15m,11,pullback rsi=40,all,maker_both,SHORT,2026-07-09 05:00:00+00:00,62420.4,-0.0041820167996954,-0.0024871015860901,0.0016949152136053005
T01669,GAP25,BTCUSDT,15m,11,pullback rsi=40,all,maker_both,SHORT,2026-07-24 03:15:00+00:00,65293.3,-0.00343503647111,-0.0024871015860901,0.0009479348850198999
T01671,GAP50,BTCUSDT,15m,11,pullback rsi=40,all,maker_both,SHORT,2026-07-25 14:00:00+00:00,64136.9,-0.0020728442031671,-0.0024871015860901,-0.00041425738292300007
T01678,B1_ALL,BTCUSDT,15m,11,pullback rsi=40,all,maker_both,SHORT,2026-08-02 01:30:00+00:00,62957.9,-0.002607783415695,-0.0025618019981171,4.5981417577899836e-05
T01673,GAP50,BTCUSDT,15m,11,pullback rsi=40,all,maker_both,SHORT,2026-07-28 15:30:00+00:00,63722.3,-0.0048232606690677,-0.0025618019981171,0.0022614586709506
T01679,B1_ALL,BTCUSDT,15m,11,pullback rsi=40,all,maker_both,SHORT,2026-08-03 13:45:00+00:00,62901.5,-0.003716702886784,-0.0041835028712984,-0.00046679998451440007
T01680,B1_ALL,BTCUSDT,15m,11,pullback rsi=40,all,maker_both,LONG,2026-08-04 00:15:00+00:00,63440.3,-0.0032328774896225,-0.0032211660145708,1.1711475051699987e-05
T01666,GAP25,BTCUSDT,15m,11,pullback rsi=40,all,maker_both,LONG,2026-07-19 09:30:00+00:00,64556.0,-0.0023274661420339,-0.0032211660145708,-0.0008936998725368999
T01666,GAP50,BTCUSDT,15m,11,pullback rsi=40,all,maker_both,LONG,2026-07-19 09:30:00+00:00,64556.0,-0.0023274661420339,-0.0032211660145708,-0.0008936998725368999
T01681,B1_ALL,BTCUSDT,15m,11,pullback rsi=40,all,maker_both,LONG,2026-08-04 09:15:00+00:00,63535.8,-0.0028551503215933,-0.0028281989881961,2.6951333397199923e-05
T01663,GAP0,BTCUSDT,15m,11,pullback rsi=40,all,maker_both,LONG,2026-07-11 23:00:00+00:00,64169.1,-0.0025746228013653,-0.0028281989881961,-0.0002535761868308001
T01663,GAP10,BTCUSDT,15m,11,pullback rsi=40,all,maker_both,LONG,2026-07-11 23:00:00+00:00,64169.1,-0.0025746228013653,-0.0028281989881961,-0.0002535761868308001
T01667,GAP25,BTCUSDT,15m,11,pullback rsi=40,all,maker_both,LONG,2026-07-19 10:00:00+00:00,64495.2,0.0010745949038416,-0.0028281989881961,-0.0039027938920377
T01667,GAP50,BTCUSDT,15m,11,pullback rsi=40,all,maker_both,LONG,2026-07-19 10:00:00+00:00,64495.2,0.0010745949038416,-0.0028281989881961,-0.0039027938920377
T01682,B1_ALL,BTCUSDT,15m,11,pullback rsi=40,all,maker_both,LONG,2026-08-06 01:30:00+00:00,64488.9,0.0021055784727251,-0.0028709942395834,-0.0049765727123085
T01665,GAP0,BTCUSDT,15m,11,pullback rsi=40,all,maker_both,LONG,2026-07-15 21:45:00+00:00,64781.6,-0.003493830458864,-0.0028709942395834,0.0006228362192806001
T01665,GAP10,BTCUSDT,15m,11,pullback rsi=40,all,maker_both,LONG,2026-07-15 21:45:00+00:00,64781.6,-0.003493830458864,-0.0028709942395834,0.0006228362192806001
T01668,GAP25,BTCUSDT,15m,11,pullback rsi=40,all,maker_both,LONG,2026-07-21 18:00:00+00:00,66181.1,0.0039560501459626,-0.0028709942395834,-0.006827044385546
T01668,GAP50,BTCUSDT,15m,11,pullback rsi=40,all,maker_both,LONG,2026-07-21 18:00:00+00:00,66181.1,0.0039560501459626,-0.0028709942395834,-0.006827044385546
T01683,B1_ALL,BTCUSDT,15m,11,pullback rsi=40,all,maker_both,LONG,2026-08-06 10:15:00+00:00,64565.2,-0.0027989851323597,-0.0027971255823254,1.8595500343001128e-06
T01666,GAP0,BTCUSDT,15m,11,pullback rsi=40,all,maker_both,LONG,2026-07-19 09:30:00+00:00,64556.0,-0.0023274661420339,-0.0027971255823254,-0.00046965944029149975
T01666,GAP10,BTCUSDT,15m,11,pullback rsi=40,all,maker_both,LONG,2026-07-19 09:30:00+00:00,64556.0,-0.0023274661420339,-0.0027971255823254,-0.00046965944029149975
T01672,GAP25,BTCUSDT,15m,11,pullback rsi=40,all,maker_both,LONG,2026-07-27 12:15:00+00:00,65061.5,-0.002963407975411,-0.0027971255823254,0.00016628239308560033
T01672,GAP50,BTCUSDT,15m,11,pullback rsi=40,all,maker_both,LONG,2026-07-27 12:15:00+00:00,65061.5,-0.002963407975411,-0.0027971255823254,0.00016628239308560033
T01684,B1_ALL,ETHUSDT,15m,1,donchian n=20 vol=0.0,trend,maker_both,SHORT,2025-04-02 00:45:00+00:00,1893.74,0.00694807016505,0.0076468746378822,0.0006988044728321995
T01684,GAP0,ETHUSDT,15m,1,donchian n=20 vol=0.0,trend,maker_both,SHORT,2025-04-02 00:45:00+00:00,1893.74,0.00694807016505,0.0076468746378822,0.0006988044728321995
T01684,GAP10,ETHUSDT,15m,1,donchian n=20 vol=0.0,trend,maker_both,SHORT,2025-04-02 00:45:00+00:00,1893.74,0.00694807016505,0.0076468746378822,0.0006988044728321995
T01684,GAP25,ETHUSDT,15m,1,donchian n=20 vol=0.0,trend,maker_both,SHORT,2025-04-02 00:45:00+00:00,1893.74,0.00694807016505,0.0076468746378822,0.0006988044728321995
T01684,GAP50,ETHUSDT,15m,1,donchian n=20 vol=0.0,trend,maker_both,SHORT,2025-04-02 00:45:00+00:00,1893.74,0.00694807016505,0.0076468746378822,0.0006988044728321995
T01685,B1_ALL,ETHUSDT,15m,1,donchian n=20 vol=0.0,trend,maker_both,LONG,2025-04-02 20:15:00+00:00,1933.11,-0.0168777019525011,-0.0224686846617323,-0.005590982709231199
T01686,B1_ALL,ETHUSDT,15m,1,donchian n=20 vol=0.0,trend,maker_both,SHORT,2025-04-02 20:45:00+00:00,1870.06,0.0222076289848488,0.0217201050853016,-0.00048752389954720074
T01686,GAP50,ETHUSDT,15m,1,donchian n=20 vol=0.0,trend,maker_both,SHORT,2025-04-02 20:45:00+00:00,1870.06,0.0222076289848488,0.0217201050853016,-0.00048752389954720074
T01687,B1_ALL,ETHUSDT,15m,1,donchian n=20 vol=0.0,trend,maker_both,LONG,2025-04-03 04:45:00+00:00,1841.47,-0.0146123893000938,-0.0145844982984113,2.78910016825e-05
T01688,B1_ALL,ETHUSDT,15m,1,donchian n=20 vol=0.0,trend,maker_both,SHORT,2025-04-03 07:15:00+00:00,1812.34,0.0100923169993319,0.010449564148825,0.00035724714949309996
T01689,B1_ALL,ETHUSDT,15m,1,donchian n=20 vol=0.0,trend,maker_both,LONG,2025-04-03 22:00:00+00:00,1811.5,-0.0133689779304229,-0.0132420693086117,0.00012690862181119998
T01685,GAP50,ETHUSDT,15m,1,donchian n=20 vol=0.0,trend,maker_both,LONG,2025-04-02 20:15:00+00:00,1933.11,-0.0168777019525011,-0.0132420693086117,0.0036356326438894
T01690,B1_ALL,ETHUSDT,15m,1,donchian n=20 vol=0.0,trend,maker_both,LONG,2025-04-04 07:15:00+00:00,1814.78,0.0082899102353298,0.0081397058749664,-0.00015020436036339985
T01685,GAP25,ETHUSDT,15m,1,donchian n=20 vol=0.0,trend,maker_both,LONG,2025-04-02 20:15:00+00:00,1933.11,-0.0168777019525011,0.0081397058749664,0.025017407827467503
T01687,GAP50,ETHUSDT,15m,1,donchian n=20 vol=0.0,trend,maker_both,LONG,2025-04-03 04:45:00+00:00,1841.47,-0.0146123893000938,0.0081397058749664,0.022752095175060202
T01691,B1_ALL,ETHUSDT,15m,1,donchian n=20 vol=0.0,trend,maker_both,SHORT,2025-04-04 10:45:00+00:00,1788.0,0.0102359324741877,0.0104873644672914,0.0002514319931037016
T01686,GAP0,ETHUSDT,15m,1,donchian n=20 vol=0.0,trend,maker_both,SHORT,2025-04-02 20:45:00+00:00,1870.06,0.0222076289848488,0.0104873644672914,-0.011720264517557399
T01686,GAP10,ETHUSDT,15m,1,donchian n=20 vol=0.0,trend,maker_both,SHORT,2025-04-02 20:45:00+00:00,1870.06,0.0222076289848488,0.0104873644672914,-0.011720264517557399
T01686,GAP25,ETHUSDT,15m,1,donchian n=20 vol=0.0,trend,maker_both,SHORT,2025-04-02 20:45:00+00:00,1870.06,0.0222076289848488,0.0104873644672914,-0.011720264517557399
T01688,GAP50,ETHUSDT,15m,1,donchian n=20 vol=0.0,trend,maker_both,SHORT,2025-04-03 07:15:00+00:00,1812.34,0.0100923169993319,0.0104873644672914,0.0003950474679595001
T01692,B1_ALL,ETHUSDT,15m,1,donchian n=20 vol=0.0,trend,maker_both,LONG,2025-04-04 18:00:00+00:00,1820.36,-0.0037108425221417,-0.0010077852858016,0.0027030572363401
T01689,GAP50,ETHUSDT,15m,1,donchian n=20 vol=0.0,trend,maker_both,LONG,2025-04-03 22:00:00+00:00,1811.5,-0.0133689779304229,-0.0010077852858016,0.0123611926446213
T01693,B1_ALL,ETHUSDT,15m,1,donchian n=20 vol=0.0,trend,maker_both,LONG,2025-04-06 00:00:00+00:00,1805.15,0.0016352084081826,0.0057281569694765,0.004092948561293899
T01690,GAP50,ETHUSDT,15m,1,donchian n=20 vol=0.0,trend,maker_both,LONG,2025-04-04 07:15:00+00:00,1814.78,0.0082899102353298,0.0057281569694765,-0.0025617532658533003
T01694,B1_ALL,ETHUSDT,15m,1,donchian n=20 vol=0.0,trend,maker_both,SHORT,2025-04-06 13:00:00+00:00,1777.19,0.0047767075004102,0.0048333837529855,5.667625257529951e-05
T01688,GAP25,ETHUSDT,15m,1,donchian n=20 vol=0.0,trend,maker_both,SHORT,2025-04-03 07:15:00+00:00,1812.34,0.0100923169993319,0.0048333837529855,-0.005258933246346401
T01691,GAP50,ETHUSDT,15m,1,donchian n=20 vol=0.0,trend,maker_both,SHORT,2025-04-04 10:45:00+00:00,1788.0,0.0102359324741877,0.0048333837529855,-0.0054025487212022
T01695,B1_ALL,ETHUSDT,15m,1,donchian n=20 vol=0.0,trend,maker_both,SHORT,2025-04-06 14:00:00+00:00,1747.57,-0.0106435194521262,0.0088129656556791,0.019456485107805302
T01696,B1_ALL,ETHUSDT,15m,1,donchian n=20 vol=0.0,trend,maker_both,SHORT,2025-04-06 17:00:00+00:00,1730.25,0.011791065711355,0.0123887848341396,0.0005977191227845985
T01688,GAP0,ETHUSDT,15m,1,donchian n=20 vol=0.0,trend,maker_both,SHORT,2025-04-03 07:15:00+00:00,1812.34,0.0100923169993319,0.0123887848341396,0.0022964678348076986
T01688,GAP10,ETHUSDT,15m,1,donchian n=20 vol=0.0,trend,maker_both,SHORT,2025-04-03 07:15:00+00:00,1812.34,0.0100923169993319,0.0123887848341396,0.0022964678348076986
T01691,GAP25,ETHUSDT,15m,1,donchian n=20 vol=0.0,trend,maker_both,SHORT,2025-04-04 10:45:00+00:00,1788.0,0.0102359324741877,0.0123887848341396,0.0021528523599519
T01694,GAP50,ETHUSDT,15m,1,donchian n=20 vol=0.0,trend,maker_both,SHORT,2025-04-06 13:00:00+00:00,1777.19,0.0047767075004102,0.0123887848341396,0.007612077333729399
T01697,B1_ALL,ETHUSDT,15m,1,donchian n=20 vol=0.0,trend,maker_both,LONG,2025-04-09 18:15:00+00:00,1665.32,-0.0058742796667833,-0.0037868461154818,0.0020874335513015
T01692,GAP50,ETHUSDT,15m,1,donchian n=20 vol=0.0,trend,maker_both,LONG,2025-04-04 18:00:00+00:00,1820.36,-0.0037108425221417,-0.0037868461154818,-7.600359334009998e-05
T01698,B1_ALL,ETHUSDT,15m,1,donchian n=20 vol=0.0,trend,maker_both,LONG,2025-04-12 14:30:00+00:00,1656.36,-0.0162838921898811,-0.0166030770833532,-0.0003191848934720985
T01687,GAP25,ETHUSDT,15m,1,donchian n=20 vol=0.0,trend,maker_both,LONG,2025-04-03 04:45:00+00:00,1841.47,-0.0146123893000938,-0.0166030770833532,-0.0019906877832593997
T01693,GAP50,ETHUSDT,15m,1,donchian n=20 vol=0.0,trend,maker_both,LONG,2025-04-06 00:00:00+00:00,1805.15,0.0016352084081826,-0.0166030770833532,-0.0182382854915358
T01699,B1_ALL,ETHUSDT,15m,1,donchian n=20 vol=0.0,trend,maker_both,SHORT,2025-04-13 02:00:00+00:00,1616.24,0.0111106942993625,0.0107958716865886,-0.00031482261277389866
T01691,GAP10,ETHUSDT,15m,1,donchian n=20 vol=0.0,trend,maker_both,SHORT,2025-04-04 10:45:00+00:00,1788.0,0.0102359324741877,0.0107958716865886,0.0005599392124009013
T01694,GAP25,ETHUSDT,15m,1,donchian n=20 vol=0.0,trend,maker_both,SHORT,2025-04-06 13:00:00+00:00,1777.19,0.0047767075004102,0.0107958716865886,0.0060191641861784
T01695,GAP50,ETHUSDT,15m,1,donchian n=20 vol=0.0,trend,maker_both,SHORT,2025-04-06 14:00:00+00:00,1747.57,-0.0106435194521262,0.0107958716865886,0.0214393911387148
T01700,B1_ALL,ETHUSDT,15m,1,donchian n=20 vol=0.0,trend,maker_both,LONG,2025-04-14 09:15:00+00:00,1642.69,0.0101291771156061,0.0103851053399107,0.00025592822430459995
T01701,B1_ALL,ETHUSDT,15m,1,donchian n=20 vol=0.0,trend,maker_both,LONG,2025-04-14 10:45:00+00:00,1678.4,-0.0147203972038667,-0.0147190515697894,1.3456340772991654e-06
T01685,GAP0,ETHUSDT,15m,1,donchian n=20 vol=0.0,trend,maker_both,LONG,2025-04-02 20:15:00+00:00,1933.11,-0.0168777019525011,-0.0147190515697894,0.0021586503827117007
T01685,GAP10,ETHUSDT,15m,1,donchian n=20 vol=0.0,trend,maker_both,LONG,2025-04-02 20:15:00+00:00,1933.11,-0.0168777019525011,-0.0147190515697894,0.0021586503827117007
T01689,GAP25,ETHUSDT,15m,1,donchian n=20 vol=0.0,trend,maker_both,LONG,2025-04-03 22:00:00+00:00,1811.5,-0.0133689779304229,-0.0147190515697894,-0.0013500736393664992
T01697,GAP50,ETHUSDT,15m,1,donchian n=20 vol=0.0,trend,maker_both,LONG,2025-04-09 18:15:00+00:00,1665.32,-0.0058742796667833,-0.0147190515697894,-0.0088447719030061
T01702,B1_ALL,ETHUSDT,15m,1,donchian n=20 vol=0.0,trend,maker_both,SHORT,2025-04-14 15:45:00+00:00,1636.14,0.016294961971165,0.0005653178089518,-0.0157296441622132
T01691,GAP0,ETHUSDT,15m,1,donchian n=20 vol=0.0,trend,maker_both,SHORT,2025-04-04 10:45:00+00:00,1788.0,0.0102359324741877,0.0005653178089518,-0.009670614665235899
T01694,GAP10,ETHUSDT,15m,1,donchian n=20 vol=0.0,trend,maker_both,SHORT,2025-04-06 13:00:00+00:00,1777.19,0.0047767075004102,0.0005653178089518,-0.0042113896914584
T01695,GAP25,ETHUSDT,15m,1,donchian n=20 vol=0.0,trend,maker_both,SHORT,2025-04-06 14:00:00+00:00,1747.57,-0.0106435194521262,0.0005653178089518,0.011208837261078
T01696,GAP50,ETHUSDT,15m,1,donchian n=20 vol=0.0,trend,maker_both,SHORT,2025-04-06 17:00:00+00:00,1730.25,0.011791065711355,0.0005653178089518,-0.0112257479024032
T01703,B1_ALL,ETHUSDT,15m,1,donchian n=20 vol=0.0,trend,maker_both,LONG,2025-04-15 03:45:00+00:00,1638.69,-0.0004092666729641,0.0051483438511005,0.0055576105240646
T01690,GAP25,ETHUSDT,15m,1,donchian n=20 vol=0.0,trend,maker_both,LONG,2025-04-04 07:15:00+00:00,1814.78,0.0082899102353298,0.0051483438511005,-0.0031415663842293004
T01698,GAP50,ETHUSDT,15m,1,donchian n=20 vol=0.0,trend,maker_both,LONG,2025-04-12 14:30:00+00:00,1656.36,-0.0162838921898811,0.0051483438511005,0.0214322360409816
T01704,B1_ALL,ETHUSDT,15m,1,donchian n=20 vol=0.0,trend,maker_both,SHORT,2025-04-15 10:45:00+00:00,1628.63,-0.0107642445854851,-0.0106587790725446,0.00010546551294049987
T01699,GAP50,ETHUSDT,15m,1,donchian n=20 vol=0.0,trend,maker_both,SHORT,2025-04-13 02:00:00+00:00,1616.24,0.0111106942993625,-0.0106587790725446,-0.0217694733719071
T01705,B1_ALL,ETHUSDT,15m,1,donchian n=20 vol=0.0,trend,maker_both,SHORT,2025-04-15 14:30:00+00:00,1611.67,0.0004834482311492,0.0148051623808275,0.0143217141496783
T01706,B1_ALL,ETHUSDT,15m,1,donchian n=20 vol=0.0,trend,maker_both,SHORT,2025-04-16 05:30:00+00:00,1565.67,-0.0092495663186481,-0.0076630842120244,0.0015864821066236996
T01707,B1_ALL,ETHUSDT,15m,1,donchian n=20 vol=0.0,trend,maker_both,LONG,2025-04-16 14:45:00+00:00,1594.22,0.0100457711991662,0.0103663172448663,0.00032054604570010137
T01700,GAP50,ETHUSDT,15m,1,donchian n=20 vol=0.0,trend,maker_both,LONG,2025-04-14 09:15:00+00:00,1642.69,0.0101291771156061,0.0103663172448663,0.00023714012926020003
T01708,B1_ALL,ETHUSDT,15m,1,donchian n=20 vol=0.0,trend,maker_both,SHORT,2025-04-16 18:00:00+00:00,1545.02,-0.0205098296942954,-0.0077807769558126,0.0127290527384828
T01709,B1_ALL,ETHUSDT,15m,1,donchian n=20 vol=0.0,trend,maker_both,LONG,2025-04-17 05:45:00+00:00,1599.91,-0.0044991751068581,-0.004915257869865,-0.00041608276300689976
T01692,GAP25,ETHUSDT,15m,1,donchian n=20 vol=0.0,trend,maker_both,LONG,2025-04-04 18:00:00+00:00,1820.36,-0.0037108425221417,-0.004915257869865,-0.0012044153477232997
T01701,GAP50,ETHUSDT,15m,1,donchian n=20 vol=0.0,trend,maker_both,LONG,2025-04-14 10:45:00+00:00,1678.4,-0.0147203972038667,-0.004915257869865,0.009805139334001699
T01710,B1_ALL,ETHUSDT,15m,1,donchian n=20 vol=0.0,trend,maker_both,LONG,2025-04-17 16:30:00+00:00,1604.36,-0.0133851757698288,-0.0141221895694089,-0.0007370137995801
T01703,GAP50,ETHUSDT,15m,1,donchian n=20 vol=0.0,trend,maker_both,LONG,2025-04-15 03:45:00+00:00,1638.69,-0.0004092666729641,-0.0141221895694089,-0.013712922896444801
T01711,B1_ALL,ETHUSDT,15m,1,donchian n=20 vol=0.0,trend,maker_both,SHORT,2025-04-18 05:30:00+00:00,1573.99,-0.0078318832198022,-0.0078224375509142,9.44566888800083e-06
T01712,B1_ALL,ETHUSDT,15m,1,donchian n=20 vol=0.0,trend,maker_both,LONG,2025-04-18 08:15:00+00:00,1586.4,0.0044846635462393,-0.0014824830949479,-0.0059671466411872
T01687,GAP0,ETHUSDT,15m,1,donchian n=20 vol=0.0,trend,maker_both,LONG,2025-04-03 04:45:00+00:00,1841.47,-0.0146123893000938,-0.0014824830949479,0.0131299062051459
T01687,GAP10,ETHUSDT,15m,1,donchian n=20 vol=0.0,trend,maker_both,LONG,2025-04-03 04:45:00+00:00,1841.47,-0.0146123893000938,-0.0014824830949479,0.0131299062051459
T01693,GAP25,ETHUSDT,15m,1,donchian n=20 vol=0.0,trend,maker_both,LONG,2025-04-06 00:00:00+00:00,1805.15,0.0016352084081826,-0.0014824830949479,-0.0031176915031305
T01707,GAP50,ETHUSDT,15m,1,donchian n=20 vol=0.0,trend,maker_both,LONG,2025-04-16 14:45:00+00:00,1594.22,0.0100457711991662,-0.0014824830949479,-0.0115282542941141
T01713,B1_ALL,ETHUSDT,15m,1,donchian n=20 vol=0.0,trend,maker_both,SHORT,2025-04-20 06:30:00+00:00,1607.46,0.0032749355501314,0.0033712912946656,9.635574453419971e-05
T01694,GAP0,ETHUSDT,15m,1,donchian n=20 vol=0.0,trend,maker_both,SHORT,2025-04-06 13:00:00+00:00,1777.19,0.0047767075004102,0.0033712912946656,-0.0014054162057446002
T01695,GAP10,ETHUSDT,15m,1,donchian n=20 vol=0.0,trend,maker_both,SHORT,2025-04-06 14:00:00+00:00,1747.57,-0.0106435194521262,0.0033712912946656,0.0140148107467918
T01696,GAP25,ETHUSDT,15m,1,donchian n=20 vol=0.0,trend,maker_both,SHORT,2025-04-06 17:00:00+00:00,1730.25,0.011791065711355,0.0033712912946656,-0.008419774416689401
T01702,GAP50,ETHUSDT,15m,1,donchian n=20 vol=0.0,trend,maker_both,SHORT,2025-04-14 15:45:00+00:00,1636.14,0.016294961971165,0.0033712912946656,-0.0129236706764994
T01714,B1_ALL,ETHUSDT,15m,1,donchian n=20 vol=0.0,trend,maker_both,LONG,2025-04-20 20:00:00+00:00,1585.34,0.0034032073526694,0.003858936373373,0.00045572902070360006
T01689,GAP0,ETHUSDT,15m,1,donchian n=20 vol=0.0,trend,maker_both,LONG,2025-04-03 22:00:00+00:00,1811.5,-0.0133689779304229,0.003858936373373,0.017227914303795902
T01689,GAP10,ETHUSDT,15m,1,donchian n=20 vol=0.0,trend,maker_both,LONG,2025-04-03 22:00:00+00:00,1811.5,-0.0133689779304229,0.003858936373373,0.017227914303795902
T01697,GAP25,ETHUSDT,15m,1,donchian n=20 vol=0.0,trend,maker_both,LONG,2025-04-09 18:15:00+00:00,1665.32,-0.0058742796667833,0.003858936373373,0.0097332160401563
T01709,GAP50,ETHUSDT,15m,1,donchian n=20 vol=0.0,trend,maker_both,LONG,2025-04-17 05:45:00+00:00,1599.91,-0.0044991751068581,0.003858936373373,0.0083581114802311
T01715,B1_ALL,ETHUSDT,15m,1,donchian n=20 vol=0.0,trend,maker_both,LONG,2025-04-21 00:30:00+00:00,1608.96,0.0063048080126338,0.0069520399027881,0.0006472318901542999
T01690,GAP0,ETHUSDT,15m,1,donchian n=20 vol=0.0,trend,maker_both,LONG,2025-04-04 07:15:00+00:00,1814.78,0.0082899102353298,0.0069520399027881,-0.0013378703325417005
T01690,GAP10,ETHUSDT,15m,1,donchian n=20 vol=0.0,trend,maker_both,LONG,2025-04-04 07:15:00+00:00,1814.78,0.0082899102353298,0.0069520399027881,-0.0013378703325417005
T01698,GAP25,ETHUSDT,15m,1,donchian n=20 vol=0.0,trend,maker_both,LONG,2025-04-12 14:30:00+00:00,1656.36,-0.0162838921898811,0.0069520399027881,0.0232359320926692
T01710,GAP50,ETHUSDT,15m,1,donchian n=20 vol=0.0,trend,maker_both,LONG,2025-04-17 16:30:00+00:00,1604.36,-0.0133851757698288,0.0069520399027881,0.0203372156726169
T01716,B1_ALL,ETHUSDT,15m,1,donchian n=20 vol=0.0,trend,maker_both,LONG,2025-04-21 06:00:00+00:00,1647.53,-0.0110226038071724,-0.0107312170155616,0.0002913867916108006
T01692,GAP0,ETHUSDT,15m,1,donchian n=20 vol=0.0,trend,maker_both,LONG,2025-04-04 18:00:00+00:00,1820.36,-0.0037108425221417,-0.0107312170155616,-0.0070203744934199
T01692,GAP10,ETHUSDT,15m,1,donchian n=20 vol=0.0,trend,maker_both,LONG,2025-04-04 18:00:00+00:00,1820.36,-0.0037108425221417,-0.0107312170155616,-0.0070203744934199
T01700,GAP25,ETHUSDT,15m,1,donchian n=20 vol=0.0,trend,maker_both,LONG,2025-04-14 09:15:00+00:00,1642.69,0.0101291771156061,-0.0107312170155616,-0.0208603941311677
T01712,GAP50,ETHUSDT,15m,1,donchian n=20 vol=0.0,trend,maker_both,LONG,2025-04-18 08:15:00+00:00,1586.4,0.0044846635462393,-0.0107312170155616,-0.0152158805618009
T01717,B1_ALL,ETHUSDT,15m,1,donchian n=20 vol=0.0,trend,maker_both,SHORT,2025-04-21 11:30:00+00:00,1623.83,0.006988247113934,0.0066966566640126,-0.00029159044992140004
T01699,GAP25,ETHUSDT,15m,1,donchian n=20 vol=0.0,trend,maker_both,SHORT,2025-04-13 02:00:00+00:00,1616.24,0.0111106942993625,0.0066966566640126,-0.004414037635349899
T01704,GAP50,ETHUSDT,15m,1,donchian n=20 vol=0.0,trend,maker_both,SHORT,2025-04-15 10:45:00+00:00,1628.63,-0.0107642445854851,0.0066966566640126,0.0174609012494977
T01718,B1_ALL,ETHUSDT,15m,1,donchian n=20 vol=0.0,trend,maker_both,SHORT,2025-04-21 17:00:00+00:00,1588.88,0.0117189115008985,0.0125924654651637,0.0008735539642651998
T01695,GAP0,ETHUSDT,15m,1,donchian n=20 vol=0.0,trend,maker_both,SHORT,2025-04-06 14:00:00+00:00,1747.57,-0.0106435194521262,0.0125924654651637,0.023235984917289898
T01696,GAP10,ETHUSDT,15m,1,donchian n=20 vol=0.0,trend,maker_both,SHORT,2025-04-06 17:00:00+00:00,1730.25,0.011791065711355,0.0125924654651637,0.000801399753808699
T01702,GAP25,ETHUSDT,15m,1,donchian n=20 vol=0.0,trend,maker_both,SHORT,2025-04-14 15:45:00+00:00,1636.14,0.016294961971165,0.0125924654651637,-0.0037024965060012995
T01705,GAP50,ETHUSDT,15m,1,donchian n=20 vol=0.0,trend,maker_both,SHORT,2025-04-15 14:30:00+00:00,1611.67,0.0004834482311492,0.0125924654651637,0.0121090172340145
T01719,B1_ALL,ETHUSDT,15m,1,donchian n=20 vol=0.0,trend,maker_both,SHORT,2025-04-22 00:45:00+00:00,1560.33,-0.0119458105049934,-0.0124829760457618,-0.0005371655407683997
T01720,B1_ALL,ETHUSDT,15m,1,donchian n=20 vol=0.0,trend,maker_both,LONG,2025-04-22 07:30:00+00:00,1590.0,0.0070637435349311,0.0093437830626271,0.002280039527695999
T01693,GAP0,ETHUSDT,15m,1,donchian n=20 vol=0.0,trend,maker_both,LONG,2025-04-06 00:00:00+00:00,1805.15,0.0016352084081826,0.0093437830626271,0.0077085746544445
T01693,GAP10,ETHUSDT,15m,1,donchian n=20 vol=0.0,trend,maker_both,LONG,2025-04-06 00:00:00+00:00,1805.15,0.0016352084081826,0.0093437830626271,0.0077085746544445
T01701,GAP25,ETHUSDT,15m,1,donchian n=20 vol=0.0,trend,maker_both,LONG,2025-04-14 10:45:00+00:00,1678.4,-0.0147203972038667,0.0093437830626271,0.024064180266493797
T01714,GAP50,ETHUSDT,15m,1,donchian n=20 vol=0.0,trend,maker_both,LONG,2025-04-20 20:00:00+00:00,1585.34,0.0034032073526694,0.0093437830626271,0.005940575709957699
T01721,B1_ALL,ETHUSDT,15m,1,donchian n=20 vol=0.0,trend,maker_both,LONG,2025-04-22 14:45:00+00:00,1669.02,0.0133841008535086,0.0139950926134756,0.0006109917599670008
T01697,GAP0,ETHUSDT,15m,1,donchian n=20 vol=0.0,trend,maker_both,LONG,2025-04-09 18:15:00+00:00,1665.32,-0.0058742796667833,0.0139950926134756,0.019869372280258903
T01697,GAP10,ETHUSDT,15m,1,donchian n=20 vol=0.0,trend,maker_both,LONG,2025-04-09 18:15:00+00:00,1665.32,-0.0058742796667833,0.0139950926134756,0.019869372280258903
T01703,GAP25,ETHUSDT,15m,1,donchian n=20 vol=0.0,trend,maker_both,LONG,2025-04-15 03:45:00+00:00,1638.69,-0.0004092666729641,0.0139950926134756,0.0144043592864397
T01715,GAP50,ETHUSDT,15m,1,donchian n=20 vol=0.0,trend,maker_both,LONG,2025-04-21 00:30:00+00:00,1608.96,0.0063048080126338,0.0139950926134756,0.007690284600841801
T01722,B1_ALL,ETHUSDT,15m,1,donchian n=20 vol=0.0,trend,maker_both,SHORT,2025-04-27 05:30:00+00:00,1793.1,-0.0116633037397818,-0.0113802039374799,0.00028309980230190046
T01704,GAP25,ETHUSDT,15m,1,donchian n=20 vol=0.0,trend,maker_both,SHORT,2025-04-15 10:45:00+00:00,1628.63,-0.0107642445854851,-0.0113802039374799,-0.0006159593519947989
T01706,GAP50,ETHUSDT,15m,1,donchian n=20 vol=0.0,trend,maker_both,SHORT,2025-04-16 05:30:00+00:00,1565.67,-0.0092495663186481,-0.0113802039374799,-0.0021306376188317995
T01723,B1_ALL,ETHUSDT,15m,1,donchian n=20 vol=0.0,trend,maker_both,SHORT,2025-04-27 13:00:00+00:00,1795.23,0.0056846292451188,-0.0090712618539227,-0.0147558910990415
T01696,GAP0,ETHUSDT,15m,1,donchian n=20 vol=0.0,trend,maker_both,SHORT,2025-04-06 17:00:00+00:00,1730.25,0.011791065711355,-0.0090712618539227,-0.0208623275652777
T01699,GAP10,ETHUSDT,15m,1,donchian n=20 vol=0.0,trend,maker_both,SHORT,2025-04-13 02:00:00+00:00,1616.24,0.0111106942993625,-0.0090712618539227,-0.020181956153285198
T01705,GAP25,ETHUSDT,15m,1,donchian n=20 vol=0.0,trend,maker_both,SHORT,2025-04-15 14:30:00+00:00,1611.67,0.0004834482311492,-0.0090712618539227,-0.0095547100850719
T01708,GAP50,ETHUSDT,15m,1,donchian n=20 vol=0.0,trend,maker_both,SHORT,2025-04-16 18:00:00+00:00,1545.02,-0.0205098296942954,-0.0090712618539227,0.011438567840372699
T01724,B1_ALL,ETHUSDT,15m,1,donchian n=20 vol=0.0,trend,maker_both,SHORT,2025-04-29 13:30:00+00:00,1812.82,-0.0109749435352419,-0.0038825913017351,0.0070923522335068
T01706,GAP25,ETHUSDT,15m,1,donchian n=20 vol=0.0,trend,maker_both,SHORT,2025-04-16 05:30:00+00:00,1565.67,-0.0092495663186481,-0.0038825913017351,0.005366975016913
T01711,GAP50,ETHUSDT,15m,1,donchian n=20 vol=0.0,trend,maker_both,SHORT,2025-04-18 05:30:00+00:00,1573.99,-0.0078318832198022,-0.0038825913017351,0.0039492919180671
T01725,B1_ALL,ETHUSDT,15m,1,donchian n=20 vol=0.0,trend,maker_both,SHORT,2025-04-29 21:30:00+00:00,1795.25,-0.0104868180210604,0.0081486741075885,0.0186354921286489
T01713,GAP50,ETHUSDT,15m,1,donchian n=20 vol=0.0,trend,maker_both,SHORT,2025-04-20 06:30:00+00:00,1607.46,0.0032749355501314,0.0081486741075885,0.0048737385574571
T01726,B1_ALL,ETHUSDT,15m,1,donchian n=20 vol=0.0,trend,maker_both,LONG,2025-05-01 15:15:00+00:00,1869.91,-0.0133308970944439,-0.0135138442070672,-0.0001829471126233006
T01727,B1_ALL,ETHUSDT,15m,1,donchian n=20 vol=0.0,trend,maker_both,SHORT,2025-05-01 23:15:00+00:00,1835.21,-0.0089637018299264,-0.0008645550611933,0.0080991467687331
T01717,GAP50,ETHUSDT,15m,1,donchian n=20 vol=0.0,trend,maker_both,SHORT,2025-04-21 11:30:00+00:00,1623.83,0.006988247113934,-0.0008645550611933,-0.0078528021751273
T01728,B1_ALL,ETHUSDT,15m,1,donchian n=20 vol=0.0,trend,maker_both,SHORT,2025-05-02 06:00:00+00:00,1831.06,0.0053091032174551,0.0052784640470712,-3.063917038389954e-05
T01708,GAP25,ETHUSDT,15m,1,donchian n=20 vol=0.0,trend,maker_both,SHORT,2025-04-16 18:00:00+00:00,1545.02,-0.0205098296942954,0.0052784640470712,0.0257882937413666
T01718,GAP50,ETHUSDT,15m,1,donchian n=20 vol=0.0,trend,maker_both,SHORT,2025-04-21 17:00:00+00:00,1588.88,0.0117189115008985,0.0052784640470712,-0.0064404474538273
T01729,B1_ALL,ETHUSDT,15m,1,donchian n=20 vol=0.0,trend,maker_both,LONG,2025-05-02 16:15:00+00:00,1860.91,-0.0118301553774786,-0.0119966948940182,-0.00016653951653959956
T01716,GAP50,ETHUSDT,15m,1,donchian n=20 vol=0.0,trend,maker_both,LONG,2025-04-21 06:00:00+00:00,1647.53,-0.0110226038071724,-0.0119966948940182,-0.0009740910868457995
T01730,B1_ALL,ETHUSDT,15m,1,donchian n=20 vol=0.0,trend,maker_both,SHORT,2025-05-03 01:45:00+00:00,1827.78,-0.0070953043337699,-0.0068375155017146,0.0002577888320552998
T01702,GAP10,ETHUSDT,15m,1,donchian n=20 vol=0.0,trend,maker_both,SHORT,2025-04-14 15:45:00+00:00,1636.14,0.016294961971165,-0.0068375155017146,-0.0231324774728796
T01711,GAP25,ETHUSDT,15m,1,donchian n=20 vol=0.0,trend,maker_both,SHORT,2025-04-18 05:30:00+00:00,1573.99,-0.0078318832198022,-0.0068375155017146,0.0009943677180876001
T01719,GAP50,ETHUSDT,15m,1,donchian n=20 vol=0.0,trend,maker_both,SHORT,2025-04-22 00:45:00+00:00,1560.33,-0.0119458105049934,-0.0068375155017146,0.0051082950032788005
T01731,B1_ALL,ETHUSDT,15m,1,donchian n=20 vol=0.0,trend,maker_both,SHORT,2025-05-03 06:30:00+00:00,1824.9,0.0030918052414564,0.0031821615735024,9.035633204599984e-05
T01732,B1_ALL,ETHUSDT,15m,1,donchian n=20 vol=0.0,trend,maker_both,SHORT,2025-05-06 02:30:00+00:00,1795.59,-0.0001628871291955,-0.0015723604131423,-0.0014094732839468
T01722,GAP50,ETHUSDT,15m,1,donchian n=20 vol=0.0,trend,maker_both,SHORT,2025-04-27 05:30:00+00:00,1793.1,-0.0116633037397818,-0.0015723604131423,0.0100909433266395
T01733,B1_ALL,ETHUSDT,15m,1,donchian n=20 vol=0.0,trend,maker_both,SHORT,2025-05-06 11:00:00+00:00,1784.22,0.0050639556573327,0.0051542801315479,9.032447421520023e-05
T01734,B1_ALL,ETHUSDT,15m,1,donchian n=20 vol=0.0,trend,maker_both,LONG,2025-05-06 19:00:00+00:00,1789.04,-0.010451227386473,-0.0109700297001064,-0.0005188023136333993
T01720,GAP50,ETHUSDT,15m,1,donchian n=20 vol=0.0,trend,maker_both,LONG,2025-04-22 07:30:00+00:00,1590.0,0.0070637435349311,-0.0109700297001064,-0.0180337732350375
T01735,B1_ALL,ETHUSDT,15m,1,donchian n=20 vol=0.0,trend,maker_both,LONG,2025-05-06 22:30:00+00:00,1799.91,0.0094827370701245,0.0094779134464492,-4.823623675299926e-06
T01698,GAP0,ETHUSDT,15m,1,donchian n=20 vol=0.0,trend,maker_both,LONG,2025-04-12 14:30:00+00:00,1656.36,-0.0162838921898811,0.0094779134464492,0.0257618056363303
T01698,GAP10,ETHUSDT,15m,1,donchian n=20 vol=0.0,trend,maker_both,LONG,2025-04-12 14:30:00+00:00,1656.36,-0.0162838921898811,0.0094779134464492,0.0257618056363303
T01707,GAP25,ETHUSDT,15m,1,donchian n=20 vol=0.0,trend,maker_both,LONG,2025-04-16 14:45:00+00:00,1594.22,0.0100457711991662,0.0094779134464492,-0.0005678577527169996
T01721,GAP50,ETHUSDT,15m,1,donchian n=20 vol=0.0,trend,maker_both,LONG,2025-04-22 14:45:00+00:00,1669.02,0.0133841008535086,0.0094779134464492,-0.0039061874070594003
T01736,B1_ALL,ETHUSDT,15m,1,donchian n=20 vol=0.0,trend,maker_both,SHORT,2025-05-07 12:30:00+00:00,1828.75,0.0047949272344657,0.0047531950254983,-4.173220896740073e-05
T01699,GAP0,ETHUSDT,15m,1,donchian n=20 vol=0.0,trend,maker_both,SHORT,2025-04-13 02:00:00+00:00,1616.24,0.0111106942993625,0.0047531950254983,-0.0063574992738641995
T01704,GAP10,ETHUSDT,15m,1,donchian n=20 vol=0.0,trend,maker_both,SHORT,2025-04-15 10:45:00+00:00,1628.63,-0.0107642445854851,0.0047531950254983,0.0155174396109834
T01713,GAP25,ETHUSDT,15m,1,donchian n=20 vol=0.0,trend,maker_both,SHORT,2025-04-20 06:30:00+00:00,1607.46,0.0032749355501314,0.0047531950254983,0.0014782594753668995
T01723,GAP50,ETHUSDT,15m,1,donchian n=20 vol=0.0,trend,maker_both,SHORT,2025-04-27 13:00:00+00:00,1795.23,0.0056846292451188,0.0047531950254983,-0.0009314342196205007
T01737,B1_ALL,ETHUSDT,15m,1,donchian n=20 vol=0.0,trend,maker_both,SHORT,2025-05-07 16:30:00+00:00,1803.44,0.0064835890931479,0.0065780352725927,9.444617944479993e-05
T01724,GAP50,ETHUSDT,15m,1,donchian n=20 vol=0.0,trend,maker_both,SHORT,2025-04-29 13:30:00+00:00,1812.82,-0.0109749435352419,0.0065780352725927,0.0175529788078346
T01738,B1_ALL,ETHUSDT,15m,2,breakout n=20,trend,maker_tp,SHORT,2025-05-18 20:15:00+00:00,2377.4733255,-0.0240834616815004,-0.0234894726400197,0.0005939890414807004
T01738,GAP10,ETHUSDT,15m,2,breakout n=20,trend,maker_tp,SHORT,2025-05-18 20:15:00+00:00,2377.4733255,-0.0240834616815004,-0.0234894726400197,0.0005939890414807004
T01738,GAP25,ETHUSDT,15m,2,breakout n=20,trend,maker_tp,SHORT,2025-05-18 20:15:00+00:00,2377.4733255,-0.0240834616815004,-0.0234894726400197,0.0005939890414807004
T01738,GAP50,ETHUSDT,15m,2,breakout n=20,trend,maker_tp,SHORT,2025-05-18 20:15:00+00:00,2377.4733255,-0.0240834616815004,-0.0234894726400197,0.0005939890414807004
T01739,B1_ALL,ETHUSDT,15m,2,breakout n=20,trend,maker_tp,LONG,2025-05-19 00:00:00+00:00,2480.111961,-0.0232798439410991,-0.0240501065632717,-0.0007702626221725989
T01739,GAP10,ETHUSDT,15m,2,breakout n=20,trend,maker_tp,LONG,2025-05-19 00:00:00+00:00,2480.111961,-0.0232798439410991,-0.0240501065632717,-0.0007702626221725989
T01739,GAP25,ETHUSDT,15m,2,breakout n=20,trend,maker_tp,LONG,2025-05-19 00:00:00+00:00,2480.111961,-0.0232798439410991,-0.0240501065632717,-0.0007702626221725989
T01739,GAP50,ETHUSDT,15m,2,breakout n=20,trend,maker_tp,LONG,2025-05-19 00:00:00+00:00,2480.111961,-0.0232798439410991,-0.0240501065632717,-0.0007702626221725989
T01740,B1_ALL,ETHUSDT,15m,2,breakout n=20,trend,maker_tp,SHORT,2025-05-20 19:00:00+00:00,2465.2801525,-0.0148326372395394,-0.0150597077188785,-0.00022707047933910075
T01740,GAP10,ETHUSDT,15m,2,breakout n=20,trend,maker_tp,SHORT,2025-05-20 19:00:00+00:00,2465.2801525,-0.0148326372395394,-0.0150597077188785,-0.00022707047933910075
T01740,GAP25,ETHUSDT,15m,2,breakout n=20,trend,maker_tp,SHORT,2025-05-20 19:00:00+00:00,2465.2801525,-0.0148326372395394,-0.0150597077188785,-0.00022707047933910075
T01740,GAP50,ETHUSDT,15m,2,breakout n=20,trend,maker_tp,SHORT,2025-05-20 19:00:00+00:00,2465.2801525,-0.0148326372395394,-0.0150597077188785,-0.00022707047933910075
T01741,B1_ALL,ETHUSDT,15m,2,breakout n=20,trend,maker_tp,SHORT,2025-05-21 09:15:00+00:00,2525.9010580000004,-0.0148413604025,-0.0144903987199002,0.00035096168259979993
T01741,GAP10,ETHUSDT,15m,2,breakout n=20,trend,maker_tp,SHORT,2025-05-21 09:15:00+00:00,2525.9010580000004,-0.0148413604025,-0.0144903987199002,0.00035096168259979993
T01741,GAP25,ETHUSDT,15m,2,breakout n=20,trend,maker_tp,SHORT,2025-05-21 09:15:00+00:00,2525.9010580000004,-0.0148413604025,-0.0144903987199002,0.00035096168259979993
T01741,GAP50,ETHUSDT,15m,2,breakout n=20,trend,maker_tp,SHORT,2025-05-21 09:15:00+00:00,2525.9010580000004,-0.0148413604025,-0.0144903987199002,0.00035096168259979993
T01742,B1_ALL,ETHUSDT,15m,2,breakout n=20,trend,maker_tp,LONG,2025-05-21 15:00:00+00:00,2564.3946015000006,0.0117756397994038,0.0123005911208829,0.0005249513214791012
T01742,GAP10,ETHUSDT,15m,2,breakout n=20,trend,maker_tp,LONG,2025-05-21 15:00:00+00:00,2564.3946015000006,0.0117756397994038,0.0123005911208829,0.0005249513214791012
T01742,GAP25,ETHUSDT,15m,2,breakout n=20,trend,maker_tp,LONG,2025-05-21 15:00:00+00:00,2564.3946015000006,0.0117756397994038,0.0123005911208829,0.0005249513214791012
T01742,GAP50,ETHUSDT,15m,2,breakout n=20,trend,maker_tp,LONG,2025-05-21 15:00:00+00:00,2564.3946015000006,0.0117756397994038,0.0123005911208829,0.0005249513214791012
T01743,B1_ALL,ETHUSDT,15m,2,breakout n=20,trend,maker_tp,SHORT,2025-05-21 17:30:00+00:00,2474.82872,-0.0226403297149433,-0.0245212368638193,-0.0018809071488759994
T01743,GAP10,ETHUSDT,15m,2,breakout n=20,trend,maker_tp,SHORT,2025-05-21 17:30:00+00:00,2474.82872,-0.0226403297149433,-0.0245212368638193,-0.0018809071488759994
T01743,GAP25,ETHUSDT,15m,2,breakout n=20,trend,maker_tp,SHORT,2025-05-21 17:30:00+00:00,2474.82872,-0.0226403297149433,-0.0245212368638193,-0.0018809071488759994
T01743,GAP50,ETHUSDT,15m,2,breakout n=20,trend,maker_tp,SHORT,2025-05-21 17:30:00+00:00,2474.82872,-0.0226403297149433,-0.0245212368638193,-0.0018809071488759994
T01744,B1_ALL,ETHUSDT,15m,2,breakout n=20,trend,maker_tp,LONG,2025-05-21 23:30:00+00:00,2560.0339475000005,0.0172726676912332,0.0171812105310406,-9.145716019260189e-05
T01744,GAP10,ETHUSDT,15m,2,breakout n=20,trend,maker_tp,LONG,2025-05-21 23:30:00+00:00,2560.0339475000005,0.0172726676912332,0.0171812105310406,-9.145716019260189e-05
T01744,GAP25,ETHUSDT,15m,2,breakout n=20,trend,maker_tp,LONG,2025-05-21 23:30:00+00:00,2560.0339475000005,0.0172726676912332,0.0171812105310406,-9.145716019260189e-05
T01744,GAP50,ETHUSDT,15m,2,breakout n=20,trend,maker_tp,LONG,2025-05-21 23:30:00+00:00,2560.0339475000005,0.0172726676912332,0.0171812105310406,-9.145716019260189e-05
T01745,B1_ALL,ETHUSDT,15m,2,breakout n=20,trend,maker_tp,SHORT,2025-05-23 12:15:00+00:00,2544.1883145,0.0164738313898499,-0.0096064704689301,-0.02608030185878
T01745,GAP10,ETHUSDT,15m,2,breakout n=20,trend,maker_tp,SHORT,2025-05-23 12:15:00+00:00,2544.1883145,0.0164738313898499,-0.0096064704689301,-0.02608030185878
T01745,GAP25,ETHUSDT,15m,2,breakout n=20,trend,maker_tp,SHORT,2025-05-23 12:15:00+00:00,2544.1883145,0.0164738313898499,-0.0096064704689301,-0.02608030185878
T01745,GAP50,ETHUSDT,15m,2,breakout n=20,trend,maker_tp,SHORT,2025-05-23 12:15:00+00:00,2544.1883145,0.0164738313898499,-0.0096064704689301,-0.02608030185878
T01746,B1_ALL,ETHUSDT,15m,2,breakout n=20,trend,maker_tp,SHORT,2025-05-25 00:45:00+00:00,2485.207163,-0.0121258935795456,-0.0128673519634205,-0.000741458383874901
T01746,GAP10,ETHUSDT,15m,2,breakout n=20,trend,maker_tp,SHORT,2025-05-25 00:45:00+00:00,2485.207163,-0.0121258935795456,-0.0128673519634205,-0.000741458383874901
T01746,GAP25,ETHUSDT,15m,2,breakout n=20,trend,maker_tp,SHORT,2025-05-25 00:45:00+00:00,2485.207163,-0.0121258935795456,-0.0128673519634205,-0.000741458383874901
T01746,GAP50,ETHUSDT,15m,2,breakout n=20,trend,maker_tp,SHORT,2025-05-25 00:45:00+00:00,2485.207163,-0.0121258935795456,-0.0128673519634205,-0.000741458383874901
T01747,B1_ALL,ETHUSDT,15m,2,breakout n=20,trend,maker_tp,LONG,2025-05-25 23:00:00+00:00,2543.7014980000004,0.0077321191153708,0.0075677382181843,-0.0001643808971865
T01747,GAP10,ETHUSDT,15m,2,breakout n=20,trend,maker_tp,LONG,2025-05-25 23:00:00+00:00,2543.7014980000004,0.0077321191153708,0.0075677382181843,-0.0001643808971865
T01747,GAP25,ETHUSDT,15m,2,breakout n=20,trend,maker_tp,LONG,2025-05-25 23:00:00+00:00,2543.7014980000004,0.0077321191153708,0.0075677382181843,-0.0001643808971865
T01747,GAP50,ETHUSDT,15m,2,breakout n=20,trend,maker_tp,LONG,2025-05-25 23:00:00+00:00,2543.7014980000004,0.0077321191153708,0.0075677382181843,-0.0001643808971865
T01748,B1_ALL,ETHUSDT,15m,2,breakout n=20,trend,maker_tp,SHORT,2025-05-26 14:00:00+00:00,2554.7467305,0.006462882315238,0.0064394243295934,-2.3457985644599957e-05
T01748,GAP10,ETHUSDT,15m,2,breakout n=20,trend,maker_tp,SHORT,2025-05-26 14:00:00+00:00,2554.7467305,0.006462882315238,0.0064394243295934,-2.3457985644599957e-05
T01748,GAP25,ETHUSDT,15m,2,breakout n=20,trend,maker_tp,SHORT,2025-05-26 14:00:00+00:00,2554.7467305,0.006462882315238,0.0064394243295934,-2.3457985644599957e-05
T01748,GAP50,ETHUSDT,15m,2,breakout n=20,trend,maker_tp,SHORT,2025-05-26 14:00:00+00:00,2554.7467305,0.006462882315238,0.0064394243295934,-2.3457985644599957e-05
T01749,B1_ALL,ETHUSDT,15m,2,breakout n=20,trend,maker_tp,LONG,2025-05-27 08:15:00+00:00,2637.7055965000004,0.0107173726130304,0.0108835415468279,0.00016616893379750065
T01749,GAP10,ETHUSDT,15m,2,breakout n=20,trend,maker_tp,LONG,2025-05-27 08:15:00+00:00,2637.7055965000004,0.0107173726130304,0.0108835415468279,0.00016616893379750065
T01749,GAP25,ETHUSDT,15m,2,breakout n=20,trend,maker_tp,LONG,2025-05-27 08:15:00+00:00,2637.7055965000004,0.0107173726130304,0.0108835415468279,0.00016616893379750065
T01749,GAP50,ETHUSDT,15m,2,breakout n=20,trend,maker_tp,LONG,2025-05-27 08:15:00+00:00,2637.7055965000004,0.0107173726130304,0.0108835415468279,0.00016616893379750065
T01750,B1_ALL,ETHUSDT,15m,2,breakout n=20,trend,maker_tp,LONG,2025-05-28 12:30:00+00:00,2673.4109515000005,-0.0098162544312495,-0.0097327305455648,8.352388568469947e-05
T01750,GAP10,ETHUSDT,15m,2,breakout n=20,trend,maker_tp,LONG,2025-05-28 12:30:00+00:00,2673.4109515000005,-0.0098162544312495,-0.0097327305455648,8.352388568469947e-05
T01750,GAP25,ETHUSDT,15m,2,breakout n=20,trend,maker_tp,LONG,2025-05-28 12:30:00+00:00,2673.4109515000005,-0.0098162544312495,-0.0097327305455648,8.352388568469947e-05
T01750,GAP50,ETHUSDT,15m,2,breakout n=20,trend,maker_tp,LONG,2025-05-28 12:30:00+00:00,2673.4109515000005,-0.0098162544312495,-0.0097327305455648,8.352388568469947e-05
T01751,B1_ALL,ETHUSDT,15m,2,breakout n=20,trend,maker_tp,LONG,2025-05-29 00:30:00+00:00,2702.1152565,0.0094737090560906,0.0094610815287067,-1.262752738389987e-05
T01751,GAP10,ETHUSDT,15m,2,breakout n=20,trend,maker_tp,LONG,2025-05-29 00:30:00+00:00,2702.1152565,0.0094737090560906,0.0094610815287067,-1.262752738389987e-05
T01751,GAP25,ETHUSDT,15m,2,breakout n=20,trend,maker_tp,LONG,2025-05-29 00:30:00+00:00,2702.1152565,0.0094737090560906,0.0094610815287067,-1.262752738389987e-05
T01751,GAP50,ETHUSDT,15m,2,breakout n=20,trend,maker_tp,LONG,2025-05-29 00:30:00+00:00,2702.1152565,0.0094737090560906,0.0094610815287067,-1.262752738389987e-05
T01752,B1_ALL,ETHUSDT,15m,2,breakout n=20,trend,maker_tp,SHORT,2025-05-29 13:45:00+00:00,2658.8511125,0.0103211433518618,0.010716545542745,0.00039540219088319943
T01752,GAP10,ETHUSDT,15m,2,breakout n=20,trend,maker_tp,SHORT,2025-05-29 13:45:00+00:00,2658.8511125,0.0103211433518618,0.010716545542745,0.00039540219088319943
T01752,GAP25,ETHUSDT,15m,2,breakout n=20,trend,maker_tp,SHORT,2025-05-29 13:45:00+00:00,2658.8511125,0.0103211433518618,0.010716545542745,0.00039540219088319943
T01752,GAP50,ETHUSDT,15m,2,breakout n=20,trend,maker_tp,SHORT,2025-05-29 13:45:00+00:00,2658.8511125,0.0103211433518618,0.010716545542745,0.00039540219088319943
T01753,B1_ALL,ETHUSDT,15m,2,breakout n=20,trend,maker_tp,SHORT,2025-05-30 16:45:00+00:00,2538.9091065,-0.0153717429223686,-0.015174781641827,0.00019696128054160107
T01753,GAP10,ETHUSDT,15m,2,breakout n=20,trend,maker_tp,SHORT,2025-05-30 16:45:00+00:00,2538.9091065,-0.0153717429223686,-0.015174781641827,0.00019696128054160107
T01753,GAP25,ETHUSDT,15m,2,breakout n=20,trend,maker_tp,SHORT,2025-05-30 16:45:00+00:00,2538.9091065,-0.0153717429223686,-0.015174781641827,0.00019696128054160107
T01753,GAP50,ETHUSDT,15m,2,breakout n=20,trend,maker_tp,SHORT,2025-05-30 16:45:00+00:00,2538.9091065,-0.0153717429223686,-0.015174781641827,0.00019696128054160107
T01754,B1_ALL,ETHUSDT,15m,2,breakout n=20,trend,maker_tp,SHORT,2025-05-30 22:45:00+00:00,2525.141172,0.0105502204511097,0.0108431536267069,0.00029293317559719867
T01754,GAP10,ETHUSDT,15m,2,breakout n=20,trend,maker_tp,SHORT,2025-05-30 22:45:00+00:00,2525.141172,0.0105502204511097,0.0108431536267069,0.00029293317559719867
T01754,GAP25,ETHUSDT,15m,2,breakout n=20,trend,maker_tp,SHORT,2025-05-30 22:45:00+00:00,2525.141172,0.0105502204511097,0.0108431536267069,0.00029293317559719867
T01754,GAP50,ETHUSDT,15m,2,breakout n=20,trend,maker_tp,SHORT,2025-05-30 22:45:00+00:00,2525.141172,0.0105502204511097,0.0108431536267069,0.00029293317559719867
T01755,B1_ALL,ETHUSDT,15m,2,breakout n=20,trend,maker_tp,SHORT,2025-06-01 02:00:00+00:00,2495.7155865,-0.0092863316515425,-0.0095148299314776,-0.0002284982799351
T01755,GAP10,ETHUSDT,15m,2,breakout n=20,trend,maker_tp,SHORT,2025-06-01 02:00:00+00:00,2495.7155865,-0.0092863316515425,-0.0095148299314776,-0.0002284982799351
T01755,GAP25,ETHUSDT,15m,2,breakout n=20,trend,maker_tp,SHORT,2025-06-01 02:00:00+00:00,2495.7155865,-0.0092863316515425,-0.0095148299314776,-0.0002284982799351
T01755,GAP50,ETHUSDT,15m,2,breakout n=20,trend,maker_tp,SHORT,2025-06-01 02:00:00+00:00,2495.7155865,-0.0092863316515425,-0.0095148299314776,-0.0002284982799351
T01756,B1_ALL,ETHUSDT,15m,2,breakout n=20,trend,maker_tp,SHORT,2025-06-01 09:45:00+00:00,2490.82632,0.0053794146460181,0.0058192082280591,0.00043979358204099955
T01756,GAP10,ETHUSDT,15m,2,breakout n=20,trend,maker_tp,SHORT,2025-06-01 09:45:00+00:00,2490.82632,0.0053794146460181,0.0058192082280591,0.00043979358204099955
T01756,GAP25,ETHUSDT,15m,2,breakout n=20,trend,maker_tp,SHORT,2025-06-01 09:45:00+00:00,2490.82632,0.0053794146460181,0.0058192082280591,0.00043979358204099955
T01756,GAP50,ETHUSDT,15m,2,breakout n=20,trend,maker_tp,SHORT,2025-06-01 09:45:00+00:00,2490.82632,0.0053794146460181,0.0058192082280591,0.00043979358204099955
T01757,B1_ALL,ETHUSDT,15m,2,breakout n=20,trend,maker_tp,LONG,2025-06-01 14:30:00+00:00,2512.6568420000003,0.0064380298640053,0.0062434204135287,-0.0001946094504765997
T01757,GAP10,ETHUSDT,15m,2,breakout n=20,trend,maker_tp,LONG,2025-06-01 14:30:00+00:00,2512.6568420000003,0.0064380298640053,0.0062434204135287,-0.0001946094504765997
T01757,GAP25,ETHUSDT,15m,2,breakout n=20,trend,maker_tp,LONG,2025-06-01 14:30:00+00:00,2512.6568420000003,0.0064380298640053,0.0062434204135287,-0.0001946094504765997
T01757,GAP50,ETHUSDT,15m,2,breakout n=20,trend,maker_tp,LONG,2025-06-01 14:30:00+00:00,2512.6568420000003,0.0064380298640053,0.0062434204135287,-0.0001946094504765997
T01758,B1_ALL,ETHUSDT,15m,2,breakout n=20,trend,maker_tp,LONG,2025-06-01 16:45:00+00:00,2538.0306475,-0.0099719191874794,-0.0099390280424707,3.289114500869966e-05
T01758,GAP10,ETHUSDT,15m,2,breakout n=20,trend,maker_tp,LONG,2025-06-01 16:45:00+00:00,2538.0306475,-0.0099719191874794,-0.0099390280424707,3.289114500869966e-05
T01758,GAP25,ETHUSDT,15m,2,breakout n=20,trend,maker_tp,LONG,2025-06-01 16:45:00+00:00,2538.0306475,-0.0099719191874794,-0.0099390280424707,3.289114500869966e-05
T01758,GAP50,ETHUSDT,15m,2,breakout n=20,trend,maker_tp,LONG,2025-06-01 16:45:00+00:00,2538.0306475,-0.0099719191874794,-0.0099390280424707,3.289114500869966e-05
T01759,B1_ALL,ETHUSDT,15m,2,breakout n=20,trend,maker_tp,SHORT,2025-06-02 09:15:00+00:00,2482.187616,-0.0102099196756193,-0.0101831161407933,2.680353482600005e-05
T01759,GAP10,ETHUSDT,15m,2,breakout n=20,trend,maker_tp,SHORT,2025-06-02 09:15:00+00:00,2482.187616,-0.0102099196756193,-0.0101831161407933,2.680353482600005e-05
T01759,GAP25,ETHUSDT,15m,2,breakout n=20,trend,maker_tp,SHORT,2025-06-02 09:15:00+00:00,2482.187616,-0.0102099196756193,-0.0101831161407933,2.680353482600005e-05
T01759,GAP50,ETHUSDT,15m,2,breakout n=20,trend,maker_tp,SHORT,2025-06-02 09:15:00+00:00,2482.187616,-0.0102099196756193,-0.0101831161407933,2.680353482600005e-05
T01760,B1_ALL,ETHUSDT,15m,2,breakout n=20,trend,maker_tp,LONG,2025-06-02 14:30:00+00:00,2524.3786000000005,0.0094592645818151,0.0095834222652745,0.00012415768345939993
T01760,GAP10,ETHUSDT,15m,2,breakout n=20,trend,maker_tp,LONG,2025-06-02 14:30:00+00:00,2524.3786000000005,0.0094592645818151,0.0095834222652745,0.00012415768345939993
T01760,GAP25,ETHUSDT,15m,2,breakout n=20,trend,maker_tp,LONG,2025-06-02 14:30:00+00:00,2524.3786000000005,0.0094592645818151,0.0095834222652745,0.00012415768345939993
T01760,GAP50,ETHUSDT,15m,2,breakout n=20,trend,maker_tp,LONG,2025-06-02 14:30:00+00:00,2524.3786000000005,0.0094592645818151,0.0095834222652745,0.00012415768345939993
T01761,B1_ALL,ETHUSDT,15m,2,breakout n=20,trend,maker_tp,LONG,2025-06-03 00:15:00+00:00,2614.492115,0.0084878052821403,0.0083292636309878,-0.00015854165115249987
T01761,GAP10,ETHUSDT,15m,2,breakout n=20,trend,maker_tp,LONG,2025-06-03 00:15:00+00:00,2614.492115,0.0084878052821403,0.0083292636309878,-0.00015854165115249987
T01761,GAP25,ETHUSDT,15m,2,breakout n=20,trend,maker_tp,LONG,2025-06-03 00:15:00+00:00,2614.492115,0.0084878052821403,0.0083292636309878,-0.00015854165115249987
T01761,GAP50,ETHUSDT,15m,2,breakout n=20,trend,maker_tp,LONG,2025-06-03 00:15:00+00:00,2614.492115,0.0084878052821403,0.0083292636309878,-0.00015854165115249987
T01762,B1_ALL,ETHUSDT,15m,2,breakout n=20,trend,maker_tp,LONG,2025-06-03 15:00:00+00:00,2636.7854585,-0.0107385155539366,-0.0109984615454391,-0.00025994599150249917
T01762,GAP10,ETHUSDT,15m,2,breakout n=20,trend,maker_tp,LONG,2025-06-03 15:00:00+00:00,2636.7854585,-0.0107385155539366,-0.0109984615454391,-0.00025994599150249917
T01762,GAP25,ETHUSDT,15m,2,breakout n=20,trend,maker_tp,LONG,2025-06-03 15:00:00+00:00,2636.7854585,-0.0107385155539366,-0.0109984615454391,-0.00025994599150249917
T01762,GAP50,ETHUSDT,15m,2,breakout n=20,trend,maker_tp,LONG,2025-06-03 15:00:00+00:00,2636.7854585,-0.0107385155539366,-0.0109984615454391,-0.00025994599150249917
T01763,B1_ALL,ETHUSDT,15m,2,breakout n=20,trend,maker_tp,SHORT,2025-06-03 22:00:00+00:00,2594.6607425,-0.0121515421938119,-0.0119848096107776,0.0001667325830343007
T01763,GAP10,ETHUSDT,15m,2,breakout n=20,trend,maker_tp,SHORT,2025-06-03 22:00:00+00:00,2594.6607425,-0.0121515421938119,-0.0119848096107776,0.0001667325830343007
T01763,GAP25,ETHUSDT,15m,2,breakout n=20,trend,maker_tp,SHORT,2025-06-03 22:00:00+00:00,2594.6607425,-0.0121515421938119,-0.0119848096107776,0.0001667325830343007
T01763,GAP50,ETHUSDT,15m,2,breakout n=20,trend,maker_tp,SHORT,2025-06-03 22:00:00+00:00,2594.6607425,-0.0121515421938119,-0.0119848096107776,0.0001667325830343007
T01764,B1_ALL,ETHUSDT,15m,2,breakout n=20,trend,maker_tp,SHORT,2025-06-04 13:15:00+00:00,2612.7180335000003,-0.0089291097784167,-0.0091278254483695,-0.00019871566995280018
T01764,GAP10,ETHUSDT,15m,2,breakout n=20,trend,maker_tp,SHORT,2025-06-04 13:15:00+00:00,2612.7180335000003,-0.0089291097784167,-0.0091278254483695,-0.00019871566995280018
T01764,GAP25,ETHUSDT,15m,2,breakout n=20,trend,maker_tp,SHORT,2025-06-04 13:15:00+00:00,2612.7180335000003,-0.0089291097784167,-0.0091278254483695,-0.00019871566995280018
T01764,GAP50,ETHUSDT,15m,2,breakout n=20,trend,maker_tp,SHORT,2025-06-04 13:15:00+00:00,2612.7180335000003,-0.0089291097784167,-0.0091278254483695,-0.00019871566995280018
T01765,B1_ALL,ETHUSDT,15m,2,breakout n=20,trend,maker_tp,LONG,2025-06-04 15:45:00+00:00,2667.3100365,-0.0119429922779787,-0.0121288474934401,-0.00018585521546139912
T01765,GAP10,ETHUSDT,15m,2,breakout n=20,trend,maker_tp,LONG,2025-06-04 15:45:00+00:00,2667.3100365,-0.0119429922779787,-0.0121288474934401,-0.00018585521546139912
T01765,GAP25,ETHUSDT,15m,2,breakout n=20,trend,maker_tp,LONG,2025-06-04 15:45:00+00:00,2667.3100365,-0.0119429922779787,-0.0121288474934401,-0.00018585521546139912
T01765,GAP50,ETHUSDT,15m,2,breakout n=20,trend,maker_tp,LONG,2025-06-04 15:45:00+00:00,2667.3100365,-0.0119429922779787,-0.0121288474934401,-0.00018585521546139912
T01766,B1_ALL,ETHUSDT,15m,2,breakout n=20,trend,maker_tp,SHORT,2025-06-04 20:15:00+00:00,2611.6981865,-0.0034396154232064,-0.0012731638630558,0.0021664515601506
T01766,GAP10,ETHUSDT,15m,2,breakout n=20,trend,maker_tp,SHORT,2025-06-04 20:15:00+00:00,2611.6981865,-0.0034396154232064,-0.0012731638630558,0.0021664515601506
T01766,GAP25,ETHUSDT,15m,2,breakout n=20,trend,maker_tp,SHORT,2025-06-04 20:15:00+00:00,2611.6981865,-0.0034396154232064,-0.0012731638630558,0.0021664515601506
T01766,GAP50,ETHUSDT,15m,2,breakout n=20,trend,maker_tp,SHORT,2025-06-04 20:15:00+00:00,2611.6981865,-0.0034396154232064,-0.0012731638630558,0.0021664515601506
T01767,B1_ALL,ETHUSDT,15m,2,breakout n=20,trend,maker_tp,SHORT,2025-06-05 20:15:00+00:00,2472.02914,0.0147217736943939,0.0176593288022078,0.002937555107813898
T01767,GAP10,ETHUSDT,15m,2,breakout n=20,trend,maker_tp,SHORT,2025-06-05 20:15:00+00:00,2472.02914,0.0147217736943939,0.0176593288022078,0.002937555107813898
T01767,GAP25,ETHUSDT,15m,2,breakout n=20,trend,maker_tp,SHORT,2025-06-05 20:15:00+00:00,2472.02914,0.0147217736943939,0.0176593288022078,0.002937555107813898
T01767,GAP50,ETHUSDT,15m,2,breakout n=20,trend,maker_tp,SHORT,2025-06-05 20:15:00+00:00,2472.02914,0.0147217736943939,0.0176593288022078,0.002937555107813898
T01768,B1_ALL,ETHUSDT,15m,2,breakout n=20,trend,maker_tp,SHORT,2025-06-05 21:00:00+00:00,2409.478524,-0.0115747427179823,-0.0086912622839668,0.0028834804340154997
T01768,GAP10,ETHUSDT,15m,2,breakout n=20,trend,maker_tp,SHORT,2025-06-05 21:00:00+00:00,2409.478524,-0.0115747427179823,-0.0086912622839668,0.0028834804340154997
T01768,GAP25,ETHUSDT,15m,2,breakout n=20,trend,maker_tp,SHORT,2025-06-05 21:00:00+00:00,2409.478524,-0.0115747427179823,-0.0086912622839668,0.0028834804340154997
T01768,GAP50,ETHUSDT,15m,2,breakout n=20,trend,maker_tp,SHORT,2025-06-05 21:00:00+00:00,2409.478524,-0.0115747427179823,-0.0086912622839668,0.0028834804340154997
T01769,B1_ALL,ETHUSDT,15m,2,breakout n=20,trend,maker_tp,LONG,2025-06-06 15:15:00+00:00,2507.7461055000003,-0.0118556896754613,-0.0081337524802709,0.0037219371951904
T01769,GAP10,ETHUSDT,15m,2,breakout n=20,trend,maker_tp,LONG,2025-06-06 15:15:00+00:00,2507.7461055000003,-0.0118556896754613,-0.0081337524802709,0.0037219371951904
T01769,GAP25,ETHUSDT,15m,2,breakout n=20,trend,maker_tp,LONG,2025-06-06 15:15:00+00:00,2507.7461055000003,-0.0118556896754613,-0.0081337524802709,0.0037219371951904
T01769,GAP50,ETHUSDT,15m,2,breakout n=20,trend,maker_tp,LONG,2025-06-06 15:15:00+00:00,2507.7461055000003,-0.0118556896754613,-0.0081337524802709,0.0037219371951904
T01770,B1_ALL,ETHUSDT,15m,2,breakout n=20,trend,maker_tp,LONG,2025-06-07 14:45:00+00:00,2515.077205,0.0001440186882656,0.001105176926368,0.0009611582381023999
T01770,GAP10,ETHUSDT,15m,2,breakout n=20,trend,maker_tp,LONG,2025-06-07 14:45:00+00:00,2515.077205,0.0001440186882656,0.001105176926368,0.0009611582381023999
T01770,GAP25,ETHUSDT,15m,2,breakout n=20,trend,maker_tp,LONG,2025-06-07 14:45:00+00:00,2515.077205,0.0001440186882656,0.001105176926368,0.0009611582381023999
T01770,GAP50,ETHUSDT,15m,2,breakout n=20,trend,maker_tp,LONG,2025-06-07 14:45:00+00:00,2515.077205,0.0001440186882656,0.001105176926368,0.0009611582381023999
T01771,B1_ALL,ETHUSDT,15m,2,breakout n=20,trend,maker_tp,LONG,2025-06-09 21:15:00+00:00,2639.055799,0.0080871179023723,0.0086899919940467,0.0006028740916744005
T01771,GAP10,ETHUSDT,15m,2,breakout n=20,trend,maker_tp,LONG,2025-06-09 21:15:00+00:00,2639.055799,0.0080871179023723,0.0086899919940467,0.0006028740916744005
T01771,GAP25,ETHUSDT,15m,2,breakout n=20,trend,maker_tp,LONG,2025-06-09 21:15:00+00:00,2639.055799,0.0080871179023723,0.0086899919940467,0.0006028740916744005
T01771,GAP50,ETHUSDT,15m,2,breakout n=20,trend,maker_tp,LONG,2025-06-09 21:15:00+00:00,2639.055799,0.0080871179023723,0.0086899919940467,0.0006028740916744005
T01772,B1_ALL,ETHUSDT,15m,2,breakout n=20,trend,maker_tp,SHORT,2025-06-13 00:15:00+00:00,2549.297548,0.0177102128726455,0.0181665595213272,0.00045634664868169847
T01772,GAP10,ETHUSDT,15m,2,breakout n=20,trend,maker_tp,SHORT,2025-06-13 00:15:00+00:00,2549.297548,0.0177102128726455,0.0181665595213272,0.00045634664868169847
T01772,GAP25,ETHUSDT,15m,2,breakout n=20,trend,maker_tp,SHORT,2025-06-13 00:15:00+00:00,2549.297548,0.0177102128726455,0.0181665595213272,0.00045634664868169847
T01772,GAP50,ETHUSDT,15m,2,breakout n=20,trend,maker_tp,SHORT,2025-06-13 00:15:00+00:00,2549.297548,0.0177102128726455,0.0181665595213272,0.00045634664868169847
T01773,B1_ALL,ETHUSDT,15m,2,breakout n=20,trend,maker_tp,SHORT,2025-06-13 01:15:00+00:00,2491.6262,-0.0133202980842747,-0.0175397431161595,-0.004219445031884799
T01773,GAP10,ETHUSDT,15m,2,breakout n=20,trend,maker_tp,SHORT,2025-06-13 01:15:00+00:00,2491.6262,-0.0133202980842747,-0.0175397431161595,-0.004219445031884799
T01773,GAP25,ETHUSDT,15m,2,breakout n=20,trend,maker_tp,SHORT,2025-06-13 01:15:00+00:00,2491.6262,-0.0133202980842747,-0.0175397431161595,-0.004219445031884799
T01773,GAP50,ETHUSDT,15m,2,breakout n=20,trend,maker_tp,SHORT,2025-06-13 01:15:00+00:00,2491.6262,-0.0133202980842747,-0.0175397431161595,-0.004219445031884799
T01774,B1_ALL,ETHUSDT,15m,2,breakout n=20,trend,maker_tp,SHORT,2025-06-14 15:45:00+00:00,2517.842267,0.0052499391710935,0.0057465460091313,0.0004966068380377999
T01774,GAP10,ETHUSDT,15m,2,breakout n=20,trend,maker_tp,SHORT,2025-06-14 15:45:00+00:00,2517.842267,0.0052499391710935,0.0057465460091313,0.0004966068380377999
T01774,GAP25,ETHUSDT,15m,2,breakout n=20,trend,maker_tp,SHORT,2025-06-14 15:45:00+00:00,2517.842267,0.0052499391710935,0.0057465460091313,0.0004966068380377999
T01774,GAP50,ETHUSDT,15m,2,breakout n=20,trend,maker_tp,SHORT,2025-06-14 15:45:00+00:00,2517.842267,0.0052499391710935,0.0057465460091313,0.0004966068380377999
T01775,B1_ALL,ETHUSDT,15m,2,breakout n=20,trend,maker_tp,LONG,2025-06-14 22:00:00+00:00,2530.7495555,-0.0019713156738391,-0.0004505284047099,0.0015207872691291998
T01775,GAP10,ETHUSDT,15m,2,breakout n=20,trend,maker_tp,LONG,2025-06-14 22:00:00+00:00,2530.7495555,-0.0019713156738391,-0.0004505284047099,0.0015207872691291998
T01775,GAP25,ETHUSDT,15m,2,breakout n=20,trend,maker_tp,LONG,2025-06-14 22:00:00+00:00,2530.7495555,-0.0019713156738391,-0.0004505284047099,0.0015207872691291998
T01775,GAP50,ETHUSDT,15m,2,breakout n=20,trend,maker_tp,LONG,2025-06-14 22:00:00+00:00,2530.7495555,-0.0019713156738391,-0.0004505284047099,0.0015207872691291998
T01776,B1_ALL,ETHUSDT,15m,2,breakout n=20,trend,maker_tp,LONG,2025-06-15 13:15:00+00:00,2532.439809,0.0047496319026211,0.0047301225978378,-1.950930478330018e-05
T01776,GAP10,ETHUSDT,15m,2,breakout n=20,trend,maker_tp,LONG,2025-06-15 13:15:00+00:00,2532.439809,0.0047496319026211,0.0047301225978378,-1.950930478330018e-05
T01776,GAP25,ETHUSDT,15m,2,breakout n=20,trend,maker_tp,LONG,2025-06-15 13:15:00+00:00,2532.439809,0.0047496319026211,0.0047301225978378,-1.950930478330018e-05
T01776,GAP50,ETHUSDT,15m,2,breakout n=20,trend,maker_tp,LONG,2025-06-15 13:15:00+00:00,2532.439809,0.0047496319026211,0.0047301225978378,-1.950930478330018e-05
T01777,B1_ALL,ETHUSDT,15m,2,breakout n=20,trend,maker_tp,SHORT,2025-06-15 19:45:00+00:00,2535.559609,0.0057282019349699,0.0056180362014132,-0.0001101657335566995
T01777,GAP10,ETHUSDT,15m,2,breakout n=20,trend,maker_tp,SHORT,2025-06-15 19:45:00+00:00,2535.559609,0.0057282019349699,0.0056180362014132,-0.0001101657335566995
T01777,GAP25,ETHUSDT,15m,2,breakout n=20,trend,maker_tp,SHORT,2025-06-15 19:45:00+00:00,2535.559609,0.0057282019349699,0.0056180362014132,-0.0001101657335566995
T01777,GAP50,ETHUSDT,15m,2,breakout n=20,trend,maker_tp,SHORT,2025-06-15 19:45:00+00:00,2535.559609,0.0057282019349699,0.0056180362014132,-0.0001101657335566995
T01778,B1_ALL,ETHUSDT,15m,2,breakout n=20,trend,maker_tp,SHORT,2025-06-15 20:45:00+00:00,2501.704688,-0.0098278903809551,-0.0099201916363871,-9.23012554319997e-05
T01778,GAP10,ETHUSDT,15m,2,breakout n=20,trend,maker_tp,SHORT,2025-06-15 20:45:00+00:00,2501.704688,-0.0098278903809551,-0.0099201916363871,-9.23012554319997e-05
T01778,GAP25,ETHUSDT,15m,2,breakout n=20,trend,maker_tp,SHORT,2025-06-15 20:45:00+00:00,2501.704688,-0.0098278903809551,-0.0099201916363871,-9.23012554319997e-05
T01778,GAP50,ETHUSDT,15m,2,breakout n=20,trend,maker_tp,SHORT,2025-06-15 20:45:00+00:00,2501.704688,-0.0098278903809551,-0.0099201916363871,-9.23012554319997e-05
T01779,B1_ALL,ETHUSDT,15m,2,breakout n=20,trend,maker_tp,LONG,2025-06-16 02:00:00+00:00,2572.945884,0.0089599043652083,0.0095481073210256,0.0005882029558172998
T01779,GAP10,ETHUSDT,15m,2,breakout n=20,trend,maker_tp,LONG,2025-06-16 02:00:00+00:00,2572.945884,0.0089599043652083,0.0095481073210256,0.0005882029558172998
T01779,GAP25,ETHUSDT,15m,2,breakout n=20,trend,maker_tp,LONG,2025-06-16 02:00:00+00:00,2572.945884,0.0089599043652083,0.0095481073210256,0.0005882029558172998
T01779,GAP50,ETHUSDT,15m,2,breakout n=20,trend,maker_tp,LONG,2025-06-16 02:00:00+00:00,2572.945884,0.0089599043652083,0.0095481073210256,0.0005882029558172998
T01780,B1_ALL,ETHUSDT,15m,2,breakout n=20,trend,maker_tp,LONG,2025-06-16 14:00:00+00:00,2632.334791,0.0076202308947211,0.0080088188826213,0.00038858798790020015
T01780,GAP10,ETHUSDT,15m,2,breakout n=20,trend,maker_tp,LONG,2025-06-16 14:00:00+00:00,2632.334791,0.0076202308947211,0.0080088188826213,0.00038858798790020015
T01780,GAP25,ETHUSDT,15m,2,breakout n=20,trend,maker_tp,LONG,2025-06-16 14:00:00+00:00,2632.334791,0.0076202308947211,0.0080088188826213,0.00038858798790020015
T01780,GAP50,ETHUSDT,15m,2,breakout n=20,trend,maker_tp,LONG,2025-06-16 14:00:00+00:00,2632.334791,0.0076202308947211,0.0080088188826213,0.00038858798790020015
T01781,B1_ALL,ETHUSDT,15m,2,breakout n=20,trend,maker_tp,LONG,2025-06-16 19:30:00+00:00,2652.2877835,0.0077870990451004,0.0080795763953177,0.0002924773502172998
T01781,GAP10,ETHUSDT,15m,2,breakout n=20,trend,maker_tp,LONG,2025-06-16 19:30:00+00:00,2652.2877835,0.0077870990451004,0.0080795763953177,0.0002924773502172998
T01781,GAP25,ETHUSDT,15m,2,breakout n=20,trend,maker_tp,LONG,2025-06-16 19:30:00+00:00,2652.2877835,0.0077870990451004,0.0080795763953177,0.0002924773502172998
T01781,GAP50,ETHUSDT,15m,2,breakout n=20,trend,maker_tp,LONG,2025-06-16 19:30:00+00:00,2652.2877835,0.0077870990451004,0.0080795763953177,0.0002924773502172998
T01782,B1_ALL,ETHUSDT,15m,2,breakout n=20,trend,maker_tp,SHORT,2025-06-16 22:45:00+00:00,2568.2647025,0.0131769620935638,0.0144104893914512,0.0012335272978874004
T01782,GAP10,ETHUSDT,15m,2,breakout n=20,trend,maker_tp,SHORT,2025-06-16 22:45:00+00:00,2568.2647025,0.0131769620935638,0.0144104893914512,0.0012335272978874004
T01782,GAP25,ETHUSDT,15m,2,breakout n=20,trend,maker_tp,SHORT,2025-06-16 22:45:00+00:00,2568.2647025,0.0131769620935638,0.0144104893914512,0.0012335272978874004
T01782,GAP50,ETHUSDT,15m,2,breakout n=20,trend,maker_tp,SHORT,2025-06-16 22:45:00+00:00,2568.2647025,0.0131769620935638,0.0144104893914512,0.0012335272978874004
T01783,B1_ALL,ETHUSDT,15m,2,breakout n=20,trend,maker_tp,SHORT,2025-06-17 17:00:00+00:00,2460.63085,-0.015128967265712,-0.0152563203709163,-0.00012735310520430032
T01783,GAP10,ETHUSDT,15m,2,breakout n=20,trend,maker_tp,SHORT,2025-06-17 17:00:00+00:00,2460.63085,-0.015128967265712,-0.0152563203709163,-0.00012735310520430032
T01783,GAP25,ETHUSDT,15m,2,breakout n=20,trend,maker_tp,SHORT,2025-06-17 17:00:00+00:00,2460.63085,-0.015128967265712,-0.0152563203709163,-0.00012735310520430032
T01783,GAP50,ETHUSDT,15m,2,breakout n=20,trend,maker_tp,SHORT,2025-06-17 17:00:00+00:00,2460.63085,-0.015128967265712,-0.0152563203709163,-0.00012735310520430032
T01784,B1_ALL,ETHUSDT,15m,2,breakout n=20,trend,maker_tp,SHORT,2025-06-18 13:15:00+00:00,2469.3395435,-0.0102415456526302,-0.0106538898369471,-0.00041234418431690054
T01784,GAP10,ETHUSDT,15m,2,breakout n=20,trend,maker_tp,SHORT,2025-06-18 13:15:00+00:00,2469.3395435,-0.0102415456526302,-0.0106538898369471,-0.00041234418431690054
T01784,GAP25,ETHUSDT,15m,2,breakout n=20,trend,maker_tp,SHORT,2025-06-18 13:15:00+00:00,2469.3395435,-0.0102415456526302,-0.0106538898369471,-0.00041234418431690054
T01784,GAP50,ETHUSDT,15m,2,breakout n=20,trend,maker_tp,SHORT,2025-06-18 13:15:00+00:00,2469.3395435,-0.0102415456526302,-0.0106538898369471,-0.00041234418431690054
T01785,B1_ALL,ETHUSDT,15m,2,breakout n=20,trend,maker_tp,LONG,2025-06-18 20:45:00+00:00,2528.0491505000005,-0.0026994882845686,-0.0070030798678083,-0.0043035915832397
T01785,GAP10,ETHUSDT,15m,2,breakout n=20,trend,maker_tp,LONG,2025-06-18 20:45:00+00:00,2528.0491505000005,-0.0026994882845686,-0.0070030798678083,-0.0043035915832397
T01785,GAP25,ETHUSDT,15m,2,breakout n=20,trend,maker_tp,LONG,2025-06-18 20:45:00+00:00,2528.0491505000005,-0.0026994882845686,-0.0070030798678083,-0.0043035915832397
T01785,GAP50,ETHUSDT,15m,2,breakout n=20,trend,maker_tp,LONG,2025-06-18 20:45:00+00:00,2528.0491505000005,-0.0026994882845686,-0.0070030798678083,-0.0043035915832397
T01786,B1_ALL,ETHUSDT,15m,2,breakout n=20,trend,maker_tp,SHORT,2025-06-19 16:00:00+00:00,2498.265204,-0.0084112226576077,-0.0084248845437212,-1.3661886113500166e-05
T01786,GAP10,ETHUSDT,15m,2,breakout n=20,trend,maker_tp,SHORT,2025-06-19 16:00:00+00:00,2498.265204,-0.0084112226576077,-0.0084248845437212,-1.3661886113500166e-05
T01786,GAP25,ETHUSDT,15m,2,breakout n=20,trend,maker_tp,SHORT,2025-06-19 16:00:00+00:00,2498.265204,-0.0084112226576077,-0.0084248845437212,-1.3661886113500166e-05
T01786,GAP50,ETHUSDT,15m,2,breakout n=20,trend,maker_tp,SHORT,2025-06-19 16:00:00+00:00,2498.265204,-0.0084112226576077,-0.0084248845437212,-1.3661886113500166e-05
T01787,B1_ALL,ETHUSDT,15m,2,breakout n=20,trend,maker_tp,LONG,2025-06-19 22:45:00+00:00,2523.078405,-0.0073971849384024,-0.0087091265061451,-0.0013119415677427006
T01787,GAP10,ETHUSDT,15m,2,breakout n=20,trend,maker_tp,LONG,2025-06-19 22:45:00+00:00,2523.078405,-0.0073971849384024,-0.0087091265061451,-0.0013119415677427006
T01787,GAP25,ETHUSDT,15m,2,breakout n=20,trend,maker_tp,LONG,2025-06-19 22:45:00+00:00,2523.078405,-0.0073971849384024,-0.0087091265061451,-0.0013119415677427006
T01787,GAP50,ETHUSDT,15m,2,breakout n=20,trend,maker_tp,LONG,2025-06-19 22:45:00+00:00,2523.078405,-0.0073971849384024,-0.0087091265061451,-0.0013119415677427006
T01788,B1_ALL,ETHUSDT,15m,2,breakout n=20,trend,maker_tp,SHORT,2025-06-21 17:45:00+00:00,2397.7102895000003,0.0065280979362883,0.0065374928387466,9.394902458299305e-06
T01788,GAP10,ETHUSDT,15m,2,breakout n=20,trend,maker_tp,SHORT,2025-06-21 17:45:00+00:00,2397.7102895000003,0.0065280979362883,0.0065374928387466,9.394902458299305e-06
T01788,GAP25,ETHUSDT,15m,2,breakout n=20,trend,maker_tp,SHORT,2025-06-21 17:45:00+00:00,2397.7102895000003,0.0065280979362883,0.0065374928387466,9.394902458299305e-06
T01788,GAP50,ETHUSDT,15m,2,breakout n=20,trend,maker_tp,SHORT,2025-06-21 17:45:00+00:00,2397.7102895000003,0.0065280979362883,0.0065374928387466,9.394902458299305e-06
T01789,B1_ALL,ETHUSDT,15m,2,breakout n=20,trend,maker_tp,LONG,2025-06-23 20:15:00+00:00,2360.55403,0.0181288180046031,0.0197891928898502,0.0016603748852471005
T01789,GAP10,ETHUSDT,15m,2,breakout n=20,trend,maker_tp,LONG,2025-06-23 20:15:00+00:00,2360.55403,0.0181288180046031,0.0197891928898502,0.0016603748852471005
T01789,GAP25,ETHUSDT,15m,2,breakout n=20,trend,maker_tp,LONG,2025-06-23 20:15:00+00:00,2360.55403,0.0181288180046031,0.0197891928898502,0.0016603748852471005
T01789,GAP50,ETHUSDT,15m,2,breakout n=20,trend,maker_tp,LONG,2025-06-23 20:15:00+00:00,2360.55403,0.0181288180046031,0.0197891928898502,0.0016603748852471005
T01790,B1_ALL,ETHUSDT,15m,2,breakout n=20,trend,maker_tp,LONG,2025-06-23 22:30:00+00:00,2394.5691315000004,-0.0006608382286213,-0.0004815555045408,0.00017928272408050005
T01790,GAP10,ETHUSDT,15m,2,breakout n=20,trend,maker_tp,LONG,2025-06-23 22:30:00+00:00,2394.5691315000004,-0.0006608382286213,-0.0004815555045408,0.00017928272408050005
T01790,GAP25,ETHUSDT,15m,2,breakout n=20,trend,maker_tp,LONG,2025-06-23 22:30:00+00:00,2394.5691315000004,-0.0006608382286213,-0.0004815555045408,0.00017928272408050005
T01790,GAP50,ETHUSDT,15m,2,breakout n=20,trend,maker_tp,LONG,2025-06-23 22:30:00+00:00,2394.5691315000004,-0.0006608382286213,-0.0004815555045408,0.00017928272408050005
T01791,B1_ALL,ETHUSDT,15m,2,breakout n=20,trend,maker_tp,LONG,2025-06-24 16:45:00+00:00,2478.2316790000004,-0.0146416037246031,-0.0148811950116698,-0.00023959128706670108
T01791,GAP10,ETHUSDT,15m,2,breakout n=20,trend,maker_tp,LONG,2025-06-24 16:45:00+00:00,2478.2316790000004,-0.0146416037246031,-0.0148811950116698,-0.00023959128706670108
T01791,GAP25,ETHUSDT,15m,2,breakout n=20,trend,maker_tp,LONG,2025-06-24 16:45:00+00:00,2478.2316790000004,-0.0146416037246031,-0.0148811950116698,-0.00023959128706670108
T01791,GAP50,ETHUSDT,15m,2,breakout n=20,trend,maker_tp,LONG,2025-06-24 16:45:00+00:00,2478.2316790000004,-0.0146416037246031,-0.0148811950116698,-0.00023959128706670108
T01792,B1_ALL,ETHUSDT,15m,2,breakout n=20,trend,maker_tp,SHORT,2025-06-25 09:45:00+00:00,2418.677144,-0.0107322199042105,-0.0106220015380485,0.00011021836616199876
T01792,GAP10,ETHUSDT,15m,2,breakout n=20,trend,maker_tp,SHORT,2025-06-25 09:45:00+00:00,2418.677144,-0.0107322199042105,-0.0106220015380485,0.00011021836616199876
T01792,GAP25,ETHUSDT,15m,2,breakout n=20,trend,maker_tp,SHORT,2025-06-25 09:45:00+00:00,2418.677144,-0.0107322199042105,-0.0106220015380485,0.00011021836616199876
T01792,GAP50,ETHUSDT,15m,2,breakout n=20,trend,maker_tp,SHORT,2025-06-25 09:45:00+00:00,2418.677144,-0.0107322199042105,-0.0106220015380485,0.00011021836616199876
T01793,B1_ALL,ETHUSDT,15m,2,breakout n=20,trend,maker_tp,SHORT,2025-06-25 14:30:00+00:00,2420.096931,-0.0045908838598534,-0.0035376373601587,0.0010532464996947
T01793,GAP10,ETHUSDT,15m,2,breakout n=20,trend,maker_tp,SHORT,2025-06-25 14:30:00+00:00,2420.096931,-0.0045908838598534,-0.0035376373601587,0.0010532464996947
T01793,GAP25,ETHUSDT,15m,2,breakout n=20,trend,maker_tp,SHORT,2025-06-25 14:30:00+00:00,2420.096931,-0.0045908838598534,-0.0035376373601587,0.0010532464996947
T01793,GAP50,ETHUSDT,15m,2,breakout n=20,trend,maker_tp,SHORT,2025-06-25 14:30:00+00:00,2420.096931,-0.0045908838598534,-0.0035376373601587,0.0010532464996947
T01794,B1_ALL,ETHUSDT,15m,2,breakout n=20,trend,maker_tp,LONG,2025-06-26 03:00:00+00:00,2500.0249475000005,-0.0126196392634889,-0.0134204583034515,-0.0008008190399626004
T01794,GAP10,ETHUSDT,15m,2,breakout n=20,trend,maker_tp,LONG,2025-06-26 03:00:00+00:00,2500.0249475000005,-0.0126196392634889,-0.0134204583034515,-0.0008008190399626004
T01794,GAP25,ETHUSDT,15m,2,breakout n=20,trend,maker_tp,LONG,2025-06-26 03:00:00+00:00,2500.0249475000005,-0.0126196392634889,-0.0134204583034515,-0.0008008190399626004
T01794,GAP50,ETHUSDT,15m,2,breakout n=20,trend,maker_tp,LONG,2025-06-26 03:00:00+00:00,2500.0249475000005,-0.0126196392634889,-0.0134204583034515,-0.0008008190399626004
T01795,B1_ALL,ETHUSDT,15m,2,breakout n=20,trend,maker_tp,SHORT,2025-06-26 15:30:00+00:00,2423.616403,-0.0130135846706651,-0.0134256287995682,-0.0004120441289031003
T01795,GAP10,ETHUSDT,15m,2,breakout n=20,trend,maker_tp,SHORT,2025-06-26 15:30:00+00:00,2423.616403,-0.0130135846706651,-0.0134256287995682,-0.0004120441289031003
T01795,GAP25,ETHUSDT,15m,2,breakout n=20,trend,maker_tp,SHORT,2025-06-26 15:30:00+00:00,2423.616403,-0.0130135846706651,-0.0134256287995682,-0.0004120441289031003
T01795,GAP50,ETHUSDT,15m,2,breakout n=20,trend,maker_tp,SHORT,2025-06-26 15:30:00+00:00,2423.616403,-0.0130135846706651,-0.0134256287995682,-0.0004120441289031003
T01796,B1_ALL,ETHUSDT,15m,2,breakout n=20,trend,maker_tp,SHORT,2025-06-26 21:45:00+00:00,2412.4380800000004,0.0108720541730854,0.0107192438471716,-0.00015281032591379917
T01796,GAP10,ETHUSDT,15m,2,breakout n=20,trend,maker_tp,SHORT,2025-06-26 21:45:00+00:00,2412.4380800000004,0.0108720541730854,0.0107192438471716,-0.00015281032591379917
T01796,GAP25,ETHUSDT,15m,2,breakout n=20,trend,maker_tp,SHORT,2025-06-26 21:45:00+00:00,2412.4380800000004,0.0108720541730854,0.0107192438471716,-0.00015281032591379917
T01796,GAP50,ETHUSDT,15m,2,breakout n=20,trend,maker_tp,SHORT,2025-06-26 21:45:00+00:00,2412.4380800000004,0.0108720541730854,0.0107192438471716,-0.00015281032591379917
T01797,B1_ALL,ETHUSDT,15m,3,donchian n=50 vol=1.5,range,maker_tp,LONG,2025-06-29 08:45:00+00:00,2443.1264140000003,0.0037096648515687,0.0038383710947332,0.00012870624316449995
T01797,GAP10,ETHUSDT,15m,3,donchian n=50 vol=1.5,range,maker_tp,LONG,2025-06-29 08:45:00+00:00,2443.1264140000003,0.0037096648515687,0.0038383710947332,0.00012870624316449995
T01797,GAP25,ETHUSDT,15m,3,donchian n=50 vol=1.5,range,maker_tp,LONG,2025-06-29 08:45:00+00:00,2443.1264140000003,0.0037096648515687,0.0038383710947332,0.00012870624316449995
T01797,GAP50,ETHUSDT,15m,3,donchian n=50 vol=1.5,range,maker_tp,LONG,2025-06-29 08:45:00+00:00,2443.1264140000003,0.0037096648515687,0.0038383710947332,0.00012870624316449995
T01798,B1_ALL,ETHUSDT,15m,3,donchian n=50 vol=1.5,range,maker_tp,LONG,2025-06-29 12:00:00+00:00,2452.8578735,-0.0049397867247709,-0.0052104954570264,-0.00027070873225549987
T01798,GAP10,ETHUSDT,15m,3,donchian n=50 vol=1.5,range,maker_tp,LONG,2025-06-29 12:00:00+00:00,2452.8578735,-0.0049397867247709,-0.0052104954570264,-0.00027070873225549987
T01798,GAP25,ETHUSDT,15m,3,donchian n=50 vol=1.5,range,maker_tp,LONG,2025-06-29 12:00:00+00:00,2452.8578735,-0.0049397867247709,-0.0052104954570264,-0.00027070873225549987
T01798,GAP50,ETHUSDT,15m,3,donchian n=50 vol=1.5,range,maker_tp,LONG,2025-06-29 12:00:00+00:00,2452.8578735,-0.0049397867247709,-0.0052104954570264,-0.00027070873225549987
T01799,B1_ALL,ETHUSDT,15m,3,donchian n=50 vol=1.5,range,maker_tp,SHORT,2025-06-29 21:15:00+00:00,2430.6853425000004,-0.0053812369863955,-0.0057286647691868,-0.00034742778279129964
T01799,GAP10,ETHUSDT,15m,3,donchian n=50 vol=1.5,range,maker_tp,SHORT,2025-06-29 21:15:00+00:00,2430.6853425000004,-0.0053812369863955,-0.0057286647691868,-0.00034742778279129964
T01799,GAP25,ETHUSDT,15m,3,donchian n=50 vol=1.5,range,maker_tp,SHORT,2025-06-29 21:15:00+00:00,2430.6853425000004,-0.0053812369863955,-0.0057286647691868,-0.00034742778279129964
T01799,GAP50,ETHUSDT,15m,3,donchian n=50 vol=1.5,range,maker_tp,SHORT,2025-06-29 21:15:00+00:00,2430.6853425000004,-0.0053812369863955,-0.0057286647691868,-0.00034742778279129964
T01800,B1_ALL,ETHUSDT,15m,3,donchian n=50 vol=1.5,range,maker_tp,LONG,2025-06-29 22:30:00+00:00,2492.3237925,-0.0073561591323333,-0.0079632815901506,-0.0006071224578172996
T01800,GAP10,ETHUSDT,15m,3,donchian n=50 vol=1.5,range,maker_tp,LONG,2025-06-29 22:30:00+00:00,2492.3237925,-0.0073561591323333,-0.0079632815901506,-0.0006071224578172996
T01800,GAP25,ETHUSDT,15m,3,donchian n=50 vol=1.5,range,maker_tp,LONG,2025-06-29 22:30:00+00:00,2492.3237925,-0.0073561591323333,-0.0079632815901506,-0.0006071224578172996
T01800,GAP50,ETHUSDT,15m,3,donchian n=50 vol=1.5,range,maker_tp,LONG,2025-06-29 22:30:00+00:00,2492.3237925,-0.0073561591323333,-0.0079632815901506,-0.0006071224578172996
T01801,B1_ALL,ETHUSDT,15m,3,donchian n=50 vol=1.5,range,maker_tp,LONG,2025-06-29 23:00:00+00:00,2506.2658835,-0.0083097469315128,-0.0088111085778276,-0.0005013616463147991
T01801,GAP10,ETHUSDT,15m,3,donchian n=50 vol=1.5,range,maker_tp,LONG,2025-06-29 23:00:00+00:00,2506.2658835,-0.0083097469315128,-0.0088111085778276,-0.0005013616463147991
T01801,GAP25,ETHUSDT,15m,3,donchian n=50 vol=1.5,range,maker_tp,LONG,2025-06-29 23:00:00+00:00,2506.2658835,-0.0083097469315128,-0.0088111085778276,-0.0005013616463147991
T01801,GAP50,ETHUSDT,15m,3,donchian n=50 vol=1.5,range,maker_tp,LONG,2025-06-29 23:00:00+00:00,2506.2658835,-0.0083097469315128,-0.0088111085778276,-0.0005013616463147991
T01802,B1_ALL,ETHUSDT,15m,3,donchian n=50 vol=1.5,range,maker_tp,SHORT,2025-07-01 12:30:00+00:00,2437.7642805,-0.006102164781688,-0.006069054984682,3.3109797006000176e-05
T01802,GAP10,ETHUSDT,15m,3,donchian n=50 vol=1.5,range,maker_tp,SHORT,2025-07-01 12:30:00+00:00,2437.7642805,-0.006102164781688,-0.006069054984682,3.3109797006000176e-05
T01802,GAP25,ETHUSDT,15m,3,donchian n=50 vol=1.5,range,maker_tp,SHORT,2025-07-01 12:30:00+00:00,2437.7642805,-0.006102164781688,-0.006069054984682,3.3109797006000176e-05
T01802,GAP50,ETHUSDT,15m,3,donchian n=50 vol=1.5,range,maker_tp,SHORT,2025-07-01 12:30:00+00:00,2437.7642805,-0.006102164781688,-0.006069054984682,3.3109797006000176e-05
T01803,B1_ALL,ETHUSDT,15m,3,donchian n=50 vol=1.5,range,maker_tp,SHORT,2025-07-01 14:45:00+00:00,2418.177219,0.0059863016461815,0.0048929323395573,-0.0010933693066242003
T01803,GAP10,ETHUSDT,15m,3,donchian n=50 vol=1.5,range,maker_tp,SHORT,2025-07-01 14:45:00+00:00,2418.177219,0.0059863016461815,0.0048929323395573,-0.0010933693066242003
T01803,GAP25,ETHUSDT,15m,3,donchian n=50 vol=1.5,range,maker_tp,SHORT,2025-07-01 14:45:00+00:00,2418.177219,0.0059863016461815,0.0048929323395573,-0.0010933693066242003
T01803,GAP50,ETHUSDT,15m,3,donchian n=50 vol=1.5,range,maker_tp,SHORT,2025-07-01 14:45:00+00:00,2418.177219,0.0059863016461815,0.0048929323395573,-0.0010933693066242003
T01804,B1_ALL,ETHUSDT,15m,3,donchian n=50 vol=1.5,range,maker_tp,LONG,2025-07-02 14:30:00+00:00,2458.7987645000003,0.0095147856604523,0.0096787512149102,0.00016396555445790002
T01804,GAP10,ETHUSDT,15m,3,donchian n=50 vol=1.5,range,maker_tp,LONG,2025-07-02 14:30:00+00:00,2458.7987645000003,0.0095147856604523,0.0096787512149102,0.00016396555445790002
T01804,GAP25,ETHUSDT,15m,3,donchian n=50 vol=1.5,range,maker_tp,LONG,2025-07-02 14:30:00+00:00,2458.7987645000003,0.0095147856604523,0.0096787512149102,0.00016396555445790002
T01804,GAP50,ETHUSDT,15m,3,donchian n=50 vol=1.5,range,maker_tp,LONG,2025-07-02 14:30:00+00:00,2458.7987645000003,0.0095147856604523,0.0096787512149102,0.00016396555445790002
T01805,B1_ALL,ETHUSDT,15m,3,donchian n=50 vol=1.5,range,maker_tp,SHORT,2025-07-04 16:15:00+00:00,2481.9476520000003,-0.0079477939713448,-0.0080683028781968,-0.00012050890685199982
T01805,GAP10,ETHUSDT,15m,3,donchian n=50 vol=1.5,range,maker_tp,SHORT,2025-07-04 16:15:00+00:00,2481.9476520000003,-0.0079477939713448,-0.0080683028781968,-0.00012050890685199982
T01805,GAP25,ETHUSDT,15m,3,donchian n=50 vol=1.5,range,maker_tp,SHORT,2025-07-04 16:15:00+00:00,2481.9476520000003,-0.0079477939713448,-0.0080683028781968,-0.00012050890685199982
T01805,GAP50,ETHUSDT,15m,3,donchian n=50 vol=1.5,range,maker_tp,SHORT,2025-07-04 16:15:00+00:00,2481.9476520000003,-0.0079477939713448,-0.0080683028781968,-0.00012050890685199982
T01806,B1_ALL,ETHUSDT,15m,3,donchian n=50 vol=1.5,range,maker_tp,SHORT,2025-07-06 10:00:00+00:00,2506.5539605,-0.003976807803151,-0.0039982304388743,-2.142263572329963e-05
T01806,GAP10,ETHUSDT,15m,3,donchian n=50 vol=1.5,range,maker_tp,SHORT,2025-07-06 10:00:00+00:00,2506.5539605,-0.003976807803151,-0.0039982304388743,-2.142263572329963e-05
T01806,GAP25,ETHUSDT,15m,3,donchian n=50 vol=1.5,range,maker_tp,SHORT,2025-07-06 10:00:00+00:00,2506.5539605,-0.003976807803151,-0.0039982304388743,-2.142263572329963e-05
T01806,GAP50,ETHUSDT,15m,3,donchian n=50 vol=1.5,range,maker_tp,SHORT,2025-07-06 10:00:00+00:00,2506.5539605,-0.003976807803151,-0.0039982304388743,-2.142263572329963e-05
T01807,B1_ALL,ETHUSDT,15m,3,donchian n=50 vol=1.5,range,maker_tp,LONG,2025-07-06 13:30:00+00:00,2541.3411440000004,-0.0045275557209883,0.0056460732307653,0.0101736289517536
T01807,GAP10,ETHUSDT,15m,3,donchian n=50 vol=1.5,range,maker_tp,LONG,2025-07-06 13:30:00+00:00,2541.3411440000004,-0.0045275557209883,0.0056460732307653,0.0101736289517536
T01807,GAP25,ETHUSDT,15m,3,donchian n=50 vol=1.5,range,maker_tp,LONG,2025-07-06 13:30:00+00:00,2541.3411440000004,-0.0045275557209883,0.0056460732307653,0.0101736289517536
T01807,GAP50,ETHUSDT,15m,3,donchian n=50 vol=1.5,range,maker_tp,LONG,2025-07-06 13:30:00+00:00,2541.3411440000004,-0.0045275557209883,0.0056460732307653,0.0101736289517536
T01808,B1_ALL,ETHUSDT,15m,3,donchian n=50 vol=1.5,range,maker_tp,LONG,2025-07-06 14:00:00+00:00,2553.9430340000004,-0.0057016645887731,-0.0058073439497615,-0.00010567936098839978
T01808,GAP10,ETHUSDT,15m,3,donchian n=50 vol=1.5,range,maker_tp,LONG,2025-07-06 14:00:00+00:00,2553.9430340000004,-0.0057016645887731,-0.0058073439497615,-0.00010567936098839978
T01808,GAP25,ETHUSDT,15m,3,donchian n=50 vol=1.5,range,maker_tp,LONG,2025-07-06 14:00:00+00:00,2553.9430340000004,-0.0057016645887731,-0.0058073439497615,-0.00010567936098839978
T01808,GAP50,ETHUSDT,15m,3,donchian n=50 vol=1.5,range,maker_tp,LONG,2025-07-06 14:00:00+00:00,2553.9430340000004,-0.0057016645887731,-0.0058073439497615,-0.00010567936098839978
T01809,B1_ALL,ETHUSDT,15m,3,donchian n=50 vol=1.5,range,maker_tp,LONG,2025-07-06 21:45:00+00:00,2587.228026,-0.0075310243729878,-0.0077331388129002,-0.00020211443991239968
T01809,GAP10,ETHUSDT,15m,3,donchian n=50 vol=1.5,range,maker_tp,LONG,2025-07-06 21:45:00+00:00,2587.228026,-0.0075310243729878,-0.0077331388129002,-0.00020211443991239968
T01809,GAP25,ETHUSDT,15m,3,donchian n=50 vol=1.5,range,maker_tp,LONG,2025-07-06 21:45:00+00:00,2587.228026,-0.0075310243729878,-0.0077331388129002,-0.00020211443991239968
T01809,GAP50,ETHUSDT,15m,3,donchian n=50 vol=1.5,range,maker_tp,LONG,2025-07-06 21:45:00+00:00,2587.228026,-0.0075310243729878,-0.0077331388129002,-0.00020211443991239968
T01810,B1_ALL,ETHUSDT,15m,3,donchian n=50 vol=1.5,range,maker_tp,LONG,2025-07-08 10:45:00+00:00,2565.3347425,0.006265887872881,0.0061073698744337,-0.00015851799844730004
T01810,GAP10,ETHUSDT,15m,3,donchian n=50 vol=1.5,range,maker_tp,LONG,2025-07-08 10:45:00+00:00,2565.3347425,0.006265887872881,0.0061073698744337,-0.00015851799844730004
T01810,GAP25,ETHUSDT,15m,3,donchian n=50 vol=1.5,range,maker_tp,LONG,2025-07-08 10:45:00+00:00,2565.3347425,0.006265887872881,0.0061073698744337,-0.00015851799844730004
T01810,GAP50,ETHUSDT,15m,3,donchian n=50 vol=1.5,range,maker_tp,LONG,2025-07-08 10:45:00+00:00,2565.3347425,0.006265887872881,0.0061073698744337,-0.00015851799844730004
T01811,B1_ALL,ETHUSDT,15m,3,donchian n=50 vol=1.5,range,maker_tp,SHORT,2025-07-25 03:45:00+00:00,3593.7108625,-0.0121872653133739,-0.0119427572319333,0.0002445080814406
T01811,GAP10,ETHUSDT,15m,3,donchian n=50 vol=1.5,range,maker_tp,SHORT,2025-07-25 03:45:00+00:00,3593.7108625,-0.0121872653133739,-0.0119427572319333,0.0002445080814406
T01811,GAP25,ETHUSDT,15m,3,donchian n=50 vol=1.5,range,maker_tp,SHORT,2025-07-25 03:45:00+00:00,3593.7108625,-0.0121872653133739,-0.0119427572319333,0.0002445080814406
T01811,GAP50,ETHUSDT,15m,3,donchian n=50 vol=1.5,range,maker_tp,SHORT,2025-07-25 03:45:00+00:00,3593.7108625,-0.0121872653133739,-0.0119427572319333,0.0002445080814406
T01812,B1_ALL,ETHUSDT,15m,3,donchian n=50 vol=1.5,range,maker_tp,SHORT,2025-07-29 16:45:00+00:00,3748.9275765,-0.0107506520332032,-0.0109086368108848,-0.00015798477768159958
T01812,GAP10,ETHUSDT,15m,3,donchian n=50 vol=1.5,range,maker_tp,SHORT,2025-07-29 16:45:00+00:00,3748.9275765,-0.0107506520332032,-0.0109086368108848,-0.00015798477768159958
T01812,GAP25,ETHUSDT,15m,3,donchian n=50 vol=1.5,range,maker_tp,SHORT,2025-07-29 16:45:00+00:00,3748.9275765,-0.0107506520332032,-0.0109086368108848,-0.00015798477768159958
T01812,GAP50,ETHUSDT,15m,3,donchian n=50 vol=1.5,range,maker_tp,SHORT,2025-07-29 16:45:00+00:00,3748.9275765,-0.0107506520332032,-0.0109086368108848,-0.00015798477768159958
T01813,B1_ALL,ETHUSDT,15m,3,donchian n=50 vol=1.5,range,maker_tp,SHORT,2025-07-30 11:30:00+00:00,3749.6474685,-0.0084526109292749,-0.0083703367320377,8.227419723719903e-05
T01813,GAP10,ETHUSDT,15m,3,donchian n=50 vol=1.5,range,maker_tp,SHORT,2025-07-30 11:30:00+00:00,3749.6474685,-0.0084526109292749,-0.0083703367320377,8.227419723719903e-05
T01813,GAP25,ETHUSDT,15m,3,donchian n=50 vol=1.5,range,maker_tp,SHORT,2025-07-30 11:30:00+00:00,3749.6474685,-0.0084526109292749,-0.0083703367320377,8.227419723719903e-05
T01813,GAP50,ETHUSDT,15m,3,donchian n=50 vol=1.5,range,maker_tp,SHORT,2025-07-30 11:30:00+00:00,3749.6474685,-0.0084526109292749,-0.0083703367320377,8.227419723719903e-05
T01814,B1_ALL,ETHUSDT,15m,3,donchian n=50 vol=1.5,range,maker_tp,SHORT,2025-07-30 19:00:00+00:00,3713.8928325,-0.0112173274552889,-0.0123906709672693,-0.001173343511980401
T01814,GAP10,ETHUSDT,15m,3,donchian n=50 vol=1.5,range,maker_tp,SHORT,2025-07-30 19:00:00+00:00,3713.8928325,-0.0112173274552889,-0.0123906709672693,-0.001173343511980401
T01814,GAP25,ETHUSDT,15m,3,donchian n=50 vol=1.5,range,maker_tp,SHORT,2025-07-30 19:00:00+00:00,3713.8928325,-0.0112173274552889,-0.0123906709672693,-0.001173343511980401
T01814,GAP50,ETHUSDT,15m,3,donchian n=50 vol=1.5,range,maker_tp,SHORT,2025-07-30 19:00:00+00:00,3713.8928325,-0.0112173274552889,-0.0123906709672693,-0.001173343511980401
T01815,B1_ALL,ETHUSDT,15m,3,donchian n=50 vol=1.5,range,maker_tp,SHORT,2025-07-31 18:15:00+00:00,3774.2437785,0.0151485580716209,0.0157166375260539,0.0005680794544330008
T01815,GAP10,ETHUSDT,15m,3,donchian n=50 vol=1.5,range,maker_tp,SHORT,2025-07-31 18:15:00+00:00,3774.2437785,0.0151485580716209,0.0157166375260539,0.0005680794544330008
T01815,GAP25,ETHUSDT,15m,3,donchian n=50 vol=1.5,range,maker_tp,SHORT,2025-07-31 18:15:00+00:00,3774.2437785,0.0151485580716209,0.0157166375260539,0.0005680794544330008
T01815,GAP50,ETHUSDT,15m,3,donchian n=50 vol=1.5,range,maker_tp,SHORT,2025-07-31 18:15:00+00:00,3774.2437785,0.0151485580716209,0.0157166375260539,0.0005680794544330008
T01816,B1_ALL,ETHUSDT,15m,3,donchian n=50 vol=1.5,range,maker_tp,LONG,2025-08-06 05:30:00+00:00,3646.726927,-0.0083815781699969,-0.0089313379847574,-0.0005497598147605007
T01816,GAP10,ETHUSDT,15m,3,donchian n=50 vol=1.5,range,maker_tp,LONG,2025-08-06 05:30:00+00:00,3646.726927,-0.0083815781699969,-0.0089313379847574,-0.0005497598147605007
T01816,GAP25,ETHUSDT,15m,3,donchian n=50 vol=1.5,range,maker_tp,LONG,2025-08-06 05:30:00+00:00,3646.726927,-0.0083815781699969,-0.0089313379847574,-0.0005497598147605007
T01816,GAP50,ETHUSDT,15m,3,donchian n=50 vol=1.5,range,maker_tp,LONG,2025-08-06 05:30:00+00:00,3646.726927,-0.0083815781699969,-0.0089313379847574,-0.0005497598147605007
T01817,B1_ALL,ETHUSDT,15m,3,donchian n=50 vol=1.5,range,maker_tp,LONG,2025-08-06 16:00:00+00:00,3649.8373935,0.0049402607309917,0.0063731873110269,0.0014329265800352006
T01817,GAP10,ETHUSDT,15m,3,donchian n=50 vol=1.5,range,maker_tp,LONG,2025-08-06 16:00:00+00:00,3649.8373935,0.0049402607309917,0.0063731873110269,0.0014329265800352006
T01817,GAP25,ETHUSDT,15m,3,donchian n=50 vol=1.5,range,maker_tp,LONG,2025-08-06 16:00:00+00:00,3649.8373935,0.0049402607309917,0.0063731873110269,0.0014329265800352006
T01817,GAP50,ETHUSDT,15m,3,donchian n=50 vol=1.5,range,maker_tp,LONG,2025-08-06 16:00:00+00:00,3649.8373935,0.0049402607309917,0.0063731873110269,0.0014329265800352006
T01818,B1_ALL,ETHUSDT,15m,4,donchian n=50 vol=1.5,range,maker_tp,SHORT,2025-08-18 01:30:00+00:00,4397.100336,0.015068619190027,0.0158344781076874,0.0007658589176604003
T01818,GAP10,ETHUSDT,15m,4,donchian n=50 vol=1.5,range,maker_tp,SHORT,2025-08-18 01:30:00+00:00,4397.100336,0.015068619190027,0.0158344781076874,0.0007658589176604003
T01818,GAP25,ETHUSDT,15m,4,donchian n=50 vol=1.5,range,maker_tp,SHORT,2025-08-18 01:30:00+00:00,4397.100336,0.015068619190027,0.0158344781076874,0.0007658589176604003
T01818,GAP50,ETHUSDT,15m,4,donchian n=50 vol=1.5,range,maker_tp,SHORT,2025-08-18 01:30:00+00:00,4397.100336,0.015068619190027,0.0158344781076874,0.0007658589176604003
T01819,B1_ALL,ETHUSDT,15m,4,donchian n=50 vol=1.5,range,maker_tp,SHORT,2025-08-21 15:15:00+00:00,4250.792285500001,0.0036448801195579,0.0010641153027192,-0.0025807648168387
T01819,GAP10,ETHUSDT,15m,4,donchian n=50 vol=1.5,range,maker_tp,SHORT,2025-08-21 15:15:00+00:00,4250.792285500001,0.0036448801195579,0.0010641153027192,-0.0025807648168387
T01819,GAP25,ETHUSDT,15m,4,donchian n=50 vol=1.5,range,maker_tp,SHORT,2025-08-21 15:15:00+00:00,4250.792285500001,0.0036448801195579,0.0010641153027192,-0.0025807648168387
T01819,GAP50,ETHUSDT,15m,4,donchian n=50 vol=1.5,range,maker_tp,SHORT,2025-08-21 15:15:00+00:00,4250.792285500001,0.0036448801195579,0.0010641153027192,-0.0025807648168387
T01820,B1_ALL,ETHUSDT,15m,4,donchian n=50 vol=1.5,range,maker_tp,LONG,2025-08-22 07:30:00+00:00,4330.009404,-0.0087756490356583,-0.0085804205659456,0.0001952284697126997
T01820,GAP10,ETHUSDT,15m,4,donchian n=50 vol=1.5,range,maker_tp,LONG,2025-08-22 07:30:00+00:00,4330.009404,-0.0087756490356583,-0.0085804205659456,0.0001952284697126997
T01820,GAP25,ETHUSDT,15m,4,donchian n=50 vol=1.5,range,maker_tp,LONG,2025-08-22 07:30:00+00:00,4330.009404,-0.0087756490356583,-0.0085804205659456,0.0001952284697126997
T01820,GAP50,ETHUSDT,15m,4,donchian n=50 vol=1.5,range,maker_tp,LONG,2025-08-22 07:30:00+00:00,4330.009404,-0.0087756490356583,-0.0085804205659456,0.0001952284697126997
T01821,B1_ALL,ETHUSDT,15m,4,donchian n=50 vol=1.5,range,maker_tp,LONG,2025-08-22 14:15:00+00:00,4576.8364225000005,0.0295279210643609,0.0324613518964739,0.002933430832113001
T01821,GAP10,ETHUSDT,15m,4,donchian n=50 vol=1.5,range,maker_tp,LONG,2025-08-22 14:15:00+00:00,4576.8364225000005,0.0295279210643609,0.0324613518964739,0.002933430832113001
T01821,GAP25,ETHUSDT,15m,4,donchian n=50 vol=1.5,range,maker_tp,LONG,2025-08-22 14:15:00+00:00,4576.8364225000005,0.0295279210643609,0.0324613518964739,0.002933430832113001
T01821,GAP50,ETHUSDT,15m,4,donchian n=50 vol=1.5,range,maker_tp,LONG,2025-08-22 14:15:00+00:00,4576.8364225000005,0.0295279210643609,0.0324613518964739,0.002933430832113001
T01822,B1_ALL,ETHUSDT,15m,4,donchian n=50 vol=1.5,range,maker_tp,SHORT,2025-08-25 10:30:00+00:00,4540.9687525,-0.0114858338584258,-0.0116192046481397,-0.00013337078971389915
T01822,GAP10,ETHUSDT,15m,4,donchian n=50 vol=1.5,range,maker_tp,SHORT,2025-08-25 10:30:00+00:00,4540.9687525,-0.0114858338584258,-0.0116192046481397,-0.00013337078971389915
T01822,GAP25,ETHUSDT,15m,4,donchian n=50 vol=1.5,range,maker_tp,SHORT,2025-08-25 10:30:00+00:00,4540.9687525,-0.0114858338584258,-0.0116192046481397,-0.00013337078971389915
T01822,GAP50,ETHUSDT,15m,4,donchian n=50 vol=1.5,range,maker_tp,SHORT,2025-08-25 10:30:00+00:00,4540.9687525,-0.0114858338584258,-0.0116192046481397,-0.00013337078971389915
T01823,B1_ALL,ETHUSDT,15m,4,donchian n=50 vol=1.5,range,maker_tp,SHORT,2025-08-27 22:15:00+00:00,4504.6142065,-0.012558946722263,-0.0121434654333451,0.00041548128891790055
T01823,GAP10,ETHUSDT,15m,4,donchian n=50 vol=1.5,range,maker_tp,SHORT,2025-08-27 22:15:00+00:00,4504.6142065,-0.012558946722263,-0.0121434654333451,0.00041548128891790055
T01823,GAP25,ETHUSDT,15m,4,donchian n=50 vol=1.5,range,maker_tp,SHORT,2025-08-27 22:15:00+00:00,4504.6142065,-0.012558946722263,-0.0121434654333451,0.00041548128891790055
T01823,GAP50,ETHUSDT,15m,4,donchian n=50 vol=1.5,range,maker_tp,SHORT,2025-08-27 22:15:00+00:00,4504.6142065,-0.012558946722263,-0.0121434654333451,0.00041548128891790055
T01824,B1_ALL,ETHUSDT,15m,4,donchian n=50 vol=1.5,range,maker_tp,LONG,2025-08-28 08:15:00+00:00,4599.669847,-0.0078695433918363,-0.0079356955695993,-6.615217776300038e-05
T01824,GAP10,ETHUSDT,15m,4,donchian n=50 vol=1.5,range,maker_tp,LONG,2025-08-28 08:15:00+00:00,4599.669847,-0.0078695433918363,-0.0079356955695993,-6.615217776300038e-05
T01824,GAP25,ETHUSDT,15m,4,donchian n=50 vol=1.5,range,maker_tp,LONG,2025-08-28 08:15:00+00:00,4599.669847,-0.0078695433918363,-0.0079356955695993,-6.615217776300038e-05
T01824,GAP50,ETHUSDT,15m,4,donchian n=50 vol=1.5,range,maker_tp,LONG,2025-08-28 08:15:00+00:00,4599.669847,-0.0078695433918363,-0.0079356955695993,-6.615217776300038e-05
T01825,B1_ALL,ETHUSDT,15m,4,donchian n=50 vol=1.5,range,maker_tp,SHORT,2025-08-28 16:00:00+00:00,4519.062039,0.0151261376009576,0.0150471733020675,-7.896429889009925e-05
T01825,GAP10,ETHUSDT,15m,4,donchian n=50 vol=1.5,range,maker_tp,SHORT,2025-08-28 16:00:00+00:00,4519.062039,0.0151261376009576,0.0150471733020675,-7.896429889009925e-05
T01825,GAP25,ETHUSDT,15m,4,donchian n=50 vol=1.5,range,maker_tp,SHORT,2025-08-28 16:00:00+00:00,4519.062039,0.0151261376009576,0.0150471733020675,-7.896429889009925e-05
T01825,GAP50,ETHUSDT,15m,4,donchian n=50 vol=1.5,range,maker_tp,SHORT,2025-08-28 16:00:00+00:00,4519.062039,0.0151261376009576,0.0150471733020675,-7.896429889009925e-05
T01826,B1_ALL,ETHUSDT,15m,4,donchian n=50 vol=1.5,range,maker_tp,LONG,2025-08-31 04:00:00+00:00,4478.6616985,-0.0066130039396729,-0.0066824895514346,-6.948561176169966e-05
T01826,GAP10,ETHUSDT,15m,4,donchian n=50 vol=1.5,range,maker_tp,LONG,2025-08-31 04:00:00+00:00,4478.6616985,-0.0066130039396729,-0.0066824895514346,-6.948561176169966e-05
T01826,GAP25,ETHUSDT,15m,4,donchian n=50 vol=1.5,range,maker_tp,LONG,2025-08-31 04:00:00+00:00,4478.6616985,-0.0066130039396729,-0.0066824895514346,-6.948561176169966e-05
T01826,GAP50,ETHUSDT,15m,4,donchian n=50 vol=1.5,range,maker_tp,LONG,2025-08-31 04:00:00+00:00,4478.6616985,-0.0066130039396729,-0.0066824895514346,-6.948561176169966e-05
T01827,B1_ALL,ETHUSDT,15m,4,donchian n=50 vol=1.5,range,maker_tp,LONG,2025-09-03 14:45:00+00:00,4465.4197125,-0.0055647273393585,-0.0050011794300063,0.0005635479093521996
T01827,GAP10,ETHUSDT,15m,4,donchian n=50 vol=1.5,range,maker_tp,LONG,2025-09-03 14:45:00+00:00,4465.4197125,-0.0055647273393585,-0.0050011794300063,0.0005635479093521996
T01827,GAP25,ETHUSDT,15m,4,donchian n=50 vol=1.5,range,maker_tp,LONG,2025-09-03 14:45:00+00:00,4465.4197125,-0.0055647273393585,-0.0050011794300063,0.0005635479093521996
T01827,GAP50,ETHUSDT,15m,4,donchian n=50 vol=1.5,range,maker_tp,LONG,2025-09-03 14:45:00+00:00,4465.4197125,-0.0055647273393585,-0.0050011794300063,0.0005635479093521996
T01828,B1_ALL,ETHUSDT,15m,4,donchian n=50 vol=1.5,range,maker_tp,SHORT,2025-09-04 14:15:00+00:00,4349.3375015,0.0157550410876089,0.0158019295588561,4.688847124719939e-05
T01828,GAP10,ETHUSDT,15m,4,donchian n=50 vol=1.5,range,maker_tp,SHORT,2025-09-04 14:15:00+00:00,4349.3375015,0.0157550410876089,0.0158019295588561,4.688847124719939e-05
T01828,GAP25,ETHUSDT,15m,4,donchian n=50 vol=1.5,range,maker_tp,SHORT,2025-09-04 14:15:00+00:00,4349.3375015,0.0157550410876089,0.0158019295588561,4.688847124719939e-05
T01828,GAP50,ETHUSDT,15m,4,donchian n=50 vol=1.5,range,maker_tp,SHORT,2025-09-04 14:15:00+00:00,4349.3375015,0.0157550410876089,0.0158019295588561,4.688847124719939e-05
T01829,B1_ALL,ETHUSDT,15m,4,donchian n=50 vol=1.5,range,maker_tp,LONG,2025-09-05 12:30:00+00:00,4432.224734000001,-0.0068418022631639,-0.0086087326929377,-0.0017669304297737998
T01829,GAP10,ETHUSDT,15m,4,donchian n=50 vol=1.5,range,maker_tp,LONG,2025-09-05 12:30:00+00:00,4432.224734000001,-0.0068418022631639,-0.0086087326929377,-0.0017669304297737998
T01829,GAP25,ETHUSDT,15m,4,donchian n=50 vol=1.5,range,maker_tp,LONG,2025-09-05 12:30:00+00:00,4432.224734000001,-0.0068418022631639,-0.0086087326929377,-0.0017669304297737998
T01829,GAP50,ETHUSDT,15m,4,donchian n=50 vol=1.5,range,maker_tp,LONG,2025-09-05 12:30:00+00:00,4432.224734000001,-0.0068418022631639,-0.0086087326929377,-0.0017669304297737998
T01830,B1_ALL,ETHUSDT,15m,4,donchian n=50 vol=1.5,range,maker_tp,SHORT,2025-09-05 14:45:00+00:00,4270.35935,-0.0125604339837904,-0.0126175668719394,-5.7132888149000194e-05
T01830,GAP10,ETHUSDT,15m,4,donchian n=50 vol=1.5,range,maker_tp,SHORT,2025-09-05 14:45:00+00:00,4270.35935,-0.0125604339837904,-0.0126175668719394,-5.7132888149000194e-05
T01830,GAP25,ETHUSDT,15m,4,donchian n=50 vol=1.5,range,maker_tp,SHORT,2025-09-05 14:45:00+00:00,4270.35935,-0.0125604339837904,-0.0126175668719394,-5.7132888149000194e-05
T01830,GAP50,ETHUSDT,15m,4,donchian n=50 vol=1.5,range,maker_tp,SHORT,2025-09-05 14:45:00+00:00,4270.35935,-0.0125604339837904,-0.0126175668719394,-5.7132888149000194e-05
T01831,B1_ALL,ETHUSDT,15m,4,donchian n=50 vol=1.5,range,maker_tp,SHORT,2025-09-07 17:15:00+00:00,4271.579167000001,-0.0045975053121888,-0.0046168273411668,-1.9322028978000123e-05
T01831,GAP10,ETHUSDT,15m,4,donchian n=50 vol=1.5,range,maker_tp,SHORT,2025-09-07 17:15:00+00:00,4271.579167000001,-0.0045975053121888,-0.0046168273411668,-1.9322028978000123e-05
T01831,GAP25,ETHUSDT,15m,4,donchian n=50 vol=1.5,range,maker_tp,SHORT,2025-09-07 17:15:00+00:00,4271.579167000001,-0.0045975053121888,-0.0046168273411668,-1.9322028978000123e-05
T01831,GAP50,ETHUSDT,15m,4,donchian n=50 vol=1.5,range,maker_tp,SHORT,2025-09-07 17:15:00+00:00,4271.579167000001,-0.0045975053121888,-0.0046168273411668,-1.9322028978000123e-05
T01832,B1_ALL,ETHUSDT,15m,4,donchian n=50 vol=1.5,range,maker_tp,LONG,2025-09-07 23:15:00+00:00,4326.998952500001,-0.0046889988197693,-0.0050165771251543,-0.00032757830538499965
T01832,GAP10,ETHUSDT,15m,4,donchian n=50 vol=1.5,range,maker_tp,LONG,2025-09-07 23:15:00+00:00,4326.998952500001,-0.0046889988197693,-0.0050165771251543,-0.00032757830538499965
T01832,GAP25,ETHUSDT,15m,4,donchian n=50 vol=1.5,range,maker_tp,LONG,2025-09-07 23:15:00+00:00,4326.998952500001,-0.0046889988197693,-0.0050165771251543,-0.00032757830538499965
T01832,GAP50,ETHUSDT,15m,4,donchian n=50 vol=1.5,range,maker_tp,LONG,2025-09-07 23:15:00+00:00,4326.998952500001,-0.0046889988197693,-0.0050165771251543,-0.00032757830538499965
T01833,B1_ALL,ETHUSDT,15m,4,donchian n=50 vol=1.5,range,maker_tp,LONG,2025-09-08 13:15:00+00:00,4339.020755500001,-0.006318253322074,-0.0066239124704444,-0.00030565914837039996
T01833,GAP10,ETHUSDT,15m,4,donchian n=50 vol=1.5,range,maker_tp,LONG,2025-09-08 13:15:00+00:00,4339.020755500001,-0.006318253322074,-0.0066239124704444,-0.00030565914837039996
T01833,GAP25,ETHUSDT,15m,4,donchian n=50 vol=1.5,range,maker_tp,LONG,2025-09-08 13:15:00+00:00,4339.020755500001,-0.006318253322074,-0.0066239124704444,-0.00030565914837039996
T01833,GAP50,ETHUSDT,15m,4,donchian n=50 vol=1.5,range,maker_tp,LONG,2025-09-08 13:15:00+00:00,4339.020755500001,-0.006318253322074,-0.0066239124704444,-0.00030565914837039996
T01834,B1_ALL,ETHUSDT,15m,4,donchian n=50 vol=1.5,range,maker_tp,LONG,2025-09-08 15:30:00+00:00,4370.995551000001,-0.0077473319557158,-0.0077857168998348,-3.838494411899981e-05
T01834,GAP10,ETHUSDT,15m,4,donchian n=50 vol=1.5,range,maker_tp,LONG,2025-09-08 15:30:00+00:00,4370.995551000001,-0.0077473319557158,-0.0077857168998348,-3.838494411899981e-05
T01834,GAP25,ETHUSDT,15m,4,donchian n=50 vol=1.5,range,maker_tp,LONG,2025-09-08 15:30:00+00:00,4370.995551000001,-0.0077473319557158,-0.0077857168998348,-3.838494411899981e-05
T01834,GAP50,ETHUSDT,15m,4,donchian n=50 vol=1.5,range,maker_tp,LONG,2025-09-08 15:30:00+00:00,4370.995551000001,-0.0077473319557158,-0.0077857168998348,-3.838494411899981e-05
T01835,B1_ALL,ETHUSDT,15m,4,donchian n=50 vol=1.5,range,maker_tp,LONG,2025-09-09 06:15:00+00:00,4344.7816195000005,-0.0056037686514256,-0.0056931917268514,-8.942307542579922e-05
T01835,GAP10,ETHUSDT,15m,4,donchian n=50 vol=1.5,range,maker_tp,LONG,2025-09-09 06:15:00+00:00,4344.7816195000005,-0.0056037686514256,-0.0056931917268514,-8.942307542579922e-05
T01835,GAP25,ETHUSDT,15m,4,donchian n=50 vol=1.5,range,maker_tp,LONG,2025-09-09 06:15:00+00:00,4344.7816195000005,-0.0056037686514256,-0.0056931917268514,-8.942307542579922e-05
T01835,GAP50,ETHUSDT,15m,4,donchian n=50 vol=1.5,range,maker_tp,LONG,2025-09-09 06:15:00+00:00,4344.7816195000005,-0.0056037686514256,-0.0056931917268514,-8.942307542579922e-05
T01836,B1_ALL,ETHUSDT,15m,4,donchian n=50 vol=1.5,range,maker_tp,LONG,2025-09-10 07:30:00+00:00,4324.008504,-0.00533246491801,-0.0053207345655214,1.1730352488599667e-05
T01836,GAP10,ETHUSDT,15m,4,donchian n=50 vol=1.5,range,maker_tp,LONG,2025-09-10 07:30:00+00:00,4324.008504,-0.00533246491801,-0.0053207345655214,1.1730352488599667e-05
T01836,GAP25,ETHUSDT,15m,4,donchian n=50 vol=1.5,range,maker_tp,LONG,2025-09-10 07:30:00+00:00,4324.008504,-0.00533246491801,-0.0053207345655214,1.1730352488599667e-05
T01836,GAP50,ETHUSDT,15m,4,donchian n=50 vol=1.5,range,maker_tp,LONG,2025-09-10 07:30:00+00:00,4324.008504,-0.00533246491801,-0.0053207345655214,1.1730352488599667e-05
T01837,B1_ALL,ETHUSDT,15m,4,donchian n=50 vol=1.5,range,maker_tp,LONG,2025-09-10 12:30:00+00:00,4378.126620500001,-0.0047663703110157,-0.0057916211010033,-0.0010252507899875998
T01837,GAP10,ETHUSDT,15m,4,donchian n=50 vol=1.5,range,maker_tp,LONG,2025-09-10 12:30:00+00:00,4378.126620500001,-0.0047663703110157,-0.0057916211010033,-0.0010252507899875998
T01837,GAP25,ETHUSDT,15m,4,donchian n=50 vol=1.5,range,maker_tp,LONG,2025-09-10 12:30:00+00:00,4378.126620500001,-0.0047663703110157,-0.0057916211010033,-0.0010252507899875998
T01837,GAP50,ETHUSDT,15m,4,donchian n=50 vol=1.5,range,maker_tp,LONG,2025-09-10 12:30:00+00:00,4378.126620500001,-0.0047663703110157,-0.0057916211010033,-0.0010252507899875998
T01838,B1_ALL,ETHUSDT,15m,4,donchian n=50 vol=1.5,range,maker_tp,LONG,2025-09-10 14:00:00+00:00,4435.0451570000005,-0.0078733260597232,-0.00829457096182,-0.0004212449020967995
T01838,GAP10,ETHUSDT,15m,4,donchian n=50 vol=1.5,range,maker_tp,LONG,2025-09-10 14:00:00+00:00,4435.0451570000005,-0.0078733260597232,-0.00829457096182,-0.0004212449020967995
T01838,GAP25,ETHUSDT,15m,4,donchian n=50 vol=1.5,range,maker_tp,LONG,2025-09-10 14:00:00+00:00,4435.0451570000005,-0.0078733260597232,-0.00829457096182,-0.0004212449020967995
T01838,GAP50,ETHUSDT,15m,4,donchian n=50 vol=1.5,range,maker_tp,LONG,2025-09-10 14:00:00+00:00,4435.0451570000005,-0.0078733260597232,-0.00829457096182,-0.0004212449020967995
T01839,B1_ALL,ETHUSDT,15m,4,donchian n=50 vol=1.5,range,maker_tp,SHORT,2025-09-15 08:15:00+00:00,4556.8463705,0.0120522682692837,0.0119503327956386,-0.00010193547364509975
T01839,GAP10,ETHUSDT,15m,4,donchian n=50 vol=1.5,range,maker_tp,SHORT,2025-09-15 08:15:00+00:00,4556.8463705,0.0120522682692837,0.0119503327956386,-0.00010193547364509975
T01839,GAP25,ETHUSDT,15m,4,donchian n=50 vol=1.5,range,maker_tp,SHORT,2025-09-15 08:15:00+00:00,4556.8463705,0.0120522682692837,0.0119503327956386,-0.00010193547364509975
T01839,GAP50,ETHUSDT,15m,4,donchian n=50 vol=1.5,range,maker_tp,SHORT,2025-09-15 08:15:00+00:00,4556.8463705,0.0120522682692837,0.0119503327956386,-0.00010193547364509975
T01840,B1_ALL,ETHUSDT,15m,4,donchian n=50 vol=1.5,range,maker_tp,LONG,2025-09-18 01:45:00+00:00,4617.5025215000005,-0.0088591287224244,-0.0086986512218826,0.00016047750054179986
T01840,GAP10,ETHUSDT,15m,4,donchian n=50 vol=1.5,range,maker_tp,LONG,2025-09-18 01:45:00+00:00,4617.5025215000005,-0.0088591287224244,-0.0086986512218826,0.00016047750054179986
T01840,GAP25,ETHUSDT,15m,4,donchian n=50 vol=1.5,range,maker_tp,LONG,2025-09-18 01:45:00+00:00,4617.5025215000005,-0.0088591287224244,-0.0086986512218826,0.00016047750054179986
T01840,GAP50,ETHUSDT,15m,4,donchian n=50 vol=1.5,range,maker_tp,LONG,2025-09-18 01:45:00+00:00,4617.5025215000005,-0.0088591287224244,-0.0086986512218826,0.00016047750054179986
T01841,B1_ALL,ETHUSDT,15m,4,donchian n=50 vol=1.5,range,maker_tp,SHORT,2025-09-19 11:45:00+00:00,4510.783281,-0.0049746703469889,-0.0049223953231567,5.227502383220017e-05
T01841,GAP10,ETHUSDT,15m,4,donchian n=50 vol=1.5,range,maker_tp,SHORT,2025-09-19 11:45:00+00:00,4510.783281,-0.0049746703469889,-0.0049223953231567,5.227502383220017e-05
T01841,GAP25,ETHUSDT,15m,4,donchian n=50 vol=1.5,range,maker_tp,SHORT,2025-09-19 11:45:00+00:00,4510.783281,-0.0049746703469889,-0.0049223953231567,5.227502383220017e-05
T01841,GAP50,ETHUSDT,15m,4,donchian n=50 vol=1.5,range,maker_tp,SHORT,2025-09-19 11:45:00+00:00,4510.783281,-0.0049746703469889,-0.0049223953231567,5.227502383220017e-05
T01842,B1_ALL,ETHUSDT,15m,4,donchian n=50 vol=1.5,range,maker_tp,SHORT,2025-09-19 15:00:00+00:00,4460.1808725,-0.0062760468789356,-0.0069448871172013,-0.0006688402382657001
T01842,GAP10,ETHUSDT,15m,4,donchian n=50 vol=1.5,range,maker_tp,SHORT,2025-09-19 15:00:00+00:00,4460.1808725,-0.0062760468789356,-0.0069448871172013,-0.0006688402382657001
T01842,GAP25,ETHUSDT,15m,4,donchian n=50 vol=1.5,range,maker_tp,SHORT,2025-09-19 15:00:00+00:00,4460.1808725,-0.0062760468789356,-0.0069448871172013,-0.0006688402382657001
T01842,GAP50,ETHUSDT,15m,4,donchian n=50 vol=1.5,range,maker_tp,SHORT,2025-09-19 15:00:00+00:00,4460.1808725,-0.0062760468789356,-0.0069448871172013,-0.0006688402382657001
T01843,B1_ALL,ETHUSDT,15m,4,donchian n=50 vol=1.5,range,maker_tp,SHORT,2025-09-22 00:30:00+00:00,4358.3561485,-0.0057698419689006,0.0111938690873983,0.016963711056298902
T01843,GAP10,ETHUSDT,15m,4,donchian n=50 vol=1.5,range,maker_tp,SHORT,2025-09-22 00:30:00+00:00,4358.3561485,-0.0057698419689006,0.0111938690873983,0.016963711056298902
T01843,GAP25,ETHUSDT,15m,4,donchian n=50 vol=1.5,range,maker_tp,SHORT,2025-09-22 00:30:00+00:00,4358.3561485,-0.0057698419689006,0.0111938690873983,0.016963711056298902
T01843,GAP50,ETHUSDT,15m,4,donchian n=50 vol=1.5,range,maker_tp,SHORT,2025-09-22 00:30:00+00:00,4358.3561485,-0.0057698419689006,0.0111938690873983,0.016963711056298902
T01844,B1_ALL,ETHUSDT,15m,4,donchian n=50 vol=1.5,range,maker_tp,SHORT,2025-09-22 01:00:00+00:00,4339.1590285,0.0126676825904962,0.0128172823630473,0.00014959977255109974
T01844,GAP10,ETHUSDT,15m,4,donchian n=50 vol=1.5,range,maker_tp,SHORT,2025-09-22 01:00:00+00:00,4339.1590285,0.0126676825904962,0.0128172823630473,0.00014959977255109974
T01844,GAP25,ETHUSDT,15m,4,donchian n=50 vol=1.5,range,maker_tp,SHORT,2025-09-22 01:00:00+00:00,4339.1590285,0.0126676825904962,0.0128172823630473,0.00014959977255109974
T01844,GAP50,ETHUSDT,15m,4,donchian n=50 vol=1.5,range,maker_tp,SHORT,2025-09-22 01:00:00+00:00,4339.1590285,0.0126676825904962,0.0128172823630473,0.00014959977255109974
T01845,B1_ALL,ETHUSDT,15m,5,breakout n=20,range,maker_both,LONG,2025-09-28 22:45:00+00:00,4121.49,-0.0068911694373663,-0.0069703620670016,-7.919262963530013e-05
T01845,GAP0,ETHUSDT,15m,5,breakout n=20,range,maker_both,LONG,2025-09-28 22:45:00+00:00,4121.49,-0.0068911694373663,-0.0069703620670016,-7.919262963530013e-05
T01845,GAP10,ETHUSDT,15m,5,breakout n=20,range,maker_both,LONG,2025-09-28 22:45:00+00:00,4121.49,-0.0068911694373663,-0.0069703620670016,-7.919262963530013e-05
T01845,GAP25,ETHUSDT,15m,5,breakout n=20,range,maker_both,LONG,2025-09-28 22:45:00+00:00,4121.49,-0.0068911694373663,-0.0069703620670016,-7.919262963530013e-05
T01845,GAP50,ETHUSDT,15m,5,breakout n=20,range,maker_both,LONG,2025-09-28 22:45:00+00:00,4121.49,-0.0068911694373663,-0.0069703620670016,-7.919262963530013e-05
T01846,B1_ALL,ETHUSDT,15m,5,breakout n=20,range,maker_both,LONG,2025-10-01 08:45:00+00:00,4270.65,0.0125372033709673,-0.0009364268702755,-0.0134736302412428
T01846,GAP0,ETHUSDT,15m,5,breakout n=20,range,maker_both,LONG,2025-10-01 08:45:00+00:00,4270.65,0.0125372033709673,-0.0009364268702755,-0.0134736302412428
T01846,GAP10,ETHUSDT,15m,5,breakout n=20,range,maker_both,LONG,2025-10-01 08:45:00+00:00,4270.65,0.0125372033709673,-0.0009364268702755,-0.0134736302412428
T01846,GAP25,ETHUSDT,15m,5,breakout n=20,range,maker_both,LONG,2025-10-01 08:45:00+00:00,4270.65,0.0125372033709673,-0.0009364268702755,-0.0134736302412428
T01846,GAP50,ETHUSDT,15m,5,breakout n=20,range,maker_both,LONG,2025-10-01 08:45:00+00:00,4270.65,0.0125372033709673,-0.0009364268702755,-0.0134736302412428
T01847,B1_ALL,ETHUSDT,15m,5,breakout n=20,range,maker_both,LONG,2025-10-19 14:00:00+00:00,3970.25,0.0108593586819919,0.0146581959193515,0.0037988372373596
T01847,GAP25,ETHUSDT,15m,5,breakout n=20,range,maker_both,LONG,2025-10-19 14:00:00+00:00,3970.25,0.0108593586819919,0.0146581959193515,0.0037988372373596
T01847,GAP50,ETHUSDT,15m,5,breakout n=20,range,maker_both,LONG,2025-10-19 14:00:00+00:00,3970.25,0.0108593586819919,0.0146581959193515,0.0037988372373596
T01848,B1_ALL,ETHUSDT,15m,5,breakout n=20,range,maker_both,SHORT,2025-10-21 04:45:00+00:00,3856.16,-0.0080972516331992,-0.008120698861683,-2.344722848380068e-05
T01848,GAP0,ETHUSDT,15m,5,breakout n=20,range,maker_both,SHORT,2025-10-21 04:45:00+00:00,3856.16,-0.0080972516331992,-0.008120698861683,-2.344722848380068e-05
T01848,GAP10,ETHUSDT,15m,5,breakout n=20,range,maker_both,SHORT,2025-10-21 04:45:00+00:00,3856.16,-0.0080972516331992,-0.008120698861683,-2.344722848380068e-05
T01848,GAP25,ETHUSDT,15m,5,breakout n=20,range,maker_both,SHORT,2025-10-21 04:45:00+00:00,3856.16,-0.0080972516331992,-0.008120698861683,-2.344722848380068e-05
T01848,GAP50,ETHUSDT,15m,5,breakout n=20,range,maker_both,SHORT,2025-10-21 04:45:00+00:00,3856.16,-0.0080972516331992,-0.008120698861683,-2.344722848380068e-05
T01849,B1_ALL,ETHUSDT,15m,5,breakout n=20,range,maker_both,SHORT,2025-10-21 20:30:00+00:00,3950.55,0.0225688672032807,0.0217579660096801,-0.0008109011936006001
T01849,GAP10,ETHUSDT,15m,5,breakout n=20,range,maker_both,SHORT,2025-10-21 20:30:00+00:00,3950.55,0.0225688672032807,0.0217579660096801,-0.0008109011936006001
T01849,GAP25,ETHUSDT,15m,5,breakout n=20,range,maker_both,SHORT,2025-10-21 20:30:00+00:00,3950.55,0.0225688672032807,0.0217579660096801,-0.0008109011936006001
T01849,GAP50,ETHUSDT,15m,5,breakout n=20,range,maker_both,SHORT,2025-10-21 20:30:00+00:00,3950.55,0.0225688672032807,0.0217579660096801,-0.0008109011936006001
T01850,B1_ALL,ETHUSDT,15m,5,breakout n=20,range,maker_both,SHORT,2025-10-23 20:15:00+00:00,3840.29,-0.0099646998571221,-0.0096455588605697,0.00031914099655239864
T01850,GAP50,ETHUSDT,15m,5,breakout n=20,range,maker_both,SHORT,2025-10-23 20:15:00+00:00,3840.29,-0.0099646998571221,-0.0096455588605697,0.00031914099655239864
T01851,B1_ALL,ETHUSDT,15m,5,breakout n=20,range,maker_both,SHORT,2025-10-28 20:15:00+00:00,3999.17,-0.0048792614660226,-0.0117742482725863,-0.0068949868065637
T01849,GAP0,ETHUSDT,15m,5,breakout n=20,range,maker_both,SHORT,2025-10-21 20:30:00+00:00,3950.55,0.0225688672032807,-0.0117742482725863,-0.034343115475867
T01850,GAP10,ETHUSDT,15m,5,breakout n=20,range,maker_both,SHORT,2025-10-23 20:15:00+00:00,3840.29,-0.0099646998571221,-0.0117742482725863,-0.0018095484154642006
T01850,GAP25,ETHUSDT,15m,5,breakout n=20,range,maker_both,SHORT,2025-10-23 20:15:00+00:00,3840.29,-0.0099646998571221,-0.0117742482725863,-0.0018095484154642006
T01851,GAP50,ETHUSDT,15m,5,breakout n=20,range,maker_both,SHORT,2025-10-28 20:15:00+00:00,3999.17,-0.0048792614660226,-0.0117742482725863,-0.0068949868065637
T01852,B1_ALL,ETHUSDT,15m,5,breakout n=20,range,maker_both,LONG,2025-11-01 15:15:00+00:00,3891.72,-0.0051976529252936,-0.0053493493131693,-0.00015169638787570008
T01853,B1_ALL,ETHUSDT,15m,5,breakout n=20,range,maker_both,LONG,2025-11-02 05:00:00+00:00,3907.21,-0.0047169937625871,-0.0047906634250811,-7.366966249399993e-05
T01854,B1_ALL,ETHUSDT,15m,5,breakout n=20,range,maker_both,SHORT,2025-11-02 14:30:00+00:00,3841.37,-0.0059826091882507,-0.0061320192795586,-0.00014941009130790047
T01854,GAP50,ETHUSDT,15m,5,breakout n=20,range,maker_both,SHORT,2025-11-02 14:30:00+00:00,3841.37,-0.0059826091882507,-0.0061320192795586,-0.00014941009130790047
T01855,B1_ALL,ETHUSDT,15m,5,breakout n=20,range,maker_both,LONG,2025-11-02 23:45:00+00:00,3899.5,-0.0062394632821678,-0.0063168482571581,-7.738497499030009e-05
T01847,GAP0,ETHUSDT,15m,5,breakout n=20,range,maker_both,LONG,2025-10-19 14:00:00+00:00,3970.25,0.0108593586819919,-0.0063168482571581,-0.01717620693915
T01847,GAP10,ETHUSDT,15m,5,breakout n=20,range,maker_both,LONG,2025-10-19 14:00:00+00:00,3970.25,0.0108593586819919,-0.0063168482571581,-0.01717620693915
T01852,GAP25,ETHUSDT,15m,5,breakout n=20,range,maker_both,LONG,2025-11-01 15:15:00+00:00,3891.72,-0.0051976529252936,-0.0063168482571581,-0.0011191953318645002
T01852,GAP50,ETHUSDT,15m,5,breakout n=20,range,maker_both,LONG,2025-11-01 15:15:00+00:00,3891.72,-0.0051976529252936,-0.0063168482571581,-0.0011191953318645002
T01856,B1_ALL,ETHUSDT,15m,6,donchian n=20 vol=0.0,range,maker_both,SHORT,2025-11-11 17:45:00+00:00,3458.1,0.0089304792455778,0.0119916779609742,0.003061198715396401
T01857,B1_ALL,ETHUSDT,15m,6,donchian n=20 vol=0.0,range,maker_both,SHORT,2025-11-12 15:45:00+00:00,3456.96,0.0213462929856865,0.0032224208161263,-0.018123872169560202
T01856,GAP0,ETHUSDT,15m,6,donchian n=20 vol=0.0,range,maker_both,SHORT,2025-11-11 17:45:00+00:00,3458.1,0.0089304792455778,0.0032224208161263,-0.005708058429451499
T01856,GAP10,ETHUSDT,15m,6,donchian n=20 vol=0.0,range,maker_both,SHORT,2025-11-11 17:45:00+00:00,3458.1,0.0089304792455778,0.0032224208161263,-0.005708058429451499
T01856,GAP25,ETHUSDT,15m,6,donchian n=20 vol=0.0,range,maker_both,SHORT,2025-11-11 17:45:00+00:00,3458.1,0.0089304792455778,0.0032224208161263,-0.005708058429451499
T01856,GAP50,ETHUSDT,15m,6,donchian n=20 vol=0.0,range,maker_both,SHORT,2025-11-11 17:45:00+00:00,3458.1,0.0089304792455778,0.0032224208161263,-0.005708058429451499
T01858,B1_ALL,ETHUSDT,15m,6,donchian n=20 vol=0.0,range,maker_both,SHORT,2025-11-13 13:30:00+00:00,3466.79,0.015427882035285,-0.0103362555060583,-0.0257641375413433
T01857,GAP0,ETHUSDT,15m,6,donchian n=20 vol=0.0,range,maker_both,SHORT,2025-11-12 15:45:00+00:00,3456.96,0.0213462929856865,-0.0103362555060583,-0.0316825484917448
T01857,GAP10,ETHUSDT,15m,6,donchian n=20 vol=0.0,range,maker_both,SHORT,2025-11-12 15:45:00+00:00,3456.96,0.0213462929856865,-0.0103362555060583,-0.0316825484917448
T01857,GAP25,ETHUSDT,15m,6,donchian n=20 vol=0.0,range,maker_both,SHORT,2025-11-12 15:45:00+00:00,3456.96,0.0213462929856865,-0.0103362555060583,-0.0316825484917448
T01857,GAP50,ETHUSDT,15m,6,donchian n=20 vol=0.0,range,maker_both,SHORT,2025-11-12 15:45:00+00:00,3456.96,0.0213462929856865,-0.0103362555060583,-0.0316825484917448
T01859,B1_ALL,ETHUSDT,15m,6,donchian n=20 vol=0.0,range,maker_both,SHORT,2025-11-13 15:45:00+00:00,3390.24,0.0250922051506484,0.0249855398195785,-0.0001066653310698995
T01858,GAP0,ETHUSDT,15m,6,donchian n=20 vol=0.0,range,maker_both,SHORT,2025-11-13 13:30:00+00:00,3466.79,0.015427882035285,0.0249855398195785,0.0095576577842935
T01858,GAP10,ETHUSDT,15m,6,donchian n=20 vol=0.0,range,maker_both,SHORT,2025-11-13 13:30:00+00:00,3466.79,0.015427882035285,0.0249855398195785,0.0095576577842935
T01858,GAP25,ETHUSDT,15m,6,donchian n=20 vol=0.0,range,maker_both,SHORT,2025-11-13 13:30:00+00:00,3466.79,0.015427882035285,0.0249855398195785,0.0095576577842935
T01858,GAP50,ETHUSDT,15m,6,donchian n=20 vol=0.0,range,maker_both,SHORT,2025-11-13 13:30:00+00:00,3466.79,0.015427882035285,0.0249855398195785,0.0095576577842935
T01860,B1_ALL,ETHUSDT,15m,6,donchian n=20 vol=0.0,range,maker_both,SHORT,2025-11-29 17:45:00+00:00,2983.51,-0.0059951981565951,-0.0064942418701435,-0.0004990437135484003
T01859,GAP0,ETHUSDT,15m,6,donchian n=20 vol=0.0,range,maker_both,SHORT,2025-11-13 15:45:00+00:00,3390.24,0.0250922051506484,-0.0064942418701435,-0.0315864470207919
T01859,GAP10,ETHUSDT,15m,6,donchian n=20 vol=0.0,range,maker_both,SHORT,2025-11-13 15:45:00+00:00,3390.24,0.0250922051506484,-0.0064942418701435,-0.0315864470207919
T01859,GAP25,ETHUSDT,15m,6,donchian n=20 vol=0.0,range,maker_both,SHORT,2025-11-13 15:45:00+00:00,3390.24,0.0250922051506484,-0.0064942418701435,-0.0315864470207919
T01859,GAP50,ETHUSDT,15m,6,donchian n=20 vol=0.0,range,maker_both,SHORT,2025-11-13 15:45:00+00:00,3390.24,0.0250922051506484,-0.0064942418701435,-0.0315864470207919
T01861,B1_ALL,ETHUSDT,15m,6,donchian n=20 vol=0.0,range,maker_both,LONG,2025-11-30 12:45:00+00:00,3024.9,0.0066720809065398,0.0069058739101507,0.00023379300361090014
T01861,GAP10,ETHUSDT,15m,6,donchian n=20 vol=0.0,range,maker_both,LONG,2025-11-30 12:45:00+00:00,3024.9,0.0066720809065398,0.0069058739101507,0.00023379300361090014
T01861,GAP25,ETHUSDT,15m,6,donchian n=20 vol=0.0,range,maker_both,LONG,2025-11-30 12:45:00+00:00,3024.9,0.0066720809065398,0.0069058739101507,0.00023379300361090014
T01861,GAP50,ETHUSDT,15m,6,donchian n=20 vol=0.0,range,maker_both,LONG,2025-11-30 12:45:00+00:00,3024.9,0.0066720809065398,0.0069058739101507,0.00023379300361090014
T01862,B1_ALL,ETHUSDT,15m,6,donchian n=20 vol=0.0,range,maker_both,SHORT,2025-11-30 21:15:00+00:00,3019.43,-0.0056631750984745,-0.0056615321181682,1.6429803062992937e-06
T01860,GAP25,ETHUSDT,15m,6,donchian n=20 vol=0.0,range,maker_both,SHORT,2025-11-29 17:45:00+00:00,2983.51,-0.0059951981565951,-0.0056615321181682,0.0003336660384268995
T01860,GAP50,ETHUSDT,15m,6,donchian n=20 vol=0.0,range,maker_both,SHORT,2025-11-29 17:45:00+00:00,2983.51,-0.0059951981565951,-0.0056615321181682,0.0003336660384268995
T01863,B1_ALL,ETHUSDT,15m,6,donchian n=20 vol=0.0,range,maker_both,SHORT,2025-11-30 23:30:00+00:00,3006.65,0.0092157705864094,0.0096184332604815,0.00040266267407210003
T01860,GAP0,ETHUSDT,15m,6,donchian n=20 vol=0.0,range,maker_both,SHORT,2025-11-29 17:45:00+00:00,2983.51,-0.0059951981565951,0.0096184332604815,0.0156136314170766
T01860,GAP10,ETHUSDT,15m,6,donchian n=20 vol=0.0,range,maker_both,SHORT,2025-11-29 17:45:00+00:00,2983.51,-0.0059951981565951,0.0096184332604815,0.0156136314170766
T01862,GAP25,ETHUSDT,15m,6,donchian n=20 vol=0.0,range,maker_both,SHORT,2025-11-30 21:15:00+00:00,3019.43,-0.0056631750984745,0.0096184332604815,0.015281608358955999
T01862,GAP50,ETHUSDT,15m,6,donchian n=20 vol=0.0,range,maker_both,SHORT,2025-11-30 21:15:00+00:00,3019.43,-0.0056631750984745,0.0096184332604815,0.015281608358955999
T01864,B1_ALL,ETHUSDT,15m,6,donchian n=20 vol=0.0,range,maker_both,SHORT,2025-12-01 00:30:00+00:00,2891.76,0.0190926870608393,0.0067376503874004,-0.012355036673438898
T01862,GAP0,ETHUSDT,15m,6,donchian n=20 vol=0.0,range,maker_both,SHORT,2025-11-30 21:15:00+00:00,3019.43,-0.0056631750984745,0.0067376503874004,0.0124008254858749
T01862,GAP10,ETHUSDT,15m,6,donchian n=20 vol=0.0,range,maker_both,SHORT,2025-11-30 21:15:00+00:00,3019.43,-0.0056631750984745,0.0067376503874004,0.0124008254858749
T01863,GAP25,ETHUSDT,15m,6,donchian n=20 vol=0.0,range,maker_both,SHORT,2025-11-30 23:30:00+00:00,3006.65,0.0092157705864094,0.0067376503874004,-0.0024781201990089997
T01863,GAP50,ETHUSDT,15m,6,donchian n=20 vol=0.0,range,maker_both,SHORT,2025-11-30 23:30:00+00:00,3006.65,0.0092157705864094,0.0067376503874004,-0.0024781201990089997
T01865,B1_ALL,ETHUSDT,15m,6,donchian n=20 vol=0.0,range,maker_both,LONG,2025-12-15 09:15:00+00:00,3144.01,0.0089446675386429,0.0086748054400519,-0.00026986209859099913
T01861,GAP0,ETHUSDT,15m,6,donchian n=20 vol=0.0,range,maker_both,LONG,2025-11-30 12:45:00+00:00,3024.9,0.0066720809065398,0.0086748054400519,0.0020027245335121
T01865,GAP10,ETHUSDT,15m,6,donchian n=20 vol=0.0,range,maker_both,LONG,2025-12-15 09:15:00+00:00,3144.01,0.0089446675386429,0.0086748054400519,-0.00026986209859099913
T01865,GAP25,ETHUSDT,15m,6,donchian n=20 vol=0.0,range,maker_both,LONG,2025-12-15 09:15:00+00:00,3144.01,0.0089446675386429,0.0086748054400519,-0.00026986209859099913
T01865,GAP50,ETHUSDT,15m,6,donchian n=20 vol=0.0,range,maker_both,LONG,2025-12-15 09:15:00+00:00,3144.01,0.0089446675386429,0.0086748054400519,-0.00026986209859099913
T01866,B1_ALL,ETHUSDT,15m,6,donchian n=20 vol=0.0,range,maker_both,SHORT,2025-12-15 15:00:00+00:00,3046.75,0.0180314635205393,0.020231589259878,0.0022001257393386986
T01863,GAP0,ETHUSDT,15m,6,donchian n=20 vol=0.0,range,maker_both,SHORT,2025-11-30 23:30:00+00:00,3006.65,0.0092157705864094,0.020231589259878,0.011015818673468599
T01863,GAP10,ETHUSDT,15m,6,donchian n=20 vol=0.0,range,maker_both,SHORT,2025-11-30 23:30:00+00:00,3006.65,0.0092157705864094,0.020231589259878,0.011015818673468599
T01864,GAP25,ETHUSDT,15m,6,donchian n=20 vol=0.0,range,maker_both,SHORT,2025-12-01 00:30:00+00:00,2891.76,0.0190926870608393,0.020231589259878,0.0011389021990386994
T01864,GAP50,ETHUSDT,15m,6,donchian n=20 vol=0.0,range,maker_both,SHORT,2025-12-01 00:30:00+00:00,2891.76,0.0190926870608393,0.020231589259878,0.0011389021990386994
T01867,B1_ALL,ETHUSDT,15m,6,donchian n=20 vol=0.0,range,maker_both,SHORT,2025-12-23 06:30:00+00:00,2952.04,-0.0074676360995622,0.0112311337798588,0.018698769879421
T01866,GAP50,ETHUSDT,15m,6,donchian n=20 vol=0.0,range,maker_both,SHORT,2025-12-15 15:00:00+00:00,3046.75,0.0180314635205393,0.0112311337798588,-0.0068003297406805
T01868,B1_ALL,ETHUSDT,15m,7,donchian n=20 vol=0.0,range,maker_both,SHORT,2025-12-25 22:15:00+00:00,2938.85,0.0059762245781788,0.0059345424480666,-4.1682130112199144e-05
T01868,GAP0,ETHUSDT,15m,7,donchian n=20 vol=0.0,range,maker_both,SHORT,2025-12-25 22:15:00+00:00,2938.85,0.0059762245781788,0.0059345424480666,-4.1682130112199144e-05
T01868,GAP10,ETHUSDT,15m,7,donchian n=20 vol=0.0,range,maker_both,SHORT,2025-12-25 22:15:00+00:00,2938.85,0.0059762245781788,0.0059345424480666,-4.1682130112199144e-05
T01868,GAP25,ETHUSDT,15m,7,donchian n=20 vol=0.0,range,maker_both,SHORT,2025-12-25 22:15:00+00:00,2938.85,0.0059762245781788,0.0059345424480666,-4.1682130112199144e-05
T01868,GAP50,ETHUSDT,15m,7,donchian n=20 vol=0.0,range,maker_both,SHORT,2025-12-25 22:15:00+00:00,2938.85,0.0059762245781788,0.0059345424480666,-4.1682130112199144e-05
T01869,B1_ALL,ETHUSDT,15m,7,donchian n=20 vol=0.0,range,maker_both,SHORT,2025-12-25 23:45:00+00:00,2896.7,-0.0067671290205919,-0.0070018762321017,-0.00023474721150979969
T01870,B1_ALL,ETHUSDT,15m,7,donchian n=20 vol=0.0,range,maker_both,LONG,2025-12-26 13:15:00+00:00,2975.96,-0.0046498340352186,-0.0045740045977219,7.58294374966998e-05
T01870,GAP10,ETHUSDT,15m,7,donchian n=20 vol=0.0,range,maker_both,LONG,2025-12-26 13:15:00+00:00,2975.96,-0.0046498340352186,-0.0045740045977219,7.58294374966998e-05
T01870,GAP25,ETHUSDT,15m,7,donchian n=20 vol=0.0,range,maker_both,LONG,2025-12-26 13:15:00+00:00,2975.96,-0.0046498340352186,-0.0045740045977219,7.58294374966998e-05
T01870,GAP50,ETHUSDT,15m,7,donchian n=20 vol=0.0,range,maker_both,LONG,2025-12-26 13:15:00+00:00,2975.96,-0.0046498340352186,-0.0045740045977219,7.58294374966998e-05
T01871,B1_ALL,ETHUSDT,15m,7,donchian n=20 vol=0.0,range,maker_both,SHORT,2025-12-26 15:00:00+00:00,2916.38,-0.0069056005386752,-0.0074703177994041,-0.0005647172607288996
T01869,GAP0,ETHUSDT,15m,7,donchian n=20 vol=0.0,range,maker_both,SHORT,2025-12-25 23:45:00+00:00,2896.7,-0.0067671290205919,-0.0074703177994041,-0.0007031887788122
T01869,GAP10,ETHUSDT,15m,7,donchian n=20 vol=0.0,range,maker_both,SHORT,2025-12-25 23:45:00+00:00,2896.7,-0.0067671290205919,-0.0074703177994041,-0.0007031887788122
T01869,GAP25,ETHUSDT,15m,7,donchian n=20 vol=0.0,range,maker_both,SHORT,2025-12-25 23:45:00+00:00,2896.7,-0.0067671290205919,-0.0074703177994041,-0.0007031887788122
T01869,GAP50,ETHUSDT,15m,7,donchian n=20 vol=0.0,range,maker_both,SHORT,2025-12-25 23:45:00+00:00,2896.7,-0.0067671290205919,-0.0074703177994041,-0.0007031887788122
T01872,B1_ALL,ETHUSDT,15m,7,donchian n=20 vol=0.0,range,maker_both,LONG,2025-12-27 07:30:00+00:00,2933.75,-0.0029892100190315,-0.0030484229882727,-5.921296924120021e-05
T01873,B1_ALL,ETHUSDT,15m,7,donchian n=20 vol=0.0,range,maker_both,SHORT,2025-12-27 16:30:00+00:00,2920.26,-0.0032591330793504,-0.0032306045599511,2.8528519399299932e-05
T01871,GAP50,ETHUSDT,15m,7,donchian n=20 vol=0.0,range,maker_both,SHORT,2025-12-26 15:00:00+00:00,2916.38,-0.0069056005386752,-0.0032306045599511,0.0036749959787241004
T01874,B1_ALL,ETHUSDT,15m,7,donchian n=20 vol=0.0,range,maker_both,LONG,2025-12-27 20:15:00+00:00,2931.19,0.0019524431751024,0.0019483604682567,-4.0827068456998974e-06
T01872,GAP50,ETHUSDT,15m,7,donchian n=20 vol=0.0,range,maker_both,LONG,2025-12-27 07:30:00+00:00,2933.75,-0.0029892100190315,0.0019483604682567,0.0049375704872882
T01875,B1_ALL,ETHUSDT,15m,7,donchian n=20 vol=0.0,range,maker_both,SHORT,2025-12-28 05:15:00+00:00,2936.98,-0.0036058446701279,-0.0036667817431375,-6.0937073009599725e-05
T01871,GAP0,ETHUSDT,15m,7,donchian n=20 vol=0.0,range,maker_both,SHORT,2025-12-26 15:00:00+00:00,2916.38,-0.0069056005386752,-0.0036667817431375,0.0032388187955377005
T01871,GAP10,ETHUSDT,15m,7,donchian n=20 vol=0.0,range,maker_both,SHORT,2025-12-26 15:00:00+00:00,2916.38,-0.0069056005386752,-0.0036667817431375,0.0032388187955377005
T01871,GAP25,ETHUSDT,15m,7,donchian n=20 vol=0.0,range,maker_both,SHORT,2025-12-26 15:00:00+00:00,2916.38,-0.0069056005386752,-0.0036667817431375,0.0032388187955377005
T01873,GAP50,ETHUSDT,15m,7,donchian n=20 vol=0.0,range,maker_both,SHORT,2025-12-27 16:30:00+00:00,2920.26,-0.0032591330793504,-0.0036667817431375,-0.0004076486637871
T01876,B1_ALL,ETHUSDT,15m,7,donchian n=20 vol=0.0,range,maker_both,LONG,2025-12-28 14:45:00+00:00,2948.38,-0.0038422867824854,0.0040535796605939,0.0078958664430793
T01877,B1_ALL,ETHUSDT,15m,7,donchian n=20 vol=0.0,range,maker_both,SHORT,2025-12-28 18:30:00+00:00,2935.66,-0.0045779700257815,-0.004490175640474,8.779438530749986e-05
T01873,GAP0,ETHUSDT,15m,7,donchian n=20 vol=0.0,range,maker_both,SHORT,2025-12-27 16:30:00+00:00,2920.26,-0.0032591330793504,-0.004490175640474,-0.0012310425611236002
T01873,GAP10,ETHUSDT,15m,7,donchian n=20 vol=0.0,range,maker_both,SHORT,2025-12-27 16:30:00+00:00,2920.26,-0.0032591330793504,-0.004490175640474,-0.0012310425611236002
T01873,GAP25,ETHUSDT,15m,7,donchian n=20 vol=0.0,range,maker_both,SHORT,2025-12-27 16:30:00+00:00,2920.26,-0.0032591330793504,-0.004490175640474,-0.0012310425611236002
T01875,GAP50,ETHUSDT,15m,7,donchian n=20 vol=0.0,range,maker_both,SHORT,2025-12-28 05:15:00+00:00,2936.98,-0.0036058446701279,-0.004490175640474,-0.0008843309703460999
T01878,B1_ALL,ETHUSDT,15m,7,donchian n=20 vol=0.0,range,maker_both,LONG,2025-12-29 00:45:00+00:00,2967.45,-0.0055075954005785,-0.0056456330475759,-0.00013803764699740068
T01872,GAP25,ETHUSDT,15m,7,donchian n=20 vol=0.0,range,maker_both,LONG,2025-12-27 07:30:00+00:00,2933.75,-0.0029892100190315,-0.0056456330475759,-0.0026564230285444006
T01874,GAP50,ETHUSDT,15m,7,donchian n=20 vol=0.0,range,maker_both,LONG,2025-12-27 20:15:00+00:00,2931.19,0.0019524431751024,-0.0056456330475759,-0.0075980762226783
T01879,B1_ALL,ETHUSDT,15m,7,donchian n=20 vol=0.0,range,maker_both,LONG,2025-12-29 02:15:00+00:00,3011.16,0.0108240355072058,0.0112895449651494,0.0004655094579436008
T01880,B1_ALL,ETHUSDT,15m,7,donchian n=20 vol=0.0,range,maker_both,LONG,2025-12-30 04:00:00+00:00,2950.6,-0.0060315763539227,0.0081297640972844,0.014161340451207101
T01876,GAP50,ETHUSDT,15m,7,donchian n=20 vol=0.0,range,maker_both,LONG,2025-12-28 14:45:00+00:00,2948.38,-0.0038422867824854,0.0081297640972844,0.0119720508797698
T01881,B1_ALL,ETHUSDT,15m,7,donchian n=20 vol=0.0,range,maker_both,LONG,2025-12-30 08:15:00+00:00,2987.91,-0.0068249930693329,-0.007462175567328,-0.0006371824979951
T01882,B1_ALL,ETHUSDT,15m,7,donchian n=20 vol=0.0,range,maker_both,LONG,2025-12-30 15:00:00+00:00,2995.2,-0.0078133499713517,-0.0085596750574942,-0.0007463250861425002
T01883,B1_ALL,ETHUSDT,15m,7,donchian n=20 vol=0.0,range,maker_both,LONG,2025-12-31 11:15:00+00:00,2984.67,0.0039398068844417,0.004079023216238,0.0001392163317962998
T01870,GAP0,ETHUSDT,15m,7,donchian n=20 vol=0.0,range,maker_both,LONG,2025-12-26 13:15:00+00:00,2975.96,-0.0046498340352186,0.004079023216238,0.0087288572514566
T01872,GAP10,ETHUSDT,15m,7,donchian n=20 vol=0.0,range,maker_both,LONG,2025-12-27 07:30:00+00:00,2933.75,-0.0029892100190315,0.004079023216238,0.0070682332352695
T01874,GAP25,ETHUSDT,15m,7,donchian n=20 vol=0.0,range,maker_both,LONG,2025-12-27 20:15:00+00:00,2931.19,0.0019524431751024,0.004079023216238,0.0021265800411356
T01878,GAP50,ETHUSDT,15m,7,donchian n=20 vol=0.0,range,maker_both,LONG,2025-12-29 00:45:00+00:00,2967.45,-0.0055075954005785,0.004079023216238,0.009586618616816499
T01884,B1_ALL,ETHUSDT,15m,7,donchian n=20 vol=0.0,range,maker_both,LONG,2026-01-01 01:15:00+00:00,2984.7,-0.0044967002555897,-0.0011825917706614,0.0033141084849283
T01885,B1_ALL,ETHUSDT,15m,7,donchian n=20 vol=0.0,range,maker_both,LONG,2026-01-01 09:15:00+00:00,2983.38,-0.0031434071478383,-0.0031470534309941,-3.646283155799967e-06
T01876,GAP25,ETHUSDT,15m,7,donchian n=20 vol=0.0,range,maker_both,LONG,2025-12-28 14:45:00+00:00,2948.38,-0.0038422867824854,-0.0031470534309941,0.0006952333514913
T01879,GAP50,ETHUSDT,15m,7,donchian n=20 vol=0.0,range,maker_both,LONG,2025-12-29 02:15:00+00:00,3011.16,0.0108240355072058,-0.0031470534309941,-0.0139710889381999
T01886,B1_ALL,ETHUSDT,15m,7,donchian n=20 vol=0.0,range,maker_both,LONG,2026-01-01 23:00:00+00:00,2997.64,-0.0038273249535115,0.0043259853001919,0.008153310253703399
T01878,GAP25,ETHUSDT,15m,7,donchian n=20 vol=0.0,range,maker_both,LONG,2025-12-29 00:45:00+00:00,2967.45,-0.0055075954005785,0.0043259853001919,0.0098335807007704
T01880,GAP50,ETHUSDT,15m,7,donchian n=20 vol=0.0,range,maker_both,LONG,2025-12-30 04:00:00+00:00,2950.6,-0.0060315763539227,0.0043259853001919,0.0103575616541146
T01887,B1_ALL,ETHUSDT,15m,7,donchian n=20 vol=0.0,range,maker_both,LONG,2026-01-01 23:30:00+00:00,3003.36,-0.0042517957968645,-0.0042264652284412,2.5330568423299372e-05
T01872,GAP0,ETHUSDT,15m,7,donchian n=20 vol=0.0,range,maker_both,LONG,2025-12-27 07:30:00+00:00,2933.75,-0.0029892100190315,-0.0042264652284412,-0.0012372552094097006
T01874,GAP10,ETHUSDT,15m,7,donchian n=20 vol=0.0,range,maker_both,LONG,2025-12-27 20:15:00+00:00,2931.19,0.0019524431751024,-0.0042264652284412,-0.0061789084035436
T01879,GAP25,ETHUSDT,15m,7,donchian n=20 vol=0.0,range,maker_both,LONG,2025-12-29 02:15:00+00:00,3011.16,0.0108240355072058,-0.0042264652284412,-0.015050500735647
T01881,GAP50,ETHUSDT,15m,7,donchian n=20 vol=0.0,range,maker_both,LONG,2025-12-30 08:15:00+00:00,2987.91,-0.0068249930693329,-0.0042264652284412,0.0025985278408917
T01888,B1_ALL,ETHUSDT,15m,7,donchian n=20 vol=0.0,range,maker_both,LONG,2026-01-11 05:45:00+00:00,3098.77,-0.0027617143919786,-0.0028118118045328,-5.009741255420025e-05
T01880,GAP25,ETHUSDT,15m,7,donchian n=20 vol=0.0,range,maker_both,LONG,2025-12-30 04:00:00+00:00,2950.6,-0.0060315763539227,-0.0028118118045328,0.0032197645493898994
T01882,GAP50,ETHUSDT,15m,7,donchian n=20 vol=0.0,range,maker_both,LONG,2025-12-30 15:00:00+00:00,2995.2,-0.0078133499713517,-0.0028118118045328,0.005001538166818899
T01889,B1_ALL,ETHUSDT,15m,7,donchian n=20 vol=0.0,range,maker_both,LONG,2026-01-11 09:00:00+00:00,3101.99,0.0022449424105533,0.0021161303972311,-0.00012881201332219996
T01876,GAP10,ETHUSDT,15m,7,donchian n=20 vol=0.0,range,maker_both,LONG,2025-12-28 14:45:00+00:00,2948.38,-0.0038422867824854,0.0021161303972311,0.0059584171797165
T01881,GAP25,ETHUSDT,15m,7,donchian n=20 vol=0.0,range,maker_both,LONG,2025-12-30 08:15:00+00:00,2987.91,-0.0068249930693329,0.0021161303972311,0.008941123466564
T01883,GAP50,ETHUSDT,15m,7,donchian n=20 vol=0.0,range,maker_both,LONG,2025-12-31 11:15:00+00:00,2984.67,0.0039398068844417,0.0021161303972311,-0.0018236764872106002
T01890,B1_ALL,ETHUSDT,15m,7,donchian n=20 vol=0.0,range,maker_both,LONG,2026-01-11 15:00:00+00:00,3124.35,-0.0038996008443863,-0.0041732547173654,-0.00027365387297910004
T01891,B1_ALL,ETHUSDT,15m,7,donchian n=20 vol=0.0,range,maker_both,LONG,2026-01-11 16:45:00+00:00,3135.23,-0.0051735278976871,-0.0053479778377156,-0.00017444994002850048
T01892,B1_ALL,ETHUSDT,15m,7,donchian n=20 vol=0.0,range,maker_both,SHORT,2026-01-11 20:30:00+00:00,3104.33,-0.0053520705405273,-0.005406519160479,-5.444861995170056e-05
T01877,GAP50,ETHUSDT,15m,7,donchian n=20 vol=0.0,range,maker_both,SHORT,2025-12-28 18:30:00+00:00,2935.66,-0.0045779700257815,-0.005406519160479,-0.0008285491346975002
T01893,B1_ALL,ETHUSDT,15m,7,donchian n=20 vol=0.0,range,maker_both,LONG,2026-01-12 02:15:00+00:00,3141.68,-0.0074880096021817,-0.0076033110633176,-0.00011530146113590024
T01874,GAP0,ETHUSDT,15m,7,donchian n=20 vol=0.0,range,maker_both,LONG,2025-12-27 20:15:00+00:00,2931.19,0.0019524431751024,-0.0076033110633176,-0.00955575423842
T01878,GAP10,ETHUSDT,15m,7,donchian n=20 vol=0.0,range,maker_both,LONG,2025-12-29 00:45:00+00:00,2967.45,-0.0055075954005785,-0.0076033110633176,-0.0020957156627391003
T01882,GAP25,ETHUSDT,15m,7,donchian n=20 vol=0.0,range,maker_both,LONG,2025-12-30 15:00:00+00:00,2995.2,-0.0078133499713517,-0.0076033110633176,0.00021003890803409937
T01884,GAP50,ETHUSDT,15m,7,donchian n=20 vol=0.0,range,maker_both,LONG,2026-01-01 01:15:00+00:00,2984.7,-0.0044967002555897,-0.0076033110633176,-0.0031066108077279003
T01894,B1_ALL,ETHUSDT,15m,7,donchian n=20 vol=0.0,range,maker_both,SHORT,2026-01-12 14:30:00+00:00,3076.38,-0.0066851394772464,-0.0077289310915412,-0.0010437916142947996
T01895,B1_ALL,ETHUSDT,15m,7,donchian n=20 vol=0.0,range,maker_both,LONG,2026-01-12 15:45:00+00:00,3126.02,-0.0085827355100559,-0.0083649485599845,0.00021778695007139935
T01876,GAP0,ETHUSDT,15m,7,donchian n=20 vol=0.0,range,maker_both,LONG,2025-12-28 14:45:00+00:00,2948.38,-0.0038422867824854,-0.0083649485599845,-0.0045226617774991006
T01879,GAP10,ETHUSDT,15m,7,donchian n=20 vol=0.0,range,maker_both,LONG,2025-12-29 02:15:00+00:00,3011.16,0.0108240355072058,-0.0083649485599845,-0.0191889840671903
T01883,GAP25,ETHUSDT,15m,7,donchian n=20 vol=0.0,range,maker_both,LONG,2025-12-31 11:15:00+00:00,2984.67,0.0039398068844417,-0.0083649485599845,-0.012304755444426201
T01885,GAP50,ETHUSDT,15m,7,donchian n=20 vol=0.0,range,maker_both,LONG,2026-01-01 09:15:00+00:00,2983.38,-0.0031434071478383,-0.0083649485599845,-0.0052215414121462005
T01896,B1_ALL,ETHUSDT,15m,7,donchian n=20 vol=0.0,range,maker_both,LONG,2026-01-13 03:30:00+00:00,3113.37,0.007877225083822,0.0077013023465765,-0.00017592273724549926
T01880,GAP10,ETHUSDT,15m,7,donchian n=20 vol=0.0,range,maker_both,LONG,2025-12-30 04:00:00+00:00,2950.6,-0.0060315763539227,0.0077013023465765,0.0137328787004992
T01884,GAP25,ETHUSDT,15m,7,donchian n=20 vol=0.0,range,maker_both,LONG,2026-01-01 01:15:00+00:00,2984.7,-0.0044967002555897,0.0077013023465765,0.0121980026021662
T01886,GAP50,ETHUSDT,15m,7,donchian n=20 vol=0.0,range,maker_both,LONG,2026-01-01 23:00:00+00:00,2997.64,-0.0038273249535115,0.0077013023465765,0.011528627300088
T01897,B1_ALL,ETHUSDT,15m,7,donchian n=20 vol=0.0,range,maker_both,LONG,2026-01-13 16:00:00+00:00,3183.11,0.0124171418364619,0.0128188387193711,0.0004016968829092006
T01887,GAP50,ETHUSDT,15m,7,donchian n=20 vol=0.0,range,maker_both,LONG,2026-01-01 23:30:00+00:00,3003.36,-0.0042517957968645,0.0128188387193711,0.0170706345162356
T01898,B1_ALL,ETHUSDT,15m,7,donchian n=20 vol=0.0,range,maker_both,LONG,2026-01-16 21:00:00+00:00,3291.59,-0.0017160423875106,-0.0014732185149119,0.00024282387259869998
T01888,GAP50,ETHUSDT,15m,7,donchian n=20 vol=0.0,range,maker_both,LONG,2026-01-11 05:45:00+00:00,3098.77,-0.0027617143919786,-0.0014732185149119,0.0012884958770666998
T01899,B1_ALL,ETHUSDT,15m,7,donchian n=20 vol=0.0,range,maker_both,LONG,2026-01-18 03:45:00+00:00,3314.63,-0.0037848198412698,-0.0037143707240694,7.044911720039976e-05
T01881,GAP10,ETHUSDT,15m,7,donchian n=20 vol=0.0,range,maker_both,LONG,2025-12-30 08:15:00+00:00,2987.91,-0.0068249930693329,-0.0037143707240694,0.0031106223452635
T01885,GAP25,ETHUSDT,15m,7,donchian n=20 vol=0.0,range,maker_both,LONG,2026-01-01 09:15:00+00:00,2983.38,-0.0031434071478383,-0.0037143707240694,-0.0005709635762311
T01889,GAP50,ETHUSDT,15m,7,donchian n=20 vol=0.0,range,maker_both,LONG,2026-01-11 09:00:00+00:00,3101.99,0.0022449424105533,-0.0037143707240694,-0.0059593131346227
T01900,B1_ALL,ETHUSDT,15m,7,donchian n=20 vol=0.0,range,maker_both,LONG,2026-01-27 04:15:00+00:00,2950.83,-0.0069076062661963,-0.0068504032804,5.7202985796300614e-05
T01890,GAP50,ETHUSDT,15m,7,donchian n=20 vol=0.0,range,maker_both,LONG,2026-01-11 15:00:00+00:00,3124.35,-0.0038996008443863,-0.0068504032804,-0.0029508024360136997
T01901,B1_ALL,ETHUSDT,15m,7,donchian n=20 vol=0.0,range,maker_both,SHORT,2026-01-27 06:45:00+00:00,2923.82,-0.0057571269005295,0.0074383247546522,0.013195451655181701
T01902,B1_ALL,ETHUSDT,15m,7,donchian n=20 vol=0.0,range,maker_both,LONG,2026-01-27 16:15:00+00:00,2973.0,-0.0091479924550322,-0.0091463161707719,1.6762842603001288e-06
T01886,GAP25,ETHUSDT,15m,7,donchian n=20 vol=0.0,range,maker_both,LONG,2026-01-01 23:00:00+00:00,2997.64,-0.0038273249535115,-0.0091463161707719,-0.0053189912172604
T01891,GAP50,ETHUSDT,15m,7,donchian n=20 vol=0.0,range,maker_both,LONG,2026-01-11 16:45:00+00:00,3135.23,-0.0051735278976871,-0.0091463161707719,-0.0039727882730848
T01903,B1_ALL,ETHUSDT,15m,7,donchian n=20 vol=0.0,range,maker_both,SHORT,2026-01-29 10:00:00+00:00,2941.18,0.0088932293665279,0.0085857508980945,-0.00030747846843340136
T01875,GAP25,ETHUSDT,15m,7,donchian n=20 vol=0.0,range,maker_both,SHORT,2025-12-28 05:15:00+00:00,2936.98,-0.0036058446701279,0.0085857508980945,0.0121915955682224
T01892,GAP50,ETHUSDT,15m,7,donchian n=20 vol=0.0,range,maker_both,SHORT,2026-01-11 20:30:00+00:00,3104.33,-0.0053520705405273,0.0085857508980945,0.013937821438621798
T01904,B1_ALL,ETHUSDT,15m,7,donchian n=20 vol=0.0,range,maker_both,SHORT,2026-01-29 15:00:00+00:00,2874.79,0.0107797814603251,-0.0094118858128918,-0.0201916672732169
T01875,GAP0,ETHUSDT,15m,7,donchian n=20 vol=0.0,range,maker_both,SHORT,2025-12-28 05:15:00+00:00,2936.98,-0.0036058446701279,-0.0094118858128918,-0.005806041142763901
T01875,GAP10,ETHUSDT,15m,7,donchian n=20 vol=0.0,range,maker_both,SHORT,2025-12-28 05:15:00+00:00,2936.98,-0.0036058446701279,-0.0094118858128918,-0.005806041142763901
T01877,GAP25,ETHUSDT,15m,7,donchian n=20 vol=0.0,range,maker_both,SHORT,2025-12-28 18:30:00+00:00,2935.66,-0.0045779700257815,-0.0094118858128918,-0.004833915787110301
T01894,GAP50,ETHUSDT,15m,7,donchian n=20 vol=0.0,range,maker_both,SHORT,2026-01-12 14:30:00+00:00,3076.38,-0.0066851394772464,-0.0094118858128918,-0.0027267463356454007
T01905,B1_ALL,ETHUSDT,15m,8,donchian n=20 vol=0.0,range,maker_both,LONG,2026-02-13 16:15:00+00:00,2050.16,8.976341924260643e-05,-0.0016307415078734,-0.0017205049271160064
T01905,GAP0,ETHUSDT,15m,8,donchian n=20 vol=0.0,range,maker_both,LONG,2026-02-13 16:15:00+00:00,2050.16,8.976341924260643e-05,-0.0016307415078734,-0.0017205049271160064
T01905,GAP10,ETHUSDT,15m,8,donchian n=20 vol=0.0,range,maker_both,LONG,2026-02-13 16:15:00+00:00,2050.16,8.976341924260643e-05,-0.0016307415078734,-0.0017205049271160064
T01905,GAP25,ETHUSDT,15m,8,donchian n=20 vol=0.0,range,maker_both,LONG,2026-02-13 16:15:00+00:00,2050.16,8.976341924260643e-05,-0.0016307415078734,-0.0017205049271160064
T01905,GAP50,ETHUSDT,15m,8,donchian n=20 vol=0.0,range,maker_both,LONG,2026-02-13 16:15:00+00:00,2050.16,8.976341924260643e-05,-0.0016307415078734,-0.0017205049271160064
T01906,B1_ALL,ETHUSDT,15m,8,donchian n=20 vol=0.0,range,maker_both,SHORT,2026-02-18 01:00:00+00:00,1980.39,-0.0081595451272851,-0.0084005577913429,-0.00024101266405780059
T01906,GAP0,ETHUSDT,15m,8,donchian n=20 vol=0.0,range,maker_both,SHORT,2026-02-18 01:00:00+00:00,1980.39,-0.0081595451272851,-0.0084005577913429,-0.00024101266405780059
T01906,GAP10,ETHUSDT,15m,8,donchian n=20 vol=0.0,range,maker_both,SHORT,2026-02-18 01:00:00+00:00,1980.39,-0.0081595451272851,-0.0084005577913429,-0.00024101266405780059
T01906,GAP25,ETHUSDT,15m,8,donchian n=20 vol=0.0,range,maker_both,SHORT,2026-02-18 01:00:00+00:00,1980.39,-0.0081595451272851,-0.0084005577913429,-0.00024101266405780059
T01906,GAP50,ETHUSDT,15m,8,donchian n=20 vol=0.0,range,maker_both,SHORT,2026-02-18 01:00:00+00:00,1980.39,-0.0081595451272851,-0.0084005577913429,-0.00024101266405780059
T01907,B1_ALL,ETHUSDT,15m,8,donchian n=20 vol=0.0,range,maker_both,LONG,2026-02-18 06:30:00+00:00,2004.32,0.0089556467072507,0.0086286166594112,-0.00032703004783950045
T01907,GAP10,ETHUSDT,15m,8,donchian n=20 vol=0.0,range,maker_both,LONG,2026-02-18 06:30:00+00:00,2004.32,0.0089556467072507,0.0086286166594112,-0.00032703004783950045
T01907,GAP25,ETHUSDT,15m,8,donchian n=20 vol=0.0,range,maker_both,LONG,2026-02-18 06:30:00+00:00,2004.32,0.0089556467072507,0.0086286166594112,-0.00032703004783950045
T01907,GAP50,ETHUSDT,15m,8,donchian n=20 vol=0.0,range,maker_both,LONG,2026-02-18 06:30:00+00:00,2004.32,0.0089556467072507,0.0086286166594112,-0.00032703004783950045
T01908,B1_ALL,ETHUSDT,15m,8,donchian n=20 vol=0.0,range,maker_both,SHORT,2026-02-18 11:15:00+00:00,1984.05,0.0120737616098208,0.01185370003773,-0.00022006157209080064
T01908,GAP0,ETHUSDT,15m,8,donchian n=20 vol=0.0,range,maker_both,SHORT,2026-02-18 11:15:00+00:00,1984.05,0.0120737616098208,0.01185370003773,-0.00022006157209080064
T01908,GAP10,ETHUSDT,15m,8,donchian n=20 vol=0.0,range,maker_both,SHORT,2026-02-18 11:15:00+00:00,1984.05,0.0120737616098208,0.01185370003773,-0.00022006157209080064
T01908,GAP25,ETHUSDT,15m,8,donchian n=20 vol=0.0,range,maker_both,SHORT,2026-02-18 11:15:00+00:00,1984.05,0.0120737616098208,0.01185370003773,-0.00022006157209080064
T01908,GAP50,ETHUSDT,15m,8,donchian n=20 vol=0.0,range,maker_both,SHORT,2026-02-18 11:15:00+00:00,1984.05,0.0120737616098208,0.01185370003773,-0.00022006157209080064
T01909,B1_ALL,ETHUSDT,15m,8,donchian n=20 vol=0.0,range,maker_both,SHORT,2026-02-21 03:15:00+00:00,1959.8,-0.0055853180200001,-0.0054555168326373,0.00012980118736280032
T01909,GAP50,ETHUSDT,15m,8,donchian n=20 vol=0.0,range,maker_both,SHORT,2026-02-21 03:15:00+00:00,1959.8,-0.0055853180200001,-0.0054555168326373,0.00012980118736280032
T01910,B1_ALL,ETHUSDT,15m,8,donchian n=20 vol=0.0,range,maker_both,LONG,2026-02-21 09:30:00+00:00,1974.92,0.0049794714018921,0.0052107859110158,0.00023131450912369962
T01911,B1_ALL,ETHUSDT,15m,8,donchian n=20 vol=0.0,range,maker_both,LONG,2026-02-22 11:15:00+00:00,1980.97,-0.0038401951218627,-0.0038267336102605,1.3461511602200042e-05
T01910,GAP50,ETHUSDT,15m,8,donchian n=20 vol=0.0,range,maker_both,LONG,2026-02-21 09:30:00+00:00,1974.92,0.0049794714018921,-0.0038267336102605,-0.0088062050121526
T01912,B1_ALL,ETHUSDT,15m,8,donchian n=20 vol=0.0,range,maker_both,SHORT,2026-02-22 12:45:00+00:00,1963.21,0.0055911034834076,0.0058020322183346,0.00021092873492700032
T01912,GAP50,ETHUSDT,15m,8,donchian n=20 vol=0.0,range,maker_both,SHORT,2026-02-22 12:45:00+00:00,1963.21,0.0055911034834076,0.0058020322183346,0.00021092873492700032
T01913,B1_ALL,ETHUSDT,15m,8,donchian n=20 vol=0.0,range,maker_both,SHORT,2026-02-22 17:45:00+00:00,1937.82,-0.006037208752882,-0.0059915989691967,4.560978368530009e-05
T01909,GAP25,ETHUSDT,15m,8,donchian n=20 vol=0.0,range,maker_both,SHORT,2026-02-21 03:15:00+00:00,1959.8,-0.0055853180200001,-0.0059915989691967,-0.0004062809491966
T01913,GAP50,ETHUSDT,15m,8,donchian n=20 vol=0.0,range,maker_both,SHORT,2026-02-22 17:45:00+00:00,1937.82,-0.006037208752882,-0.0059915989691967,4.560978368530009e-05
T01914,B1_ALL,ETHUSDT,15m,8,donchian n=20 vol=0.0,range,maker_both,LONG,2026-02-25 12:00:00+00:00,1925.28,0.0117014605371189,0.0116498862877297,-5.1574249389200674e-05
T01907,GAP0,ETHUSDT,15m,8,donchian n=20 vol=0.0,range,maker_both,LONG,2026-02-18 06:30:00+00:00,2004.32,0.0089556467072507,0.0116498862877297,0.0026942395804789993
T01910,GAP10,ETHUSDT,15m,8,donchian n=20 vol=0.0,range,maker_both,LONG,2026-02-21 09:30:00+00:00,1974.92,0.0049794714018921,0.0116498862877297,0.006670414885837599
T01910,GAP25,ETHUSDT,15m,8,donchian n=20 vol=0.0,range,maker_both,LONG,2026-02-21 09:30:00+00:00,1974.92,0.0049794714018921,0.0116498862877297,0.006670414885837599
T01911,GAP50,ETHUSDT,15m,8,donchian n=20 vol=0.0,range,maker_both,LONG,2026-02-22 11:15:00+00:00,1980.97,-0.0038401951218627,0.0116498862877297,0.0154900814095924
T01915,B1_ALL,ETHUSDT,15m,8,donchian n=20 vol=0.0,range,maker_both,SHORT,2026-02-27 16:15:00+00:00,1935.32,0.0196608760544071,0.0192021905040583,-0.0004586855503488016
T01915,GAP50,ETHUSDT,15m,8,donchian n=20 vol=0.0,range,maker_both,SHORT,2026-02-27 16:15:00+00:00,1935.32,0.0196608760544071,0.0192021905040583,-0.0004586855503488016
T01916,B1_ALL,ETHUSDT,15m,8,donchian n=20 vol=0.0,range,maker_both,LONG,2026-03-02 01:15:00+00:00,1980.15,-0.0141131539860733,-0.0142869427106457,-0.00017378872457240145
T01917,B1_ALL,ETHUSDT,15m,8,donchian n=20 vol=0.0,range,maker_both,SHORT,2026-03-02 07:15:00+00:00,1928.64,-0.0117954706753671,-0.0116946179127999,0.00010085276256719886
T01917,GAP50,ETHUSDT,15m,8,donchian n=20 vol=0.0,range,maker_both,SHORT,2026-03-02 07:15:00+00:00,1928.64,-0.0117954706753671,-0.0116946179127999,0.00010085276256719886
T01918,B1_ALL,ETHUSDT,15m,8,donchian n=20 vol=0.0,range,maker_both,LONG,2026-03-02 15:15:00+00:00,2027.71,0.02535053137538,0.0255233544924723,0.00017282311709230017
T01910,GAP0,ETHUSDT,15m,8,donchian n=20 vol=0.0,range,maker_both,LONG,2026-02-21 09:30:00+00:00,1974.92,0.0049794714018921,0.0255233544924723,0.020543883090580202
T01911,GAP10,ETHUSDT,15m,8,donchian n=20 vol=0.0,range,maker_both,LONG,2026-02-22 11:15:00+00:00,1980.97,-0.0038401951218627,0.0255233544924723,0.029363549614335002
T01911,GAP25,ETHUSDT,15m,8,donchian n=20 vol=0.0,range,maker_both,LONG,2026-02-22 11:15:00+00:00,1980.97,-0.0038401951218627,0.0255233544924723,0.029363549614335002
T01914,GAP50,ETHUSDT,15m,8,donchian n=20 vol=0.0,range,maker_both,LONG,2026-02-25 12:00:00+00:00,1925.28,0.0117014605371189,0.0255233544924723,0.0138218939553534
T01919,B1_ALL,ETHUSDT,15m,8,donchian n=20 vol=0.0,range,maker_both,SHORT,2026-03-03 14:45:00+00:00,1936.3,-0.012358415078756,-0.0130172163362477,-0.0006588012574917004
T01919,GAP50,ETHUSDT,15m,8,donchian n=20 vol=0.0,range,maker_both,SHORT,2026-03-03 14:45:00+00:00,1936.3,-0.012358415078756,-0.0130172163362477,-0.0006588012574917004
T01920,B1_ALL,ETHUSDT,15m,8,donchian n=20 vol=0.0,range,maker_both,LONG,2026-03-03 16:15:00+00:00,1994.5,-0.0147134230691361,-0.0150950354649704,-0.000381612395834301
T01911,GAP0,ETHUSDT,15m,8,donchian n=20 vol=0.0,range,maker_both,LONG,2026-02-22 11:15:00+00:00,1980.97,-0.0038401951218627,-0.0150950354649704,-0.0112548403431077
T01914,GAP10,ETHUSDT,15m,8,donchian n=20 vol=0.0,range,maker_both,LONG,2026-02-25 12:00:00+00:00,1925.28,0.0117014605371189,-0.0150950354649704,-0.0267964960020893
T01914,GAP25,ETHUSDT,15m,8,donchian n=20 vol=0.0,range,maker_both,LONG,2026-02-25 12:00:00+00:00,1925.28,0.0117014605371189,-0.0150950354649704,-0.0267964960020893
T01916,GAP50,ETHUSDT,15m,8,donchian n=20 vol=0.0,range,maker_both,LONG,2026-03-02 01:15:00+00:00,1980.15,-0.0141131539860733,-0.0150950354649704,-0.0009818814788971012
T01921,B1_ALL,ETHUSDT,15m,8,donchian n=20 vol=0.0,range,maker_both,SHORT,2026-03-04 03:45:00+00:00,1949.92,-0.0112438923601281,-0.0112344015243067,9.49083582139909e-06
T01922,B1_ALL,ETHUSDT,15m,8,donchian n=20 vol=0.0,range,maker_both,LONG,2026-03-04 07:45:00+00:00,1992.19,0.0154754501801411,0.0164151266780799,0.0009396764979388
T01914,GAP0,ETHUSDT,15m,8,donchian n=20 vol=0.0,range,maker_both,LONG,2026-02-25 12:00:00+00:00,1925.28,0.0117014605371189,0.0164151266780799,0.004713666140961
T01916,GAP10,ETHUSDT,15m,8,donchian n=20 vol=0.0,range,maker_both,LONG,2026-03-02 01:15:00+00:00,1980.15,-0.0141131539860733,0.0164151266780799,0.0305282806641532
T01916,GAP25,ETHUSDT,15m,8,donchian n=20 vol=0.0,range,maker_both,LONG,2026-03-02 01:15:00+00:00,1980.15,-0.0141131539860733,0.0164151266780799,0.0305282806641532
T01918,GAP50,ETHUSDT,15m,8,donchian n=20 vol=0.0,range,maker_both,LONG,2026-03-02 15:15:00+00:00,2027.71,0.02535053137538,0.0164151266780799,-0.0089354046973001
T01923,B1_ALL,ETHUSDT,15m,8,donchian n=20 vol=0.0,range,maker_both,LONG,2026-03-04 09:00:00+00:00,2063.26,-0.0121812038979902,-0.0124289353481505,-0.0002477314501603007
T01916,GAP0,ETHUSDT,15m,8,donchian n=20 vol=0.0,range,maker_both,LONG,2026-03-02 01:15:00+00:00,1980.15,-0.0141131539860733,-0.0124289353481505,0.0016842186379227991
T01918,GAP10,ETHUSDT,15m,8,donchian n=20 vol=0.0,range,maker_both,LONG,2026-03-02 15:15:00+00:00,2027.71,0.02535053137538,-0.0124289353481505,-0.0377794667235305
T01918,GAP25,ETHUSDT,15m,8,donchian n=20 vol=0.0,range,maker_both,LONG,2026-03-02 15:15:00+00:00,2027.71,0.02535053137538,-0.0124289353481505,-0.0377794667235305
T01920,GAP50,ETHUSDT,15m,8,donchian n=20 vol=0.0,range,maker_both,LONG,2026-03-03 16:15:00+00:00,1994.5,-0.0147134230691361,-0.0124289353481505,0.0022844877209855993
T01924,B1_ALL,ETHUSDT,15m,8,donchian n=20 vol=0.0,range,maker_both,SHORT,2026-03-06 12:15:00+00:00,2042.96,-0.0080164927442109,0.0126137203713468,0.0206302131155577
T01925,B1_ALL,ETHUSDT,15m,8,donchian n=20 vol=0.0,range,maker_both,SHORT,2026-03-06 14:00:00+00:00,2018.52,0.0180700146127791,0.0198358471716998,0.0017658325589206998
T01909,GAP0,ETHUSDT,15m,8,donchian n=20 vol=0.0,range,maker_both,SHORT,2026-02-21 03:15:00+00:00,1959.8,-0.0055853180200001,0.0198358471716998,0.0254211651916999
T01909,GAP10,ETHUSDT,15m,8,donchian n=20 vol=0.0,range,maker_both,SHORT,2026-02-21 03:15:00+00:00,1959.8,-0.0055853180200001,0.0198358471716998,0.0254211651916999
T01912,GAP25,ETHUSDT,15m,8,donchian n=20 vol=0.0,range,maker_both,SHORT,2026-02-22 12:45:00+00:00,1963.21,0.0055911034834076,0.0198358471716998,0.014244743688292202
T01921,GAP50,ETHUSDT,15m,8,donchian n=20 vol=0.0,range,maker_both,SHORT,2026-03-04 03:45:00+00:00,1949.92,-0.0112438923601281,0.0198358471716998,0.0310797395318279
T01926,B1_ALL,ETHUSDT,15m,8,donchian n=20 vol=0.0,range,maker_both,LONG,2026-03-09 09:45:00+00:00,2014.94,-0.0109517815439424,-0.0111333994197865,-0.00018161787584409887
T01927,B1_ALL,ETHUSDT,15m,8,donchian n=20 vol=0.0,range,maker_both,LONG,2026-03-09 13:45:00+00:00,2027.1,-0.0103289975565914,-0.0106802732244394,-0.0003512756678480007
T01928,B1_ALL,ETHUSDT,15m,8,donchian n=20 vol=0.0,range,maker_both,LONG,2026-03-11 11:15:00+00:00,2031.61,-0.0069101401101644,0.010491065085486,0.017401205195650398
T01929,B1_ALL,ETHUSDT,15m,8,donchian n=20 vol=0.0,range,maker_both,LONG,2026-03-11 13:45:00+00:00,2062.0,-0.0097816221162672,-0.0108422193813515,-0.0010605972650843
T01930,B1_ALL,ETHUSDT,15m,8,donchian n=20 vol=0.0,range,maker_both,LONG,2026-03-12 09:45:00+00:00,2060.29,-0.0073080926595648,0.0117293075406575,0.0190374002002223
T01931,B1_ALL,ETHUSDT,15m,8,donchian n=20 vol=0.0,range,maker_both,LONG,2026-03-12 10:45:00+00:00,2070.04,-0.0079746671286251,-0.0078682621219601,0.00010640500666500054
T01920,GAP25,ETHUSDT,15m,8,donchian n=20 vol=0.0,range,maker_both,LONG,2026-03-03 16:15:00+00:00,1994.5,-0.0147134230691361,-0.0078682621219601,0.006845160947176
T01922,GAP50,ETHUSDT,15m,8,donchian n=20 vol=0.0,range,maker_both,LONG,2026-03-04 07:45:00+00:00,1992.19,0.0154754501801411,-0.0078682621219601,-0.0233437123021012
T01932,B1_ALL,ETHUSDT,15m,8,donchian n=20 vol=0.0,range,maker_both,LONG,2026-03-14 20:45:00+00:00,2082.73,0.0037348481674645,0.0040451560759134,0.0003103079084489
T01918,GAP0,ETHUSDT,15m,8,donchian n=20 vol=0.0,range,maker_both,LONG,2026-03-02 15:15:00+00:00,2027.71,0.02535053137538,0.0040451560759134,-0.0213053752994666
T01920,GAP10,ETHUSDT,15m,8,donchian n=20 vol=0.0,range,maker_both,LONG,2026-03-03 16:15:00+00:00,1994.5,-0.0147134230691361,0.0040451560759134,0.018758579145049498
T01922,GAP25,ETHUSDT,15m,8,donchian n=20 vol=0.0,range,maker_both,LONG,2026-03-04 07:45:00+00:00,1992.19,0.0154754501801411,0.0040451560759134,-0.0114302941042277
T01923,GAP50,ETHUSDT,15m,8,donchian n=20 vol=0.0,range,maker_both,LONG,2026-03-04 09:00:00+00:00,2063.26,-0.0121812038979902,0.0040451560759134,0.0162263599739036
T01933,B1_ALL,ETHUSDT,15m,8,donchian n=20 vol=0.0,range,maker_both,LONG,2026-03-15 02:45:00+00:00,2102.73,-0.0056676262602866,0.0076794819345112,0.0133471081947978
T01926,GAP50,ETHUSDT,15m,8,donchian n=20 vol=0.0,range,maker_both,LONG,2026-03-09 09:45:00+00:00,2014.94,-0.0109517815439424,0.0076794819345112,0.0186312634784536
T01934,B1_ALL,ETHUSDT,15m,8,donchian n=20 vol=0.0,range,maker_both,SHORT,2026-03-18 15:15:00+00:00,2179.87,-0.0118152603723182,-0.0116545731445999,0.00016068722771830045
T01913,GAP25,ETHUSDT,15m,8,donchian n=20 vol=0.0,range,maker_both,SHORT,2026-02-22 17:45:00+00:00,1937.82,-0.006037208752882,-0.0116545731445999,-0.005617364391717899
T01924,GAP50,ETHUSDT,15m,8,donchian n=20 vol=0.0,range,maker_both,SHORT,2026-03-06 12:15:00+00:00,2042.96,-0.0080164927442109,-0.0116545731445999,-0.003638080400389
T01935,B1_ALL,ETHUSDT,15m,8,donchian n=20 vol=0.0,range,maker_both,SHORT,2026-03-21 23:15:00+00:00,2145.2,0.0038056712773545,0.0038127862683284,7.114990973900066e-06
T01912,GAP0,ETHUSDT,15m,8,donchian n=20 vol=0.0,range,maker_both,SHORT,2026-02-22 12:45:00+00:00,1963.21,0.0055911034834076,0.0038127862683284,-0.0017783172150791994
T01912,GAP10,ETHUSDT,15m,8,donchian n=20 vol=0.0,range,maker_both,SHORT,2026-02-22 12:45:00+00:00,1963.21,0.0055911034834076,0.0038127862683284,-0.0017783172150791994
T01915,GAP25,ETHUSDT,15m,8,donchian n=20 vol=0.0,range,maker_both,SHORT,2026-02-27 16:15:00+00:00,1935.32,0.0196608760544071,0.0038127862683284,-0.0158480897860787
T01925,GAP50,ETHUSDT,15m,8,donchian n=20 vol=0.0,range,maker_both,SHORT,2026-03-06 14:00:00+00:00,2018.52,0.0180700146127791,0.0038127862683284,-0.0142572283444507
T01936,B1_ALL,ETHUSDT,15m,9,donchian n=50 vol=1.5,range,maker_both,SHORT,2026-03-26 09:45:00+00:00,2082.49,0.0081416165146498,0.0080344160662461,-0.00010720044840369959
T01936,GAP0,ETHUSDT,15m,9,donchian n=50 vol=1.5,range,maker_both,SHORT,2026-03-26 09:45:00+00:00,2082.49,0.0081416165146498,0.0080344160662461,-0.00010720044840369959
T01936,GAP10,ETHUSDT,15m,9,donchian n=50 vol=1.5,range,maker_both,SHORT,2026-03-26 09:45:00+00:00,2082.49,0.0081416165146498,0.0080344160662461,-0.00010720044840369959
T01936,GAP25,ETHUSDT,15m,9,donchian n=50 vol=1.5,range,maker_both,SHORT,2026-03-26 09:45:00+00:00,2082.49,0.0081416165146498,0.0080344160662461,-0.00010720044840369959
T01936,GAP50,ETHUSDT,15m,9,donchian n=50 vol=1.5,range,maker_both,SHORT,2026-03-26 09:45:00+00:00,2082.49,0.0081416165146498,0.0080344160662461,-0.00010720044840369959
T01937,B1_ALL,ETHUSDT,15m,9,donchian n=50 vol=1.5,range,maker_both,LONG,2026-03-30 08:00:00+00:00,2058.7,0.0081582105182934,0.0080966785872785,-6.153193101490068e-05
T01937,GAP0,ETHUSDT,15m,9,donchian n=50 vol=1.5,range,maker_both,LONG,2026-03-30 08:00:00+00:00,2058.7,0.0081582105182934,0.0080966785872785,-6.153193101490068e-05
T01937,GAP10,ETHUSDT,15m,9,donchian n=50 vol=1.5,range,maker_both,LONG,2026-03-30 08:00:00+00:00,2058.7,0.0081582105182934,0.0080966785872785,-6.153193101490068e-05
T01937,GAP25,ETHUSDT,15m,9,donchian n=50 vol=1.5,range,maker_both,LONG,2026-03-30 08:00:00+00:00,2058.7,0.0081582105182934,0.0080966785872785,-6.153193101490068e-05
T01937,GAP50,ETHUSDT,15m,9,donchian n=50 vol=1.5,range,maker_both,LONG,2026-03-30 08:00:00+00:00,2058.7,0.0081582105182934,0.0080966785872785,-6.153193101490068e-05
T01938,B1_ALL,ETHUSDT,15m,9,donchian n=50 vol=1.5,range,maker_both,SHORT,2026-04-02 10:15:00+00:00,2033.67,0.0063341679620013,0.0061263828635523,-0.00020778509844900008
T01938,GAP25,ETHUSDT,15m,9,donchian n=50 vol=1.5,range,maker_both,SHORT,2026-04-02 10:15:00+00:00,2033.67,0.0063341679620013,0.0061263828635523,-0.00020778509844900008
T01938,GAP50,ETHUSDT,15m,9,donchian n=50 vol=1.5,range,maker_both,SHORT,2026-04-02 10:15:00+00:00,2033.67,0.0063341679620013,0.0061263828635523,-0.00020778509844900008
T01939,B1_ALL,ETHUSDT,15m,9,donchian n=50 vol=1.5,range,maker_both,LONG,2026-04-04 19:15:00+00:00,2077.69,-0.0058571266982389,-0.0067048387849165,-0.0008477120866776005
T01940,B1_ALL,ETHUSDT,15m,9,donchian n=50 vol=1.5,range,maker_both,SHORT,2026-04-05 06:00:00+00:00,2047.74,0.0019363081335109,-0.0055544728600898,-0.0074907809936007
T01938,GAP0,ETHUSDT,15m,9,donchian n=50 vol=1.5,range,maker_both,SHORT,2026-04-02 10:15:00+00:00,2033.67,0.0063341679620013,-0.0055544728600898,-0.011888640822091099
T01938,GAP10,ETHUSDT,15m,9,donchian n=50 vol=1.5,range,maker_both,SHORT,2026-04-02 10:15:00+00:00,2033.67,0.0063341679620013,-0.0055544728600898,-0.011888640822091099
T01940,GAP25,ETHUSDT,15m,9,donchian n=50 vol=1.5,range,maker_both,SHORT,2026-04-05 06:00:00+00:00,2047.74,0.0019363081335109,-0.0055544728600898,-0.0074907809936007
T01940,GAP50,ETHUSDT,15m,9,donchian n=50 vol=1.5,range,maker_both,SHORT,2026-04-05 06:00:00+00:00,2047.74,0.0019363081335109,-0.0055544728600898,-0.0074907809936007
T01941,B1_ALL,ETHUSDT,15m,9,donchian n=50 vol=1.5,range,maker_both,SHORT,2026-04-05 12:45:00+00:00,2023.59,-0.0057940678400381,-0.0059305418448627,-0.00013647400482460006
T01942,B1_ALL,ETHUSDT,15m,9,donchian n=50 vol=1.5,range,maker_both,LONG,2026-04-05 23:00:00+00:00,2084.99,0.0069617240478622,0.007404840635336,0.0004431165874738
T01939,GAP0,ETHUSDT,15m,9,donchian n=50 vol=1.5,range,maker_both,LONG,2026-04-04 19:15:00+00:00,2077.69,-0.0058571266982389,0.007404840635336,0.0132619673335749
T01939,GAP10,ETHUSDT,15m,9,donchian n=50 vol=1.5,range,maker_both,LONG,2026-04-04 19:15:00+00:00,2077.69,-0.0058571266982389,0.007404840635336,0.0132619673335749
T01939,GAP25,ETHUSDT,15m,9,donchian n=50 vol=1.5,range,maker_both,LONG,2026-04-04 19:15:00+00:00,2077.69,-0.0058571266982389,0.007404840635336,0.0132619673335749
T01939,GAP50,ETHUSDT,15m,9,donchian n=50 vol=1.5,range,maker_both,LONG,2026-04-04 19:15:00+00:00,2077.69,-0.0058571266982389,0.007404840635336,0.0132619673335749
T01943,B1_ALL,ETHUSDT,15m,9,donchian n=50 vol=1.5,range,maker_both,SHORT,2026-04-07 14:15:00+00:00,2066.41,-0.0115102402579633,-0.0118166468548382,-0.0003064065968749006
T01944,B1_ALL,ETHUSDT,15m,9,donchian n=50 vol=1.5,range,maker_both,LONG,2026-04-07 21:15:00+00:00,2141.09,0.0100990567730269,0.0104669899915964,0.00036793321856950015
T01945,B1_ALL,ETHUSDT,15m,9,donchian n=50 vol=1.5,range,maker_both,SHORT,2026-04-12 11:00:00+00:00,2200.47,0.0038898845981935,0.0041866993736895,0.0002968147754959997
T01946,B1_ALL,ETHUSDT,15m,9,donchian n=50 vol=1.5,range,maker_both,SHORT,2026-04-21 12:45:00+00:00,2297.13,-0.0093113270760134,0.0073702241346637,0.0166815512106771
T01947,B1_ALL,ETHUSDT,15m,9,donchian n=50 vol=1.5,range,maker_both,LONG,2026-04-22 02:30:00+00:00,2354.24,0.0083168754455636,0.008683722709606,0.0003668472640424008
T01942,GAP0,ETHUSDT,15m,9,donchian n=50 vol=1.5,range,maker_both,LONG,2026-04-05 23:00:00+00:00,2084.99,0.0069617240478622,0.008683722709606,0.0017219986617438001
T01942,GAP10,ETHUSDT,15m,9,donchian n=50 vol=1.5,range,maker_both,LONG,2026-04-05 23:00:00+00:00,2084.99,0.0069617240478622,0.008683722709606,0.0017219986617438001
T01942,GAP25,ETHUSDT,15m,9,donchian n=50 vol=1.5,range,maker_both,LONG,2026-04-05 23:00:00+00:00,2084.99,0.0069617240478622,0.008683722709606,0.0017219986617438001
T01942,GAP50,ETHUSDT,15m,9,donchian n=50 vol=1.5,range,maker_both,LONG,2026-04-05 23:00:00+00:00,2084.99,0.0069617240478622,0.008683722709606,0.0017219986617438001
T01948,B1_ALL,ETHUSDT,15m,9,donchian n=50 vol=1.5,range,maker_both,SHORT,2026-04-23 10:15:00+00:00,2306.65,-0.0092386064733409,-0.0090713837452451,0.0001672227280957988
T01949,B1_ALL,ETHUSDT,15m,9,donchian n=50 vol=1.5,range,maker_both,SHORT,2026-04-25 16:00:00+00:00,2306.65,0.0018745268858134,0.002001506256415,0.00012697937060160013
T01950,B1_ALL,ETHUSDT,15m,9,donchian n=50 vol=1.5,range,maker_both,LONG,2026-04-26 05:15:00+00:00,2327.21,0.0024183565250409,0.0009311256469667,-0.0014872308780742001
T01944,GAP0,ETHUSDT,15m,9,donchian n=50 vol=1.5,range,maker_both,LONG,2026-04-07 21:15:00+00:00,2141.09,0.0100990567730269,0.0009311256469667,-0.0091679311260602
T01944,GAP10,ETHUSDT,15m,9,donchian n=50 vol=1.5,range,maker_both,LONG,2026-04-07 21:15:00+00:00,2141.09,0.0100990567730269,0.0009311256469667,-0.0091679311260602
T01944,GAP25,ETHUSDT,15m,9,donchian n=50 vol=1.5,range,maker_both,LONG,2026-04-07 21:15:00+00:00,2141.09,0.0100990567730269,0.0009311256469667,-0.0091679311260602
T01944,GAP50,ETHUSDT,15m,9,donchian n=50 vol=1.5,range,maker_both,LONG,2026-04-07 21:15:00+00:00,2141.09,0.0100990567730269,0.0009311256469667,-0.0091679311260602
T01951,B1_ALL,ETHUSDT,15m,9,donchian n=50 vol=1.5,range,maker_both,LONG,2026-04-26 14:30:00+00:00,2348.88,-0.005454428376404,0.0029247342607766,0.008379162637180599
T01952,B1_ALL,ETHUSDT,15m,9,donchian n=50 vol=1.5,range,maker_both,SHORT,2026-04-27 15:30:00+00:00,2275.23,-0.0069186774252786,-0.0048760510305857,0.0020426263946929004
T01953,B1_ALL,ETHUSDT,15m,9,donchian n=50 vol=1.5,range,maker_both,SHORT,2026-04-29 15:45:00+00:00,2272.58,0.007927879958362,0.0081066979646521,0.0001788180062901011
T01940,GAP0,ETHUSDT,15m,9,donchian n=50 vol=1.5,range,maker_both,SHORT,2026-04-05 06:00:00+00:00,2047.74,0.0019363081335109,0.0081066979646521,0.006170389831141201
T01940,GAP10,ETHUSDT,15m,9,donchian n=50 vol=1.5,range,maker_both,SHORT,2026-04-05 06:00:00+00:00,2047.74,0.0019363081335109,0.0081066979646521,0.006170389831141201
T01941,GAP25,ETHUSDT,15m,9,donchian n=50 vol=1.5,range,maker_both,SHORT,2026-04-05 12:45:00+00:00,2023.59,-0.0057940678400381,0.0081066979646521,0.0139007658046902
T01941,GAP50,ETHUSDT,15m,9,donchian n=50 vol=1.5,range,maker_both,SHORT,2026-04-05 12:45:00+00:00,2023.59,-0.0057940678400381,0.0081066979646521,0.0139007658046902
T01954,B1_ALL,ETHUSDT,15m,9,donchian n=50 vol=1.5,range,maker_both,SHORT,2026-04-29 18:45:00+00:00,2222.79,-0.0135162748695338,-0.0137307835508804,-0.00021450868134659934
T01955,B1_ALL,ETHUSDT,15m,9,donchian n=50 vol=1.5,range,maker_both,LONG,2026-05-01 12:30:00+00:00,2304.0,0.0039937638854598,0.0042065096863036,0.00021274580084379956
T01947,GAP25,ETHUSDT,15m,9,donchian n=50 vol=1.5,range,maker_both,LONG,2026-04-22 02:30:00+00:00,2354.24,0.0083168754455636,0.0042065096863036,-0.00411036575926
T01947,GAP50,ETHUSDT,15m,9,donchian n=50 vol=1.5,range,maker_both,LONG,2026-04-22 02:30:00+00:00,2354.24,0.0083168754455636,0.0042065096863036,-0.00411036575926
T01956,B1_ALL,ETHUSDT,15m,9,donchian n=50 vol=1.5,range,maker_both,LONG,2026-05-01 14:00:00+00:00,2317.06,-0.0083199522064461,-0.0084036122875119,-8.36600810657992e-05
T01947,GAP0,ETHUSDT,15m,9,donchian n=50 vol=1.5,range,maker_both,LONG,2026-04-22 02:30:00+00:00,2354.24,0.0083168754455636,-0.0084036122875119,-0.0167204877330755
T01947,GAP10,ETHUSDT,15m,9,donchian n=50 vol=1.5,range,maker_both,LONG,2026-04-22 02:30:00+00:00,2354.24,0.0083168754455636,-0.0084036122875119,-0.0167204877330755
T01950,GAP25,ETHUSDT,15m,9,donchian n=50 vol=1.5,range,maker_both,LONG,2026-04-26 05:15:00+00:00,2327.21,0.0024183565250409,-0.0084036122875119,-0.010821968812552799
T01950,GAP50,ETHUSDT,15m,9,donchian n=50 vol=1.5,range,maker_both,LONG,2026-04-26 05:15:00+00:00,2327.21,0.0024183565250409,-0.0084036122875119,-0.010821968812552799
T01957,B1_ALL,ETHUSDT,15m,9,donchian n=50 vol=1.5,range,maker_both,SHORT,2026-05-07 01:00:00+00:00,2327.89,0.0046377067594552,0.0052872288427431,0.0006495220832878996
T01941,GAP0,ETHUSDT,15m,9,donchian n=50 vol=1.5,range,maker_both,SHORT,2026-04-05 12:45:00+00:00,2023.59,-0.0057940678400381,0.0052872288427431,0.0110812966827812
T01941,GAP10,ETHUSDT,15m,9,donchian n=50 vol=1.5,range,maker_both,SHORT,2026-04-05 12:45:00+00:00,2023.59,-0.0057940678400381,0.0052872288427431,0.0110812966827812
T01943,GAP25,ETHUSDT,15m,9,donchian n=50 vol=1.5,range,maker_both,SHORT,2026-04-07 14:15:00+00:00,2066.41,-0.0115102402579633,0.0052872288427431,0.0167974691007064
T01943,GAP50,ETHUSDT,15m,9,donchian n=50 vol=1.5,range,maker_both,SHORT,2026-04-07 14:15:00+00:00,2066.41,-0.0115102402579633,0.0052872288427431,0.0167974691007064
T01958,B1_ALL,ETHUSDT,15m,9,donchian n=50 vol=1.5,range,maker_both,SHORT,2026-05-09 14:30:00+00:00,2307.05,0.0016415175188203,0.0017085310178625,6.701349904220002e-05
T01945,GAP50,ETHUSDT,15m,9,donchian n=50 vol=1.5,range,maker_both,SHORT,2026-04-12 11:00:00+00:00,2200.47,0.0038898845981935,0.0017085310178625,-0.002181353580331
T01959,B1_ALL,ETHUSDT,15m,10,donchian n=50 vol=1.5,range,maker_both,LONG,2026-05-10 15:45:00+00:00,2340.71,0.0023869324747799,0.002881488834577,0.0004945563597971003
T01959,GAP0,ETHUSDT,15m,10,donchian n=50 vol=1.5,range,maker_both,LONG,2026-05-10 15:45:00+00:00,2340.71,0.0023869324747799,0.002881488834577,0.0004945563597971003
T01959,GAP10,ETHUSDT,15m,10,donchian n=50 vol=1.5,range,maker_both,LONG,2026-05-10 15:45:00+00:00,2340.71,0.0023869324747799,0.002881488834577,0.0004945563597971003
T01959,GAP25,ETHUSDT,15m,10,donchian n=50 vol=1.5,range,maker_both,LONG,2026-05-10 15:45:00+00:00,2340.71,0.0023869324747799,0.002881488834577,0.0004945563597971003
T01959,GAP50,ETHUSDT,15m,10,donchian n=50 vol=1.5,range,maker_both,LONG,2026-05-10 15:45:00+00:00,2340.71,0.0023869324747799,0.002881488834577,0.0004945563597971003
T01960,B1_ALL,ETHUSDT,15m,10,donchian n=50 vol=1.5,range,maker_both,SHORT,2026-05-11 14:30:00+00:00,2311.86,-0.0075934446396195,-0.0080173617468409,-0.0004239171072214004
T01960,GAP0,ETHUSDT,15m,10,donchian n=50 vol=1.5,range,maker_both,SHORT,2026-05-11 14:30:00+00:00,2311.86,-0.0075934446396195,-0.0080173617468409,-0.0004239171072214004
T01960,GAP10,ETHUSDT,15m,10,donchian n=50 vol=1.5,range,maker_both,SHORT,2026-05-11 14:30:00+00:00,2311.86,-0.0075934446396195,-0.0080173617468409,-0.0004239171072214004
T01960,GAP25,ETHUSDT,15m,10,donchian n=50 vol=1.5,range,maker_both,SHORT,2026-05-11 14:30:00+00:00,2311.86,-0.0075934446396195,-0.0080173617468409,-0.0004239171072214004
T01960,GAP50,ETHUSDT,15m,10,donchian n=50 vol=1.5,range,maker_both,SHORT,2026-05-11 14:30:00+00:00,2311.86,-0.0075934446396195,-0.0080173617468409,-0.0004239171072214004
T01961,B1_ALL,ETHUSDT,15m,10,donchian n=50 vol=1.5,range,maker_both,SHORT,2026-05-13 14:00:00+00:00,2261.13,0.0066817221452734,0.0072526379687388,0.0005709158234654
T01961,GAP25,ETHUSDT,15m,10,donchian n=50 vol=1.5,range,maker_both,SHORT,2026-05-13 14:00:00+00:00,2261.13,0.0066817221452734,0.0072526379687388,0.0005709158234654
T01961,GAP50,ETHUSDT,15m,10,donchian n=50 vol=1.5,range,maker_both,SHORT,2026-05-13 14:00:00+00:00,2261.13,0.0066817221452734,0.0072526379687388,0.0005709158234654
T01962,B1_ALL,ETHUSDT,15m,10,donchian n=50 vol=1.5,range,maker_both,SHORT,2026-05-15 05:45:00+00:00,2245.51,-0.0088431456107518,-0.0088240792850603,1.9066325691499686e-05
T01961,GAP0,ETHUSDT,15m,10,donchian n=50 vol=1.5,range,maker_both,SHORT,2026-05-13 14:00:00+00:00,2261.13,0.0066817221452734,-0.0088240792850603,-0.0155058014303337
T01961,GAP10,ETHUSDT,15m,10,donchian n=50 vol=1.5,range,maker_both,SHORT,2026-05-13 14:00:00+00:00,2261.13,0.0066817221452734,-0.0088240792850603,-0.0155058014303337
T01962,GAP25,ETHUSDT,15m,10,donchian n=50 vol=1.5,range,maker_both,SHORT,2026-05-15 05:45:00+00:00,2245.51,-0.0088431456107518,-0.0088240792850603,1.9066325691499686e-05
T01962,GAP50,ETHUSDT,15m,10,donchian n=50 vol=1.5,range,maker_both,SHORT,2026-05-15 05:45:00+00:00,2245.51,-0.0088431456107518,-0.0088240792850603,1.9066325691499686e-05
T01963,B1_ALL,ETHUSDT,15m,10,donchian n=50 vol=1.5,range,maker_both,SHORT,2026-05-22 14:30:00+00:00,2117.11,-0.0068362550927485,0.0042009440985631,0.0110371991913116
T01963,GAP50,ETHUSDT,15m,10,donchian n=50 vol=1.5,range,maker_both,SHORT,2026-05-22 14:30:00+00:00,2117.11,-0.0068362550927485,0.0042009440985631,0.0110371991913116
T01964,B1_ALL,ETHUSDT,15m,10,donchian n=50 vol=1.5,range,maker_both,LONG,2026-05-25 09:15:00+00:00,2117.61,0.0041120884788318,0.0038921925095626,-0.00021989596926919952
T01964,GAP0,ETHUSDT,15m,10,donchian n=50 vol=1.5,range,maker_both,LONG,2026-05-25 09:15:00+00:00,2117.61,0.0041120884788318,0.0038921925095626,-0.00021989596926919952
T01964,GAP10,ETHUSDT,15m,10,donchian n=50 vol=1.5,range,maker_both,LONG,2026-05-25 09:15:00+00:00,2117.61,0.0041120884788318,0.0038921925095626,-0.00021989596926919952
T01964,GAP25,ETHUSDT,15m,10,donchian n=50 vol=1.5,range,maker_both,LONG,2026-05-25 09:15:00+00:00,2117.61,0.0041120884788318,0.0038921925095626,-0.00021989596926919952
T01964,GAP50,ETHUSDT,15m,10,donchian n=50 vol=1.5,range,maker_both,LONG,2026-05-25 09:15:00+00:00,2117.61,0.0041120884788318,0.0038921925095626,-0.00021989596926919952
T01965,B1_ALL,ETHUSDT,15m,10,donchian n=50 vol=1.5,range,maker_both,SHORT,2026-05-26 00:45:00+00:00,2095.36,0.004332428393713,0.0049881490767643,0.0006557206830512998
T01963,GAP25,ETHUSDT,15m,10,donchian n=50 vol=1.5,range,maker_both,SHORT,2026-05-22 14:30:00+00:00,2117.11,-0.0068362550927485,0.0049881490767643,0.0118244041695128
T01965,GAP50,ETHUSDT,15m,10,donchian n=50 vol=1.5,range,maker_both,SHORT,2026-05-26 00:45:00+00:00,2095.36,0.004332428393713,0.0049881490767643,0.0006557206830512998
T01966,B1_ALL,ETHUSDT,15m,10,donchian n=50 vol=1.5,range,maker_both,LONG,2026-05-26 10:30:00+00:00,2120.48,0.0047313997685433,-0.0079911148081894,-0.0127225145767327
T01966,GAP0,ETHUSDT,15m,10,donchian n=50 vol=1.5,range,maker_both,LONG,2026-05-26 10:30:00+00:00,2120.48,0.0047313997685433,-0.0079911148081894,-0.0127225145767327
T01966,GAP10,ETHUSDT,15m,10,donchian n=50 vol=1.5,range,maker_both,LONG,2026-05-26 10:30:00+00:00,2120.48,0.0047313997685433,-0.0079911148081894,-0.0127225145767327
T01966,GAP25,ETHUSDT,15m,10,donchian n=50 vol=1.5,range,maker_both,LONG,2026-05-26 10:30:00+00:00,2120.48,0.0047313997685433,-0.0079911148081894,-0.0127225145767327
T01966,GAP50,ETHUSDT,15m,10,donchian n=50 vol=1.5,range,maker_both,LONG,2026-05-26 10:30:00+00:00,2120.48,0.0047313997685433,-0.0079911148081894,-0.0127225145767327
T01967,B1_ALL,ETHUSDT,15m,10,donchian n=50 vol=1.5,range,maker_both,LONG,2026-05-26 14:30:00+00:00,2137.18,-0.0088060018270212,-0.0106696646498998,-0.001863662822878599
T01968,B1_ALL,ETHUSDT,15m,10,donchian n=50 vol=1.5,range,maker_both,LONG,2026-05-30 15:15:00+00:00,2030.35,-0.0049207665379058,0.0004914010387074,0.0054121675766132
T01969,B1_ALL,ETHUSDT,15m,10,donchian n=50 vol=1.5,range,maker_both,SHORT,2026-06-14 14:45:00+00:00,1655.29,-0.0062683134939496,-0.0062543257161126,1.3987777837000566e-05
T01970,B1_ALL,ETHUSDT,15m,10,donchian n=50 vol=1.5,range,maker_both,LONG,2026-06-14 21:30:00+00:00,1700.32,0.0061938091223295,0.0078116478511246,0.0016178387287951006
T01967,GAP0,ETHUSDT,15m,10,donchian n=50 vol=1.5,range,maker_both,LONG,2026-05-26 14:30:00+00:00,2137.18,-0.0088060018270212,0.0078116478511246,0.0166176496781458
T01967,GAP10,ETHUSDT,15m,10,donchian n=50 vol=1.5,range,maker_both,LONG,2026-05-26 14:30:00+00:00,2137.18,-0.0088060018270212,0.0078116478511246,0.0166176496781458
T01967,GAP25,ETHUSDT,15m,10,donchian n=50 vol=1.5,range,maker_both,LONG,2026-05-26 14:30:00+00:00,2137.18,-0.0088060018270212,0.0078116478511246,0.0166176496781458
T01967,GAP50,ETHUSDT,15m,10,donchian n=50 vol=1.5,range,maker_both,LONG,2026-05-26 14:30:00+00:00,2137.18,-0.0088060018270212,0.0078116478511246,0.0166176496781458
T01971,B1_ALL,ETHUSDT,15m,10,donchian n=50 vol=1.5,range,maker_both,SHORT,2026-06-21 21:15:00+00:00,1709.59,-0.0081237720084096,-0.0089128449412644,-0.0007890729328547987
T01972,B1_ALL,ETHUSDT,15m,10,donchian n=50 vol=1.5,range,maker_both,LONG,2026-06-22 01:30:00+00:00,1751.74,-0.0121988490669545,0.0005288869393605,0.012727736006315
T01973,B1_ALL,ETHUSDT,15m,10,donchian n=50 vol=1.5,range,maker_both,SHORT,2026-06-23 05:30:00+00:00,1712.86,0.0054539185013361,0.0053550151087896,-9.890339254649966e-05
T01965,GAP25,ETHUSDT,15m,10,donchian n=50 vol=1.5,range,maker_both,SHORT,2026-05-26 00:45:00+00:00,2095.36,0.004332428393713,0.0053550151087896,0.0010225867150766002
T01969,GAP50,ETHUSDT,15m,10,donchian n=50 vol=1.5,range,maker_both,SHORT,2026-06-14 14:45:00+00:00,1655.29,-0.0062683134939496,0.0053550151087896,0.011623328602739201
T01974,B1_ALL,ETHUSDT,15m,11,pullback rsi=35,all,maker_both,SHORT,2026-06-25 05:00:00+00:00,1634.25,-0.0092758039673619,-0.0100830057103989,-0.0008072017430370004
T01975,B1_ALL,ETHUSDT,15m,11,pullback rsi=35,all,maker_both,LONG,2026-06-30 00:45:00+00:00,1593.73,-0.0094983051651575,-0.0093793745251735,0.00011893063998400129
T01975,GAP0,ETHUSDT,15m,11,pullback rsi=35,all,maker_both,LONG,2026-06-30 00:45:00+00:00,1593.73,-0.0094983051651575,-0.0093793745251735,0.00011893063998400129
T01975,GAP10,ETHUSDT,15m,11,pullback rsi=35,all,maker_both,LONG,2026-06-30 00:45:00+00:00,1593.73,-0.0094983051651575,-0.0093793745251735,0.00011893063998400129
T01975,GAP25,ETHUSDT,15m,11,pullback rsi=35,all,maker_both,LONG,2026-06-30 00:45:00+00:00,1593.73,-0.0094983051651575,-0.0093793745251735,0.00011893063998400129
T01975,GAP50,ETHUSDT,15m,11,pullback rsi=35,all,maker_both,LONG,2026-06-30 00:45:00+00:00,1593.73,-0.0094983051651575,-0.0093793745251735,0.00011893063998400129
T01976,B1_ALL,ETHUSDT,15m,11,pullback rsi=35,all,maker_both,LONG,2026-07-02 00:30:00+00:00,1602.08,0.0078365696789112,0.007910466724032,7.389704512080104e-05
T01977,B1_ALL,ETHUSDT,15m,11,pullback rsi=35,all,maker_both,LONG,2026-07-05 01:30:00+00:00,1767.96,-0.007910267858587,-0.0002293576239623,0.007680910234624701
T01978,B1_ALL,ETHUSDT,15m,11,pullback rsi=35,all,maker_both,LONG,2026-07-07 02:30:00+00:00,1778.94,-0.0106165192044935,-0.01055639555507,6.012364942349982e-05
T01976,GAP0,ETHUSDT,15m,11,pullback rsi=35,all,maker_both,LONG,2026-07-02 00:30:00+00:00,1602.08,0.0078365696789112,-0.01055639555507,-0.0183929652339812
T01976,GAP10,ETHUSDT,15m,11,pullback rsi=35,all,maker_both,LONG,2026-07-02 00:30:00+00:00,1602.08,0.0078365696789112,-0.01055639555507,-0.0183929652339812
T01976,GAP25,ETHUSDT,15m,11,pullback rsi=35,all,maker_both,LONG,2026-07-02 00:30:00+00:00,1602.08,0.0078365696789112,-0.01055639555507,-0.0183929652339812
T01976,GAP50,ETHUSDT,15m,11,pullback rsi=35,all,maker_both,LONG,2026-07-02 00:30:00+00:00,1602.08,0.0078365696789112,-0.01055639555507,-0.0183929652339812
T01979,B1_ALL,ETHUSDT,15m,11,pullback rsi=35,all,maker_both,LONG,2026-07-11 23:15:00+00:00,1807.51,-0.0067444881316404,-0.0079446235192762,-0.0012001353876358
T01980,B1_ALL,ETHUSDT,15m,11,pullback rsi=35,all,maker_both,SHORT,2026-07-14 01:00:00+00:00,1785.24,0.0002423678807462,0.0002651528865286,2.2785005782399996e-05
T01974,GAP0,ETHUSDT,15m,11,pullback rsi=35,all,maker_both,SHORT,2026-06-25 05:00:00+00:00,1634.25,-0.0092758039673619,0.0002651528865286,0.0095409568538905
T01974,GAP10,ETHUSDT,15m,11,pullback rsi=35,all,maker_both,SHORT,2026-06-25 05:00:00+00:00,1634.25,-0.0092758039673619,0.0002651528865286,0.0095409568538905
T01974,GAP25,ETHUSDT,15m,11,pullback rsi=35,all,maker_both,SHORT,2026-06-25 05:00:00+00:00,1634.25,-0.0092758039673619,0.0002651528865286,0.0095409568538905
T01974,GAP50,ETHUSDT,15m,11,pullback rsi=35,all,maker_both,SHORT,2026-06-25 05:00:00+00:00,1634.25,-0.0092758039673619,0.0002651528865286,0.0095409568538905
T01981,B1_ALL,ETHUSDT,15m,11,pullback rsi=35,all,maker_both,LONG,2026-07-16 07:45:00+00:00,1906.11,-0.0071653597062175,-0.0072088941617639,-4.3534455546400536e-05
T01977,GAP0,ETHUSDT,15m,11,pullback rsi=35,all,maker_both,LONG,2026-07-05 01:30:00+00:00,1767.96,-0.007910267858587,-0.0072088941617639,0.0007013736968231
T01977,GAP10,ETHUSDT,15m,11,pullback rsi=35,all,maker_both,LONG,2026-07-05 01:30:00+00:00,1767.96,-0.007910267858587,-0.0072088941617639,0.0007013736968231
T01977,GAP25,ETHUSDT,15m,11,pullback rsi=35,all,maker_both,LONG,2026-07-05 01:30:00+00:00,1767.96,-0.007910267858587,-0.0072088941617639,0.0007013736968231
T01977,GAP50,ETHUSDT,15m,11,pullback rsi=35,all,maker_both,LONG,2026-07-05 01:30:00+00:00,1767.96,-0.007910267858587,-0.0072088941617639,0.0007013736968231
T01982,B1_ALL,ETHUSDT,15m,11,pullback rsi=35,all,maker_both,SHORT,2026-07-25 13:15:00+00:00,1861.94,-0.0037163647947837,-0.0037959105211852,-7.954572640150002e-05
T01983,B1_ALL,ETHUSDT,15m,11,pullback rsi=35,all,maker_both,LONG,2026-07-27 12:30:00+00:00,1947.28,0.0050454384952786,0.0054546596735792,0.0004092211783005995
T01978,GAP0,ETHUSDT,15m,11,pullback rsi=35,all,maker_both,LONG,2026-07-07 02:30:00+00:00,1778.94,-0.0106165192044935,0.0054546596735792,0.0160711788780727
T01978,GAP10,ETHUSDT,15m,11,pullback rsi=35,all,maker_both,LONG,2026-07-07 02:30:00+00:00,1778.94,-0.0106165192044935,0.0054546596735792,0.0160711788780727
T01978,GAP25,ETHUSDT,15m,11,pullback rsi=35,all,maker_both,LONG,2026-07-07 02:30:00+00:00,1778.94,-0.0106165192044935,0.0054546596735792,0.0160711788780727
T01978,GAP50,ETHUSDT,15m,11,pullback rsi=35,all,maker_both,LONG,2026-07-07 02:30:00+00:00,1778.94,-0.0106165192044935,0.0054546596735792,0.0160711788780727
T01984,B1_ALL,ETHUSDT,15m,11,pullback rsi=35,all,maker_both,SHORT,2026-07-28 13:00:00+00:00,1891.59,0.0049882568130595,0.0050336283277628,4.5371514703299726e-05
T01980,GAP0,ETHUSDT,15m,11,pullback rsi=35,all,maker_both,SHORT,2026-07-14 01:00:00+00:00,1785.24,0.0002423678807462,0.0050336283277628,0.004791260447016599
T01980,GAP10,ETHUSDT,15m,11,pullback rsi=35,all,maker_both,SHORT,2026-07-14 01:00:00+00:00,1785.24,0.0002423678807462,0.0050336283277628,0.004791260447016599
T01980,GAP25,ETHUSDT,15m,11,pullback rsi=35,all,maker_both,SHORT,2026-07-14 01:00:00+00:00,1785.24,0.0002423678807462,0.0050336283277628,0.004791260447016599
T01980,GAP50,ETHUSDT,15m,11,pullback rsi=35,all,maker_both,SHORT,2026-07-14 01:00:00+00:00,1785.24,0.0002423678807462,0.0050336283277628,0.004791260447016599
T01985,B1_ALL,ETHUSDT,15m,11,pullback rsi=35,all,maker_both,SHORT,2026-08-03 14:00:00+00:00,1858.27,-0.0083130197988676,-0.0084539606796526,-0.0001409408807849996
T01982,GAP0,ETHUSDT,15m,11,pullback rsi=35,all,maker_both,SHORT,2026-07-25 13:15:00+00:00,1861.94,-0.0037163647947837,-0.0084539606796526,-0.004737595884868899
T01982,GAP10,ETHUSDT,15m,11,pullback rsi=35,all,maker_both,SHORT,2026-07-25 13:15:00+00:00,1861.94,-0.0037163647947837,-0.0084539606796526,-0.004737595884868899
T01982,GAP25,ETHUSDT,15m,11,pullback rsi=35,all,maker_both,SHORT,2026-07-25 13:15:00+00:00,1861.94,-0.0037163647947837,-0.0084539606796526,-0.004737595884868899
T01982,GAP50,ETHUSDT,15m,11,pullback rsi=35,all,maker_both,SHORT,2026-07-25 13:15:00+00:00,1861.94,-0.0037163647947837,-0.0084539606796526,-0.004737595884868899
T01986,B1_ALL,SOLUSDT,15m,1,pullback rsi=35,all,maker_both,SHORT,2025-04-03 22:00:00+00:00,117.07,0.0124702562437178,0.0122412402350228,-0.00022901600869499987
T01986,GAP0,SOLUSDT,15m,1,pullback rsi=35,all,maker_both,SHORT,2025-04-03 22:00:00+00:00,117.07,0.0124702562437178,0.0122412402350228,-0.00022901600869499987
T01986,GAP10,SOLUSDT,15m,1,pullback rsi=35,all,maker_both,SHORT,2025-04-03 22:00:00+00:00,117.07,0.0124702562437178,0.0122412402350228,-0.00022901600869499987
T01986,GAP25,SOLUSDT,15m,1,pullback rsi=35,all,maker_both,SHORT,2025-04-03 22:00:00+00:00,117.07,0.0124702562437178,0.0122412402350228,-0.00022901600869499987
T01986,GAP50,SOLUSDT,15m,1,pullback rsi=35,all,maker_both,SHORT,2025-04-03 22:00:00+00:00,117.07,0.0124702562437178,0.0122412402350228,-0.00022901600869499987
T01987,B1_ALL,SOLUSDT,15m,1,pullback rsi=35,all,maker_both,SHORT,2025-04-07 14:00:00+00:00,106.5,-0.0360270058819569,-0.0381785472352634,-0.002151541353306502
T01988,B1_ALL,SOLUSDT,15m,1,pullback rsi=35,all,maker_both,LONG,2025-04-10 03:30:00+00:00,115.01,0.0140871724648957,-0.0105230359463588,-0.0246102084112545
T01988,GAP0,SOLUSDT,15m,1,pullback rsi=35,all,maker_both,LONG,2025-04-10 03:30:00+00:00,115.01,0.0140871724648957,-0.0105230359463588,-0.0246102084112545
T01988,GAP10,SOLUSDT,15m,1,pullback rsi=35,all,maker_both,LONG,2025-04-10 03:30:00+00:00,115.01,0.0140871724648957,-0.0105230359463588,-0.0246102084112545
T01988,GAP25,SOLUSDT,15m,1,pullback rsi=35,all,maker_both,LONG,2025-04-10 03:30:00+00:00,115.01,0.0140871724648957,-0.0105230359463588,-0.0246102084112545
T01988,GAP50,SOLUSDT,15m,1,pullback rsi=35,all,maker_both,LONG,2025-04-10 03:30:00+00:00,115.01,0.0140871724648957,-0.0105230359463588,-0.0246102084112545
T01989,B1_ALL,SOLUSDT,15m,1,pullback rsi=35,all,maker_both,LONG,2025-04-10 07:45:00+00:00,114.52,-0.0154038206009001,-0.0151262041601546,0.00027761644074549875
T01989,GAP0,SOLUSDT,15m,1,pullback rsi=35,all,maker_both,LONG,2025-04-10 07:45:00+00:00,114.52,-0.0154038206009001,-0.0151262041601546,0.00027761644074549875
T01989,GAP10,SOLUSDT,15m,1,pullback rsi=35,all,maker_both,LONG,2025-04-10 07:45:00+00:00,114.52,-0.0154038206009001,-0.0151262041601546,0.00027761644074549875
T01989,GAP25,SOLUSDT,15m,1,pullback rsi=35,all,maker_both,LONG,2025-04-10 07:45:00+00:00,114.52,-0.0154038206009001,-0.0151262041601546,0.00027761644074549875
T01989,GAP50,SOLUSDT,15m,1,pullback rsi=35,all,maker_both,LONG,2025-04-10 07:45:00+00:00,114.52,-0.0154038206009001,-0.0151262041601546,0.00027761644074549875
T01990,B1_ALL,SOLUSDT,15m,1,pullback rsi=35,all,maker_both,LONG,2025-04-13 05:15:00+00:00,129.59,0.0027960291826024,-0.0172424343980039,-0.020038463580606302
T01990,GAP0,SOLUSDT,15m,1,pullback rsi=35,all,maker_both,LONG,2025-04-13 05:15:00+00:00,129.59,0.0027960291826024,-0.0172424343980039,-0.020038463580606302
T01990,GAP10,SOLUSDT,15m,1,pullback rsi=35,all,maker_both,LONG,2025-04-13 05:15:00+00:00,129.59,0.0027960291826024,-0.0172424343980039,-0.020038463580606302
T01990,GAP25,SOLUSDT,15m,1,pullback rsi=35,all,maker_both,LONG,2025-04-13 05:15:00+00:00,129.59,0.0027960291826024,-0.0172424343980039,-0.020038463580606302
T01990,GAP50,SOLUSDT,15m,1,pullback rsi=35,all,maker_both,LONG,2025-04-13 05:15:00+00:00,129.59,0.0027960291826024,-0.0172424343980039,-0.020038463580606302
T01991,B1_ALL,SOLUSDT,15m,1,pullback rsi=35,all,maker_both,LONG,2025-04-13 19:45:00+00:00,127.77,-0.0195503486494568,-0.0197088047643697,-0.0001584561149128999
T01991,GAP0,SOLUSDT,15m,1,pullback rsi=35,all,maker_both,LONG,2025-04-13 19:45:00+00:00,127.77,-0.0195503486494568,-0.0197088047643697,-0.0001584561149128999
T01991,GAP10,SOLUSDT,15m,1,pullback rsi=35,all,maker_both,LONG,2025-04-13 19:45:00+00:00,127.77,-0.0195503486494568,-0.0197088047643697,-0.0001584561149128999
T01991,GAP25,SOLUSDT,15m,1,pullback rsi=35,all,maker_both,LONG,2025-04-13 19:45:00+00:00,127.77,-0.0195503486494568,-0.0197088047643697,-0.0001584561149128999
T01991,GAP50,SOLUSDT,15m,1,pullback rsi=35,all,maker_both,LONG,2025-04-13 19:45:00+00:00,127.77,-0.0195503486494568,-0.0197088047643697,-0.0001584561149128999
T01992,B1_ALL,SOLUSDT,15m,1,pullback rsi=35,all,maker_both,LONG,2025-04-20 07:15:00+00:00,139.17,-0.009453240775713,-0.0095916019944168,-0.0001383612187037999
T01992,GAP10,SOLUSDT,15m,1,pullback rsi=35,all,maker_both,LONG,2025-04-20 07:15:00+00:00,139.17,-0.009453240775713,-0.0095916019944168,-0.0001383612187037999
T01992,GAP25,SOLUSDT,15m,1,pullback rsi=35,all,maker_both,LONG,2025-04-20 07:15:00+00:00,139.17,-0.009453240775713,-0.0095916019944168,-0.0001383612187037999
T01992,GAP50,SOLUSDT,15m,1,pullback rsi=35,all,maker_both,LONG,2025-04-20 07:15:00+00:00,139.17,-0.009453240775713,-0.0095916019944168,-0.0001383612187037999
T01993,B1_ALL,SOLUSDT,15m,1,pullback rsi=35,all,maker_both,SHORT,2025-05-04 15:15:00+00:00,146.9,0.0049700741436681,0.0049663252939166,-3.7488497514996666e-06
T01987,GAP25,SOLUSDT,15m,1,pullback rsi=35,all,maker_both,SHORT,2025-04-07 14:00:00+00:00,106.5,-0.0360270058819569,0.0049663252939166,0.0409933311758735
T01987,GAP50,SOLUSDT,15m,1,pullback rsi=35,all,maker_both,SHORT,2025-04-07 14:00:00+00:00,106.5,-0.0360270058819569,0.0049663252939166,0.0409933311758735
T01994,B1_ALL,SOLUSDT,15m,1,pullback rsi=35,all,maker_both,LONG,2025-05-14 09:00:00+00:00,178.39,0.0146522958645133,0.0148544942338574,0.00020219836934409936
T01992,GAP0,SOLUSDT,15m,1,pullback rsi=35,all,maker_both,LONG,2025-04-20 07:15:00+00:00,139.17,-0.009453240775713,0.0148544942338574,0.0243077350095704
T01994,GAP10,SOLUSDT,15m,1,pullback rsi=35,all,maker_both,LONG,2025-05-14 09:00:00+00:00,178.39,0.0146522958645133,0.0148544942338574,0.00020219836934409936
T01994,GAP25,SOLUSDT,15m,1,pullback rsi=35,all,maker_both,LONG,2025-05-14 09:00:00+00:00,178.39,0.0146522958645133,0.0148544942338574,0.00020219836934409936
T01994,GAP50,SOLUSDT,15m,1,pullback rsi=35,all,maker_both,LONG,2025-05-14 09:00:00+00:00,178.39,0.0146522958645133,0.0148544942338574,0.00020219836934409936
T01995,B1_ALL,SOLUSDT,15m,2,vwap n=48 k=3.0,range,maker_tp,SHORT,2025-05-18 11:15:00+00:00,171.14864,-0.0073805708506167,-0.0073208431257035,5.972772491319965e-05
T01995,GAP10,SOLUSDT,15m,2,vwap n=48 k=3.0,range,maker_tp,SHORT,2025-05-18 11:15:00+00:00,171.14864,-0.0073805708506167,-0.0073208431257035,5.972772491319965e-05
T01995,GAP25,SOLUSDT,15m,2,vwap n=48 k=3.0,range,maker_tp,SHORT,2025-05-18 11:15:00+00:00,171.14864,-0.0073805708506167,-0.0073208431257035,5.972772491319965e-05
T01995,GAP50,SOLUSDT,15m,2,vwap n=48 k=3.0,range,maker_tp,SHORT,2025-05-18 11:15:00+00:00,171.14864,-0.0073805708506167,-0.0073208431257035,5.972772491319965e-05
T01996,B1_ALL,SOLUSDT,15m,2,vwap n=48 k=3.0,range,maker_tp,SHORT,2025-05-18 14:00:00+00:00,172.24831,-0.0073615622469705,-0.0074176668297466,-5.6104582776100344e-05
T01996,GAP10,SOLUSDT,15m,2,vwap n=48 k=3.0,range,maker_tp,SHORT,2025-05-18 14:00:00+00:00,172.24831,-0.0073615622469705,-0.0074176668297466,-5.6104582776100344e-05
T01996,GAP25,SOLUSDT,15m,2,vwap n=48 k=3.0,range,maker_tp,SHORT,2025-05-18 14:00:00+00:00,172.24831,-0.0073615622469705,-0.0074176668297466,-5.6104582776100344e-05
T01996,GAP50,SOLUSDT,15m,2,vwap n=48 k=3.0,range,maker_tp,SHORT,2025-05-18 14:00:00+00:00,172.24831,-0.0073615622469705,-0.0074176668297466,-5.6104582776100344e-05
T01997,B1_ALL,SOLUSDT,15m,2,vwap n=48 k=3.0,range,maker_tp,LONG,2025-05-18 22:15:00+00:00,168.100415,-0.0129627596444773,0.0224160960591693,0.0353788557036466
T01997,GAP10,SOLUSDT,15m,2,vwap n=48 k=3.0,range,maker_tp,LONG,2025-05-18 22:15:00+00:00,168.100415,-0.0129627596444773,0.0224160960591693,0.0353788557036466
T01997,GAP25,SOLUSDT,15m,2,vwap n=48 k=3.0,range,maker_tp,LONG,2025-05-18 22:15:00+00:00,168.100415,-0.0129627596444773,0.0224160960591693,0.0353788557036466
T01997,GAP50,SOLUSDT,15m,2,vwap n=48 k=3.0,range,maker_tp,LONG,2025-05-18 22:15:00+00:00,168.100415,-0.0129627596444773,0.0224160960591693,0.0353788557036466
T01998,B1_ALL,SOLUSDT,15m,2,vwap n=48 k=3.0,range,maker_tp,LONG,2025-05-19 03:45:00+00:00,165.27956899999998,-0.0142675985424736,-0.0139034294437797,0.00036416909869389953
T01998,GAP10,SOLUSDT,15m,2,vwap n=48 k=3.0,range,maker_tp,LONG,2025-05-19 03:45:00+00:00,165.27956899999998,-0.0142675985424736,-0.0139034294437797,0.00036416909869389953
T01998,GAP25,SOLUSDT,15m,2,vwap n=48 k=3.0,range,maker_tp,LONG,2025-05-19 03:45:00+00:00,165.27956899999998,-0.0142675985424736,-0.0139034294437797,0.00036416909869389953
T01998,GAP50,SOLUSDT,15m,2,vwap n=48 k=3.0,range,maker_tp,LONG,2025-05-19 03:45:00+00:00,165.27956899999998,-0.0142675985424736,-0.0139034294437797,0.00036416909869389953
T01999,B1_ALL,SOLUSDT,15m,2,vwap n=48 k=3.0,range,maker_tp,LONG,2025-05-20 11:15:00+00:00,166.059803,-0.0100146888810691,-0.0100421420152048,-2.7453134135699275e-05
T01999,GAP10,SOLUSDT,15m,2,vwap n=48 k=3.0,range,maker_tp,LONG,2025-05-20 11:15:00+00:00,166.059803,-0.0100146888810691,-0.0100421420152048,-2.7453134135699275e-05
T01999,GAP25,SOLUSDT,15m,2,vwap n=48 k=3.0,range,maker_tp,LONG,2025-05-20 11:15:00+00:00,166.059803,-0.0100146888810691,-0.0100421420152048,-2.7453134135699275e-05
T01999,GAP50,SOLUSDT,15m,2,vwap n=48 k=3.0,range,maker_tp,LONG,2025-05-20 11:15:00+00:00,166.059803,-0.0100146888810691,-0.0100421420152048,-2.7453134135699275e-05
T02000,B1_ALL,SOLUSDT,15m,2,vwap n=48 k=3.0,range,maker_tp,LONG,2025-05-24 02:15:00+00:00,174.622371,0.0137820401901894,0.0150587578108513,0.0012767176206619005
T02000,GAP10,SOLUSDT,15m,2,vwap n=48 k=3.0,range,maker_tp,LONG,2025-05-24 02:15:00+00:00,174.622371,0.0137820401901894,0.0150587578108513,0.0012767176206619005
T02000,GAP25,SOLUSDT,15m,2,vwap n=48 k=3.0,range,maker_tp,LONG,2025-05-24 02:15:00+00:00,174.622371,0.0137820401901894,0.0150587578108513,0.0012767176206619005
T02000,GAP50,SOLUSDT,15m,2,vwap n=48 k=3.0,range,maker_tp,LONG,2025-05-24 02:15:00+00:00,174.622371,0.0137820401901894,0.0150587578108513,0.0012767176206619005
T02001,B1_ALL,SOLUSDT,15m,2,vwap n=48 k=3.0,range,maker_tp,LONG,2025-05-25 01:00:00+00:00,171.25135999999998,0.0023606328038422,0.0012022365253042,-0.0011583962785379999
T02001,GAP10,SOLUSDT,15m,2,vwap n=48 k=3.0,range,maker_tp,LONG,2025-05-25 01:00:00+00:00,171.25135999999998,0.0023606328038422,0.0012022365253042,-0.0011583962785379999
T02001,GAP25,SOLUSDT,15m,2,vwap n=48 k=3.0,range,maker_tp,LONG,2025-05-25 01:00:00+00:00,171.25135999999998,0.0023606328038422,0.0012022365253042,-0.0011583962785379999
T02001,GAP50,SOLUSDT,15m,2,vwap n=48 k=3.0,range,maker_tp,LONG,2025-05-25 01:00:00+00:00,171.25135999999998,0.0023606328038422,0.0012022365253042,-0.0011583962785379999
T02002,B1_ALL,SOLUSDT,15m,2,vwap n=48 k=3.0,range,maker_tp,LONG,2025-05-27 01:15:00+00:00,172.111618,0.0128626319978771,0.013887326949696,0.001024694951818901
T02002,GAP10,SOLUSDT,15m,2,vwap n=48 k=3.0,range,maker_tp,LONG,2025-05-27 01:15:00+00:00,172.111618,0.0128626319978771,0.013887326949696,0.001024694951818901
T02002,GAP25,SOLUSDT,15m,2,vwap n=48 k=3.0,range,maker_tp,LONG,2025-05-27 01:15:00+00:00,172.111618,0.0128626319978771,0.013887326949696,0.001024694951818901
T02002,GAP50,SOLUSDT,15m,2,vwap n=48 k=3.0,range,maker_tp,LONG,2025-05-27 01:15:00+00:00,172.111618,0.0128626319978771,0.013887326949696,0.001024694951818901
T02003,B1_ALL,SOLUSDT,15m,2,vwap n=48 k=3.0,range,maker_tp,SHORT,2025-05-27 10:45:00+00:00,176.05716700000002,-0.0076337874299056,-0.0073841952769023,0.0002495921530033
T02003,GAP10,SOLUSDT,15m,2,vwap n=48 k=3.0,range,maker_tp,SHORT,2025-05-27 10:45:00+00:00,176.05716700000002,-0.0076337874299056,-0.0073841952769023,0.0002495921530033
T02003,GAP25,SOLUSDT,15m,2,vwap n=48 k=3.0,range,maker_tp,SHORT,2025-05-27 10:45:00+00:00,176.05716700000002,-0.0076337874299056,-0.0073841952769023,0.0002495921530033
T02003,GAP50,SOLUSDT,15m,2,vwap n=48 k=3.0,range,maker_tp,SHORT,2025-05-27 10:45:00+00:00,176.05716700000002,-0.0076337874299056,-0.0073841952769023,0.0002495921530033
T02004,B1_ALL,SOLUSDT,15m,2,vwap n=48 k=3.0,range,maker_tp,SHORT,2025-05-27 12:15:00+00:00,177.04687,-0.0076773198665891,-0.0078589949988228,-0.00018167513223369975
T02004,GAP10,SOLUSDT,15m,2,vwap n=48 k=3.0,range,maker_tp,SHORT,2025-05-27 12:15:00+00:00,177.04687,-0.0076773198665891,-0.0078589949988228,-0.00018167513223369975
T02004,GAP25,SOLUSDT,15m,2,vwap n=48 k=3.0,range,maker_tp,SHORT,2025-05-27 12:15:00+00:00,177.04687,-0.0076773198665891,-0.0078589949988228,-0.00018167513223369975
T02004,GAP50,SOLUSDT,15m,2,vwap n=48 k=3.0,range,maker_tp,SHORT,2025-05-27 12:15:00+00:00,177.04687,-0.0076773198665891,-0.0078589949988228,-0.00018167513223369975
T02005,B1_ALL,SOLUSDT,15m,2,vwap n=48 k=3.0,range,maker_tp,SHORT,2025-05-27 13:30:00+00:00,178.12654600000002,0.0130229700108369,0.0140264258168264,0.0010034558059894994
T02005,GAP10,SOLUSDT,15m,2,vwap n=48 k=3.0,range,maker_tp,SHORT,2025-05-27 13:30:00+00:00,178.12654600000002,0.0130229700108369,0.0140264258168264,0.0010034558059894994
T02005,GAP25,SOLUSDT,15m,2,vwap n=48 k=3.0,range,maker_tp,SHORT,2025-05-27 13:30:00+00:00,178.12654600000002,0.0130229700108369,0.0140264258168264,0.0010034558059894994
T02005,GAP50,SOLUSDT,15m,2,vwap n=48 k=3.0,range,maker_tp,SHORT,2025-05-27 13:30:00+00:00,178.12654600000002,0.0130229700108369,0.0140264258168264,0.0010034558059894994
T02006,B1_ALL,SOLUSDT,15m,2,vwap n=48 k=3.0,range,maker_tp,LONG,2025-05-28 04:15:00+00:00,174.412308,-0.0080918505391297,-0.0080229816734233,6.886886570640037e-05
T02006,GAP10,SOLUSDT,15m,2,vwap n=48 k=3.0,range,maker_tp,LONG,2025-05-28 04:15:00+00:00,174.412308,-0.0080918505391297,-0.0080229816734233,6.886886570640037e-05
T02006,GAP25,SOLUSDT,15m,2,vwap n=48 k=3.0,range,maker_tp,LONG,2025-05-28 04:15:00+00:00,174.412308,-0.0080918505391297,-0.0080229816734233,6.886886570640037e-05
T02006,GAP50,SOLUSDT,15m,2,vwap n=48 k=3.0,range,maker_tp,LONG,2025-05-28 04:15:00+00:00,174.412308,-0.0080918505391297,-0.0080229816734233,6.886886570640037e-05
T02007,B1_ALL,SOLUSDT,15m,2,vwap n=48 k=3.0,range,maker_tp,SHORT,2025-06-03 02:15:00+00:00,160.76175700000002,-0.004378643544211,-0.002531111766675,0.001847531777536
T02007,GAP10,SOLUSDT,15m,2,vwap n=48 k=3.0,range,maker_tp,SHORT,2025-06-03 02:15:00+00:00,160.76175700000002,-0.004378643544211,-0.002531111766675,0.001847531777536
T02007,GAP25,SOLUSDT,15m,2,vwap n=48 k=3.0,range,maker_tp,SHORT,2025-06-03 02:15:00+00:00,160.76175700000002,-0.004378643544211,-0.002531111766675,0.001847531777536
T02007,GAP50,SOLUSDT,15m,2,vwap n=48 k=3.0,range,maker_tp,SHORT,2025-06-03 02:15:00+00:00,160.76175700000002,-0.004378643544211,-0.002531111766675,0.001847531777536
T02008,B1_ALL,SOLUSDT,15m,2,vwap n=48 k=3.0,range,maker_tp,SHORT,2025-06-08 17:15:00+00:00,152.88412100000002,-0.0077752127429188,-0.0077708083179169,4.404425001900379e-06
T02008,GAP10,SOLUSDT,15m,2,vwap n=48 k=3.0,range,maker_tp,SHORT,2025-06-08 17:15:00+00:00,152.88412100000002,-0.0077752127429188,-0.0077708083179169,4.404425001900379e-06
T02008,GAP25,SOLUSDT,15m,2,vwap n=48 k=3.0,range,maker_tp,SHORT,2025-06-08 17:15:00+00:00,152.88412100000002,-0.0077752127429188,-0.0077708083179169,4.404425001900379e-06
T02008,GAP50,SOLUSDT,15m,2,vwap n=48 k=3.0,range,maker_tp,SHORT,2025-06-08 17:15:00+00:00,152.88412100000002,-0.0077752127429188,-0.0077708083179169,4.404425001900379e-06
T02009,B1_ALL,SOLUSDT,15m,2,vwap n=48 k=3.0,range,maker_tp,SHORT,2025-06-08 18:30:00+00:00,153.603905,-0.0082600204651923,-0.0080610537120547,0.00019896675313759923
T02009,GAP10,SOLUSDT,15m,2,vwap n=48 k=3.0,range,maker_tp,SHORT,2025-06-08 18:30:00+00:00,153.603905,-0.0082600204651923,-0.0080610537120547,0.00019896675313759923
T02009,GAP25,SOLUSDT,15m,2,vwap n=48 k=3.0,range,maker_tp,SHORT,2025-06-08 18:30:00+00:00,153.603905,-0.0082600204651923,-0.0080610537120547,0.00019896675313759923
T02009,GAP50,SOLUSDT,15m,2,vwap n=48 k=3.0,range,maker_tp,SHORT,2025-06-08 18:30:00+00:00,153.603905,-0.0082600204651923,-0.0080610537120547,0.00019896675313759923
T02010,B1_ALL,SOLUSDT,15m,2,vwap n=48 k=3.0,range,maker_tp,SHORT,2025-06-15 16:45:00+00:00,151.824439,-0.0115074452049411,-0.0112808874266125,0.00022655777832859998
T02010,GAP10,SOLUSDT,15m,2,vwap n=48 k=3.0,range,maker_tp,SHORT,2025-06-15 16:45:00+00:00,151.824439,-0.0115074452049411,-0.0112808874266125,0.00022655777832859998
T02010,GAP25,SOLUSDT,15m,2,vwap n=48 k=3.0,range,maker_tp,SHORT,2025-06-15 16:45:00+00:00,151.824439,-0.0115074452049411,-0.0112808874266125,0.00022655777832859998
T02010,GAP50,SOLUSDT,15m,2,vwap n=48 k=3.0,range,maker_tp,SHORT,2025-06-15 16:45:00+00:00,151.824439,-0.0115074452049411,-0.0112808874266125,0.00022655777832859998
T02011,B1_ALL,SOLUSDT,15m,2,vwap n=48 k=3.0,range,maker_tp,LONG,2025-06-17 13:00:00+00:00,149.54485,-0.0095128968396439,-0.0093867907262251,0.0001261061134187995
T02011,GAP10,SOLUSDT,15m,2,vwap n=48 k=3.0,range,maker_tp,LONG,2025-06-17 13:00:00+00:00,149.54485,-0.0095128968396439,-0.0093867907262251,0.0001261061134187995
T02011,GAP25,SOLUSDT,15m,2,vwap n=48 k=3.0,range,maker_tp,LONG,2025-06-17 13:00:00+00:00,149.54485,-0.0095128968396439,-0.0093867907262251,0.0001261061134187995
T02011,GAP50,SOLUSDT,15m,2,vwap n=48 k=3.0,range,maker_tp,LONG,2025-06-17 13:00:00+00:00,149.54485,-0.0095128968396439,-0.0093867907262251,0.0001261061134187995
T02012,B1_ALL,SOLUSDT,15m,2,vwap n=48 k=3.0,range,maker_tp,SHORT,2025-06-20 10:45:00+00:00,148.435456,0.0108919082011663,0.0107399222130429,-0.0001519859881233994
T02012,GAP10,SOLUSDT,15m,2,vwap n=48 k=3.0,range,maker_tp,SHORT,2025-06-20 10:45:00+00:00,148.435456,0.0108919082011663,0.0107399222130429,-0.0001519859881233994
T02012,GAP25,SOLUSDT,15m,2,vwap n=48 k=3.0,range,maker_tp,SHORT,2025-06-20 10:45:00+00:00,148.435456,0.0108919082011663,0.0107399222130429,-0.0001519859881233994
T02012,GAP50,SOLUSDT,15m,2,vwap n=48 k=3.0,range,maker_tp,SHORT,2025-06-20 10:45:00+00:00,148.435456,0.0108919082011663,0.0107399222130429,-0.0001519859881233994
T02013,B1_ALL,SOLUSDT,15m,2,vwap n=48 k=3.0,range,maker_tp,LONG,2025-06-20 15:00:00+00:00,143.99318499999998,-0.0095424614337189,-0.0094385354571002,0.00010392597661870034
T02013,GAP10,SOLUSDT,15m,2,vwap n=48 k=3.0,range,maker_tp,LONG,2025-06-20 15:00:00+00:00,143.99318499999998,-0.0095424614337189,-0.0094385354571002,0.00010392597661870034
T02013,GAP25,SOLUSDT,15m,2,vwap n=48 k=3.0,range,maker_tp,LONG,2025-06-20 15:00:00+00:00,143.99318499999998,-0.0095424614337189,-0.0094385354571002,0.00010392597661870034
T02013,GAP50,SOLUSDT,15m,2,vwap n=48 k=3.0,range,maker_tp,LONG,2025-06-20 15:00:00+00:00,143.99318499999998,-0.0095424614337189,-0.0094385354571002,0.00010392597661870034
T02014,B1_ALL,SOLUSDT,15m,2,vwap n=48 k=3.0,range,maker_tp,SHORT,2025-06-23 20:15:00+00:00,141.577514,-0.0152889156703666,-0.0158650244290123,-0.0005761087586457006
T02014,GAP10,SOLUSDT,15m,2,vwap n=48 k=3.0,range,maker_tp,SHORT,2025-06-23 20:15:00+00:00,141.577514,-0.0152889156703666,-0.0158650244290123,-0.0005761087586457006
T02014,GAP25,SOLUSDT,15m,2,vwap n=48 k=3.0,range,maker_tp,SHORT,2025-06-23 20:15:00+00:00,141.577514,-0.0152889156703666,-0.0158650244290123,-0.0005761087586457006
T02014,GAP50,SOLUSDT,15m,2,vwap n=48 k=3.0,range,maker_tp,SHORT,2025-06-23 20:15:00+00:00,141.577514,-0.0152889156703666,-0.0158650244290123,-0.0005761087586457006
T02015,B1_ALL,SOLUSDT,15m,2,vwap n=48 k=3.0,range,maker_tp,LONG,2025-06-26 14:15:00+00:00,142.632777,-0.0093192736840063,-0.0093938733324842,-7.45996484778997e-05
T02015,GAP10,SOLUSDT,15m,2,vwap n=48 k=3.0,range,maker_tp,LONG,2025-06-26 14:15:00+00:00,142.632777,-0.0093192736840063,-0.0093938733324842,-7.45996484778997e-05
T02015,GAP25,SOLUSDT,15m,2,vwap n=48 k=3.0,range,maker_tp,LONG,2025-06-26 14:15:00+00:00,142.632777,-0.0093192736840063,-0.0093938733324842,-7.45996484778997e-05
T02015,GAP50,SOLUSDT,15m,2,vwap n=48 k=3.0,range,maker_tp,LONG,2025-06-26 14:15:00+00:00,142.632777,-0.0093192736840063,-0.0093938733324842,-7.45996484778997e-05
T02016,B1_ALL,SOLUSDT,15m,2,vwap n=48 k=3.0,range,maker_tp,SHORT,2025-06-28 05:15:00+00:00,143.38697100000002,-0.0063128479511487,-0.0061983302860475,0.00011451766510119955
T02016,GAP10,SOLUSDT,15m,2,vwap n=48 k=3.0,range,maker_tp,SHORT,2025-06-28 05:15:00+00:00,143.38697100000002,-0.0063128479511487,-0.0061983302860475,0.00011451766510119955
T02016,GAP25,SOLUSDT,15m,2,vwap n=48 k=3.0,range,maker_tp,SHORT,2025-06-28 05:15:00+00:00,143.38697100000002,-0.0063128479511487,-0.0061983302860475,0.00011451766510119955
T02016,GAP50,SOLUSDT,15m,2,vwap n=48 k=3.0,range,maker_tp,SHORT,2025-06-28 05:15:00+00:00,143.38697100000002,-0.0063128479511487,-0.0061983302860475,0.00011451766510119955
T02017,B1_ALL,SOLUSDT,15m,2,vwap n=48 k=3.0,range,maker_tp,SHORT,2025-06-28 06:15:00+00:00,144.18673099999998,-0.006285280798733,-0.0061567901240835,0.00012849067464949966
T02017,GAP10,SOLUSDT,15m,2,vwap n=48 k=3.0,range,maker_tp,SHORT,2025-06-28 06:15:00+00:00,144.18673099999998,-0.006285280798733,-0.0061567901240835,0.00012849067464949966
T02017,GAP25,SOLUSDT,15m,2,vwap n=48 k=3.0,range,maker_tp,SHORT,2025-06-28 06:15:00+00:00,144.18673099999998,-0.006285280798733,-0.0061567901240835,0.00012849067464949966
T02017,GAP50,SOLUSDT,15m,2,vwap n=48 k=3.0,range,maker_tp,SHORT,2025-06-28 06:15:00+00:00,144.18673099999998,-0.006285280798733,-0.0061567901240835,0.00012849067464949966
T02018,B1_ALL,SOLUSDT,15m,2,vwap n=48 k=3.0,range,maker_tp,SHORT,2025-06-28 07:45:00+00:00,146.476044,-0.0062927638822528,-0.0068335297466795,-0.0005407658644266998
T02018,GAP10,SOLUSDT,15m,2,vwap n=48 k=3.0,range,maker_tp,SHORT,2025-06-28 07:45:00+00:00,146.476044,-0.0062927638822528,-0.0068335297466795,-0.0005407658644266998
T02018,GAP25,SOLUSDT,15m,2,vwap n=48 k=3.0,range,maker_tp,SHORT,2025-06-28 07:45:00+00:00,146.476044,-0.0062927638822528,-0.0068335297466795,-0.0005407658644266998
T02018,GAP50,SOLUSDT,15m,2,vwap n=48 k=3.0,range,maker_tp,SHORT,2025-06-28 07:45:00+00:00,146.476044,-0.0062927638822528,-0.0068335297466795,-0.0005407658644266998
T02019,B1_ALL,SOLUSDT,15m,3,donchian n=20 vol=0.0,range,maker_both,SHORT,2025-07-01 11:15:00+00:00,148.19,-0.0081605294560889,0.011634595134235,0.019795124590323898
T02020,B1_ALL,SOLUSDT,15m,3,donchian n=20 vol=0.0,range,maker_both,LONG,2025-07-04 05:30:00+00:00,153.29,-0.00779232121832,-0.0080030959452447,-0.0002107747269247005
T02020,GAP50,SOLUSDT,15m,3,donchian n=20 vol=0.0,range,maker_both,LONG,2025-07-04 05:30:00+00:00,153.29,-0.00779232121832,-0.0080030959452447,-0.0002107747269247005
T02021,B1_ALL,SOLUSDT,15m,3,donchian n=20 vol=0.0,range,maker_both,SHORT,2025-07-04 08:15:00+00:00,149.33,-0.0093748479595539,-0.0095803184022906,-0.000205470442736699
T02022,B1_ALL,SOLUSDT,15m,3,donchian n=20 vol=0.0,range,maker_both,SHORT,2025-07-04 14:00:00+00:00,148.43,0.0123362316190084,0.0129759995413881,0.0006397679223796998
T02019,GAP0,SOLUSDT,15m,3,donchian n=20 vol=0.0,range,maker_both,SHORT,2025-07-01 11:15:00+00:00,148.19,-0.0081605294560889,0.0129759995413881,0.021136528997477
T02019,GAP10,SOLUSDT,15m,3,donchian n=20 vol=0.0,range,maker_both,SHORT,2025-07-01 11:15:00+00:00,148.19,-0.0081605294560889,0.0129759995413881,0.021136528997477
T02019,GAP25,SOLUSDT,15m,3,donchian n=20 vol=0.0,range,maker_both,SHORT,2025-07-01 11:15:00+00:00,148.19,-0.0081605294560889,0.0129759995413881,0.021136528997477
T02019,GAP50,SOLUSDT,15m,3,donchian n=20 vol=0.0,range,maker_both,SHORT,2025-07-01 11:15:00+00:00,148.19,-0.0081605294560889,0.0129759995413881,0.021136528997477
T02023,B1_ALL,SOLUSDT,15m,3,donchian n=20 vol=0.0,range,maker_both,LONG,2025-07-06 17:00:00+00:00,153.05,-0.008942258254039,-0.0090235094533976,-8.125119935860001e-05
T02024,B1_ALL,SOLUSDT,15m,3,donchian n=20 vol=0.0,range,maker_both,LONG,2025-07-08 06:15:00+00:00,149.45,0.0086374728758072,0.0087041719265456,6.669905073840125e-05
T02025,B1_ALL,SOLUSDT,15m,3,donchian n=20 vol=0.0,range,maker_both,LONG,2025-07-08 10:45:00+00:00,151.18,0.0083532534216727,0.0084185333739629,6.52799522901995e-05
T02023,GAP50,SOLUSDT,15m,3,donchian n=20 vol=0.0,range,maker_both,LONG,2025-07-06 17:00:00+00:00,153.05,-0.008942258254039,0.0084185333739629,0.0173607916280019
T02026,B1_ALL,SOLUSDT,15m,3,donchian n=20 vol=0.0,range,maker_both,SHORT,2025-07-08 15:30:00+00:00,150.26,-0.0077254613806895,-0.0076680829108863,5.7378469803200105e-05
T02021,GAP0,SOLUSDT,15m,3,donchian n=20 vol=0.0,range,maker_both,SHORT,2025-07-04 08:15:00+00:00,149.33,-0.0093748479595539,-0.0076680829108863,0.0017067650486676002
T02021,GAP10,SOLUSDT,15m,3,donchian n=20 vol=0.0,range,maker_both,SHORT,2025-07-04 08:15:00+00:00,149.33,-0.0093748479595539,-0.0076680829108863,0.0017067650486676002
T02021,GAP25,SOLUSDT,15m,3,donchian n=20 vol=0.0,range,maker_both,SHORT,2025-07-04 08:15:00+00:00,149.33,-0.0093748479595539,-0.0076680829108863,0.0017067650486676002
T02021,GAP50,SOLUSDT,15m,3,donchian n=20 vol=0.0,range,maker_both,SHORT,2025-07-04 08:15:00+00:00,149.33,-0.0093748479595539,-0.0076680829108863,0.0017067650486676002
T02027,B1_ALL,SOLUSDT,15m,3,donchian n=20 vol=0.0,range,maker_both,SHORT,2025-07-15 01:15:00+00:00,160.68,-0.0086095712447312,-0.0088563201966894,-0.00024674895195819953
T02022,GAP50,SOLUSDT,15m,3,donchian n=20 vol=0.0,range,maker_both,SHORT,2025-07-04 14:00:00+00:00,148.43,0.0123362316190084,-0.0088563201966894,-0.021192551815697798
T02028,B1_ALL,SOLUSDT,15m,3,donchian n=20 vol=0.0,range,maker_both,SHORT,2025-07-15 02:30:00+00:00,159.3,-0.0103924063345575,0.0056804123545656,0.0160728186891231
T02029,B1_ALL,SOLUSDT,15m,3,donchian n=20 vol=0.0,range,maker_both,LONG,2025-07-26 08:30:00+00:00,187.17,0.0075349581236902,0.007236699330355,-0.00029825879333519965
T02020,GAP0,SOLUSDT,15m,3,donchian n=20 vol=0.0,range,maker_both,LONG,2025-07-04 05:30:00+00:00,153.29,-0.00779232121832,0.007236699330355,0.015029020548675
T02020,GAP10,SOLUSDT,15m,3,donchian n=20 vol=0.0,range,maker_both,LONG,2025-07-04 05:30:00+00:00,153.29,-0.00779232121832,0.007236699330355,0.015029020548675
T02020,GAP25,SOLUSDT,15m,3,donchian n=20 vol=0.0,range,maker_both,LONG,2025-07-04 05:30:00+00:00,153.29,-0.00779232121832,0.007236699330355,0.015029020548675
T02024,GAP50,SOLUSDT,15m,3,donchian n=20 vol=0.0,range,maker_both,LONG,2025-07-08 06:15:00+00:00,149.45,0.0086374728758072,0.007236699330355,-0.0014007735454521992
T02030,B1_ALL,SOLUSDT,15m,3,donchian n=20 vol=0.0,range,maker_both,SHORT,2025-07-26 23:15:00+00:00,184.5,-0.0070022022226556,-0.0069877341904936,1.4468032161999746e-05
T02026,GAP50,SOLUSDT,15m,3,donchian n=20 vol=0.0,range,maker_both,SHORT,2025-07-08 15:30:00+00:00,150.26,-0.0077254613806895,-0.0069877341904936,0.0007377271901959003
T02031,B1_ALL,SOLUSDT,15m,3,donchian n=20 vol=0.0,range,maker_both,LONG,2025-07-27 03:00:00+00:00,187.07,-0.0065308290362645,0.0091445974541531,0.0156754264904176
T02032,B1_ALL,SOLUSDT,15m,3,donchian n=20 vol=0.0,range,maker_both,LONG,2025-07-27 16:45:00+00:00,188.77,-0.0084683556881803,-0.0095937319379232,-0.0011253762497429008
T02033,B1_ALL,SOLUSDT,15m,3,donchian n=20 vol=0.0,range,maker_both,SHORT,2025-07-28 20:30:00+00:00,182.78,-0.0126978387167203,-0.0058265301356293,0.006871308581091
T02034,B1_ALL,SOLUSDT,15m,3,donchian n=20 vol=0.0,range,maker_both,LONG,2025-08-04 17:15:00+00:00,169.47,-0.0112864933914407,-0.0111673307835382,0.00011916260790249995
T02025,GAP50,SOLUSDT,15m,3,donchian n=20 vol=0.0,range,maker_both,LONG,2025-07-08 10:45:00+00:00,151.18,0.0083532534216727,-0.0111673307835382,-0.019520584205210897
T02035,B1_ALL,SOLUSDT,15m,3,donchian n=20 vol=0.0,range,maker_both,LONG,2025-08-06 16:00:00+00:00,168.96,-0.0121508738478149,-0.0023716493380864,0.009779224509728499
T02036,B1_ALL,SOLUSDT,15m,3,donchian n=20 vol=0.0,range,maker_both,LONG,2025-08-06 18:15:00+00:00,169.7,-0.0105163339693081,-0.0108480092326316,-0.0003316752633235002
T02037,B1_ALL,SOLUSDT,15m,4,pullback rsi=35,all,maker_both,LONG,2025-08-17 20:00:00+00:00,191.13,0.0055684373888763,0.005367007385589,-0.00020143000328729996
T02037,GAP0,SOLUSDT,15m,4,pullback rsi=35,all,maker_both,LONG,2025-08-17 20:00:00+00:00,191.13,0.0055684373888763,0.005367007385589,-0.00020143000328729996
T02037,GAP10,SOLUSDT,15m,4,pullback rsi=35,all,maker_both,LONG,2025-08-17 20:00:00+00:00,191.13,0.0055684373888763,0.005367007385589,-0.00020143000328729996
T02037,GAP25,SOLUSDT,15m,4,pullback rsi=35,all,maker_both,LONG,2025-08-17 20:00:00+00:00,191.13,0.0055684373888763,0.005367007385589,-0.00020143000328729996
T02037,GAP50,SOLUSDT,15m,4,pullback rsi=35,all,maker_both,LONG,2025-08-17 20:00:00+00:00,191.13,0.0055684373888763,0.005367007385589,-0.00020143000328729996
T02038,B1_ALL,SOLUSDT,15m,4,pullback rsi=35,all,maker_both,SHORT,2025-08-18 17:45:00+00:00,184.9,0.0080438815809972,0.0078392765416955,-0.0002046050393016991
T02038,GAP0,SOLUSDT,15m,4,pullback rsi=35,all,maker_both,SHORT,2025-08-18 17:45:00+00:00,184.9,0.0080438815809972,0.0078392765416955,-0.0002046050393016991
T02038,GAP10,SOLUSDT,15m,4,pullback rsi=35,all,maker_both,SHORT,2025-08-18 17:45:00+00:00,184.9,0.0080438815809972,0.0078392765416955,-0.0002046050393016991
T02038,GAP25,SOLUSDT,15m,4,pullback rsi=35,all,maker_both,SHORT,2025-08-18 17:45:00+00:00,184.9,0.0080438815809972,0.0078392765416955,-0.0002046050393016991
T02038,GAP50,SOLUSDT,15m,4,pullback rsi=35,all,maker_both,SHORT,2025-08-18 17:45:00+00:00,184.9,0.0080438815809972,0.0078392765416955,-0.0002046050393016991
T02039,B1_ALL,SOLUSDT,15m,4,pullback rsi=35,all,maker_both,SHORT,2025-08-20 02:45:00+00:00,181.18,0.0007223091536802,-0.0032561929283211,-0.0039785020820013
T02039,GAP0,SOLUSDT,15m,4,pullback rsi=35,all,maker_both,SHORT,2025-08-20 02:45:00+00:00,181.18,0.0007223091536802,-0.0032561929283211,-0.0039785020820013
T02039,GAP10,SOLUSDT,15m,4,pullback rsi=35,all,maker_both,SHORT,2025-08-20 02:45:00+00:00,181.18,0.0007223091536802,-0.0032561929283211,-0.0039785020820013
T02039,GAP25,SOLUSDT,15m,4,pullback rsi=35,all,maker_both,SHORT,2025-08-20 02:45:00+00:00,181.18,0.0007223091536802,-0.0032561929283211,-0.0039785020820013
T02039,GAP50,SOLUSDT,15m,4,pullback rsi=35,all,maker_both,SHORT,2025-08-20 02:45:00+00:00,181.18,0.0007223091536802,-0.0032561929283211,-0.0039785020820013
T02040,B1_ALL,SOLUSDT,15m,4,pullback rsi=35,all,maker_both,LONG,2025-08-21 09:15:00+00:00,184.55,-0.0067709982348086,-0.0066806956946581,9.030254015050029e-05
T02040,GAP0,SOLUSDT,15m,4,pullback rsi=35,all,maker_both,LONG,2025-08-21 09:15:00+00:00,184.55,-0.0067709982348086,-0.0066806956946581,9.030254015050029e-05
T02040,GAP10,SOLUSDT,15m,4,pullback rsi=35,all,maker_both,LONG,2025-08-21 09:15:00+00:00,184.55,-0.0067709982348086,-0.0066806956946581,9.030254015050029e-05
T02040,GAP25,SOLUSDT,15m,4,pullback rsi=35,all,maker_both,LONG,2025-08-21 09:15:00+00:00,184.55,-0.0067709982348086,-0.0066806956946581,9.030254015050029e-05
T02040,GAP50,SOLUSDT,15m,4,pullback rsi=35,all,maker_both,LONG,2025-08-21 09:15:00+00:00,184.55,-0.0067709982348086,-0.0066806956946581,9.030254015050029e-05
T02041,B1_ALL,SOLUSDT,15m,4,pullback rsi=35,all,maker_both,LONG,2025-08-24 11:00:00+00:00,204.93,-0.0071221196266937,-0.0072256950513263,-0.00010357542463259976
T02041,GAP25,SOLUSDT,15m,4,pullback rsi=35,all,maker_both,LONG,2025-08-24 11:00:00+00:00,204.93,-0.0071221196266937,-0.0072256950513263,-0.00010357542463259976
T02041,GAP50,SOLUSDT,15m,4,pullback rsi=35,all,maker_both,LONG,2025-08-24 11:00:00+00:00,204.93,-0.0071221196266937,-0.0072256950513263,-0.00010357542463259976
T02042,B1_ALL,SOLUSDT,15m,4,pullback rsi=35,all,maker_both,LONG,2025-08-28 17:00:00+00:00,207.4,0.0130910767367512,0.0130099469188028,-8.112981794839921e-05
T02041,GAP0,SOLUSDT,15m,4,pullback rsi=35,all,maker_both,LONG,2025-08-24 11:00:00+00:00,204.93,-0.0071221196266937,0.0130099469188028,0.0201320665454965
T02041,GAP10,SOLUSDT,15m,4,pullback rsi=35,all,maker_both,LONG,2025-08-24 11:00:00+00:00,204.93,-0.0071221196266937,0.0130099469188028,0.0201320665454965
T02042,GAP25,SOLUSDT,15m,4,pullback rsi=35,all,maker_both,LONG,2025-08-28 17:00:00+00:00,207.4,0.0130910767367512,0.0130099469188028,-8.112981794839921e-05
T02042,GAP50,SOLUSDT,15m,4,pullback rsi=35,all,maker_both,LONG,2025-08-28 17:00:00+00:00,207.4,0.0130910767367512,0.0130099469188028,-8.112981794839921e-05
T02043,B1_ALL,SOLUSDT,15m,4,pullback rsi=35,all,maker_both,SHORT,2025-08-30 23:30:00+00:00,202.76,-0.0055674657963036,-0.0054930290721835,7.443672412010046e-05
T02043,GAP25,SOLUSDT,15m,4,pullback rsi=35,all,maker_both,SHORT,2025-08-30 23:30:00+00:00,202.76,-0.0055674657963036,-0.0054930290721835,7.443672412010046e-05
T02043,GAP50,SOLUSDT,15m,4,pullback rsi=35,all,maker_both,SHORT,2025-08-30 23:30:00+00:00,202.76,-0.0055674657963036,-0.0054930290721835,7.443672412010046e-05
T02044,B1_ALL,SOLUSDT,15m,4,pullback rsi=35,all,maker_both,SHORT,2025-09-02 02:30:00+00:00,199.78,-0.0075037269975367,-0.0074395397633019,6.418723423479936e-05
T02044,GAP50,SOLUSDT,15m,4,pullback rsi=35,all,maker_both,SHORT,2025-09-02 02:30:00+00:00,199.78,-0.0075037269975367,-0.0074395397633019,6.418723423479936e-05
T02045,B1_ALL,SOLUSDT,15m,4,pullback rsi=35,all,maker_both,SHORT,2025-09-07 01:30:00+00:00,202.17,-0.0044617579608889,-0.0043920806348668,6.96773260220997e-05
T02045,GAP50,SOLUSDT,15m,4,pullback rsi=35,all,maker_both,SHORT,2025-09-07 01:30:00+00:00,202.17,-0.0044617579608889,-0.0043920806348668,6.96773260220997e-05
T02046,B1_ALL,SOLUSDT,15m,4,pullback rsi=35,all,maker_both,LONG,2025-09-09 14:45:00+00:00,214.42,-0.0076915396431364,-0.0077239135040212,-3.237386088480055e-05
T02042,GAP0,SOLUSDT,15m,4,pullback rsi=35,all,maker_both,LONG,2025-08-28 17:00:00+00:00,207.4,0.0130910767367512,-0.0077239135040212,-0.0208149902407724
T02042,GAP10,SOLUSDT,15m,4,pullback rsi=35,all,maker_both,LONG,2025-08-28 17:00:00+00:00,207.4,0.0130910767367512,-0.0077239135040212,-0.0208149902407724
T02046,GAP25,SOLUSDT,15m,4,pullback rsi=35,all,maker_both,LONG,2025-09-09 14:45:00+00:00,214.42,-0.0076915396431364,-0.0077239135040212,-3.237386088480055e-05
T02046,GAP50,SOLUSDT,15m,4,pullback rsi=35,all,maker_both,LONG,2025-09-09 14:45:00+00:00,214.42,-0.0076915396431364,-0.0077239135040212,-3.237386088480055e-05
T02047,B1_ALL,SOLUSDT,15m,4,pullback rsi=35,all,maker_both,LONG,2025-09-13 14:00:00+00:00,239.94,-0.005608104916272,0.0047003368003591,0.0103084417166311
T02047,GAP50,SOLUSDT,15m,4,pullback rsi=35,all,maker_both,LONG,2025-09-13 14:00:00+00:00,239.94,-0.005608104916272,0.0047003368003591,0.0103084417166311
T02048,B1_ALL,SOLUSDT,15m,4,pullback rsi=35,all,maker_both,SHORT,2025-09-20 15:15:00+00:00,239.68,-0.0042279634336273,0.0027194386922891,0.006947402125916401
T02049,B1_ALL,SOLUSDT,15m,5,pullback rsi=40,all,maker_both,LONG,2025-09-29 06:15:00+00:00,207.99,0.005823473581579,0.0057607213727043,-6.275220887470064e-05
T02049,GAP10,SOLUSDT,15m,5,pullback rsi=40,all,maker_both,LONG,2025-09-29 06:15:00+00:00,207.99,0.005823473581579,0.0057607213727043,-6.275220887470064e-05
T02049,GAP25,SOLUSDT,15m,5,pullback rsi=40,all,maker_both,LONG,2025-09-29 06:15:00+00:00,207.99,0.005823473581579,0.0057607213727043,-6.275220887470064e-05
T02049,GAP50,SOLUSDT,15m,5,pullback rsi=40,all,maker_both,LONG,2025-09-29 06:15:00+00:00,207.99,0.005823473581579,0.0057607213727043,-6.275220887470064e-05
T02050,B1_ALL,SOLUSDT,15m,5,pullback rsi=40,all,maker_both,LONG,2025-09-29 10:45:00+00:00,206.79,-0.0088763102529462,-0.0089188051585025,-4.249490555629891e-05
T02050,GAP50,SOLUSDT,15m,5,pullback rsi=40,all,maker_both,LONG,2025-09-29 10:45:00+00:00,206.79,-0.0088763102529462,-0.0089188051585025,-4.249490555629891e-05
T02051,B1_ALL,SOLUSDT,15m,5,pullback rsi=40,all,maker_both,LONG,2025-09-30 01:45:00+00:00,210.42,-0.0103864864017648,-0.0088662852695776,0.001520201132187201
T02049,GAP0,SOLUSDT,15m,5,pullback rsi=40,all,maker_both,LONG,2025-09-29 06:15:00+00:00,207.99,0.005823473581579,-0.0088662852695776,-0.0146897588511566
T02050,GAP10,SOLUSDT,15m,5,pullback rsi=40,all,maker_both,LONG,2025-09-29 10:45:00+00:00,206.79,-0.0088763102529462,-0.0088662852695776,1.0024983368600929e-05
T02050,GAP25,SOLUSDT,15m,5,pullback rsi=40,all,maker_both,LONG,2025-09-29 10:45:00+00:00,206.79,-0.0088763102529462,-0.0088662852695776,1.0024983368600929e-05
T02051,GAP50,SOLUSDT,15m,5,pullback rsi=40,all,maker_both,LONG,2025-09-30 01:45:00+00:00,210.42,-0.0103864864017648,-0.0088662852695776,0.001520201132187201
T02052,B1_ALL,SOLUSDT,15m,5,pullback rsi=40,all,maker_both,LONG,2025-10-03 05:45:00+00:00,230.31,-0.0113551546992837,-0.0113325029214953,2.2651777788399927e-05
T02050,GAP0,SOLUSDT,15m,5,pullback rsi=40,all,maker_both,LONG,2025-09-29 10:45:00+00:00,206.79,-0.0088763102529462,-0.0113325029214953,-0.002456192668549099
T02051,GAP10,SOLUSDT,15m,5,pullback rsi=40,all,maker_both,LONG,2025-09-30 01:45:00+00:00,210.42,-0.0103864864017648,-0.0113325029214953,-0.0009460165197304991
T02051,GAP25,SOLUSDT,15m,5,pullback rsi=40,all,maker_both,LONG,2025-09-30 01:45:00+00:00,210.42,-0.0103864864017648,-0.0113325029214953,-0.0009460165197304991
T02052,GAP50,SOLUSDT,15m,5,pullback rsi=40,all,maker_both,LONG,2025-10-03 05:45:00+00:00,230.31,-0.0113551546992837,-0.0113325029214953,2.2651777788399927e-05
T02053,B1_ALL,SOLUSDT,15m,5,pullback rsi=40,all,maker_both,LONG,2025-10-03 07:15:00+00:00,229.25,0.0084907848948388,0.0084400498460325,-5.073504880629895e-05
T02053,GAP50,SOLUSDT,15m,5,pullback rsi=40,all,maker_both,LONG,2025-10-03 07:15:00+00:00,229.25,0.0084907848948388,0.0084400498460325,-5.073504880629895e-05
T02054,B1_ALL,SOLUSDT,15m,5,pullback rsi=40,all,maker_both,LONG,2025-10-04 01:30:00+00:00,230.55,-0.0115347495370243,-0.0111562234886907,0.00037852604833359983
T02052,GAP10,SOLUSDT,15m,5,pullback rsi=40,all,maker_both,LONG,2025-10-03 05:45:00+00:00,230.31,-0.0113551546992837,-0.0111562234886907,0.00019893121059299905
T02052,GAP25,SOLUSDT,15m,5,pullback rsi=40,all,maker_both,LONG,2025-10-03 05:45:00+00:00,230.31,-0.0113551546992837,-0.0111562234886907,0.00019893121059299905
T02054,GAP50,SOLUSDT,15m,5,pullback rsi=40,all,maker_both,LONG,2025-10-04 01:30:00+00:00,230.55,-0.0115347495370243,-0.0111562234886907,0.00037852604833359983
T02055,B1_ALL,SOLUSDT,15m,5,pullback rsi=40,all,maker_both,SHORT,2025-10-04 21:30:00+00:00,228.08,0.0047280065948763,-0.0077739952908568,-0.0125020018857331
T02055,GAP0,SOLUSDT,15m,5,pullback rsi=40,all,maker_both,SHORT,2025-10-04 21:30:00+00:00,228.08,0.0047280065948763,-0.0077739952908568,-0.0125020018857331
T02055,GAP10,SOLUSDT,15m,5,pullback rsi=40,all,maker_both,SHORT,2025-10-04 21:30:00+00:00,228.08,0.0047280065948763,-0.0077739952908568,-0.0125020018857331
T02055,GAP25,SOLUSDT,15m,5,pullback rsi=40,all,maker_both,SHORT,2025-10-04 21:30:00+00:00,228.08,0.0047280065948763,-0.0077739952908568,-0.0125020018857331
T02055,GAP50,SOLUSDT,15m,5,pullback rsi=40,all,maker_both,SHORT,2025-10-04 21:30:00+00:00,228.08,0.0047280065948763,-0.0077739952908568,-0.0125020018857331
T02056,B1_ALL,SOLUSDT,15m,5,pullback rsi=40,all,maker_both,LONG,2025-10-05 10:15:00+00:00,231.95,-0.0128253601157433,-0.0128894817797583,-6.412166401500129e-05
T02051,GAP0,SOLUSDT,15m,5,pullback rsi=40,all,maker_both,LONG,2025-09-30 01:45:00+00:00,210.42,-0.0103864864017648,-0.0128894817797583,-0.0025029953779935003
T02053,GAP10,SOLUSDT,15m,5,pullback rsi=40,all,maker_both,LONG,2025-10-03 07:15:00+00:00,229.25,0.0084907848948388,-0.0128894817797583,-0.021380266674597102
T02053,GAP25,SOLUSDT,15m,5,pullback rsi=40,all,maker_both,LONG,2025-10-03 07:15:00+00:00,229.25,0.0084907848948388,-0.0128894817797583,-0.021380266674597102
T02056,GAP50,SOLUSDT,15m,5,pullback rsi=40,all,maker_both,LONG,2025-10-05 10:15:00+00:00,231.95,-0.0128253601157433,-0.0128894817797583,-6.412166401500129e-05
T02057,B1_ALL,SOLUSDT,15m,5,pullback rsi=40,all,maker_both,LONG,2025-10-06 23:45:00+00:00,232.9,0.0081203815033407,0.0078992784452479,-0.00022110305809279994
T02058,B1_ALL,SOLUSDT,15m,5,pullback rsi=40,all,maker_both,SHORT,2025-10-08 08:45:00+00:00,222.43,0.0078976915241392,0.0080788088594997,0.00018111733536050126
T02058,GAP0,SOLUSDT,15m,5,pullback rsi=40,all,maker_both,SHORT,2025-10-08 08:45:00+00:00,222.43,0.0078976915241392,0.0080788088594997,0.00018111733536050126
T02058,GAP10,SOLUSDT,15m,5,pullback rsi=40,all,maker_both,SHORT,2025-10-08 08:45:00+00:00,222.43,0.0078976915241392,0.0080788088594997,0.00018111733536050126
T02058,GAP25,SOLUSDT,15m,5,pullback rsi=40,all,maker_both,SHORT,2025-10-08 08:45:00+00:00,222.43,0.0078976915241392,0.0080788088594997,0.00018111733536050126
T02058,GAP50,SOLUSDT,15m,5,pullback rsi=40,all,maker_both,SHORT,2025-10-08 08:45:00+00:00,222.43,0.0078976915241392,0.0080788088594997,0.00018111733536050126
T02059,B1_ALL,SOLUSDT,15m,5,pullback rsi=40,all,maker_both,SHORT,2025-10-09 22:45:00+00:00,221.4,-0.0014643816233094,-0.0015998200539836,-0.00013543843067419996
T02059,GAP0,SOLUSDT,15m,5,pullback rsi=40,all,maker_both,SHORT,2025-10-09 22:45:00+00:00,221.4,-0.0014643816233094,-0.0015998200539836,-0.00013543843067419996
T02059,GAP10,SOLUSDT,15m,5,pullback rsi=40,all,maker_both,SHORT,2025-10-09 22:45:00+00:00,221.4,-0.0014643816233094,-0.0015998200539836,-0.00013543843067419996
T02059,GAP25,SOLUSDT,15m,5,pullback rsi=40,all,maker_both,SHORT,2025-10-09 22:45:00+00:00,221.4,-0.0014643816233094,-0.0015998200539836,-0.00013543843067419996
T02059,GAP50,SOLUSDT,15m,5,pullback rsi=40,all,maker_both,SHORT,2025-10-09 22:45:00+00:00,221.4,-0.0014643816233094,-0.0015998200539836,-0.00013543843067419996
T02060,B1_ALL,SOLUSDT,15m,5,pullback rsi=40,all,maker_both,SHORT,2025-10-12 04:15:00+00:00,178.68,-0.0216307074344134,-0.0211740871778306,0.0004566202565828015
T02060,GAP25,SOLUSDT,15m,5,pullback rsi=40,all,maker_both,SHORT,2025-10-12 04:15:00+00:00,178.68,-0.0216307074344134,-0.0211740871778306,0.0004566202565828015
T02060,GAP50,SOLUSDT,15m,5,pullback rsi=40,all,maker_both,SHORT,2025-10-12 04:15:00+00:00,178.68,-0.0216307074344134,-0.0211740871778306,0.0004566202565828015
T02061,B1_ALL,SOLUSDT,15m,5,pullback rsi=40,all,maker_both,LONG,2025-10-13 11:15:00+00:00,194.32,-0.0154765482904358,0.0148170852301784,0.030293633520614198
T02062,B1_ALL,SOLUSDT,15m,5,pullback rsi=40,all,maker_both,LONG,2025-10-13 11:45:00+00:00,192.51,0.0155145520497151,0.0153487350339803,-0.00016581701573479928
T02054,GAP10,SOLUSDT,15m,5,pullback rsi=40,all,maker_both,LONG,2025-10-04 01:30:00+00:00,230.55,-0.0115347495370243,0.0153487350339803,0.0268834845710046
T02054,GAP25,SOLUSDT,15m,5,pullback rsi=40,all,maker_both,LONG,2025-10-04 01:30:00+00:00,230.55,-0.0115347495370243,0.0153487350339803,0.0268834845710046
T02057,GAP50,SOLUSDT,15m,5,pullback rsi=40,all,maker_both,LONG,2025-10-06 23:45:00+00:00,232.9,0.0081203815033407,0.0153487350339803,0.0072283535306396
T02063,B1_ALL,SOLUSDT,15m,5,pullback rsi=40,all,maker_both,LONG,2025-10-14 04:15:00+00:00,204.21,-0.0163941378873557,-0.0162494931295953,0.0001446447577603989
T02052,GAP0,SOLUSDT,15m,5,pullback rsi=40,all,maker_both,LONG,2025-10-03 05:45:00+00:00,230.31,-0.0113551546992837,-0.0162494931295953,-0.0048943384303116
T02056,GAP10,SOLUSDT,15m,5,pullback rsi=40,all,maker_both,LONG,2025-10-05 10:15:00+00:00,231.95,-0.0128253601157433,-0.0162494931295953,-0.0034241330138520005
T02056,GAP25,SOLUSDT,15m,5,pullback rsi=40,all,maker_both,LONG,2025-10-05 10:15:00+00:00,231.95,-0.0128253601157433,-0.0162494931295953,-0.0034241330138520005
T02061,GAP50,SOLUSDT,15m,5,pullback rsi=40,all,maker_both,LONG,2025-10-13 11:15:00+00:00,194.32,-0.0154765482904358,-0.0162494931295953,-0.0007729448391594999
T02064,B1_ALL,SOLUSDT,15m,5,pullback rsi=40,all,maker_both,LONG,2025-10-14 05:15:00+00:00,203.39,-0.0175751223427456,-0.0175419047677146,3.321757503100056e-05
T02065,B1_ALL,SOLUSDT,15m,5,pullback rsi=40,all,maker_both,LONG,2025-10-15 12:00:00+00:00,202.48,-0.016126063792208,-0.0159668514955669,0.00015921229664109943
T02053,GAP0,SOLUSDT,15m,5,pullback rsi=40,all,maker_both,LONG,2025-10-03 07:15:00+00:00,229.25,0.0084907848948388,-0.0159668514955669,-0.0244576363904057
T02057,GAP10,SOLUSDT,15m,5,pullback rsi=40,all,maker_both,LONG,2025-10-06 23:45:00+00:00,232.9,0.0081203815033407,-0.0159668514955669,-0.024087232998907603
T02057,GAP25,SOLUSDT,15m,5,pullback rsi=40,all,maker_both,LONG,2025-10-06 23:45:00+00:00,232.9,0.0081203815033407,-0.0159668514955669,-0.024087232998907603
T02062,GAP50,SOLUSDT,15m,5,pullback rsi=40,all,maker_both,LONG,2025-10-13 11:45:00+00:00,192.51,0.0155145520497151,-0.0159668514955669,-0.031481403545282
T02066,B1_ALL,SOLUSDT,15m,5,pullback rsi=40,all,maker_both,SHORT,2025-10-16 10:30:00+00:00,195.33,0.0167881252169342,0.0164867282295227,-0.00030139698741150217
T02067,B1_ALL,SOLUSDT,15m,5,pullback rsi=40,all,maker_both,SHORT,2025-10-17 16:00:00+00:00,182.65,-0.0157860380659548,-0.0082183642920368,0.007567673773918
T02066,GAP25,SOLUSDT,15m,5,pullback rsi=40,all,maker_both,SHORT,2025-10-16 10:30:00+00:00,195.33,0.0167881252169342,-0.0082183642920368,-0.025006489508971
T02066,GAP50,SOLUSDT,15m,5,pullback rsi=40,all,maker_both,SHORT,2025-10-16 10:30:00+00:00,195.33,0.0167881252169342,-0.0082183642920368,-0.025006489508971
T02068,B1_ALL,SOLUSDT,15m,5,pullback rsi=40,all,maker_both,LONG,2025-10-20 16:00:00+00:00,190.4,-0.0119774980737937,-0.0132893821369834,-0.0013118840631896993
T02069,B1_ALL,SOLUSDT,15m,5,pullback rsi=40,all,maker_both,SHORT,2025-10-21 12:00:00+00:00,186.18,0.0071657343754109,0.0070754068488313,-9.032752657960053e-05
T02060,GAP0,SOLUSDT,15m,5,pullback rsi=40,all,maker_both,SHORT,2025-10-12 04:15:00+00:00,178.68,-0.0216307074344134,0.0070754068488313,0.0287061142832447
T02060,GAP10,SOLUSDT,15m,5,pullback rsi=40,all,maker_both,SHORT,2025-10-12 04:15:00+00:00,178.68,-0.0216307074344134,0.0070754068488313,0.0287061142832447
T02067,GAP25,SOLUSDT,15m,5,pullback rsi=40,all,maker_both,SHORT,2025-10-17 16:00:00+00:00,182.65,-0.0157860380659548,0.0070754068488313,0.0228614449147861
T02067,GAP50,SOLUSDT,15m,5,pullback rsi=40,all,maker_both,SHORT,2025-10-17 16:00:00+00:00,182.65,-0.0157860380659548,0.0070754068488313,0.0228614449147861
T02070,B1_ALL,SOLUSDT,15m,5,pullback rsi=40,all,maker_both,LONG,2025-10-21 21:30:00+00:00,189.64,-0.0183339795697943,-0.0186925308415765,-0.00035855127178219953
T02054,GAP0,SOLUSDT,15m,5,pullback rsi=40,all,maker_both,LONG,2025-10-04 01:30:00+00:00,230.55,-0.0115347495370243,-0.0186925308415765,-0.007157781304552198
T02061,GAP10,SOLUSDT,15m,5,pullback rsi=40,all,maker_both,LONG,2025-10-13 11:15:00+00:00,194.32,-0.0154765482904358,-0.0186925308415765,-0.0032159825511406982
T02061,GAP25,SOLUSDT,15m,5,pullback rsi=40,all,maker_both,LONG,2025-10-13 11:15:00+00:00,194.32,-0.0154765482904358,-0.0186925308415765,-0.0032159825511406982
T02063,GAP50,SOLUSDT,15m,5,pullback rsi=40,all,maker_both,LONG,2025-10-14 04:15:00+00:00,204.21,-0.0163941378873557,-0.0186925308415765,-0.0022983929542207994
T02071,B1_ALL,SOLUSDT,15m,5,pullback rsi=40,all,maker_both,SHORT,2025-10-22 12:30:00+00:00,186.0,0.0102500729266331,0.0100986227172347,-0.00015145020939840055
T02069,GAP25,SOLUSDT,15m,5,pullback rsi=40,all,maker_both,SHORT,2025-10-21 12:00:00+00:00,186.18,0.0071657343754109,0.0100986227172347,0.0029328883418238
T02069,GAP50,SOLUSDT,15m,5,pullback rsi=40,all,maker_both,SHORT,2025-10-21 12:00:00+00:00,186.18,0.0071657343754109,0.0100986227172347,0.0029328883418238
T02072,B1_ALL,SOLUSDT,15m,5,pullback rsi=40,all,maker_both,SHORT,2025-10-23 03:00:00+00:00,182.18,-0.0124207704237179,-0.0120548319480318,0.00036593847568609957
T02071,GAP50,SOLUSDT,15m,5,pullback rsi=40,all,maker_both,SHORT,2025-10-22 12:30:00+00:00,186.0,0.0102500729266331,-0.0120548319480318,-0.022304904874664903
T02073,B1_ALL,SOLUSDT,15m,5,pullback rsi=40,all,maker_both,LONG,2025-10-23 21:00:00+00:00,188.75,0.0103761005884831,0.0102286968574548,-0.00014740373102829947
T02056,GAP0,SOLUSDT,15m,5,pullback rsi=40,all,maker_both,LONG,2025-10-05 10:15:00+00:00,231.95,-0.0128253601157433,0.0102286968574548,0.023054056973198102
T02062,GAP10,SOLUSDT,15m,5,pullback rsi=40,all,maker_both,LONG,2025-10-13 11:45:00+00:00,192.51,0.0155145520497151,0.0102286968574548,-0.005285855192260299
T02062,GAP25,SOLUSDT,15m,5,pullback rsi=40,all,maker_both,LONG,2025-10-13 11:45:00+00:00,192.51,0.0155145520497151,0.0102286968574548,-0.005285855192260299
T02064,GAP50,SOLUSDT,15m,5,pullback rsi=40,all,maker_both,LONG,2025-10-14 05:15:00+00:00,203.39,-0.0175751223427456,0.0102286968574548,0.027803819200200402
T02074,B1_ALL,SOLUSDT,15m,5,pullback rsi=40,all,maker_both,LONG,2025-10-24 14:30:00+00:00,190.26,0.0111301220102334,0.0109763733482556,-0.0001537486619777994
T02057,GAP0,SOLUSDT,15m,5,pullback rsi=40,all,maker_both,LONG,2025-10-06 23:45:00+00:00,232.9,0.0081203815033407,0.0109763733482556,0.0028559918449149006
T02063,GAP10,SOLUSDT,15m,5,pullback rsi=40,all,maker_both,LONG,2025-10-14 04:15:00+00:00,204.21,-0.0163941378873557,0.0109763733482556,0.0273705112356113
T02063,GAP25,SOLUSDT,15m,5,pullback rsi=40,all,maker_both,LONG,2025-10-14 04:15:00+00:00,204.21,-0.0163941378873557,0.0109763733482556,0.0273705112356113
T02065,GAP50,SOLUSDT,15m,5,pullback rsi=40,all,maker_both,LONG,2025-10-15 12:00:00+00:00,202.48,-0.016126063792208,0.0109763733482556,0.0271024371404636
T02075,B1_ALL,SOLUSDT,15m,5,pullback rsi=40,all,maker_both,LONG,2025-10-25 10:00:00+00:00,192.52,-0.0084144715220941,0.0060240226638076,0.0144384941859017
T02076,B1_ALL,SOLUSDT,15m,5,pullback rsi=40,all,maker_both,LONG,2025-10-25 10:30:00+00:00,191.64,0.0058068922706454,0.0057023196596662,-0.00010457261097920022
T02061,GAP0,SOLUSDT,15m,5,pullback rsi=40,all,maker_both,LONG,2025-10-13 11:15:00+00:00,194.32,-0.0154765482904358,0.0057023196596662,0.021178867950102
T02064,GAP10,SOLUSDT,15m,5,pullback rsi=40,all,maker_both,LONG,2025-10-14 05:15:00+00:00,203.39,-0.0175751223427456,0.0057023196596662,0.023277442002411802
T02064,GAP25,SOLUSDT,15m,5,pullback rsi=40,all,maker_both,LONG,2025-10-14 05:15:00+00:00,203.39,-0.0175751223427456,0.0057023196596662,0.023277442002411802
T02068,GAP50,SOLUSDT,15m,5,pullback rsi=40,all,maker_both,LONG,2025-10-20 16:00:00+00:00,190.4,-0.0119774980737937,0.0057023196596662,0.0176798177334599
T02077,B1_ALL,SOLUSDT,15m,5,pullback rsi=40,all,maker_both,LONG,2025-10-26 02:00:00+00:00,192.74,0.004586620433865,0.0045392384908672,-4.7381942997799624e-05
T02065,GAP25,SOLUSDT,15m,5,pullback rsi=40,all,maker_both,LONG,2025-10-15 12:00:00+00:00,202.48,-0.016126063792208,0.0045392384908672,0.0206653022830752
T02070,GAP50,SOLUSDT,15m,5,pullback rsi=40,all,maker_both,LONG,2025-10-21 21:30:00+00:00,189.64,-0.0183339795697943,0.0045392384908672,0.022873218060661497
T02078,B1_ALL,SOLUSDT,15m,5,pullback rsi=40,all,maker_both,LONG,2025-10-26 21:00:00+00:00,197.38,0.0047528795155012,0.0045460543329868,-0.00020682518251439932
T02062,GAP0,SOLUSDT,15m,5,pullback rsi=40,all,maker_both,LONG,2025-10-13 11:45:00+00:00,192.51,0.0155145520497151,0.0045460543329868,-0.010968497716728299
T02065,GAP10,SOLUSDT,15m,5,pullback rsi=40,all,maker_both,LONG,2025-10-15 12:00:00+00:00,202.48,-0.016126063792208,0.0045460543329868,0.020672118125194802
T02068,GAP25,SOLUSDT,15m,5,pullback rsi=40,all,maker_both,LONG,2025-10-20 16:00:00+00:00,190.4,-0.0119774980737937,0.0045460543329868,0.016523552406780502
T02073,GAP50,SOLUSDT,15m,5,pullback rsi=40,all,maker_both,LONG,2025-10-23 21:00:00+00:00,188.75,0.0103761005884831,0.0045460543329868,-0.0058300462554963
T02079,B1_ALL,SOLUSDT,15m,5,pullback rsi=40,all,maker_both,LONG,2025-10-27 08:15:00+00:00,201.56,-0.0113074938065497,-0.0119687048303225,-0.0006612110237727998
T02080,B1_ALL,SOLUSDT,15m,5,pullback rsi=40,all,maker_both,LONG,2025-10-27 09:30:00+00:00,199.39,0.0025102564170317,-0.001749707597844,-0.0042599640148757
T02063,GAP0,SOLUSDT,15m,5,pullback rsi=40,all,maker_both,LONG,2025-10-14 04:15:00+00:00,204.21,-0.0163941378873557,-0.001749707597844,0.0146444302895117
T02068,GAP10,SOLUSDT,15m,5,pullback rsi=40,all,maker_both,LONG,2025-10-20 16:00:00+00:00,190.4,-0.0119774980737937,-0.001749707597844,0.0102277904759497
T02070,GAP25,SOLUSDT,15m,5,pullback rsi=40,all,maker_both,LONG,2025-10-21 21:30:00+00:00,189.64,-0.0183339795697943,-0.001749707597844,0.0165842719719503
T02074,GAP50,SOLUSDT,15m,5,pullback rsi=40,all,maker_both,LONG,2025-10-24 14:30:00+00:00,190.26,0.0111301220102334,-0.001749707597844,-0.0128798296080774
T02081,B1_ALL,SOLUSDT,15m,5,pullback rsi=40,all,maker_both,LONG,2025-10-28 12:00:00+00:00,199.6,0.0077579388627565,0.0078288394102664,7.090054750989987e-05
T02082,B1_ALL,SOLUSDT,15m,5,pullback rsi=40,all,maker_both,SHORT,2025-10-29 07:30:00+00:00,195.8,0.0053984586408667,0.0054177354288701,1.9276788003399874e-05
T02066,GAP0,SOLUSDT,15m,5,pullback rsi=40,all,maker_both,SHORT,2025-10-16 10:30:00+00:00,195.33,0.0167881252169342,0.0054177354288701,-0.011370389788064102
T02066,GAP10,SOLUSDT,15m,5,pullback rsi=40,all,maker_both,SHORT,2025-10-16 10:30:00+00:00,195.33,0.0167881252169342,0.0054177354288701,-0.011370389788064102
T02071,GAP25,SOLUSDT,15m,5,pullback rsi=40,all,maker_both,SHORT,2025-10-22 12:30:00+00:00,186.0,0.0102500729266331,0.0054177354288701,-0.004832337497763001
T02072,GAP50,SOLUSDT,15m,5,pullback rsi=40,all,maker_both,SHORT,2025-10-23 03:00:00+00:00,182.18,-0.0124207704237179,0.0054177354288701,0.017838505852588
T02083,B1_ALL,SOLUSDT,15m,5,pullback rsi=40,all,maker_both,SHORT,2025-10-29 10:30:00+00:00,196.26,-0.0099952302862911,-0.0103286900128355,-0.0003334597265444005
T02072,GAP25,SOLUSDT,15m,5,pullback rsi=40,all,maker_both,SHORT,2025-10-23 03:00:00+00:00,182.18,-0.0124207704237179,-0.0103286900128355,0.0020920804108824007
T02082,GAP50,SOLUSDT,15m,5,pullback rsi=40,all,maker_both,SHORT,2025-10-29 07:30:00+00:00,195.8,0.0053984586408667,-0.0103286900128355,-0.0157271486537022
T02084,B1_ALL,SOLUSDT,15m,5,pullback rsi=40,all,maker_both,SHORT,2025-10-31 00:00:00+00:00,184.55,-0.0073608274483497,-0.0039751027157686,0.0033857247325810996
T02082,GAP25,SOLUSDT,15m,5,pullback rsi=40,all,maker_both,SHORT,2025-10-29 07:30:00+00:00,195.8,0.0053984586408667,-0.0039751027157686,-0.0093735613566353
T02083,GAP50,SOLUSDT,15m,5,pullback rsi=40,all,maker_both,SHORT,2025-10-29 10:30:00+00:00,196.26,-0.0099952302862911,-0.0039751027157686,0.006020127570522499
T02085,B1_ALL,SOLUSDT,15m,5,pullback rsi=40,all,maker_both,SHORT,2025-11-01 20:30:00+00:00,186.81,0.0047420953911464,0.004520451516598,-0.00022164387454840038
T02067,GAP0,SOLUSDT,15m,5,pullback rsi=40,all,maker_both,SHORT,2025-10-17 16:00:00+00:00,182.65,-0.0157860380659548,0.004520451516598,0.020306489582552798
T02067,GAP10,SOLUSDT,15m,5,pullback rsi=40,all,maker_both,SHORT,2025-10-17 16:00:00+00:00,182.65,-0.0157860380659548,0.004520451516598,0.020306489582552798
T02083,GAP25,SOLUSDT,15m,5,pullback rsi=40,all,maker_both,SHORT,2025-10-29 10:30:00+00:00,196.26,-0.0099952302862911,0.004520451516598,0.014515681802889098
T02084,GAP50,SOLUSDT,15m,5,pullback rsi=40,all,maker_both,SHORT,2025-10-31 00:00:00+00:00,184.55,-0.0073608274483497,0.004520451516598,0.0118812789649477
T02086,B1_ALL,SOLUSDT,15m,5,pullback rsi=40,all,maker_both,SHORT,2025-11-02 04:30:00+00:00,186.23,-0.0077575771229437,-0.0078565133749307,-9.893625198699983e-05
T02087,B1_ALL,SOLUSDT,15m,5,pullback rsi=40,all,maker_both,SHORT,2025-11-02 21:45:00+00:00,185.43,-0.0084727013346365,-0.0085026538100916,-2.9952475455100394e-05
T02069,GAP0,SOLUSDT,15m,5,pullback rsi=40,all,maker_both,SHORT,2025-10-21 12:00:00+00:00,186.18,0.0071657343754109,-0.0085026538100916,-0.0156683881855025
T02069,GAP10,SOLUSDT,15m,5,pullback rsi=40,all,maker_both,SHORT,2025-10-21 12:00:00+00:00,186.18,0.0071657343754109,-0.0085026538100916,-0.0156683881855025
T02084,GAP25,SOLUSDT,15m,5,pullback rsi=40,all,maker_both,SHORT,2025-10-31 00:00:00+00:00,184.55,-0.0073608274483497,-0.0085026538100916,-0.0011418263617419006
T02085,GAP50,SOLUSDT,15m,5,pullback rsi=40,all,maker_both,SHORT,2025-11-01 20:30:00+00:00,186.81,0.0047420953911464,-0.0085026538100916,-0.013244749201238
T02088,B1_ALL,SOLUSDT,15m,5,pullback rsi=40,all,maker_both,SHORT,2025-11-04 15:00:00+00:00,164.34,0.0164517093635211,0.0174318821323705,0.0009801727688493987
T02071,GAP0,SOLUSDT,15m,5,pullback rsi=40,all,maker_both,SHORT,2025-10-22 12:30:00+00:00,186.0,0.0102500729266331,0.0174318821323705,0.007181809205737398
T02071,GAP10,SOLUSDT,15m,5,pullback rsi=40,all,maker_both,SHORT,2025-10-22 12:30:00+00:00,186.0,0.0102500729266331,0.0174318821323705,0.007181809205737398
T02085,GAP25,SOLUSDT,15m,5,pullback rsi=40,all,maker_both,SHORT,2025-11-01 20:30:00+00:00,186.81,0.0047420953911464,0.0174318821323705,0.0126897867412241
T02086,GAP50,SOLUSDT,15m,5,pullback rsi=40,all,maker_both,SHORT,2025-11-02 04:30:00+00:00,186.23,-0.0077575771229437,0.0174318821323705,0.025189459255314198
T02089,B1_ALL,SOLUSDT,15m,5,pullback rsi=40,all,maker_both,SHORT,2025-11-05 05:15:00+00:00,158.18,0.0219526168703135,0.021432741841077,-0.0005198750292364981
T02072,GAP0,SOLUSDT,15m,5,pullback rsi=40,all,maker_both,SHORT,2025-10-23 03:00:00+00:00,182.18,-0.0124207704237179,0.021432741841077,0.033853512264794904
T02072,GAP10,SOLUSDT,15m,5,pullback rsi=40,all,maker_both,SHORT,2025-10-23 03:00:00+00:00,182.18,-0.0124207704237179,0.021432741841077,0.033853512264794904
T02086,GAP25,SOLUSDT,15m,5,pullback rsi=40,all,maker_both,SHORT,2025-11-02 04:30:00+00:00,186.23,-0.0077575771229437,0.021432741841077,0.029190318964020703
T02087,GAP50,SOLUSDT,15m,5,pullback rsi=40,all,maker_both,SHORT,2025-11-02 21:45:00+00:00,185.43,-0.0084727013346365,0.021432741841077,0.029905443175713503
T02090,B1_ALL,SOLUSDT,15m,5,pullback rsi=40,all,maker_both,SHORT,2025-11-06 13:30:00+00:00,160.77,0.0118747671659561,0.0117004727945154,-0.00017429437144069956
T02082,GAP0,SOLUSDT,15m,5,pullback rsi=40,all,maker_both,SHORT,2025-10-29 07:30:00+00:00,195.8,0.0053984586408667,0.0117004727945154,0.0063020141536486995
T02082,GAP10,SOLUSDT,15m,5,pullback rsi=40,all,maker_both,SHORT,2025-10-29 07:30:00+00:00,195.8,0.0053984586408667,0.0117004727945154,0.0063020141536486995
T02087,GAP25,SOLUSDT,15m,5,pullback rsi=40,all,maker_both,SHORT,2025-11-02 21:45:00+00:00,185.43,-0.0084727013346365,0.0117004727945154,0.0201731741291519
T02088,GAP50,SOLUSDT,15m,5,pullback rsi=40,all,maker_both,SHORT,2025-11-04 15:00:00+00:00,164.34,0.0164517093635211,0.0117004727945154,-0.004751236569005701
T02091,B1_ALL,SOLUSDT,15m,5,pullback rsi=40,all,maker_both,SHORT,2025-11-07 17:00:00+00:00,157.19,-0.0219827301756482,-0.0227661319127718,-0.0007834017371236013
T02092,B1_ALL,SOLUSDT,15m,5,pullback rsi=40,all,maker_both,LONG,2025-11-08 06:15:00+00:00,160.14,0.0111163447856729,-0.0144242011286307,-0.0255405459143036
T02064,GAP0,SOLUSDT,15m,5,pullback rsi=40,all,maker_both,LONG,2025-10-14 05:15:00+00:00,203.39,-0.0175751223427456,-0.0144242011286307,0.003150921214114902
T02070,GAP10,SOLUSDT,15m,5,pullback rsi=40,all,maker_both,LONG,2025-10-21 21:30:00+00:00,189.64,-0.0183339795697943,-0.0144242011286307,0.0039097784411636
T02073,GAP25,SOLUSDT,15m,5,pullback rsi=40,all,maker_both,LONG,2025-10-23 21:00:00+00:00,188.75,0.0103761005884831,-0.0144242011286307,-0.0248003017171138
T02075,GAP50,SOLUSDT,15m,5,pullback rsi=40,all,maker_both,LONG,2025-10-25 10:00:00+00:00,192.52,-0.0084144715220941,-0.0144242011286307,-0.006009729606536599
T02093,B1_ALL,SOLUSDT,15m,5,pullback rsi=40,all,maker_both,SHORT,2025-11-09 06:30:00+00:00,158.32,-0.0099087462011361,0.0070857227605215,0.0169944689616576
T02094,B1_ALL,SOLUSDT,15m,5,pullback rsi=40,all,maker_both,LONG,2025-11-10 15:00:00+00:00,166.09,0.0117090113334591,0.011732607874099,2.3596540639899896e-05
T02074,GAP25,SOLUSDT,15m,5,pullback rsi=40,all,maker_both,LONG,2025-10-24 14:30:00+00:00,190.26,0.0111301220102334,0.011732607874099,0.0006024858638656004
T02076,GAP50,SOLUSDT,15m,5,pullback rsi=40,all,maker_both,LONG,2025-10-25 10:30:00+00:00,191.64,0.0058068922706454,0.011732607874099,0.0059257156034536
T02095,B1_ALL,SOLUSDT,15m,6,donchian n=20 vol=1.5,range,maker_both,SHORT,2025-11-11 14:15:00+00:00,162.24,0.0162865092767702,0.0163886665432636,0.00010215726649339882
T02096,B1_ALL,SOLUSDT,15m,6,donchian n=20 vol=1.5,range,maker_both,LONG,2025-11-28 09:00:00+00:00,141.4,-0.0082015264023842,-0.0089167266475747,-0.0007152002451905008
T02096,GAP0,SOLUSDT,15m,6,donchian n=20 vol=1.5,range,maker_both,LONG,2025-11-28 09:00:00+00:00,141.4,-0.0082015264023842,-0.0089167266475747,-0.0007152002451905008
T02096,GAP10,SOLUSDT,15m,6,donchian n=20 vol=1.5,range,maker_both,LONG,2025-11-28 09:00:00+00:00,141.4,-0.0082015264023842,-0.0089167266475747,-0.0007152002451905008
T02096,GAP25,SOLUSDT,15m,6,donchian n=20 vol=1.5,range,maker_both,LONG,2025-11-28 09:00:00+00:00,141.4,-0.0082015264023842,-0.0089167266475747,-0.0007152002451905008
T02096,GAP50,SOLUSDT,15m,6,donchian n=20 vol=1.5,range,maker_both,LONG,2025-11-28 09:00:00+00:00,141.4,-0.0082015264023842,-0.0089167266475747,-0.0007152002451905008
T02097,B1_ALL,SOLUSDT,15m,6,donchian n=20 vol=1.5,range,maker_both,SHORT,2025-11-30 23:30:00+00:00,135.7,0.0126913536688594,0.0131032170943675,0.0004118634255080994
T02095,GAP0,SOLUSDT,15m,6,donchian n=20 vol=1.5,range,maker_both,SHORT,2025-11-11 14:15:00+00:00,162.24,0.0162865092767702,0.0131032170943675,-0.0031832921824027013
T02095,GAP10,SOLUSDT,15m,6,donchian n=20 vol=1.5,range,maker_both,SHORT,2025-11-11 14:15:00+00:00,162.24,0.0162865092767702,0.0131032170943675,-0.0031832921824027013
T02095,GAP25,SOLUSDT,15m,6,donchian n=20 vol=1.5,range,maker_both,SHORT,2025-11-11 14:15:00+00:00,162.24,0.0162865092767702,0.0131032170943675,-0.0031832921824027013
T02095,GAP50,SOLUSDT,15m,6,donchian n=20 vol=1.5,range,maker_both,SHORT,2025-11-11 14:15:00+00:00,162.24,0.0162865092767702,0.0131032170943675,-0.0031832921824027013
T02098,B1_ALL,SOLUSDT,15m,6,donchian n=20 vol=1.5,range,maker_both,SHORT,2025-12-05 04:45:00+00:00,138.11,-0.0080489421602698,-0.0080122830541841,3.665910608570064e-05
T02099,B1_ALL,SOLUSDT,15m,6,donchian n=20 vol=1.5,range,maker_both,SHORT,2025-12-05 09:30:00+00:00,136.76,-0.0095093055781033,-0.009405388995188,0.00010391658291530013
T02097,GAP0,SOLUSDT,15m,6,donchian n=20 vol=1.5,range,maker_both,SHORT,2025-11-30 23:30:00+00:00,135.7,0.0126913536688594,-0.009405388995188,-0.022096742664047403
T02097,GAP10,SOLUSDT,15m,6,donchian n=20 vol=1.5,range,maker_both,SHORT,2025-11-30 23:30:00+00:00,135.7,0.0126913536688594,-0.009405388995188,-0.022096742664047403
T02097,GAP25,SOLUSDT,15m,6,donchian n=20 vol=1.5,range,maker_both,SHORT,2025-11-30 23:30:00+00:00,135.7,0.0126913536688594,-0.009405388995188,-0.022096742664047403
T02097,GAP50,SOLUSDT,15m,6,donchian n=20 vol=1.5,range,maker_both,SHORT,2025-11-30 23:30:00+00:00,135.7,0.0126913536688594,-0.009405388995188,-0.022096742664047403
T02100,B1_ALL,SOLUSDT,15m,6,donchian n=20 vol=1.5,range,maker_both,LONG,2025-12-08 07:00:00+00:00,135.68,0.0123287872738807,0.0129504234253604,0.0006216361514797004
T02101,B1_ALL,SOLUSDT,15m,6,donchian n=20 vol=1.5,range,maker_both,LONG,2025-12-09 04:00:00+00:00,134.11,-0.0092222581105321,-0.0089580460832593,0.0002642120272728001
T02100,GAP25,SOLUSDT,15m,6,donchian n=20 vol=1.5,range,maker_both,LONG,2025-12-08 07:00:00+00:00,135.68,0.0123287872738807,-0.0089580460832593,-0.02128683335714
T02100,GAP50,SOLUSDT,15m,6,donchian n=20 vol=1.5,range,maker_both,LONG,2025-12-08 07:00:00+00:00,135.68,0.0123287872738807,-0.0089580460832593,-0.02128683335714
T02102,B1_ALL,SOLUSDT,15m,6,donchian n=20 vol=1.5,range,maker_both,LONG,2025-12-12 06:00:00+00:00,138.88,-0.0091456072778725,-0.009612560815857,-0.0004669535379844998
T02100,GAP0,SOLUSDT,15m,6,donchian n=20 vol=1.5,range,maker_both,LONG,2025-12-08 07:00:00+00:00,135.68,0.0123287872738807,-0.009612560815857,-0.0219413480897377
T02100,GAP10,SOLUSDT,15m,6,donchian n=20 vol=1.5,range,maker_both,LONG,2025-12-08 07:00:00+00:00,135.68,0.0123287872738807,-0.009612560815857,-0.0219413480897377
T02101,GAP25,SOLUSDT,15m,6,donchian n=20 vol=1.5,range,maker_both,LONG,2025-12-09 04:00:00+00:00,134.11,-0.0092222581105321,-0.009612560815857,-0.00039030270532489954
T02101,GAP50,SOLUSDT,15m,6,donchian n=20 vol=1.5,range,maker_both,LONG,2025-12-09 04:00:00+00:00,134.11,-0.0092222581105321,-0.009612560815857,-0.00039030270532489954
T02103,B1_ALL,SOLUSDT,15m,6,donchian n=20 vol=1.5,range,maker_both,LONG,2025-12-15 14:15:00+00:00,133.76,-0.0087961391777622,-0.0106390999481007,-0.001842960770338499
T02104,B1_ALL,SOLUSDT,15m,6,donchian n=20 vol=1.5,range,maker_both,SHORT,2025-12-15 15:00:00+00:00,130.42,0.0228107565746308,0.024243950509914,0.0014331939352832009
T02098,GAP0,SOLUSDT,15m,6,donchian n=20 vol=1.5,range,maker_both,SHORT,2025-12-05 04:45:00+00:00,138.11,-0.0080489421602698,0.024243950509914,0.0322928926701838
T02098,GAP10,SOLUSDT,15m,6,donchian n=20 vol=1.5,range,maker_both,SHORT,2025-12-05 04:45:00+00:00,138.11,-0.0080489421602698,0.024243950509914,0.0322928926701838
T02098,GAP25,SOLUSDT,15m,6,donchian n=20 vol=1.5,range,maker_both,SHORT,2025-12-05 04:45:00+00:00,138.11,-0.0080489421602698,0.024243950509914,0.0322928926701838
T02098,GAP50,SOLUSDT,15m,6,donchian n=20 vol=1.5,range,maker_both,SHORT,2025-12-05 04:45:00+00:00,138.11,-0.0080489421602698,0.024243950509914,0.0322928926701838
T02105,B1_ALL,SOLUSDT,15m,6,donchian n=20 vol=1.5,range,maker_both,LONG,2025-12-17 15:15:00+00:00,133.39,-0.0137543041992904,-0.0151806175699366,-0.0014263133706461997
T02106,B1_ALL,SOLUSDT,15m,6,donchian n=20 vol=1.5,range,maker_both,LONG,2025-12-21 08:45:00+00:00,125.66,0.0055085055779425,0.0056741119015454,0.00016560632360290012
T02102,GAP50,SOLUSDT,15m,6,donchian n=20 vol=1.5,range,maker_both,LONG,2025-12-12 06:00:00+00:00,138.88,-0.0091456072778725,0.0056741119015454,0.0148197191794179
T02107,B1_ALL,SOLUSDT,15m,6,donchian n=20 vol=1.5,range,maker_both,SHORT,2025-12-21 13:15:00+00:00,124.66,-0.0070660319509737,-0.0071708211305613,-0.00010478917958759923
T02099,GAP0,SOLUSDT,15m,6,donchian n=20 vol=1.5,range,maker_both,SHORT,2025-12-05 09:30:00+00:00,136.76,-0.0095093055781033,-0.0071708211305613,0.002338484447542001
T02099,GAP10,SOLUSDT,15m,6,donchian n=20 vol=1.5,range,maker_both,SHORT,2025-12-05 09:30:00+00:00,136.76,-0.0095093055781033,-0.0071708211305613,0.002338484447542001
T02099,GAP25,SOLUSDT,15m,6,donchian n=20 vol=1.5,range,maker_both,SHORT,2025-12-05 09:30:00+00:00,136.76,-0.0095093055781033,-0.0071708211305613,0.002338484447542001
T02099,GAP50,SOLUSDT,15m,6,donchian n=20 vol=1.5,range,maker_both,SHORT,2025-12-05 09:30:00+00:00,136.76,-0.0095093055781033,-0.0071708211305613,0.002338484447542001
T02108,B1_ALL,SOLUSDT,15m,6,donchian n=20 vol=1.5,range,maker_both,LONG,2025-12-22 00:15:00+00:00,127.54,-0.0080696887582301,-0.0094744915505641,-0.001404802792333999
T02109,B1_ALL,SOLUSDT,15m,6,donchian n=20 vol=1.5,range,maker_both,LONG,2025-12-22 08:30:00+00:00,127.17,-0.0084607541042237,-0.0084954146686202,-3.4660564396500615e-05
T02110,B1_ALL,SOLUSDT,15m,6,donchian n=20 vol=1.5,range,maker_both,SHORT,2025-12-23 06:30:00+00:00,124.28,-0.0080889383771949,0.011629736946176,0.0197186753233709
T02104,GAP50,SOLUSDT,15m,6,donchian n=20 vol=1.5,range,maker_both,SHORT,2025-12-15 15:00:00+00:00,130.42,0.0228107565746308,0.011629736946176,-0.011181019628454799
T02111,B1_ALL,SOLUSDT,15m,7,donchian n=20 vol=1.5,range,maker_both,SHORT,2025-12-25 23:00:00+00:00,121.76,0.0090904712251159,0.009591813977814,0.0005013427526981001
T02111,GAP10,SOLUSDT,15m,7,donchian n=20 vol=1.5,range,maker_both,SHORT,2025-12-25 23:00:00+00:00,121.76,0.0090904712251159,0.009591813977814,0.0005013427526981001
T02111,GAP25,SOLUSDT,15m,7,donchian n=20 vol=1.5,range,maker_both,SHORT,2025-12-25 23:00:00+00:00,121.76,0.0090904712251159,0.009591813977814,0.0005013427526981001
T02111,GAP50,SOLUSDT,15m,7,donchian n=20 vol=1.5,range,maker_both,SHORT,2025-12-25 23:00:00+00:00,121.76,0.0090904712251159,0.009591813977814,0.0005013427526981001
T02112,B1_ALL,SOLUSDT,15m,7,donchian n=20 vol=1.5,range,maker_both,LONG,2025-12-26 14:00:00+00:00,124.86,-0.0067210824449739,-0.0067858804596309,-6.479801465700003e-05
T02113,B1_ALL,SOLUSDT,15m,7,donchian n=20 vol=1.5,range,maker_both,SHORT,2025-12-26 15:00:00+00:00,122.2,0.0130682331868957,-0.0096179097285844,-0.0226861429154801
T02111,GAP0,SOLUSDT,15m,7,donchian n=20 vol=1.5,range,maker_both,SHORT,2025-12-25 23:00:00+00:00,121.76,0.0090904712251159,-0.0096179097285844,-0.0187083809537003
T02113,GAP10,SOLUSDT,15m,7,donchian n=20 vol=1.5,range,maker_both,SHORT,2025-12-26 15:00:00+00:00,122.2,0.0130682331868957,-0.0096179097285844,-0.0226861429154801
T02113,GAP25,SOLUSDT,15m,7,donchian n=20 vol=1.5,range,maker_both,SHORT,2025-12-26 15:00:00+00:00,122.2,0.0130682331868957,-0.0096179097285844,-0.0226861429154801
T02113,GAP50,SOLUSDT,15m,7,donchian n=20 vol=1.5,range,maker_both,SHORT,2025-12-26 15:00:00+00:00,122.2,0.0130682331868957,-0.0096179097285844,-0.0226861429154801
T02114,B1_ALL,SOLUSDT,15m,7,donchian n=20 vol=1.5,range,maker_both,LONG,2025-12-27 04:00:00+00:00,123.63,-0.0056671826927566,-0.0058422210483747,-0.00017503835561809983
T02115,B1_ALL,SOLUSDT,15m,7,donchian n=20 vol=1.5,range,maker_both,LONG,2025-12-27 15:45:00+00:00,123.5,-0.0047343504625602,-0.0048199139625011,-8.556349994089975e-05
T02116,B1_ALL,SOLUSDT,15m,7,donchian n=20 vol=1.5,range,maker_both,LONG,2025-12-27 21:15:00+00:00,123.91,0.0047558621689828,0.0048397454827949,8.388331381209944e-05
T02112,GAP25,SOLUSDT,15m,7,donchian n=20 vol=1.5,range,maker_both,LONG,2025-12-26 14:00:00+00:00,124.86,-0.0067210824449739,0.0048397454827949,0.0115608279277688
T02112,GAP50,SOLUSDT,15m,7,donchian n=20 vol=1.5,range,maker_both,LONG,2025-12-26 14:00:00+00:00,124.86,-0.0067210824449739,0.0048397454827949,0.0115608279277688
T02117,B1_ALL,SOLUSDT,15m,7,donchian n=20 vol=1.5,range,maker_both,LONG,2025-12-28 23:45:00+00:00,124.67,0.0069142113682153,0.0078960765275289,0.000981865159313599
T02112,GAP0,SOLUSDT,15m,7,donchian n=20 vol=1.5,range,maker_both,LONG,2025-12-26 14:00:00+00:00,124.86,-0.0067210824449739,0.0078960765275289,0.014617158972502799
T02112,GAP10,SOLUSDT,15m,7,donchian n=20 vol=1.5,range,maker_both,LONG,2025-12-26 14:00:00+00:00,124.86,-0.0067210824449739,0.0078960765275289,0.014617158972502799
T02114,GAP25,SOLUSDT,15m,7,donchian n=20 vol=1.5,range,maker_both,LONG,2025-12-27 04:00:00+00:00,123.63,-0.0056671826927566,0.0078960765275289,0.0135632592202855
T02114,GAP50,SOLUSDT,15m,7,donchian n=20 vol=1.5,range,maker_both,LONG,2025-12-27 04:00:00+00:00,123.63,-0.0056671826927566,0.0078960765275289,0.0135632592202855
T02118,B1_ALL,SOLUSDT,15m,7,donchian n=20 vol=1.5,range,maker_both,LONG,2025-12-30 16:30:00+00:00,126.15,-0.0091649841553478,-0.0093550741627992,-0.00019009000745139927
T02119,B1_ALL,SOLUSDT,15m,7,donchian n=20 vol=1.5,range,maker_both,LONG,2025-12-31 01:30:00+00:00,125.57,0.0026979907063161,0.001900148739205,-0.0007978419671111001
T02114,GAP0,SOLUSDT,15m,7,donchian n=20 vol=1.5,range,maker_both,LONG,2025-12-27 04:00:00+00:00,123.63,-0.0056671826927566,0.001900148739205,0.0075673314319616
T02114,GAP10,SOLUSDT,15m,7,donchian n=20 vol=1.5,range,maker_both,LONG,2025-12-27 04:00:00+00:00,123.63,-0.0056671826927566,0.001900148739205,0.0075673314319616
T02115,GAP25,SOLUSDT,15m,7,donchian n=20 vol=1.5,range,maker_both,LONG,2025-12-27 15:45:00+00:00,123.5,-0.0047343504625602,0.001900148739205,0.0066344992017652
T02115,GAP50,SOLUSDT,15m,7,donchian n=20 vol=1.5,range,maker_both,LONG,2025-12-27 15:45:00+00:00,123.5,-0.0047343504625602,0.001900148739205,0.0066344992017652
T02120,B1_ALL,SOLUSDT,15m,7,donchian n=20 vol=1.5,range,maker_both,SHORT,2025-12-31 20:45:00+00:00,123.7,-0.0084512002325429,-0.0086488817471988,-0.0001976815146558994
T02121,B1_ALL,SOLUSDT,15m,7,donchian n=20 vol=1.5,range,maker_both,SHORT,2026-01-01 07:30:00+00:00,124.48,-0.004878964524192,-0.0048244491161623,5.451540802970008e-05
T02120,GAP10,SOLUSDT,15m,7,donchian n=20 vol=1.5,range,maker_both,SHORT,2025-12-31 20:45:00+00:00,123.7,-0.0084512002325429,-0.0048244491161623,0.0036267511163806006
T02120,GAP25,SOLUSDT,15m,7,donchian n=20 vol=1.5,range,maker_both,SHORT,2025-12-31 20:45:00+00:00,123.7,-0.0084512002325429,-0.0048244491161623,0.0036267511163806006
T02120,GAP50,SOLUSDT,15m,7,donchian n=20 vol=1.5,range,maker_both,SHORT,2025-12-31 20:45:00+00:00,123.7,-0.0084512002325429,-0.0048244491161623,0.0036267511163806006
T02122,B1_ALL,SOLUSDT,15m,7,donchian n=20 vol=1.5,range,maker_both,SHORT,2026-01-01 14:30:00+00:00,124.44,-0.0045415993707589,-0.004661521426157,-0.00011992205539810077
T02123,B1_ALL,SOLUSDT,15m,7,donchian n=20 vol=1.5,range,maker_both,LONG,2026-01-01 23:00:00+00:00,126.02,0.0056661539964616,0.0060908808973733,0.0004247269009116997
T02115,GAP0,SOLUSDT,15m,7,donchian n=20 vol=1.5,range,maker_both,LONG,2025-12-27 15:45:00+00:00,123.5,-0.0047343504625602,0.0060908808973733,0.0108252313599335
T02115,GAP10,SOLUSDT,15m,7,donchian n=20 vol=1.5,range,maker_both,LONG,2025-12-27 15:45:00+00:00,123.5,-0.0047343504625602,0.0060908808973733,0.0108252313599335
T02116,GAP25,SOLUSDT,15m,7,donchian n=20 vol=1.5,range,maker_both,LONG,2025-12-27 21:15:00+00:00,123.91,0.0047558621689828,0.0060908808973733,0.0013350187283904993
T02116,GAP50,SOLUSDT,15m,7,donchian n=20 vol=1.5,range,maker_both,LONG,2025-12-27 21:15:00+00:00,123.91,0.0047558621689828,0.0060908808973733,0.0013350187283904993
T02124,B1_ALL,SOLUSDT,15m,7,donchian n=20 vol=1.5,range,maker_both,LONG,2026-01-01 23:45:00+00:00,127.06,-0.0058018670037146,-0.0059137055115836,-0.00011183850786899985
T02125,B1_ALL,SOLUSDT,15m,7,donchian n=20 vol=1.5,range,maker_both,LONG,2026-01-11 13:00:00+00:00,137.01,0.0037490014736613,0.0039059826657671,0.00015698119210580007
T02116,GAP0,SOLUSDT,15m,7,donchian n=20 vol=1.5,range,maker_both,LONG,2025-12-27 21:15:00+00:00,123.91,0.0047558621689828,0.0039059826657671,-0.0008498795032157004
T02116,GAP10,SOLUSDT,15m,7,donchian n=20 vol=1.5,range,maker_both,LONG,2025-12-27 21:15:00+00:00,123.91,0.0047558621689828,0.0039059826657671,-0.0008498795032157004
T02117,GAP25,SOLUSDT,15m,7,donchian n=20 vol=1.5,range,maker_both,LONG,2025-12-28 23:45:00+00:00,124.67,0.0069142113682153,0.0039059826657671,-0.0030082287024482002
T02117,GAP50,SOLUSDT,15m,7,donchian n=20 vol=1.5,range,maker_both,LONG,2025-12-28 23:45:00+00:00,124.67,0.0069142113682153,0.0039059826657671,-0.0030082287024482002
T02126,B1_ALL,SOLUSDT,15m,7,donchian n=20 vol=1.5,range,maker_both,LONG,2026-01-11 14:45:00+00:00,138.09,0.0050533553601347,-0.0057961551312134,-0.0108495104913481
T02117,GAP0,SOLUSDT,15m,7,donchian n=20 vol=1.5,range,maker_both,LONG,2025-12-28 23:45:00+00:00,124.67,0.0069142113682153,-0.0057961551312134,-0.0127103664994287
T02117,GAP10,SOLUSDT,15m,7,donchian n=20 vol=1.5,range,maker_both,LONG,2025-12-28 23:45:00+00:00,124.67,0.0069142113682153,-0.0057961551312134,-0.0127103664994287
T02118,GAP25,SOLUSDT,15m,7,donchian n=20 vol=1.5,range,maker_both,LONG,2025-12-30 16:30:00+00:00,126.15,-0.0091649841553478,-0.0057961551312134,0.0033688290241343996
T02118,GAP50,SOLUSDT,15m,7,donchian n=20 vol=1.5,range,maker_both,LONG,2025-12-30 16:30:00+00:00,126.15,-0.0091649841553478,-0.0057961551312134,0.0033688290241343996
T02127,B1_ALL,SOLUSDT,15m,7,donchian n=20 vol=1.5,range,maker_both,SHORT,2026-01-16 15:30:00+00:00,141.97,0.0108926057741997,-0.0085501130400392,-0.0194427188142389
T02113,GAP0,SOLUSDT,15m,7,donchian n=20 vol=1.5,range,maker_both,SHORT,2025-12-26 15:00:00+00:00,122.2,0.0130682331868957,-0.0085501130400392,-0.021618346226934898
T02121,GAP10,SOLUSDT,15m,7,donchian n=20 vol=1.5,range,maker_both,SHORT,2026-01-01 07:30:00+00:00,124.48,-0.004878964524192,-0.0085501130400392,-0.003671148515847199
T02121,GAP25,SOLUSDT,15m,7,donchian n=20 vol=1.5,range,maker_both,SHORT,2026-01-01 07:30:00+00:00,124.48,-0.004878964524192,-0.0085501130400392,-0.003671148515847199
T02121,GAP50,SOLUSDT,15m,7,donchian n=20 vol=1.5,range,maker_both,SHORT,2026-01-01 07:30:00+00:00,124.48,-0.004878964524192,-0.0085501130400392,-0.003671148515847199
T02128,B1_ALL,SOLUSDT,15m,7,donchian n=20 vol=1.5,range,maker_both,SHORT,2026-01-17 08:00:00+00:00,143.56,-0.0041762221769918,-0.0041823683969705,-6.146219978700462e-06
T02129,B1_ALL,SOLUSDT,15m,7,donchian n=20 vol=1.5,range,maker_both,LONG,2026-01-17 19:45:00+00:00,144.31,-0.0044752921131114,-0.0044280738975078,4.721821560359999e-05
T02119,GAP50,SOLUSDT,15m,7,donchian n=20 vol=1.5,range,maker_both,LONG,2025-12-31 01:30:00+00:00,125.57,0.0026979907063161,-0.0044280738975078,-0.0071260646038239
T02130,B1_ALL,SOLUSDT,15m,7,donchian n=20 vol=1.5,range,maker_both,SHORT,2026-01-18 01:00:00+00:00,143.19,0.0047387571696139,-0.0056532635568898,-0.0103920207265037
T02120,GAP0,SOLUSDT,15m,7,donchian n=20 vol=1.5,range,maker_both,SHORT,2025-12-31 20:45:00+00:00,123.7,-0.0084512002325429,-0.0056532635568898,0.0027979366756531003
T02122,GAP10,SOLUSDT,15m,7,donchian n=20 vol=1.5,range,maker_both,SHORT,2026-01-01 14:30:00+00:00,124.44,-0.0045415993707589,-0.0056532635568898,-0.0011116641861309007
T02122,GAP25,SOLUSDT,15m,7,donchian n=20 vol=1.5,range,maker_both,SHORT,2026-01-01 14:30:00+00:00,124.44,-0.0045415993707589,-0.0056532635568898,-0.0011116641861309007
T02122,GAP50,SOLUSDT,15m,7,donchian n=20 vol=1.5,range,maker_both,SHORT,2026-01-01 14:30:00+00:00,124.44,-0.0045415993707589,-0.0056532635568898,-0.0011116641861309007
T02131,B1_ALL,SOLUSDT,15m,7,donchian n=20 vol=1.5,range,maker_both,LONG,2026-01-27 20:30:00+00:00,127.24,-0.0081190133057534,-0.0023886748806835,0.005730338425069899
T02132,B1_ALL,SOLUSDT,15m,8,donchian n=20 vol=1.5,range,maker_both,LONG,2026-02-16 09:45:00+00:00,86.07,-0.0088608183883176,-0.0087020724869001,0.00015874590141749974
T02132,GAP50,SOLUSDT,15m,8,donchian n=20 vol=1.5,range,maker_both,LONG,2026-02-16 09:45:00+00:00,86.07,-0.0088608183883176,-0.0087020724869001,0.00015874590141749974
T02133,B1_ALL,SOLUSDT,15m,8,donchian n=20 vol=1.5,range,maker_both,LONG,2026-02-16 12:30:00+00:00,86.23,-0.0100291710455614,-0.0100832497112144,-5.407866565300054e-05
T02132,GAP0,SOLUSDT,15m,8,donchian n=20 vol=1.5,range,maker_both,LONG,2026-02-16 09:45:00+00:00,86.07,-0.0088608183883176,-0.0100832497112144,-0.0012224313228968008
T02132,GAP10,SOLUSDT,15m,8,donchian n=20 vol=1.5,range,maker_both,LONG,2026-02-16 09:45:00+00:00,86.07,-0.0088608183883176,-0.0100832497112144,-0.0012224313228968008
T02132,GAP25,SOLUSDT,15m,8,donchian n=20 vol=1.5,range,maker_both,LONG,2026-02-16 09:45:00+00:00,86.07,-0.0088608183883176,-0.0100832497112144,-0.0012224313228968008
T02133,GAP50,SOLUSDT,15m,8,donchian n=20 vol=1.5,range,maker_both,LONG,2026-02-16 12:30:00+00:00,86.23,-0.0100291710455614,-0.0100832497112144,-5.407866565300054e-05
T02134,B1_ALL,SOLUSDT,15m,8,donchian n=20 vol=1.5,range,maker_both,SHORT,2026-02-16 14:00:00+00:00,84.1,-0.0128860346299688,-0.0129215532359637,-3.55186059949001e-05
T02134,GAP10,SOLUSDT,15m,8,donchian n=20 vol=1.5,range,maker_both,SHORT,2026-02-16 14:00:00+00:00,84.1,-0.0128860346299688,-0.0129215532359637,-3.55186059949001e-05
T02134,GAP25,SOLUSDT,15m,8,donchian n=20 vol=1.5,range,maker_both,SHORT,2026-02-16 14:00:00+00:00,84.1,-0.0128860346299688,-0.0129215532359637,-3.55186059949001e-05
T02134,GAP50,SOLUSDT,15m,8,donchian n=20 vol=1.5,range,maker_both,SHORT,2026-02-16 14:00:00+00:00,84.1,-0.0128860346299688,-0.0129215532359637,-3.55186059949001e-05
T02135,B1_ALL,SOLUSDT,15m,8,donchian n=20 vol=1.5,range,maker_both,SHORT,2026-02-17 10:30:00+00:00,85.06,0.0126422089167278,0.0124701834629791,-0.00017202545374869933
T02134,GAP0,SOLUSDT,15m,8,donchian n=20 vol=1.5,range,maker_both,SHORT,2026-02-16 14:00:00+00:00,84.1,-0.0128860346299688,0.0124701834629791,0.0253562180929479
T02135,GAP10,SOLUSDT,15m,8,donchian n=20 vol=1.5,range,maker_both,SHORT,2026-02-17 10:30:00+00:00,85.06,0.0126422089167278,0.0124701834629791,-0.00017202545374869933
T02135,GAP25,SOLUSDT,15m,8,donchian n=20 vol=1.5,range,maker_both,SHORT,2026-02-17 10:30:00+00:00,85.06,0.0126422089167278,0.0124701834629791,-0.00017202545374869933
T02135,GAP50,SOLUSDT,15m,8,donchian n=20 vol=1.5,range,maker_both,SHORT,2026-02-17 10:30:00+00:00,85.06,0.0126422089167278,0.0124701834629791,-0.00017202545374869933
T02136,B1_ALL,SOLUSDT,15m,8,donchian n=20 vol=1.5,range,maker_both,SHORT,2026-02-17 15:00:00+00:00,83.2,-0.0116966478413137,-0.0117729020870143,-7.625424570060005e-05
T02136,GAP25,SOLUSDT,15m,8,donchian n=20 vol=1.5,range,maker_both,SHORT,2026-02-17 15:00:00+00:00,83.2,-0.0116966478413137,-0.0117729020870143,-7.625424570060005e-05
T02136,GAP50,SOLUSDT,15m,8,donchian n=20 vol=1.5,range,maker_both,SHORT,2026-02-17 15:00:00+00:00,83.2,-0.0116966478413137,-0.0117729020870143,-7.625424570060005e-05
T02137,B1_ALL,SOLUSDT,15m,8,donchian n=20 vol=1.5,range,maker_both,LONG,2026-02-20 09:15:00+00:00,84.22,-0.0089151526498562,-0.0087469279103586,0.00016822473949759838
T02133,GAP0,SOLUSDT,15m,8,donchian n=20 vol=1.5,range,maker_both,LONG,2026-02-16 12:30:00+00:00,86.23,-0.0100291710455614,-0.0087469279103586,0.0012822431352027992
T02133,GAP10,SOLUSDT,15m,8,donchian n=20 vol=1.5,range,maker_both,LONG,2026-02-16 12:30:00+00:00,86.23,-0.0100291710455614,-0.0087469279103586,0.0012822431352027992
T02133,GAP25,SOLUSDT,15m,8,donchian n=20 vol=1.5,range,maker_both,LONG,2026-02-16 12:30:00+00:00,86.23,-0.0100291710455614,-0.0087469279103586,0.0012822431352027992
T02137,GAP50,SOLUSDT,15m,8,donchian n=20 vol=1.5,range,maker_both,LONG,2026-02-20 09:15:00+00:00,84.22,-0.0089151526498562,-0.0087469279103586,0.00016822473949759838
T02138,B1_ALL,SOLUSDT,15m,8,donchian n=20 vol=1.5,range,maker_both,SHORT,2026-02-20 13:15:00+00:00,83.17,0.0148483515691245,0.0149759818326827,0.00012763026355819967
T02135,GAP0,SOLUSDT,15m,8,donchian n=20 vol=1.5,range,maker_both,SHORT,2026-02-17 10:30:00+00:00,85.06,0.0126422089167278,0.0149759818326827,0.0023337729159549
T02136,GAP10,SOLUSDT,15m,8,donchian n=20 vol=1.5,range,maker_both,SHORT,2026-02-17 15:00:00+00:00,83.2,-0.0116966478413137,0.0149759818326827,0.0266726296739964
T02138,GAP25,SOLUSDT,15m,8,donchian n=20 vol=1.5,range,maker_both,SHORT,2026-02-20 13:15:00+00:00,83.17,0.0148483515691245,0.0149759818326827,0.00012763026355819967
T02138,GAP50,SOLUSDT,15m,8,donchian n=20 vol=1.5,range,maker_both,SHORT,2026-02-20 13:15:00+00:00,83.17,0.0148483515691245,0.0149759818326827,0.00012763026355819967
T02139,B1_ALL,SOLUSDT,15m,8,donchian n=20 vol=1.5,range,maker_both,SHORT,2026-02-22 17:45:00+00:00,82.81,-0.0073809449701245,-0.0072897277589055,9.121721121899996e-05
T02140,B1_ALL,SOLUSDT,15m,8,donchian n=20 vol=1.5,range,maker_both,LONG,2026-03-02 01:15:00+00:00,85.77,-0.0144583041977924,-0.015149007269586,-0.0006907030717935997
T02141,B1_ALL,SOLUSDT,15m,8,donchian n=20 vol=1.5,range,maker_both,SHORT,2026-03-02 06:30:00+00:00,83.32,-0.012306826797178,-0.0121476162922167,0.0001592105049613001
T02136,GAP0,SOLUSDT,15m,8,donchian n=20 vol=1.5,range,maker_both,SHORT,2026-02-17 15:00:00+00:00,83.2,-0.0116966478413137,-0.0121476162922167,-0.0004509684509030002
T02138,GAP10,SOLUSDT,15m,8,donchian n=20 vol=1.5,range,maker_both,SHORT,2026-02-20 13:15:00+00:00,83.17,0.0148483515691245,-0.0121476162922167,-0.026995967861341202
T02139,GAP25,SOLUSDT,15m,8,donchian n=20 vol=1.5,range,maker_both,SHORT,2026-02-22 17:45:00+00:00,82.81,-0.0073809449701245,-0.0121476162922167,-0.0047666713220922
T02139,GAP50,SOLUSDT,15m,8,donchian n=20 vol=1.5,range,maker_both,SHORT,2026-02-22 17:45:00+00:00,82.81,-0.0073809449701245,-0.0121476162922167,-0.0047666713220922
T02142,B1_ALL,SOLUSDT,15m,8,donchian n=20 vol=1.5,range,maker_both,LONG,2026-03-02 14:45:00+00:00,84.74,0.0199067921988705,0.0221228694010676,0.0022160772021970997
T02137,GAP0,SOLUSDT,15m,8,donchian n=20 vol=1.5,range,maker_both,LONG,2026-02-20 09:15:00+00:00,84.22,-0.0089151526498562,0.0221228694010676,0.0310380220509238
T02137,GAP10,SOLUSDT,15m,8,donchian n=20 vol=1.5,range,maker_both,LONG,2026-02-20 09:15:00+00:00,84.22,-0.0089151526498562,0.0221228694010676,0.0310380220509238
T02137,GAP25,SOLUSDT,15m,8,donchian n=20 vol=1.5,range,maker_both,LONG,2026-02-20 09:15:00+00:00,84.22,-0.0089151526498562,0.0221228694010676,0.0310380220509238
T02140,GAP50,SOLUSDT,15m,8,donchian n=20 vol=1.5,range,maker_both,LONG,2026-03-02 01:15:00+00:00,85.77,-0.0144583041977924,0.0221228694010676,0.03658117359886
T02143,B1_ALL,SOLUSDT,15m,8,donchian n=20 vol=1.5,range,maker_both,SHORT,2026-03-03 14:45:00+00:00,82.93,-0.0133061521659451,-0.0140548266340791,-0.0007486744681339998
T02141,GAP50,SOLUSDT,15m,8,donchian n=20 vol=1.5,range,maker_both,SHORT,2026-03-02 06:30:00+00:00,83.32,-0.012306826797178,-0.0140548266340791,-0.0017479998369010988
T02144,B1_ALL,SOLUSDT,15m,8,donchian n=20 vol=1.5,range,maker_both,LONG,2026-03-03 16:15:00+00:00,86.24,-0.0159401811628047,-0.0164425875202647,-0.0005024063574599995
T02140,GAP0,SOLUSDT,15m,8,donchian n=20 vol=1.5,range,maker_both,LONG,2026-03-02 01:15:00+00:00,85.77,-0.0144583041977924,-0.0164425875202647,-0.0019842833224723005
T02140,GAP10,SOLUSDT,15m,8,donchian n=20 vol=1.5,range,maker_both,LONG,2026-03-02 01:15:00+00:00,85.77,-0.0144583041977924,-0.0164425875202647,-0.0019842833224723005
T02140,GAP25,SOLUSDT,15m,8,donchian n=20 vol=1.5,range,maker_both,LONG,2026-03-02 01:15:00+00:00,85.77,-0.0144583041977924,-0.0164425875202647,-0.0019842833224723005
T02142,GAP50,SOLUSDT,15m,8,donchian n=20 vol=1.5,range,maker_both,LONG,2026-03-02 14:45:00+00:00,84.74,0.0199067921988705,-0.0164425875202647,-0.0363493797191352
T02145,B1_ALL,SOLUSDT,15m,8,donchian n=20 vol=1.5,range,maker_both,SHORT,2026-03-11 11:45:00+00:00,84.57,-0.0087660919956198,-0.0087629965680579,3.095427561900649e-06
T02138,GAP0,SOLUSDT,15m,8,donchian n=20 vol=1.5,range,maker_both,SHORT,2026-02-20 13:15:00+00:00,83.17,0.0148483515691245,-0.0087629965680579,-0.0236113481371824
T02139,GAP10,SOLUSDT,15m,8,donchian n=20 vol=1.5,range,maker_both,SHORT,2026-02-22 17:45:00+00:00,82.81,-0.0073809449701245,-0.0087629965680579,-0.0013820515979333994
T02141,GAP25,SOLUSDT,15m,8,donchian n=20 vol=1.5,range,maker_both,SHORT,2026-03-02 06:30:00+00:00,83.32,-0.012306826797178,-0.0087629965680579,0.003543830229120101
T02143,GAP50,SOLUSDT,15m,8,donchian n=20 vol=1.5,range,maker_both,SHORT,2026-03-03 14:45:00+00:00,82.93,-0.0133061521659451,-0.0087629965680579,0.0045431555978872
T02146,B1_ALL,SOLUSDT,15m,8,donchian n=20 vol=1.5,range,maker_both,LONG,2026-03-11 13:15:00+00:00,85.97,-0.0102176513839629,-0.0103653669514633,-0.0001477155675004005
T02142,GAP0,SOLUSDT,15m,8,donchian n=20 vol=1.5,range,maker_both,LONG,2026-03-02 14:45:00+00:00,84.74,0.0199067921988705,-0.0103653669514633,-0.0302721591503338
T02142,GAP10,SOLUSDT,15m,8,donchian n=20 vol=1.5,range,maker_both,LONG,2026-03-02 14:45:00+00:00,84.74,0.0199067921988705,-0.0103653669514633,-0.0302721591503338
T02142,GAP25,SOLUSDT,15m,8,donchian n=20 vol=1.5,range,maker_both,LONG,2026-03-02 14:45:00+00:00,84.74,0.0199067921988705,-0.0103653669514633,-0.0302721591503338
T02144,GAP50,SOLUSDT,15m,8,donchian n=20 vol=1.5,range,maker_both,LONG,2026-03-03 16:15:00+00:00,86.24,-0.0159401811628047,-0.0103653669514633,0.005574814211341402
T02147,B1_ALL,SOLUSDT,15m,8,donchian n=20 vol=1.5,range,maker_both,LONG,2026-03-12 09:45:00+00:00,86.43,-0.0082757275121533,0.0129515738442934,0.021227301356446703
T02148,B1_ALL,SOLUSDT,15m,8,donchian n=20 vol=1.5,range,maker_both,LONG,2026-03-12 10:45:00+00:00,86.81,-0.0091451815080789,-0.0090959202459688,4.926126211010108e-05
T02144,GAP25,SOLUSDT,15m,8,donchian n=20 vol=1.5,range,maker_both,LONG,2026-03-03 16:15:00+00:00,86.24,-0.0159401811628047,-0.0090959202459688,0.006844260916835902
T02146,GAP50,SOLUSDT,15m,8,donchian n=20 vol=1.5,range,maker_both,LONG,2026-03-11 13:15:00+00:00,85.97,-0.0102176513839629,-0.0090959202459688,0.0011217311379940996
T02149,B1_ALL,SOLUSDT,15m,8,donchian n=20 vol=1.5,range,maker_both,LONG,2026-03-13 00:15:00+00:00,87.6,0.0132872407155876,-0.0117736228188247,-0.025060863534412302
T02144,GAP0,SOLUSDT,15m,8,donchian n=20 vol=1.5,range,maker_both,LONG,2026-03-03 16:15:00+00:00,86.24,-0.0159401811628047,-0.0117736228188247,0.0041665583439800015
T02144,GAP10,SOLUSDT,15m,8,donchian n=20 vol=1.5,range,maker_both,LONG,2026-03-03 16:15:00+00:00,86.24,-0.0159401811628047,-0.0117736228188247,0.0041665583439800015
T02146,GAP25,SOLUSDT,15m,8,donchian n=20 vol=1.5,range,maker_both,LONG,2026-03-11 13:15:00+00:00,85.97,-0.0102176513839629,-0.0117736228188247,-0.0015559714348618008
T02147,GAP50,SOLUSDT,15m,8,donchian n=20 vol=1.5,range,maker_both,LONG,2026-03-12 09:45:00+00:00,86.43,-0.0082757275121533,-0.0117736228188247,-0.003497895306671399
T02150,B1_ALL,SOLUSDT,15m,8,donchian n=20 vol=1.5,range,maker_both,SHORT,2026-03-14 10:00:00+00:00,86.78,-0.0064750624864182,-0.0064201243095578,5.493817686040049e-05
T02143,GAP25,SOLUSDT,15m,8,donchian n=20 vol=1.5,range,maker_both,SHORT,2026-03-03 14:45:00+00:00,82.93,-0.0133061521659451,-0.0064201243095578,0.0068860278563873
T02145,GAP50,SOLUSDT,15m,8,donchian n=20 vol=1.5,range,maker_both,SHORT,2026-03-11 11:45:00+00:00,84.57,-0.0087660919956198,-0.0064201243095578,0.0023459676860620006
T02151,B1_ALL,SOLUSDT,15m,8,donchian n=20 vol=1.5,range,maker_both,LONG,2026-03-15 09:15:00+00:00,88.7,-0.0057482525884678,-0.0057598328146684,-1.1580226200599668e-05
T02152,B1_ALL,SOLUSDT,15m,8,donchian n=20 vol=1.5,range,maker_both,SHORT,2026-03-15 13:15:00+00:00,87.8,-0.0060473805399434,-0.0061883324665618,-0.00014095192661840034
T02145,GAP25,SOLUSDT,15m,8,donchian n=20 vol=1.5,range,maker_both,SHORT,2026-03-11 11:45:00+00:00,84.57,-0.0087660919956198,-0.0061883324665618,0.0025777595290580003
T02150,GAP50,SOLUSDT,15m,8,donchian n=20 vol=1.5,range,maker_both,SHORT,2026-03-14 10:00:00+00:00,86.78,-0.0064750624864182,-0.0061883324665618,0.0002867300198564002
T02153,B1_ALL,SOLUSDT,15m,8,donchian n=20 vol=1.5,range,maker_both,LONG,2026-03-15 20:45:00+00:00,88.78,0.0102050038550282,0.0098787123825704,-0.0003262914724577997
T02147,GAP25,SOLUSDT,15m,8,donchian n=20 vol=1.5,range,maker_both,LONG,2026-03-12 09:45:00+00:00,86.43,-0.0082757275121533,0.0098787123825704,0.0181544398947237
T02148,GAP50,SOLUSDT,15m,8,donchian n=20 vol=1.5,range,maker_both,LONG,2026-03-12 10:45:00+00:00,86.81,-0.0091451815080789,0.0098787123825704,0.0190238938906493
T02154,B1_ALL,SOLUSDT,15m,8,donchian n=20 vol=1.5,range,maker_both,SHORT,2026-03-18 15:00:00+00:00,88.91,-0.0111559238006047,-0.0114402825821302,-0.000284358781525499
T02139,GAP0,SOLUSDT,15m,8,donchian n=20 vol=1.5,range,maker_both,SHORT,2026-02-22 17:45:00+00:00,82.81,-0.0073809449701245,-0.0114402825821302,-0.004059337612005699
T02141,GAP10,SOLUSDT,15m,8,donchian n=20 vol=1.5,range,maker_both,SHORT,2026-03-02 06:30:00+00:00,83.32,-0.012306826797178,-0.0114402825821302,0.0008665442150478011
T02150,GAP25,SOLUSDT,15m,8,donchian n=20 vol=1.5,range,maker_both,SHORT,2026-03-14 10:00:00+00:00,86.78,-0.0064750624864182,-0.0114402825821302,-0.004965220095711999
T02152,GAP50,SOLUSDT,15m,8,donchian n=20 vol=1.5,range,maker_both,SHORT,2026-03-15 13:15:00+00:00,87.8,-0.0060473805399434,-0.0114402825821302,-0.0053929020421868
T02155,B1_ALL,SOLUSDT,15m,8,donchian n=20 vol=1.5,range,maker_both,SHORT,2026-03-21 15:00:00+00:00,89.6,-0.0053720099065877,-0.0054225456941149,-5.053578752719969e-05
T02152,GAP25,SOLUSDT,15m,8,donchian n=20 vol=1.5,range,maker_both,SHORT,2026-03-15 13:15:00+00:00,87.8,-0.0060473805399434,-0.0054225456941149,0.0006248348458284996
T02154,GAP50,SOLUSDT,15m,8,donchian n=20 vol=1.5,range,maker_both,SHORT,2026-03-18 15:00:00+00:00,88.91,-0.0111559238006047,-0.0054225456941149,0.0057333781064898
T02156,B1_ALL,SOLUSDT,15m,8,donchian n=20 vol=1.5,range,maker_both,LONG,2026-03-21 20:45:00+00:00,90.07,-0.0051867805478368,-0.0050598046296205,0.00012697591821629953
T02146,GAP0,SOLUSDT,15m,8,donchian n=20 vol=1.5,range,maker_both,LONG,2026-03-11 13:15:00+00:00,85.97,-0.0102176513839629,-0.0050598046296205,0.005157846754342399
T02146,GAP10,SOLUSDT,15m,8,donchian n=20 vol=1.5,range,maker_both,LONG,2026-03-11 13:15:00+00:00,85.97,-0.0102176513839629,-0.0050598046296205,0.005157846754342399
T02148,GAP25,SOLUSDT,15m,8,donchian n=20 vol=1.5,range,maker_both,LONG,2026-03-12 10:45:00+00:00,86.81,-0.0091451815080789,-0.0050598046296205,0.004085376878458401
T02149,GAP50,SOLUSDT,15m,8,donchian n=20 vol=1.5,range,maker_both,LONG,2026-03-13 00:15:00+00:00,87.6,0.0132872407155876,-0.0050598046296205,-0.0183470453452081
T02157,B1_ALL,SOLUSDT,15m,8,donchian n=20 vol=1.5,range,maker_both,SHORT,2026-03-22 00:00:00+00:00,87.5,0.0113970246058398,-0.009204683411234,-0.0206017080170738
T02141,GAP0,SOLUSDT,15m,8,donchian n=20 vol=1.5,range,maker_both,SHORT,2026-03-02 06:30:00+00:00,83.32,-0.012306826797178,-0.009204683411234,0.0031021433859440006
T02143,GAP10,SOLUSDT,15m,8,donchian n=20 vol=1.5,range,maker_both,SHORT,2026-03-03 14:45:00+00:00,82.93,-0.0133061521659451,-0.009204683411234,0.0041014687547111
T02154,GAP25,SOLUSDT,15m,8,donchian n=20 vol=1.5,range,maker_both,SHORT,2026-03-18 15:00:00+00:00,88.91,-0.0111559238006047,-0.009204683411234,0.0019512403893707005
T02155,GAP50,SOLUSDT,15m,8,donchian n=20 vol=1.5,range,maker_both,SHORT,2026-03-21 15:00:00+00:00,89.6,-0.0053720099065877,-0.009204683411234,-0.0038326735046462996
T02158,B1_ALL,SOLUSDT,15m,9,pullback rsi=35,all,maker_both,SHORT,2026-03-28 07:15:00+00:00,83.28,-0.0059861515933092,0.007107784251556,0.0130939358448652
T02158,GAP50,SOLUSDT,15m,9,pullback rsi=35,all,maker_both,SHORT,2026-03-28 07:15:00+00:00,83.28,-0.0059861515933092,0.007107784251556,0.0130939358448652
T02159,B1_ALL,SOLUSDT,15m,9,pullback rsi=35,all,maker_both,LONG,2026-04-06 17:15:00+00:00,81.25,-0.009037593220422,-0.0090849159909316,-4.7322770509599515e-05
T02159,GAP0,SOLUSDT,15m,9,pullback rsi=35,all,maker_both,LONG,2026-04-06 17:15:00+00:00,81.25,-0.009037593220422,-0.0090849159909316,-4.7322770509599515e-05
T02159,GAP10,SOLUSDT,15m,9,pullback rsi=35,all,maker_both,LONG,2026-04-06 17:15:00+00:00,81.25,-0.009037593220422,-0.0090849159909316,-4.7322770509599515e-05
T02159,GAP25,SOLUSDT,15m,9,pullback rsi=35,all,maker_both,LONG,2026-04-06 17:15:00+00:00,81.25,-0.009037593220422,-0.0090849159909316,-4.7322770509599515e-05
T02159,GAP50,SOLUSDT,15m,9,pullback rsi=35,all,maker_both,LONG,2026-04-06 17:15:00+00:00,81.25,-0.009037593220422,-0.0090849159909316,-4.7322770509599515e-05
T02160,B1_ALL,SOLUSDT,15m,9,pullback rsi=35,all,maker_both,SHORT,2026-04-07 09:15:00+00:00,80.32,0.0088404659887159,0.0086949344664611,-0.00014553152225479926
T02158,GAP0,SOLUSDT,15m,9,pullback rsi=35,all,maker_both,SHORT,2026-03-28 07:15:00+00:00,83.28,-0.0059861515933092,0.0086949344664611,0.0146810860597703
T02158,GAP10,SOLUSDT,15m,9,pullback rsi=35,all,maker_both,SHORT,2026-03-28 07:15:00+00:00,83.28,-0.0059861515933092,0.0086949344664611,0.0146810860597703
T02158,GAP25,SOLUSDT,15m,9,pullback rsi=35,all,maker_both,SHORT,2026-03-28 07:15:00+00:00,83.28,-0.0059861515933092,0.0086949344664611,0.0146810860597703
T02160,GAP50,SOLUSDT,15m,9,pullback rsi=35,all,maker_both,SHORT,2026-04-07 09:15:00+00:00,80.32,0.0088404659887159,0.0086949344664611,-0.00014553152225479926
T02161,B1_ALL,SOLUSDT,15m,9,pullback rsi=35,all,maker_both,SHORT,2026-04-07 17:45:00+00:00,79.97,-0.0099836324200618,-0.0098171355179621,0.00016649690209970085
T02160,GAP25,SOLUSDT,15m,9,pullback rsi=35,all,maker_both,SHORT,2026-04-07 09:15:00+00:00,80.32,0.0088404659887159,-0.0098171355179621,-0.018657601506678
T02161,GAP50,SOLUSDT,15m,9,pullback rsi=35,all,maker_both,SHORT,2026-04-07 17:45:00+00:00,79.97,-0.0099836324200618,-0.0098171355179621,0.00016649690209970085
T02162,B1_ALL,SOLUSDT,15m,9,pullback rsi=35,all,maker_both,LONG,2026-04-08 14:30:00+00:00,83.42,-0.0095521881491993,-0.0058217882251497,0.0037303999240496004
T02163,B1_ALL,SOLUSDT,15m,9,pullback rsi=35,all,maker_both,LONG,2026-04-11 04:30:00+00:00,84.27,-0.0057827593465491,-0.0056975589993997,8.520034714940006e-05
T02162,GAP0,SOLUSDT,15m,9,pullback rsi=35,all,maker_both,LONG,2026-04-08 14:30:00+00:00,83.42,-0.0095521881491993,-0.0056975589993997,0.0038546291497996
T02162,GAP10,SOLUSDT,15m,9,pullback rsi=35,all,maker_both,LONG,2026-04-08 14:30:00+00:00,83.42,-0.0095521881491993,-0.0056975589993997,0.0038546291497996
T02162,GAP25,SOLUSDT,15m,9,pullback rsi=35,all,maker_both,LONG,2026-04-08 14:30:00+00:00,83.42,-0.0095521881491993,-0.0056975589993997,0.0038546291497996
T02162,GAP50,SOLUSDT,15m,9,pullback rsi=35,all,maker_both,LONG,2026-04-08 14:30:00+00:00,83.42,-0.0095521881491993,-0.0056975589993997,0.0038546291497996
T02164,B1_ALL,SOLUSDT,15m,9,pullback rsi=35,all,maker_both,SHORT,2026-04-12 20:45:00+00:00,82.68,0.0080877552306101,0.0082917719088483,0.00020401667823819955
T02160,GAP0,SOLUSDT,15m,9,pullback rsi=35,all,maker_both,SHORT,2026-04-07 09:15:00+00:00,80.32,0.0088404659887159,0.0082917719088483,-0.0005486940798675993
T02160,GAP10,SOLUSDT,15m,9,pullback rsi=35,all,maker_both,SHORT,2026-04-07 09:15:00+00:00,80.32,0.0088404659887159,0.0082917719088483,-0.0005486940798675993
T02161,GAP25,SOLUSDT,15m,9,pullback rsi=35,all,maker_both,SHORT,2026-04-07 17:45:00+00:00,79.97,-0.0099836324200618,0.0082917719088483,0.018275404328910103
T02164,GAP50,SOLUSDT,15m,9,pullback rsi=35,all,maker_both,SHORT,2026-04-12 20:45:00+00:00,82.68,0.0080877552306101,0.0082917719088483,0.00020401667823819955
T02165,B1_ALL,SOLUSDT,15m,9,pullback rsi=35,all,maker_both,SHORT,2026-04-15 12:45:00+00:00,83.74,-0.0068787783908972,-0.0066602891358003,0.00021848925509690073
T02161,GAP0,SOLUSDT,15m,9,pullback rsi=35,all,maker_both,SHORT,2026-04-07 17:45:00+00:00,79.97,-0.0099836324200618,-0.0066602891358003,0.003323343284261501
T02161,GAP10,SOLUSDT,15m,9,pullback rsi=35,all,maker_both,SHORT,2026-04-07 17:45:00+00:00,79.97,-0.0099836324200618,-0.0066602891358003,0.003323343284261501
T02164,GAP25,SOLUSDT,15m,9,pullback rsi=35,all,maker_both,SHORT,2026-04-12 20:45:00+00:00,82.68,0.0080877552306101,-0.0066602891358003,-0.0147480443664104
T02165,GAP50,SOLUSDT,15m,9,pullback rsi=35,all,maker_both,SHORT,2026-04-15 12:45:00+00:00,83.74,-0.0068787783908972,-0.0066602891358003,0.00021848925509690073
T02166,B1_ALL,SOLUSDT,15m,9,pullback rsi=35,all,maker_both,LONG,2026-04-17 02:30:00+00:00,87.64,0.0130312847261658,0.0130330061256321,1.7213994662999832e-06
T02163,GAP0,SOLUSDT,15m,9,pullback rsi=35,all,maker_both,LONG,2026-04-11 04:30:00+00:00,84.27,-0.0057827593465491,0.0130330061256321,0.018815765472181202
T02163,GAP10,SOLUSDT,15m,9,pullback rsi=35,all,maker_both,LONG,2026-04-11 04:30:00+00:00,84.27,-0.0057827593465491,0.0130330061256321,0.018815765472181202
T02163,GAP25,SOLUSDT,15m,9,pullback rsi=35,all,maker_both,LONG,2026-04-11 04:30:00+00:00,84.27,-0.0057827593465491,0.0130330061256321,0.018815765472181202
T02163,GAP50,SOLUSDT,15m,9,pullback rsi=35,all,maker_both,LONG,2026-04-11 04:30:00+00:00,84.27,-0.0057827593465491,0.0130330061256321,0.018815765472181202
T02167,B1_ALL,SOLUSDT,15m,9,pullback rsi=35,all,maker_both,SHORT,2026-04-19 13:00:00+00:00,85.74,-0.006508428894335,-0.0068615370968619,-0.0003531082025268993
T02168,B1_ALL,SOLUSDT,15m,9,pullback rsi=35,all,maker_both,SHORT,2026-04-20 07:30:00+00:00,85.34,-0.0034700426129469,-0.0087368358919607,-0.0052667932790138
T02164,GAP0,SOLUSDT,15m,9,pullback rsi=35,all,maker_both,SHORT,2026-04-12 20:45:00+00:00,82.68,0.0080877552306101,-0.0087368358919607,-0.0168245911225708
T02164,GAP10,SOLUSDT,15m,9,pullback rsi=35,all,maker_both,SHORT,2026-04-12 20:45:00+00:00,82.68,0.0080877552306101,-0.0087368358919607,-0.0168245911225708
T02165,GAP25,SOLUSDT,15m,9,pullback rsi=35,all,maker_both,SHORT,2026-04-15 12:45:00+00:00,83.74,-0.0068787783908972,-0.0087368358919607,-0.0018580575010634995
T02167,GAP50,SOLUSDT,15m,9,pullback rsi=35,all,maker_both,SHORT,2026-04-19 13:00:00+00:00,85.74,-0.006508428894335,-0.0087368358919607,-0.0022284069976256995
T02169,B1_ALL,SOLUSDT,15m,9,pullback rsi=35,all,maker_both,LONG,2026-04-22 19:45:00+00:00,87.26,-0.0078284184127276,-0.0076847201763884,0.0001436982363392002
T02166,GAP0,SOLUSDT,15m,9,pullback rsi=35,all,maker_both,LONG,2026-04-17 02:30:00+00:00,87.64,0.0130312847261658,-0.0076847201763884,-0.0207160049025542
T02166,GAP10,SOLUSDT,15m,9,pullback rsi=35,all,maker_both,LONG,2026-04-17 02:30:00+00:00,87.64,0.0130312847261658,-0.0076847201763884,-0.0207160049025542
T02166,GAP25,SOLUSDT,15m,9,pullback rsi=35,all,maker_both,LONG,2026-04-17 02:30:00+00:00,87.64,0.0130312847261658,-0.0076847201763884,-0.0207160049025542
T02166,GAP50,SOLUSDT,15m,9,pullback rsi=35,all,maker_both,LONG,2026-04-17 02:30:00+00:00,87.64,0.0130312847261658,-0.0076847201763884,-0.0207160049025542
T02170,B1_ALL,SOLUSDT,15m,9,pullback rsi=35,all,maker_both,SHORT,2026-04-30 00:45:00+00:00,83.58,0.0097347625821723,0.009988708955246,0.0002539463730737001
T02171,B1_ALL,SOLUSDT,15m,9,pullback rsi=35,all,maker_both,LONG,2026-05-07 00:45:00+00:00,88.28,-0.0069737873436505,-0.0070023330904954,-2.8545746844899772e-05
T02169,GAP0,SOLUSDT,15m,9,pullback rsi=35,all,maker_both,LONG,2026-04-22 19:45:00+00:00,87.26,-0.0078284184127276,-0.0070023330904954,0.0008260853222322008
T02169,GAP10,SOLUSDT,15m,9,pullback rsi=35,all,maker_both,LONG,2026-04-22 19:45:00+00:00,87.26,-0.0078284184127276,-0.0070023330904954,0.0008260853222322008
T02169,GAP25,SOLUSDT,15m,9,pullback rsi=35,all,maker_both,LONG,2026-04-22 19:45:00+00:00,87.26,-0.0078284184127276,-0.0070023330904954,0.0008260853222322008
T02169,GAP50,SOLUSDT,15m,9,pullback rsi=35,all,maker_both,LONG,2026-04-22 19:45:00+00:00,87.26,-0.0078284184127276,-0.0070023330904954,0.0008260853222322008
T02172,B1_ALL,SOLUSDT,15m,9,pullback rsi=35,all,maker_both,LONG,2026-05-07 14:45:00+00:00,87.97,0.0028308502902124,0.0018033587653559,-0.0010274915248564998
T02171,GAP0,SOLUSDT,15m,9,pullback rsi=35,all,maker_both,LONG,2026-05-07 00:45:00+00:00,88.28,-0.0069737873436505,0.0018033587653559,0.0087771461090064
T02171,GAP10,SOLUSDT,15m,9,pullback rsi=35,all,maker_both,LONG,2026-05-07 00:45:00+00:00,88.28,-0.0069737873436505,0.0018033587653559,0.0087771461090064
T02171,GAP25,SOLUSDT,15m,9,pullback rsi=35,all,maker_both,LONG,2026-05-07 00:45:00+00:00,88.28,-0.0069737873436505,0.0018033587653559,0.0087771461090064
T02171,GAP50,SOLUSDT,15m,9,pullback rsi=35,all,maker_both,LONG,2026-05-07 00:45:00+00:00,88.28,-0.0069737873436505,0.0018033587653559,0.0087771461090064
T02173,B1_ALL,SOLUSDT,15m,9,pullback rsi=35,all,maker_both,LONG,2026-05-09 15:15:00+00:00,92.51,0.0078790622519496,0.0021702819397767,-0.005708780312172899
T02172,GAP0,SOLUSDT,15m,9,pullback rsi=35,all,maker_both,LONG,2026-05-07 14:45:00+00:00,87.97,0.0028308502902124,0.0021702819397767,-0.0006605683504356998
T02172,GAP10,SOLUSDT,15m,9,pullback rsi=35,all,maker_both,LONG,2026-05-07 14:45:00+00:00,87.97,0.0028308502902124,0.0021702819397767,-0.0006605683504356998
T02172,GAP25,SOLUSDT,15m,9,pullback rsi=35,all,maker_both,LONG,2026-05-07 14:45:00+00:00,87.97,0.0028308502902124,0.0021702819397767,-0.0006605683504356998
T02172,GAP50,SOLUSDT,15m,9,pullback rsi=35,all,maker_both,LONG,2026-05-07 14:45:00+00:00,87.97,0.0028308502902124,0.0021702819397767,-0.0006605683504356998
T02174,B1_ALL,SOLUSDT,15m,10,breakout n=20,range,maker_both,LONG,2026-05-20 16:15:00+00:00,86.27,-0.0062422584198077,0.0059285301279808,0.0121707885477885
T02175,B1_ALL,SOLUSDT,15m,10,breakout n=20,range,maker_both,SHORT,2026-05-24 21:45:00+00:00,83.8,-0.005585845996899,-0.0057119377526056,-0.00012609175570659978
T02175,GAP50,SOLUSDT,15m,10,breakout n=20,range,maker_both,SHORT,2026-05-24 21:45:00+00:00,83.8,-0.005585845996899,-0.0057119377526056,-0.00012609175570659978
T02176,B1_ALL,SOLUSDT,15m,10,breakout n=20,range,maker_both,LONG,2026-05-25 02:15:00+00:00,85.64,-0.0059925825674855,0.0054500370502178,0.0114426196177033
T02177,B1_ALL,SOLUSDT,15m,10,breakout n=20,range,maker_both,LONG,2026-05-25 05:00:00+00:00,85.79,-0.0002018946361784,-0.0056119567194673,-0.0054100620832889
T02174,GAP0,SOLUSDT,15m,10,breakout n=20,range,maker_both,LONG,2026-05-20 16:15:00+00:00,86.27,-0.0062422584198077,-0.0056119567194673,0.0006303017003404
T02174,GAP10,SOLUSDT,15m,10,breakout n=20,range,maker_both,LONG,2026-05-20 16:15:00+00:00,86.27,-0.0062422584198077,-0.0056119567194673,0.0006303017003404
T02174,GAP25,SOLUSDT,15m,10,breakout n=20,range,maker_both,LONG,2026-05-20 16:15:00+00:00,86.27,-0.0062422584198077,-0.0056119567194673,0.0006303017003404
T02174,GAP50,SOLUSDT,15m,10,breakout n=20,range,maker_both,LONG,2026-05-20 16:15:00+00:00,86.27,-0.0062422584198077,-0.0056119567194673,0.0006303017003404
T02178,B1_ALL,SOLUSDT,15m,10,breakout n=20,range,maker_both,SHORT,2026-05-25 20:45:00+00:00,85.36,0.0025924864008158,0.0025700762427102,-2.2410158105599844e-05
T02175,GAP0,SOLUSDT,15m,10,breakout n=20,range,maker_both,SHORT,2026-05-24 21:45:00+00:00,83.8,-0.005585845996899,0.0025700762427102,0.0081559222396092
T02175,GAP10,SOLUSDT,15m,10,breakout n=20,range,maker_both,SHORT,2026-05-24 21:45:00+00:00,83.8,-0.005585845996899,0.0025700762427102,0.0081559222396092
T02175,GAP25,SOLUSDT,15m,10,breakout n=20,range,maker_both,SHORT,2026-05-24 21:45:00+00:00,83.8,-0.005585845996899,0.0025700762427102,0.0081559222396092
T02178,GAP50,SOLUSDT,15m,10,breakout n=20,range,maker_both,SHORT,2026-05-25 20:45:00+00:00,85.36,0.0025924864008158,0.0025700762427102,-2.2410158105599844e-05
T02179,B1_ALL,SOLUSDT,15m,10,breakout n=20,range,maker_both,SHORT,2026-05-26 00:45:00+00:00,84.31,0.0033828757356725,0.0037423920827849,0.00035951634711239985
T02178,GAP10,SOLUSDT,15m,10,breakout n=20,range,maker_both,SHORT,2026-05-25 20:45:00+00:00,85.36,0.0025924864008158,0.0037423920827849,0.0011499056819690998
T02178,GAP25,SOLUSDT,15m,10,breakout n=20,range,maker_both,SHORT,2026-05-25 20:45:00+00:00,85.36,0.0025924864008158,0.0037423920827849,0.0011499056819690998
T02179,GAP50,SOLUSDT,15m,10,breakout n=20,range,maker_both,SHORT,2026-05-26 00:45:00+00:00,84.31,0.0033828757356725,0.0037423920827849,0.00035951634711239985
T02180,B1_ALL,SOLUSDT,15m,10,breakout n=20,range,maker_both,LONG,2026-05-26 14:30:00+00:00,85.97,-0.0057103501217954,-0.0065903706143551,-0.0008800204925597001
T02181,B1_ALL,SOLUSDT,15m,10,breakout n=20,range,maker_both,SHORT,2026-05-30 22:45:00+00:00,82.49,-0.0040434297132169,-0.0039952981818136,4.8131531403299704e-05
T02182,B1_ALL,SOLUSDT,15m,10,breakout n=20,range,maker_both,SHORT,2026-05-31 14:15:00+00:00,82.32,0.0023933801317984,-0.0047335773753109,-0.0071269575071093
T02178,GAP0,SOLUSDT,15m,10,breakout n=20,range,maker_both,SHORT,2026-05-25 20:45:00+00:00,85.36,0.0025924864008158,-0.0047335773753109,-0.0073260637761267
T02179,GAP10,SOLUSDT,15m,10,breakout n=20,range,maker_both,SHORT,2026-05-26 00:45:00+00:00,84.31,0.0033828757356725,-0.0047335773753109,-0.008116453110983399
T02179,GAP25,SOLUSDT,15m,10,breakout n=20,range,maker_both,SHORT,2026-05-26 00:45:00+00:00,84.31,0.0033828757356725,-0.0047335773753109,-0.008116453110983399
T02181,GAP50,SOLUSDT,15m,10,breakout n=20,range,maker_both,SHORT,2026-05-30 22:45:00+00:00,82.49,-0.0040434297132169,-0.0047335773753109,-0.0006901476620939997
T02183,B1_ALL,SOLUSDT,15m,10,breakout n=20,range,maker_both,LONG,2026-05-31 22:15:00+00:00,82.41,0.0024688424206739,0.0026735284282622,0.00020468600758830014
T02176,GAP25,SOLUSDT,15m,10,breakout n=20,range,maker_both,LONG,2026-05-25 02:15:00+00:00,85.64,-0.0059925825674855,0.0026735284282622,0.0086661109957477
T02176,GAP50,SOLUSDT,15m,10,breakout n=20,range,maker_both,LONG,2026-05-25 02:15:00+00:00,85.64,-0.0059925825674855,0.0026735284282622,0.0086661109957477
T02184,B1_ALL,SOLUSDT,15m,10,breakout n=20,range,maker_both,SHORT,2026-06-01 02:00:00+00:00,81.72,-0.0056677059144177,-0.0059899531661964,-0.0003222472517786998
T02185,B1_ALL,SOLUSDT,15m,10,breakout n=20,range,maker_both,SHORT,2026-06-01 06:30:00+00:00,81.4,0.0049357219065545,-0.0059060520469054,-0.0108417739534599
T02179,GAP0,SOLUSDT,15m,10,breakout n=20,range,maker_both,SHORT,2026-05-26 00:45:00+00:00,84.31,0.0033828757356725,-0.0059060520469054,-0.0092889277825779
T02181,GAP10,SOLUSDT,15m,10,breakout n=20,range,maker_both,SHORT,2026-05-30 22:45:00+00:00,82.49,-0.0040434297132169,-0.0059060520469054,-0.0018626223336885
T02181,GAP25,SOLUSDT,15m,10,breakout n=20,range,maker_both,SHORT,2026-05-30 22:45:00+00:00,82.49,-0.0040434297132169,-0.0059060520469054,-0.0018626223336885
T02182,GAP50,SOLUSDT,15m,10,breakout n=20,range,maker_both,SHORT,2026-05-31 14:15:00+00:00,82.32,0.0023933801317984,-0.0059060520469054,-0.0082994321787038
T02186,B1_ALL,SOLUSDT,15m,10,breakout n=20,range,maker_both,LONG,2026-06-14 20:45:00+00:00,67.87,0.0034029208115101,0.0033533733010492,-4.9547510460899724e-05
T02177,GAP50,SOLUSDT,15m,10,breakout n=20,range,maker_both,LONG,2026-05-25 05:00:00+00:00,85.79,-0.0002018946361784,0.0033533733010492,0.0035552679372276
T02187,B1_ALL,SOLUSDT,15m,10,breakout n=20,range,maker_both,LONG,2026-06-14 21:45:00+00:00,70.21,-0.0069059300697664,-0.0071033547042517,-0.00019742463448529923
T02177,GAP25,SOLUSDT,15m,10,breakout n=20,range,maker_both,LONG,2026-05-25 05:00:00+00:00,85.79,-0.0002018946361784,-0.0071033547042517,-0.0069014600680732995
T02180,GAP50,SOLUSDT,15m,10,breakout n=20,range,maker_both,LONG,2026-05-26 14:30:00+00:00,85.97,-0.0057103501217954,-0.0071033547042517,-0.0013930045824563
T02188,B1_ALL,SOLUSDT,15m,11,pullback rsi=35,all,maker_both,SHORT,2026-06-23 22:15:00+00:00,69.63,-0.0092136777884511,-0.0097302169222922,-0.0005165391338411013
T02188,GAP0,SOLUSDT,15m,11,pullback rsi=35,all,maker_both,SHORT,2026-06-23 22:15:00+00:00,69.63,-0.0092136777884511,-0.0097302169222922,-0.0005165391338411013
T02188,GAP10,SOLUSDT,15m,11,pullback rsi=35,all,maker_both,SHORT,2026-06-23 22:15:00+00:00,69.63,-0.0092136777884511,-0.0097302169222922,-0.0005165391338411013
T02188,GAP25,SOLUSDT,15m,11,pullback rsi=35,all,maker_both,SHORT,2026-06-23 22:15:00+00:00,69.63,-0.0092136777884511,-0.0097302169222922,-0.0005165391338411013
T02188,GAP50,SOLUSDT,15m,11,pullback rsi=35,all,maker_both,SHORT,2026-06-23 22:15:00+00:00,69.63,-0.0092136777884511,-0.0097302169222922,-0.0005165391338411013
T02189,B1_ALL,SOLUSDT,15m,11,pullback rsi=35,all,maker_both,SHORT,2026-06-25 05:00:00+00:00,68.42,-0.0111429110594626,0.0090407922297856,0.0201837032892482
T02190,B1_ALL,SOLUSDT,15m,11,pullback rsi=35,all,maker_both,LONG,2026-07-04 09:45:00+00:00,81.64,0.0071333439658455,0.0043941345136241,-0.0027392094522214003
T02190,GAP0,SOLUSDT,15m,11,pullback rsi=35,all,maker_both,LONG,2026-07-04 09:45:00+00:00,81.64,0.0071333439658455,0.0043941345136241,-0.0027392094522214003
T02190,GAP10,SOLUSDT,15m,11,pullback rsi=35,all,maker_both,LONG,2026-07-04 09:45:00+00:00,81.64,0.0071333439658455,0.0043941345136241,-0.0027392094522214003
T02190,GAP25,SOLUSDT,15m,11,pullback rsi=35,all,maker_both,LONG,2026-07-04 09:45:00+00:00,81.64,0.0071333439658455,0.0043941345136241,-0.0027392094522214003
T02190,GAP50,SOLUSDT,15m,11,pullback rsi=35,all,maker_both,LONG,2026-07-04 09:45:00+00:00,81.64,0.0071333439658455,0.0043941345136241,-0.0027392094522214003
T02191,B1_ALL,SOLUSDT,15m,11,pullback rsi=35,all,maker_both,SHORT,2026-07-09 00:00:00+00:00,77.79,-0.008352001781234,-0.008423115242309,-7.111346107499875e-05
T02189,GAP0,SOLUSDT,15m,11,pullback rsi=35,all,maker_both,SHORT,2026-06-25 05:00:00+00:00,68.42,-0.0111429110594626,-0.008423115242309,0.0027197958171536005
T02189,GAP10,SOLUSDT,15m,11,pullback rsi=35,all,maker_both,SHORT,2026-06-25 05:00:00+00:00,68.42,-0.0111429110594626,-0.008423115242309,0.0027197958171536005
T02189,GAP25,SOLUSDT,15m,11,pullback rsi=35,all,maker_both,SHORT,2026-06-25 05:00:00+00:00,68.42,-0.0111429110594626,-0.008423115242309,0.0027197958171536005
T02189,GAP50,SOLUSDT,15m,11,pullback rsi=35,all,maker_both,SHORT,2026-06-25 05:00:00+00:00,68.42,-0.0111429110594626,-0.008423115242309,0.0027197958171536005
T02192,B1_ALL,SOLUSDT,15m,11,pullback rsi=35,all,maker_both,SHORT,2026-07-12 12:45:00+00:00,77.13,-0.007044986466095,-0.0070412579414771,3.7285246179000545e-06
T02191,GAP10,SOLUSDT,15m,11,pullback rsi=35,all,maker_both,SHORT,2026-07-09 00:00:00+00:00,77.79,-0.008352001781234,-0.0070412579414771,0.0013107438397569008
T02191,GAP25,SOLUSDT,15m,11,pullback rsi=35,all,maker_both,SHORT,2026-07-09 00:00:00+00:00,77.79,-0.008352001781234,-0.0070412579414771,0.0013107438397569008
T02191,GAP50,SOLUSDT,15m,11,pullback rsi=35,all,maker_both,SHORT,2026-07-09 00:00:00+00:00,77.79,-0.008352001781234,-0.0070412579414771,0.0013107438397569008
T02193,B1_ALL,SOLUSDT,15m,11,pullback rsi=35,all,maker_both,SHORT,2026-07-24 07:15:00+00:00,76.34,0.0041821225895449,0.0043341740610144,0.0001520514714695
T02191,GAP0,SOLUSDT,15m,11,pullback rsi=35,all,maker_both,SHORT,2026-07-09 00:00:00+00:00,77.79,-0.008352001781234,0.0043341740610144,0.0126861758422484
T02192,GAP10,SOLUSDT,15m,11,pullback rsi=35,all,maker_both,SHORT,2026-07-12 12:45:00+00:00,77.13,-0.007044986466095,0.0043341740610144,0.0113791605271094
T02192,GAP25,SOLUSDT,15m,11,pullback rsi=35,all,maker_both,SHORT,2026-07-12 12:45:00+00:00,77.13,-0.007044986466095,0.0043341740610144,0.0113791605271094
T02192,GAP50,SOLUSDT,15m,11,pullback rsi=35,all,maker_both,SHORT,2026-07-12 12:45:00+00:00,77.13,-0.007044986466095,0.0043341740610144,0.0113791605271094
T02194,B1_ALL,SOLUSDT,15m,11,pullback rsi=35,all,maker_both,SHORT,2026-07-28 15:30:00+00:00,74.22,-0.0003864649184767,0.0083379753515225,0.0087244402699992
T02195,B1_ALL,SOLUSDT,15m,11,pullback rsi=35,all,maker_both,SHORT,2026-08-02 01:15:00+00:00,72.46,-0.0066635274740856,-0.0066909561677729,-2.7428693687300658e-05
T02193,GAP25,SOLUSDT,15m,11,pullback rsi=35,all,maker_both,SHORT,2026-07-24 07:15:00+00:00,76.34,0.0041821225895449,-0.0066909561677729,-0.0108730787573178
T02193,GAP50,SOLUSDT,15m,11,pullback rsi=35,all,maker_both,SHORT,2026-07-24 07:15:00+00:00,76.34,0.0041821225895449,-0.0066909561677729,-0.0108730787573178
