symbol,interval,fold,signal,regime,side,gross,fees,net,exit_reason
BTCUSDT,5m,1,pullback rsi=35,trend,SHORT,-0.0015293897250193,0.0007,-0.0022282193051508,TIME
BTCUSDT,5m,1,pullback rsi=35,trend,LONG,0.0076970567279656,0.0004,0.0072940182131568,TP
BTCUSDT,5m,1,pullback rsi=35,trend,LONG,-0.0036433773965036,0.0007,-0.0043407273966636,SL
BTCUSDT,5m,1,pullback rsi=35,trend,LONG,-0.0032889670458923,0.0007,-0.0039865650978568,SL
BTCUSDT,5m,1,pullback rsi=35,trend,LONG,-0.0032825037070115,0.0007,-0.0039801062826668,SL
BTCUSDT,5m,1,pullback rsi=35,trend,LONG,0.0128098591424426,0.0004,0.01240477571118,TP
BTCUSDT,5m,1,pullback rsi=35,trend,LONG,-0.0025039184441825,0.0007,-0.0032020659516635,SL
BTCUSDT,5m,1,pullback rsi=35,trend,LONG,0.0041914514399738,0.0004,0.0037898150270558,TP
BTCUSDT,5m,1,pullback rsi=35,trend,LONG,-0.0018702431952099,0.0007,-0.0025688342119974,SL
BTCUSDT,5m,1,pullback rsi=35,trend,LONG,-0.0038863539956779,0.0007,-0.0045835339365162,SL
BTCUSDT,5m,1,pullback rsi=35,trend,LONG,-0.0021199587261331,0.0007,-0.0028183749670206,SL
BTCUSDT,5m,1,pullback rsi=35,trend,LONG,-0.001647831900645,0.0007,-0.0023465785830978,SL
BTCUSDT,5m,1,pullback rsi=35,trend,LONG,-0.0025568799130568,0.0007,-0.0032549903528057,SL
BTCUSDT,5m,1,pullback rsi=35,trend,LONG,0.0030573220323138,0.0007,0.0023552822126233,TIME
BTCUSDT,5m,1,pullback rsi=35,trend,LONG,-0.0013630503639006,0.0007,-0.0020619963649509,SL
BTCUSDT,5m,2,pullback rsi=35,trend,LONG,-0.0034754886273677,0.0007,-0.0041729561328773,SL
BTCUSDT,5m,2,pullback rsi=35,trend,LONG,-0.0043081740108318,0.0007,-0.0050050587198415,SL
BTCUSDT,5m,2,pullback rsi=35,trend,LONG,-0.004583188857418,0.0007,-0.0052798810835367,SL
BTCUSDT,5m,2,pullback rsi=35,trend,LONG,-0.0020959265320333,0.0007,-0.0027943595930536,SL
BTCUSDT,5m,2,pullback rsi=35,trend,LONG,0.0053349436298234,0.0004,0.0049328498657692,TP
BTCUSDT,5m,2,pullback rsi=35,trend,LONG,-0.0033322454822435,0.0007,-0.0040298132436303,SL
BTCUSDT,5m,2,pullback rsi=35,trend,SHORT,-0.0017133689659428,0.0007,-0.0024120697790034,SL
BTCUSDT,5m,2,pullback rsi=35,trend,SHORT,-0.0013133578040018,0.0007,-0.0020123385848745,SL
BTCUSDT,5m,2,pullback rsi=35,trend,LONG,0.0020910422809677,0.0004,0.001690245947697,TP
BTCUSDT,5m,2,pullback rsi=35,trend,LONG,-0.0013220039176323,0.0007,-0.0020209786470903,SL
BTCUSDT,5m,2,pullback rsi=35,trend,LONG,0.000416585894423,0.0007,-0.0002836056740442,TIME
BTCUSDT,5m,2,pullback rsi=35,trend,LONG,-0.0021165890698844,0.0007,-0.0028150076691942,SL
BTCUSDT,5m,2,pullback rsi=35,trend,LONG,-0.001443686312521,0.0007,-0.0021425758764708,SL
BTCUSDT,5m,2,pullback rsi=35,trend,LONG,-0.0024838614077855,0.0007,-0.0031820229531861,SL
BTCUSDT,5m,2,pullback rsi=35,trend,SHORT,-0.003154091597119,0.0007,-0.0038517840484101,SL
BTCUSDT,5m,2,pullback rsi=35,trend,LONG,-0.0017748199151996,0.0007,-0.0024734777187408,SL
BTCUSDT,5m,2,pullback rsi=35,trend,LONG,-0.0028641833205496,0.0007,-0.0035620786786434,SL
BTCUSDT,5m,2,pullback rsi=35,trend,LONG,0.0031210082477816,0.0004,0.0027197999693231,TP
BTCUSDT,5m,2,pullback rsi=35,trend,LONG,0.002883555654847,0.0004,0.0024824423479272,TP
BTCUSDT,5m,3,pullback rsi=40,trend,LONG,-0.0008764408309165,0.0007,-0.0015757274099789,SL
BTCUSDT,5m,3,pullback rsi=40,trend,SHORT,-0.001338887836146,0.0007,-0.0020378507485495,SL
BTCUSDT,5m,3,pullback rsi=40,trend,SHORT,-0.0020720579410631,0.0007,-0.00277050770771,SL
BTCUSDT,5m,3,pullback rsi=40,trend,SHORT,-0.0018824712843217,0.0007,-0.0025810537426697,SL
BTCUSDT,5m,3,pullback rsi=40,trend,SHORT,-0.001788901573456,0.0007,-0.0024875495212447,SL
BTCUSDT,5m,3,pullback rsi=40,trend,SHORT,0.0015008914164452,0.0007,0.0007999409425427,TIME
BTCUSDT,5m,3,pullback rsi=40,trend,LONG,-0.0011743740098686,0.0007,-0.001873452065499,SL
BTCUSDT,5m,3,pullback rsi=40,trend,LONG,-0.001603417390011,0.0007,-0.0023021951581796,SL
BTCUSDT,5m,3,pullback rsi=40,trend,LONG,0.0026472632043196,0.0004,0.0022462444049284,TP
BTCUSDT,5m,3,pullback rsi=40,trend,LONG,0.0018510032997414,0.0007,0.001149807782532,TIME
BTCUSDT,5m,3,pullback rsi=40,trend,LONG,-0.0006500923822931,0.0007,-0.0013495373826347,SL
BTCUSDT,5m,3,pullback rsi=40,trend,SHORT,0.0030319978467587,0.0007,0.0023299757514658,TIME
BTCUSDT,5m,3,pullback rsi=40,trend,LONG,-0.0025591271725655,0.0007,-0.0032572360394574,SL
BTCUSDT,5m,3,pullback rsi=40,trend,LONG,0.004272639154366,0.0004,0.00387097026961,TP
BTCUSDT,5m,3,pullback rsi=40,trend,LONG,-0.0022604235052778,0.0007,-0.0029587414348665,SL
BTCUSDT,5m,3,pullback rsi=40,trend,SHORT,-0.0022084081555797,0.0007,-0.0029067624907115,SL
BTCUSDT,5m,3,pullback rsi=40,trend,LONG,-0.0021011380455003,0.0007,-0.0027995674589821,SL
BTCUSDT,5m,3,pullback rsi=40,trend,SHORT,-0.0036129599591465,0.0007,-0.0043103312484711,SL
BTCUSDT,5m,3,pullback rsi=40,trend,SHORT,-0.0032308105659465,0.0007,-0.0039284493216313,SL
BTCUSDT,5m,3,pullback rsi=40,trend,LONG,0.0022205298677857,0.0004,0.0018196817446598,TP
BTCUSDT,5m,3,pullback rsi=40,trend,LONG,0.002751111662382,0.0004,0.0023500513277614,TP
BTCUSDT,5m,3,pullback rsi=40,trend,LONG,0.0034645385650789,0.0004,0.0030631928882345,TP
BTCUSDT,5m,3,pullback rsi=40,trend,LONG,-0.001162505913469,0.0007,-0.0018615922755801,SL
BTCUSDT,5m,3,pullback rsi=40,trend,SHORT,0.0023871325762804,0.0007,0.0016855618221904,TIME
BTCUSDT,5m,3,pullback rsi=40,trend,SHORT,0.005740227123236,0.0004,0.0053379712619958,TP
BTCUSDT,5m,3,pullback rsi=40,trend,SHORT,-0.0021700407068685,0.0007,-0.0028684218953777,SL
BTCUSDT,5m,3,pullback rsi=40,trend,SHORT,-0.000960366912436,0.0007,-0.0016595947516339,TIME
BTCUSDT,5m,3,pullback rsi=40,trend,SHORT,0.0027314088119012,0.0004,0.0023303563576329,TP
BTCUSDT,5m,3,pullback rsi=40,trend,SHORT,0.0036274209108609,0.0004,0.0032260100875936,TP
BTCUSDT,5m,3,pullback rsi=40,trend,SHORT,0.0020421153646598,0.0007,0.0013407860881162,TIME
BTCUSDT,5m,3,pullback rsi=40,trend,SHORT,-0.0028376302773319,0.0007,-0.0035355442199007,SL
BTCUSDT,5m,3,pullback rsi=40,trend,LONG,0.0021713754379884,0.0004,0.0017705469746682,TP
BTCUSDT,5m,3,pullback rsi=40,trend,LONG,0.0029834810558397,0.0004,0.0025823277827567,TP
BTCUSDT,5m,3,pullback rsi=40,trend,LONG,-0.0023146114041476,0.0007,-0.0030128914076258,SL
BTCUSDT,5m,3,pullback rsi=40,trend,LONG,0.0052639262299501,0.0004,0.004861860870015,TP
BTCUSDT,5m,3,pullback rsi=40,trend,LONG,0.0032968329863049,0.0004,0.0028955543849837,TP
BTCUSDT,5m,3,pullback rsi=40,trend,LONG,-0.002407911679624,0.0007,-0.0031061263822393,SL
BTCUSDT,5m,3,pullback rsi=40,trend,SHORT,-0.0020414270523126,0.0007,-0.0027398982575185,SL
BTCUSDT,5m,3,pullback rsi=40,trend,LONG,-0.0008567033545479,0.0007,-0.0015560037478701,SL
BTCUSDT,5m,3,pullback rsi=40,trend,LONG,-0.0016015474667479,0.0007,-0.0023003265436758,SL
BTCUSDT,5m,3,pullback rsi=40,trend,LONG,-0.0020015053506696,0.0007,-0.0027000044970746,SL
BTCUSDT,5m,3,pullback rsi=40,trend,LONG,-0.0015700859489469,0.0007,-0.0022688870457912,SL
BTCUSDT,5m,3,pullback rsi=40,trend,LONG,-0.0022973229880169,0.0007,-0.0029956150916575,SL
BTCUSDT,5m,3,pullback rsi=40,trend,SHORT,0.0009601443231252,0.0007,0.0002595723181135,TIME
BTCUSDT,5m,4,pullback rsi=35,all,LONG,-0.0011476630734358,0.0007,-0.0018467598240506,SL
BTCUSDT,5m,4,pullback rsi=35,all,LONG,0.0018307918057464,0.0004,0.0014300995622558,TP
BTCUSDT,5m,4,pullback rsi=35,all,LONG,0.0006765630881499,0.0004,0.0002763324899774,TP
BTCUSDT,5m,4,pullback rsi=35,all,LONG,0.0012091879553471,0.0004,0.0008087443285325,TP
BTCUSDT,5m,4,pullback rsi=35,all,LONG,0.0026020223415873,0.0004,0.0022010216367316,TP
BTCUSDT,5m,4,pullback rsi=35,all,SHORT,-0.0011982415140041,0.0007,-0.0018973028647685,SL
BTCUSDT,5m,4,pullback rsi=35,all,LONG,-0.0008261643382298,0.0007,-0.0015254861058093,SL
BTCUSDT,5m,4,pullback rsi=35,all,LONG,-0.0017230724403429,0.0007,-0.0024217664619419,SL
BTCUSDT,5m,4,pullback rsi=35,all,SHORT,0.0020975035030902,0.0004,0.0016967045855893,TP
BTCUSDT,5m,4,pullback rsi=35,all,LONG,0.0016828220848813,0.0004,0.00128218902336,TP
BTCUSDT,5m,4,pullback rsi=35,all,LONG,-0.0027878654750651,0.0007,-0.003485814248019,SL
BTCUSDT,5m,4,pullback rsi=35,all,SHORT,-0.0016541056777429,0.0007,-0.002352847969179,SL
BTCUSDT,5m,4,pullback rsi=35,all,SHORT,0.0006426345740433,0.0004,0.000242417545919,TP
BTCUSDT,5m,4,pullback rsi=35,all,LONG,0.0012400932207721,0.0004,0.0008396372330876,TP
BTCUSDT,5m,4,pullback rsi=35,all,LONG,-0.0009016362323689,0.0007,-0.0016009051771698,SL
BTCUSDT,5m,4,pullback rsi=35,all,LONG,-0.0014258694025317,0.0007,-0.0021247714365368,SL
BTCUSDT,5m,4,pullback rsi=35,all,LONG,-0.0009559732404117,0.0007,-0.0016552041547406,SL
BTCUSDT,5m,4,pullback rsi=35,all,SHORT,0.0017824209094045,0.0004,0.0013817480123377,TP
BTCUSDT,5m,4,pullback rsi=35,all,LONG,0.0016472591358157,0.0004,0.0012466402980519,TP
BTCUSDT,5m,4,pullback rsi=35,all,LONG,-0.0010609980022155,0.0007,-0.0017601554097137,SL
BTCUSDT,5m,4,pullback rsi=35,all,SHORT,-0.0006680013616455,0.0007,-0.0013674338274924,SL
BTCUSDT,5m,4,pullback rsi=35,all,SHORT,-0.0003112611543356,0.0007,-0.0010109433026537,SL
BTCUSDT,5m,4,pullback rsi=35,all,SHORT,-0.0013990104331604,0.0007,-0.0020979312657583,SL
BTCUSDT,5m,4,pullback rsi=35,all,LONG,0.0013489382191076,0.0004,0.0009484386977776,TP
BTCUSDT,5m,4,pullback rsi=35,all,SHORT,0.0027248733293382,0.0004,0.0023238234890017,TP
BTCUSDT,5m,5,pullback rsi=35,trend,SHORT,0.0008244810945216,0.0004,0.0004241913350631,TP
BTCUSDT,5m,5,pullback rsi=35,trend,SHORT,-0.0012929571858996,0.0007,-0.0019919522451651,SL
BTCUSDT,5m,5,pullback rsi=35,trend,LONG,0.0025193824481412,0.0004,0.0021184147959372,TP
BTCUSDT,5m,5,pullback rsi=35,trend,LONG,0.0030258746643534,0.0004,0.0026247044355227,TP
BTCUSDT,5m,5,pullback rsi=35,trend,LONG,0.0019947553337397,0.0004,0.0015939975113965,TP
BTCUSDT,5m,5,pullback rsi=35,trend,SHORT,0.002080234086441,0.0007,0.0013788781306041,TIME
BTCUSDT,5m,5,pullback rsi=35,trend,LONG,0.0019687148169319,0.0004,0.0015679674097539,TP
BTCUSDT,5m,6,pullback rsi=35,all,LONG,-0.002289792291702,0.0007,-0.0029880896660768,SL
BTCUSDT,5m,6,pullback rsi=35,all,SHORT,-0.0029336897581012,0.0007,-0.0036315364686394,SL
BTCUSDT,5m,6,pullback rsi=35,all,SHORT,-0.0028082501357275,0.0007,-0.0035061846414574,SL
BTCUSDT,5m,6,pullback rsi=35,all,SHORT,-0.0050455396639694,0.0007,-0.0057419082907586,SL
BTCUSDT,5m,6,pullback rsi=35,all,LONG,-0.0014878436945238,0.0007,-0.002186702352722,SL
BTCUSDT,5m,6,pullback rsi=35,all,SHORT,0.0052524100360438,0.0004,0.0048503492821259,TP
BTCUSDT,5m,6,pullback rsi=35,all,SHORT,-0.0026063489732349,0.0007,-0.0033044247895884,SL
BTCUSDT,5m,6,pullback rsi=35,all,SHORT,-0.0025374363040821,0.0007,-0.0032355603524129,SL
BTCUSDT,5m,6,pullback rsi=35,all,SHORT,0.0035514753857748,0.0004,0.0031500949376794,TP
BTCUSDT,5m,6,pullback rsi=35,all,SHORT,-0.0030459701941847,0.0007,-0.0037437383196456,SL
BTCUSDT,5m,6,pullback rsi=35,all,LONG,-0.0020282729201285,0.0007,-0.0027267533319116,SL
BTCUSDT,5m,6,pullback rsi=35,all,SHORT,-0.0030885992471639,0.0007,-0.0037863375365508,SL
BTCUSDT,5m,6,pullback rsi=35,all,SHORT,0.009422064675967,0.0004,0.0090183362269793,TP
BTCUSDT,5m,6,pullback rsi=35,all,LONG,-0.0017392733274707,0.0007,-0.0024379560100686,SL
BTCUSDT,5m,6,pullback rsi=35,all,LONG,-0.0027637522365923,0.0007,-0.0034617178864018,SL
BTCUSDT,5m,6,pullback rsi=35,all,LONG,-0.0027256644675296,0.0007,-0.0034236567749688,SL
BTCUSDT,5m,6,pullback rsi=35,all,LONG,-0.0017629847319032,0.0007,-0.0024616508188892,SL
BTCUSDT,5m,6,pullback rsi=35,all,LONG,0.0014721883223406,0.0004,0.0010716395058991,TP
BTCUSDT,5m,6,pullback rsi=35,all,SHORT,-0.0018428187051382,0.0007,-0.0025414289163263,SL
BTCUSDT,5m,6,pullback rsi=35,all,LONG,-0.002918717350426,0.0007,-0.0036165745401524,SL
BTCUSDT,5m,6,pullback rsi=35,all,LONG,0.0024760785868468,0.0004,0.0020751282544553,TP
BTCUSDT,5m,6,pullback rsi=35,all,LONG,-0.0023805788567514,0.0007,-0.0030788126896095,SL
BTCUSDT,5m,6,pullback rsi=35,all,LONG,-0.0014987298438962,0.0007,-0.0021975808828783,SL
BTCUSDT,5m,6,pullback rsi=35,all,LONG,-0.0017891188673986,0.0007,-0.0024877666631032,SL
BTCUSDT,5m,6,pullback rsi=35,all,LONG,-0.0020472491293117,0.0007,-0.0027457162596461,SL
BTCUSDT,5m,6,pullback rsi=35,all,LONG,0.001772323859558,0.0004,0.001371655000907,TP
BTCUSDT,5m,6,pullback rsi=35,all,LONG,0.0025579170569424,0.0007,0.0018562267707944,TIME
BTCUSDT,5m,6,pullback rsi=35,all,SHORT,-0.0013458802920926,0.0007,-0.0020448383104761,SL
BTCUSDT,5m,6,pullback rsi=35,all,LONG,0.0039494220236167,0.0004,0.0035478824127841,TP
BTCUSDT,5m,6,pullback rsi=35,all,SHORT,0.0026745708599751,0.0004,0.0022735411386138,TP
BTCUSDT,5m,6,pullback rsi=35,all,LONG,-0.0037051044223926,0.0007,-0.0044024112198074,SL
BTCUSDT,5m,6,pullback rsi=35,all,SHORT,-0.0020011735862618,0.0007,-0.0026996729648687,SL
BTCUSDT,5m,7,pullback rsi=40,trend,LONG,-0.003329476287284,0.0007,-0.0040270459868304,SL
BTCUSDT,5m,7,pullback rsi=40,trend,LONG,0.0035436571881544,0.0004,0.0031422798670255,TP
BTCUSDT,5m,7,pullback rsi=40,trend,LONG,0.0020754258423984,0.0007,0.0013740732518514,TIME
BTCUSDT,5m,7,pullback rsi=40,trend,LONG,-0.0025740140511314,0.0007,-0.0032721124986969,SL
BTCUSDT,5m,7,pullback rsi=40,trend,LONG,-0.0017111744560905,0.0007,-0.0024098768050887,TIME
BTCUSDT,5m,7,pullback rsi=40,trend,SHORT,0.0025502508245789,0.0004,0.0021492708262591,TP
BTCUSDT,5m,7,pullback rsi=40,trend,LONG,-0.00270034359559,0.0007,-0.0033983536251075,SL
BTCUSDT,5m,7,pullback rsi=40,trend,LONG,-0.0023012273349194,0.0007,-0.0029995167059077,SL
BTCUSDT,5m,7,pullback rsi=40,trend,LONG,-0.0010586203172115,0.0007,-0.0017577793888514,TIME
BTCUSDT,5m,7,pullback rsi=40,trend,LONG,-0.0016843662889183,0.0007,-0.0023830874009527,SL
BTCUSDT,5m,7,pullback rsi=40,trend,LONG,0.0024080206667577,0.0004,0.0020070975548118,TP
BTCUSDT,5m,7,pullback rsi=40,trend,LONG,-0.0013801278661308,0.0007,-0.0020790619146373,SL
BTCUSDT,5m,7,pullback rsi=40,trend,LONG,-0.0027913575006783,0.0007,-0.0034893038295634,SL
BTCUSDT,5m,7,pullback rsi=40,trend,LONG,-0.0031444089487871,0.0007,-0.0038421081769638,SL
BTCUSDT,5m,7,pullback rsi=40,trend,LONG,-0.0023705992697707,0.0007,-0.0030688400873417,SL
BTCUSDT,5m,7,pullback rsi=40,trend,SHORT,-0.0038177890761459,0.0007,-0.0045150170055715,SL
BTCUSDT,5m,7,pullback rsi=40,trend,SHORT,0.0032554038636531,0.0004,0.002854141832324,TP
BTCUSDT,5m,7,pullback rsi=40,trend,SHORT,-0.0058690087002505,0.0007,-0.0065648009810611,SL
BTCUSDT,5m,7,pullback rsi=40,trend,SHORT,-0.0021824878769738,0.0007,-0.0028808603537086,SL
BTCUSDT,5m,7,pullback rsi=40,trend,LONG,-0.0021844200259764,0.0007,-0.0028827911504001,SL
BTCUSDT,5m,7,pullback rsi=40,trend,LONG,0.0008475675399579,0.0007,0.0001470743274369,TIME
BTCUSDT,5m,7,pullback rsi=40,trend,LONG,-0.0022768493874041,0.0007,-0.0029751558205178,SL
BTCUSDT,5m,7,pullback rsi=40,trend,LONG,0.0018616992776682,0.0004,0.0014609946724251,TP
BTCUSDT,5m,7,pullback rsi=40,trend,SHORT,0.0027734751370861,0.0004,0.0023724058579703,TP
BTCUSDT,5m,7,pullback rsi=40,trend,SHORT,-0.0023130173959143,0.0007,-0.0030112985150388,SL
BTCUSDT,5m,7,pullback rsi=40,trend,SHORT,-0.0016927162758439,0.0007,-0.0023914315437224,SL
BTCUSDT,5m,7,pullback rsi=40,trend,SHORT,0.001349016805599,0.0007,0.0006481726287366,TIME
BTCUSDT,5m,7,pullback rsi=40,trend,LONG,0.00389241140317,0.0004,0.0034908945943052,TP
BTCUSDT,5m,7,pullback rsi=40,trend,LONG,0.0031482553003456,0.0004,0.0027470361241557,TP
BTCUSDT,5m,7,pullback rsi=40,trend,SHORT,-0.0040559069454486,0.0007,-0.0047529682161775,TIME
BTCUSDT,5m,7,pullback rsi=40,trend,SHORT,0.001660475458718,0.0004,0.0012598513349535,TP
BTCUSDT,5m,7,pullback rsi=40,trend,SHORT,0.0017578136459958,0.0004,0.0013571505908498,TP
BTCUSDT,5m,7,pullback rsi=40,trend,SHORT,0.0050947329285037,0.0004,0.0046927352391217,TP
BTCUSDT,5m,7,pullback rsi=40,trend,LONG,0.0017839007827006,0.0007,0.0010827522305429,TIME
BTCUSDT,5m,7,pullback rsi=40,trend,LONG,-0.0036588330552913,0.0007,-0.0043561722380358,SL
BTCUSDT,5m,7,pullback rsi=40,trend,LONG,-0.004069231053825,0.0007,-0.0047662829990103,SL
BTCUSDT,5m,7,pullback rsi=40,trend,LONG,0.0025661859909575,0.0004,0.0021651996192086,TP
BTCUSDT,5m,8,pullback rsi=40,trend,SHORT,-0.0038985733092697,0.0007,-0.0045957446978104,SL
BTCUSDT,5m,8,pullback rsi=40,trend,LONG,-0.0048126758322063,0.0007,-0.0055092074403912,SL
BTCUSDT,5m,8,pullback rsi=40,trend,LONG,-0.0056326617747168,0.0007,-0.0063286194747407,SL
BTCUSDT,5m,8,pullback rsi=40,trend,LONG,0.0043298767977211,0.0004,0.003928185020197,TP
BTCUSDT,5m,8,pullback rsi=40,trend,LONG,0.00344007910146,0.0004,0.0030387432074225,TP
BTCUSDT,5m,8,pullback rsi=40,trend,LONG,0.0047184019118499,0.0004,0.0043165547398213,TP
BTCUSDT,5m,8,pullback rsi=40,trend,LONG,0.0033849841911481,0.0004,0.0029836703328711,TP
BTCUSDT,5m,8,pullback rsi=40,trend,SHORT,0.0040001294813138,0.0004,0.0035985695895266,TP
BTCUSDT,5m,8,pullback rsi=40,trend,SHORT,-0.0035986426569668,0.0007,-0.0042960239669711,SL
BTCUSDT,5m,8,pullback rsi=40,trend,LONG,-0.0038042228668153,0.0007,-0.0045014602912307,SL
BTCUSDT,5m,8,pullback rsi=40,trend,SHORT,0.0034413361927245,0.0004,0.0030399997959009,TP
BTCUSDT,5m,8,pullback rsi=40,trend,SHORT,0.0079126288997333,0.0004,0.0075095041646786,TP
BTCUSDT,5m,8,pullback rsi=40,trend,SHORT,0.0010882370391798,0.0007,0.0003875753820761,TIME
BTCUSDT,5m,8,pullback rsi=40,trend,SHORT,-0.0030269482002713,0.0007,-0.0037247296392258,SL
BTCUSDT,5m,8,pullback rsi=40,trend,LONG,-0.0027691278261614,0.0007,-0.0034670897135958,SL
BTCUSDT,5m,8,pullback rsi=40,trend,LONG,-0.0029198829461879,0.0007,-0.0036177393201138,SL
BTCUSDT,5m,8,pullback rsi=40,trend,LONG,0.0028788900712766,0.0004,0.0024777786304037,TP
BTCUSDT,5m,8,pullback rsi=40,trend,SHORT,0.0073257934055382,0.0004,0.0069229033812077,TP
BTCUSDT,5m,8,pullback rsi=40,trend,LONG,0.003069518952739,0.0004,0.0026683312679387,TP
BTCUSDT,5m,8,pullback rsi=40,trend,LONG,0.003302181893981,0.0004,0.0029009011533107,TP
BTCUSDT,5m,8,pullback rsi=40,trend,LONG,-0.0022803985560861,0.0007,-0.0029787025051366,SL
BTCUSDT,5m,8,pullback rsi=40,trend,SHORT,-0.0036726229844671,0.0007,-0.0043699525156402,SL
BTCUSDT,5m,8,pullback rsi=40,trend,SHORT,-0.0038472593857567,0.0007,-0.0045444666889127,SL
BTCUSDT,5m,8,pullback rsi=40,trend,SHORT,0.001147999308109,0.0007,0.0004472958233936,TIME
BTCUSDT,5m,8,pullback rsi=40,trend,LONG,-0.0043486071624808,0.0007,-0.0050454635723277,SL
BTCUSDT,5m,8,pullback rsi=40,trend,LONG,-0.0057123635231201,0.0007,-0.0064082654398902,SL
BTCUSDT,5m,8,pullback rsi=40,trend,LONG,-0.0065580802255269,0.0007,-0.007253390225177,SL
BTCUSDT,5m,8,pullback rsi=40,trend,SHORT,0.0046314882917376,0.0007,0.0039283467130821,TIME
BTCUSDT,5m,8,pullback rsi=40,trend,SHORT,0.0044379503099443,0.0004,0.0040362153073385,TP
BTCUSDT,5m,8,pullback rsi=40,trend,SHORT,0.0038458286605027,0.0004,0.0034443304828719,TP
BTCUSDT,5m,8,pullback rsi=40,trend,SHORT,-0.0005119366076233,0.0007,-0.0012114783031915,TIME
BTCUSDT,5m,8,pullback rsi=40,trend,SHORT,0.0053465210960354,0.0004,0.0049444227014581,TP
BTCUSDT,5m,8,pullback rsi=40,trend,LONG,-0.0040995836192664,0.0007,-0.0047966143206912,SL
BTCUSDT,5m,8,pullback rsi=40,trend,LONG,-0.0047207596988533,0.0007,-0.00541735563914,SL
BTCUSDT,5m,8,pullback rsi=40,trend,SHORT,-0.0052968521958397,0.0007,-0.0059930449289877,SL
BTCUSDT,5m,8,pullback rsi=40,trend,SHORT,0.0064671020695545,0.0004,0.006064555487411,TP
BTCUSDT,5m,8,pullback rsi=40,trend,LONG,0.0067565828812612,0.0004,0.0063539205183722,TP
BTCUSDT,5m,8,pullback rsi=40,trend,SHORT,0.0048313585193551,0.0004,0.0044294661692019,TP
BTCUSDT,5m,8,pullback rsi=40,trend,SHORT,0.0023097780024433,0.0007,0.0016082613888195,TIME
BTCUSDT,5m,8,pullback rsi=40,trend,SHORT,0.0030373447220881,0.0007,0.0023353188845172,TIME
BTCUSDT,5m,8,pullback rsi=40,trend,SHORT,-0.0023843448682905,0.0007,-0.0030825760653172,SL
BTCUSDT,5m,8,pullback rsi=40,trend,SHORT,0.0029195050501146,0.0004,0.0025183773648747,TP
BTCUSDT,5m,8,pullback rsi=40,trend,SHORT,0.0029497104830422,0.0004,0.0025485707168375,TP
BTCUSDT,5m,8,pullback rsi=40,trend,SHORT,-0.0035387661162878,0.0007,-0.0042361893338829,SL
BTCUSDT,5m,8,pullback rsi=40,trend,LONG,0.00361600216281,0.0004,0.003214595906585,TP
BTCUSDT,5m,8,pullback rsi=40,trend,LONG,-0.0038612240086751,0.0007,-0.0045584215379913,SL
BTCUSDT,5m,8,pullback rsi=40,trend,SHORT,-0.0037147148290011,0.0007,-0.0044120149000922,SL
BTCUSDT,5m,8,pullback rsi=40,trend,SHORT,-0.0060449732571493,0.0007,-0.0067406423803666,SL
BTCUSDT,5m,8,pullback rsi=40,trend,LONG,-0.004732203061155,0.0007,-0.0054287909922324,SL
BTCUSDT,5m,8,pullback rsi=40,trend,LONG,0.0048952342485647,0.0004,0.0044933163506748,TP
BTCUSDT,5m,8,pullback rsi=40,trend,LONG,-0.0047288170515219,0.0007,-0.0054254073524675,SL
BTCUSDT,5m,8,pullback rsi=40,trend,LONG,0.0038360783483884,0.0004,0.0034345840704921,TP
BTCUSDT,5m,8,pullback rsi=40,trend,LONG,-0.0074739708681328,0.0007,-0.008168639835922,SL
BTCUSDT,5m,8,pullback rsi=40,trend,SHORT,0.0008370076738397,0.0007,0.0001365218521687,TIME
BTCUSDT,5m,8,pullback rsi=40,trend,SHORT,-0.0033400672647989,0.0007,-0.0040376295517202,SL
BTCUSDT,5m,8,pullback rsi=40,trend,LONG,0.004107470734123,0.0004,0.0037058679101282,TP
BTCUSDT,5m,8,pullback rsi=40,trend,LONG,-0.002856660367942,0.0007,-0.0035545609913505,TIME
BTCUSDT,5m,8,pullback rsi=40,trend,LONG,0.0050164298012578,0.0004,0.0046144634299944,TP
BTCUSDT,5m,8,pullback rsi=40,trend,LONG,0.0034871195018724,0.0004,0.0030857647935564,TP
BTCUSDT,5m,8,pullback rsi=40,trend,LONG,-0.0081937243701934,0.0007,-0.0088878895825066,SL
BTCUSDT,5m,8,pullback rsi=40,trend,SHORT,-0.0027493001867952,0.0007,-0.0034472759515944,SL
BTCUSDT,5m,8,pullback rsi=40,trend,LONG,-0.0021862042088004,0.0007,-0.0028845740844746,SL
BTCUSDT,5m,8,pullback rsi=40,trend,LONG,-0.0045088445051173,0.0007,-0.0052055887648481,SL
BTCUSDT,5m,8,pullback rsi=40,trend,SHORT,0.0036679172514323,0.0004,0.0032664902312486,TP
BTCUSDT,5m,8,pullback rsi=40,trend,SHORT,-0.0058489602243392,0.0007,-0.0065447665370781,SL
BTCUSDT,5m,8,pullback rsi=40,trend,LONG,-0.0030725936525267,0.0007,-0.0037703431442291,SL
BTCUSDT,5m,8,pullback rsi=40,trend,SHORT,0.0024221162693859,0.0004,0.0020211875197628,TP
BTCUSDT,5m,8,pullback rsi=40,trend,SHORT,0.0051741794841443,0.0004,0.004772150019318,TP
BTCUSDT,5m,8,pullback rsi=40,trend,SHORT,0.0032225901183754,0.0004,0.0028213412112316,TP
BTCUSDT,5m,8,pullback rsi=40,trend,SHORT,-0.0032701872246587,0.0007,-0.0039677984206201,SL
BTCUSDT,5m,8,pullback rsi=40,trend,SHORT,0.0051547116777339,0.0004,0.0047526899992513,TP
BTCUSDT,5m,8,pullback rsi=40,trend,SHORT,0.0063559656609345,0.0004,0.0059534635289089,TP
BTCUSDT,5m,8,pullback rsi=40,trend,LONG,-0.003561288523299,0.0007,-0.0042586959774615,SL
BTCUSDT,5m,8,pullback rsi=40,trend,LONG,-0.0030805078235318,0.0007,-0.0037782517761061,SL
BTCUSDT,5m,8,pullback rsi=40,trend,LONG,-0.0037998817791677,0.0007,-0.0044971222419104,SL
BTCUSDT,5m,8,pullback rsi=40,trend,SHORT,0.0051960914796516,0.0004,0.0047940532509034,TP
BTCUSDT,5m,8,pullback rsi=40,trend,LONG,0.0023604519130896,0.0004,0.0019595478267424,TP
BTCUSDT,5m,8,pullback rsi=40,trend,SHORT,0.0011249708936198,0.0007,0.0004242835264915,TIME
BTCUSDT,5m,8,pullback rsi=40,trend,SHORT,0.003664712631425,0.0004,0.0032632868929611,TP
BTCUSDT,5m,8,pullback rsi=40,trend,SHORT,0.0004290999312677,0.0007,-0.000271100395774,TIME
BTCUSDT,5m,8,pullback rsi=40,trend,LONG,0.0044508700508938,0.0004,0.0040491298809082,TP
BTCUSDT,5m,8,pullback rsi=40,trend,LONG,0.0032142559568716,0.0004,0.0028130103830592,TP
BTCUSDT,5m,8,pullback rsi=40,trend,LONG,-0.0036276206754153,0.0007,-0.0043249817037045,SL
BTCUSDT,5m,8,pullback rsi=40,trend,LONG,0.0029948878166741,0.0004,0.0025937299813429,TP
BTCUSDT,5m,8,pullback rsi=40,trend,LONG,0.004676608166673,0.0004,0.0042747777104708,TP
BTCUSDT,5m,8,pullback rsi=40,trend,LONG,-0.0057757616057038,0.0007,-0.0064716191501559,SL
BTCUSDT,5m,9,pullback rsi=35,all,SHORT,0.0065106577281685,0.0004,0.0061080937255035,TP
BTCUSDT,5m,9,pullback rsi=35,all,SHORT,0.008416183549791,0.0004,0.0080128574130184,TP
BTCUSDT,5m,9,pullback rsi=35,all,LONG,-0.0037976055722689,0.0007,-0.0044948476281287,SL
BTCUSDT,5m,9,pullback rsi=35,all,SHORT,0.0051576528289806,0.0004,0.0047556299741551,TP
BTCUSDT,5m,9,pullback rsi=35,all,SHORT,-0.0011907303084044,0.0007,-0.0018897969162615,SL
BTCUSDT,5m,9,pullback rsi=35,all,LONG,0.0045767937114665,0.0004,0.0041750031770535,TP
BTCUSDT,5m,9,pullback rsi=35,all,LONG,-0.0021484044225285,0.0007,-0.0028468007542731,SL
BTCUSDT,5m,9,pullback rsi=35,all,LONG,0.0083303391035004,0.0004,0.0079270473010728,TP
BTCUSDT,5m,9,pullback rsi=35,all,LONG,0.0056395782102706,0.0007,0.0049357310694815,TIME
BTCUSDT,5m,9,pullback rsi=35,all,LONG,-0.0024001983739816,0.0007,-0.0030984184751395,SL
BTCUSDT,5m,9,pullback rsi=35,all,LONG,-0.0024234649365466,0.0007,-0.0031216687534375,SL
BTCUSDT,5m,9,pullback rsi=35,all,SHORT,-0.0017870244101444,0.0007,-0.0024856736717596,SL
BTCUSDT,5m,9,pullback rsi=35,all,LONG,0.0026786551699264,0.0004,0.0022776238150048,TP
BTCUSDT,5m,9,pullback rsi=35,all,LONG,-0.0043882326864472,0.0007,-0.0050850613623899,SL
BTCUSDT,5m,9,pullback rsi=35,all,SHORT,0.0044271210081804,0.0004,0.0040253903368618,TP
BTCUSDT,5m,9,pullback rsi=35,all,LONG,0.0028909190349303,0.0007,0.0021889956806979,TIME
BTCUSDT,5m,9,pullback rsi=35,all,SHORT,-0.0018095917063066,0.0007,-0.0025082251730713,SL
BTCUSDT,5m,9,pullback rsi=35,all,SHORT,0.0009502673689206,0.0007,0.0002497022767891,TIME
BTCUSDT,5m,9,pullback rsi=35,all,LONG,-0.0025350716181339,0.0007,-0.0032331973215082,SL
BTCUSDT,5m,9,pullback rsi=35,all,LONG,-0.002490788363596,0.0007,-0.0031889450608203,SL
BTCUSDT,5m,9,pullback rsi=35,all,LONG,-0.0020807212915332,0.0007,-0.0027791649947012,SL
BTCUSDT,5m,9,pullback rsi=35,all,LONG,0.0030957409751267,0.0004,0.0026945428025664,TP
BTCUSDT,5m,9,pullback rsi=35,all,LONG,-0.0024934797340378,0.0007,-0.0031916345475718,SL
BTCUSDT,5m,9,pullback rsi=35,all,LONG,0.0014889543472393,0.0004,0.0010883988250587,TP
BTCUSDT,5m,9,pullback rsi=35,all,LONG,0.0034487586271153,0.0004,0.0030474192616147,TP
BTCUSDT,5m,9,pullback rsi=35,all,LONG,-0.0022559441969927,0.0007,-0.0029542652616491,SL
BTCUSDT,5m,9,pullback rsi=35,all,LONG,0.0007043864151775,0.0007,3.9934151259135575e-06,TIME
BTCUSDT,5m,9,pullback rsi=35,all,LONG,0.0056054142098706,0.0004,0.0052032122684033,TP
BTCUSDT,5m,9,pullback rsi=35,all,LONG,-0.0028539403824865,0.0007,-0.0035518429096127,SL
BTCUSDT,5m,10,pullback rsi=35,trend,LONG,-0.0013483990602243,0.0007,-0.0020473553157219,TIME
BTCUSDT,5m,10,pullback rsi=35,trend,SHORT,-0.0026250464433843,0.0007,-0.0033231091733785,SL
BTCUSDT,5m,10,pullback rsi=35,trend,SHORT,0.0024578322552584,0.0004,0.0020568892206696,TP
BTCUSDT,5m,10,pullback rsi=35,trend,SHORT,0.0009501127383458,0.0007,0.0002495477544404,TIME
BTCUSDT,5m,10,pullback rsi=35,trend,SHORT,-0.0016313119527763,0.0007,-0.0023300701975405,SL
BTCUSDT,5m,10,pullback rsi=35,trend,SHORT,-0.0025458691235578,0.0007,-0.0032439872697581,SL
BTCUSDT,5m,10,pullback rsi=35,trend,SHORT,0.0014557521356316,0.0004,0.0010552098930076,TP
BTCUSDT,5m,10,pullback rsi=35,trend,SHORT,-0.0014808276153366,0.0007,-0.0021796911840885,SL
BTCUSDT,5m,10,pullback rsi=35,trend,LONG,-0.0003082095806677,0.0007,-0.0010078938647821,TIME
BTCUSDT,5m,10,pullback rsi=35,trend,LONG,-0.0015988763519291,0.0007,-0.0022976572983703,SL
BTCUSDT,5m,10,pullback rsi=35,trend,SHORT,0.0026331996174254,0.0004,0.0022321864429064,TP
BTCUSDT,5m,10,pullback rsi=35,trend,SHORT,0.0028109690655179,0.0004,0.0024098847903306,TP
BTCUSDT,5m,10,pullback rsi=35,trend,SHORT,0.0042420888305748,0.0004,0.0038404321647265,TP
BTCUSDT,5m,10,pullback rsi=35,trend,LONG,0.0027063514455506,0.0004,0.0023053090132265,TP
BTCUSDT,5m,10,pullback rsi=35,trend,LONG,0.0038951907055309,0.0004,0.0034936727850563,TP
BTCUSDT,5m,10,pullback rsi=35,trend,SHORT,0.0037489252200684,0.0004,0.0033474657999374,TP
BTCUSDT,5m,10,pullback rsi=35,trend,SHORT,-0.0028777344654699,0.0007,-0.0035756203391174,SL
BTCUSDT,5m,10,pullback rsi=35,trend,SHORT,0.0029234438423945,0.0004,0.0025223145817954,TP
BTCUSDT,5m,10,pullback rsi=35,trend,LONG,0.0018677717222331,0.0004,0.001467064688255,TP
BTCUSDT,5m,10,pullback rsi=35,trend,SHORT,0.005116493322671,0.0004,0.0047144869300017,TP
BTCUSDT,5m,11,pullback rsi=35,trend,LONG,-0.0021867414742943,0.0007,-0.0028851109739362,SL
BTCUSDT,5m,11,pullback rsi=35,trend,LONG,-0.0033658367701923,0.0007,-0.0040633810210367,SL
BTCUSDT,5m,11,pullback rsi=35,trend,LONG,-0.0044011073699855,0.0007,-0.0050979270349371,SL
BTCUSDT,5m,11,pullback rsi=35,trend,LONG,0.0034408771739019,0.0004,0.0030395409606673,TP
BTCUSDT,5m,11,pullback rsi=35,trend,LONG,0.0037372103115668,0.0004,0.0033357555769308,TP
BTCUSDT,5m,11,pullback rsi=35,trend,SHORT,0.0021984855350667,0.0004,0.0017976462287923,TP
BTCUSDT,5m,11,pullback rsi=35,trend,LONG,-0.004035156646734,0.0007,-0.0047322324405969,SL
BTCUSDT,5m,11,pullback rsi=35,trend,SHORT,-0.000464931130035,0.0007,-0.001164505724737,TIME
BTCUSDT,5m,11,pullback rsi=35,trend,SHORT,-0.0028849342527506,0.0007,-0.0035828150872672,SL
BTCUSDT,5m,11,pullback rsi=35,trend,LONG,0.0034375164673082,0.0004,0.003036181598222,TP
BTCUSDT,5m,11,pullback rsi=35,trend,LONG,0.001478624253215,0.0004,0.0010780728626587,TP
BTCUSDT,5m,11,pullback rsi=35,trend,LONG,0.0035233844413927,0.0004,0.0031220152285516,TP
BTCUSDT,5m,11,pullback rsi=35,trend,LONG,0.0023773569724619,0.0004,0.0019764461247673,TP
BTCUSDT,5m,11,pullback rsi=35,trend,SHORT,0.0030841063934216,0.0004,0.0026829128742285,TP
BTCUSDT,5m,11,pullback rsi=35,trend,SHORT,-0.0025644255110111,0.0007,-0.003262530669596,SL
BTCUSDT,5m,11,pullback rsi=35,trend,LONG,0.000904254998451,0.0004,0.0005039333326217,TP
BTCUSDT,5m,11,pullback rsi=35,trend,LONG,-0.0023530881617074,0.0007,-0.003051341235303,SL
BTCUSDT,5m,11,pullback rsi=35,trend,SHORT,-0.0020790123820416,0.0007,-0.0027774572812753,SL
BTCUSDT,5m,11,pullback rsi=35,trend,SHORT,0.0021981408916392,0.0004,0.0017973017232082,TP
BTCUSDT,5m,11,pullback rsi=35,trend,LONG,-0.0018941971185279,0.0007,-0.0025927713699646,SL
BTCUSDT,5m,11,pullback rsi=35,trend,SHORT,-0.0030264415292302,0.0007,-0.0037242233228038,SL
BTCUSDT,5m,11,pullback rsi=35,trend,SHORT,0.0027733414981953,0.0004,0.0023722722725296,TP
BTCUSDT,5m,11,pullback rsi=35,trend,SHORT,-0.001472730040811,0.0007,-0.0021715992770554,TIME
BTCUSDT,5m,11,pullback rsi=35,trend,LONG,-0.0016656723453771,0.0007,-0.0023644065413024,SL
ETHUSDT,5m,1,pullback rsi=40,range,LONG,-0.0025585810181822,0.0007,-0.0032566902673275,SL
ETHUSDT,5m,1,pullback rsi=40,range,LONG,-0.0067911076897551,0.0007,-0.0074862545934831,SL
ETHUSDT,5m,1,pullback rsi=40,range,LONG,-0.002684058262913,0.0007,-0.0033820796905348,SL
ETHUSDT,5m,1,pullback rsi=40,range,LONG,0.0026483958009701,0.0004,0.0022473765485857,TP
ETHUSDT,5m,1,pullback rsi=40,range,LONG,-0.0028573396206287,0.0007,-0.0035552397686282,SL
ETHUSDT,5m,1,pullback rsi=40,range,LONG,0.0036394638069234,0.0004,0.0032380481669793,TP
ETHUSDT,5m,1,pullback rsi=40,range,SHORT,-0.0052393899613533,0.0007,-0.0059356229123194,SL
ETHUSDT,5m,1,pullback rsi=40,range,SHORT,-0.0055792462071681,0.0007,-0.0062752412927477,SL
ETHUSDT,5m,1,pullback rsi=40,range,SHORT,-0.006010018751003,0.0007,-0.0067057123388791,SL
ETHUSDT,5m,1,pullback rsi=40,range,SHORT,-0.0035293457126931,0.0007,-0.0042267755236287,SL
ETHUSDT,5m,1,pullback rsi=40,range,LONG,0.0031409836912867,0.0004,0.0027397674234497,TP
ETHUSDT,5m,1,pullback rsi=40,range,SHORT,-0.0030233273723767,0.0007,-0.0037211113455487,SL
ETHUSDT,5m,1,pullback rsi=40,range,SHORT,0.0031911577391363,0.0004,0.002789921403687,TP
ETHUSDT,5m,1,pullback rsi=40,range,LONG,-0.0034938266234076,0.0007,-0.0041912812941539,SL
ETHUSDT,5m,1,pullback rsi=40,range,LONG,0.0049868514396573,0.0004,0.0045848968985555,TP
ETHUSDT,5m,1,pullback rsi=40,range,SHORT,-0.0051520468153816,0.0007,-0.0058483408978154,SL
ETHUSDT,5m,2,pullback rsi=35,all,LONG,0.0051531377223687,0.0004,0.0047511166734055,TP
ETHUSDT,5m,2,pullback rsi=35,all,LONG,-0.0049187206455004,0.0007,-0.0056151780329206,SL
ETHUSDT,5m,2,pullback rsi=35,all,LONG,-0.0050444258716813,0.0007,-0.0057407952780136,SL
ETHUSDT,5m,2,pullback rsi=35,all,SHORT,-0.0061113637612872,0.0007,-0.0068069864177907,SL
ETHUSDT,5m,2,pullback rsi=35,all,LONG,-0.0030443438444047,0.0007,-0.0037421131081479,SL
ETHUSDT,5m,2,pullback rsi=35,all,LONG,-0.0032539767164804,0.0007,-0.0039515992581764,SL
ETHUSDT,5m,2,pullback rsi=35,all,LONG,0.0009334695071439,0.0007,0.0002329161718359,TIME
ETHUSDT,5m,2,pullback rsi=35,all,LONG,0.00606252906227,0.0004,0.0056601442931463,TP
ETHUSDT,5m,2,pullback rsi=35,all,LONG,-0.0030475376606584,0.0007,-0.0037453046890496,SL
ETHUSDT,5m,2,pullback rsi=35,all,LONG,-0.0041354404386508,0.0007,-0.0048324460438877,SL
ETHUSDT,5m,2,pullback rsi=35,all,SHORT,0.0051175803922227,0.0004,0.0047155735647692,TP
ETHUSDT,5m,2,pullback rsi=35,all,SHORT,0.0029223874706904,0.0004,0.0025212586325977,TP
ETHUSDT,5m,2,pullback rsi=35,all,LONG,-0.0026298282086016,0.0007,-0.0033278875918384,SL
ETHUSDT,5m,2,pullback rsi=35,all,SHORT,0.0033554363185286,0.0004,0.0029541342782186,TP
ETHUSDT,5m,2,pullback rsi=35,all,SHORT,0.0031432619384564,0.0004,0.0027420447594115,TP
ETHUSDT,5m,2,pullback rsi=35,all,LONG,-0.0030059087968779,0.0007,-0.0037037049613108,SL
ETHUSDT,5m,2,pullback rsi=35,all,LONG,-0.0032472684153367,0.0007,-0.0039448956521728,SL
ETHUSDT,5m,2,pullback rsi=35,all,LONG,0.0044999615049616,0.0004,0.0040982017003583,TP
ETHUSDT,5m,2,pullback rsi=35,all,LONG,-0.00198777453761,0.0007,-0.0026862832942111,SL
ETHUSDT,5m,2,pullback rsi=35,all,SHORT,-0.0030978948695275,0.0007,-0.0037956266529082,SL
ETHUSDT,5m,2,pullback rsi=35,all,LONG,-0.0026400869783449,0.0007,-0.0033381391814687,SL
ETHUSDT,5m,2,pullback rsi=35,all,LONG,0.0071146102530845,0.0004,0.0067118046935676,TP
ETHUSDT,5m,2,pullback rsi=35,all,LONG,0.0074109461609314,0.0004,0.007008022078905,TP
ETHUSDT,5m,2,pullback rsi=35,all,LONG,-0.0049898008671376,0.0007,-0.0056862085055107,SL
ETHUSDT,5m,2,pullback rsi=35,all,SHORT,0.0055802232762277,0.0004,0.0051780314101264,TP
ETHUSDT,5m,2,pullback rsi=35,all,LONG,-0.0020034123684769,0.0007,-0.0027019101801601,SL
ETHUSDT,5m,2,pullback rsi=35,all,SHORT,-0.0038060519133587,0.0007,-0.0045032880576245,SL
ETHUSDT,5m,2,pullback rsi=35,all,SHORT,0.0060054790036099,0.0004,0.0056031170522274,TP
ETHUSDT,5m,2,pullback rsi=35,all,SHORT,-0.002820916303434,0.0007,-0.0035188419441132,SL
ETHUSDT,5m,2,pullback rsi=35,all,LONG,-0.0025311473998011,0.0007,-0.0032292758497358,SL
ETHUSDT,5m,2,pullback rsi=35,all,SHORT,-0.003369881241434,0.0007,-0.0040674226615532,SL
ETHUSDT,5m,2,pullback rsi=35,all,LONG,-0.0030993200217564,0.0007,-0.0037970508076731,SL
ETHUSDT,5m,2,pullback rsi=35,all,LONG,-0.003272028462906,0.0007,-0.0039696383701847,SL
ETHUSDT,5m,2,pullback rsi=35,all,LONG,-0.0024211497034927,0.0007,-0.0031193551408151,SL
ETHUSDT,5m,2,pullback rsi=35,all,LONG,-0.0026432295305663,0.0007,-0.0033412795342177,SL
ETHUSDT,5m,2,pullback rsi=35,all,SHORT,-0.0026746131244707,0.0007,-0.0033726411627449,SL
ETHUSDT,5m,3,donchian n=20 vol=1.5,range,SHORT,-0.0018550881750834,0.0007,-0.0025536897988696,SL
ETHUSDT,5m,3,donchian n=20 vol=1.5,range,LONG,-0.00173168799852,0.0007,-0.0024303759900898,SL
ETHUSDT,5m,3,donchian n=20 vol=1.5,range,SHORT,0.0005950382134933,0.0007,-0.000105278253752,TIME
ETHUSDT,5m,3,donchian n=20 vol=1.5,range,LONG,0.0020925307625917,0.0004,0.0016917338339879,TP
ETHUSDT,5m,3,donchian n=20 vol=1.5,range,LONG,-0.0013642767014451,0.0007,-0.0020632218441816,SL
ETHUSDT,5m,3,donchian n=20 vol=1.5,range,LONG,-0.0016781098040686,0.0007,-0.0023768352950167,SL
ETHUSDT,5m,3,donchian n=20 vol=1.5,range,LONG,-0.0023956993732796,0.0007,-0.0030939226232882,SL
ETHUSDT,5m,3,donchian n=20 vol=1.5,range,LONG,-0.0022620117783275,0.0007,-0.0029603285962838,SL
ETHUSDT,5m,3,donchian n=20 vol=1.5,range,LONG,-0.0020185315069773,0.0007,-0.0027170187367755,SL
ETHUSDT,5m,3,donchian n=20 vol=1.5,range,SHORT,0.0026400042195551,0.0004,0.0022389883234674,TP
ETHUSDT,5m,3,donchian n=20 vol=1.5,range,LONG,0.0063859011823094,0.0004,0.0059833870772727,TP
ETHUSDT,5m,3,donchian n=20 vol=1.5,range,LONG,0.0085504953541575,0.0004,0.0081471154980357,TP
ETHUSDT,5m,3,donchian n=20 vol=1.5,range,SHORT,-0.0026108320963363,0.0007,-0.0033089047749521,SL
ETHUSDT,5m,3,donchian n=20 vol=1.5,range,SHORT,-0.0027318542794011,0.0007,-0.0034298422545908,SL
ETHUSDT,5m,3,donchian n=20 vol=1.5,range,SHORT,-0.0027083074382844,0.0007,-0.0034063118939082,SL
ETHUSDT,5m,3,donchian n=20 vol=1.5,range,SHORT,0.0053267506033633,0.0004,0.0049246601161923,TP
ETHUSDT,5m,3,donchian n=20 vol=1.5,range,LONG,-0.0038586947536672,0.0007,-0.0045558940532089,SL
ETHUSDT,5m,3,donchian n=20 vol=1.5,range,SHORT,-0.0050279506997628,0.0007,-0.0057243316370679,SL
ETHUSDT,5m,3,donchian n=20 vol=1.5,range,SHORT,-0.0023844601572756,0.0007,-0.0030826912736116,SL
ETHUSDT,5m,3,donchian n=20 vol=1.5,range,LONG,0.0057871567630342,0.0004,0.0053848821318154,TP
ETHUSDT,5m,3,donchian n=20 vol=1.5,range,LONG,0.0094299845753155,0.0004,0.0090262529586848,TP
ETHUSDT,5m,3,donchian n=20 vol=1.5,range,SHORT,0.0007509200875045,0.0007,5.049451853555986e-05,TIME
ETHUSDT,5m,3,donchian n=20 vol=1.5,range,SHORT,0.0028405622251186,0.0004,0.0024394661138511,TP
ETHUSDT,5m,3,donchian n=20 vol=1.5,range,SHORT,-0.0016280992131209,0.0007,-0.0023268597064814,SL
ETHUSDT,5m,3,donchian n=20 vol=1.5,range,LONG,-0.0013696631131408,0.0007,-0.0020686044859279,SL
ETHUSDT,5m,3,donchian n=20 vol=1.5,range,LONG,0.0027343389758402,0.0004,0.0023332853496234,TP
ETHUSDT,5m,3,donchian n=20 vol=1.5,range,LONG,0.0043161473913199,0.0004,0.003914461105009,TP
ETHUSDT,5m,3,donchian n=20 vol=1.5,range,LONG,-0.0037607541561411,0.0007,-0.0044580220043073,SL
ETHUSDT,5m,3,donchian n=20 vol=1.5,range,SHORT,0.0049027910982293,0.0004,0.0045008701779016,TP
ETHUSDT,5m,3,donchian n=20 vol=1.5,range,LONG,0.0048156941637273,0.0004,0.0044138080786897,TP
ETHUSDT,5m,3,donchian n=20 vol=1.5,range,LONG,0.0080870266015554,0.0004,0.0076838321143959,TP
ETHUSDT,5m,3,donchian n=20 vol=1.5,range,LONG,-0.0041345551076027,0.0007,-0.0048315613324828,SL
ETHUSDT,5m,3,donchian n=20 vol=1.5,range,SHORT,-0.0032284887856642,0.0007,-0.003926129166363,SL
ETHUSDT,5m,3,donchian n=20 vol=1.5,range,LONG,-0.0024607441393095,0.0007,-0.0031589218644862,SL
ETHUSDT,5m,3,donchian n=20 vol=1.5,range,LONG,0.0034784207678373,0.0004,0.003077069538667,TP
ETHUSDT,5m,3,donchian n=20 vol=1.5,range,LONG,-0.0020824271901937,0.0007,-0.0027808696994032,SL
ETHUSDT,5m,3,donchian n=20 vol=1.5,range,SHORT,-0.0021894352194886,0.0007,-0.0028878028337785,SL
ETHUSDT,5m,3,donchian n=20 vol=1.5,range,LONG,0.0038787326532151,0.0004,0.0034772213153033,TP
ETHUSDT,5m,3,donchian n=20 vol=1.5,range,SHORT,-0.0066468539708542,0.0007,-0.0073421018377599,SL
ETHUSDT,5m,3,donchian n=20 vol=1.5,range,SHORT,-0.007829688877889,0.0007,-0.0085241088786433,SL
ETHUSDT,5m,3,donchian n=20 vol=1.5,range,LONG,-0.0062716514634725,0.0007,-0.0069671619346131,SL
ETHUSDT,5m,3,donchian n=20 vol=1.5,range,SHORT,-0.0063487255169001,0.0007,-0.0070441820439107,SL
ETHUSDT,5m,3,donchian n=20 vol=1.5,range,SHORT,-0.0069833419755164,0.0007,-0.0076783543344677,SL
ETHUSDT,5m,3,donchian n=20 vol=1.5,range,LONG,0.0066782551553059,0.0004,0.006275624120374,TP
ETHUSDT,5m,3,donchian n=20 vol=1.5,range,LONG,0.0076130651831796,0.0004,0.0072100602616291,TP
ETHUSDT,5m,3,donchian n=20 vol=1.5,range,SHORT,-0.006408397735074,0.0007,-0.007103812497499,SL
ETHUSDT,5m,3,donchian n=20 vol=1.5,range,LONG,-0.0047158285663313,0.0007,-0.0054124279579176,SL
ETHUSDT,5m,3,donchian n=20 vol=1.5,range,SHORT,-0.0047190579564626,0.0007,-0.0054156550877988,SL
ETHUSDT,5m,3,donchian n=20 vol=1.5,range,SHORT,-0.0035949580524712,0.0007,-0.0042923419413303,SL
ETHUSDT,5m,3,donchian n=20 vol=1.5,range,LONG,-0.0046144412753052,0.0007,-0.0053111116278565,SL
ETHUSDT,5m,3,donchian n=20 vol=1.5,range,LONG,-0.0049578956700456,0.0007,-0.0056543256388661,SL
ETHUSDT,5m,3,donchian n=20 vol=1.5,range,SHORT,0.0077937263319472,0.0004,0.0073906491531634,TP
ETHUSDT,5m,3,donchian n=20 vol=1.5,range,LONG,0.00893978804887,0.0004,0.0085362524912422,TP
ETHUSDT,5m,3,donchian n=20 vol=1.5,range,SHORT,0.0126910570024565,0.0004,0.0122860210872979,TP
ETHUSDT,5m,3,donchian n=20 vol=1.5,range,SHORT,-0.0078753395710333,0.0007,-0.0085697276208674,SL
ETHUSDT,5m,3,donchian n=20 vol=1.5,range,LONG,-0.004748940744793,0.0007,-0.0054455169611656,SL
ETHUSDT,5m,3,donchian n=20 vol=1.5,range,SHORT,-0.0053101335879558,0.0007,-0.0060063170254576,SL
ETHUSDT,5m,3,donchian n=20 vol=1.5,range,SHORT,-0.0049962674834043,0.0007,-0.0056926705957925,SL
ETHUSDT,5m,3,donchian n=20 vol=1.5,range,SHORT,0.0061869409119692,0.0004,0.0057845063830821,TP
ETHUSDT,5m,3,donchian n=20 vol=1.5,range,LONG,-0.0030239464765975,0.0007,-0.0037217300164584,SL
ETHUSDT,5m,3,donchian n=20 vol=1.5,range,LONG,-0.003287360487498,0.0007,-0.0039849596638927,SL
ETHUSDT,5m,3,donchian n=20 vol=1.5,range,SHORT,-0.0039518068127429,0.0007,-0.0046489409431546,SL
ETHUSDT,5m,3,donchian n=20 vol=1.5,range,LONG,-0.0036757744323129,0.0007,-0.0043731017577877,SL
ETHUSDT,5m,3,donchian n=20 vol=1.5,range,SHORT,-0.0041033552474544,0.0007,-0.0048003833091166,SL
ETHUSDT,5m,3,donchian n=20 vol=1.5,range,LONG,0.0064937765240182,0.0004,0.0060912192731596,TP
ETHUSDT,5m,3,donchian n=20 vol=1.5,range,LONG,-0.0050783596045263,0.0007,-0.0057747052606391,SL
ETHUSDT,5m,3,donchian n=20 vol=1.5,range,SHORT,-0.0036280343965934,0.0007,-0.0043253951353191,SL
ETHUSDT,5m,3,donchian n=20 vol=1.5,range,SHORT,-0.0033377739056761,0.0007,-0.0040353377977194,SL
ETHUSDT,5m,3,donchian n=20 vol=1.5,range,LONG,-0.0049139495127484,0.0007,-0.0056104102394843,SL
ETHUSDT,5m,3,donchian n=20 vol=1.5,range,LONG,0.0105262169123284,0.0004,0.0101220468466121,TP
ETHUSDT,5m,4,pullback rsi=35,all,SHORT,-0.0002016695754523,0.0007,-0.0009014284269163,TIME
ETHUSDT,5m,4,pullback rsi=35,all,LONG,0.0038367046174283,0.0004,0.0034352100890495,TP
ETHUSDT,5m,4,pullback rsi=35,all,LONG,-0.0051028886610511,0.0007,-0.0057992171492772,SL
ETHUSDT,5m,4,pullback rsi=35,all,SHORT,-0.0044307200193231,0.0007,-0.0051275189583814,SL
ETHUSDT,5m,4,pullback rsi=35,all,SHORT,0.0088774529908325,0.0004,0.0084739423647346,TP
ETHUSDT,5m,4,pullback rsi=35,all,LONG,-0.0047890632108216,0.0007,-0.0054856113454803,SL
ETHUSDT,5m,4,pullback rsi=35,all,LONG,-0.0046346651456946,0.0007,-0.0053313213435591,SL
ETHUSDT,5m,4,pullback rsi=35,all,LONG,-0.0137435457254411,0.0007,-0.0144338266177878,SL
ETHUSDT,5m,4,pullback rsi=35,all,SHORT,-0.0063024094524604,0.0007,-0.0069978983960846,SL
ETHUSDT,5m,4,pullback rsi=35,all,SHORT,-0.001150681473049,0.0007,-0.0018497761110859,TIME
ETHUSDT,5m,4,pullback rsi=35,all,SHORT,0.0071161059980142,0.0004,0.0067132998402594,TP
ETHUSDT,5m,4,pullback rsi=35,all,LONG,-0.0044895669010804,0.0007,-0.0051863246532063,SL
ETHUSDT,5m,4,pullback rsi=35,all,LONG,-0.0086886144333088,0.0007,-0.0093824332720667,SL
ETHUSDT,5m,4,pullback rsi=35,all,SHORT,-0.0042766428703679,0.0007,-0.0049735496480228,SL
ETHUSDT,5m,4,pullback rsi=35,all,SHORT,0.0031154899478891,0.0004,0.0027142838765294,TP
ETHUSDT,5m,4,pullback rsi=35,all,LONG,-0.004926485773113,0.0007,-0.0056229377257203,SL
ETHUSDT,5m,4,pullback rsi=35,all,LONG,-0.0055359419114509,0.0007,-0.0062319673057069,SL
ETHUSDT,5m,4,pullback rsi=35,all,LONG,0.0030322850061822,0.0004,0.0026311122134712,TP
ETHUSDT,5m,4,pullback rsi=35,all,SHORT,0.0037853271321077,0.0004,0.0033838531526682,TP
ETHUSDT,5m,4,pullback rsi=35,all,LONG,-0.003438711024736,0.0007,-0.0041362042708896,SL
ETHUSDT,5m,4,pullback rsi=35,all,SHORT,-0.0045162444576866,0.0007,-0.0052129835381905,SL
ETHUSDT,5m,4,pullback rsi=35,all,LONG,-0.0031626476519826,0.0007,-0.0038603341148908,SL
ETHUSDT,5m,4,pullback rsi=35,all,SHORT,-0.0044486381253759,0.0007,-0.005145424523552,SL
ETHUSDT,5m,4,pullback rsi=35,all,SHORT,-0.000475077911401,0.0007,-0.0011746454043707,TIME
ETHUSDT,5m,5,donchian n=50 vol=1.5,range,LONG,-0.0036672896691828,0.0007,-0.0043646229331433,SL
ETHUSDT,5m,5,donchian n=50 vol=1.5,range,LONG,0.0013439014168684,0.0007,0.0006430608202667,TIME
ETHUSDT,5m,5,donchian n=50 vol=1.5,range,LONG,0.006556609932883,0.0004,0.0061540275511744,TP
ETHUSDT,5m,5,donchian n=50 vol=1.5,range,LONG,0.0097376781750919,0.0004,0.0093338234933291,TP
ETHUSDT,5m,5,donchian n=50 vol=1.5,range,SHORT,-0.0045176466483121,0.0007,-0.0052143847474228,SL
ETHUSDT,5m,5,donchian n=50 vol=1.5,range,LONG,0.0074737103636813,0.0004,0.0070707611784841,TP
ETHUSDT,5m,5,donchian n=50 vol=1.5,range,LONG,-0.0055019668465889,0.0007,-0.006198016019993,SL
ETHUSDT,5m,5,donchian n=50 vol=1.5,range,LONG,0.0069202556572964,0.0004,0.0065175278318438,TP
ETHUSDT,5m,5,donchian n=50 vol=1.5,range,SHORT,0.0081131988228719,0.0004,0.0077099938678708,TP
ETHUSDT,5m,5,donchian n=50 vol=1.5,range,SHORT,0.0115409001663863,0.0004,0.0111363242679558,TP
ETHUSDT,5m,5,donchian n=50 vol=1.5,range,SHORT,-0.0045547725336171,0.0007,-0.0052514846483208,SL
ETHUSDT,5m,5,donchian n=50 vol=1.5,range,LONG,-0.0033330011262824,0.0007,-0.0040305683587941,SL
ETHUSDT,5m,5,donchian n=50 vol=1.5,range,LONG,-0.002976698343319,0.0007,-0.0036745149521484,SL
ETHUSDT,5m,5,donchian n=50 vol=1.5,range,LONG,0.004938671254973,0.0004,0.0045367359840178,TP
ETHUSDT,5m,5,donchian n=50 vol=1.5,range,LONG,0.0079694174892035,0.0004,0.0075662700409846,TP
ETHUSDT,5m,5,donchian n=50 vol=1.5,range,SHORT,0.0110914358885984,0.0004,0.0106870397579006,TP
ETHUSDT,5m,5,donchian n=50 vol=1.5,range,SHORT,-0.008018921331243,0.0007,-0.0087132088882031,SL
ETHUSDT,5m,5,donchian n=50 vol=1.5,range,SHORT,-0.0016628806286146,0.0007,-0.0023616167784625,SL
ETHUSDT,5m,5,donchian n=50 vol=1.5,range,LONG,-0.0026424424939832,0.0007,-0.0033404930484817,SL
ETHUSDT,5m,5,donchian n=50 vol=1.5,range,LONG,-0.0019370393986455,0.0007,-0.0026355836647703,SL
ETHUSDT,5m,5,donchian n=50 vol=1.5,range,LONG,0.0033599425904479,0.0004,0.0029586387478095,TP
ETHUSDT,5m,5,donchian n=50 vol=1.5,range,SHORT,0.0044968633409132,0.0004,0.0040951047754516,TP
ETHUSDT,5m,5,donchian n=50 vol=1.5,range,SHORT,-0.0031511203673122,0.0007,-0.003848814898167,SL
ETHUSDT,5m,5,donchian n=50 vol=1.5,range,SHORT,-0.0030070594861282,0.0007,-0.0037048548451938,SL
ETHUSDT,5m,5,donchian n=50 vol=1.5,range,LONG,0.0050748694457553,0.0004,0.0046728797009718,TP
ETHUSDT,5m,5,donchian n=50 vol=1.5,range,LONG,-0.0035477641273028,0.0007,-0.00424518104719,SL
ETHUSDT,5m,6,donchian n=50 vol=1.5,range,SHORT,-0.0058339150764546,0.0007,-0.0065297319192926,SL
ETHUSDT,5m,6,donchian n=50 vol=1.5,range,SHORT,-0.0063122794419746,0.0007,-0.0070077614775931,SL
ETHUSDT,5m,6,donchian n=50 vol=1.5,range,SHORT,-0.008005532426142,0.0007,-0.0086998293539968,SL
ETHUSDT,5m,6,donchian n=50 vol=1.5,range,SHORT,0.0172153702820055,0.0004,0.0168085248225076,TP
ETHUSDT,5m,6,donchian n=50 vol=1.5,range,SHORT,0.0074127058142585,0.0004,0.007009781028441,TP
ETHUSDT,5m,6,donchian n=50 vol=1.5,range,SHORT,0.0105069337481101,0.0004,0.0101027713948882,TP
ETHUSDT,5m,6,donchian n=50 vol=1.5,range,LONG,-0.0026040656386217,0.0007,-0.0033021430530811,SL
ETHUSDT,5m,6,donchian n=50 vol=1.5,range,SHORT,0.0060715296360417,0.0004,0.0056691412670484,TP
ETHUSDT,5m,6,donchian n=50 vol=1.5,range,LONG,-0.0021872787649005,0.0007,-0.0028856478884929,SL
ETHUSDT,5m,6,donchian n=50 vol=1.5,range,LONG,0.0046459801847768,0.0004,0.0042441619785422,TP
ETHUSDT,5m,6,donchian n=50 vol=1.5,range,SHORT,0.0038909565363931,0.0004,0.003489440309417,TP
ETHUSDT,5m,6,donchian n=50 vol=1.5,range,SHORT,0.0059522315810855,0.0004,0.0055498909265425,TP
ETHUSDT,5m,6,donchian n=50 vol=1.5,range,SHORT,0.0074732491696727,0.0004,0.0070703001689349,TP
ETHUSDT,5m,6,donchian n=50 vol=1.5,range,SHORT,0.0187657414061873,0.0004,0.0183582758602547,TP
ETHUSDT,5m,6,donchian n=50 vol=1.5,range,SHORT,-0.0077785108199886,0.0007,-0.0084729666402657,SL
ETHUSDT,5m,6,donchian n=50 vol=1.5,range,SHORT,0.011438311208348,0.0004,0.0110337763413972,TP
ETHUSDT,5m,6,donchian n=50 vol=1.5,range,LONG,-0.0061526264634683,0.0007,-0.0068482202402065,SL
ETHUSDT,5m,6,donchian n=50 vol=1.5,range,LONG,0.0053471390608964,0.0004,0.0049450404191577,TP
ETHUSDT,5m,6,donchian n=50 vol=1.5,range,SHORT,0.0059000619315319,0.0004,0.0054977421427619,TP
ETHUSDT,5m,6,donchian n=50 vol=1.5,range,SHORT,0.0121453183693193,0.0004,0.0117405007277846,TP
ETHUSDT,5m,6,donchian n=50 vol=1.5,range,LONG,-0.0032185834417206,0.0007,-0.0039162307551696,SL
ETHUSDT,5m,6,donchian n=50 vol=1.5,range,SHORT,-0.0031731154619519,0.0007,-0.00387079459844,SL
ETHUSDT,5m,6,donchian n=50 vol=1.5,range,SHORT,-0.0038768580578608,0.0007,-0.004574044644906,SL
ETHUSDT,5m,6,donchian n=50 vol=1.5,range,LONG,-0.0021601688290669,0.0007,-0.0028585569269033,SL
ETHUSDT,5m,7,donchian n=50 vol=1.5,range,SHORT,0.0028096073747246,0.0004,0.0024085236441591,TP
ETHUSDT,5m,7,donchian n=50 vol=1.5,range,SHORT,-0.0026528307883072,0.0007,-0.0033508740720383,SL
ETHUSDT,5m,7,donchian n=50 vol=1.5,range,SHORT,-0.0040670843364033,0.0007,-0.0047641377840762,SL
ETHUSDT,5m,7,donchian n=50 vol=1.5,range,LONG,-0.0022245133182895,0.0007,-0.0029228563814179,SL
ETHUSDT,5m,7,donchian n=50 vol=1.5,range,LONG,-0.0017916736115854,0.0007,-0.0024903196192245,SL
ETHUSDT,5m,7,donchian n=50 vol=1.5,range,SHORT,0.0049738695205978,0.0004,0.0045719201717444,TP
ETHUSDT,5m,7,donchian n=50 vol=1.5,range,SHORT,0.0081141158232846,0.0004,0.00771091050152,TP
ETHUSDT,5m,7,donchian n=50 vol=1.5,range,LONG,-0.0008786083253772,0.0007,-0.0015778933874102,SL
ETHUSDT,5m,7,donchian n=50 vol=1.5,range,SHORT,-0.001477135562563,0.0007,-0.0021760017153827,SL
ETHUSDT,5m,7,donchian n=50 vol=1.5,range,SHORT,-0.0012686671091401,0.0007,-0.0019676791690304,SL
ETHUSDT,5m,7,donchian n=50 vol=1.5,range,LONG,0.0014079088602799,0.0004,0.0010073857530521,TP
ETHUSDT,5m,7,donchian n=50 vol=1.5,range,LONG,-0.0015282592225427,0.0007,-0.0022270895939128,SL
ETHUSDT,5m,7,donchian n=50 vol=1.5,range,SHORT,0.0021444295049974,0.0004,0.0017436118189726,TP
ETHUSDT,5m,7,donchian n=50 vol=1.5,range,SHORT,-0.0021311673897905,0.0007,-0.0028295757857343,SL
ETHUSDT,5m,7,donchian n=50 vol=1.5,range,LONG,-0.0018833440573015,0.0007,-0.0025819259047957,SL
ETHUSDT,5m,7,donchian n=50 vol=1.5,range,LONG,-0.0030252017685522,0.0007,-0.0037229844298343,SL
ETHUSDT,5m,7,donchian n=50 vol=1.5,range,LONG,0.0074984278865853,0.0004,0.0070954688153681,TP
ETHUSDT,5m,7,donchian n=50 vol=1.5,range,SHORT,-0.0021228615138679,0.0007,-0.0028212757230942,SL
ETHUSDT,5m,7,donchian n=50 vol=1.5,range,LONG,-0.0028101040879889,0.0007,-0.0035080372961378,SL
ETHUSDT,5m,7,donchian n=50 vol=1.5,range,LONG,0.0049309598918395,0.0004,0.0045290277051215,TP
ETHUSDT,5m,7,donchian n=50 vol=1.5,range,LONG,-0.002310451116461,0.0007,-0.0030087340317245,SL
ETHUSDT,5m,7,donchian n=50 vol=1.5,range,LONG,-0.0050550692715433,0.0007,-0.00575143122856,SL
ETHUSDT,5m,7,donchian n=50 vol=1.5,range,LONG,-0.002390393745616,0.0007,-0.0030886207090334,SL
ETHUSDT,5m,7,donchian n=50 vol=1.5,range,SHORT,-0.001607788629207,0.0007,-0.0023065633379453,SL
ETHUSDT,5m,7,donchian n=50 vol=1.5,range,LONG,0.0028674487945087,0.0004,0.002466341929689,TP
ETHUSDT,5m,7,donchian n=50 vol=1.5,range,LONG,-0.0019438617097932,0.0007,-0.0026424012009824,SL
ETHUSDT,5m,7,donchian n=50 vol=1.5,range,LONG,-0.0015184834958017,0.0007,-0.0022173207092029,SL
ETHUSDT,5m,7,donchian n=50 vol=1.5,range,SHORT,-0.0014287320938578,0.0007,-0.0021276321242652,SL
ETHUSDT,5m,7,donchian n=50 vol=1.5,range,LONG,-0.0010239063780781,0.0007,-0.0017230897460041,SL
ETHUSDT,5m,7,donchian n=50 vol=1.5,range,LONG,-0.0010311413234486,0.0007,-0.0017303196276362,SL
ETHUSDT,5m,7,donchian n=50 vol=1.5,range,SHORT,-0.0012755573664644,0.0007,-0.0019745646038635,SL
ETHUSDT,5m,7,donchian n=50 vol=1.5,range,LONG,-0.0014420370718095,0.0007,-0.0021409277900629,SL
ETHUSDT,5m,7,donchian n=50 vol=1.5,range,LONG,-0.0019799740655435,0.0007,-0.0026784882816949,SL
ETHUSDT,5m,7,donchian n=50 vol=1.5,range,LONG,-0.0007908789347603,0.0007,-0.0014902253985938,SL
ETHUSDT,5m,7,donchian n=50 vol=1.5,range,LONG,0.0004334088762376,0.0007,-0.0002667944666348,TIME
ETHUSDT,5m,7,donchian n=50 vol=1.5,range,LONG,0.0019115550339998,0.0004,0.0015108304884483,TP
ETHUSDT,5m,7,donchian n=50 vol=1.5,range,LONG,0.0029802259763949,0.0004,0.0025790740052136,TP
ETHUSDT,5m,7,donchian n=50 vol=1.5,range,SHORT,-0.00240373202964,0.0007,-0.0031019496575924,SL
ETHUSDT,5m,7,donchian n=50 vol=1.5,range,SHORT,-0.0027581554751084,0.0007,-0.0034561250420912,SL
ETHUSDT,5m,7,donchian n=50 vol=1.5,range,LONG,-0.0045193528343154,0.0007,-0.0052160897392666,SL
ETHUSDT,5m,7,donchian n=50 vol=1.5,range,LONG,0.0082404801752849,0.0004,0.0078372243128341,TP
ETHUSDT,5m,7,donchian n=50 vol=1.5,range,SHORT,-0.0038459765719306,0.0007,-0.0045431847729279,SL
ETHUSDT,5m,7,donchian n=50 vol=1.5,range,LONG,-0.0051963845727328,0.0007,-0.0058926476231703,SL
ETHUSDT,5m,7,donchian n=50 vol=1.5,range,SHORT,-0.0029912012418398,0.0007,-0.0036890077000906,SL
ETHUSDT,5m,7,donchian n=50 vol=1.5,range,LONG,0.0049190037341912,0.0004,0.0045170763294577,TP
ETHUSDT,5m,7,donchian n=50 vol=1.5,range,LONG,-0.0025995951522519,0.0007,-0.0032976756956047,SL
ETHUSDT,5m,7,donchian n=50 vol=1.5,range,LONG,-0.0026164926886304,0.0007,-0.0033145614053976,SL
ETHUSDT,5m,7,donchian n=50 vol=1.5,range,LONG,-0.0025798601859171,0.0007,-0.0032779545417729,SL
ETHUSDT,5m,7,donchian n=50 vol=1.5,range,LONG,-0.0016812065032062,0.0007,-0.0023799298267744,SL
ETHUSDT,5m,7,donchian n=50 vol=1.5,range,SHORT,-0.001169156599844,0.0007,-0.0018682383071396,SL
ETHUSDT,5m,7,donchian n=50 vol=1.5,range,LONG,-0.0027881397986414,0.0007,-0.0034860883795962,SL
ETHUSDT,5m,7,donchian n=50 vol=1.5,range,SHORT,-0.0020457288536827,0.0007,-0.0027441970480579,SL
ETHUSDT,5m,7,donchian n=50 vol=1.5,range,LONG,-0.0056599814205595,0.0007,-0.0063559199995631,SL
ETHUSDT,5m,7,donchian n=50 vol=1.5,range,LONG,-0.0029510587721526,0.0007,-0.0036488933261179,SL
ETHUSDT,5m,7,donchian n=50 vol=1.5,range,SHORT,-0.0026023454400111,0.0007,-0.0033004240584375,SL
ETHUSDT,5m,7,donchian n=50 vol=1.5,range,SHORT,-0.0031889461260331,0.0007,-0.0038866141826394,SL
ETHUSDT,5m,7,donchian n=50 vol=1.5,range,SHORT,0.0048046029621947,0.0004,0.0044027213131938,TP
ETHUSDT,5m,7,donchian n=50 vol=1.5,range,SHORT,0.0077303275356217,0.0004,0.0073272757138205,TP
ETHUSDT,5m,8,donchian n=50 vol=1.5,range,LONG,0.0009305295389049,0.0007,0.0002299782612809,TIME
ETHUSDT,5m,8,donchian n=50 vol=1.5,range,SHORT,0.0064656255986742,0.0004,0.0060630796070597,TP
ETHUSDT,5m,8,donchian n=50 vol=1.5,range,LONG,-0.0027310006258857,0.0007,-0.0034289891985476,SL
ETHUSDT,5m,8,donchian n=50 vol=1.5,range,LONG,0.0060726710632247,0.0004,0.0056702822377066,TP
ETHUSDT,5m,8,donchian n=50 vol=1.5,range,LONG,-0.0041198756072367,0.0007,-0.0048168921062992,SL
ETHUSDT,5m,8,donchian n=50 vol=1.5,range,SHORT,-0.0042606579673984,0.0007,-0.0049575759328869,SL
ETHUSDT,5m,8,donchian n=50 vol=1.5,range,SHORT,-0.0020671453786461,0.0007,-0.0027655985835955,SL
ETHUSDT,5m,8,donchian n=50 vol=1.5,range,LONG,0.0025508388416974,0.0004,0.0021498586081944,TP
ETHUSDT,5m,8,donchian n=50 vol=1.5,range,LONG,-0.0019702951410837,0.0007,-0.0026688161315144,SL
ETHUSDT,5m,8,donchian n=50 vol=1.5,range,LONG,0.0035685657478585,0.0004,0.0031671784643021,TP
ETHUSDT,5m,8,donchian n=50 vol=1.5,range,LONG,-0.0030731809214524,0.0007,-0.0037709300021253,SL
ETHUSDT,5m,8,donchian n=50 vol=1.5,range,LONG,-0.0014965095576335,0.0007,-0.0021953621505941,SL
ETHUSDT,5m,8,donchian n=50 vol=1.5,range,SHORT,-0.0025732730637255,0.0007,-0.0032713720299082,SL
ETHUSDT,5m,8,donchian n=50 vol=1.5,range,SHORT,-0.0031594958775328,0.0007,-0.003857184546368,SL
ETHUSDT,5m,8,donchian n=50 vol=1.5,range,SHORT,-0.0028291267411073,0.0007,-0.0035270466353011,SL
ETHUSDT,5m,8,donchian n=50 vol=1.5,range,SHORT,-0.0047212915329711,0.0007,-0.0054178871010271,SL
ETHUSDT,5m,8,donchian n=50 vol=1.5,range,LONG,0.0073387569377871,0.0004,0.0069358617285624,TP
ETHUSDT,5m,8,donchian n=50 vol=1.5,range,SHORT,0.0043439003802358,0.0007,0.0036409600843598,TIME
ETHUSDT,5m,8,donchian n=50 vol=1.5,range,LONG,-0.0072320157429905,0.0007,-0.0079268540551719,SL
ETHUSDT,5m,8,donchian n=50 vol=1.5,range,LONG,-0.0046032448690542,0.0007,-0.0052999230579703,SL
ETHUSDT,5m,8,donchian n=50 vol=1.5,range,SHORT,-0.0056403707726757,0.0007,-0.0063363230771719,SL
ETHUSDT,5m,8,donchian n=50 vol=1.5,range,SHORT,-0.0051612504679211,0.0007,-0.0058575381087185,SL
ETHUSDT,5m,8,donchian n=50 vol=1.5,range,LONG,0.0181532946720813,0.0004,0.0177460740803443,TP
ETHUSDT,5m,8,donchian n=50 vol=1.5,range,SHORT,-0.0052531734690866,0.0007,-0.0059493967729755,SL
ETHUSDT,5m,8,donchian n=50 vol=1.5,range,SHORT,-0.0085093315971889,0.0007,-0.0092032759160041,SL
ETHUSDT,5m,8,donchian n=50 vol=1.5,range,LONG,-0.0097581993726441,0.0007,-0.0104512696089033,SL
ETHUSDT,5m,8,donchian n=50 vol=1.5,range,LONG,-0.0052529643334427,0.0007,-0.0059491877837055,SL
ETHUSDT,5m,8,donchian n=50 vol=1.5,range,SHORT,-0.0062308254511686,0.0007,-0.0069263644964352,SL
ETHUSDT,5m,8,donchian n=50 vol=1.5,range,LONG,0.0095538976981899,0.0004,0.0091501165212666,TP
ETHUSDT,5m,8,donchian n=50 vol=1.5,range,LONG,0.0138564977535492,0.0004,0.0134509957087076,TP
ETHUSDT,5m,8,donchian n=50 vol=1.5,range,SHORT,-0.0040424162016301,0.0007,-0.0047394869145305,SL
ETHUSDT,5m,8,donchian n=50 vol=1.5,range,SHORT,0.0132254521640342,0.0004,0.0128202025121866,TP
ETHUSDT,5m,8,donchian n=50 vol=1.5,range,LONG,-0.0057073978914614,0.0007,-0.0064033032836771,SL
ETHUSDT,5m,8,donchian n=50 vol=1.5,range,LONG,-0.0053626995130826,0.0007,-0.0060588461596933,SL
ETHUSDT,5m,8,donchian n=50 vol=1.5,range,LONG,-0.0065983744829937,0.0007,-0.007293656280693,SL
ETHUSDT,5m,8,donchian n=50 vol=1.5,range,LONG,-0.0032672231166222,0.0007,-0.0039648363871629,SL
ETHUSDT,5m,8,donchian n=50 vol=1.5,range,LONG,0.0082610121609093,0.0004,0.0078577480864854,TP
ETHUSDT,5m,8,donchian n=50 vol=1.5,range,LONG,-0.0058101123043227,0.0007,-0.006505945806721,SL
ETHUSDT,5m,8,donchian n=50 vol=1.5,range,LONG,0.0052556094814475,0.0004,0.0048535474478794,TP
ETHUSDT,5m,8,donchian n=50 vol=1.5,range,LONG,-0.0039813016518691,0.0007,-0.0046784151388429,SL
ETHUSDT,5m,8,donchian n=50 vol=1.5,range,LONG,-0.0039851819266582,0.0007,-0.0046822926978277,SL
ETHUSDT,5m,8,donchian n=50 vol=1.5,range,LONG,-0.001225562884994,0.0007,-0.0019246051135307,SL
ETHUSDT,5m,8,donchian n=50 vol=1.5,range,LONG,0.0025125986385472,0.0004,0.0021116336995958,TP
ETHUSDT,5m,8,donchian n=50 vol=1.5,range,LONG,-0.0022198739064253,0.0007,-0.0029182202166782,SL
ETHUSDT,5m,8,donchian n=50 vol=1.5,range,LONG,-0.002957041356775,0.0007,-0.0036548717235294,SL
ETHUSDT,5m,8,donchian n=50 vol=1.5,range,SHORT,0.0025315562479774,0.0004,0.0021305837267406,TP
ETHUSDT,5m,8,donchian n=50 vol=1.5,range,SHORT,0.0087441051567495,0.0004,0.0083406478644512,TP
ETHUSDT,5m,9,pullback rsi=40,range,SHORT,0.003549195119035,0.0007,0.0028468110373711,TP
ETHUSDT,5m,9,pullback rsi=40,range,LONG,-0.0019529660760662,0.001,-0.0029507635982317,SL
ETHUSDT,5m,9,pullback rsi=40,range,SHORT,-0.0021513482464374,0.001,-0.0031489474360278,SL
ETHUSDT,5m,9,pullback rsi=40,range,LONG,0.0045768589005566,0.0007,0.003873755557012,TP
ETHUSDT,5m,9,pullback rsi=40,range,SHORT,-0.0056389335059196,0.001,-0.0066330459821469,SL
ETHUSDT,5m,9,pullback rsi=40,range,SHORT,0.0026380257260891,0.0007,0.0019362793718835,TP
ETHUSDT,5m,9,pullback rsi=40,range,LONG,-0.0040028540067776,0.001,-0.0049986021534842,SL
ETHUSDT,5m,9,pullback rsi=40,range,SHORT,0.0036869546989442,0.0007,0.0029844741993505,TP
ETHUSDT,5m,9,pullback rsi=40,range,SHORT,-0.0050341233363758,0.001,-0.0060288404715701,SL
ETHUSDT,5m,9,pullback rsi=40,range,LONG,-0.0013539076754627,0.001,-0.002352304106264,SL
ETHUSDT,5m,9,pullback rsi=40,range,LONG,-0.0016141796841629,0.001,-0.0026123159080235,SL
ETHUSDT,5m,9,pullback rsi=40,range,SHORT,0.004472035339331,0.0007,0.0037690053617971,TP
ETHUSDT,5m,9,pullback rsi=40,range,LONG,-0.003545302545526,0.001,-0.004541508129306,SL
ETHUSDT,5m,9,pullback rsi=40,range,LONG,0.0024320933721266,0.0007,0.0017304911499755,TP
ETHUSDT,5m,9,pullback rsi=40,range,LONG,0.0019165821530449,0.0007,0.0012153407371962,TP
ETHUSDT,5m,9,pullback rsi=40,range,SHORT,0.0031470987514334,0.0007,0.0024449960970174,TP
ETHUSDT,5m,9,pullback rsi=40,range,SHORT,0.0028685865465939,0.0007,0.00216667882287,TP
ETHUSDT,5m,9,pullback rsi=40,range,LONG,-0.0001443428497074,0.001,-0.0011439485429433,TIME
ETHUSDT,5m,9,pullback rsi=40,range,LONG,-0.0018122155806879,0.001,-0.002810153818161,SL
ETHUSDT,5m,10,pullback rsi=40,range,LONG,-0.0012802174623793,0.0007,-0.0019792214381773,SL
ETHUSDT,5m,10,pullback rsi=40,range,SHORT,-0.0039362773062489,0.0007,-0.0046334223057621,SL
ETHUSDT,5m,10,pullback rsi=40,range,LONG,-0.0021874002623394,0.0007,-0.0028857693008956,SL
ETHUSDT,5m,10,pullback rsi=40,range,LONG,-0.002323668228595,0.0007,-0.0030219418932017,SL
ETHUSDT,5m,10,pullback rsi=40,range,LONG,-0.0033866091192757,0.0007,-0.0040841388315531,SL
ETHUSDT,5m,10,pullback rsi=40,range,LONG,-0.0016274056821781,0.0007,-0.0023261666609409,SL
ETHUSDT,5m,10,pullback rsi=40,range,LONG,-0.001842187594757,0.0007,-0.0025407982476594,SL
ETHUSDT,5m,10,pullback rsi=40,range,LONG,-0.0015394339964336,0.0007,-0.0022382565465794,SL
ETHUSDT,5m,10,pullback rsi=40,range,LONG,-0.0019990265004063,0.0007,-0.0026975273817586,SL
ETHUSDT,5m,10,pullback rsi=40,range,LONG,0.0031942277755993,0.0004,0.0027929902122583,TP
ETHUSDT,5m,10,pullback rsi=40,range,SHORT,-0.0019117206106631,0.0007,-0.0026102825974076,SL
ETHUSDT,5m,10,pullback rsi=40,range,LONG,0.0056524668321996,0.0004,0.0052502460715655,TP
ETHUSDT,5m,10,pullback rsi=40,range,LONG,-0.0047986119917667,0.0007,-0.0054951534432335,SL
ETHUSDT,5m,10,pullback rsi=40,range,LONG,0.0035861487480834,0.0004,0.0031847544320302,TP
ETHUSDT,5m,10,pullback rsi=40,range,LONG,-0.0012843176692581,0.0007,-0.0019833187753213,SL
ETHUSDT,5m,10,pullback rsi=40,range,LONG,-0.001292055575552,0.0007,-0.0019910512658546,SL
ETHUSDT,5m,10,pullback rsi=40,range,SHORT,-0.0018280813073688,0.0007,-0.0025267018332617,SL
ETHUSDT,5m,10,pullback rsi=40,range,SHORT,0.0043688693800389,0.0004,0.0039671620070418,TP
ETHUSDT,5m,10,pullback rsi=40,range,SHORT,-0.001819887494912,0.0007,-0.0025185137556542,SL
ETHUSDT,5m,10,pullback rsi=40,range,SHORT,-0.0052245643322805,0.0007,-0.0059208076597043,SL
ETHUSDT,5m,10,pullback rsi=40,range,LONG,-0.0018176267095264,0.0007,-0.0025162545525923,SL
ETHUSDT,5m,10,pullback rsi=40,range,LONG,-0.0029626473097155,0.0007,-0.0036604737528634,SL
ETHUSDT,5m,10,pullback rsi=40,range,LONG,0.0010437262015845,0.0007,0.000343095697616,TIME
ETHUSDT,5m,10,pullback rsi=40,range,SHORT,-0.0021018754875813,0.0007,-0.0028003043849275,SL
ETHUSDT,5m,10,pullback rsi=40,range,SHORT,0.0028885095018747,0.0007,0.0021865878340745,TIME
ETHUSDT,5m,10,pullback rsi=40,range,SHORT,0.0057377325779779,0.0004,0.005335477714456,TP
ETHUSDT,5m,11,pullback rsi=40,range,LONG,-0.0030821181133554,0.0007,-0.0037798609388878,SL
ETHUSDT,5m,11,pullback rsi=40,range,SHORT,-0.0029993297597789,0.0007,-0.0036971305288799,SL
ETHUSDT,5m,11,pullback rsi=40,range,SHORT,-0.0035449446865054,0.0007,-0.0042423635797192,SL
ETHUSDT,5m,11,pullback rsi=40,range,SHORT,-0.0022504653488132,0.0007,-0.0029487902481154,SL
ETHUSDT,5m,11,pullback rsi=40,range,LONG,-0.0014920497926376,0.0007,-0.0021909055069876,SL
ETHUSDT,5m,11,pullback rsi=40,range,LONG,0.0029348781409054,0.0004,0.0025337443070443,TP
ETHUSDT,5m,11,pullback rsi=40,range,SHORT,0.0048380111289398,0.0004,0.0044361161180086,TP
ETHUSDT,5m,11,pullback rsi=40,range,LONG,-0.0023672823158387,0.0007,-0.0030655254549457,SL
ETHUSDT,5m,11,pullback rsi=40,range,LONG,-0.0033380789969531,0.0007,-0.004035642675463,SL
ETHUSDT,5m,11,pullback rsi=40,range,LONG,-0.0022461339921115,0.0007,-0.0029444619229304,SL
ETHUSDT,5m,11,pullback rsi=40,range,LONG,-0.0023368332441882,0.0007,-0.0030350976946006,SL
ETHUSDT,5m,11,pullback rsi=40,range,SHORT,-0.0043964141823524,0.0007,-0.0050932371320662,SL
ETHUSDT,5m,11,pullback rsi=40,range,LONG,-0.0024498445496005,0.0007,-0.0031480299034003,SL
ETHUSDT,5m,11,pullback rsi=40,range,LONG,0.0028428747923479,0.0007,0.0021409850642808,TIME
ETHUSDT,5m,11,pullback rsi=40,range,SHORT,0.0035225280170779,0.0004,0.0031211591467721,TP
ETHUSDT,5m,11,pullback rsi=40,range,LONG,-0.0030938790066934,0.0007,-0.0037916136007765,SL
ETHUSDT,5m,11,pullback rsi=40,range,LONG,-0.0021003338655197,0.0007,-0.0027987638418471,SL
ETHUSDT,5m,11,pullback rsi=40,range,LONG,-0.0034757790341503,0.0007,-0.0041732463364043,SL
SOLUSDT,5m,1,breakout n=20,range,SHORT,0.0062798376288383,0.0004,0.0058773659449804,TP
SOLUSDT,5m,1,breakout n=20,range,SHORT,0.0064948218442766,0.0004,0.0060922641753318,TP
SOLUSDT,5m,1,breakout n=20,range,LONG,-0.00903528959125,0.0007,-0.0097288657920651,SL
SOLUSDT,5m,1,breakout n=20,range,LONG,0.0104662781708191,0.0004,0.0100621320782019,TP
SOLUSDT,5m,1,breakout n=20,range,LONG,-0.0081077641653903,0.0007,-0.0088019895412507,TIME
SOLUSDT,5m,1,breakout n=20,range,SHORT,0.0047189191455784,0.0004,0.0043170717666771,TP
SOLUSDT,5m,1,breakout n=20,range,SHORT,0.0084098783539722,0.0004,0.008006554739026,TP
SOLUSDT,5m,1,breakout n=20,range,SHORT,-0.0050543831048799,0.0007,-0.0057507455421447,SL
SOLUSDT,5m,1,breakout n=20,range,SHORT,-0.0052461711968412,0.0007,-0.0059423994016204,SL
SOLUSDT,5m,1,breakout n=20,range,SHORT,0.0056632553129216,0.0004,0.0052610302373268,TP
SOLUSDT,5m,1,breakout n=20,range,SHORT,-0.0066905971152363,0.0007,-0.0073858143663153,SL
SOLUSDT,5m,1,breakout n=20,range,LONG,-0.0069962798070889,0.0007,-0.0076912831108518,SL
SOLUSDT,5m,1,breakout n=20,range,LONG,-0.0009059603987068,0.0007,-0.0016052263170236,TIME
SOLUSDT,5m,1,breakout n=20,range,LONG,-0.0034018151874051,0.0007,-0.0040993342569554,SL
SOLUSDT,5m,1,breakout n=20,range,SHORT,0.0045134796388985,0.0004,0.0041117144275821,TP
SOLUSDT,5m,1,breakout n=20,range,SHORT,-0.0032143035516094,0.0007,-0.0039119538605535,TIME
SOLUSDT,5m,1,breakout n=20,range,LONG,-0.0065133176343621,0.0007,-0.0072086589633497,SL
SOLUSDT,5m,2,breakout n=20,range,LONG,0.0045011688883134,0.0004,0.0040994086008048,TP
SOLUSDT,5m,2,breakout n=20,range,LONG,-0.0098107491425832,0.0007,-0.0105037825992583,SL
SOLUSDT,5m,2,breakout n=20,range,SHORT,0.0044838354854138,0.0007,0.0037807972489576,TIME
SOLUSDT,5m,2,breakout n=20,range,SHORT,-0.0072340407673673,0.0007,-0.0079288776622341,SL
SOLUSDT,5m,2,breakout n=20,range,SHORT,-0.0066531086404013,0.0007,-0.0073483521296636,SL
SOLUSDT,5m,2,breakout n=20,range,SHORT,-0.0070152047190939,0.0007,-0.0077101947773108,SL
SOLUSDT,5m,2,breakout n=20,range,LONG,-0.0077103140568638,0.0007,-0.0084048176080554,SL
SOLUSDT,5m,2,breakout n=20,range,SHORT,-0.0082093501278618,0.0007,-0.0089035044037072,SL
SOLUSDT,5m,2,breakout n=20,range,LONG,0.0074333181120421,0.0004,0.00703038508213,TP
SOLUSDT,5m,2,breakout n=20,range,LONG,-0.0084549638713729,0.0007,-0.0091489462421592,SL
SOLUSDT,5m,2,breakout n=20,range,SHORT,-0.0082215609531021,0.0007,-0.008915706682591,SL
SOLUSDT,5m,2,breakout n=20,range,SHORT,-0.0073109070249575,0.0007,-0.0080056901211308,SL
SOLUSDT,5m,2,breakout n=20,range,LONG,-0.0074869613887569,0.0007,-0.0081816212644808,SL
SOLUSDT,5m,2,breakout n=20,range,LONG,-0.0058899781286677,0.0007,-0.0065857557329754,SL
SOLUSDT,5m,2,breakout n=20,range,SHORT,0.007459181807846,0.0004,0.0070562384334902,TP
SOLUSDT,5m,2,breakout n=20,range,SHORT,0.0050087102005258,0.0004,0.004606746916794,TP
SOLUSDT,5m,2,breakout n=20,range,SHORT,-0.0065138472670263,0.0007,-0.0072091882253241,SL
SOLUSDT,5m,2,breakout n=20,range,LONG,-0.0020308824378137,0.0007,-0.0027293610231955,TIME
SOLUSDT,5m,2,breakout n=20,range,LONG,-0.0060624388202462,0.0007,-0.0067580957193158,SL
SOLUSDT,5m,2,breakout n=20,range,LONG,0.0050042047831036,0.0004,0.0046022433013586,TP
SOLUSDT,5m,2,breakout n=20,range,LONG,-0.006170782032098,0.0007,-0.0068663631017537,SL
SOLUSDT,5m,2,breakout n=20,range,SHORT,-0.0042423843061266,0.0007,-0.0049393150613507,SL
SOLUSDT,5m,2,breakout n=20,range,LONG,0.0043039254574543,0.0004,0.0039022440594285,TP
SOLUSDT,5m,2,breakout n=20,range,SHORT,0.0056477750978352,0.0004,0.0052455562137072,TP
SOLUSDT,5m,2,breakout n=20,range,SHORT,-0.0013698395721925,0.0007,-0.0020687808214757,TIME
SOLUSDT,5m,2,breakout n=20,range,LONG,0.0049050472571629,0.0004,0.004503125434462,TP
SOLUSDT,5m,2,breakout n=20,range,LONG,0.0046387155486218,0.0007,0.0039355689116093,TIME
SOLUSDT,5m,2,breakout n=20,range,LONG,0.0045793988927574,0.0004,0.0041776073163763,TP
SOLUSDT,5m,2,breakout n=20,range,LONG,0.0054658547222864,0.0004,0.0050637085990319,TP
SOLUSDT,5m,2,breakout n=20,range,SHORT,-0.0053589690347303,0.0007,-0.0060551182923028,SL
SOLUSDT,5m,2,breakout n=20,range,SHORT,-0.0058875778739174,0.0007,-0.0065833571581632,SL
SOLUSDT,5m,2,breakout n=20,range,LONG,-0.0037356266846362,0.0007,-0.0044329121195195,TIME
SOLUSDT,5m,2,breakout n=20,range,SHORT,0.0051004358882724,0.0004,0.0046984359179347,TP
SOLUSDT,5m,2,breakout n=20,range,SHORT,0.0067474241362457,0.0004,0.0063447654364883,TP
SOLUSDT,5m,2,breakout n=20,range,SHORT,0.0079359875092782,0.0004,0.007532853431714,TP
SOLUSDT,5m,2,breakout n=20,range,LONG,-0.0080501132980059,0.0007,-0.0087443790237085,SL
SOLUSDT,5m,2,breakout n=20,range,SHORT,0.0073802231390005,0.0004,0.0069773113449538,TP
SOLUSDT,5m,2,breakout n=20,range,LONG,0.0043955951472198,0.0004,0.0039938770849849,TP
SOLUSDT,5m,2,breakout n=20,range,LONG,0.0034451249906175,0.0004,0.0030437870784263,TP
SOLUSDT,5m,2,breakout n=20,range,LONG,0.0036640812197803,0.0004,0.0032626557338557,TP
SOLUSDT,5m,3,donchian n=20 vol=0.0,range,SHORT,-0.0050908778987377,0.0007,-0.0057872147932963,SL
SOLUSDT,5m,3,donchian n=20 vol=0.0,range,SHORT,-0.0050301747165819,0.0007,-0.0057265540972977,SL
SOLUSDT,5m,3,donchian n=20 vol=0.0,range,LONG,-0.0067539445152995,0.0007,-0.0074491174295333,SL
SOLUSDT,5m,3,donchian n=20 vol=0.0,range,LONG,-0.0040858619396935,0.0007,-0.0047829022449218,SL
SOLUSDT,5m,3,donchian n=20 vol=0.0,range,LONG,0.0043426192475791,0.0004,0.0039409223735848,TP
SOLUSDT,5m,3,donchian n=20 vol=0.0,range,SHORT,-0.0062049194636233,0.0007,-0.0069004766404906,SL
SOLUSDT,5m,3,donchian n=20 vol=0.0,range,LONG,-0.0050968630062156,0.0007,-0.0057931957117974,SL
SOLUSDT,5m,3,donchian n=20 vol=0.0,range,SHORT,-0.004161938155589,0.0007,-0.0048589252150739,SL
SOLUSDT,5m,3,donchian n=20 vol=0.0,range,SHORT,0.0049690673732102,0.0004,0.0045671199450239,TP
SOLUSDT,5m,3,donchian n=20 vol=0.0,range,SHORT,0.0063364289594351,0.0004,0.0059339346413087,TP
SOLUSDT,5m,3,donchian n=20 vol=0.0,range,LONG,0.0056771724453324,0.0004,0.0052749418034412,TP
SOLUSDT,5m,3,donchian n=20 vol=0.0,range,SHORT,-0.0054113699358972,0.0007,-0.0061074825180789,SL
SOLUSDT,5m,3,donchian n=20 vol=0.0,range,LONG,0.0035087491110862,0.0004,0.0031073857517918,TP
SOLUSDT,5m,3,donchian n=20 vol=0.0,range,SHORT,-0.005829843740681,0.0007,-0.0065256634330468,SL
SOLUSDT,5m,3,donchian n=20 vol=0.0,range,LONG,0.0033353242633787,0.0004,0.0029340302670863,TP
SOLUSDT,5m,3,donchian n=20 vol=0.0,range,LONG,0.0032861790509863,0.0004,0.0028849047108132,TP
SOLUSDT,5m,3,donchian n=20 vol=0.0,range,LONG,0.0037522319300093,0.0004,0.0033507711873268,TP
SOLUSDT,5m,3,donchian n=20 vol=0.0,range,LONG,0.0035162254015169,0.0004,0.0031148590520051,TP
SOLUSDT,5m,3,donchian n=20 vol=0.0,range,LONG,-0.0043620183565156,0.0007,-0.0050588653798677,SL
SOLUSDT,5m,3,donchian n=20 vol=0.0,range,SHORT,0.0054224514837946,0.0004,0.0050203227200993,TP
SOLUSDT,5m,3,donchian n=20 vol=0.0,range,SHORT,-0.0052034912443099,0.0007,-0.0058997493207879,SL
SOLUSDT,5m,3,donchian n=20 vol=0.0,range,LONG,0.0049438445532574,0.0004,0.0045419072131898,TP
SOLUSDT,5m,3,donchian n=20 vol=0.0,range,LONG,-0.0055423319435055,0.0007,-0.0062383528653782,SL
SOLUSDT,5m,3,donchian n=20 vol=0.0,range,LONG,0.0008231099656358,0.0007,0.000122633870971,TIME
SOLUSDT,5m,3,donchian n=20 vol=0.0,range,LONG,0.0025727011494252,0.0007,0.0018710005158906,TIME
SOLUSDT,5m,3,donchian n=20 vol=0.0,range,LONG,-0.004706441330214,0.0007,-0.0054030472919269,SL
SOLUSDT,5m,3,donchian n=20 vol=0.0,range,SHORT,-0.0050006218973115,0.0007,-0.0056970219620455,SL
SOLUSDT,5m,3,donchian n=20 vol=0.0,range,SHORT,0.0074643173552375,0.0004,0.0070613719268681,TP
SOLUSDT,5m,3,donchian n=20 vol=0.0,range,SHORT,-0.0087971192623765,0.0007,-0.0094908621586046,SL
SOLUSDT,5m,3,donchian n=20 vol=0.0,range,LONG,0.0012594970672657,0.0007,0.0005587155452682,TIME
SOLUSDT,5m,3,donchian n=20 vol=0.0,range,LONG,0.004237697800998,0.0004,0.0038360428913857,TP
SOLUSDT,5m,3,donchian n=20 vol=0.0,range,LONG,0.0031657983809552,0.0004,0.0027645721882347,TP
SOLUSDT,5m,3,donchian n=20 vol=0.0,range,LONG,0.0032826666199011,0.0004,0.0028813936845599,TP
SOLUSDT,5m,3,donchian n=20 vol=0.0,range,LONG,-0.0031955486222751,0.0007,-0.0038932120577942,SL
SOLUSDT,5m,3,donchian n=20 vol=0.0,range,SHORT,0.0043494255215574,0.0004,0.0039477259253257,TP
SOLUSDT,5m,3,donchian n=20 vol=0.0,range,LONG,0.0042194280555989,0.0004,0.0038177804531538,TP
SOLUSDT,5m,3,donchian n=20 vol=0.0,range,LONG,-0.0039883462937875,0.0007,-0.0046854548502164,SL
SOLUSDT,5m,3,donchian n=20 vol=0.0,range,LONG,0.0034075352842465,0.0004,0.0030062124064342,TP
SOLUSDT,5m,3,donchian n=20 vol=0.0,range,LONG,0.0034866554931604,0.0004,0.0030853009704294,TP
SOLUSDT,5m,3,donchian n=20 vol=0.0,range,SHORT,-0.0056564503533533,0.0007,-0.0063523914037509,SL
SOLUSDT,5m,3,donchian n=20 vol=0.0,range,LONG,0.0052818352827542,0.0004,0.0048797627599146,TP
SOLUSDT,5m,3,donchian n=20 vol=0.0,range,LONG,0.0055243198080684,0.0004,0.0051221503011178,TP
SOLUSDT,5m,3,donchian n=20 vol=0.0,range,SHORT,-0.0090529935782543,0.0007,-0.0097465573880488,SL
SOLUSDT,5m,3,donchian n=20 vol=0.0,range,SHORT,-0.0077671166250647,0.0007,-0.0084615804201388,SL
SOLUSDT,5m,3,donchian n=20 vol=0.0,range,LONG,0.0073888877573644,0.0004,0.0069859724978171,TP
SOLUSDT,5m,3,donchian n=20 vol=0.0,range,LONG,-0.0093320032439848,0.0007,-0.0100253717749143,SL
SOLUSDT,5m,3,donchian n=20 vol=0.0,range,LONG,-0.0060742055516357,0.0007,-0.00676985421517,SL
SOLUSDT,5m,3,donchian n=20 vol=0.0,range,SHORT,0.0072152653006786,0.0004,0.0068124194831691,TP
SOLUSDT,5m,3,donchian n=20 vol=0.0,range,SHORT,0.0070285063515139,0.0004,0.0066257352301137,TP
SOLUSDT,5m,4,vwap n=48 k=3.0,range,LONG,-0.0082308635603973,0.0007,-0.0089250027789914,SL
SOLUSDT,5m,4,vwap n=48 k=3.0,range,LONG,-0.0092000407633266,0.0007,-0.0098935016547963,SL
SOLUSDT,5m,4,vwap n=48 k=3.0,range,LONG,-0.009712470490644,0.0007,-0.0104055727325476,SL
SOLUSDT,5m,4,vwap n=48 k=3.0,range,SHORT,-0.0021752276379219,0.0007,-0.0028736051960981,TIME
SOLUSDT,5m,4,vwap n=48 k=3.0,range,SHORT,-0.0011545464253296,0.0007,-0.0018536383582865,TIME
SOLUSDT,5m,4,vwap n=48 k=3.0,range,SHORT,0.0044691935239639,0.0004,0.0040674460253222,TP
SOLUSDT,5m,4,vwap n=48 k=3.0,range,LONG,-0.0049089310303651,0.0007,-0.0056053952695368,SL
SOLUSDT,5m,4,vwap n=48 k=3.0,range,LONG,-0.0049824512481962,0.0007,-0.0056788640305674,SL
SOLUSDT,5m,4,vwap n=48 k=3.0,range,LONG,-0.0050799236209814,0.0007,-0.005776268182439,SL
SOLUSDT,5m,4,vwap n=48 k=3.0,range,LONG,0.0025146653494691,0.0007,0.0018130053351912,TIME
SOLUSDT,5m,4,vwap n=48 k=3.0,range,SHORT,0.0004318554287387,0.0007,-0.0002683468268758,TIME
SOLUSDT,5m,4,vwap n=48 k=3.0,range,LONG,-0.0055036653351609,0.0007,-0.0061997133197928,SL
SOLUSDT,5m,4,vwap n=48 k=3.0,range,LONG,-0.0062821680588916,0.0007,-0.006977671169467,SL
SOLUSDT,5m,4,vwap n=48 k=3.0,range,LONG,-0.0073884897091522,0.0007,-0.0080832185052047,SL
SOLUSDT,5m,4,vwap n=48 k=3.0,range,LONG,0.0075746973803223,0.0004,0.007171707804358,TP
SOLUSDT,5m,4,vwap n=48 k=3.0,range,LONG,-0.0055267402992694,0.0007,-0.0062227721337339,SL
SOLUSDT,5m,4,vwap n=48 k=3.0,range,LONG,-0.0067531553545046,0.0007,-0.0074483288210719,SL
SOLUSDT,5m,4,vwap n=48 k=3.0,range,LONG,0.0074346060866013,0.0004,0.0070316725415509,TP
SOLUSDT,5m,4,vwap n=48 k=3.0,range,SHORT,0.008647695971745,0.0004,0.0082442772392643,TP
SOLUSDT,5m,4,vwap n=48 k=3.0,range,LONG,0.0015130036270952,0.0007,0.0008120446758566,TIME
SOLUSDT,5m,4,vwap n=48 k=3.0,range,SHORT,-0.0047441666794119,0.0007,-0.0054407462371529,SL
SOLUSDT,5m,4,vwap n=48 k=3.0,range,LONG,0.011384668887357,0.0004,0.0109801554751889,TP
SOLUSDT,5m,4,vwap n=48 k=3.0,range,LONG,-0.0048812604710751,0.0007,-0.0055777440768713,TIME
SOLUSDT,5m,4,vwap n=48 k=3.0,range,SHORT,-0.0034447908916276,0.0007,-0.0041422798824825,SL
SOLUSDT,5m,4,vwap n=48 k=3.0,range,LONG,-0.0040353763066793,0.0007,-0.0047324519468022,SL
SOLUSDT,5m,4,vwap n=48 k=3.0,range,LONG,0.0043725920787212,0.0004,0.0039708832167935,TP
SOLUSDT,5m,4,vwap n=48 k=3.0,range,LONG,0.0028664258141145,0.0007,0.0021645196026871,TIME
SOLUSDT,5m,4,vwap n=48 k=3.0,range,SHORT,-0.0038696122084626,0.0007,-0.0045668038668778,SL
SOLUSDT,5m,4,vwap n=48 k=3.0,range,SHORT,-0.0044340437121497,0.0007,-0.0051308403249554,SL
SOLUSDT,5m,4,vwap n=48 k=3.0,range,SHORT,-0.0047716953041944,0.0007,-0.005468255594651,SL
SOLUSDT,5m,4,vwap n=48 k=3.0,range,SHORT,-0.0057531478424003,0.0007,-0.0064490212142253,SL
SOLUSDT,5m,4,vwap n=48 k=3.0,range,SHORT,0.0058024226244556,0.0004,0.0054001418875029,TP
SOLUSDT,5m,4,vwap n=48 k=3.0,range,LONG,0.010438246501419,0.0004,0.0100341116203483,TP
SOLUSDT,5m,4,vwap n=48 k=3.0,range,LONG,0.0045570264685415,0.0004,0.0041552438402352,TP
SOLUSDT,5m,4,vwap n=48 k=3.0,range,LONG,0.0013240690864008,0.0007,0.0006232423704473,TIME
SOLUSDT,5m,4,vwap n=48 k=3.0,range,LONG,-0.0069470456677956,0.0007,-0.0076420834305327,SL
SOLUSDT,5m,4,vwap n=48 k=3.0,range,LONG,0.0075586110940537,0.0004,0.0071556279519606,TP
SOLUSDT,5m,4,vwap n=48 k=3.0,range,LONG,-0.0055876439590848,0.0007,-0.0062836331670778,SL
SOLUSDT,5m,4,vwap n=48 k=3.0,range,SHORT,0.0027846599078873,0.0004,0.0023835861553105,TP
SOLUSDT,5m,4,vwap n=48 k=3.0,range,LONG,-0.0027876684852924,0.0007,-0.0034856173961194,SL
SOLUSDT,5m,4,vwap n=48 k=3.0,range,LONG,-0.0030551693274454,0.0007,-0.003752931014433,SL
SOLUSDT,5m,4,vwap n=48 k=3.0,range,LONG,-0.0030278064059705,0.0007,-0.0037255872442668,SL
SOLUSDT,5m,4,vwap n=48 k=3.0,range,LONG,0.0031282842990626,0.0004,0.0027270731104742,TP
SOLUSDT,5m,4,vwap n=48 k=3.0,range,SHORT,0.0018288307461192,0.0007,0.0011276507474802,TIME
SOLUSDT,5m,4,vwap n=48 k=3.0,range,LONG,-0.0036084476494052,0.0007,-0.0043058220968953,SL
SOLUSDT,5m,4,vwap n=48 k=3.0,range,LONG,-0.0041707054046305,0.0007,-0.0048676863279178,SL
SOLUSDT,5m,4,vwap n=48 k=3.0,range,LONG,0.0040702061625367,0.0004,0.00366861824288,TP
SOLUSDT,5m,5,breakout n=20,trend,LONG,-0.0092891130406646,0.0007,-0.0099825115904474,SL
SOLUSDT,5m,5,breakout n=20,trend,SHORT,-0.0030615498119852,0.0007,-0.0037593070332717,TIME
SOLUSDT,5m,5,breakout n=20,trend,LONG,-0.0064803819897721,0.0007,-0.0071757463704172,SL
SOLUSDT,5m,5,breakout n=20,trend,LONG,0.0040185036128937,0.0004,0.0036169363721887,TP
SOLUSDT,5m,5,breakout n=20,trend,LONG,0.0058939719886546,0.0004,0.005491654635618,TP
SOLUSDT,5m,5,breakout n=20,trend,LONG,-0.0035160271741448,0.0007,-0.0042134663067255,SL
SOLUSDT,5m,5,breakout n=20,trend,SHORT,-0.0038555956656041,0.0007,-0.0045527971341976,SL
SOLUSDT,5m,5,breakout n=20,trend,LONG,-0.0045035258063088,0.0007,-0.0052002737885969,SL
SOLUSDT,5m,5,breakout n=20,trend,SHORT,0.0037431221131043,0.0004,0.0033416650139839,TP
SOLUSDT,5m,5,breakout n=20,trend,SHORT,0.0046684745103876,0.0004,0.0042666473073225,TP
SOLUSDT,5m,5,breakout n=20,trend,LONG,-0.005830205143972,0.0007,-0.0065260245833916,SL
SOLUSDT,5m,5,breakout n=20,trend,SHORT,0.005193308048603,0.0004,0.0047912709331159,TP
SOLUSDT,5m,5,breakout n=20,trend,SHORT,0.0054577840830684,0.0004,0.0050556411877467,TP
SOLUSDT,5m,5,breakout n=20,trend,SHORT,0.004641307415458,0.0004,0.0042394910781442,TP
SOLUSDT,5m,5,breakout n=20,trend,SHORT,0.0050169881571904,0.0004,0.004615021562607,TP
SOLUSDT,5m,5,breakout n=20,trend,SHORT,-0.0066004626087467,0.0007,-0.0072957429449668,SL
SOLUSDT,5m,5,breakout n=20,trend,SHORT,0.0058668204646008,0.0004,0.0054645139710878,TP
SOLUSDT,5m,5,breakout n=20,trend,LONG,-0.0077317529844429,0.0007,-0.008426241530529,SL
SOLUSDT,5m,5,breakout n=20,trend,SHORT,-0.0067726635330554,0.0007,-0.0074678233458485,SL
SOLUSDT,5m,5,breakout n=20,trend,SHORT,-0.0064851864435003,0.0007,-0.0071805474615085,SL
SOLUSDT,5m,5,breakout n=20,trend,LONG,-0.0084400980977828,0.0007,-0.0091340908731241,SL
SOLUSDT,5m,5,breakout n=20,trend,SHORT,0.0095477337441801,0.0004,0.0091439550325918,TP
SOLUSDT,5m,5,breakout n=20,trend,SHORT,-0.0102512745588558,0.0007,-0.010943999691792,SL
SOLUSDT,5m,5,breakout n=20,trend,SHORT,-0.0047781690721991,0.0007,-0.0054747248316655,SL
SOLUSDT,5m,5,breakout n=20,trend,SHORT,-0.0052702472851495,0.0007,-0.0059664586390746,SL
SOLUSDT,5m,5,breakout n=20,trend,SHORT,0.005645308750304,0.0004,0.0052430908526164,TP
SOLUSDT,5m,5,breakout n=20,trend,SHORT,-0.0064463266528784,0.0007,-0.007141714868854,SL
SOLUSDT,5m,5,breakout n=20,trend,LONG,-0.0061741348964558,0.0007,-0.0068697136194417,SL
SOLUSDT,5m,5,breakout n=20,trend,LONG,-0.0058701752388504,0.0007,-0.0065659667032007,SL
SOLUSDT,5m,5,breakout n=20,trend,SHORT,0.0096041237464595,0.0004,0.0092003224811259,TP
SOLUSDT,5m,5,breakout n=20,trend,SHORT,0.0136659328052617,0.0004,0.013260506978777,TP
SOLUSDT,5m,5,breakout n=20,trend,LONG,-0.0072155646435842,0.0007,-0.0079104144698901,SL
SOLUSDT,5m,5,breakout n=20,trend,SHORT,0.0079831283367347,0.0004,0.0075799754047252,TP
SOLUSDT,5m,5,breakout n=20,trend,SHORT,0.0086957274194428,0.0004,0.0082922894763042,TP
SOLUSDT,5m,5,breakout n=20,trend,LONG,0.0083097321577522,0.0004,0.0079064485972786,TP
SOLUSDT,5m,5,breakout n=20,trend,SHORT,0.0086739676177986,0.0004,0.0082705383777104,TP
SOLUSDT,5m,5,breakout n=20,trend,LONG,0.0147588285077525,0.0004,0.0143529655667027,TP
SOLUSDT,5m,5,breakout n=20,trend,SHORT,0.0103614580058618,0.0004,0.009957353837118,TP
SOLUSDT,5m,5,breakout n=20,trend,SHORT,0.0138408933402802,0.0004,0.0134353975365799,TP
SOLUSDT,5m,5,breakout n=20,trend,SHORT,-0.015412442276408,0.0007,-0.0161015551080586,SL
SOLUSDT,5m,5,breakout n=20,trend,SHORT,-0.0033807381113953,0.0007,-0.0040782719327912,TIME
SOLUSDT,5m,5,breakout n=20,trend,LONG,-0.0053891817904854,0.0007,-0.0060853099021501,SL
SOLUSDT,5m,5,breakout n=20,trend,LONG,0.0048095337925174,0.0004,0.0044076501713821,TP
SOLUSDT,5m,5,breakout n=20,trend,SHORT,-0.0091069356090606,0.0007,-0.0098004616648277,SL
SOLUSDT,5m,5,breakout n=20,trend,LONG,0.0098549223681213,0.0004,0.0094510207933709,TP
SOLUSDT,5m,5,breakout n=20,trend,LONG,0.0112246986585686,0.0004,0.0108202492280933,TP
SOLUSDT,5m,5,breakout n=20,trend,SHORT,-0.0065130969314728,0.0007,-0.0072084384149304,SL
SOLUSDT,5m,5,breakout n=20,trend,LONG,0.0027192643727753,0.0007,0.002017461159641,TIME
SOLUSDT,5m,5,breakout n=20,trend,SHORT,-0.0110844671632993,0.0007,-0.0117766091447317,SL
SOLUSDT,5m,5,breakout n=20,trend,LONG,0.0052393045112172,0.0004,0.0048372489989849,TP
SOLUSDT,5m,5,breakout n=20,trend,LONG,0.0004969123664772,0.0007,-0.0002033354224879,TIME
SOLUSDT,5m,5,breakout n=20,trend,LONG,0.0054641757892202,0.0004,0.0050620303374715,TP
SOLUSDT,5m,5,breakout n=20,trend,LONG,-0.0065864899320888,0.0007,-0.0072817800477852,SL
SOLUSDT,5m,5,breakout n=20,trend,LONG,0.004488398447874,0.0004,0.004086643268031,TP
SOLUSDT,5m,5,breakout n=20,trend,SHORT,0.0074977823650282,0.0004,0.0070948235519934,TP
SOLUSDT,5m,5,breakout n=20,trend,SHORT,-0.0080767039770035,0.0007,-0.00877095109189,SL
SOLUSDT,5m,5,breakout n=20,trend,LONG,-0.0007127793548387,0.0007,-0.0014121804805681,TIME
SOLUSDT,5m,5,breakout n=20,trend,SHORT,0.0034653751858471,0.0004,0.0030640291743877,TP
SOLUSDT,5m,5,breakout n=20,trend,SHORT,0.0040830575190236,0.0004,0.0036814644593383,TP
SOLUSDT,5m,5,breakout n=20,trend,LONG,0.0034969054680219,0.0004,0.003095546845711,TP
SOLUSDT,5m,5,breakout n=20,trend,LONG,-0.0035529415151026,0.0007,-0.0042503548113361,SL
SOLUSDT,5m,5,breakout n=20,trend,SHORT,0.0037461224297722,0.0004,0.0033446641306453,TP
SOLUSDT,5m,5,breakout n=20,trend,LONG,0.0031690062413436,0.0004,0.0027677787656072,TP
SOLUSDT,5m,5,breakout n=20,trend,LONG,0.004405567135147,0.0004,0.0040038450845156,TP
SOLUSDT,5m,5,breakout n=20,trend,LONG,-0.0057425615245891,0.0007,-0.0064384423057779,SL
SOLUSDT,5m,5,breakout n=20,trend,LONG,0.0052720575299197,0.0004,0.0048699889177901,TP
SOLUSDT,5m,5,breakout n=20,trend,SHORT,-0.0036890714412116,0.0007,-0.0043863894601099,SL
SOLUSDT,5m,5,breakout n=20,trend,LONG,-0.0067295271044587,0.0007,-0.0074247171084382,SL
SOLUSDT,5m,5,breakout n=20,trend,LONG,0.0060320255012552,0.0004,0.0056296529323358,TP
SOLUSDT,5m,5,breakout n=20,trend,SHORT,-0.0075867048135338,0.0007,-0.0082812948788348,SL
SOLUSDT,5m,5,breakout n=20,trend,LONG,0.0056425498682762,0.0004,0.0052403330740309,TP
SOLUSDT,5m,5,breakout n=20,trend,LONG,-0.0067153951193773,0.0007,-0.0074105950143331,SL
SOLUSDT,5m,5,breakout n=20,trend,SHORT,0.0062895718893727,0.0004,0.0058870963121999,TP
SOLUSDT,5m,5,breakout n=20,trend,SHORT,-0.0064324624834554,0.0007,-0.0071278604029632,SL
SOLUSDT,5m,5,breakout n=20,trend,SHORT,-0.0062727357051706,0.0007,-0.0069682454174504,SL
SOLUSDT,5m,5,breakout n=20,trend,LONG,0.0059152280676598,0.0004,0.005512902213042,TP
SOLUSDT,5m,5,breakout n=20,trend,LONG,-0.0060646238497328,0.0007,-0.0067602792195003,SL
SOLUSDT,5m,5,breakout n=20,trend,LONG,0.0065395445252191,0.0004,0.0061369689689909,TP
SOLUSDT,5m,5,breakout n=20,trend,LONG,0.0050079140941385,0.0004,0.0046059511288174,TP
SOLUSDT,5m,5,breakout n=20,trend,LONG,-0.0064035970280514,0.0007,-0.0070990151504914,SL
SOLUSDT,5m,5,breakout n=20,trend,SHORT,-0.010374239257252,0.0007,-0.0110668783271958,SL
SOLUSDT,5m,5,breakout n=20,trend,SHORT,0.0082559685256253,0.0004,0.0078527064684539,TP
SOLUSDT,5m,5,breakout n=20,trend,SHORT,-0.0044352398774285,0.0007,-0.0051320356530382,SL
SOLUSDT,5m,5,breakout n=20,trend,LONG,0.004991425810596,0.0004,0.0045894694399288,TP
SOLUSDT,5m,5,breakout n=20,trend,LONG,-0.0093174183175376,0.0007,-0.0100107970564571,SL
SOLUSDT,5m,5,breakout n=20,trend,LONG,-0.0036156699663229,0.0007,-0.0043130393589133,TIME
SOLUSDT,5m,5,breakout n=20,trend,LONG,0.0072354783844416,0.0004,0.0068326244825072,TP
SOLUSDT,5m,5,breakout n=20,trend,LONG,0.0019006296713423,0.0007,0.0011993994206354,TIME
SOLUSDT,5m,5,breakout n=20,trend,SHORT,0.0065155002903959,0.0004,0.0061129343508998,TP
SOLUSDT,5m,5,breakout n=20,trend,SHORT,0.0079554701388194,0.0004,0.0075523282689828,TP
SOLUSDT,5m,5,breakout n=20,trend,SHORT,0.0019055552567895,0.0007,0.0012043215586652,TIME
SOLUSDT,5m,5,breakout n=20,trend,SHORT,-0.0075569649587697,0.0007,-0.0082515758389949,SL
SOLUSDT,5m,5,breakout n=20,trend,LONG,-0.006845910261915,0.0007,-0.0075410188093226,TIME
SOLUSDT,5m,5,breakout n=20,trend,LONG,0.0049346668417661,0.0004,0.0045327331724163,TP
SOLUSDT,5m,5,breakout n=20,trend,LONG,-0.0082615569502927,0.0007,-0.0089556746865832,SL
SOLUSDT,5m,5,breakout n=20,trend,SHORT,0.008185293529484,0.0004,0.0077820597394839,TP
SOLUSDT,5m,5,breakout n=20,trend,LONG,0.0083163362831984,0.0004,0.0079130500813386,TP
SOLUSDT,5m,5,breakout n=20,trend,LONG,-0.0082915401188784,0.0007,-0.0089856368699491,SL
SOLUSDT,5m,5,breakout n=20,trend,SHORT,-0.003875921368479,0.0007,-0.0045731086111131,SL
SOLUSDT,5m,5,breakout n=20,trend,SHORT,0.0034876604118419,0.0004,0.0030863054871836,TP
SOLUSDT,5m,5,breakout n=20,trend,LONG,-0.0055963256709717,0.0007,-0.0062923088026345,SL
SOLUSDT,5m,5,breakout n=20,trend,SHORT,-0.0037862849113324,0.0007,-0.0044835348905228,SL
SOLUSDT,5m,5,breakout n=20,trend,LONG,-0.0036430562844214,0.0007,-0.0043404065093278,SL
SOLUSDT,5m,5,breakout n=20,trend,SHORT,0.0007800626248447,0.0007,7.961665901357051e-05,TIME
SOLUSDT,5m,5,breakout n=20,trend,LONG,-0.0041817652242754,0.0007,-0.0048787384067948,SL
SOLUSDT,5m,5,breakout n=20,trend,LONG,0.0037844197658642,0.0004,0.0033829461493348,TP
SOLUSDT,5m,5,breakout n=20,trend,LONG,-0.0049939491460632,0.0007,-0.0056903538810558,SL
SOLUSDT,5m,5,breakout n=20,trend,SHORT,-0.0066411270091784,0.0007,-0.0073363788843845,SL
SOLUSDT,5m,5,breakout n=20,trend,LONG,0.004792667574881,0.0004,0.0043907906995577,TP
SOLUSDT,5m,5,breakout n=20,trend,LONG,0.0051712047293119,0.0004,0.0047691764542685,TP
SOLUSDT,5m,5,breakout n=20,trend,SHORT,0.0066623251811218,0.0004,0.0062597005175422,TP
SOLUSDT,5m,5,breakout n=20,trend,SHORT,0.0072795831752149,0.0004,0.0068767116331283,TP
SOLUSDT,5m,5,breakout n=20,trend,SHORT,0.0090485928783789,0.0004,0.0086450138031715,TP
SOLUSDT,5m,5,breakout n=20,trend,SHORT,0.0094810595171661,0.0004,0.0090773074726016,TP
SOLUSDT,5m,5,breakout n=20,trend,SHORT,0.0053880711108936,0.0004,0.0049859560979721,TP
SOLUSDT,5m,5,breakout n=20,trend,LONG,-0.0088332032488821,0.0007,-0.0095269208899282,SL
SOLUSDT,5m,5,breakout n=20,trend,LONG,-0.0064354883176691,0.0007,-0.0071308841193955,SL
SOLUSDT,5m,5,breakout n=20,trend,SHORT,-0.0059911978899319,0.0007,-0.0066869046505286,SL
SOLUSDT,5m,5,breakout n=20,trend,LONG,-0.0065155619185171,0.0007,-0.0072109016767304,SL
SOLUSDT,5m,5,breakout n=20,trend,SHORT,0.0074421555301715,0.0004,0.0070392189656456,TP
SOLUSDT,5m,5,breakout n=20,trend,SHORT,-0.0094315987953954,0.0007,-0.0101248976193984,SL
SOLUSDT,5m,6,breakout n=20,range,SHORT,-0.0039836997366183,0.0007,-0.0046808115451726,SL
SOLUSDT,5m,6,breakout n=20,range,SHORT,0.0086671923839612,0.0004,0.0082637658536954,TP
SOLUSDT,5m,6,breakout n=20,range,LONG,0.0041110102697939,0.0004,0.0037094060301263,TP
SOLUSDT,5m,6,breakout n=20,range,SHORT,-0.004939021060317,0.0007,-0.0056354642394766,SL
SOLUSDT,5m,6,breakout n=20,range,SHORT,0.0048091896690427,0.0004,0.0044073061855427,TP
SOLUSDT,5m,6,breakout n=20,range,SHORT,0.0060072274185235,0.0004,0.0056048647678452,TP
SOLUSDT,5m,6,breakout n=20,range,SHORT,0.0071895713129299,0.0004,0.0067867357719877,TP
SOLUSDT,5m,6,breakout n=20,range,LONG,-0.0029503291396765,0.0007,-0.0036481642043115,SL
SOLUSDT,5m,6,breakout n=20,range,SHORT,0.005769464524281,0.0004,0.0053671969692499,TP
SOLUSDT,5m,6,breakout n=20,range,SHORT,-0.0035529153651186,0.0007,-0.0042503286796545,SL
SOLUSDT,5m,6,breakout n=20,range,LONG,0.0048076853242471,0.0004,0.0044058024424249,TP
SOLUSDT,5m,6,breakout n=20,range,LONG,-0.0036727427426055,0.0007,-0.0043700721899598,SL
SOLUSDT,5m,6,breakout n=20,range,LONG,-0.0030805192244574,0.0007,-0.003778263169052,SL
SOLUSDT,5m,6,breakout n=20,range,SHORT,-0.0032712629316259,0.0007,-0.0039688733746999,SL
SOLUSDT,5m,6,breakout n=20,range,LONG,0.0056073034798094,0.0004,0.0052051007827098,TP
SOLUSDT,5m,6,breakout n=20,range,SHORT,-0.0026196573881941,0.0007,-0.003317723889988,SL
SOLUSDT,5m,6,breakout n=20,range,LONG,0.0065065905561505,0.0004,0.0061040281801916,TP
SOLUSDT,5m,6,breakout n=20,range,SHORT,0.0115207177442118,0.0004,0.0111161499179428,TP
SOLUSDT,5m,6,breakout n=20,range,LONG,-0.0069261773867052,0.0007,-0.0076212297551523,SL
SOLUSDT,5m,6,breakout n=20,range,SHORT,-0.0014925178228584,0.0007,-0.0021913732096341,SL
SOLUSDT,5m,6,breakout n=20,range,LONG,-0.0022901614183862,0.0007,-0.0029884585344094,SL
SOLUSDT,5m,6,breakout n=20,range,SHORT,-0.0021706486779027,0.0007,-0.0028690294408929,SL
SOLUSDT,5m,6,breakout n=20,range,SHORT,-0.0021637887611104,0.0007,-0.0028621743253565,SL
SOLUSDT,5m,6,breakout n=20,range,SHORT,-0.0028525015441798,0.0007,-0.0035504050783489,SL
SOLUSDT,5m,6,breakout n=20,range,SHORT,-0.0034013710523828,0.0007,-0.0040988904327832,SL
SOLUSDT,5m,6,breakout n=20,range,LONG,0.0055446449125117,0.0004,0.0051424672763324,TP
SOLUSDT,5m,6,breakout n=20,range,LONG,0.0037073456147928,0.0004,0.0033059028248407,TP
SOLUSDT,5m,6,breakout n=20,range,LONG,-0.0030704660169452,0.0007,-0.0037682169977799,SL
SOLUSDT,5m,6,breakout n=20,range,SHORT,0.0076472077466267,0.0004,0.0072441891694163,TP
SOLUSDT,5m,6,breakout n=20,range,LONG,-0.002748815300795,0.0007,-0.0034467914049659,SL
SOLUSDT,5m,6,breakout n=20,range,SHORT,-0.0031681912056558,0.0007,-0.0038658737886309,SL
SOLUSDT,5m,6,breakout n=20,range,SHORT,-0.0027664260817013,0.0007,-0.0034643898600866,SL
SOLUSDT,5m,6,breakout n=20,range,SHORT,0.0047747882774453,0.0004,0.004372918553126,TP
SOLUSDT,5m,7,breakout n=20,range,SHORT,-0.0022639403192769,0.0007,-0.0029622557874474,SL
SOLUSDT,5m,7,breakout n=20,range,SHORT,-0.0026149094672637,0.0007,-0.0033129792921274,SL
SOLUSDT,5m,7,breakout n=20,range,LONG,-0.0025138593147698,0.0007,-0.0032119998646353,SL
SOLUSDT,5m,7,breakout n=20,range,LONG,-0.0022141342259434,0.0007,-0.0029124845533986,SL
SOLUSDT,5m,7,breakout n=20,range,SHORT,0.0048005681362074,0.0004,0.0043986881009758,TP
SOLUSDT,5m,7,breakout n=20,range,SHORT,0.0067456893128381,0.0004,0.0063430313069405,TP
SOLUSDT,5m,7,breakout n=20,range,LONG,-0.0016714763065629,0.0007,-0.0023702064402958,SL
SOLUSDT,5m,7,breakout n=20,range,LONG,-0.0018964665811905,0.0007,-0.0025950392442303,SL
SOLUSDT,5m,7,breakout n=20,range,SHORT,-0.0014312203336673,0.0007,-0.0021301186225556,SL
SOLUSDT,5m,7,breakout n=20,range,LONG,-0.00147728412945,0.0007,-0.0021761501782878,SL
SOLUSDT,5m,7,breakout n=20,range,SHORT,-0.0016096041220668,0.0007,-0.0023083775601416,SL
SOLUSDT,5m,7,breakout n=20,range,LONG,0.0025228727427457,0.0004,0.0021219036945636,TP
SOLUSDT,5m,7,breakout n=20,range,LONG,0.0024305080139744,0.0004,0.0020295759079891,TP
SOLUSDT,5m,7,breakout n=20,range,LONG,0.0030647109402407,0.0004,0.002663525178453,TP
SOLUSDT,5m,7,breakout n=20,range,LONG,-0.0018728197565598,0.0007,-0.0025714089700121,SL
SOLUSDT,5m,7,breakout n=20,range,SHORT,-0.0022255760283512,0.0007,-0.0029239183476889,SL
SOLUSDT,5m,7,breakout n=20,range,LONG,-0.0033687789813492,0.0007,-0.0040663211729401,SL
SOLUSDT,5m,7,breakout n=20,range,LONG,-0.0037104809058546,0.0007,-0.0044077839402686,SL
SOLUSDT,5m,7,breakout n=20,range,SHORT,0.0062746893867652,0.0004,0.0058722197619982,TP
SOLUSDT,5m,7,breakout n=20,range,LONG,0.003929978618055,0.0004,0.003528446783807,TP
SOLUSDT,5m,7,breakout n=20,range,LONG,-0.0026277304494224,0.0007,-0.0033257913008808,SL
SOLUSDT,5m,7,breakout n=20,range,SHORT,-0.002387005476548,0.0007,-0.0030852348114148,SL
SOLUSDT,5m,7,breakout n=20,range,SHORT,-0.0030957051785519,0.0007,-0.0037934384944974,SL
SOLUSDT,5m,7,breakout n=20,range,LONG,0.0021623130235362,0.0004,0.0017614881848193,TP
SOLUSDT,5m,7,breakout n=20,range,SHORT,-0.001408705961469,0.0007,-0.0021076200081665,SL
SOLUSDT,5m,7,breakout n=20,range,SHORT,-0.0019650014598641,0.0007,-0.0026635261553422,SL
SOLUSDT,5m,7,breakout n=20,range,LONG,-0.0022081487526412,0.0007,-0.0029065032693292,SL
SOLUSDT,5m,7,breakout n=20,range,LONG,-0.0016009110018922,0.0007,-0.0022996905242819,SL
SOLUSDT,5m,7,breakout n=20,range,LONG,-0.0021661913133568,0.0007,-0.0028645751960565,SL
SOLUSDT,5m,7,breakout n=20,range,SHORT,0.0039376310673599,0.0004,0.0035360961724382,TP
SOLUSDT,5m,7,breakout n=20,range,LONG,-0.0013559769182594,0.0007,-0.0020549278700142,SL
SOLUSDT,5m,7,breakout n=20,range,LONG,0.002501092981262,0.0004,0.0021001326441132,TP
SOLUSDT,5m,7,breakout n=20,range,LONG,-0.0016884819279522,0.0007,-0.0023872001594508,SL
SOLUSDT,5m,7,breakout n=20,range,LONG,0.0029815263979663,0.0004,0.0025803739066683,TP
SOLUSDT,5m,7,breakout n=20,range,LONG,-0.0023573187926608,0.0007,-0.0030555689052378,SL
SOLUSDT,5m,7,breakout n=20,range,SHORT,-0.0032183594858168,0.0007,-0.0039160069560126,SL
SOLUSDT,5m,7,breakout n=20,range,SHORT,0.0072881411201876,0.0004,0.0068852661552651,TP
SOLUSDT,5m,7,breakout n=20,range,LONG,-0.0012482104791723,0.0007,-0.0019472368566578,SL
SOLUSDT,5m,7,breakout n=20,range,SHORT,-0.0014835337172465,0.0007,-0.0021823953919978,SL
SOLUSDT,5m,7,breakout n=20,range,LONG,-0.001553621370126,0.0007,-0.0022524339905291,SL
SOLUSDT,5m,7,breakout n=20,range,LONG,-0.0017782562991755,0.0007,-0.0024769116975915,SL
SOLUSDT,5m,7,breakout n=20,range,SHORT,0.0018469345564646,0.0004,0.0014462358565194,TP
SOLUSDT,5m,7,breakout n=20,range,SHORT,0.0025877734171219,0.0004,0.0021867784112661,TP
SOLUSDT,5m,7,breakout n=20,range,SHORT,0.00329750988847,0.0004,0.0028962310164151,TP
SOLUSDT,5m,7,breakout n=20,range,SHORT,-0.0044981553205215,0.0007,-0.0051949070616126,SL
SOLUSDT,5m,8,breakout n=20,range,LONG,-0.0042205606753362,0.0007,-0.0049175067049195,SL
SOLUSDT,5m,8,breakout n=20,range,SHORT,-0.0045018488232911,0.0007,-0.0051985979792995,SL
SOLUSDT,5m,8,breakout n=20,range,LONG,-0.005764538906992,0.0007,-0.0064604043062109,SL
SOLUSDT,5m,8,breakout n=20,range,SHORT,0.0150429686765215,0.0004,0.0146369920907696,TP
SOLUSDT,5m,8,breakout n=20,range,SHORT,-0.0054347579795162,0.0007,-0.0061308541924063,SL
SOLUSDT,5m,8,breakout n=20,range,LONG,-0.0063360511692946,0.0007,-0.0070315165670811,SL
SOLUSDT,5m,8,breakout n=20,range,SHORT,-0.0040888218728229,0.0007,-0.004785860106394,SL
SOLUSDT,5m,8,breakout n=20,range,SHORT,-0.0047651339871569,0.0007,-0.0054616988698792,SL
SOLUSDT,5m,8,breakout n=20,range,SHORT,-0.0072440823923185,0.0007,-0.007938912259052,SL
SOLUSDT,5m,8,breakout n=20,range,SHORT,0.0065308583681308,0.0004,0.0061282862860179,TP
SOLUSDT,5m,8,breakout n=20,range,LONG,-0.0041142504321138,0.0007,-0.0048112708682364,SL
SOLUSDT,5m,8,breakout n=20,range,LONG,-0.004443018445421,0.0007,-0.005139808776811,SL
SOLUSDT,5m,8,breakout n=20,range,SHORT,0.0090443222170027,0.0004,0.0086407448498888,TP
SOLUSDT,5m,8,breakout n=20,range,SHORT,-0.0057855584298293,0.0007,-0.0064814091174842,SL
SOLUSDT,5m,8,breakout n=20,range,LONG,-0.0083689552618425,0.0007,-0.0090629978300548,SL
SOLUSDT,5m,8,breakout n=20,range,SHORT,-0.0045492506715058,0.0007,-0.0052459666509607,SL
SOLUSDT,5m,8,breakout n=20,range,LONG,-0.0075806300384044,0.0007,-0.0082752243554405,SL
SOLUSDT,5m,8,breakout n=20,range,SHORT,-0.0079951992777815,0.0007,-0.008689503437807,SL
SOLUSDT,5m,8,breakout n=20,range,SHORT,-0.0061320792209691,0.0007,-0.0068276873787223,SL
SOLUSDT,5m,8,breakout n=20,range,LONG,0.005817674586033,0.0007,0.0051137027955903,TIME
SOLUSDT,5m,8,breakout n=20,range,SHORT,-0.0058977192855469,0.0007,-0.0065934914718188,SL
SOLUSDT,5m,8,breakout n=20,range,LONG,0.0157493116108381,0.0004,0.0153430525161661,TP
SOLUSDT,5m,8,breakout n=20,range,SHORT,-0.0066465830656749,0.0007,-0.0073418311221871,SL
SOLUSDT,5m,8,breakout n=20,range,SHORT,-0.0090816015250204,0.0007,-0.0097751453121129,SL
SOLUSDT,5m,8,breakout n=20,range,LONG,0.0201944775860284,0.0004,0.0197864406027732,TP
SOLUSDT,5m,8,breakout n=20,range,LONG,-0.0111134447024272,0.0007,-0.0118055664024799,SL
SOLUSDT,5m,8,breakout n=20,range,SHORT,-0.0044495627086319,0.0007,-0.005146348459692,SL
SOLUSDT,5m,8,breakout n=20,range,LONG,0.0104514036585061,0.0004,0.0100472635150989,TP
SOLUSDT,5m,8,breakout n=20,range,LONG,-0.0064116341846605,0.0007,-0.0071070466818946,SL
SOLUSDT,5m,8,breakout n=20,range,SHORT,-0.0090880621438953,0.0007,-0.0097816014092007,SL
SOLUSDT,5m,8,breakout n=20,range,LONG,-0.0037105020229422,0.0007,-0.0044078050425763,SL
SOLUSDT,5m,8,breakout n=20,range,LONG,-0.0042412500875316,0.0007,-0.0049381816365952,SL
SOLUSDT,5m,8,breakout n=20,range,LONG,0.0089120303875557,0.0004,0.0085085059318819,TP
SOLUSDT,5m,8,breakout n=20,range,SHORT,-0.0073695929525622,0.0007,-0.0080643349744546,SL
SOLUSDT,5m,8,breakout n=20,range,LONG,-0.0083426455425005,0.0007,-0.0090367065248851,SL
SOLUSDT,5m,8,breakout n=20,range,LONG,0.008227794394629,0.0004,0.0078245436059829,TP
SOLUSDT,5m,8,breakout n=20,range,LONG,-0.0081104778706512,0.0007,-0.0088047013471895,SL
SOLUSDT,5m,8,breakout n=20,range,SHORT,-0.0030146187504104,0.0007,-0.003712408818747,SL
SOLUSDT,5m,8,breakout n=20,range,LONG,-0.0038262315500912,0.0007,-0.0045234535706293,SL
SOLUSDT,5m,8,breakout n=20,range,SHORT,0.0050511569934417,0.0004,0.0046491767326906,TP
SOLUSDT,5m,8,breakout n=20,range,LONG,-0.0035917851263692,0.0007,-0.004289171235959,SL
SOLUSDT,5m,8,breakout n=20,range,LONG,-0.003876262471473,0.0007,-0.0045734494753691,SL
SOLUSDT,5m,8,breakout n=20,range,SHORT,0.0131945048890018,0.0004,0.0127892676148264,TP
SOLUSDT,5m,8,breakout n=20,range,LONG,-0.0021860352567471,0.0007,-0.0028844052506707,SL
SOLUSDT,5m,8,breakout n=20,range,SHORT,-0.0027617590305975,0.0007,-0.003459726075452,SL
SOLUSDT,5m,8,breakout n=20,range,SHORT,-0.0029040634907023,0.0007,-0.0036019309366651,SL
SOLUSDT,5m,8,breakout n=20,range,SHORT,0.0036480036230282,0.0004,0.0032465845674993,TP
SOLUSDT,5m,8,breakout n=20,range,SHORT,0.0088120565230791,0.0004,0.008408572052952,TP
SOLUSDT,5m,9,pullback rsi=35,trend,SHORT,0.0060371593253605,0.0004,0.0056347847031166,TP
SOLUSDT,5m,9,pullback rsi=35,trend,LONG,-0.0077962847658914,0.0007,-0.0084907281461836,SL
SOLUSDT,5m,9,pullback rsi=35,trend,LONG,-0.0004179865454974,0.0007,-0.0011175939967141,TIME
SOLUSDT,5m,9,pullback rsi=35,trend,LONG,-0.0033236954636547,0.0007,-0.0040212692091996,SL
SOLUSDT,5m,9,pullback rsi=35,trend,LONG,0.0034159762767786,0.0004,0.0030146500229071,TP
SOLUSDT,5m,9,pullback rsi=35,trend,SHORT,-0.0043516786803462,0.0007,-0.0050485329404378,SL
SOLUSDT,5m,9,pullback rsi=35,trend,SHORT,0.0049330132863703,0.0004,0.0045310802783762,TP
SOLUSDT,5m,9,pullback rsi=35,trend,SHORT,-0.0046648655398135,0.0007,-0.0053615006004221,SL
SOLUSDT,5m,9,pullback rsi=35,trend,LONG,-0.0058824316735729,0.0007,-0.0065782145596445,SL
SOLUSDT,5m,9,pullback rsi=35,trend,LONG,-0.0039969704394188,0.0007,-0.0046940729598081,SL
SOLUSDT,5m,9,pullback rsi=35,trend,SHORT,0.0046668476268316,0.0004,0.0042650210744548,TP
SOLUSDT,5m,9,pullback rsi=35,trend,SHORT,0.0028557863093571,0.0004,0.0024546841090649,TP
SOLUSDT,5m,9,pullback rsi=35,trend,LONG,0.0025971459594593,0.0004,0.0021961472049614,TP
SOLUSDT,5m,9,pullback rsi=35,trend,LONG,0.0026693061348699,0.0004,0.0022682785191883,TP
SOLUSDT,5m,9,pullback rsi=35,trend,SHORT,-0.0016277784481718,0.0007,-0.0023265391660358,TIME
SOLUSDT,5m,9,pullback rsi=35,trend,LONG,-0.003506521415255,0.0007,-0.0042039672009163,SL
SOLUSDT,5m,9,pullback rsi=35,trend,LONG,0.0004081700118065,0.0007,-0.0002920156663847,TIME
SOLUSDT,5m,9,pullback rsi=35,trend,LONG,0.0042768576782226,0.0004,0.0038751871062256,TP
SOLUSDT,5m,10,pullback rsi=35,trend,SHORT,-0.004723303553722,0.0007,-0.0054198977135647,SL
SOLUSDT,5m,10,pullback rsi=35,trend,SHORT,0.0047414050351146,0.0004,0.0043395486627568,TP
SOLUSDT,5m,10,pullback rsi=35,trend,LONG,-0.0039767464084853,0.0007,-0.004673863083674,SL
SOLUSDT,5m,10,pullback rsi=35,trend,SHORT,-0.0038588284553683,0.0007,-0.0045560276613324,SL
SOLUSDT,5m,10,pullback rsi=35,trend,LONG,0.0050348493857535,0.0004,0.004632875647393,TP
SOLUSDT,5m,10,pullback rsi=35,trend,LONG,0.0042053109063886,0.0004,0.0038036689502385,TP
SOLUSDT,5m,10,pullback rsi=35,trend,SHORT,-0.0063481434197518,0.0007,-0.0070436003541722,SL
SOLUSDT,5m,10,pullback rsi=35,trend,SHORT,-0.0070408307194655,0.0007,-0.0077358028420448,SL
SOLUSDT,5m,10,pullback rsi=35,trend,LONG,0.0041245142744446,0.0004,0.0037229046337154,TP
SOLUSDT,5m,10,pullback rsi=35,trend,SHORT,0.0055291066202763,0.0004,0.0051269351987923,TP
SOLUSDT,5m,10,pullback rsi=35,trend,SHORT,0.0070922761688642,0.0004,0.0066894795420877,TP
SOLUSDT,5m,11,pullback rsi=35,trend,LONG,-0.0040675676919108,0.0007,-0.0047646208012831,SL
SOLUSDT,5m,11,pullback rsi=35,trend,LONG,0.0003956854558109,0.0007,-0.0003044914844394,TIME
SOLUSDT,5m,11,pullback rsi=35,trend,LONG,0.0062387518371101,0.0004,0.0058362965859253,TP
SOLUSDT,5m,11,pullback rsi=35,trend,LONG,0.0068252207066214,0.0004,0.0064225308913477,TP
SOLUSDT,5m,11,pullback rsi=35,trend,SHORT,0.0088114577639086,0.0004,0.0084079735332616,TP
SOLUSDT,5m,11,pullback rsi=35,trend,SHORT,0.0038163329321599,0.0004,0.0034148465516405,TP
SOLUSDT,5m,11,pullback rsi=35,trend,SHORT,-0.0040770032306086,0.0007,-0.0047740497360474,SL
SOLUSDT,5m,11,pullback rsi=35,trend,LONG,0.0030542650664602,0.0007,0.0023522273863403,TIME
SOLUSDT,5m,11,pullback rsi=35,trend,LONG,0.0031663291419841,0.0004,0.0027651027369803,TP
SOLUSDT,5m,11,pullback rsi=35,trend,LONG,0.003455881323687,0.0004,0.003054539109393,TP
SOLUSDT,5m,11,pullback rsi=35,trend,SHORT,0.0035658655682797,0.0004,0.003164479364687,TP
SOLUSDT,5m,11,pullback rsi=35,trend,SHORT,-0.0026202215677979,0.0007,-0.0033182876747225,SL
SOLUSDT,5m,11,pullback rsi=35,trend,SHORT,0.0020455599198831,0.0004,0.0016447817777376,TP
SOLUSDT,5m,11,pullback rsi=35,trend,SHORT,-0.0014128354888054,0.0007,-0.0021117466452468,TIME
BTCUSDT,15m,1,donchian n=50 vol=1.5,trend,SHORT,-0.0057687824813062,0.0007,-0.0064646449104475,SL
BTCUSDT,15m,1,donchian n=50 vol=1.5,trend,SHORT,-0.0079255237008953,0.0007,-0.0086198766268571,SL
BTCUSDT,15m,1,donchian n=50 vol=1.5,trend,LONG,0.0067289242719467,0.0004,0.006326272971395,TP
BTCUSDT,15m,1,donchian n=50 vol=1.5,trend,LONG,-0.0108150239075181,0.0007,-0.0115073544722851,SL
BTCUSDT,15m,1,donchian n=50 vol=1.5,trend,LONG,0.0043642495563582,0.0007,0.0036612950180938,TIME
BTCUSDT,15m,1,donchian n=50 vol=1.5,trend,SHORT,-0.0052896720967064,0.0007,-0.0059858698552058,SL
BTCUSDT,15m,1,donchian n=50 vol=1.5,trend,LONG,0.0076473301137325,0.0004,0.0072443114875804,TP
BTCUSDT,15m,1,donchian n=50 vol=1.5,trend,LONG,0.0097768787600145,0.0004,0.0093730083995857,TP
BTCUSDT,15m,1,donchian n=50 vol=1.5,trend,LONG,-0.0120979514349878,0.0007,-0.0127893840787784,SL
BTCUSDT,15m,1,donchian n=50 vol=1.5,trend,SHORT,-0.0075679756795499,0.0007,-0.0082625788533717,SL
BTCUSDT,15m,1,donchian n=50 vol=1.5,trend,SHORT,-0.0032356773327754,0.0007,-0.00393331268221,TIME
BTCUSDT,15m,1,donchian n=50 vol=1.5,trend,LONG,0.0055749212700769,0.0004,0.0051727315245657,TP
BTCUSDT,15m,1,donchian n=50 vol=1.5,trend,SHORT,0.0057480927978623,0.0004,0.0053458337906668,TP
BTCUSDT,15m,1,donchian n=50 vol=1.5,trend,SHORT,0.0086505826774628,0.0004,0.008247162790415,TP
BTCUSDT,15m,1,donchian n=50 vol=1.5,trend,SHORT,0.0119273762922986,0.0004,0.0115226458188768,TP
BTCUSDT,15m,1,donchian n=50 vol=1.5,trend,LONG,0.019430682446926,0.0004,0.0190229509511745,TP
BTCUSDT,15m,1,donchian n=50 vol=1.5,trend,SHORT,-0.0099650128766099,0.0007,-0.0106579383640974,SL
BTCUSDT,15m,1,donchian n=50 vol=1.5,trend,SHORT,0.0113399380930495,0.0004,0.0109354425714101,TP
BTCUSDT,15m,1,donchian n=50 vol=1.5,trend,SHORT,-0.0131778570026954,0.0007,-0.0138685338205791,SL
BTCUSDT,15m,1,donchian n=50 vol=1.5,trend,LONG,0.0090064002446682,0.0004,0.0086028380448266,TP
BTCUSDT,15m,1,donchian n=50 vol=1.5,trend,LONG,-0.0061843231377556,0.0007,-0.0068798947299916,TIME
BTCUSDT,15m,1,donchian n=50 vol=1.5,trend,LONG,0.0064179707981882,0.0004,0.0060154438665878,TP
BTCUSDT,15m,1,donchian n=50 vol=1.5,trend,LONG,0.0042916712528297,0.0007,0.00358876751212,TIME
BTCUSDT,15m,1,donchian n=50 vol=1.5,trend,LONG,-0.0068342075508109,0.0007,-0.007529324288946,SL
BTCUSDT,15m,1,donchian n=50 vol=1.5,trend,SHORT,0.0062912494032852,0.0004,0.0058887731551737,TP
BTCUSDT,15m,1,donchian n=50 vol=1.5,trend,LONG,-0.0115212764151255,0.0007,-0.0122131126737625,SL
BTCUSDT,15m,1,donchian n=50 vol=1.5,trend,LONG,-0.0019370617854102,0.0007,-0.0026356060358665,TIME
BTCUSDT,15m,1,donchian n=50 vol=1.5,trend,LONG,-0.0058960916629663,0.0007,-0.0065918649884112,SL
BTCUSDT,15m,1,donchian n=50 vol=1.5,trend,SHORT,0.0064108599817253,0.0004,0.0060083358941671,TP
BTCUSDT,15m,1,donchian n=50 vol=1.5,trend,SHORT,-0.0040256668768645,0.0007,-0.0047227493126172,SL
BTCUSDT,15m,1,donchian n=50 vol=1.5,trend,LONG,-0.0083927119647883,0.0007,-0.009086737905684,SL
BTCUSDT,15m,1,donchian n=50 vol=1.5,trend,LONG,0.0053969273649846,0.0004,0.0049948088099156,TP
BTCUSDT,15m,1,donchian n=50 vol=1.5,trend,LONG,0.0073044553957534,0.0004,0.0069015739057733,TP
BTCUSDT,15m,1,donchian n=50 vol=1.5,trend,SHORT,-0.0009467383648853,0.0007,-0.0016459757427036,TIME
BTCUSDT,15m,1,donchian n=50 vol=1.5,trend,LONG,0.0029694199647411,0.0004,0.0025682723155322,TP
BTCUSDT,15m,1,donchian n=50 vol=1.5,trend,LONG,0.0034093619656122,0.0004,0.0030080383572006,TP
BTCUSDT,15m,1,donchian n=50 vol=1.5,trend,SHORT,-0.0059418412951136,0.0007,-0.0066375826003911,SL
BTCUSDT,15m,1,donchian n=50 vol=1.5,trend,LONG,-0.0050030103291746,0.0007,-0.005699408722245,SL
BTCUSDT,15m,1,donchian n=50 vol=1.5,trend,LONG,-0.0074603257736051,0.0007,-0.0081550042915962,SL
BTCUSDT,15m,1,donchian n=50 vol=1.5,trend,LONG,-0.0061416667248495,0.0007,-0.0068372681723087,SL
BTCUSDT,15m,1,donchian n=50 vol=1.5,trend,SHORT,0.003284342050977,0.0004,0.0028830684455303,TP
BTCUSDT,15m,1,donchian n=50 vol=1.5,trend,SHORT,-0.0056312744440227,0.0007,-0.0063272331150393,SL
BTCUSDT,15m,1,donchian n=50 vol=1.5,trend,LONG,-0.0052716159759372,0.0007,-0.0059678263719155,SL
BTCUSDT,15m,1,donchian n=50 vol=1.5,trend,SHORT,0.0034158231678625,0.0004,0.0030144969752283,TP
BTCUSDT,15m,1,donchian n=50 vol=1.5,trend,LONG,-0.0046400453606128,0.0007,-0.0053366977928648,SL
BTCUSDT,15m,1,donchian n=50 vol=1.5,trend,LONG,0.0062542318048698,0.0004,0.005851770362317,TP
BTCUSDT,15m,1,donchian n=50 vol=1.5,trend,LONG,0.0069872065359207,0.0004,0.0065844519327946,TP
BTCUSDT,15m,1,donchian n=50 vol=1.5,trend,LONG,-0.0031962415973738,0.0007,-0.0038939045478797,TIME
BTCUSDT,15m,1,donchian n=50 vol=1.5,trend,LONG,0.0068722728383238,0.0004,0.0064695642040795,TP
BTCUSDT,15m,1,donchian n=50 vol=1.5,trend,SHORT,-0.0063416742629563,0.0007,-0.0070371357251396,SL
BTCUSDT,15m,1,donchian n=50 vol=1.5,trend,LONG,-0.0066163444907907,0.0007,-0.0073116137112816,SL
BTCUSDT,15m,1,donchian n=50 vol=1.5,trend,SHORT,0.0092359446345854,0.0004,0.0088322906261695,TP
BTCUSDT,15m,2,pullback rsi=35,all,LONG,0.0073514080080772,0.0004,0.0069485077389304,TP
BTCUSDT,15m,2,pullback rsi=35,all,LONG,-0.0061639294795388,0.0007,-0.006859515345296,SL
BTCUSDT,15m,2,pullback rsi=35,all,SHORT,0.0007631993396266,0.0007,6.276517640890766e-05,TIME
BTCUSDT,15m,2,pullback rsi=35,all,SHORT,-0.0037141080841889,0.0007,-0.0044114085799407,SL
BTCUSDT,15m,2,pullback rsi=35,all,SHORT,-0.0053481087648619,0.0007,-0.0060442656235373,SL
BTCUSDT,15m,2,pullback rsi=35,all,LONG,-0.0034418444180017,0.0007,-0.0041393354710935,SL
BTCUSDT,15m,2,pullback rsi=35,all,SHORT,0.0058918065875329,0.0004,0.0054894901005702,TP
BTCUSDT,15m,2,pullback rsi=35,all,LONG,-0.0072117751898697,0.0007,-0.0079066276684142,SL
BTCUSDT,15m,2,pullback rsi=35,all,LONG,-0.0052736674112461,0.0007,-0.0059698763714249,SL
BTCUSDT,15m,2,pullback rsi=35,all,LONG,0.0012389052543562,0.0004,0.0008384497418107,TP
BTCUSDT,15m,3,donchian n=20 vol=0.0,trend,SHORT,-0.0024551280950424,0.0007,-0.0031533097508885,SL
BTCUSDT,15m,3,donchian n=20 vol=0.0,trend,SHORT,0.0039865345021368,0.0004,0.0035849800477973,TP
BTCUSDT,15m,3,donchian n=20 vol=0.0,trend,SHORT,-0.0024062077284471,0.0007,-0.0031044236236579,SL
BTCUSDT,15m,3,donchian n=20 vol=0.0,trend,SHORT,-0.0045316624562476,0.0007,-0.0052283907456943,SL
BTCUSDT,15m,3,donchian n=20 vol=0.0,trend,LONG,0.0059165767126571,0.0004,0.0055142503186351,TP
BTCUSDT,15m,3,donchian n=20 vol=0.0,trend,SHORT,-0.003270557687003,0.0007,-0.0039681686236778,SL
BTCUSDT,15m,3,donchian n=20 vol=0.0,trend,LONG,0.0055180484562106,0.0004,0.00511588145755,TP
BTCUSDT,15m,3,donchian n=20 vol=0.0,trend,LONG,-0.003136440010118,0.0007,-0.0038341448157549,SL
BTCUSDT,15m,3,donchian n=20 vol=0.0,trend,SHORT,-0.0037469469665152,0.0007,-0.0044442244783332,SL
BTCUSDT,15m,3,donchian n=20 vol=0.0,trend,LONG,-0.0032720093797052,0.0007,-0.0039696193003402,SL
BTCUSDT,15m,3,donchian n=20 vol=0.0,trend,SHORT,-0.0023536217942071,0.0007,-0.0030518744943133,SL
BTCUSDT,15m,3,donchian n=20 vol=0.0,trend,SHORT,0.0046691744807711,0.0004,0.0042673469977458,TP
BTCUSDT,15m,3,donchian n=20 vol=0.0,trend,SHORT,-0.0024292836765678,0.0007,-0.0031274834209226,SL
BTCUSDT,15m,3,donchian n=20 vol=0.0,trend,SHORT,-0.0024564378930526,0.0007,-0.0031546186321712,SL
BTCUSDT,15m,3,donchian n=20 vol=0.0,trend,SHORT,-0.0020242738739353,0.0007,-0.0027227570846509,SL
BTCUSDT,15m,3,donchian n=20 vol=0.0,trend,SHORT,-0.0021675617847445,0.0007,-0.0028659447082515,SL
BTCUSDT,15m,3,donchian n=20 vol=0.0,trend,LONG,0.0073394220061505,0.0004,0.0069365265309249,TP
BTCUSDT,15m,3,donchian n=20 vol=0.0,trend,LONG,0.0087154502331573,0.0004,0.0083120044016822,TP
BTCUSDT,15m,3,donchian n=20 vol=0.0,trend,LONG,0.0149385720735367,0.0004,0.01453263724225,TP
BTCUSDT,15m,3,donchian n=20 vol=0.0,trend,LONG,-0.0016582290355298,0.0007,-0.0023569684410277,SL
BTCUSDT,15m,3,donchian n=20 vol=0.0,trend,LONG,0.0031086770692652,0.0004,0.0027074737227845,TP
BTCUSDT,15m,3,donchian n=20 vol=0.0,trend,SHORT,-0.0058735388350739,0.0007,-0.0065693279452431,SL
BTCUSDT,15m,3,donchian n=20 vol=0.0,trend,SHORT,0.0083400006999228,0.0004,0.0079367050332428,TP
BTCUSDT,15m,3,donchian n=20 vol=0.0,trend,SHORT,0.0110372648274245,0.0004,0.0106328903629842,TP
BTCUSDT,15m,3,donchian n=20 vol=0.0,trend,SHORT,0.0026897462419326,0.0007,0.0019879636885378,TIME
BTCUSDT,15m,3,donchian n=20 vol=0.0,trend,SHORT,0.0089833635752482,0.0004,0.0085798105891528,TP
BTCUSDT,15m,3,donchian n=20 vol=0.0,trend,SHORT,0.0076716237874286,0.0004,0.0072685954447786,TP
BTCUSDT,15m,3,donchian n=20 vol=0.0,trend,SHORT,-0.0047253061063511,0.0007,-0.0054218988646072,SL
BTCUSDT,15m,3,donchian n=20 vol=0.0,trend,LONG,-0.0057703172841082,0.0007,-0.006466178639041,SL
BTCUSDT,15m,3,donchian n=20 vol=0.0,trend,SHORT,-0.0059575998039294,0.0007,-0.0066533300798266,SL
BTCUSDT,15m,3,donchian n=20 vol=0.0,trend,LONG,0.0089216766519402,0.0004,0.0085181483381464,TP
BTCUSDT,15m,3,donchian n=20 vol=0.0,trend,LONG,-0.0030170933856033,0.0007,-0.0037148817219426,SL
BTCUSDT,15m,3,donchian n=20 vol=0.0,trend,SHORT,0.0054311734243619,0.0004,0.0050290411722391,TP
BTCUSDT,15m,3,donchian n=20 vol=0.0,trend,SHORT,0.0008038627587333,0.0007,0.0001034001351887,TIME
BTCUSDT,15m,3,donchian n=20 vol=0.0,trend,SHORT,-0.0049352197824966,0.0007,-0.0056316656221708,SL
BTCUSDT,15m,3,donchian n=20 vol=0.0,trend,SHORT,-0.0043084293958165,0.0007,-0.0050053139260822,SL
BTCUSDT,15m,3,donchian n=20 vol=0.0,trend,LONG,-0.0044853717996174,0.0007,-0.0051821324878947,SL
BTCUSDT,15m,3,donchian n=20 vol=0.0,trend,SHORT,-0.0053214325560306,0.0007,-0.0060176080853844,SL
BTCUSDT,15m,3,donchian n=20 vol=0.0,trend,SHORT,-0.0053119055475173,0.0007,-0.0060080877448245,TIME
BTCUSDT,15m,3,donchian n=20 vol=0.0,trend,LONG,-0.003049323008727,0.0007,-0.0037470887875532,SL
BTCUSDT,15m,3,donchian n=20 vol=0.0,trend,SHORT,-0.0023853159223655,0.0007,-0.0030835464397512,SL
BTCUSDT,15m,3,donchian n=20 vol=0.0,trend,SHORT,-0.0023312397280935,0.0007,-0.0030295080934078,SL
BTCUSDT,15m,3,donchian n=20 vol=0.0,trend,SHORT,-0.0026213109140899,0.0007,-0.0033193762585812,SL
BTCUSDT,15m,3,donchian n=20 vol=0.0,trend,SHORT,-0.0027859738083226,0.0007,-0.003483923905254,SL
BTCUSDT,15m,3,donchian n=20 vol=0.0,trend,SHORT,-0.0036065892461515,0.0007,-0.004303964994338,SL
BTCUSDT,15m,3,donchian n=20 vol=0.0,trend,LONG,0.004841500114447,0.0007,0.0041382115485171,TIME
BTCUSDT,15m,3,donchian n=20 vol=0.0,trend,LONG,-0.0018812004251966,0.0007,-0.0025797837730189,SL
BTCUSDT,15m,3,donchian n=20 vol=0.0,trend,LONG,0.0043282047771076,0.0004,0.003926513668325,TP
BTCUSDT,15m,3,donchian n=20 vol=0.0,trend,LONG,-0.0040487704067804,0.0007,-0.0047458366723726,SL
BTCUSDT,15m,3,donchian n=20 vol=0.0,trend,LONG,-0.0034551304650044,0.0007,-0.0041526122191919,SL
BTCUSDT,15m,3,donchian n=20 vol=0.0,trend,SHORT,-0.0002456871073803,0.0007,-0.0009454151509739,TIME
BTCUSDT,15m,3,donchian n=20 vol=0.0,trend,SHORT,-0.0034261608376823,0.0007,-0.004123662867712,SL
BTCUSDT,15m,3,donchian n=20 vol=0.0,trend,LONG,-0.0026929544174691,0.0007,-0.0033909696186723,SL
BTCUSDT,15m,3,donchian n=20 vol=0.0,trend,SHORT,-0.0017272981357,0.0007,-0.0024259891997348,SL
BTCUSDT,15m,3,donchian n=20 vol=0.0,trend,LONG,-0.0022297010713553,0.0007,-0.0029280405035754,SL
BTCUSDT,15m,3,donchian n=20 vol=0.0,trend,LONG,-0.0025846541222877,0.0007,-0.0032827451228675,SL
BTCUSDT,15m,3,donchian n=20 vol=0.0,trend,LONG,-0.0031125885875296,0.0007,-0.0038103100867771,SL
BTCUSDT,15m,3,donchian n=20 vol=0.0,trend,LONG,-0.0032471220299937,0.0007,-0.0039447493692849,SL
BTCUSDT,15m,3,donchian n=20 vol=0.0,trend,SHORT,-0.0025865466793655,0.0007,-0.0032846363553444,SL
BTCUSDT,15m,3,donchian n=20 vol=0.0,trend,LONG,0.0065860178745708,0.0004,0.0061834237308617,TP
BTCUSDT,15m,3,donchian n=20 vol=0.0,trend,LONG,0.0072247089270761,0.0004,0.0068218593324937,TP
BTCUSDT,15m,3,donchian n=20 vol=0.0,trend,LONG,-0.0050559968060898,0.0007,-0.0057523581139251,SL
BTCUSDT,15m,3,donchian n=20 vol=0.0,trend,SHORT,0.0077182641718351,0.0004,0.0073152171748969,TP
BTCUSDT,15m,3,donchian n=20 vol=0.0,trend,SHORT,0.0085105469196211,0.0004,0.0081071830412753,TP
BTCUSDT,15m,3,donchian n=20 vol=0.0,trend,LONG,-0.0035310100977087,0.0007,-0.0042284387437412,SL
BTCUSDT,15m,4,donchian n=20 vol=0.0,trend,LONG,-0.006559819723177,0.0007,-0.0072551285053528,SL
BTCUSDT,15m,4,donchian n=20 vol=0.0,trend,LONG,0.0071438548692766,0.0004,0.0067410376130832,TP
BTCUSDT,15m,4,donchian n=20 vol=0.0,trend,LONG,-0.006877067145054,0.0007,-0.0075721538857591,SL
BTCUSDT,15m,4,donchian n=20 vol=0.0,trend,SHORT,0.0052297484220752,0.0004,0.0048276967318965,TP
BTCUSDT,15m,4,donchian n=20 vol=0.0,trend,SHORT,0.0056763744887155,0.0004,0.0052741441659751,TP
BTCUSDT,15m,4,donchian n=20 vol=0.0,trend,SHORT,0.009437282302046,0.0004,0.0090335477666165,TP
BTCUSDT,15m,4,donchian n=20 vol=0.0,trend,LONG,0.0014044777025744,0.0007,0.0007035947086304,TIME
BTCUSDT,15m,4,donchian n=20 vol=0.0,trend,SHORT,0.0042748430804205,0.0004,0.0038731733141821,TP
BTCUSDT,15m,4,donchian n=20 vol=0.0,trend,SHORT,0.0047524780212112,0.0004,0.0043506172201017,TP
BTCUSDT,15m,4,donchian n=20 vol=0.0,trend,SHORT,-0.0066495431935876,0.0007,-0.0073447891783062,SL
BTCUSDT,15m,4,donchian n=20 vol=0.0,trend,SHORT,-0.0032029368730135,0.0007,-0.003900595137496,SL
BTCUSDT,15m,4,donchian n=20 vol=0.0,trend,LONG,-0.0005205211925643,0.0007,-0.0012200568797815,TIME
BTCUSDT,15m,4,donchian n=20 vol=0.0,trend,SHORT,0.0016102642265956,0.0004,0.0012096601853155,TP
BTCUSDT,15m,4,donchian n=20 vol=0.0,trend,LONG,0.0020595588233728,0.0004,0.0016587750822258,TP
BTCUSDT,15m,4,donchian n=20 vol=0.0,trend,SHORT,0.0012317338779027,0.0007,0.0005309717873616,TIME
BTCUSDT,15m,4,donchian n=20 vol=0.0,trend,LONG,-0.0045323499190547,0.0007,-0.0052290777273462,SL
BTCUSDT,15m,4,donchian n=20 vol=0.0,trend,LONG,0.0042966545046744,0.0007,0.0035937472761866,TIME
BTCUSDT,15m,4,donchian n=20 vol=0.0,trend,LONG,-0.0046362426232986,0.0007,-0.0053328977170865,SL
BTCUSDT,15m,4,donchian n=20 vol=0.0,trend,SHORT,-0.0042727132332193,0.0007,-0.0049696227612272,SL
BTCUSDT,15m,4,donchian n=20 vol=0.0,trend,SHORT,-0.0039300602253948,0.0007,-0.0046272095762428,TIME
BTCUSDT,15m,4,donchian n=20 vol=0.0,trend,LONG,-0.0037886793040727,0.0007,-0.0044859276074276,SL
BTCUSDT,15m,4,donchian n=20 vol=0.0,trend,SHORT,0.0052628676048052,0.0004,0.0048608026682779,TP
BTCUSDT,15m,4,donchian n=20 vol=0.0,trend,SHORT,0.0062862424283916,0.0004,0.0058837681828698,TP
BTCUSDT,15m,4,donchian n=20 vol=0.0,trend,SHORT,-0.0022461430388789,0.0007,-0.0029444709633659,TIME
BTCUSDT,15m,4,donchian n=20 vol=0.0,trend,SHORT,-0.0053834085229481,0.0007,-0.0060795406753229,SL
BTCUSDT,15m,4,donchian n=20 vol=0.0,trend,LONG,0.0014909735142899,0.0007,0.0007900299819274,TIME
BTCUSDT,15m,4,donchian n=20 vol=0.0,trend,SHORT,-0.0038759618597947,0.0007,-0.004573149074089,SL
BTCUSDT,15m,4,donchian n=20 vol=0.0,trend,SHORT,-0.0052791042049759,0.0007,-0.0059753093599427,SL
BTCUSDT,15m,4,donchian n=20 vol=0.0,trend,LONG,-0.0072826525164942,0.0007,-0.0079774553879978,SL
BTCUSDT,15m,4,donchian n=20 vol=0.0,trend,LONG,-0.0053073438716018,0.0007,-0.0060035292616259,SL
BTCUSDT,15m,4,donchian n=20 vol=0.0,trend,LONG,-0.0048785008357222,0.0007,-0.0055749863729873,SL
BTCUSDT,15m,4,donchian n=20 vol=0.0,trend,SHORT,0.0015131255516241,0.0007,0.0008121665150506,TIME
BTCUSDT,15m,4,donchian n=20 vol=0.0,trend,SHORT,-0.0039070773791022,0.0007,-0.0046042428156445,SL
BTCUSDT,15m,4,donchian n=20 vol=0.0,trend,LONG,-0.0051179034290958,0.0007,-0.0058142214084858,SL
BTCUSDT,15m,4,donchian n=20 vol=0.0,trend,SHORT,0.0015352440637343,0.0007,0.0008342695464143,TIME
BTCUSDT,15m,4,donchian n=20 vol=0.0,trend,LONG,0.0046529991387375,0.0004,0.0042511781252021,TP
BTCUSDT,15m,4,donchian n=20 vol=0.0,trend,SHORT,0.0041628668752838,0.0004,0.0037612418950483,TP
BTCUSDT,15m,4,donchian n=20 vol=0.0,trend,SHORT,0.0038567176882089,0.0004,0.0034552151554023,TP
BTCUSDT,15m,4,donchian n=20 vol=0.0,trend,LONG,0.0085125207584424,0.0004,0.0081091560906398,TP
BTCUSDT,15m,4,donchian n=20 vol=0.0,trend,SHORT,0.0041258827534847,0.0004,0.0037242725654187,TP
BTCUSDT,15m,4,donchian n=20 vol=0.0,trend,SHORT,-0.0020502625357461,0.0007,-0.0027487275569972,TIME
BTCUSDT,15m,4,donchian n=20 vol=0.0,trend,SHORT,0.0027845880049889,0.0004,0.0023835142811707,TP
BTCUSDT,15m,4,donchian n=20 vol=0.0,trend,SHORT,0.0055041829232413,0.0004,0.0051020214702395,TP
BTCUSDT,15m,4,donchian n=20 vol=0.0,trend,SHORT,-0.006699473440086,0.0007,-0.0073946844786252,SL
BTCUSDT,15m,4,donchian n=20 vol=0.0,trend,LONG,-0.0073999238818997,0.0007,-0.0080946446751747,SL
BTCUSDT,15m,4,donchian n=20 vol=0.0,trend,SHORT,0.0077720820949891,0.0004,0.0073690135730346,TP
BTCUSDT,15m,4,donchian n=20 vol=0.0,trend,SHORT,-0.0088997771671848,0.0007,-0.0095934482131453,SL
BTCUSDT,15m,4,donchian n=20 vol=0.0,trend,LONG,-0.0019239395589436,0.0007,-0.0026224929936462,TIME
BTCUSDT,15m,4,donchian n=20 vol=0.0,trend,SHORT,-0.0047168076852888,0.0007,-0.0054134063915898,SL
BTCUSDT,15m,4,donchian n=20 vol=0.0,trend,LONG,0.0068687682524025,0.0004,0.0064660610198523,TP
BTCUSDT,15m,4,donchian n=20 vol=0.0,trend,LONG,-0.0059004089697718,0.0007,-0.0065961792735338,SL
BTCUSDT,15m,4,donchian n=20 vol=0.0,trend,SHORT,-0.0048184955900009,0.0007,-0.0055150231249374,SL
BTCUSDT,15m,4,donchian n=20 vol=0.0,trend,SHORT,-0.0040606673534924,0.0007,-0.0047577252924115,SL
BTCUSDT,15m,4,donchian n=20 vol=0.0,trend,LONG,-0.0045666457617964,0.0007,-0.0052633495664277,SL
BTCUSDT,15m,4,donchian n=20 vol=0.0,trend,LONG,-0.0056822195167312,0.0007,-0.0063781425312915,SL
BTCUSDT,15m,4,donchian n=20 vol=0.0,trend,SHORT,0.0071787533200723,0.0004,0.0067759221058945,TP
BTCUSDT,15m,4,donchian n=20 vol=0.0,trend,SHORT,0.0037088215469535,0.0007,0.003006325742753,TIME
BTCUSDT,15m,4,donchian n=20 vol=0.0,trend,SHORT,-0.0050350409220395,0.0007,-0.0057314168968981,SL
BTCUSDT,15m,4,donchian n=20 vol=0.0,trend,LONG,-0.0044553391387613,0.0007,-0.0051521208468979,SL
BTCUSDT,15m,4,donchian n=20 vol=0.0,trend,LONG,-0.0035613587101686,0.0007,-0.0042587661152072,SL
BTCUSDT,15m,4,donchian n=20 vol=0.0,trend,SHORT,-0.0031774406770798,0.0007,-0.0038751167863498,SL
BTCUSDT,15m,4,donchian n=20 vol=0.0,trend,LONG,-0.0015457768424461,0.0007,-0.002244594953234,TIME
BTCUSDT,15m,4,donchian n=20 vol=0.0,trend,LONG,0.0022125534404179,0.0004,0.0018117085075439,TP
BTCUSDT,15m,4,donchian n=20 vol=0.0,trend,SHORT,-0.0029960257180413,0.0007,-0.0036938287996411,SL
BTCUSDT,15m,4,donchian n=20 vol=0.0,trend,SHORT,-0.0031289654029952,0.0007,-0.0038266754401096,SL
BTCUSDT,15m,4,donchian n=20 vol=0.0,trend,LONG,0.0031221716959635,0.0004,0.002720962952172,TP
BTCUSDT,15m,4,donchian n=20 vol=0.0,trend,LONG,-0.0030450379703407,0.0007,-0.0037428067482652,SL
BTCUSDT,15m,4,donchian n=20 vol=0.0,trend,SHORT,-0.00533150168789,0.0007,-0.0060276701698585,SL
BTCUSDT,15m,4,donchian n=20 vol=0.0,trend,LONG,0.0052196458313993,0.0004,0.0048175981818527,TP
BTCUSDT,15m,4,donchian n=20 vol=0.0,trend,LONG,-0.0061267080680675,0.0007,-0.0068223199850905,SL
BTCUSDT,15m,4,donchian n=20 vol=0.0,trend,LONG,-0.0003532163033728,0.0007,-0.0010528690872819,TIME
BTCUSDT,15m,4,donchian n=20 vol=0.0,trend,SHORT,-0.0043464704714093,0.0007,-0.0050433283767263,SL
BTCUSDT,15m,4,donchian n=20 vol=0.0,trend,LONG,0.0037026147363598,0.0004,0.0033011738385699,TP
BTCUSDT,15m,4,donchian n=20 vol=0.0,trend,LONG,-0.0068596144892754,0.0007,-0.0075547134450942,SL
BTCUSDT,15m,4,donchian n=20 vol=0.0,trend,SHORT,-0.0039250397184471,0.0007,-0.0046221925831482,SL
BTCUSDT,15m,4,donchian n=20 vol=0.0,trend,SHORT,0.0041545921517658,0.0004,0.003752970481089,TP
BTCUSDT,15m,4,donchian n=20 vol=0.0,trend,SHORT,0.004149866048179,0.0004,0.0037482462677544,TP
BTCUSDT,15m,4,donchian n=20 vol=0.0,trend,SHORT,-0.003318630592048,0.0007,-0.0040162078824965,TIME
BTCUSDT,15m,4,donchian n=20 vol=0.0,trend,LONG,0.001553247683636,0.0004,0.0011526664466925,TP
BTCUSDT,15m,4,donchian n=20 vol=0.0,trend,LONG,0.0018145493495416,0.0004,0.0014138636023837,TP
BTCUSDT,15m,4,donchian n=20 vol=0.0,trend,LONG,-0.005028762167255,0.0007,-0.0057251425366141,SL
BTCUSDT,15m,4,donchian n=20 vol=0.0,trend,SHORT,-0.0036142924564889,0.0007,-0.0043116628131986,SL
BTCUSDT,15m,4,donchian n=20 vol=0.0,trend,SHORT,0.0033216152493154,0.0004,0.0029203267360802,TP
BTCUSDT,15m,4,donchian n=20 vol=0.0,trend,SHORT,-0.003660225981485,0.0007,-0.0043575641893204,SL
BTCUSDT,15m,4,donchian n=20 vol=0.0,trend,LONG,0.0041466206615738,0.0004,0.0037450021791742,TP
BTCUSDT,15m,4,donchian n=20 vol=0.0,trend,LONG,-0.0045292911236655,0.0007,-0.0052260210728078,SL
BTCUSDT,15m,4,donchian n=20 vol=0.0,trend,SHORT,0.0034480955227164,0.0004,0.0030467564224314,TP
BTCUSDT,15m,4,donchian n=20 vol=0.0,trend,SHORT,0.005594216368989,0.0004,0.0051920189062102,TP
BTCUSDT,15m,4,donchian n=20 vol=0.0,trend,SHORT,-0.0051380173494071,0.0007,-0.0058343212510643,SL
BTCUSDT,15m,4,donchian n=20 vol=0.0,trend,LONG,-0.003558604407903,0.0007,-0.0042560137406778,SL
BTCUSDT,15m,4,donchian n=20 vol=0.0,trend,SHORT,-0.0031779733419268,0.0007,-0.0038756490783847,SL
BTCUSDT,15m,4,donchian n=20 vol=0.0,trend,SHORT,-0.0048373043727677,0.0007,-0.0055338187434371,SL
BTCUSDT,15m,4,donchian n=20 vol=0.0,trend,LONG,-0.0060457095873387,0.0007,-0.0067413781951984,SL
BTCUSDT,15m,4,donchian n=20 vol=0.0,trend,LONG,0.0035138024509492,0.0004,0.0031124370705211,TP
BTCUSDT,15m,4,donchian n=20 vol=0.0,trend,LONG,0.0033675760200341,0.0004,0.0029662691243292,TP
BTCUSDT,15m,4,donchian n=20 vol=0.0,trend,LONG,-0.0038473230204579,0.0007,-0.0045445302790758,SL
BTCUSDT,15m,4,donchian n=20 vol=0.0,trend,SHORT,-0.0030386402958126,0.0007,-0.0037364135514694,SL
BTCUSDT,15m,4,donchian n=20 vol=0.0,trend,LONG,0.004181404105653,0.0004,0.0037797717112668,TP
BTCUSDT,15m,4,donchian n=20 vol=0.0,trend,LONG,-0.0041709509591894,0.0007,-0.0048679317106131,SL
BTCUSDT,15m,4,donchian n=20 vol=0.0,trend,LONG,-0.0020480980049303,0.0007,-0.0027465645411366,SL
BTCUSDT,15m,4,donchian n=20 vol=0.0,trend,SHORT,0.001691281554066,0.0004,0.0012906451090957,TP
BTCUSDT,15m,4,donchian n=20 vol=0.0,trend,SHORT,0.0024969214491061,0.0004,0.0020959627804033,TP
BTCUSDT,15m,4,donchian n=20 vol=0.0,trend,SHORT,-0.0019647723863737,0.0007,-0.0026632972421803,SL
BTCUSDT,15m,4,donchian n=20 vol=0.0,trend,LONG,-0.0020988290916015,0.0007,-0.0027972601211202,SL
BTCUSDT,15m,4,donchian n=20 vol=0.0,trend,SHORT,-0.0024082690842769,0.0007,-0.0031064835367448,SL
BTCUSDT,15m,4,donchian n=20 vol=0.0,trend,SHORT,-0.0031823759588474,0.0007,-0.0038800486139137,SL
BTCUSDT,15m,4,donchian n=20 vol=0.0,trend,SHORT,-0.0032601992788305,0.0007,-0.0039578174653552,SL
BTCUSDT,15m,4,donchian n=20 vol=0.0,trend,SHORT,0.002893144888347,0.0004,0.0024920277461177,TP
BTCUSDT,15m,4,donchian n=20 vol=0.0,trend,SHORT,-0.004007919949662,0.0007,-0.0047050148064892,SL
BTCUSDT,15m,4,donchian n=20 vol=0.0,trend,LONG,-0.004199768150714,0.0007,-0.0048967287329854,SL
BTCUSDT,15m,4,donchian n=20 vol=0.0,trend,SHORT,-0.0035554260427624,0.0007,-0.0042528376000749,SL
BTCUSDT,15m,4,donchian n=20 vol=0.0,trend,SHORT,0.0067088738528043,0.0004,0.0063062305716181,TP
BTCUSDT,15m,4,donchian n=20 vol=0.0,trend,LONG,-0.0053905010650591,0.0007,-0.0060866282533637,SL
BTCUSDT,15m,4,donchian n=20 vol=0.0,trend,SHORT,-0.0048699152203581,0.0007,-0.0055664067666952,SL
BTCUSDT,15m,4,donchian n=20 vol=0.0,trend,SHORT,0.0038208913206588,0.0004,0.0034194031169663,TP
BTCUSDT,15m,4,donchian n=20 vol=0.0,trend,LONG,0.0018520293560674,0.0007,0.001150833120721,TIME
BTCUSDT,15m,4,donchian n=20 vol=0.0,trend,SHORT,0.0049054322552947,0.0004,0.0045035102786101,TP
BTCUSDT,15m,4,donchian n=20 vol=0.0,trend,SHORT,-0.0054735229741008,0.0007,-0.0061695920553711,SL
BTCUSDT,15m,4,donchian n=20 vol=0.0,trend,LONG,-0.0037885847874009,0.0007,-0.0044858331569082,SL
BTCUSDT,15m,4,donchian n=20 vol=0.0,trend,SHORT,0.004209410568196,0.0004,0.0038077669723453,TP
BTCUSDT,15m,4,donchian n=20 vol=0.0,trend,LONG,0.0033287339947547,0.0007,0.0026265042138318,TIME
BTCUSDT,15m,4,donchian n=20 vol=0.0,trend,SHORT,0.0041178522788884,0.0004,0.0037162453026911,TP
BTCUSDT,15m,4,donchian n=20 vol=0.0,trend,SHORT,-0.0066436528549062,0.0007,-0.007338902962273,SL
BTCUSDT,15m,4,donchian n=20 vol=0.0,trend,SHORT,0.0072115357889876,0.0004,0.0068086914631335,TP
BTCUSDT,15m,4,donchian n=20 vol=0.0,trend,SHORT,-0.0051013397934007,0.0007,-0.0057976693656792,SL
BTCUSDT,15m,4,donchian n=20 vol=0.0,trend,LONG,-0.0046053267603963,0.0007,-0.0053020034921966,SL
BTCUSDT,15m,4,donchian n=20 vol=0.0,trend,SHORT,-0.0048436652505836,0.0007,-0.0055401751692747,SL
BTCUSDT,15m,5,vwap n=48 k=3.0,trend,LONG,0.0018316472407658,0.0004,0.0014309546551354,TP
BTCUSDT,15m,5,vwap n=48 k=3.0,trend,SHORT,0.0011824558140771,0.0004,0.0007820228790498,TP
BTCUSDT,15m,5,vwap n=48 k=3.0,trend,SHORT,0.0017351890045501,0.0004,0.0013345349983557,TP
BTCUSDT,15m,5,vwap n=48 k=3.0,trend,SHORT,0.0041285118774306,0.0004,0.0037269006378199,TP
BTCUSDT,15m,5,vwap n=48 k=3.0,trend,SHORT,-0.0050201558825792,0.0007,-0.0057165422754769,SL
BTCUSDT,15m,5,vwap n=48 k=3.0,trend,SHORT,-0.0030140069729195,0.0007,-0.0037117974694391,TIME
BTCUSDT,15m,5,vwap n=48 k=3.0,trend,SHORT,-0.0042511264002977,0.0007,-0.00494805103693,SL
BTCUSDT,15m,5,vwap n=48 k=3.0,trend,SHORT,0.004109074947284,0.0004,0.0037074714816682,TP
BTCUSDT,15m,5,vwap n=48 k=3.0,trend,LONG,-0.0033347121298274,0.0007,-0.0040322781648076,SL
BTCUSDT,15m,5,vwap n=48 k=3.0,trend,LONG,-0.0033952893648702,0.0007,-0.0040928130018437,SL
BTCUSDT,15m,5,vwap n=48 k=3.0,trend,LONG,0.0038686932552506,0.0004,0.0034671859326962,TP
BTCUSDT,15m,5,vwap n=48 k=3.0,trend,SHORT,-0.0047525997649475,0.0007,-0.0054491734203719,SL
BTCUSDT,15m,5,vwap n=48 k=3.0,trend,SHORT,0.0051479251036326,0.0004,0.004745906139508,TP
BTCUSDT,15m,5,vwap n=48 k=3.0,trend,SHORT,-0.0046783384745782,0.0007,-0.0053749641054797,SL
BTCUSDT,15m,5,vwap n=48 k=3.0,trend,SHORT,-0.0059106335657942,0.0007,-0.0066063967133614,SL
BTCUSDT,15m,5,vwap n=48 k=3.0,trend,SHORT,-0.0051004009170093,0.0007,-0.0057967311464074,SL
BTCUSDT,15m,5,vwap n=48 k=3.0,trend,SHORT,0.0052363610221171,0.0004,0.0048343066871625,TP
BTCUSDT,15m,5,vwap n=48 k=3.0,trend,SHORT,-0.0047226270368368,0.0007,-0.0054192216701737,SL
BTCUSDT,15m,5,vwap n=48 k=3.0,trend,LONG,0.0033308860481075,0.0004,0.0029295938269238,TP
BTCUSDT,15m,5,vwap n=48 k=3.0,trend,LONG,0.0029049264798084,0.0004,0.0025038046254137,TP
BTCUSDT,15m,5,vwap n=48 k=3.0,trend,SHORT,-0.0023363789880404,0.0007,-0.0030346437563866,SL
BTCUSDT,15m,5,vwap n=48 k=3.0,trend,SHORT,-0.0043922607584325,0.0007,-0.0050890866151276,SL
BTCUSDT,15m,5,vwap n=48 k=3.0,trend,LONG,-0.0050879634000362,0.0007,-0.0057843023344524,SL
BTCUSDT,15m,5,vwap n=48 k=3.0,trend,LONG,-0.0047676794719213,0.0007,-0.0054642425730588,SL
BTCUSDT,15m,5,vwap n=48 k=3.0,trend,LONG,0.0040765382202183,0.0004,0.0036749477679918,TP
BTCUSDT,15m,5,vwap n=48 k=3.0,trend,LONG,-0.0080861764814102,0.0007,-0.0087804169664907,SL
BTCUSDT,15m,5,vwap n=48 k=3.0,trend,LONG,-0.009976196035133,0.0007,-0.0106691136955279,SL
BTCUSDT,15m,5,vwap n=48 k=3.0,trend,LONG,0.0094753006978409,0.0004,0.0090715509565739,TP
BTCUSDT,15m,5,vwap n=48 k=3.0,trend,LONG,-0.0094740862381493,0.0007,-0.010167355325191,SL
BTCUSDT,15m,5,vwap n=48 k=3.0,trend,SHORT,-0.010679161591258,0.0007,-0.0113715872460602,SL
BTCUSDT,15m,5,vwap n=48 k=3.0,trend,SHORT,-0.0089173247176141,0.0007,-0.0096109834820442,SL
BTCUSDT,15m,5,vwap n=48 k=3.0,trend,LONG,-0.0071598731833582,0.0007,-0.0078547619881171,SL
BTCUSDT,15m,5,vwap n=48 k=3.0,trend,LONG,-0.0079968339320827,0.0007,-0.0086911369480136,SL
BTCUSDT,15m,5,vwap n=48 k=3.0,trend,SHORT,0.0085961718897057,0.0004,0.0081927737647966,TP
BTCUSDT,15m,5,vwap n=48 k=3.0,trend,LONG,0.0090326622307604,0.0004,0.0086290895271747,TP
BTCUSDT,15m,5,vwap n=48 k=3.0,trend,LONG,-0.0010171787709496,0.0007,-0.0017163668475277,TIME
BTCUSDT,15m,5,vwap n=48 k=3.0,trend,SHORT,0.0020318392746708,0.0007,0.0013305171903625,TIME
BTCUSDT,15m,5,vwap n=48 k=3.0,trend,SHORT,-0.0048853863641654,0.0007,-0.005581867082249,SL
BTCUSDT,15m,5,vwap n=48 k=3.0,trend,SHORT,0.0126025112916237,0.0004,0.0121975107912075,TP
BTCUSDT,15m,5,vwap n=48 k=3.0,trend,LONG,-0.0042607463672391,0.0007,-0.0049576642708566,TIME
BTCUSDT,15m,5,vwap n=48 k=3.0,trend,SHORT,-0.0057123953974905,0.0007,-0.0064082972919518,SL
BTCUSDT,15m,5,vwap n=48 k=3.0,trend,SHORT,0.0061307023117911,0.0004,0.0057282902760946,TP
BTCUSDT,15m,5,vwap n=48 k=3.0,trend,SHORT,0.0049035131619086,0.0004,0.0045015919527844,TP
BTCUSDT,15m,5,vwap n=48 k=3.0,trend,SHORT,-0.0013475707065275,0.0007,-0.00204652754179,TIME
BTCUSDT,15m,5,vwap n=48 k=3.0,trend,SHORT,0.002995131349131,0.0004,0.0025939734163964,TP
BTCUSDT,15m,5,vwap n=48 k=3.0,trend,SHORT,-0.0037648229785526,0.0007,-0.0044620879789498,SL
BTCUSDT,15m,5,vwap n=48 k=3.0,trend,SHORT,-0.0046938993948759,0.0007,-0.0053905141346894,SL
BTCUSDT,15m,5,vwap n=48 k=3.0,trend,SHORT,0.0011369532091104,0.0007,0.0004362574555594,TIME
BTCUSDT,15m,5,vwap n=48 k=3.0,trend,SHORT,-0.0060656038401375,0.0007,-0.0067612585240097,SL
BTCUSDT,15m,5,vwap n=48 k=3.0,trend,SHORT,0.0049606847833067,0.0004,0.0045587407078209,TP
BTCUSDT,15m,5,vwap n=48 k=3.0,trend,LONG,-0.005108767653986,0.0007,-0.005805092027505,SL
BTCUSDT,15m,5,vwap n=48 k=3.0,trend,SHORT,-0.003926075749423,0.0007,-0.0046232278890059,SL
BTCUSDT,15m,5,vwap n=48 k=3.0,trend,SHORT,0.004552599613804,0.0004,0.0041508187560626,TP
BTCUSDT,15m,5,vwap n=48 k=3.0,trend,LONG,-0.0039869596647737,0.0007,-0.0046840691917043,TIME
BTCUSDT,15m,5,vwap n=48 k=3.0,trend,LONG,0.0068991997223324,0.0004,0.0064964803184115,TP
BTCUSDT,15m,5,vwap n=48 k=3.0,trend,LONG,0.0105383489086975,0.0004,0.0101341739906681,TP
BTCUSDT,15m,5,vwap n=48 k=3.0,trend,LONG,0.0092708750363302,0.0004,0.0088672070571507,TP
BTCUSDT,15m,5,vwap n=48 k=3.0,trend,LONG,-0.0080555347799357,0.0007,-0.0087497967111431,SL
BTCUSDT,15m,5,vwap n=48 k=3.0,trend,LONG,-0.0093616712140774,0.0007,-0.0100550189803946,SL
BTCUSDT,15m,5,vwap n=48 k=3.0,trend,LONG,0.0095351426901169,0.0004,0.0091313690144465,TP
BTCUSDT,15m,5,vwap n=48 k=3.0,trend,SHORT,-0.0080448048559948,0.0007,-0.0087390742970759,SL
BTCUSDT,15m,5,vwap n=48 k=3.0,trend,SHORT,0.0021940768994614,0.0007,0.0014926412650397,TIME
BTCUSDT,15m,5,vwap n=48 k=3.0,trend,LONG,-0.0072158304182981,0.0007,-0.0079106800585883,SL
BTCUSDT,15m,5,vwap n=48 k=3.0,trend,LONG,-0.0087762847796868,0.0007,-0.0094700422579695,SL
BTCUSDT,15m,5,vwap n=48 k=3.0,trend,SHORT,0.0017593299956674,0.0007,0.0010581986406035,TIME
BTCUSDT,15m,5,vwap n=48 k=3.0,trend,LONG,0.0114661052997046,0.0004,0.011061559316229,TP
BTCUSDT,15m,5,vwap n=48 k=3.0,trend,SHORT,-0.0116337563413019,0.0007,-0.0123255138752386,SL
BTCUSDT,15m,5,vwap n=48 k=3.0,trend,SHORT,0.0034473730016594,0.0007,0.0027450601852958,TIME
BTCUSDT,15m,5,vwap n=48 k=3.0,trend,SHORT,-0.0070177571880102,0.0007,-0.0077127454597542,SL
BTCUSDT,15m,5,vwap n=48 k=3.0,trend,SHORT,-0.0070924573725759,0.0007,-0.0077873933616608,SL
BTCUSDT,15m,5,vwap n=48 k=3.0,trend,SHORT,-0.0084466092619769,0.0007,-0.0091405974801543,SL
BTCUSDT,15m,5,vwap n=48 k=3.0,trend,SHORT,-0.002195943291911,0.0007,-0.002894306351201,TIME
BTCUSDT,15m,5,vwap n=48 k=3.0,trend,LONG,0.006711314347051,0.0004,0.0063086700897645,TP
BTCUSDT,15m,6,breakout n=20,range,SHORT,-0.00047012532492,0.0007,-0.0011696962842051,TIME
BTCUSDT,15m,6,breakout n=20,range,SHORT,0.0106496565975851,0.0004,0.0102454371609324,TP
BTCUSDT,15m,6,breakout n=20,range,SHORT,0.0029534294770422,0.0007,0.0022514623717513,TIME
BTCUSDT,15m,6,breakout n=20,range,LONG,0.0140181551099188,0.0004,0.0136125884086011,TP
BTCUSDT,15m,6,breakout n=20,range,LONG,-0.0075466797620893,0.0007,-0.0082412978409237,SL
BTCUSDT,15m,6,breakout n=20,range,SHORT,-0.0029914422298524,0.0007,-0.0036892485194356,SL
BTCUSDT,15m,6,breakout n=20,range,LONG,-0.0030960635293885,0.0007,-0.0037937965945242,SL
BTCUSDT,15m,6,breakout n=20,range,LONG,-0.0034437634012315,0.0007,-0.004141253111227,SL
BTCUSDT,15m,6,breakout n=20,range,SHORT,0.0072739730976916,0.0004,0.0068711037994115,TP
BTCUSDT,15m,6,breakout n=20,range,SHORT,0.012179355101009,0.0004,0.0117745238461428,TP
BTCUSDT,15m,6,breakout n=20,range,LONG,-0.0095015435206268,0.0007,-0.0101947933903165,SL
BTCUSDT,15m,6,breakout n=20,range,SHORT,0.0089036517678011,0.0004,0.0085001306632401,TP
BTCUSDT,15m,6,breakout n=20,range,SHORT,-0.0073974549938489,0.0007,-0.0080921775150986,SL
BTCUSDT,15m,6,breakout n=20,range,LONG,-0.0068374281078765,0.0007,-0.0075325425919436,SL
BTCUSDT,15m,6,breakout n=20,range,LONG,0.0135827600031704,0.0004,0.0131773674424795,TP
BTCUSDT,15m,6,breakout n=20,range,SHORT,-0.00136625814892,0.0007,-0.0020652019048414,TIME
BTCUSDT,15m,6,breakout n=20,range,SHORT,0.0084244284453836,0.0004,0.0080210990109828,TP
BTCUSDT,15m,6,breakout n=20,range,LONG,-0.0085943837756663,0.0007,-0.0092882685664617,SL
BTCUSDT,15m,6,breakout n=20,range,LONG,-0.0056257901641645,0.0007,-0.0063217526736285,SL
BTCUSDT,15m,6,breakout n=20,range,SHORT,0.0218566241688875,0.0004,0.0214479223934849,TP
BTCUSDT,15m,6,breakout n=20,range,LONG,0.003978032540335,0.0004,0.0035764814864402,TP
BTCUSDT,15m,6,breakout n=20,range,LONG,-0.004068343749679,0.0007,-0.0047653963158886,SL
BTCUSDT,15m,6,breakout n=20,range,LONG,0.0041414791044404,0.0004,0.0037398626784579,TP
BTCUSDT,15m,6,breakout n=20,range,LONG,-0.0031979725211418,0.0007,-0.0038956342601742,SL
BTCUSDT,15m,7,breakout n=20,range,SHORT,-0.0047409031843142,0.0007,-0.0054374850261754,SL
BTCUSDT,15m,7,breakout n=20,range,SHORT,-0.0020638219362848,0.0007,-0.0027622774673116,SL
BTCUSDT,15m,7,breakout n=20,range,SHORT,0.002265818947213,0.0004,0.0018649527102669,TP
BTCUSDT,15m,7,breakout n=20,range,LONG,-0.002952330235391,0.0007,-0.0036501638994592,SL
BTCUSDT,15m,7,breakout n=20,range,LONG,0.0038278277814541,0.0004,0.0034263368034546,TP
BTCUSDT,15m,7,breakout n=20,range,LONG,0.0062930180887446,0.0004,0.0058905411332299,TP
BTCUSDT,15m,7,breakout n=20,range,LONG,-0.0059992419165441,0.0007,-0.0066949430471265,SL
BTCUSDT,15m,7,breakout n=20,range,LONG,-0.0076923618956111,0.0007,-0.0083868780115202,SL
BTCUSDT,15m,7,breakout n=20,range,SHORT,-0.0058785949564533,0.0007,-0.0065743805278433,SL
BTCUSDT,15m,7,breakout n=20,range,SHORT,-0.0031117602453087,0.0007,-0.0038094823243129,TIME
BTCUSDT,15m,7,breakout n=20,range,LONG,-0.0027739914216928,0.0007,-0.0034719499050968,SL
BTCUSDT,15m,7,breakout n=20,range,LONG,0.0028959468757648,0.0004,0.0024948286128523,TP
BTCUSDT,15m,7,breakout n=20,range,LONG,-0.0041385442367826,0.0007,-0.0048355476696712,SL
BTCUSDT,15m,7,breakout n=20,range,LONG,-0.0085269948719364,0.0007,-0.0092209268282255,SL
BTCUSDT,15m,7,breakout n=20,range,SHORT,0.0008799517964534,0.0007,0.000179435918191,TIME
BTCUSDT,15m,7,breakout n=20,range,LONG,0.0015332232134318,0.0004,0.0011326499854753,TP
BTCUSDT,15m,7,breakout n=20,range,LONG,0.0015618754724034,0.0004,0.0011612907846894,TP
BTCUSDT,15m,7,breakout n=20,range,SHORT,0.00269131108788,0.0004,0.0022902746710973,TP
BTCUSDT,15m,7,breakout n=20,range,LONG,-0.0046808081124403,0.0007,-0.0053774320148424,SL
BTCUSDT,15m,7,breakout n=20,range,LONG,0.0059585309696848,0.0004,0.0055561877956382,TP
BTCUSDT,15m,7,breakout n=20,range,LONG,-0.0066102024374357,0.0007,-0.0073054759567495,SL
BTCUSDT,15m,7,breakout n=20,range,LONG,0.0066437781823807,0.0004,0.0062411609368588,TP
BTCUSDT,15m,7,breakout n=20,range,SHORT,-0.0060290296267885,0.0007,-0.0067247099089526,SL
BTCUSDT,15m,7,breakout n=20,range,SHORT,-0.002125857534639,0.0007,-0.0028242696469505,SL
BTCUSDT,15m,7,breakout n=20,range,LONG,-0.0024873136111004,0.0007,-0.0031854727403038,SL
BTCUSDT,15m,7,breakout n=20,range,SHORT,0.0035526797956276,0.0004,0.0031512988658164,TP
BTCUSDT,15m,7,breakout n=20,range,SHORT,-0.0011574753433744,0.0007,-0.0018565652263815,TIME
BTCUSDT,15m,7,breakout n=20,range,LONG,-0.0087073237812598,0.0007,-0.0094011295253452,SL
BTCUSDT,15m,7,breakout n=20,range,SHORT,0.0019225515087269,0.0004,0.0015218225650255,TP
BTCUSDT,15m,7,breakout n=20,range,SHORT,0.0021416459494572,0.0004,0.0017408293767433,TP
BTCUSDT,15m,7,breakout n=20,range,SHORT,-0.0047788310860942,0.0007,-0.005475386382217,SL
BTCUSDT,15m,7,breakout n=20,range,LONG,-0.0069837722247968,0.0007,-0.0076787842826165,SL
BTCUSDT,15m,7,breakout n=20,range,SHORT,-0.0084490022210445,0.0007,-0.0091429887643899,SL
BTCUSDT,15m,7,breakout n=20,range,LONG,0.0019691896696259,0.0007,0.0012679114337763,TIME
BTCUSDT,15m,8,pullback rsi=40,trend,LONG,-0.0026953650020941,0.0007,-0.0033933785161289,SL
BTCUSDT,15m,8,pullback rsi=40,trend,SHORT,-0.0039523540683128,0.0007,-0.0046494878157002,SL
BTCUSDT,15m,8,pullback rsi=40,trend,SHORT,-0.0029711317076818,0.0007,-0.0036689522125994,SL
BTCUSDT,15m,8,pullback rsi=40,trend,SHORT,-0.0033649671374078,0.0007,-0.0040625119969083,SL
BTCUSDT,15m,8,pullback rsi=40,trend,SHORT,-0.0056692365065209,0.0007,-0.00636516860789,SL
BTCUSDT,15m,8,pullback rsi=40,trend,LONG,-0.0024335646412391,0.0007,-0.0031317613893465,SL
BTCUSDT,15m,8,pullback rsi=40,trend,SHORT,-0.0040094207006041,0.0007,-0.0047065145070557,SL
BTCUSDT,15m,8,pullback rsi=40,trend,SHORT,0.0078591770137995,0.0004,0.0074560736573612,TP
BTCUSDT,15m,8,pullback rsi=40,trend,SHORT,-0.0051843484524134,0.0007,-0.0058806199269315,SL
BTCUSDT,15m,8,pullback rsi=40,trend,LONG,0.0131972685655366,0.0004,0.0127920301860011,TP
BTCUSDT,15m,8,pullback rsi=40,trend,LONG,0.0074517687910305,0.0004,0.0070488283815848,TP
BTCUSDT,15m,8,pullback rsi=40,trend,LONG,-0.0038376657841299,0.0007,-0.0045348798018475,SL
BTCUSDT,15m,8,pullback rsi=40,trend,SHORT,0.0070533640652859,0.0004,0.0066505830017944,TP
BTCUSDT,15m,8,pullback rsi=40,trend,SHORT,0.0101980340606629,0.0004,0.0097939952549599,TP
BTCUSDT,15m,8,pullback rsi=40,trend,SHORT,-0.0057653770356463,0.0007,-0.0064612418482589,SL
BTCUSDT,15m,8,pullback rsi=40,trend,LONG,-0.0047433140604236,0.0007,-0.0054398942149127,SL
BTCUSDT,15m,8,pullback rsi=40,trend,LONG,0.0091936099619774,0.0004,0.008789972885737,TP
BTCUSDT,15m,8,pullback rsi=40,trend,LONG,-0.0050101431716488,0.0007,-0.0057065365724429,SL
BTCUSDT,15m,8,pullback rsi=40,trend,LONG,-0.004086844287565,0.0007,-0.004783883905248,SL
BTCUSDT,15m,8,pullback rsi=40,trend,SHORT,-0.0027537490002381,0.0007,-0.0034517216513128,SL
BTCUSDT,15m,8,pullback rsi=40,trend,SHORT,-0.0060785556931162,0.0007,-0.0067742013119864,SL
BTCUSDT,15m,8,pullback rsi=40,trend,LONG,0.0073473721196726,0.0004,0.0069444734647197,TP
BTCUSDT,15m,8,pullback rsi=40,trend,LONG,-0.0046215182929045,0.0007,-0.0053181836922512,SL
BTCUSDT,15m,8,pullback rsi=40,trend,LONG,0.0109962158578049,0.0004,0.0105918578113104,TP
BTCUSDT,15m,8,pullback rsi=40,trend,LONG,-0.0068067882029804,0.0007,-0.007501924131917,SL
BTCUSDT,15m,8,pullback rsi=40,trend,LONG,-0.0036201637744606,0.0007,-0.0043175300218347,SL
BTCUSDT,15m,8,pullback rsi=40,trend,LONG,-0.0061229605969317,0.0007,-0.0068185751368098,SL
BTCUSDT,15m,8,pullback rsi=40,trend,LONG,-0.0065671690771475,0.0007,-0.0072624727155103,SL
BTCUSDT,15m,8,pullback rsi=40,trend,LONG,0.0089107163801626,0.0004,0.0085071924500392,TP
BTCUSDT,15m,8,pullback rsi=40,trend,LONG,0.0025320743225959,0.0007,0.0018304021237778,TIME
BTCUSDT,15m,8,pullback rsi=40,trend,LONG,-0.0035745266699108,0.0007,-0.0042719248586945,SL
BTCUSDT,15m,8,pullback rsi=40,trend,SHORT,-0.0008196775143172,0.0007,-0.0015190038220248,TIME
BTCUSDT,15m,8,pullback rsi=40,trend,SHORT,-0.0042206027649231,0.0007,-0.0049175487650479,SL
BTCUSDT,15m,8,pullback rsi=40,trend,SHORT,-0.0037282279242318,0.0007,-0.0044255185375076,SL
BTCUSDT,15m,8,pullback rsi=40,trend,SHORT,0.0072087854385002,0.0004,0.0068059422126764,TP
BTCUSDT,15m,8,pullback rsi=40,trend,LONG,-0.0034343201902267,0.0007,-0.0041318165095254,SL
BTCUSDT,15m,8,pullback rsi=40,trend,LONG,0.0085959403031678,0.0004,0.0081925422708843,TP
BTCUSDT,15m,9,donchian n=50 vol=1.5,range,SHORT,0.0066618347645911,0.0004,0.0062592102971588,TP
BTCUSDT,15m,9,donchian n=50 vol=1.5,range,LONG,-0.0072464404123611,0.0007,-0.0079412686287164,SL
BTCUSDT,15m,9,donchian n=50 vol=1.5,range,LONG,-0.0134654387096708,0.0007,-0.0141559142491178,SL
BTCUSDT,15m,9,donchian n=50 vol=1.5,range,LONG,0.0017361990900533,0.0004,0.0013355446798652,TP
BTCUSDT,15m,9,donchian n=50 vol=1.5,range,LONG,-0.0022393173395572,0.0007,-0.0029376500413511,TIME
BTCUSDT,15m,9,donchian n=50 vol=1.5,range,SHORT,-0.0025552301702627,0.0007,-0.0032533417646665,SL
BTCUSDT,15m,9,donchian n=50 vol=1.5,range,SHORT,-0.0032187095927004,0.0007,-0.0039163568178564,SL
BTCUSDT,15m,9,donchian n=50 vol=1.5,range,LONG,0.0040657265645007,0.0004,0.003664140436504,TP
BTCUSDT,15m,9,donchian n=50 vol=1.5,range,LONG,0.0058518919446711,0.0004,0.0054495914219692,TP
BTCUSDT,15m,9,donchian n=50 vol=1.5,range,LONG,0.0065327043631182,0.0004,0.0061301315426811,TP
BTCUSDT,15m,9,donchian n=50 vol=1.5,range,SHORT,-0.0075539825888224,0.0007,-0.0082485955564084,SL
BTCUSDT,15m,9,donchian n=50 vol=1.5,range,LONG,0.00816405242401,0.0004,0.0077608271296025,TP
BTCUSDT,15m,9,donchian n=50 vol=1.5,range,SHORT,-0.004398830868709,0.0007,-0.005095652126984,SL
BTCUSDT,15m,9,donchian n=50 vol=1.5,range,LONG,-0.0053128414049088,0.0007,-0.0060090229472093,SL
BTCUSDT,15m,9,donchian n=50 vol=1.5,range,SHORT,0.0075356035752756,0.0004,0.0071326296352696,TP
BTCUSDT,15m,9,donchian n=50 vol=1.5,range,LONG,-0.0089375616653268,0.0007,-0.0096312062659172,SL
BTCUSDT,15m,9,donchian n=50 vol=1.5,range,SHORT,-0.0100890631621915,0.0007,-0.0107819018268843,SL
BTCUSDT,15m,9,donchian n=50 vol=1.5,range,LONG,0.0074165403131276,0.0004,0.007013613993664,TP
BTCUSDT,15m,9,donchian n=50 vol=1.5,range,SHORT,-0.0043473599487461,0.0007,-0.0050442172315179,SL
BTCUSDT,15m,9,donchian n=50 vol=1.5,range,LONG,-0.0022027463229973,0.0007,-0.0029011046208458,SL
BTCUSDT,15m,9,donchian n=50 vol=1.5,range,SHORT,-0.0025955748457041,0.0007,-0.0032936582028696,SL
BTCUSDT,15m,9,donchian n=50 vol=1.5,range,LONG,0.0026104989757981,0.0004,0.0022094948806279,TP
BTCUSDT,15m,9,donchian n=50 vol=1.5,range,LONG,-0.0034207012122297,0.0007,-0.0041182070634512,SL
BTCUSDT,15m,9,donchian n=50 vol=1.5,range,SHORT,-0.0006767071362649,0.0007,-0.00137613350894,TIME
BTCUSDT,15m,9,donchian n=50 vol=1.5,range,LONG,-0.0042790543432977,0.0007,-0.0049759594331628,SL
BTCUSDT,15m,9,donchian n=50 vol=1.5,range,SHORT,0.0067170645711533,0.0004,0.0063144180140075,TP
BTCUSDT,15m,9,donchian n=50 vol=1.5,range,SHORT,-0.0090900692581447,0.0007,-0.0097836071186708,SL
BTCUSDT,15m,9,donchian n=50 vol=1.5,range,LONG,0.0036114801493002,0.0004,0.0032100757016997,TP
BTCUSDT,15m,9,donchian n=50 vol=1.5,range,SHORT,-0.0049383094225022,0.0007,-0.0056347530997373,SL
BTCUSDT,15m,9,donchian n=50 vol=1.5,range,SHORT,0.0062740833738031,0.0004,0.005871613991417,TP
BTCUSDT,15m,10,pullback rsi=40,all,LONG,0.0024853158945228,0.0004,0.0020843618675778,TP
BTCUSDT,15m,10,pullback rsi=40,all,LONG,-0.0022615351637728,0.0007,-0.0029598523153115,SL
BTCUSDT,15m,10,pullback rsi=40,all,LONG,0.0053605436115187,0.0004,0.004958439608496,TP
BTCUSDT,15m,10,pullback rsi=40,all,LONG,-0.0023783851369224,0.0007,-0.0030766205051649,SL
BTCUSDT,15m,10,pullback rsi=40,all,SHORT,0.0050490733610739,0.0004,0.0046470939336926,TP
BTCUSDT,15m,10,pullback rsi=40,all,SHORT,-0.0022805266271281,0.0007,-0.0029788304865417,SL
BTCUSDT,15m,10,pullback rsi=40,all,LONG,-0.0030320732701443,0.0007,-0.0037298511220624,SL
BTCUSDT,15m,10,pullback rsi=40,all,SHORT,-0.0016933837164908,0.0007,-0.0023920985172275,SL
BTCUSDT,15m,10,pullback rsi=40,all,SHORT,0.0032701232036922,0.0004,0.0028688552852158,TP
BTCUSDT,15m,10,pullback rsi=40,all,SHORT,-0.0025610029235662,0.0007,-0.0032591104776199,SL
BTCUSDT,15m,10,pullback rsi=40,all,SHORT,0.0054944712605129,0.0004,0.0050923136917877,TP
BTCUSDT,15m,10,pullback rsi=40,all,SHORT,-0.0035482369710757,0.0007,-0.0042456535600197,SL
BTCUSDT,15m,10,pullback rsi=40,all,LONG,0.0037120013934022,0.0004,0.0033105567413249,TP
BTCUSDT,15m,10,pullback rsi=40,all,SHORT,-0.0019231227886826,0.0007,-0.0026216767950427,SL
BTCUSDT,15m,10,pullback rsi=40,all,SHORT,-0.001999704638903,0.0007,-0.0026982050456262,SL
BTCUSDT,15m,10,pullback rsi=40,all,SHORT,-0.0021678275082309,0.0007,-0.0028662102457579,SL
BTCUSDT,15m,10,pullback rsi=40,all,LONG,-0.0020765764518375,0.0007,-0.0027750230559788,SL
BTCUSDT,15m,10,pullback rsi=40,all,LONG,0.0027320630491267,0.0007,0.0020302508781988,TIME
BTCUSDT,15m,10,pullback rsi=40,all,LONG,-0.0016525340894433,0.0007,-0.0023512774808339,SL
BTCUSDT,15m,10,pullback rsi=40,all,SHORT,-0.0035609176908846,0.0007,-0.0042583254045928,SL
BTCUSDT,15m,10,pullback rsi=40,all,SHORT,-0.0042626639695543,0.0007,-0.0049595805310419,SL
BTCUSDT,15m,10,pullback rsi=40,all,LONG,-0.0013166500179541,0.0007,-0.0020156284946065,SL
BTCUSDT,15m,10,pullback rsi=40,all,SHORT,0.0160760773596196,0.0004,0.0156696875717188,TP
BTCUSDT,15m,10,pullback rsi=40,all,SHORT,0.0107444226141569,0.0007,0.0100370025927696,TIME
BTCUSDT,15m,10,pullback rsi=40,all,SHORT,0.0126891361668654,0.0004,0.0122841010199641,TP
BTCUSDT,15m,10,pullback rsi=40,all,LONG,0.0102861879185587,0.0004,0.009882113854839,TP
BTCUSDT,15m,10,pullback rsi=40,all,SHORT,0.0090049583491545,0.0004,0.0086013967260132,TP
BTCUSDT,15m,10,pullback rsi=40,all,SHORT,0.0064633943300011,0.0004,0.0060608492308049,TP
BTCUSDT,15m,10,pullback rsi=40,all,SHORT,-0.0046776480833,0.0007,-0.0053742741974064,SL
BTCUSDT,15m,10,pullback rsi=40,all,LONG,0.0075032482172587,0.0004,0.0071002872181018,TP
BTCUSDT,15m,10,pullback rsi=40,all,LONG,-0.002798134404434,0.0007,-0.0034960759901644,SL
BTCUSDT,15m,10,pullback rsi=40,all,LONG,0.0055795275778585,0.0004,0.0051773359900084,TP
BTCUSDT,15m,10,pullback rsi=40,all,LONG,0.0060622843648417,0.0004,0.0056598996935872,TP
BTCUSDT,15m,10,pullback rsi=40,all,LONG,-0.0014849178487319,0.0007,-0.0021837785547295,SL
BTCUSDT,15m,10,pullback rsi=40,all,LONG,-0.0017337419824696,0.0007,-0.002432428536456,SL
BTCUSDT,15m,10,pullback rsi=40,all,LONG,-0.002914385722638,0.0007,-0.0036122459440706,SL
BTCUSDT,15m,10,pullback rsi=40,all,LONG,-0.0029851352701354,0.0007,-0.0036829459739597,SL
BTCUSDT,15m,10,pullback rsi=40,all,LONG,-0.0031888477730217,0.0007,-0.0038865158984653,SL
BTCUSDT,15m,10,pullback rsi=40,all,SHORT,-0.0038100939633095,0.0007,-0.0045073272785446,SL
BTCUSDT,15m,10,pullback rsi=40,all,SHORT,0.005554511120352,0.0004,0.0051523295380844,TP
BTCUSDT,15m,10,pullback rsi=40,all,SHORT,0.0052564314033579,0.0004,0.0048543690410538,TP
BTCUSDT,15m,10,pullback rsi=40,all,SHORT,-0.003276711539941,0.0007,-0.0039743181695341,SL
BTCUSDT,15m,10,pullback rsi=40,all,SHORT,-0.0034808576076004,0.0007,-0.0041783213553608,SL
BTCUSDT,15m,10,pullback rsi=40,all,LONG,-0.0014830210290596,0.0007,-0.0021818830626412,SL
BTCUSDT,15m,10,pullback rsi=40,all,LONG,0.0029549609265836,0.0004,0.0025538190604113,TP
BTCUSDT,15m,10,pullback rsi=40,all,LONG,0.0041774967245411,0.0004,0.0037758658929514,TP
BTCUSDT,15m,10,pullback rsi=40,all,LONG,-0.0032939254322782,0.0007,-0.003991520013868,SL
BTCUSDT,15m,11,pullback rsi=40,all,SHORT,-0.0026809010361937,0.0007,-0.0033789246735584,SL
BTCUSDT,15m,11,pullback rsi=40,all,SHORT,-0.0025378849692726,0.0007,-0.0032360087035825,SL
BTCUSDT,15m,11,pullback rsi=40,all,SHORT,0.0056360952569482,0.0004,0.0052338810442893,TP
BTCUSDT,15m,11,pullback rsi=40,all,SHORT,0.0025805467243318,0.0007,0.0018788405996796,TIME
BTCUSDT,15m,11,pullback rsi=40,all,SHORT,-0.0033799717681587,0.0007,-0.0040775061259181,SL
BTCUSDT,15m,11,pullback rsi=40,all,SHORT,-0.0064441253440992,0.0007,-0.0071395151007709,SL
BTCUSDT,15m,11,pullback rsi=40,all,SHORT,-0.0044190082724552,0.0007,-0.0051158154085653,SL
BTCUSDT,15m,11,pullback rsi=40,all,SHORT,-0.0036675879710697,0.0007,-0.0043649210262487,SL
BTCUSDT,15m,11,pullback rsi=40,all,LONG,0.0075573184061114,0.0004,0.0071543357810417,TP
BTCUSDT,15m,11,pullback rsi=40,all,LONG,0.0065797423638562,0.0004,0.0061771507301002,TP
BTCUSDT,15m,11,pullback rsi=40,all,LONG,-0.0023334046139841,0.0007,-0.0030316714640948,SL
BTCUSDT,15m,11,pullback rsi=40,all,LONG,-0.003112054359861,0.0007,-0.0038097762330144,SL
BTCUSDT,15m,11,pullback rsi=40,all,LONG,-0.0035238941353603,0.0007,-0.0042213277618549,SL
BTCUSDT,15m,11,pullback rsi=40,all,LONG,-0.0035974693669997,0.0007,-0.0042948514981897,SL
BTCUSDT,15m,11,pullback rsi=40,all,LONG,-0.0036466806366548,0.0007,-0.0043440283248771,SL
BTCUSDT,15m,11,pullback rsi=40,all,SHORT,0.0006306575742346,0.0007,-6.968382300132081e-05,TIME
BTCUSDT,15m,11,pullback rsi=40,all,SHORT,0.0058097226642966,0.0004,0.0054074390076197,TP
BTCUSDT,15m,11,pullback rsi=40,all,SHORT,-0.0030918551346762,0.0007,-0.0037895911452674,SL
BTCUSDT,15m,11,pullback rsi=40,all,LONG,-0.0034825193602655,0.0007,-0.0041799819449652,SL
BTCUSDT,15m,11,pullback rsi=40,all,LONG,-0.0014747802636454,0.0007,-0.0021736480649389,SL
BTCUSDT,15m,11,pullback rsi=40,all,SHORT,-0.0030500895692143,0.0007,-0.0037478548115247,SL
BTCUSDT,15m,11,pullback rsi=40,all,LONG,-0.00239407984191,0.0007,-0.0030923042254286,SL
BTCUSDT,15m,11,pullback rsi=40,all,LONG,-0.0012275988886481,0.0007,-0.0019266396921858,SL
BTCUSDT,15m,11,pullback rsi=40,all,LONG,0.0022750298663188,0.0004,0.0018741599453733,TP
BTCUSDT,15m,11,pullback rsi=40,all,LONG,0.0050565457509771,0.0007,0.004353106674606,TIME
BTCUSDT,15m,11,pullback rsi=40,all,SHORT,-0.0023407362492462,0.0007,-0.0030389979679452,SL
BTCUSDT,15m,11,pullback rsi=40,all,SHORT,-0.0008911452750095,0.0007,-0.0015904215624314,SL
BTCUSDT,15m,11,pullback rsi=40,all,SHORT,-0.0009738890343721,0.0007,-0.0016731074094368,SL
BTCUSDT,15m,11,pullback rsi=40,all,LONG,-0.0018636043162085,0.0007,-0.0025621999795475,SL
BTCUSDT,15m,11,pullback rsi=40,all,SHORT,-0.0037375502981212,0.0007,-0.0044348343866675,SL
BTCUSDT,15m,11,pullback rsi=40,all,SHORT,-0.0036584468820888,0.0007,-0.004355786335116,SL
BTCUSDT,15m,11,pullback rsi=40,all,LONG,-0.0031832209911903,0.0007,-0.0038808930548184,SL
BTCUSDT,15m,11,pullback rsi=40,all,SHORT,0.0006103489716032,0.0007,-8.997821164191677e-05,TIME
BTCUSDT,15m,11,pullback rsi=40,all,SHORT,-0.0014122553400799,0.0007,-0.0021111669025674,SL
BTCUSDT,15m,11,pullback rsi=40,all,SHORT,-0.0015102115087129,0.0007,-0.0022090545116779,SL
BTCUSDT,15m,11,pullback rsi=40,all,SHORT,-0.0026238310561888,0.0007,-0.0033218946368325,SL
BTCUSDT,15m,11,pullback rsi=40,all,LONG,-0.0021331007773715,0.0007,-0.0028315078201374,SL
BTCUSDT,15m,11,pullback rsi=40,all,LONG,-0.0017553358366254,0.0007,-0.0024540072770732,SL
BTCUSDT,15m,11,pullback rsi=40,all,LONG,0.0033062196525377,0.0004,0.0029049372969256,TP
BTCUSDT,15m,11,pullback rsi=40,all,LONG,-0.001699165030873,0.0007,-0.0023978757852678,SL
ETHUSDT,15m,1,donchian n=20 vol=0.0,trend,SHORT,0.0081829862231381,0.0004,0.0077797533559684,TP
ETHUSDT,15m,1,donchian n=20 vol=0.0,trend,LONG,-0.0157300836077939,0.0007,-0.0164189741222767,SL
ETHUSDT,15m,1,donchian n=20 vol=0.0,trend,SHORT,0.0229744025803643,0.0004,0.0225652537383085,TP
ETHUSDT,15m,1,donchian n=20 vol=0.0,trend,LONG,-0.0134644311584886,0.0007,-0.0141549074031207,SL
ETHUSDT,15m,1,donchian n=20 vol=0.0,trend,SHORT,0.0112672916355357,0.0004,0.0108628251695734,TP
ETHUSDT,15m,1,donchian n=20 vol=0.0,trend,LONG,-0.0122208332771124,0.0007,-0.0129121799159017,SL
ETHUSDT,15m,1,donchian n=20 vol=0.0,trend,LONG,0.0095927426332603,0.0004,0.0091889459199165,TP
ETHUSDT,15m,1,donchian n=20 vol=0.0,trend,SHORT,0.0114077112081173,0.0004,0.0110031885799426,TP
ETHUSDT,15m,1,donchian n=20 vol=0.0,trend,LONG,-0.0025612491485199,0.0007,-0.0032593565302408,TIME
ETHUSDT,15m,1,donchian n=20 vol=0.0,trend,LONG,0.002785603689444,0.0007,0.0020837540454217,TIME
ETHUSDT,15m,1,donchian n=20 vol=0.0,trend,SHORT,0.0060417610209539,0.0004,0.0056393845582158,TP
ETHUSDT,15m,1,donchian n=20 vol=0.0,trend,SHORT,-0.009585961861808,0.0007,-0.0102791526471008,SL
ETHUSDT,15m,1,donchian n=20 vol=0.0,trend,SHORT,0.012925687401191,0.0004,0.0125205576432578,TP
ETHUSDT,15m,1,donchian n=20 vol=0.0,trend,LONG,-0.0047250108087333,0.0007,-0.0054216037736681,TIME
ETHUSDT,15m,1,donchian n=20 vol=0.0,trend,LONG,-0.0151361847737095,0.0007,-0.0158254909579862,SL
ETHUSDT,15m,1,donchian n=20 vol=0.0,trend,SHORT,0.012262146202005,0.0004,0.0118572818340101,TP
ETHUSDT,15m,1,donchian n=20 vol=0.0,trend,LONG,0.0114325613763799,0.0004,0.0110280288091317,TP
ETHUSDT,15m,1,donchian n=20 vol=0.0,trend,LONG,-0.0135724552634472,0.0007,-0.0142628559020082,SL
ETHUSDT,15m,1,donchian n=20 vol=0.0,trend,SHORT,0.0172957869994965,0.0004,0.0168889093765283,TP
ETHUSDT,15m,1,donchian n=20 vol=0.0,trend,LONG,0.0007408219370351,0.0007,4.040343576128258e-05,TIME
ETHUSDT,15m,1,donchian n=20 vol=0.0,trend,SHORT,-0.0097090460861622,0.0007,-0.0104021507248064,SL
ETHUSDT,15m,1,donchian n=20 vol=0.0,trend,SHORT,0.0016310286845322,0.0007,0.000929987127556,TIME
ETHUSDT,15m,1,donchian n=20 vol=0.0,trend,SHORT,-0.008166940032063,0.0007,-0.0088611239907345,TIME
ETHUSDT,15m,1,donchian n=20 vol=0.0,trend,LONG,0.0113491304344113,0.0004,0.0109446312362029,TP
ETHUSDT,15m,1,donchian n=20 vol=0.0,trend,SHORT,-0.0197450523020127,0.0007,-0.0204311327399064,SL
ETHUSDT,15m,1,donchian n=20 vol=0.0,trend,LONG,-0.003349699983124,0.0007,-0.0040472555281058,TIME
ETHUSDT,15m,1,donchian n=20 vol=0.0,trend,LONG,-0.0122370335461944,0.0007,-0.0129283688464153,SL
ETHUSDT,15m,1,donchian n=20 vol=0.0,trend,SHORT,-0.0067278470854104,0.0007,-0.0074230382652352,SL
ETHUSDT,15m,1,donchian n=20 vol=0.0,trend,LONG,0.0057863541989012,0.0004,0.0053840798886757,TP
ETHUSDT,15m,1,donchian n=20 vol=0.0,trend,SHORT,0.0045554164451734,0.0004,0.0041536344608119,TP
ETHUSDT,15m,1,donchian n=20 vol=0.0,trend,LONG,0.0047045735198004,0.0004,0.0043027318785757,TP
ETHUSDT,15m,1,donchian n=20 vol=0.0,trend,LONG,0.0076070447905546,0.0004,0.0072040422769201,TP
ETHUSDT,15m,1,donchian n=20 vol=0.0,trend,LONG,-0.0098741071977434,0.0007,-0.0105670963101155,SL
ETHUSDT,15m,1,donchian n=20 vol=0.0,trend,SHORT,0.0082225186101266,0.0004,0.0078192699315833,TP
ETHUSDT,15m,1,donchian n=20 vol=0.0,trend,SHORT,0.0128553603174576,0.0004,0.0124502586875452,TP
ETHUSDT,15m,1,donchian n=20 vol=0.0,trend,SHORT,-0.0109152871699633,0.0007,-0.0116075475604729,SL
ETHUSDT,15m,1,donchian n=20 vol=0.0,trend,LONG,0.0083662080276656,0.0004,0.0079629018791029,TP
ETHUSDT,15m,1,donchian n=20 vol=0.0,trend,LONG,0.0146884617378972,0.0004,0.0142826269407405,TP
ETHUSDT,15m,1,donchian n=20 vol=0.0,trend,SHORT,-0.0106266186016582,0.0007,-0.0113190810312988,SL
ETHUSDT,15m,1,donchian n=20 vol=0.0,trend,SHORT,0.0069382049243222,0.0004,0.0065354699198809,TP
ETHUSDT,15m,1,donchian n=20 vol=0.0,trend,SHORT,-0.0099239342187211,0.0007,-0.0106168884571613,SL
ETHUSDT,15m,1,donchian n=20 vol=0.0,trend,SHORT,-0.0094262430737231,0.0007,-0.0101195456461956,SL
ETHUSDT,15m,1,donchian n=20 vol=0.0,trend,LONG,-0.0121827467290082,0.0007,-0.0128741200245724,SL
ETHUSDT,15m,1,donchian n=20 vol=0.0,trend,SHORT,-0.0078764273488175,0.0007,-0.008570814637316,SL
ETHUSDT,15m,1,donchian n=20 vol=0.0,trend,SHORT,0.0065676224164852,0.0004,0.0061650356302234,TP
ETHUSDT,15m,1,donchian n=20 vol=0.0,trend,LONG,-0.0106817799007853,0.0007,-0.0113742037230327,SL
ETHUSDT,15m,1,donchian n=20 vol=0.0,trend,SHORT,-0.0059817650119709,0.0007,-0.0066774783746389,SL
ETHUSDT,15m,1,donchian n=20 vol=0.0,trend,SHORT,0.004373863251627,0.0004,0.0039721538812809,TP
ETHUSDT,15m,1,donchian n=20 vol=0.0,trend,SHORT,0.000986287237064,0.0007,0.0002856969346267,TIME
ETHUSDT,15m,1,donchian n=20 vol=0.0,trend,SHORT,0.0063255527924403,0.0004,0.0059230628243456,TP
ETHUSDT,15m,1,donchian n=20 vol=0.0,trend,LONG,-0.0093026450705809,0.0007,-0.0099960341492959,SL
ETHUSDT,15m,1,donchian n=20 vol=0.0,trend,LONG,0.0107859273697906,0.0004,0.0103816534302798,TP
ETHUSDT,15m,1,donchian n=20 vol=0.0,trend,SHORT,0.0060597663362386,0.0004,0.0056573826720949,TP
ETHUSDT,15m,1,donchian n=20 vol=0.0,trend,SHORT,0.0077257279266485,0.0004,0.007322677944507,TP
ETHUSDT,15m,2,breakout n=20,trend,SHORT,-0.0234753541187607,0.001,-0.0244516346334804,SL
ETHUSDT,15m,2,breakout n=20,trend,LONG,-0.0221331859176903,0.001,-0.023110808265069,SL
ETHUSDT,15m,2,breakout n=20,trend,SHORT,-0.013874558980779,0.001,-0.0148604378904378,SL
ETHUSDT,15m,2,breakout n=20,trend,SHORT,-0.0138835273076228,0.001,-0.0148693972511968,SL
ETHUSDT,15m,2,breakout n=20,trend,LONG,0.0130795180730848,0.0007,0.0123704637183856,TP
ETHUSDT,15m,2,breakout n=20,trend,SHORT,-0.021965674145871,0.001,-0.0229434639631436,SL
ETHUSDT,15m,2,breakout n=20,trend,LONG,0.0185781953206852,0.0007,0.0178652924417801,TP
ETHUSDT,15m,2,breakout n=20,trend,SHORT,0.0174685440040459,0.0007,0.0167564177700973,TP
ETHUSDT,15m,2,breakout n=20,trend,SHORT,-0.0110993841463563,0.001,-0.0120880375370558,SL
ETHUSDT,15m,2,breakout n=20,trend,LONG,0.0090347841508609,0.0007,0.0083285607054337,TP
ETHUSDT,15m,2,breakout n=20,trend,SHORT,0.0077053333261743,0.0007,0.0070000403633794,TP
ETHUSDT,15m,2,breakout n=20,trend,LONG,0.0120209333589263,0.0007,0.0113126199076685,TP
ETHUSDT,15m,2,breakout n=20,trend,LONG,-0.0086675768694141,0.001,-0.0096586614594388,SL
ETHUSDT,15m,2,breakout n=20,trend,LONG,0.0107768966469461,0.0007,0.0100694538969829,TP
ETHUSDT,15m,2,breakout n=20,trend,SHORT,0.0114910070208704,0.0007,0.0107830644650566,TP
ETHUSDT,15m,2,breakout n=20,trend,SHORT,-0.0144291144457806,0.001,-0.0154144389386133,SL
ETHUSDT,15m,2,breakout n=20,trend,SHORT,0.0117148661710283,0.0007,0.0110067669361955,TP
ETHUSDT,15m,2,breakout n=20,trend,SHORT,-0.0082043153293355,0.001,-0.0091958630650849,SL
ETHUSDT,15m,2,breakout n=20,trend,SHORT,0.0066370292909025,0.0007,0.0059324840341019,TP
ETHUSDT,15m,2,breakout n=20,trend,LONG,0.0077403066144769,0.0007,0.0070349891738776,TP
ETHUSDT,15m,2,breakout n=20,trend,LONG,-0.0088232649753574,0.001,-0.0098141939161983,SL
ETHUSDT,15m,2,breakout n=20,trend,SHORT,-0.0091441364377136,0.001,-0.0101347445873098,SL
ETHUSDT,15m,2,breakout n=20,trend,LONG,0.0107624478386783,0.0007,0.010055015201436,TP
ETHUSDT,15m,2,breakout n=20,trend,LONG,0.0097906970574913,0.0007,0.009083944548621,TP
ETHUSDT,15m,2,breakout n=20,trend,LONG,-0.0095899763312698,0.001,-0.0105801387524324,SL
ETHUSDT,15m,2,breakout n=20,trend,SHORT,-0.0111256099020667,0.001,-0.012114237073567,SL
ETHUSDT,15m,2,breakout n=20,trend,SHORT,-0.0078412841814954,0.001,-0.0088331948576348,SL
ETHUSDT,15m,2,breakout n=20,trend,LONG,-0.0107946337268204,0.001,-0.0117835917917519,SL
ETHUSDT,15m,2,breakout n=20,trend,SHORT,-0.0022952148647901,0.001,-0.0032926702237289,TIME
ETHUSDT,15m,2,breakout n=20,trend,SHORT,0.015773737568772,0.0007,0.0150627975298478,TP
ETHUSDT,15m,2,breakout n=20,trend,SHORT,-0.0105361598981407,0.001,-0.0115253763722825,TIME
ETHUSDT,15m,2,breakout n=20,trend,LONG,-0.0107073180289124,0.001,-0.0116963633877129,SL
ETHUSDT,15m,2,breakout n=20,trend,LONG,0.0012941902910689,0.001,0.0002931464243256,TIME
ETHUSDT,15m,2,breakout n=20,trend,LONG,0.0093898894534762,0.0007,0.0086834174698477,TP
ETHUSDT,15m,2,breakout n=20,trend,SHORT,0.0186610162921486,0.0007,0.0179480554468456,TP
ETHUSDT,15m,2,breakout n=20,trend,SHORT,-0.0123221101544042,0.001,-0.0133095411247772,TIME
ETHUSDT,15m,2,breakout n=20,trend,SHORT,0.0065092119987984,0.0007,0.0058047562013205,TP
ETHUSDT,15m,2,breakout n=20,trend,LONG,-0.0008214613711901,0.001,-0.0018203901151842,TIME
ETHUSDT,15m,2,breakout n=20,trend,LONG,0.0060514020577151,0.0007,0.0053472666814151,TP
ETHUSDT,15m,2,breakout n=20,trend,SHORT,0.0069811861118129,0.0007,0.0062763999796533,TP
ETHUSDT,15m,2,breakout n=20,trend,SHORT,-0.008755180151599,0.001,-0.0097461771602423,SL
ETHUSDT,15m,2,breakout n=20,trend,LONG,0.0102629377915318,0.0007,0.0095558547613716,TP
ETHUSDT,15m,2,breakout n=20,trend,LONG,0.0089228623587092,0.0007,0.0082167172473444,TP
ETHUSDT,15m,2,breakout n=20,trend,LONG,0.0090897805770436,0.0007,0.0083835186396177,TP
ETHUSDT,15m,2,breakout n=20,trend,SHORT,0.0142745473831591,0.0007,0.0135646566274456,TP
ETHUSDT,15m,2,breakout n=20,trend,SHORT,-0.0141793062191326,0.001,-0.01516488045774,SL
ETHUSDT,15m,2,breakout n=20,trend,SHORT,-0.0091763493036443,0.001,-0.0101669252484277,SL
ETHUSDT,15m,2,breakout n=20,trend,LONG,-0.0015497432078111,0.001,-0.0025479438520391,TIME
ETHUSDT,15m,2,breakout n=20,trend,SHORT,-0.0073154390049113,0.001,-0.008307875394766,SL
ETHUSDT,15m,2,breakout n=20,trend,LONG,-0.0062481445161431,0.001,-0.0072416479336629,TIME
ETHUSDT,15m,2,breakout n=20,trend,SHORT,0.00776956291251,0.0007,0.0070642249954275,TP
ETHUSDT,15m,2,breakout n=20,trend,LONG,0.0194346025176814,0.0007,0.0187211002393794,TP
ETHUSDT,15m,2,breakout n=20,trend,LONG,0.0004892126456444,0.001,-0.000511026444698,TIME
ETHUSDT,15m,2,breakout n=20,trend,LONG,-0.0134936499651616,0.001,-0.0144799096886087,SL
ETHUSDT,15m,2,breakout n=20,trend,SHORT,-0.0096763926857074,0.001,-0.0106664687121197,SL
ETHUSDT,15m,2,breakout n=20,trend,SHORT,-0.0034532842023591,0.001,-0.0044495817814776,TIME
ETHUSDT,15m,2,breakout n=20,trend,LONG,-0.0114713822093785,0.001,-0.0124596636950145,SL
ETHUSDT,15m,2,breakout n=20,trend,SHORT,-0.0120078418959946,0.001,-0.012995587056059,SL
ETHUSDT,15m,2,breakout n=20,trend,SHORT,0.0120291978908159,0.0007,0.0113208786552123,TP
ETHUSDT,15m,3,donchian n=50 vol=1.5,range,LONG,0.0050111229697419,0.0007,0.0043077156847752,TP
ETHUSDT,15m,3,donchian n=50 vol=1.5,range,LONG,-0.0037903776927795,0.001,-0.004786338262681,SL
ETHUSDT,15m,3,donchian n=50 vol=1.5,range,SHORT,-0.0042498566153858,0.001,-0.0052453578212344,SL
ETHUSDT,15m,3,donchian n=50 vol=1.5,range,LONG,-0.0062071125562032,0.001,-0.007200656995425,SL
ETHUSDT,15m,3,donchian n=50 vol=1.5,range,LONG,-0.0071608433935526,0.001,-0.0081534343403697,SL
ETHUSDT,15m,3,donchian n=50 vol=1.5,range,SHORT,-0.0049775611187264,0.001,-0.0059723348019978,SL
ETHUSDT,15m,3,donchian n=50 vol=1.5,range,SHORT,0.0070867911852577,0.001,0.0060799561657702,TIME
ETHUSDT,15m,3,donchian n=50 vol=1.5,range,LONG,0.0108179855761378,0.0007,0.010110514068033,TP
ETHUSDT,15m,3,donchian n=50 vol=1.5,range,SHORT,-0.0068453540811615,0.001,-0.0078382604384188,SL
ETHUSDT,15m,3,donchian n=50 vol=1.5,range,SHORT,-0.0028352477908988,0.001,-0.0038321632519197,SL
ETHUSDT,15m,3,donchian n=50 vol=1.5,range,LONG,-0.0033780848543463,0.001,-0.0043744576140131,SL
ETHUSDT,15m,3,donchian n=50 vol=1.5,range,LONG,-0.0045523698384613,0.001,-0.0055475686067152,SL
ETHUSDT,15m,3,donchian n=50 vol=1.5,range,LONG,-0.0063820040266436,0.001,-0.007375373618118,SL
ETHUSDT,15m,3,donchian n=50 vol=1.5,range,LONG,0.0075681129730079,0.0007,0.006862916050738,TP
ETHUSDT,15m,3,donchian n=50 vol=1.5,range,SHORT,-0.0111621391252327,0.001,-0.0121507297766422,SL
ETHUSDT,15m,3,donchian n=50 vol=1.5,range,SHORT,-0.0096951864224053,0.001,-0.0106852436597794,SL
ETHUSDT,15m,3,donchian n=50 vol=1.5,range,SHORT,-0.0073574430900592,0.001,-0.0083498374863298,SL
ETHUSDT,15m,3,donchian n=50 vol=1.5,range,SHORT,-0.0101712504517846,0.001,-0.0111608317441453,SL
ETHUSDT,15m,3,donchian n=50 vol=1.5,range,SHORT,0.0161871145195391,0.0007,0.0154758851580869,TP
ETHUSDT,15m,3,donchian n=50 vol=1.5,range,LONG,-0.0072326854067222,0.001,-0.0082252045294867,SL
ETHUSDT,15m,3,donchian n=50 vol=1.5,range,LONG,0.0060911517701012,0.001,0.0050853121411191,TIME
ETHUSDT,15m,4,donchian n=50 vol=1.5,range,SHORT,0.0161097133477306,0.0007,0.0153985381593586,TP
ETHUSDT,15m,4,donchian n=50 vol=1.5,range,SHORT,0.0047727114470411,0.001,0.003768189928772,TIME
ETHUSDT,15m,4,donchian n=50 vol=1.5,range,LONG,-0.0076268153830135,0.001,-0.0086189404743343,SL
ETHUSDT,15m,4,donchian n=50 vol=1.5,range,LONG,0.0308371258213941,0.0007,0.0301156429170319,TP
ETHUSDT,15m,4,donchian n=50 vol=1.5,range,SHORT,-0.0104453621909513,0.001,-0.0114346694401007,SL
ETHUSDT,15m,4,donchian n=50 vol=1.5,range,SHORT,-0.0115423642962119,0.001,-0.0125305748175067,SL
ETHUSDT,15m,4,donchian n=50 vol=1.5,range,LONG,-0.0067205738233448,0.001,-0.0077136049296648,SL
ETHUSDT,15m,4,donchian n=50 vol=1.5,range,SHORT,0.0161654070295721,0.0007,0.0154541928611922,TP
ETHUSDT,15m,4,donchian n=50 vol=1.5,range,LONG,-0.0054638458902637,0.001,-0.0064581334103349,SL
ETHUSDT,15m,4,donchian n=50 vol=1.5,range,LONG,-0.0044154120484592,0.001,-0.0054107477402637,TIME
ETHUSDT,15m,4,donchian n=50 vol=1.5,range,SHORT,0.0167739479079587,0.0007,0.016062307821818,TP
ETHUSDT,15m,4,donchian n=50 vol=1.5,range,LONG,-0.0056926785335033,0.001,-0.0066867372781393,SL
ETHUSDT,15m,4,donchian n=50 vol=1.5,range,SHORT,-0.0115438863195034,0.001,-0.0125320953191554,SL
ETHUSDT,15m,4,donchian n=50 vol=1.5,range,SHORT,-0.0034599525097225,0.001,-0.0044562434222007,SL
ETHUSDT,15m,4,donchian n=50 vol=1.5,range,LONG,-0.0035395521695921,0.001,-0.0045357635023105,SL
ETHUSDT,15m,4,donchian n=50 vol=1.5,range,LONG,-0.0051690510600723,0.001,-0.006163633301275,SL
ETHUSDT,15m,4,donchian n=50 vol=1.5,range,LONG,-0.006598344055509,0.001,-0.0075914973610394,SL
ETHUSDT,15m,4,donchian n=50 vol=1.5,range,LONG,-0.0044544592167231,0.001,-0.005449755871121,SL
ETHUSDT,15m,4,donchian n=50 vol=1.5,range,LONG,-0.0041831147877476,0.001,-0.0051786827187385,SL
ETHUSDT,15m,4,donchian n=50 vol=1.5,range,LONG,-0.0036169352665622,0.001,-0.0046130692355293,SL
ETHUSDT,15m,4,donchian n=50 vol=1.5,range,LONG,-0.0067243570586321,0.001,-0.0077173843826626,SL
ETHUSDT,15m,4,donchian n=50 vol=1.5,range,SHORT,0.0131801918758285,0.0007,0.0124710670595347,TP
ETHUSDT,15m,4,donchian n=50 vol=1.5,range,LONG,-0.0077103075917326,0.001,-0.0087023492117176,SL
ETHUSDT,15m,4,donchian n=50 vol=1.5,range,SHORT,-0.0038399328140796,0.001,-0.0048358438412485,SL
ETHUSDT,15m,4,donchian n=50 vol=1.5,range,SHORT,-0.0051532355914945,0.001,-0.0061478336442117,SL
ETHUSDT,15m,4,donchian n=50 vol=1.5,range,SHORT,-0.0046419834966016,0.001,-0.0056370926736006,SL
ETHUSDT,15m,4,donchian n=50 vol=1.5,range,SHORT,0.0137793064109039,0.0007,0.0130697622743469,TP
ETHUSDT,15m,5,breakout n=20,range,LONG,-0.0057420531127818,0.0007,-0.006437934249808,SL
ETHUSDT,15m,5,breakout n=20,range,LONG,0.0138413101479953,0.0004,0.0134358141775885,TP
ETHUSDT,15m,5,breakout n=20,range,LONG,0.0120111375857943,0.0007,0.011302830990598,TIME
ETHUSDT,15m,5,breakout n=20,range,SHORT,-0.0069969104674417,0.0007,-0.0076919133298054,SL
ETHUSDT,15m,5,breakout n=20,range,SHORT,0.0233192147346638,0.0004,0.0229099279815385,TP
ETHUSDT,15m,5,breakout n=20,range,SHORT,-0.008894435804508,0.0007,-0.0095881105888884,SL
ETHUSDT,15m,5,breakout n=20,range,SHORT,-0.0037437845853015,0.0007,-0.0044410643104703,TIME
ETHUSDT,15m,5,breakout n=20,range,LONG,-0.0040482825732323,0.0007,-0.0047453491802593,SL
ETHUSDT,15m,5,breakout n=20,range,LONG,-0.0035675513116513,0.0007,-0.0042649543824883,SL
ETHUSDT,15m,5,breakout n=20,range,SHORT,-0.0048568087682449,0.0007,-0.0055533094877879,SL
ETHUSDT,15m,5,breakout n=20,range,LONG,-0.00509024920166,0.0007,-0.0057865865362438,SL
ETHUSDT,15m,6,donchian n=20 vol=0.0,range,SHORT,0.0099813595616088,0.0007,0.0092744736080516,TIME
ETHUSDT,15m,6,donchian n=20 vol=0.0,range,SHORT,0.0221512496771509,0.0004,0.0217424300633302,TP
ETHUSDT,15m,6,donchian n=20 vol=0.0,range,SHORT,0.0164574755746944,0.0004,0.0160509332427636,TP
ETHUSDT,15m,6,donchian n=20 vol=0.0,range,SHORT,0.0257210414667585,0.0004,0.0253107940790136,TP
ETHUSDT,15m,6,donchian n=20 vol=0.0,range,SHORT,-0.0048695223858402,0.0007,-0.0055660142071223,SL
ETHUSDT,15m,6,donchian n=20 vol=0.0,range,LONG,0.0079744278828583,0.0004,0.0075712784306825,TP
ETHUSDT,15m,6,donchian n=20 vol=0.0,range,SHORT,-0.0045343194239006,0.0007,-0.0052310458537357,SL
ETHUSDT,15m,6,donchian n=20 vol=0.0,range,SHORT,0.0104093856969333,0.0004,0.01000526235903,TP
ETHUSDT,15m,6,donchian n=20 vol=0.0,range,SHORT,0.0199909697679973,0.0004,0.0195830141797288,TP
ETHUSDT,15m,6,donchian n=20 vol=0.0,range,LONG,0.0102476963932329,0.0004,0.0098436377245834,TP
ETHUSDT,15m,6,donchian n=20 vol=0.0,range,SHORT,0.018970384349569,0.0004,0.0185628369546444,TP
ETHUSDT,15m,6,donchian n=20 vol=0.0,range,SHORT,-0.0063587622599029,0.0007,-0.0070542117621971,SL
ETHUSDT,15m,7,donchian n=20 vol=0.0,range,SHORT,0.0072257709837945,0.0004,0.0068229209644319,TP
ETHUSDT,15m,7,donchian n=20 vol=0.0,range,SHORT,-0.0056497116365289,0.0007,-0.0063456574033544,SL
ETHUSDT,15m,7,donchian n=20 vol=0.0,range,LONG,-0.0035003815103241,0.0007,-0.004197831593305,SL
ETHUSDT,15m,7,donchian n=20 vol=0.0,range,SHORT,-0.00578979274181,0.0007,-0.00648564046587,SL
ETHUSDT,15m,7,donchian n=20 vol=0.0,range,LONG,-0.0018395084005343,0.0007,-0.0025381209286047,SL
ETHUSDT,15m,7,donchian n=20 vol=0.0,range,SHORT,-0.0021139086803771,0.0007,-0.0028123291556916,SL
ETHUSDT,15m,7,donchian n=20 vol=0.0,range,LONG,0.0032533740476862,0.0004,0.0028521128282021,TP
ETHUSDT,15m,7,donchian n=20 vol=0.0,range,SHORT,-0.0024622609396739,0.0007,-0.0031604376032422,SL
ETHUSDT,15m,7,donchian n=20 vol=0.0,range,LONG,-0.0026927131255027,0.0007,-0.003390728495586,SL
ETHUSDT,15m,7,donchian n=20 vol=0.0,range,SHORT,-0.0034402792417889,0.0007,-0.0041377713903474,SL
ETHUSDT,15m,7,donchian n=20 vol=0.0,range,LONG,-0.0043582715398885,0.0007,-0.0050551211856377,SL
ETHUSDT,15m,7,donchian n=20 vol=0.0,range,LONG,0.0121276282567705,0.0004,0.011722817690573,TP
ETHUSDT,15m,7,donchian n=20 vol=0.0,range,LONG,-0.0048823310903757,0.0007,-0.0055788139468454,SL
ETHUSDT,15m,7,donchian n=20 vol=0.0,range,LONG,-0.0056758668182931,0.0007,-0.0063717942791069,SL
ETHUSDT,15m,7,donchian n=20 vol=0.0,range,LONG,-0.0066643719738473,0.0007,-0.0073596075799028,SL
ETHUSDT,15m,7,donchian n=20 vol=0.0,range,LONG,0.0052413340555829,0.0004,0.0048392777316141,TP
ETHUSDT,15m,7,donchian n=20 vol=0.0,range,LONG,-0.0033472247606279,0.0007,-0.0040447820380178,SL
ETHUSDT,15m,7,donchian n=20 vol=0.0,range,LONG,-0.0019937286589104,0.0007,-0.0026922332482219,SL
ETHUSDT,15m,7,donchian n=20 vol=0.0,range,LONG,-0.0026777490522544,0.0007,-0.0033757748956927,SL
ETHUSDT,15m,7,donchian n=20 vol=0.0,range,LONG,-0.0031022835662341,0.0007,-0.003800012277966,SL
ETHUSDT,15m,7,donchian n=20 vol=0.0,range,LONG,-0.0016119786491373,0.0007,-0.0023107504252807,SL
ETHUSDT,15m,7,donchian n=20 vol=0.0,range,LONG,0.0035459610460719,0.0004,0.0031445828034919,TP
ETHUSDT,15m,7,donchian n=20 vol=0.0,range,LONG,-0.0027500357845129,0.0007,-0.0034480110344672,SL
ETHUSDT,15m,7,donchian n=20 vol=0.0,range,LONG,-0.0040241539268716,0.0007,-0.0047212374215381,SL
ETHUSDT,15m,7,donchian n=20 vol=0.0,range,SHORT,-0.0042204381852213,0.0007,-0.0049173843005354,SL
ETHUSDT,15m,7,donchian n=20 vol=0.0,range,LONG,-0.0063389828036219,0.0007,-0.0070344461495576,SL
ETHUSDT,15m,7,donchian n=20 vol=0.0,range,SHORT,-0.0055667874402846,0.0007,-0.0062627912457551,SL
ETHUSDT,15m,7,donchian n=20 vol=0.0,range,LONG,-0.0074338729203823,0.0007,-0.0081285699527252,SL
ETHUSDT,15m,7,donchian n=20 vol=0.0,range,LONG,0.0091799336576333,0.0004,0.0087763020513675,TP
ETHUSDT,15m,7,donchian n=20 vol=0.0,range,LONG,0.0137212125896257,0.0004,0.0133157646534385,TP
ETHUSDT,15m,7,donchian n=20 vol=0.0,range,LONG,-0.0005661497938686,0.0007,-0.0012656535456279,TIME
ETHUSDT,15m,7,donchian n=20 vol=0.0,range,LONG,-0.002635237564246,0.0007,-0.0033332931614747,SL
ETHUSDT,15m,7,donchian n=20 vol=0.0,range,LONG,-0.0057584924071361,0.0007,-0.0064543620383001,SL
ETHUSDT,15m,7,donchian n=20 vol=0.0,range,SHORT,-0.004629148346656,0.0007,-0.0053258084057281,SL
ETHUSDT,15m,7,donchian n=20 vol=0.0,range,LONG,-0.0079992146539004,0.0007,-0.008693516003564,SL
ETHUSDT,15m,7,donchian n=20 vol=0.0,range,SHORT,0.0100933287568143,0.0004,0.0096893318290447,TP
ETHUSDT,15m,7,donchian n=20 vol=0.0,range,SHORT,0.0119390965192436,0.0004,0.0115343613581997,TP
ETHUSDT,15m,8,donchian n=20 vol=0.0,range,LONG,0.0012399268837556,0.0007,0.0005391590589296,TIME
ETHUSDT,15m,8,donchian n=20 vol=0.0,range,SHORT,-0.0070600921758205,0.0007,-0.0077550508173066,SL
ETHUSDT,15m,8,donchian n=20 vol=0.0,range,LONG,0.0102586788560853,0.0004,0.0098546157948902,TP
ETHUSDT,15m,8,donchian n=20 vol=0.0,range,SHORT,0.0132011282133281,0.0004,0.012795888290088,TP
ETHUSDT,15m,8,donchian n=20 vol=0.0,range,SHORT,-0.0044557490463951,0.0007,-0.0051525304676375,SL
ETHUSDT,15m,8,donchian n=20 vol=0.0,range,LONG,0.0062813105191801,0.0004,0.0058788382462249,TP
ETHUSDT,15m,8,donchian n=20 vol=0.0,range,LONG,-0.002690621151131,0.0007,-0.0033886379853873,SL
ETHUSDT,15m,8,donchian n=20 vol=0.0,range,SHORT,0.0068459362161156,0.0004,0.0064432381154666,TP
ETHUSDT,15m,8,donchian n=20 vol=0.0,range,SHORT,-0.0049119512768475,0.0007,-0.0056084134021487,SL
ETHUSDT,15m,8,donchian n=20 vol=0.0,range,LONG,0.0130053165536828,0.0004,0.0126001549472742,TP
ETHUSDT,15m,8,donchian n=20 vol=0.0,range,SHORT,0.0205365283934318,0.0004,0.0201283546035355,TP
ETHUSDT,15m,8,donchian n=20 vol=0.0,range,LONG,-0.0129651209591711,0.0007,-0.0136559466710118,SL
ETHUSDT,15m,8,donchian n=20 vol=0.0,range,SHORT,-0.0107616477278315,0.0007,-0.0114540156505867,SL
ETHUSDT,15m,8,donchian n=20 vol=0.0,range,LONG,0.0266584827274953,0.0004,0.0262478604007436,TP
ETHUSDT,15m,8,donchian n=20 vol=0.0,range,SHORT,-0.0113371875608987,0.0007,-0.0120291526633248,SL
ETHUSDT,15m,8,donchian n=20 vol=0.0,range,LONG,-0.0135654800825965,0.0007,-0.0142558856030866,SL
ETHUSDT,15m,8,donchian n=20 vol=0.0,range,SHORT,-0.0101983632959816,0.0007,-0.0108911254615107,SL
ETHUSDT,15m,8,donchian n=20 vol=0.0,range,LONG,0.0167804385634529,0.0004,0.0163737670592452,TP
ETHUSDT,15m,8,donchian n=20 vol=0.0,range,LONG,-0.0110328810785748,0.0007,-0.0117250591651077,SL
ETHUSDT,15m,8,donchian n=20 vol=0.0,range,SHORT,-0.0069150118748569,0.0007,-0.0076100720580456,SL
ETHUSDT,15m,8,donchian n=20 vol=0.0,range,SHORT,0.0190074963857006,0.0004,0.0185999341474463,TP
ETHUSDT,15m,8,donchian n=20 vol=0.0,range,LONG,-0.009803274311174,0.0007,-0.0104963129994835,SL
ETHUSDT,15m,8,donchian n=20 vol=0.0,range,LONG,-0.0091803969062248,0.0007,-0.0098738715464301,SL
ETHUSDT,15m,8,donchian n=20 vol=0.0,range,LONG,-0.0057610266311809,0.0007,-0.0064568944886417,SL
ETHUSDT,15m,8,donchian n=20 vol=0.0,range,LONG,-0.0086329393595845,0.0007,-0.0093267971653266,SL
ETHUSDT,15m,8,donchian n=20 vol=0.0,range,LONG,-0.0061590388734636,0.0007,-0.0068546281621559,SL
ETHUSDT,15m,8,donchian n=20 vol=0.0,range,LONG,-0.0068257133286943,0.0007,-0.0075208360119355,SL
ETHUSDT,15m,8,donchian n=20 vol=0.0,range,LONG,0.0050363138417661,0.0004,0.0046343395176822,TP
ETHUSDT,15m,8,donchian n=20 vol=0.0,range,LONG,-0.0045183264042256,0.0007,-0.0052150640275753,SL
ETHUSDT,15m,8,donchian n=20 vol=0.0,range,SHORT,-0.0107818690938687,0.0007,-0.0114742228636899,SL
ETHUSDT,15m,8,donchian n=20 vol=0.0,range,SHORT,0.0050812076703477,0.0004,0.0046792153905279,TP
ETHUSDT,15m,9,donchian n=50 vol=1.5,range,SHORT,0.0093560421717696,0.0004,0.0089523401291424,TP
ETHUSDT,15m,9,donchian n=50 vol=1.5,range,LONG,0.0094610034003813,0.0004,0.0090572593774611,TP
ETHUSDT,15m,9,donchian n=50 vol=1.5,range,SHORT,0.0075785406785073,0.0004,0.0071755495653775,TP
ETHUSDT,15m,9,donchian n=50 vol=1.5,range,LONG,-0.0047078552672434,0.0007,-0.0054044602393418,SL
ETHUSDT,15m,9,donchian n=50 vol=1.5,range,SHORT,0.0032267882955425,0.0004,0.002825537709296,TP
ETHUSDT,15m,9,donchian n=50 vol=1.5,range,SHORT,-0.0046664390654894,0.0007,-0.0053630730247874,SL
ETHUSDT,15m,9,donchian n=50 vol=1.5,range,LONG,0.0082641579301587,0.0004,0.0078608925975529,TP
ETHUSDT,15m,9,donchian n=50 vol=1.5,range,SHORT,-0.010470285473863,0.0007,-0.0111628573210599,SL
ETHUSDT,15m,9,donchian n=50 vol=1.5,range,LONG,0.0114024319963426,0.0004,0.0109979114796414,TP
ETHUSDT,15m,9,donchian n=50 vol=1.5,range,SHORT,0.0051645853784445,0.0004,0.0047625597508766,TP
ETHUSDT,15m,9,donchian n=50 vol=1.5,range,SHORT,-0.0082297270290986,0.0007,-0.0089238670431508,SL
ETHUSDT,15m,9,donchian n=50 vol=1.5,range,LONG,0.0096197159342706,0.0004,0.0092159084326857,TP
ETHUSDT,15m,9,donchian n=50 vol=1.5,range,SHORT,-0.0081557988908785,0.0007,-0.0088499906472347,SL
ETHUSDT,15m,9,donchian n=50 vol=1.5,range,SHORT,0.0031653829142716,0.0004,0.0027641568877212,TP
ETHUSDT,15m,9,donchian n=50 vol=1.5,range,LONG,0.0037194271925985,0.0004,0.0033179795704985,TP
ETHUSDT,15m,9,donchian n=50 vol=1.5,range,LONG,-0.0043050965406602,0.0007,-0.0050019834035912,SL
ETHUSDT,15m,9,donchian n=50 vol=1.5,range,SHORT,-0.0058030236503564,0.0007,-0.0064988621141034,TIME
ETHUSDT,15m,9,donchian n=50 vol=1.5,range,SHORT,0.0091461789771258,0.0004,0.0087425608713822,TP
ETHUSDT,15m,9,donchian n=50 vol=1.5,range,SHORT,-0.0125230163848017,0.0007,-0.0132141515256339,SL
ETHUSDT,15m,9,donchian n=50 vol=1.5,range,LONG,0.0052953072461296,0.0004,0.0048932293350436,TP
ETHUSDT,15m,9,donchian n=50 vol=1.5,range,LONG,-0.0071710501992771,0.0007,-0.0078659311812425,SL
ETHUSDT,15m,9,donchian n=50 vol=1.5,range,SHORT,0.0059043746334231,0.0004,0.0055020531197447,TP
ETHUSDT,15m,9,donchian n=50 vol=1.5,range,SHORT,0.0029337230447512,0.0004,0.0025325896728822,TP
ETHUSDT,15m,10,donchian n=50 vol=1.5,range,LONG,0.0036879937137083,0.0004,0.0032865586637427,TP
ETHUSDT,15m,10,donchian n=50 vol=1.5,range,SHORT,-0.0064862111135173,0.0007,-0.0071815714143589,SL
ETHUSDT,15m,10,donchian n=50 vol=1.5,range,SHORT,0.0079208315250872,0.0004,0.0075177035093105,TP
ETHUSDT,15m,10,donchian n=50 vol=1.5,range,SHORT,-0.0077539610563771,0.0007,-0.0084484340590337,SL
ETHUSDT,15m,10,donchian n=50 vol=1.5,range,SHORT,-0.0057196363495221,0.0007,-0.0064155331760411,SL
ETHUSDT,15m,10,donchian n=50 vol=1.5,range,LONG,0.005413667342205,0.0004,0.0050115420918148,TP
ETHUSDT,15m,10,donchian n=50 vol=1.5,range,SHORT,0.0056025084254581,0.0004,0.0052003076461883,TP
ETHUSDT,15m,10,donchian n=50 vol=1.5,range,LONG,0.0060331644531762,0.0004,0.0056307914287216,TP
ETHUSDT,15m,10,donchian n=50 vol=1.5,range,LONG,-0.0076571727272952,0.0007,-0.0083517134721031,SL
ETHUSDT,15m,10,donchian n=50 vol=1.5,range,LONG,-0.0037713546528862,0.0007,-0.0044686150817645,SL
ETHUSDT,15m,10,donchian n=50 vol=1.5,range,SHORT,-0.0051454211858148,0.0007,-0.0058417199055268,SL
ETHUSDT,15m,10,donchian n=50 vol=1.5,range,LONG,0.0074960125955874,0.0004,0.0070930544903897,TP
ETHUSDT,15m,10,donchian n=50 vol=1.5,range,SHORT,-0.0070238080153415,0.0007,-0.0077187920521116,SL
ETHUSDT,15m,10,donchian n=50 vol=1.5,range,LONG,-0.0110505288943144,0.0007,-0.0117426946291412,SL
ETHUSDT,15m,10,donchian n=50 vol=1.5,range,SHORT,0.0067105640744505,0.0004,0.0063079201172433,TP
ETHUSDT,15m,11,pullback rsi=35,all,SHORT,-0.0081936126998503,0.0007,-0.0088877779903216,SL
ETHUSDT,15m,11,pullback rsi=35,all,LONG,-0.0083495799109321,0.0007,-0.0090436360399525,SL
ETHUSDT,15m,11,pullback rsi=35,all,LONG,0.0091392660542712,0.0004,0.0087356507134204,TP
ETHUSDT,15m,11,pullback rsi=35,all,LONG,-0.0067613043987658,0.0007,-0.0074564721618171,SL
ETHUSDT,15m,11,pullback rsi=35,all,LONG,-0.0094679616823741,0.0007,-0.0101612350559926,SL
ETHUSDT,15m,11,pullback rsi=35,all,LONG,-0.0055953498048599,0.0007,-0.0062913336195314,SL
ETHUSDT,15m,11,pullback rsi=35,all,SHORT,0.0013906401940354,0.0007,0.0006897668849639,TIME
ETHUSDT,15m,11,pullback rsi=35,all,LONG,-0.0060162845101733,0.0007,-0.0067119737126446,SL
ETHUSDT,15m,11,pullback rsi=35,all,SHORT,-0.0025733549656168,0.0007,-0.0032714538744762,SL
ETHUSDT,15m,11,pullback rsi=35,all,LONG,0.0063472974056637,0.0004,0.0059447987405933,TP
ETHUSDT,15m,11,pullback rsi=35,all,SHORT,0.0062507805406491,0.0004,0.005848320478464,TP
ETHUSDT,15m,11,pullback rsi=35,all,SHORT,-0.0072157890067384,0.0007,-0.0079106386760124,SL
SOLUSDT,15m,1,pullback rsi=35,all,SHORT,0.0138830678167608,0.0004,0.0134775551449568,TP
SOLUSDT,15m,1,pullback rsi=35,all,SHORT,-0.0359875417173682,0.0007,-0.0366622540369202,SL
SOLUSDT,15m,1,pullback rsi=35,all,LONG,0.0156964075388967,0.0004,0.0152901696037375,TP
SOLUSDT,15m,1,pullback rsi=35,all,LONG,-0.0141081417470803,0.0007,-0.0147981674586715,SL
SOLUSDT,15m,1,pullback rsi=35,all,LONG,0.0040971679913572,0.0007,0.0033944003834802,TIME
SOLUSDT,15m,1,pullback rsi=35,all,LONG,-0.0182559137540517,0.0007,-0.0189430364400151,SL
SOLUSDT,15m,1,pullback rsi=35,all,LONG,-0.0081557767479458,0.0007,-0.0088499685197998,SL
SOLUSDT,15m,1,pullback rsi=35,all,SHORT,0.0065309042152617,0.0004,0.0061283321148117,TP
SOLUSDT,15m,1,pullback rsi=35,all,LONG,0.0162618701143069,0.0004,0.0158554060167361,TP
SOLUSDT,15m,2,vwap n=48 k=3.0,range,SHORT,-0.0061196175036775,0.001,-0.0071132494160782,SL
SOLUSDT,15m,2,vwap n=48 k=3.0,range,SHORT,-0.0061003701312903,0.001,-0.0070940212862515,SL
SOLUSDT,15m,2,vwap n=48 k=3.0,range,LONG,-0.0116663484723706,0.001,-0.0126544350404853,SL
SOLUSDT,15m,2,vwap n=48 k=3.0,range,LONG,-0.0129715788220364,0.001,-0.0139583604861091,SL
SOLUSDT,15m,2,vwap n=48 k=3.0,range,LONG,-0.0087173932877334,0.001,-0.009708428073794,SL
SOLUSDT,15m,2,vwap n=48 k=3.0,range,LONG,0.0150864748022464,0.001,0.0140716420990629,TIME
SOLUSDT,15m,2,vwap n=48 k=3.0,range,LONG,0.0036616409936833,0.001,0.0026582302681001,TIME
SOLUSDT,15m,2,vwap n=48 k=3.0,range,LONG,0.0144711321271146,0.0007,0.0137611037817388,TP
SOLUSDT,15m,2,vwap n=48 k=3.0,range,SHORT,-0.0063760850225804,0.001,-0.007369460531579,SL
SOLUSDT,15m,2,vwap n=48 k=3.0,range,SHORT,-0.0064201895256561,0.001,-0.0074135209411778,SL
SOLUSDT,15m,2,vwap n=48 k=3.0,range,SHORT,0.0144205708324974,0.0007,0.0137105778749717,TP
SOLUSDT,15m,2,vwap n=48 k=3.0,range,LONG,-0.0067939780942915,0.001,-0.0077869358146915,SL
SOLUSDT,15m,2,vwap n=48 k=3.0,range,SHORT,-0.0030890804459171,0.001,-0.0040857421377412,TIME
SOLUSDT,15m,2,vwap n=48 k=3.0,range,SHORT,-0.0065193829493532,0.001,-0.0075126151962495,SL
SOLUSDT,15m,2,vwap n=48 k=3.0,range,SHORT,-0.0070109198870522,0.001,-0.0080036607198951,SL
SOLUSDT,15m,2,vwap n=48 k=3.0,range,SHORT,-0.0103158383107345,0.001,-0.0113052750513833,SL
SOLUSDT,15m,2,vwap n=48 k=3.0,range,LONG,-0.0082154507086959,0.001,-0.0092069873118498,SL
SOLUSDT,15m,2,vwap n=48 k=3.0,range,SHORT,0.0123449235574544,0.0007,0.0116363833454564,TP
SOLUSDT,15m,2,vwap n=48 k=3.0,range,LONG,-0.0082450241721489,0.001,-0.0092365312092328,SL
SOLUSDT,15m,2,vwap n=48 k=3.0,range,SHORT,-0.0141916996701729,0.001,-0.0151772615184276,SL
SOLUSDT,15m,2,vwap n=48 k=3.0,range,LONG,-0.0080217694661116,0.001,-0.0090134997020878,SL
SOLUSDT,15m,2,vwap n=48 k=3.0,range,SHORT,-0.0050396227002865,0.001,-0.0060343343374918,SL
SOLUSDT,15m,2,vwap n=48 k=3.0,range,SHORT,-0.0050117694073493,0.001,-0.0060065088908842,SL
SOLUSDT,15m,2,vwap n=48 k=3.0,range,SHORT,-0.0050193300108472,0.001,-0.0060140619356688,SL
SOLUSDT,15m,3,donchian n=20 vol=0.0,range,SHORT,-0.0069100087774819,0.0007,-0.0076050724623385,SL
SOLUSDT,15m,3,donchian n=20 vol=0.0,range,LONG,-0.0064943589146856,0.0007,-0.0071897135128812,SL
SOLUSDT,15m,3,donchian n=20 vol=0.0,range,SHORT,-0.0081430447210202,0.0007,-0.0088372454040199,SL
SOLUSDT,15m,3,donchian n=20 vol=0.0,range,SHORT,0.0137526432374044,0.0004,0.0133471827302151,TP
SOLUSDT,15m,3,donchian n=20 vol=0.0,range,LONG,-0.0076446409315152,0.0007,-0.0083391904473272,SL
SOLUSDT,15m,3,donchian n=20 vol=0.0,range,LONG,0.0102434371488146,0.0004,0.0098393801836926,TP
SOLUSDT,15m,3,donchian n=20 vol=0.0,range,LONG,0.0099590471118326,0.0004,0.0095551038913499,TP
SOLUSDT,15m,3,donchian n=20 vol=0.0,range,SHORT,-0.0064689681763323,0.0007,-0.0071643405455057,SL
SOLUSDT,15m,3,donchian n=20 vol=0.0,range,SHORT,-0.0073656204583709,0.0007,-0.008060365260612,SL
SOLUSDT,15m,3,donchian n=20 vol=0.0,range,SHORT,-0.0091786156220688,0.0007,-0.0098720915089949,SL
SOLUSDT,15m,3,donchian n=20 vol=0.0,range,LONG,0.0091402606893339,0.0004,0.0087366449506685,TP
SOLUSDT,15m,3,donchian n=20 vol=0.0,range,SHORT,-0.0057366346639863,0.0007,-0.0064325195933849,SL
SOLUSDT,15m,3,donchian n=20 vol=0.0,range,LONG,-0.0052324882849753,0.0007,-0.0059287260664246,SL
SOLUSDT,15m,3,donchian n=20 vol=0.0,range,LONG,-0.0071705961948869,0.0007,-0.0078654774946099,SL
SOLUSDT,15m,3,donchian n=20 vol=0.0,range,SHORT,-0.0115327469302714,0.0007,-0.0122245751606949,SL
SOLUSDT,15m,3,donchian n=20 vol=0.0,range,LONG,-0.0099895793394581,0.0007,-0.0106824876328784,SL
SOLUSDT,15m,3,donchian n=20 vol=0.0,range,LONG,-0.0108542191099692,0.0007,-0.0115465222420141,SL
SOLUSDT,15m,3,donchian n=20 vol=0.0,range,LONG,-0.009219188869499,0.0007,-0.0099126363592091,SL
SOLUSDT,15m,4,pullback rsi=35,all,LONG,0.0071725596879995,0.0004,0.0067697309510266,TP
SOLUSDT,15m,4,pullback rsi=35,all,SHORT,0.0095572668453932,0.0004,0.0091534843209457,TP
SOLUSDT,15m,4,pullback rsi=35,all,SHORT,0.0020188321006734,0.0007,0.0013175191200864,TIME
SOLUSDT,15m,4,pullback rsi=35,all,LONG,-0.0054727295342791,0.0007,-0.0061687991708779,SL
SOLUSDT,15m,4,pullback rsi=35,all,LONG,-0.0058239562625817,0.0007,-0.0065197800755935,SL
SOLUSDT,15m,4,pullback rsi=35,all,LONG,0.0146997139739645,0.0004,0.0142938746763636,TP
SOLUSDT,15m,4,pullback rsi=35,all,SHORT,-0.0042870467356356,0.0007,-0.0049839462316253,SL
SOLUSDT,15m,4,pullback rsi=35,all,SHORT,-0.0062443384702275,0.0007,-0.0069398680577321,SL
SOLUSDT,15m,4,pullback rsi=35,all,SHORT,-0.0031727412230757,0.0007,-0.0038704206214936,SL
SOLUSDT,15m,4,pullback rsi=35,all,LONG,-0.0063935471050294,0.0007,-0.0070889722614104,SL
SOLUSDT,15m,4,pullback rsi=35,all,LONG,-0.0043094873477469,0.0007,-0.0050063711375522,SL
SOLUSDT,15m,4,pullback rsi=35,all,SHORT,-0.0029374453999667,0.0007,-0.0036352894819312,SL
SOLUSDT,15m,5,pullback rsi=40,all,LONG,0.0074277489483381,0.0004,0.0070248181458687,TP
SOLUSDT,15m,5,pullback rsi=40,all,LONG,-0.007578673146022,0.0007,-0.008273268832687,SL
SOLUSDT,15m,5,pullback rsi=40,all,LONG,-0.0090893023476855,0.0007,-0.0097828407449722,TIME
SOLUSDT,15m,5,pullback rsi=40,all,LONG,-0.0100582612456935,0.0007,-0.0107511214686476,SL
SOLUSDT,15m,5,pullback rsi=40,all,LONG,0.0100966611286459,0.0004,0.0096926628680611,TP
SOLUSDT,15m,5,pullback rsi=40,all,LONG,-0.0102379099618853,0.0007,-0.0109306444487029,SL
SOLUSDT,15m,5,pullback rsi=40,all,SHORT,0.0062917872499985,0.0004,0.0058893107867701,TP
SOLUSDT,15m,5,pullback rsi=40,all,LONG,-0.0115289077237781,0.0007,-0.0122207386412621,SL
SOLUSDT,15m,5,pullback rsi=40,all,LONG,0.0069541562902534,0.0007,0.006249389076266,TIME
SOLUSDT,15m,5,pullback rsi=40,all,SHORT,0.0094137509262953,0.0004,0.009010025802475,TP
SOLUSDT,15m,5,pullback rsi=40,all,SHORT,-0.0001644579945798,0.0007,-0.0008642428904294,TIME
SOLUSDT,15m,5,pullback rsi=40,all,SHORT,-0.0207589798748484,0.0007,-0.0214443506648338,SL
SOLUSDT,15m,5,pullback rsi=40,all,LONG,-0.014180891254923,0.0007,-0.0148708660491335,SL
SOLUSDT,15m,5,pullback rsi=40,all,LONG,0.0171246438084726,0.0004,0.0167178346359351,TP
SOLUSDT,15m,5,pullback rsi=40,all,LONG,-0.0150987561287218,0.0007,-0.0157880885093073,SL
SOLUSDT,15m,5,pullback rsi=40,all,LONG,-0.0162800948794484,0.0007,-0.0169686004410423,SL
SOLUSDT,15m,5,pullback rsi=40,all,LONG,-0.0148306016113458,0.0007,-0.0155201216732779,SL
SOLUSDT,15m,5,pullback rsi=40,all,SHORT,0.0180665747765515,0.0004,0.0176593888693041,TP
SOLUSDT,15m,5,pullback rsi=40,all,SHORT,-0.0147034437448671,0.0007,-0.01539305280459,TIME
SOLUSDT,15m,5,pullback rsi=40,all,LONG,-0.0106807913232158,0.0007,-0.0113732158373687,SL
SOLUSDT,15m,5,pullback rsi=40,all,SHORT,0.0086945569865303,0.0004,0.008291119511518,TP
SOLUSDT,15m,5,pullback rsi=40,all,LONG,-0.0170391797636651,0.0007,-0.0177271540417485,SL
SOLUSDT,15m,5,pullback rsi=40,all,SHORT,0.011718063907103,0.0004,0.0113134171502629,TP
SOLUSDT,15m,5,pullback rsi=40,all,SHORT,-0.0112492454737131,0.0007,-0.0119412721268059,SL
SOLUSDT,15m,5,pullback rsi=40,all,LONG,0.011983108351165,0.0004,0.0115783555871489,TP
SOLUSDT,15m,5,pullback rsi=40,all,LONG,0.0127375823215328,0.0004,0.0123325277981076,TP
SOLUSDT,15m,5,pullback rsi=40,all,LONG,-0.0071166958635509,0.0007,-0.0078116148881158,SL
SOLUSDT,15m,5,pullback rsi=40,all,LONG,0.0074111576856322,0.0004,0.0070082335190044,TP
SOLUSDT,15m,5,pullback rsi=40,all,LONG,0.0061901534660348,0.0004,0.0057877176522544,TP
SOLUSDT,15m,5,pullback rsi=40,all,LONG,0.0063565123330558,0.0004,0.0059540099823831,TP
SOLUSDT,15m,5,pullback rsi=40,all,LONG,-0.0100105860546918,0.0007,-0.0107034796455121,SL
SOLUSDT,15m,5,pullback rsi=40,all,LONG,0.0038113094939567,0.0007,0.0031087419584421,TIME
SOLUSDT,15m,5,pullback rsi=40,all,LONG,0.0093633752569925,0.0004,0.0089596702814247,TP
SOLUSDT,15m,5,pullback rsi=40,all,SHORT,0.006953785187928,0.0004,0.0065510439520042,TP
SOLUSDT,15m,5,pullback rsi=40,all,SHORT,-0.0087741558386272,0.0007,-0.0094679148069557,SL
SOLUSDT,15m,5,pullback rsi=40,all,SHORT,-0.0060996261175831,0.0007,-0.0067952569892634,TIME
SOLUSDT,15m,5,pullback rsi=40,all,SHORT,0.0063057074713211,0.0004,0.0059032254405608,TP
SOLUSDT,15m,5,pullback rsi=40,all,SHORT,-0.0065015115889215,0.0007,-0.0071968611809604,SL
SOLUSDT,15m,5,pullback rsi=40,all,SHORT,-0.0072267043377868,0.0007,-0.0079215463674207,SL
SOLUSDT,15m,5,pullback rsi=40,all,SHORT,0.0177419028848034,0.0004,0.0173348468333256,TP
SOLUSDT,15m,5,pullback rsi=40,all,SHORT,0.0230239764148167,0.0004,0.0226148077452099,TP
SOLUSDT,15m,5,pullback rsi=40,all,SHORT,0.0133033101985965,0.0004,0.0128980294066494,TP
SOLUSDT,15m,5,pullback rsi=40,all,SHORT,-0.02112601157624,0.0007,-0.0218111254807378,SL
SOLUSDT,15m,5,pullback rsi=40,all,LONG,0.0127237968281568,0.0004,0.0123187478183774,TP
SOLUSDT,15m,5,pullback rsi=40,all,SHORT,-0.0086861287173492,0.0007,-0.0093799492958598,SL
SOLUSDT,15m,5,pullback rsi=40,all,LONG,0.0133168190825839,0.0004,0.0129115328876234,TP
SOLUSDT,15m,6,donchian n=20 vol=1.5,range,SHORT,0.0175823911628101,0.0004,0.0171753989096405,TP
SOLUSDT,15m,6,donchian n=20 vol=1.5,range,LONG,-0.0069036868603049,0.0007,-0.0075987549698712,SL
SOLUSDT,15m,6,donchian n=20 vol=1.5,range,SHORT,0.0140981509520813,0.0004,0.0136925522556263,TP
SOLUSDT,15m,6,donchian n=20 vol=1.5,range,SHORT,-0.006796852782405,0.0007,-0.0074919956651425,SL
SOLUSDT,15m,6,donchian n=20 vol=1.5,range,SHORT,-0.0082797605910865,0.0007,-0.0089738655866487,SL
SOLUSDT,15m,6,donchian n=20 vol=1.5,range,LONG,0.0139369670001628,0.0004,0.0135314327708413,TP
SOLUSDT,15m,6,donchian n=20 vol=1.5,range,LONG,-0.0079247247879653,0.0007,-0.0086190782730861,SL
SOLUSDT,15m,6,donchian n=20 vol=1.5,range,LONG,-0.0078480509600558,0.0007,-0.0085424581091887,SL
SOLUSDT,15m,6,donchian n=20 vol=1.5,range,LONG,-0.0074984780195157,0.0007,-0.0081931298347498,SL
SOLUSDT,15m,6,donchian n=20 vol=1.5,range,SHORT,0.0238428600909461,0.0004,0.0234333639006243,TP
SOLUSDT,15m,6,donchian n=20 vol=1.5,range,LONG,-0.0124581304905502,0.0007,-0.0131493110450198,SL
SOLUSDT,15m,6,donchian n=20 vol=1.5,range,LONG,-0.0038552290648078,0.0007,-0.0045524307899852,SL
SOLUSDT,15m,6,donchian n=20 vol=1.5,range,SHORT,-0.0058012223511104,0.0007,-0.0064970620755867,SL
SOLUSDT,15m,6,donchian n=20 vol=1.5,range,LONG,-0.0067718096648576,0.0007,-0.0074669700752731,SL
SOLUSDT,15m,6,donchian n=20 vol=1.5,range,LONG,-0.007162992330455,0.0007,-0.0078578789521228,SL
SOLUSDT,15m,6,donchian n=20 vol=1.5,range,SHORT,-0.0068374083436025,0.0007,-0.0075325228415027,SL
SOLUSDT,15m,7,donchian n=20 vol=1.5,range,SHORT,0.010583498789107,0.0004,0.0101793058129313,TP
SOLUSDT,15m,7,donchian n=20 vol=1.5,range,LONG,-0.0054227987697075,0.0007,-0.0061189033528485,SL
SOLUSDT,15m,7,donchian n=20 vol=1.5,range,SHORT,0.0144645624040329,0.0004,0.0140588171576536,TP
SOLUSDT,15m,7,donchian n=20 vol=1.5,range,LONG,-0.0043685828475645,0.0007,-0.0050654252764295,SL
SOLUSDT,15m,7,donchian n=20 vol=1.5,range,LONG,-0.003435470767699,0.0007,-0.0041329662817085,SL
SOLUSDT,15m,7,donchian n=20 vol=1.5,range,LONG,0.0063594967766663,0.0004,0.0059569932323353,TP
SOLUSDT,15m,7,donchian n=20 vol=1.5,range,LONG,0.0085191413740379,0.0004,0.008115774058254,TP
SOLUSDT,15m,7,donchian n=20 vol=1.5,range,LONG,-0.0078674336505945,0.0007,-0.0085618272337825,SL
SOLUSDT,15m,7,donchian n=20 vol=1.5,range,LONG,0.003999100103528,0.0007,0.0032964011333656,TIME
SOLUSDT,15m,7,donchian n=20 vol=1.5,range,SHORT,-0.0072048852753823,0.0007,-0.0078997425761779,SL
SOLUSDT,15m,7,donchian n=20 vol=1.5,range,SHORT,-0.0035929012607212,0.0007,-0.0042902865891286,SL
SOLUSDT,15m,7,donchian n=20 vol=1.5,range,SHORT,-0.0032531206207022,0.0007,-0.0039507437615797,SL
SOLUSDT,15m,7,donchian n=20 vol=1.5,range,LONG,0.0072703349431433,0.0004,0.0068674670999795,TP
SOLUSDT,15m,7,donchian n=20 vol=1.5,range,LONG,-0.0045033075638157,0.0007,-0.0052000556988517,SL
SOLUSDT,15m,7,donchian n=20 vol=1.5,range,LONG,0.0053520317836383,0.0004,0.0049499311850063,TP
SOLUSDT,15m,7,donchian n=20 vol=1.5,range,LONG,0.0066571685172978,0.0004,0.0062545459161775,TP
SOLUSDT,15m,7,donchian n=20 vol=1.5,range,SHORT,0.0123456044217513,0.0004,0.0119407066738068,TP
SOLUSDT,15m,7,donchian n=20 vol=1.5,range,SHORT,-0.002885386806556,0.0007,-0.00358326732433,SL
SOLUSDT,15m,7,donchian n=20 vol=1.5,range,LONG,-0.0031763347007454,0.0007,-0.0038740115840882,SL
SOLUSDT,15m,7,donchian n=20 vol=1.5,range,SHORT,0.0063024092274578,0.0004,0.0058999285158634,TP
SOLUSDT,15m,7,donchian n=20 vol=1.5,range,LONG,-0.0068211490097452,0.0007,-0.0075162748875533,TIME
SOLUSDT,15m,8,donchian n=20 vol=1.5,range,LONG,-0.0075631766338342,0.0007,-0.0082577831665081,SL
SOLUSDT,15m,8,donchian n=20 vol=1.5,range,LONG,-0.0087318797968751,0.0007,-0.0094256683542052,SL
SOLUSDT,15m,8,donchian n=20 vol=1.5,range,SHORT,-0.0117254031781953,0.0007,-0.0124170965685108,SL
SOLUSDT,15m,8,donchian n=20 vol=1.5,range,SHORT,0.0140503511450373,0.0004,0.0136447715665934,TP
SOLUSDT,15m,8,donchian n=20 vol=1.5,range,SHORT,-0.0105090595504685,0.0007,-0.011201604259689,SL
SOLUSDT,15m,8,donchian n=20 vol=1.5,range,LONG,-0.0076175271956511,0.0007,-0.0083120956883667,SL
SOLUSDT,15m,8,donchian n=20 vol=1.5,range,SHORT,0.0161915620552041,0.0004,0.0157851260780446,TP
SOLUSDT,15m,8,donchian n=20 vol=1.5,range,SHORT,-0.006119996329923,0.0007,-0.0068156129444917,SL
SOLUSDT,15m,8,donchian n=20 vol=1.5,range,LONG,-0.0131623416890519,0.0007,-0.0138530293661037,SL
SOLUSDT,15m,8,donchian n=20 vol=1.5,range,SHORT,-0.0111327023342561,0.0007,-0.0118248105558922,SL
SOLUSDT,15m,8,donchian n=20 vol=1.5,range,LONG,0.0215195200925578,0.0004,0.0211109531453017,TP
SOLUSDT,15m,8,donchian n=20 vol=1.5,range,SHORT,-0.0121557425838723,0.0007,-0.0128471347796378,SL
SOLUSDT,15m,8,donchian n=20 vol=1.5,range,LONG,-0.0146446632171536,0.0007,-0.0153343134173679,SL
SOLUSDT,15m,8,donchian n=20 vol=1.5,range,SHORT,-0.00752452817364,0.0007,-0.0082191617563711,SL
SOLUSDT,15m,8,donchian n=20 vol=1.5,range,LONG,-0.0089204166793781,0.0007,-0.0096140732797441,SL
SOLUSDT,15m,8,donchian n=20 vol=1.5,range,LONG,-0.006977910230407,0.0007,-0.0076729263910367,SL
SOLUSDT,15m,8,donchian n=20 vol=1.5,range,LONG,-0.0078476250625314,0.0007,-0.00854203250975,SL
SOLUSDT,15m,8,donchian n=20 vol=1.5,range,LONG,0.0148959956865081,0.0004,0.0144900778840735,TP
SOLUSDT,15m,8,donchian n=20 vol=1.5,range,SHORT,-0.0052035522601941,0.0007,-0.0058998102939672,SL
SOLUSDT,15m,8,donchian n=20 vol=1.5,range,LONG,-0.0044496770642445,0.0007,-0.0051464627352673,SL
SOLUSDT,15m,8,donchian n=20 vol=1.5,range,SHORT,-0.0047714639341518,0.0007,-0.0054680243865442,SL
SOLUSDT,15m,8,donchian n=20 vol=1.5,range,LONG,0.0118119089288633,0.0004,0.0114072246377681,TP
SOLUSDT,15m,8,donchian n=20 vol=1.5,range,SHORT,-0.0099570468092788,0.0007,-0.0106499778722168,SL
SOLUSDT,15m,8,donchian n=20 vol=1.5,range,SHORT,-0.0040898909503395,0.0007,-0.0047869284356633,SL
SOLUSDT,15m,8,donchian n=20 vol=1.5,range,LONG,-0.0038880365820013,0.0007,-0.0045852153451975,SL
SOLUSDT,15m,8,donchian n=20 vol=1.5,range,SHORT,0.0128376954336501,0.0004,0.0124326008689845,TP
SOLUSDT,15m,9,pullback rsi=35,all,SHORT,-0.0047096345451002,0.0007,-0.005406238271882,SL
SOLUSDT,15m,9,pullback rsi=35,all,LONG,-0.0077400044983883,0.0007,-0.0084344872692397,SL
SOLUSDT,15m,9,pullback rsi=35,all,SHORT,0.0103385498940943,0.0004,0.0099344548876787,TP
SOLUSDT,15m,9,pullback rsi=35,all,SHORT,-0.008762350152972,0.0007,-0.0094561173840997,SL
SOLUSDT,15m,9,pullback rsi=35,all,LONG,-0.0082547538056441,0.0007,-0.0089488763034555,SL
SOLUSDT,15m,9,pullback rsi=35,all,LONG,-0.0044841941743531,0.0007,-0.0051809556868505,SL
SOLUSDT,15m,9,pullback rsi=35,all,SHORT,0.009600329836903,0.0004,0.0091965300889815,TP
SOLUSDT,15m,9,pullback rsi=35,all,SHORT,-0.0056117687356753,0.0007,-0.0063077410587371,SL
SOLUSDT,15m,9,pullback rsi=35,all,LONG,0.014639886077407,0.0004,0.0142340707085715,TP
SOLUSDT,15m,9,pullback rsi=35,all,SHORT,-0.0052372780681734,0.0007,-0.0059335124972533,SL
SOLUSDT,15m,9,pullback rsi=35,all,SHORT,-0.0021754159831262,0.0007,-0.0028737934094796,TIME
SOLUSDT,15m,9,pullback rsi=35,all,LONG,-0.0065304669382514,0.0007,-0.0072257962644413,SL
SOLUSDT,15m,9,pullback rsi=35,all,SHORT,0.0112142008524561,0.0004,0.0108097556206834,TP
SOLUSDT,15m,9,pullback rsi=35,all,LONG,-0.0056755794798536,0.0007,-0.0063715071417755,SL
SOLUSDT,15m,9,pullback rsi=35,all,LONG,0.0041319995452996,0.0007,0.0034292075588178,TIME
SOLUSDT,15m,9,pullback rsi=35,all,LONG,0.0094845713420277,0.0004,0.0090808178928738,TP
SOLUSDT,15m,10,breakout n=20,range,LONG,-0.0049438310973337,0.0007,-0.0056402709099486,SL
SOLUSDT,15m,10,breakout n=20,range,SHORT,-0.0043055907731102,0.0007,-0.005002477290128,SL
SOLUSDT,15m,10,breakout n=20,range,LONG,-0.0046940803422559,0.0007,-0.0053906949554243,SL
SOLUSDT,15m,10,breakout n=20,range,LONG,0.0010983447954305,0.0007,0.0003976760639083,TIME
SOLUSDT,15m,10,breakout n=20,range,SHORT,0.0041772995629277,0.0004,0.0037756688101944,TP
SOLUSDT,15m,10,breakout n=20,range,SHORT,0.0049609525510941,0.0004,0.0045590083685118,TP
SOLUSDT,15m,10,breakout n=20,range,LONG,-0.0044117632268319,0.0007,-0.0051085754337494,SL
SOLUSDT,15m,10,breakout n=20,range,SHORT,-0.0027518046372148,0.0007,-0.0034497786491491,SL
SOLUSDT,15m,10,breakout n=20,range,SHORT,0.0039796955659181,0.0004,0.0035781438468796,TP
SOLUSDT,15m,10,breakout n=20,range,LONG,0.0040711044047213,0.0004,0.0036695161258037,TP
SOLUSDT,15m,10,breakout n=20,range,SHORT,-0.0043881886887137,0.0007,-0.0050850173954504,SL
SOLUSDT,15m,10,breakout n=20,range,SHORT,0.0064969777076326,0.0004,0.0060944191764287,TP
SOLUSDT,15m,10,breakout n=20,range,LONG,0.0050057434107766,0.0004,0.0046037813136421,TP
SOLUSDT,15m,10,breakout n=20,range,LONG,-0.0056077018487874,0.0007,-0.0063036770182633,SL
SOLUSDT,15m,11,pullback rsi=35,all,SHORT,-0.0079792165018013,0.0007,-0.0086735318481716,SL
SOLUSDT,15m,11,pullback rsi=35,all,SHORT,-0.009943769832469,0.0007,-0.0106367101879631,SL
SOLUSDT,15m,11,pullback rsi=35,all,LONG,0.0087384054906824,0.0004,0.0083349504780225,TP
SOLUSDT,15m,11,pullback rsi=35,all,SHORT,-0.007104232108349,0.0007,-0.0077991598562963,SL
SOLUSDT,15m,11,pullback rsi=35,all,SHORT,-0.0057799260407866,0.0007,-0.0064757806705507,SL
SOLUSDT,15m,11,pullback rsi=35,all,SHORT,0.0057521343780302,0.0004,0.0053498737543644,TP
SOLUSDT,15m,11,pullback rsi=35,all,SHORT,0.0009129749393695,0.0007,0.0002124359482096,TIME
SOLUSDT,15m,11,pullback rsi=35,all,SHORT,-0.0053940769772436,0.0007,-0.006090201662767,SL
