symbol,interval,period,mode,threshold,horizon,gross_mean,net_mean,trades,net_total
BTCUSDT,5m,TRAIN,MOM,0.1,1,-1.0547208461417264e-05,-0.001210547208461417,18398,-22.27164754127315
BTCUSDT,5m,TRAIN,CONTRA,0.1,1,1.0547208461417264e-05,-0.0011894527915385824,18398,-21.88355245872684
BTCUSDT,5m,TRAIN,MOM,0.1,2,-1.0644151089101591e-05,-0.0012106441510891014,18397,-22.272220447586196
BTCUSDT,5m,TRAIN,CONTRA,0.1,2,1.0644151089101591e-05,-0.0011893558489108982,18397,-21.880579552413792
BTCUSDT,5m,TRAIN,MOM,0.1,3,-2.694345681562292e-05,-0.0012269434568156225,18396,-22.570851831580192
BTCUSDT,5m,TRAIN,CONTRA,0.1,3,2.694345681562292e-05,-0.0011730565431843768,18396,-21.579548168419798
BTCUSDT,5m,TRAIN,MOM,0.1,6,-3.113999999875875e-05,-0.0012311399999987583,18394,-22.64558915997716
BTCUSDT,5m,TRAIN,CONTRA,0.1,6,3.113999999875875e-05,-0.001168860000001241,18394,-21.500010840022828
BTCUSDT,5m,TRAIN,MOM,0.1,12,-6.246913126817409e-05,-0.0012624691312681736,18389,-23.215544854890446
BTCUSDT,5m,TRAIN,CONTRA,0.1,12,6.246913126817409e-05,-0.0011375308687318255,18389,-20.91805514510954
BTCUSDT,5m,TRAIN,MOM,0.2,1,-9.876824202217375e-06,-0.001209876824202217,11544,-13.966818058590393
BTCUSDT,5m,TRAIN,CONTRA,0.2,1,9.876824202217375e-06,-0.0011901231757977823,11544,-13.738781941409599
BTCUSDT,5m,TRAIN,MOM,0.2,2,2.5200324787027984e-06,-0.0011974799675212968,11544,-13.82370874506585
BTCUSDT,5m,TRAIN,CONTRA,0.2,2,-2.5200324787027984e-06,-0.0012025200324787026,11544,-13.881891254934143
BTCUSDT,5m,TRAIN,MOM,0.2,3,-2.4900039300747422e-05,-0.0012249000393007472,11543,-14.139021153648525
BTCUSDT,5m,TRAIN,CONTRA,0.2,3,2.4900039300747422e-05,-0.0011750999606992523,11543,-13.564178846351469
BTCUSDT,5m,TRAIN,MOM,0.2,6,-5.359160364721196e-05,-0.0012535916036472117,11541,-14.467700697692472
BTCUSDT,5m,TRAIN,CONTRA,0.2,6,5.359160364721196e-05,-0.0011464083963527876,11541,-13.230699302307523
BTCUSDT,5m,TRAIN,MOM,0.2,12,-6.709572195826148e-05,-0.001267095721958261,11537,-14.618483344232457
BTCUSDT,5m,TRAIN,CONTRA,0.2,12,6.709572195826148e-05,-0.0011329042780417382,11537,-13.070316655767535
BTCUSDT,5m,TRAIN,MOM,0.3,1,-2.392398250912438e-05,-0.0012239239825091242,6092,-7.456144901445584
BTCUSDT,5m,TRAIN,CONTRA,0.3,1,2.392398250912438e-05,-0.0011760760174908754,6092,-7.164655098554412
BTCUSDT,5m,TRAIN,MOM,0.3,2,-3.862150066144634e-05,-0.001238621500661446,6092,-7.5456821820295295
BTCUSDT,5m,TRAIN,CONTRA,0.3,2,3.862150066144634e-05,-0.0011613784993385534,6092,-7.075117817970467
BTCUSDT,5m,TRAIN,MOM,0.3,3,-6.649487978699183e-05,-0.0012664948797869915,6092,-7.7154868076623515
BTCUSDT,5m,TRAIN,CONTRA,0.3,3,6.649487978699183e-05,-0.0011335051202130079,6092,-6.905313192337644
BTCUSDT,5m,TRAIN,MOM,0.3,6,-0.00011379240069195628,-0.001313792400691956,6092,-8.003623305015395
BTCUSDT,5m,TRAIN,CONTRA,0.3,6,0.00011379240069195628,-0.0010862075993080434,6092,-6.6171766949846
BTCUSDT,5m,TRAIN,MOM,0.3,12,-0.00013085826598119874,-0.0013308582659811985,6092,-8.107588556357461
BTCUSDT,5m,TRAIN,CONTRA,0.3,12,0.00013085826598119874,-0.001069141734018801,6092,-6.513211443642536
BTCUSDT,5m,TRAIN,MOM,0.4,1,7.002648614731418e-06,-0.0011929973513852682,2661,-3.1745659520361986
BTCUSDT,5m,TRAIN,CONTRA,0.4,1,-7.002648614731418e-06,-0.0012070026486147311,2661,-3.2118340479637997
BTCUSDT,5m,TRAIN,MOM,0.4,2,1.3679118086422389e-05,-0.0011863208819135774,2661,-3.156799866772029
BTCUSDT,5m,TRAIN,CONTRA,0.4,2,-1.3679118086422389e-05,-0.001213679118086422,2661,-3.229600133227969
BTCUSDT,5m,TRAIN,MOM,0.4,3,-2.591816553413543e-05,-0.0012259181655341351,2661,-3.2621682384863337
BTCUSDT,5m,TRAIN,CONTRA,0.4,3,2.591816553413543e-05,-0.0011740818344658642,2661,-3.1242317615136646
BTCUSDT,5m,TRAIN,MOM,0.4,6,-8.166244175305427e-05,-0.0012816624417530539,2661,-3.4105037575048764
BTCUSDT,5m,TRAIN,CONTRA,0.4,6,8.166244175305427e-05,-0.0011183375582469453,2661,-2.9758962424951214
BTCUSDT,5m,TRAIN,MOM,0.4,12,-7.362862233754216e-05,-0.001273628622337542,2661,-3.389125764040199
BTCUSDT,5m,TRAIN,CONTRA,0.4,12,7.362862233754216e-05,-0.0011263713776624574,2661,-2.9972742359597992
BTCUSDT,5m,TRAIN,MOM,0.5,1,-1.9810845645476833e-05,-0.0012198108456454766,922,-1.1246655996851294
BTCUSDT,5m,TRAIN,CONTRA,0.5,1,1.9810845645476833e-05,-0.0011801891543545228,922,-1.08813440031487
BTCUSDT,5m,TRAIN,MOM,0.5,2,-4.276289398856237e-05,-0.001242762893988562,922,-1.1458273882574541
BTCUSDT,5m,TRAIN,CONTRA,0.5,2,4.276289398856237e-05,-0.0011572371060114372,922,-1.066972611742545
BTCUSDT,5m,TRAIN,MOM,0.5,3,-0.00011439707267777594,-0.0013143970726777756,922,-1.2118741010089091
BTCUSDT,5m,TRAIN,CONTRA,0.5,3,0.00011439707267777594,-0.0010856029273222237,922,-1.0009258989910903
BTCUSDT,5m,TRAIN,MOM,0.5,6,-0.00016270256817810228,-0.001362702568178102,922,-1.25641176786021
BTCUSDT,5m,TRAIN,CONTRA,0.5,6,0.00016270256817810228,-0.0010372974318218974,922,-0.9563882321397894
BTCUSDT,5m,TRAIN,MOM,0.5,12,-0.00015258314843850354,-0.0013525831484385033,922,-1.2470816628603
BTCUSDT,5m,TRAIN,CONTRA,0.5,12,0.00015258314843850354,-0.0010474168515614962,922,-0.9657183371396996
BTCUSDT,5m,TEST,MOM,0.1,1,-1.2841183767201383e-05,-0.0012128411837672012,12881,-15.622607288105318
BTCUSDT,5m,TEST,CONTRA,0.1,1,1.2841183767201383e-05,-0.0011871588162327982,12881,-15.291792711894674
BTCUSDT,5m,TEST,MOM,0.1,2,-3.18848654406913e-06,-0.0012031884865440687,12880,-15.497067706687606
BTCUSDT,5m,TEST,CONTRA,0.1,2,3.18848654406913e-06,-0.0011968115134559306,12880,-15.414932293312386
BTCUSDT,5m,TEST,MOM,0.1,3,-7.910977824380447e-06,-0.00120791097782438,12879,-15.55668548340019
BTCUSDT,5m,TEST,CONTRA,0.1,3,7.910977824380447e-06,-0.0011920890221756193,12879,-15.352914516599801
BTCUSDT,5m,TEST,MOM,0.1,6,-1.4051167223327489e-05,-0.001214051167223327,12876,-15.63212282916756
BTCUSDT,5m,TEST,CONTRA,0.1,6,1.4051167223327489e-05,-0.0011859488327766723,12876,-15.270277170832433
BTCUSDT,5m,TEST,MOM,0.1,12,1.3081033225021017e-05,-0.0011869189667749788,12871,-15.27683402136075
BTCUSDT,5m,TEST,CONTRA,0.1,12,-1.3081033225021017e-05,-0.0012130810332250206,12871,-15.61356597863924
BTCUSDT,5m,TEST,MOM,0.2,1,-1.672735532532436e-05,-0.001216727355325324,8409,-10.23146033093065
BTCUSDT,5m,TEST,CONTRA,0.2,1,1.672735532532436e-05,-0.0011832726446746752,8409,-9.950139669069344
BTCUSDT,5m,TEST,MOM,0.2,2,-1.6604862747461046e-05,-0.0012166048627474607,8408,-10.22921368598065
BTCUSDT,5m,TEST,CONTRA,0.2,2,1.6604862747461046e-05,-0.0011833951372525386,8408,-9.949986314019345
BTCUSDT,5m,TEST,MOM,0.2,3,-1.8563026019677225e-05,-0.001218563026019677,8408,-10.245677922773444
BTCUSDT,5m,TEST,CONTRA,0.2,3,1.8563026019677225e-05,-0.0011814369739803223,8408,-9.93352207722655
BTCUSDT,5m,TEST,MOM,0.2,6,-2.6042293877877327e-05,-0.001226042293877877,8406,-10.306111522337433
BTCUSDT,5m,TEST,CONTRA,0.2,6,2.6042293877877327e-05,-0.0011739577061221224,8406,-9.86828847766256
BTCUSDT,5m,TEST,MOM,0.2,12,-2.39559642897474e-07,-0.0012002395596428972,8401,-10.083212540559979
BTCUSDT,5m,TEST,CONTRA,0.2,12,2.39559642897474e-07,-0.0011997604403571021,8401,-10.079187459440016
BTCUSDT,5m,TEST,MOM,0.3,1,-4.940172914513433e-06,-0.0012049401729145133,4836,-5.827090676214586
BTCUSDT,5m,TEST,CONTRA,0.3,1,4.940172914513433e-06,-0.0011950598270854863,4836,-5.779309323785411
BTCUSDT,5m,TEST,MOM,0.3,2,2.9019615653715876e-06,-0.0011970980384346283,4835,-5.787969015831427
BTCUSDT,5m,TEST,CONTRA,0.3,2,-2.9019615653715876e-06,-0.001202901961565371,4835,-5.816030984168569
BTCUSDT,5m,TEST,MOM,0.3,3,4.326249533240076e-07,-0.0011995673750466755,4835,-5.799908258350676
BTCUSDT,5m,TEST,CONTRA,0.3,3,-4.326249533240076e-07,-0.0012004326249533237,4835,-5.80409174164932
BTCUSDT,5m,TEST,MOM,0.3,6,-2.4626662981705655e-05,-0.0012246266629817053,4834,-5.919845288853564
BTCUSDT,5m,TEST,CONTRA,0.3,6,2.4626662981705655e-05,-0.0011753733370182939,4834,-5.681754711146433
BTCUSDT,5m,TEST,MOM,0.3,12,-5.089720593074875e-06,-0.0012050897205930745,4831,-5.821788440185143
BTCUSDT,5m,TEST,CONTRA,0.3,12,5.089720593074875e-06,-0.0011949102794069247,4831,-5.7726115598148535
BTCUSDT,5m,TEST,MOM,0.4,1,4.914150446668179e-06,-0.0011950858495533316,2369,-2.8311583775918425
BTCUSDT,5m,TEST,CONTRA,0.4,1,-4.914150446668179e-06,-0.001204914150446668,2369,-2.8544416224081566
BTCUSDT,5m,TEST,MOM,0.4,2,2.103007747706402e-06,-0.0011978969922522935,2369,-2.837817974645683
BTCUSDT,5m,TEST,CONTRA,0.4,2,-2.103007747706402e-06,-0.001202103007747706,2369,-2.8477820253543156
BTCUSDT,5m,TEST,MOM,0.4,3,-9.027712701279978e-06,-0.0012090277127012798,2369,-2.864186651389332
BTCUSDT,5m,TEST,CONTRA,0.4,3,9.027712701279978e-06,-0.0011909722872987197,2369,-2.821413348610667
BTCUSDT,5m,TEST,MOM,0.4,6,-3.45292564512322e-05,-0.0012345292564512318,2369,-2.9245998085329683
BTCUSDT,5m,TEST,CONTRA,0.4,6,3.45292564512322e-05,-0.0011654707435487673,2369,-2.76100019146703
BTCUSDT,5m,TEST,MOM,0.4,12,-3.911135054424349e-05,-0.0012391113505442431,2367,-2.9329765667382235
BTCUSDT,5m,TEST,CONTRA,0.4,12,3.911135054424349e-05,-0.0011608886494557564,2367,-2.7478234332617753
BTCUSDT,5m,TEST,MOM,0.5,1,2.1449511318208396e-05,-0.0011785504886817914,1042,-1.2280496092064266
BTCUSDT,5m,TEST,CONTRA,0.5,1,-2.1449511318208396e-05,-0.0012214495113182081,1042,-1.2727503907935729
BTCUSDT,5m,TEST,MOM,0.5,2,2.8789522014582827e-05,-0.0011712104779854167,1042,-1.2204013180608042
BTCUSDT,5m,TEST,CONTRA,0.5,2,-2.8789522014582827e-05,-0.0012287895220145823,1042,-1.2803986819391948
BTCUSDT,5m,TEST,MOM,0.5,3,1.7743474882141402e-05,-0.0011822565251178583,1042,-1.2319112991728083
BTCUSDT,5m,TEST,CONTRA,0.5,3,-1.7743474882141402e-05,-0.001217743474882141,1042,-1.268888700827191
BTCUSDT,5m,TEST,MOM,0.5,6,8.508663655817815e-06,-0.0011914913363441817,1042,-1.2415339724706373
BTCUSDT,5m,TEST,CONTRA,0.5,6,-8.508663655817815e-06,-0.0012085086636558174,1042,-1.2592660275293617
BTCUSDT,5m,TEST,MOM,0.5,12,-3.097435390227767e-05,-0.0012309743539022774,1041,-1.2814443024122708
BTCUSDT,5m,TEST,CONTRA,0.5,12,3.097435390227767e-05,-0.0011690256460977222,1041,-1.2169556975877287
BTCUSDT,5m,HOLDOUT,MOM,0.1,1,-1.8442792530357974e-05,-0.0012184427925303577,6620,-8.066091286550968
BTCUSDT,5m,HOLDOUT,CONTRA,0.1,1,1.8442792530357974e-05,-0.0011815572074696417,6620,-7.8219087134490275
BTCUSDT,5m,HOLDOUT,MOM,0.1,2,-2.5523287066710385e-05,-0.00122552328706671,6619,-8.111738637094554
BTCUSDT,5m,HOLDOUT,CONTRA,0.1,2,2.5523287066710385e-05,-0.0011744767129332893,6619,-7.773861362905442
BTCUSDT,5m,HOLDOUT,MOM,0.1,3,-1.5112951940034478e-05,-0.0012151129519400341,6619,-8.042832628891086
BTCUSDT,5m,HOLDOUT,CONTRA,0.1,3,1.5112951940034478e-05,-0.0011848870480599652,6619,-7.84276737110891
BTCUSDT,5m,HOLDOUT,MOM,0.1,6,-5.120455753823285e-05,-0.0012512045575382323,6618,-8.280471761788021
BTCUSDT,5m,HOLDOUT,CONTRA,0.1,6,5.120455753823285e-05,-0.0011487954424617666,6618,-7.602728238211972
BTCUSDT,5m,HOLDOUT,MOM,0.1,12,-5.3029089471481707e-05,-0.0012530290894714813,6612,-8.285028339585434
BTCUSDT,5m,HOLDOUT,CONTRA,0.1,12,5.3029089471481707e-05,-0.001146970910528518,6612,-7.583771660414561
BTCUSDT,5m,HOLDOUT,MOM,0.2,1,-2.7076496224485967e-05,-0.0012270764962244857,4416,-5.418769807327329
BTCUSDT,5m,HOLDOUT,CONTRA,0.2,1,2.7076496224485967e-05,-0.0011729235037755137,4416,-5.179630192672668
BTCUSDT,5m,HOLDOUT,MOM,0.2,2,-3.857327973929038e-05,-0.0012385732797392903,4415,-5.468301030048966
BTCUSDT,5m,HOLDOUT,CONTRA,0.2,2,3.857327973929038e-05,-0.0011614267202607095,4415,-5.127698969951032
BTCUSDT,5m,HOLDOUT,MOM,0.2,3,-2.2888964115344002e-05,-0.0012228889641153436,4415,-5.399054776569242
BTCUSDT,5m,HOLDOUT,CONTRA,0.2,3,2.2888964115344002e-05,-0.0011771110358846557,4415,-5.196945223430755
BTCUSDT,5m,HOLDOUT,MOM,0.2,6,-7.809831120787839e-05,-0.0012780983112078781,4414,-5.641525945671574
BTCUSDT,5m,HOLDOUT,CONTRA,0.2,6,7.809831120787839e-05,-0.0011219016887921214,4414,-4.952074054328424
BTCUSDT,5m,HOLDOUT,MOM,0.2,12,-7.826561117938036e-05,-0.0012782656111793801,4411,-5.638429610912246
BTCUSDT,5m,HOLDOUT,CONTRA,0.2,12,7.826561117938036e-05,-0.0011217343888206195,4411,-4.947970389087752
BTCUSDT,5m,HOLDOUT,MOM,0.3,1,-2.893643402308738e-05,-0.0012289364340230871,2576,-3.1657402540434725
BTCUSDT,5m,HOLDOUT,CONTRA,0.3,1,2.893643402308738e-05,-0.0011710635659769122,2576,-3.016659745956526
BTCUSDT,5m,HOLDOUT,MOM,0.3,2,-5.390578330378141e-05,-0.0012539057833037812,2576,-3.2300612977905403
BTCUSDT,5m,HOLDOUT,CONTRA,0.3,2,5.390578330378141e-05,-0.0011460942166962183,2576,-2.9523387022094583
BTCUSDT,5m,HOLDOUT,MOM,0.3,3,-5.0571278121537906e-05,-0.0012505712781215375,2576,-3.2214716124410807
BTCUSDT,5m,HOLDOUT,CONTRA,0.3,3,5.0571278121537906e-05,-0.0011494287218784618,2576,-2.9609283875589174
BTCUSDT,5m,HOLDOUT,MOM,0.3,6,-9.977710946759755e-05,-0.0012997771094675973,2575,-3.346926056879063
BTCUSDT,5m,HOLDOUT,CONTRA,0.3,6,9.977710946759755e-05,-0.0011002228905324023,2575,-2.8330739431209357
BTCUSDT,5m,HOLDOUT,MOM,0.3,12,-0.00011554787754186496,-0.0013155478775418647,2573,-3.384904688915218
BTCUSDT,5m,HOLDOUT,CONTRA,0.3,12,0.00011554787754186496,-0.0010844521224581346,2573,-2.7902953110847806
BTCUSDT,5m,HOLDOUT,MOM,0.4,1,1.2467487994069776e-05,-0.0011875325120059299,1256,-1.491540835079448
BTCUSDT,5m,HOLDOUT,CONTRA,0.4,1,-1.2467487994069776e-05,-0.0012124674879940695,1256,-1.5228591649205512
BTCUSDT,5m,HOLDOUT,MOM,0.4,2,-4.711872166287658e-06,-0.0012047118721662873,1256,-1.513118111440857
BTCUSDT,5m,HOLDOUT,CONTRA,0.4,2,4.711872166287658e-06,-0.001195288127833712,1256,-1.5012818885591424
BTCUSDT,5m,HOLDOUT,MOM,0.4,3,-8.659216895028245e-06,-0.001208659216895028,1256,-1.518075976420155
BTCUSDT,5m,HOLDOUT,CONTRA,0.4,3,8.659216895028245e-06,-0.0011913407831049714,1256,-1.496324023579844
BTCUSDT,5m,HOLDOUT,MOM,0.4,6,2.6198939631662946e-05,-0.0011738010603683368,1255,-1.4731203307622627
BTCUSDT,5m,HOLDOUT,CONTRA,0.4,6,-2.6198939631662946e-05,-0.0012261989396316626,1255,-1.5388796692377367
BTCUSDT,5m,HOLDOUT,MOM,0.4,12,-7.839792194016687e-05,-0.0012783979219401665,1253,-1.6018325961910287
BTCUSDT,5m,HOLDOUT,CONTRA,0.4,12,7.839792194016687e-05,-0.0011216020780598329,1253,-1.4053674038089705
BTCUSDT,5m,HOLDOUT,MOM,0.5,1,-5.622007205771694e-06,-0.0012056220072057715,526,-0.6341571757902358
BTCUSDT,5m,HOLDOUT,CONTRA,0.5,1,5.622007205771694e-06,-0.001194377992794228,526,-0.628242824209764
BTCUSDT,5m,HOLDOUT,MOM,0.5,2,-2.496679480877852e-05,-0.0012249667948087783,526,-0.6443325340694174
BTCUSDT,5m,HOLDOUT,CONTRA,0.5,2,2.496679480877852e-05,-0.0011750332051912212,526,-0.6180674659305824
BTCUSDT,5m,HOLDOUT,MOM,0.5,3,-6.347994540967091e-05,-0.0012634799454096708,526,-0.6645904512854868
BTCUSDT,5m,HOLDOUT,CONTRA,0.5,3,6.347994540967091e-05,-0.0011365200545903288,526,-0.597809548714513
BTCUSDT,5m,HOLDOUT,MOM,0.5,6,-5.411884236802822e-05,-0.001254118842368028,526,-0.6596665110855827
BTCUSDT,5m,HOLDOUT,CONTRA,0.5,6,5.411884236802822e-05,-0.0011458811576319716,526,-0.602733488914417
BTCUSDT,5m,HOLDOUT,MOM,0.5,12,-7.007189402402255e-05,-0.0012700718940240221,524,-0.6655176724685876
BTCUSDT,5m,HOLDOUT,CONTRA,0.5,12,7.007189402402255e-05,-0.0011299281059759772,524,-0.5920823275314121
BTCUSDT,5m,TRAIN,MOM,0.1,1,-1.0547208461417264e-05,-0.001210547208461417,18398,-22.27164754127315
BTCUSDT,5m,TRAIN,CONTRA,0.1,1,1.0547208461417264e-05,-0.0011894527915385824,18398,-21.88355245872684
BTCUSDT,5m,TRAIN,MOM,0.1,2,-1.0644151089101591e-05,-0.0012106441510891014,18397,-22.272220447586196
BTCUSDT,5m,TRAIN,CONTRA,0.1,2,1.0644151089101591e-05,-0.0011893558489108982,18397,-21.880579552413792
BTCUSDT,5m,TRAIN,MOM,0.1,3,-2.694345681562292e-05,-0.0012269434568156225,18396,-22.570851831580192
BTCUSDT,5m,TRAIN,CONTRA,0.1,3,2.694345681562292e-05,-0.0011730565431843768,18396,-21.579548168419798
BTCUSDT,5m,TRAIN,MOM,0.1,6,-3.113999999875875e-05,-0.0012311399999987583,18394,-22.64558915997716
BTCUSDT,5m,TRAIN,CONTRA,0.1,6,3.113999999875875e-05,-0.001168860000001241,18394,-21.500010840022828
BTCUSDT,5m,TRAIN,MOM,0.1,12,-6.246913126817409e-05,-0.0012624691312681736,18389,-23.215544854890446
BTCUSDT,5m,TRAIN,CONTRA,0.1,12,6.246913126817409e-05,-0.0011375308687318255,18389,-20.91805514510954
BTCUSDT,5m,TRAIN,MOM,0.2,1,-9.876824202217375e-06,-0.001209876824202217,11544,-13.966818058590393
BTCUSDT,5m,TRAIN,CONTRA,0.2,1,9.876824202217375e-06,-0.0011901231757977823,11544,-13.738781941409599
BTCUSDT,5m,TRAIN,MOM,0.2,2,2.5200324787027984e-06,-0.0011974799675212968,11544,-13.82370874506585
BTCUSDT,5m,TRAIN,CONTRA,0.2,2,-2.5200324787027984e-06,-0.0012025200324787026,11544,-13.881891254934143
BTCUSDT,5m,TRAIN,MOM,0.2,3,-2.4900039300747422e-05,-0.0012249000393007472,11543,-14.139021153648525
BTCUSDT,5m,TRAIN,CONTRA,0.2,3,2.4900039300747422e-05,-0.0011750999606992523,11543,-13.564178846351469
BTCUSDT,5m,TRAIN,MOM,0.2,6,-5.359160364721196e-05,-0.0012535916036472117,11541,-14.467700697692472
BTCUSDT,5m,TRAIN,CONTRA,0.2,6,5.359160364721196e-05,-0.0011464083963527876,11541,-13.230699302307523
BTCUSDT,5m,TRAIN,MOM,0.2,12,-6.709572195826148e-05,-0.001267095721958261,11537,-14.618483344232457
BTCUSDT,5m,TRAIN,CONTRA,0.2,12,6.709572195826148e-05,-0.0011329042780417382,11537,-13.070316655767535
BTCUSDT,5m,TRAIN,MOM,0.3,1,-2.392398250912438e-05,-0.0012239239825091242,6092,-7.456144901445584
BTCUSDT,5m,TRAIN,CONTRA,0.3,1,2.392398250912438e-05,-0.0011760760174908754,6092,-7.164655098554412
BTCUSDT,5m,TRAIN,MOM,0.3,2,-3.862150066144634e-05,-0.001238621500661446,6092,-7.5456821820295295
BTCUSDT,5m,TRAIN,CONTRA,0.3,2,3.862150066144634e-05,-0.0011613784993385534,6092,-7.075117817970467
BTCUSDT,5m,TRAIN,MOM,0.3,3,-6.649487978699183e-05,-0.0012664948797869915,6092,-7.7154868076623515
BTCUSDT,5m,TRAIN,CONTRA,0.3,3,6.649487978699183e-05,-0.0011335051202130079,6092,-6.905313192337644
BTCUSDT,5m,TRAIN,MOM,0.3,6,-0.00011379240069195628,-0.001313792400691956,6092,-8.003623305015395
BTCUSDT,5m,TRAIN,CONTRA,0.3,6,0.00011379240069195628,-0.0010862075993080434,6092,-6.6171766949846
BTCUSDT,5m,TRAIN,MOM,0.3,12,-0.00013085826598119874,-0.0013308582659811985,6092,-8.107588556357461
BTCUSDT,5m,TRAIN,CONTRA,0.3,12,0.00013085826598119874,-0.001069141734018801,6092,-6.513211443642536
BTCUSDT,5m,TRAIN,MOM,0.4,1,7.002648614731418e-06,-0.0011929973513852682,2661,-3.1745659520361986
BTCUSDT,5m,TRAIN,CONTRA,0.4,1,-7.002648614731418e-06,-0.0012070026486147311,2661,-3.2118340479637997
BTCUSDT,5m,TRAIN,MOM,0.4,2,1.3679118086422389e-05,-0.0011863208819135774,2661,-3.156799866772029
BTCUSDT,5m,TRAIN,CONTRA,0.4,2,-1.3679118086422389e-05,-0.001213679118086422,2661,-3.229600133227969
BTCUSDT,5m,TRAIN,MOM,0.4,3,-2.591816553413543e-05,-0.0012259181655341351,2661,-3.2621682384863337
BTCUSDT,5m,TRAIN,CONTRA,0.4,3,2.591816553413543e-05,-0.0011740818344658642,2661,-3.1242317615136646
BTCUSDT,5m,TRAIN,MOM,0.4,6,-8.166244175305427e-05,-0.0012816624417530539,2661,-3.4105037575048764
BTCUSDT,5m,TRAIN,CONTRA,0.4,6,8.166244175305427e-05,-0.0011183375582469453,2661,-2.9758962424951214
BTCUSDT,5m,TRAIN,MOM,0.4,12,-7.362862233754216e-05,-0.001273628622337542,2661,-3.389125764040199
BTCUSDT,5m,TRAIN,CONTRA,0.4,12,7.362862233754216e-05,-0.0011263713776624574,2661,-2.9972742359597992
BTCUSDT,5m,TRAIN,MOM,0.5,1,-1.9810845645476833e-05,-0.0012198108456454766,922,-1.1246655996851294
BTCUSDT,5m,TRAIN,CONTRA,0.5,1,1.9810845645476833e-05,-0.0011801891543545228,922,-1.08813440031487
BTCUSDT,5m,TRAIN,MOM,0.5,2,-4.276289398856237e-05,-0.001242762893988562,922,-1.1458273882574541
BTCUSDT,5m,TRAIN,CONTRA,0.5,2,4.276289398856237e-05,-0.0011572371060114372,922,-1.066972611742545
BTCUSDT,5m,TRAIN,MOM,0.5,3,-0.00011439707267777594,-0.0013143970726777756,922,-1.2118741010089091
BTCUSDT,5m,TRAIN,CONTRA,0.5,3,0.00011439707267777594,-0.0010856029273222237,922,-1.0009258989910903
BTCUSDT,5m,TRAIN,MOM,0.5,6,-0.00016270256817810228,-0.001362702568178102,922,-1.25641176786021
BTCUSDT,5m,TRAIN,CONTRA,0.5,6,0.00016270256817810228,-0.0010372974318218974,922,-0.9563882321397894
BTCUSDT,5m,TRAIN,MOM,0.5,12,-0.00015258314843850354,-0.0013525831484385033,922,-1.2470816628603
BTCUSDT,5m,TRAIN,CONTRA,0.5,12,0.00015258314843850354,-0.0010474168515614962,922,-0.9657183371396996
BTCUSDT,5m,TEST,MOM,0.1,1,-1.2841183767201383e-05,-0.0012128411837672012,12881,-15.622607288105318
BTCUSDT,5m,TEST,CONTRA,0.1,1,1.2841183767201383e-05,-0.0011871588162327982,12881,-15.291792711894674
BTCUSDT,5m,TEST,MOM,0.1,2,-3.18848654406913e-06,-0.0012031884865440687,12880,-15.497067706687606
BTCUSDT,5m,TEST,CONTRA,0.1,2,3.18848654406913e-06,-0.0011968115134559306,12880,-15.414932293312386
BTCUSDT,5m,TEST,MOM,0.1,3,-7.910977824380447e-06,-0.00120791097782438,12879,-15.55668548340019
BTCUSDT,5m,TEST,CONTRA,0.1,3,7.910977824380447e-06,-0.0011920890221756193,12879,-15.352914516599801
BTCUSDT,5m,TEST,MOM,0.1,6,-1.4051167223327489e-05,-0.001214051167223327,12876,-15.63212282916756
BTCUSDT,5m,TEST,CONTRA,0.1,6,1.4051167223327489e-05,-0.0011859488327766723,12876,-15.270277170832433
BTCUSDT,5m,TEST,MOM,0.1,12,1.3081033225021017e-05,-0.0011869189667749788,12871,-15.27683402136075
BTCUSDT,5m,TEST,CONTRA,0.1,12,-1.3081033225021017e-05,-0.0012130810332250206,12871,-15.61356597863924
BTCUSDT,5m,TEST,MOM,0.2,1,-1.672735532532436e-05,-0.001216727355325324,8409,-10.23146033093065
BTCUSDT,5m,TEST,CONTRA,0.2,1,1.672735532532436e-05,-0.0011832726446746752,8409,-9.950139669069344
BTCUSDT,5m,TEST,MOM,0.2,2,-1.6604862747461046e-05,-0.0012166048627474607,8408,-10.22921368598065
BTCUSDT,5m,TEST,CONTRA,0.2,2,1.6604862747461046e-05,-0.0011833951372525386,8408,-9.949986314019345
BTCUSDT,5m,TEST,MOM,0.2,3,-1.8563026019677225e-05,-0.001218563026019677,8408,-10.245677922773444
BTCUSDT,5m,TEST,CONTRA,0.2,3,1.8563026019677225e-05,-0.0011814369739803223,8408,-9.93352207722655
BTCUSDT,5m,TEST,MOM,0.2,6,-2.6042293877877327e-05,-0.001226042293877877,8406,-10.306111522337433
BTCUSDT,5m,TEST,CONTRA,0.2,6,2.6042293877877327e-05,-0.0011739577061221224,8406,-9.86828847766256
BTCUSDT,5m,TEST,MOM,0.2,12,-2.39559642897474e-07,-0.0012002395596428972,8401,-10.083212540559979
BTCUSDT,5m,TEST,CONTRA,0.2,12,2.39559642897474e-07,-0.0011997604403571021,8401,-10.079187459440016
BTCUSDT,5m,TEST,MOM,0.3,1,-4.940172914513433e-06,-0.0012049401729145133,4836,-5.827090676214586
BTCUSDT,5m,TEST,CONTRA,0.3,1,4.940172914513433e-06,-0.0011950598270854863,4836,-5.779309323785411
BTCUSDT,5m,TEST,MOM,0.3,2,2.9019615653715876e-06,-0.0011970980384346283,4835,-5.787969015831427
BTCUSDT,5m,TEST,CONTRA,0.3,2,-2.9019615653715876e-06,-0.001202901961565371,4835,-5.816030984168569
BTCUSDT,5m,TEST,MOM,0.3,3,4.326249533240076e-07,-0.0011995673750466755,4835,-5.799908258350676
BTCUSDT,5m,TEST,CONTRA,0.3,3,-4.326249533240076e-07,-0.0012004326249533237,4835,-5.80409174164932
BTCUSDT,5m,TEST,MOM,0.3,6,-2.4626662981705655e-05,-0.0012246266629817053,4834,-5.919845288853564
BTCUSDT,5m,TEST,CONTRA,0.3,6,2.4626662981705655e-05,-0.0011753733370182939,4834,-5.681754711146433
BTCUSDT,5m,TEST,MOM,0.3,12,-5.089720593074875e-06,-0.0012050897205930745,4831,-5.821788440185143
BTCUSDT,5m,TEST,CONTRA,0.3,12,5.089720593074875e-06,-0.0011949102794069247,4831,-5.7726115598148535
BTCUSDT,5m,TEST,MOM,0.4,1,4.914150446668179e-06,-0.0011950858495533316,2369,-2.8311583775918425
BTCUSDT,5m,TEST,CONTRA,0.4,1,-4.914150446668179e-06,-0.001204914150446668,2369,-2.8544416224081566
BTCUSDT,5m,TEST,MOM,0.4,2,2.103007747706402e-06,-0.0011978969922522935,2369,-2.837817974645683
BTCUSDT,5m,TEST,CONTRA,0.4,2,-2.103007747706402e-06,-0.001202103007747706,2369,-2.8477820253543156
BTCUSDT,5m,TEST,MOM,0.4,3,-9.027712701279978e-06,-0.0012090277127012798,2369,-2.864186651389332
BTCUSDT,5m,TEST,CONTRA,0.4,3,9.027712701279978e-06,-0.0011909722872987197,2369,-2.821413348610667
BTCUSDT,5m,TEST,MOM,0.4,6,-3.45292564512322e-05,-0.0012345292564512318,2369,-2.9245998085329683
BTCUSDT,5m,TEST,CONTRA,0.4,6,3.45292564512322e-05,-0.0011654707435487673,2369,-2.76100019146703
BTCUSDT,5m,TEST,MOM,0.4,12,-3.911135054424349e-05,-0.0012391113505442431,2367,-2.9329765667382235
BTCUSDT,5m,TEST,CONTRA,0.4,12,3.911135054424349e-05,-0.0011608886494557564,2367,-2.7478234332617753
BTCUSDT,5m,TEST,MOM,0.5,1,2.1449511318208396e-05,-0.0011785504886817914,1042,-1.2280496092064266
BTCUSDT,5m,TEST,CONTRA,0.5,1,-2.1449511318208396e-05,-0.0012214495113182081,1042,-1.2727503907935729
BTCUSDT,5m,TEST,MOM,0.5,2,2.8789522014582827e-05,-0.0011712104779854167,1042,-1.2204013180608042
BTCUSDT,5m,TEST,CONTRA,0.5,2,-2.8789522014582827e-05,-0.0012287895220145823,1042,-1.2803986819391948
BTCUSDT,5m,TEST,MOM,0.5,3,1.7743474882141402e-05,-0.0011822565251178583,1042,-1.2319112991728083
BTCUSDT,5m,TEST,CONTRA,0.5,3,-1.7743474882141402e-05,-0.001217743474882141,1042,-1.268888700827191
BTCUSDT,5m,TEST,MOM,0.5,6,8.508663655817815e-06,-0.0011914913363441817,1042,-1.2415339724706373
BTCUSDT,5m,TEST,CONTRA,0.5,6,-8.508663655817815e-06,-0.0012085086636558174,1042,-1.2592660275293617
BTCUSDT,5m,TEST,MOM,0.5,12,-3.097435390227767e-05,-0.0012309743539022774,1041,-1.2814443024122708
BTCUSDT,5m,TEST,CONTRA,0.5,12,3.097435390227767e-05,-0.0011690256460977222,1041,-1.2169556975877287
BTCUSDT,5m,HOLDOUT,MOM,0.1,1,-1.8442792530357974e-05,-0.0012184427925303577,6620,-8.066091286550968
BTCUSDT,5m,HOLDOUT,CONTRA,0.1,1,1.8442792530357974e-05,-0.0011815572074696417,6620,-7.8219087134490275
BTCUSDT,5m,HOLDOUT,MOM,0.1,2,-2.5523287066710385e-05,-0.00122552328706671,6619,-8.111738637094554
BTCUSDT,5m,HOLDOUT,CONTRA,0.1,2,2.5523287066710385e-05,-0.0011744767129332893,6619,-7.773861362905442
BTCUSDT,5m,HOLDOUT,MOM,0.1,3,-1.5112951940034478e-05,-0.0012151129519400341,6619,-8.042832628891086
BTCUSDT,5m,HOLDOUT,CONTRA,0.1,3,1.5112951940034478e-05,-0.0011848870480599652,6619,-7.84276737110891
BTCUSDT,5m,HOLDOUT,MOM,0.1,6,-5.120455753823285e-05,-0.0012512045575382323,6618,-8.280471761788021
BTCUSDT,5m,HOLDOUT,CONTRA,0.1,6,5.120455753823285e-05,-0.0011487954424617666,6618,-7.602728238211972
BTCUSDT,5m,HOLDOUT,MOM,0.1,12,-5.3029089471481707e-05,-0.0012530290894714813,6612,-8.285028339585434
BTCUSDT,5m,HOLDOUT,CONTRA,0.1,12,5.3029089471481707e-05,-0.001146970910528518,6612,-7.583771660414561
BTCUSDT,5m,HOLDOUT,MOM,0.2,1,-2.7076496224485967e-05,-0.0012270764962244857,4416,-5.418769807327329
BTCUSDT,5m,HOLDOUT,CONTRA,0.2,1,2.7076496224485967e-05,-0.0011729235037755137,4416,-5.179630192672668
BTCUSDT,5m,HOLDOUT,MOM,0.2,2,-3.857327973929038e-05,-0.0012385732797392903,4415,-5.468301030048966
BTCUSDT,5m,HOLDOUT,CONTRA,0.2,2,3.857327973929038e-05,-0.0011614267202607095,4415,-5.127698969951032
BTCUSDT,5m,HOLDOUT,MOM,0.2,3,-2.2888964115344002e-05,-0.0012228889641153436,4415,-5.399054776569242
BTCUSDT,5m,HOLDOUT,CONTRA,0.2,3,2.2888964115344002e-05,-0.0011771110358846557,4415,-5.196945223430755
BTCUSDT,5m,HOLDOUT,MOM,0.2,6,-7.809831120787839e-05,-0.0012780983112078781,4414,-5.641525945671574
BTCUSDT,5m,HOLDOUT,CONTRA,0.2,6,7.809831120787839e-05,-0.0011219016887921214,4414,-4.952074054328424
BTCUSDT,5m,HOLDOUT,MOM,0.2,12,-7.826561117938036e-05,-0.0012782656111793801,4411,-5.638429610912246
BTCUSDT,5m,HOLDOUT,CONTRA,0.2,12,7.826561117938036e-05,-0.0011217343888206195,4411,-4.947970389087752
BTCUSDT,5m,HOLDOUT,MOM,0.3,1,-2.893643402308738e-05,-0.0012289364340230871,2576,-3.1657402540434725
BTCUSDT,5m,HOLDOUT,CONTRA,0.3,1,2.893643402308738e-05,-0.0011710635659769122,2576,-3.016659745956526
BTCUSDT,5m,HOLDOUT,MOM,0.3,2,-5.390578330378141e-05,-0.0012539057833037812,2576,-3.2300612977905403
BTCUSDT,5m,HOLDOUT,CONTRA,0.3,2,5.390578330378141e-05,-0.0011460942166962183,2576,-2.9523387022094583
BTCUSDT,5m,HOLDOUT,MOM,0.3,3,-5.0571278121537906e-05,-0.0012505712781215375,2576,-3.2214716124410807
BTCUSDT,5m,HOLDOUT,CONTRA,0.3,3,5.0571278121537906e-05,-0.0011494287218784618,2576,-2.9609283875589174
BTCUSDT,5m,HOLDOUT,MOM,0.3,6,-9.977710946759755e-05,-0.0012997771094675973,2575,-3.346926056879063
BTCUSDT,5m,HOLDOUT,CONTRA,0.3,6,9.977710946759755e-05,-0.0011002228905324023,2575,-2.8330739431209357
BTCUSDT,5m,HOLDOUT,MOM,0.3,12,-0.00011554787754186496,-0.0013155478775418647,2573,-3.384904688915218
BTCUSDT,5m,HOLDOUT,CONTRA,0.3,12,0.00011554787754186496,-0.0010844521224581346,2573,-2.7902953110847806
BTCUSDT,5m,HOLDOUT,MOM,0.4,1,1.2467487994069776e-05,-0.0011875325120059299,1256,-1.491540835079448
BTCUSDT,5m,HOLDOUT,CONTRA,0.4,1,-1.2467487994069776e-05,-0.0012124674879940695,1256,-1.5228591649205512
BTCUSDT,5m,HOLDOUT,MOM,0.4,2,-4.711872166287658e-06,-0.0012047118721662873,1256,-1.513118111440857
BTCUSDT,5m,HOLDOUT,CONTRA,0.4,2,4.711872166287658e-06,-0.001195288127833712,1256,-1.5012818885591424
BTCUSDT,5m,HOLDOUT,MOM,0.4,3,-8.659216895028245e-06,-0.001208659216895028,1256,-1.518075976420155
BTCUSDT,5m,HOLDOUT,CONTRA,0.4,3,8.659216895028245e-06,-0.0011913407831049714,1256,-1.496324023579844
BTCUSDT,5m,HOLDOUT,MOM,0.4,6,2.6198939631662946e-05,-0.0011738010603683368,1255,-1.4731203307622627
BTCUSDT,5m,HOLDOUT,CONTRA,0.4,6,-2.6198939631662946e-05,-0.0012261989396316626,1255,-1.5388796692377367
BTCUSDT,5m,HOLDOUT,MOM,0.4,12,-7.839792194016687e-05,-0.0012783979219401665,1253,-1.6018325961910287
BTCUSDT,5m,HOLDOUT,CONTRA,0.4,12,7.839792194016687e-05,-0.0011216020780598329,1253,-1.4053674038089705
BTCUSDT,5m,HOLDOUT,MOM,0.5,1,-5.622007205771694e-06,-0.0012056220072057715,526,-0.6341571757902358
BTCUSDT,5m,HOLDOUT,CONTRA,0.5,1,5.622007205771694e-06,-0.001194377992794228,526,-0.628242824209764
BTCUSDT,5m,HOLDOUT,MOM,0.5,2,-2.496679480877852e-05,-0.0012249667948087783,526,-0.6443325340694174
BTCUSDT,5m,HOLDOUT,CONTRA,0.5,2,2.496679480877852e-05,-0.0011750332051912212,526,-0.6180674659305824
BTCUSDT,5m,HOLDOUT,MOM,0.5,3,-6.347994540967091e-05,-0.0012634799454096708,526,-0.6645904512854868
BTCUSDT,5m,HOLDOUT,CONTRA,0.5,3,6.347994540967091e-05,-0.0011365200545903288,526,-0.597809548714513
BTCUSDT,5m,HOLDOUT,MOM,0.5,6,-5.411884236802822e-05,-0.001254118842368028,526,-0.6596665110855827
BTCUSDT,5m,HOLDOUT,CONTRA,0.5,6,5.411884236802822e-05,-0.0011458811576319716,526,-0.602733488914417
BTCUSDT,5m,HOLDOUT,MOM,0.5,12,-7.007189402402255e-05,-0.0012700718940240221,524,-0.6655176724685876
BTCUSDT,5m,HOLDOUT,CONTRA,0.5,12,7.007189402402255e-05,-0.0011299281059759772,524,-0.5920823275314121
BTCUSDT,15m,TRAIN,MOM,0.1,1,-6.825600637262898e-05,-0.0012682560063726287,5150,-6.531518432819038
BTCUSDT,15m,TRAIN,CONTRA,0.1,1,6.825600637262898e-05,-0.0011317439936273706,5150,-5.828481567180959
BTCUSDT,15m,TRAIN,MOM,0.1,2,-8.766330559274717e-05,-0.0012876633055927467,5149,-6.6301783604970534
BTCUSDT,15m,TRAIN,CONTRA,0.1,2,8.766330559274717e-05,-0.0011123366944072524,5149,-5.727421639502943
BTCUSDT,15m,TRAIN,MOM,0.1,3,-7.691722482167062e-05,-0.0012769172248216704,5149,-6.574846790606781
BTCUSDT,15m,TRAIN,CONTRA,0.1,3,7.691722482167062e-05,-0.001123082775178329,5149,-5.782753209393216
BTCUSDT,15m,TRAIN,MOM,0.1,6,-0.00016398895597310008,-0.0013639889559730997,5147,-7.020451156393545
BTCUSDT,15m,TRAIN,CONTRA,0.1,6,0.00016398895597310008,-0.0010360110440268996,5147,-5.332348843606452
BTCUSDT,15m,TRAIN,MOM,0.1,12,-0.00015654059981085215,-0.001356540599810852,5143,-6.976688304827212
BTCUSDT,15m,TRAIN,CONTRA,0.1,12,0.00015654059981085215,-0.0010434594001891475,5143,-5.366511695172786
BTCUSDT,15m,TRAIN,MOM,0.2,1,-5.824911680775092e-05,-0.0012582491168077507,2229,-2.804637281364476
BTCUSDT,15m,TRAIN,CONTRA,0.2,1,5.824911680775092e-05,-0.001141750883192249,2229,-2.5449627186355226
BTCUSDT,15m,TRAIN,MOM,0.2,2,-8.968568521824833e-05,-0.001289685685218248,2229,-2.874709392351475
BTCUSDT,15m,TRAIN,CONTRA,0.2,2,8.968568521824833e-05,-0.0011103143147817513,2229,-2.4748906076485238
BTCUSDT,15m,TRAIN,MOM,0.2,3,-7.862770961298554e-05,-0.0012786277096129852,2229,-2.850061164727344
BTCUSDT,15m,TRAIN,CONTRA,0.2,3,7.862770961298554e-05,-0.0011213722903870144,2229,-2.499538835272655
BTCUSDT,15m,TRAIN,MOM,0.2,6,-0.00021386494391319812,-0.0014138649439131977,2229,-3.1515049599825176
BTCUSDT,15m,TRAIN,CONTRA,0.2,6,0.00021386494391319812,-0.0009861350560868016,2229,-2.198095040017481
BTCUSDT,15m,TRAIN,MOM,0.2,12,-9.102219748023542e-05,-0.001291022197480235,2226,-2.873815411591003
BTCUSDT,15m,TRAIN,CONTRA,0.2,12,9.102219748023542e-05,-0.0011089778025197643,2226,-2.468584588408995
BTCUSDT,15m,TRAIN,MOM,0.3,1,-2.0842176893672753e-05,-0.0012208421768936726,726,-0.8863314204248063
BTCUSDT,15m,TRAIN,CONTRA,0.3,1,2.0842176893672753e-05,-0.0011791578231063271,726,-0.8560685795751934
BTCUSDT,15m,TRAIN,MOM,0.3,2,-1.749872220024307e-05,-0.001217498722200243,726,-0.8839040723173763
BTCUSDT,15m,TRAIN,CONTRA,0.3,2,1.749872220024307e-05,-0.0011825012777997568,726,-0.8584959276826234
BTCUSDT,15m,TRAIN,MOM,0.3,3,-0.00011122064790873603,-0.0013112206479087359,726,-0.9519461903817422
BTCUSDT,15m,TRAIN,CONTRA,0.3,3,0.00011122064790873603,-0.0010887793520912637,726,-0.7904538096182574
BTCUSDT,15m,TRAIN,MOM,0.3,6,-0.00032439546458724866,-0.0015243954645872484,726,-1.1067111072903424
BTCUSDT,15m,TRAIN,CONTRA,0.3,6,0.00032439546458724866,-0.0008756045354127511,726,-0.6356888927096573
BTCUSDT,15m,TRAIN,MOM,0.3,12,-0.00020379685765263368,-0.0014037968576526333,726,-1.0191565186558118
BTCUSDT,15m,TRAIN,CONTRA,0.3,12,0.00020379685765263368,-0.000996203142347366,726,-0.7232434813441877
BTCUSDT,15m,TRAIN,MOM,0.4,1,-0.00013245637671743075,-0.0013324563767174306,198,-0.26382636259005127
BTCUSDT,15m,TRAIN,CONTRA,0.4,1,0.00013245637671743075,-0.0010675436232825692,198,-0.2113736374099487
BTCUSDT,15m,TRAIN,MOM,0.4,2,-0.000119727236782114,-0.0013197272367821138,198,-0.26130599288285855
BTCUSDT,15m,TRAIN,CONTRA,0.4,2,0.000119727236782114,-0.001080272763217886,198,-0.2138940071171414
BTCUSDT,15m,TRAIN,MOM,0.4,3,-0.00014365542048354202,-0.0013436554204835419,198,-0.2660437732557413
BTCUSDT,15m,TRAIN,CONTRA,0.4,3,0.00014365542048354202,-0.001056344579516458,198,-0.20915622674425866
BTCUSDT,15m,TRAIN,MOM,0.4,6,-0.00015731844815292274,-0.0013573184481529227,198,-0.2687490527342787
BTCUSDT,15m,TRAIN,CONTRA,0.4,6,0.00015731844815292274,-0.001042681551847077,198,-0.20645094726572127
BTCUSDT,15m,TRAIN,MOM,0.4,12,-0.00028639788382348296,-0.001486397883823483,198,-0.2943067809970496
BTCUSDT,15m,TRAIN,CONTRA,0.4,12,0.00028639788382348296,-0.000913602116176517,198,-0.18089321900295036
BTCUSDT,15m,TRAIN,MOM,0.5,1,-0.0004807406471865331,-0.001680740647186533,37,-0.06218740394590171
BTCUSDT,15m,TRAIN,CONTRA,0.5,1,0.0004807406471865331,-0.0007192593528134667,37,-0.026612596054098266
BTCUSDT,15m,TRAIN,MOM,0.5,2,-0.00010556980639021042,-0.0013055698063902102,37,-0.04830608283643777
BTCUSDT,15m,TRAIN,CONTRA,0.5,2,0.00010556980639021042,-0.0010944301936097892,37,-0.0404939171635622
BTCUSDT,15m,TRAIN,MOM,0.5,3,0.0004676018308947696,-0.0007323981691052302,37,-0.027098732256893517
BTCUSDT,15m,TRAIN,CONTRA,0.5,3,-0.0004676018308947696,-0.0016676018308947693,37,-0.06170126774310646
BTCUSDT,15m,TRAIN,MOM,0.5,6,0.0003447315166074135,-0.0008552684833925861,37,-0.03164493388552569
BTCUSDT,15m,TRAIN,CONTRA,0.5,6,-0.0003447315166074135,-0.0015447315166074132,37,-0.05715506611447429
BTCUSDT,15m,TRAIN,MOM,0.5,12,0.00013357313316527105,-0.0010664268668347287,37,-0.03945779407288496
BTCUSDT,15m,TRAIN,CONTRA,0.5,12,-0.00013357313316527105,-0.0013335731331652707,37,-0.04934220592711502
BTCUSDT,15m,TEST,MOM,0.1,1,-4.615191684182972e-06,-0.0012046151916841827,3639,-4.383594682538741
BTCUSDT,15m,TEST,CONTRA,0.1,1,4.615191684182972e-06,-0.0011953848083158167,3639,-4.350005317461257
BTCUSDT,15m,TEST,MOM,0.1,2,-3.8159642914564155e-05,-0.0012381596429145638,3638,-4.504424780923183
BTCUSDT,15m,TEST,CONTRA,0.1,2,3.8159642914564155e-05,-0.0011618403570854356,3638,-4.226775219076814
BTCUSDT,15m,TEST,MOM,0.1,3,-3.751244330403623e-05,-0.001237512443304036,3637,-4.500832756296779
BTCUSDT,15m,TEST,CONTRA,0.1,3,3.751244330403623e-05,-0.0011624875566959634,3637,-4.227967243703219
BTCUSDT,15m,TEST,MOM,0.1,6,4.841735838717598e-05,-0.0011515826416128238,3635,-4.186002902262614
BTCUSDT,15m,TEST,CONTRA,0.1,6,-4.841735838717598e-05,-0.0012484173583871756,3635,-4.537997097737383
BTCUSDT,15m,TEST,MOM,0.1,12,-6.456576496451025e-05,-0.0012645657649645102,3629,-4.589109161056207
BTCUSDT,15m,TEST,CONTRA,0.1,12,6.456576496451025e-05,-0.0011354342350354894,3629,-4.120490838943791
BTCUSDT,15m,TEST,MOM,0.2,1,-1.2673008758585746e-05,-0.0012126730087585855,1839,-2.2301056631070386
BTCUSDT,15m,TEST,CONTRA,0.2,1,1.2673008758585746e-05,-0.0011873269912414139,1839,-2.1834943368929602
BTCUSDT,15m,TEST,MOM,0.2,2,-4.9304347772952364e-05,-0.001249304347772952,1838,-2.296221391206686
BTCUSDT,15m,TEST,CONTRA,0.2,2,4.9304347772952364e-05,-0.0011506956522270475,1838,-2.1149786087933133
BTCUSDT,15m,TEST,MOM,0.2,3,-2.4589166705053026e-05,-0.0012245891667050529,1837,-2.249570299237182
BTCUSDT,15m,TEST,CONTRA,0.2,3,2.4589166705053026e-05,-0.0011754108332949467,1837,-2.159229700762817
BTCUSDT,15m,TEST,MOM,0.2,6,1.5118958258855524e-05,-0.0011848810417411442,1836,-2.1754415926367408
BTCUSDT,15m,TEST,CONTRA,0.2,6,-1.5118958258855524e-05,-0.0012151189582588551,1836,-2.230958407363258
BTCUSDT,15m,TEST,MOM,0.2,12,1.8819257020155336e-05,-0.0011811807429798445,1833,-2.165104301882055
BTCUSDT,15m,TEST,CONTRA,0.2,12,-1.8819257020155336e-05,-0.001218819257020155,1833,-2.2340956981179443
BTCUSDT,15m,TEST,MOM,0.3,1,-4.727361766330511e-05,-0.0012472736176633047,692,-0.8631133434230069
BTCUSDT,15m,TEST,CONTRA,0.3,1,4.727361766330511e-05,-0.0011527263823366946,692,-0.7976866565769927
BTCUSDT,15m,TEST,MOM,0.3,2,-0.00011932781421132104,-0.0013193278142113207,692,-0.912974847434234
BTCUSDT,15m,TEST,CONTRA,0.3,2,0.00011932781421132104,-0.0010806721857886787,692,-0.7478251525657656
BTCUSDT,15m,TEST,MOM,0.3,3,-7.226913006812e-05,-0.0012722691300681196,691,-0.8791379688770706
BTCUSDT,15m,TEST,CONTRA,0.3,3,7.226913006812e-05,-0.0011277308699318798,691,-0.7792620311229289
BTCUSDT,15m,TEST,MOM,0.3,6,-0.00011870683587527591,-0.0013187068358752757,690,-0.9099077167539402
BTCUSDT,15m,TEST,CONTRA,0.3,6,0.00011870683587527591,-0.001081293164124724,690,-0.7460922832460595
BTCUSDT,15m,TEST,MOM,0.3,12,6.771153908128442e-05,-0.0011322884609187153,689,-0.7801467495729948
BTCUSDT,15m,TEST,CONTRA,0.3,12,-6.771153908128442e-05,-0.001267711539081284,689,-0.8734532504270047
BTCUSDT,15m,TEST,MOM,0.4,1,-4.7540143882041955e-07,-0.0012004754014388202,204,-0.24489698189351933
BTCUSDT,15m,TEST,CONTRA,0.4,1,4.7540143882041955e-07,-0.0011995245985611793,204,-0.2447030181064806
BTCUSDT,15m,TEST,MOM,0.4,2,2.359340444416538e-05,-0.0011764065955558345,204,-0.23998694549339022
BTCUSDT,15m,TEST,CONTRA,0.4,2,-2.359340444416538e-05,-0.0012235934044441653,204,-0.2496130545066097
BTCUSDT,15m,TEST,MOM,0.4,3,0.00010711655463034508,-0.0010928834453696548,203,-0.2218553394100399
BTCUSDT,15m,TEST,CONTRA,0.4,3,-0.00010711655463034508,-0.0013071165546303448,203,-0.26534466058996
BTCUSDT,15m,TEST,MOM,0.4,6,0.00032414891455579016,-0.0008758510854442096,203,-0.17779777034517455
BTCUSDT,15m,TEST,CONTRA,0.4,6,-0.00032414891455579016,-0.0015241489145557897,203,-0.30940222965482533
BTCUSDT,15m,TEST,MOM,0.4,12,0.00037700974053402314,-0.0008229902594659767,203,-0.16706702267159326
BTCUSDT,15m,TEST,CONTRA,0.4,12,-0.00037700974053402314,-0.0015770097405340229,203,-0.3201329773284066
BTCUSDT,15m,TEST,MOM,0.5,1,0.00025512654695547966,-0.00094487345304452,51,-0.04818854610527052
BTCUSDT,15m,TEST,CONTRA,0.5,1,-0.00025512654695547966,-0.0014551265469554798,51,-0.07421145389472947
BTCUSDT,15m,TEST,MOM,0.5,2,0.00017608400268538034,-0.0010239159973146194,51,-0.052219715863045586
BTCUSDT,15m,TEST,CONTRA,0.5,2,-0.00017608400268538034,-0.0013760840026853804,51,-0.0701802841369544
BTCUSDT,15m,TEST,MOM,0.5,3,0.00027616246123889483,-0.0009238375387611048,51,-0.047115714476816346
BTCUSDT,15m,TEST,CONTRA,0.5,3,-0.00027616246123889483,-0.001476162461238895,51,-0.07528428552318364
BTCUSDT,15m,TEST,MOM,0.5,6,0.00040028829558295926,-0.0007997117044170405,51,-0.04078529692526906
BTCUSDT,15m,TEST,CONTRA,0.5,6,-0.00040028829558295926,-0.0016002882955829594,51,-0.08161470307473093
BTCUSDT,15m,TEST,MOM,0.5,12,0.00042268458907461693,-0.0007773154109253827,51,-0.03964308595719452
BTCUSDT,15m,TEST,CONTRA,0.5,12,-0.00042268458907461693,-0.001622684589074617,51,-0.08275691404280547
BTCUSDT,15m,HOLDOUT,MOM,0.1,1,-3.468456210709762e-05,-0.0012346845621070974,1871,-2.3100948157023793
BTCUSDT,15m,HOLDOUT,CONTRA,0.1,1,3.468456210709762e-05,-0.001165315437892902,1871,-2.1803051842976195
BTCUSDT,15m,HOLDOUT,MOM,0.1,2,-0.000124344804094486,-0.0013243448040944857,1870,-2.4765247836566884
BTCUSDT,15m,HOLDOUT,CONTRA,0.1,2,0.000124344804094486,-0.0010756551959055138,1870,-2.0114752163433107
BTCUSDT,15m,HOLDOUT,MOM,0.1,3,-0.00011387045371000372,-0.0013138704537100033,1870,-2.4569377484377064
BTCUSDT,15m,HOLDOUT,CONTRA,0.1,3,0.00011387045371000372,-0.0010861295462899958,1870,-2.0310622515622923
BTCUSDT,15m,HOLDOUT,MOM,0.1,6,-0.00012289521199918465,-0.0013228952119991844,1868,-2.4711682560144763
BTCUSDT,15m,HOLDOUT,CONTRA,0.1,6,0.00012289521199918465,-0.001077104788000815,1868,-2.0120317439855224
BTCUSDT,15m,HOLDOUT,MOM,0.1,12,-0.00019712138818691252,-0.0013971213881869122,1862,-2.6014400248040306
BTCUSDT,15m,HOLDOUT,CONTRA,0.1,12,0.00019712138818691252,-0.0010028786118130872,1862,-1.8673599751959684
BTCUSDT,15m,HOLDOUT,MOM,0.2,1,-8.125448283449731e-05,-0.001281254482834497,940,-1.2043792138644271
BTCUSDT,15m,HOLDOUT,CONTRA,0.2,1,8.125448283449731e-05,-0.0011187455171655022,940,-1.0516207861355722
BTCUSDT,15m,HOLDOUT,MOM,0.2,2,-0.00015416292004431982,-0.0013541629200443195,940,-1.2729131448416604
BTCUSDT,15m,HOLDOUT,CONTRA,0.2,2,0.00015416292004431982,-0.0010458370799556799,940,-0.9830868551583392
BTCUSDT,15m,HOLDOUT,MOM,0.2,3,-0.00013681867730014756,-0.0013368186773001472,940,-1.2566095566621385
BTCUSDT,15m,HOLDOUT,CONTRA,0.2,3,0.00013681867730014756,-0.0010631813226998521,940,-0.9993904433378611
BTCUSDT,15m,HOLDOUT,MOM,0.2,6,-8.038204347437257e-05,-0.0012803820434743724,940,-1.20355912086591
BTCUSDT,15m,HOLDOUT,CONTRA,0.2,6,8.038204347437257e-05,-0.001119617956525627,940,-1.0524408791340893
BTCUSDT,15m,HOLDOUT,MOM,0.2,12,3.431209461135923e-05,-0.0011656879053886407,938,-1.0934152552545449
BTCUSDT,15m,HOLDOUT,CONTRA,0.2,12,-3.431209461135923e-05,-0.0012343120946113589,938,-1.1577847447454546
BTCUSDT,15m,HOLDOUT,MOM,0.3,1,-5.366288630920585e-05,-0.0012536628863092055,372,-0.4663625937070245
BTCUSDT,15m,HOLDOUT,CONTRA,0.3,1,5.366288630920585e-05,-0.0011463371136907939,372,-0.42643740629297533
BTCUSDT,15m,HOLDOUT,MOM,0.3,2,-6.832845367975547e-05,-0.0012683284536797552,372,-0.47181818476886894
BTCUSDT,15m,HOLDOUT,CONTRA,0.3,2,6.832845367975547e-05,-0.0011316715463202444,372,-0.4209818152311309
BTCUSDT,15m,HOLDOUT,MOM,0.3,3,-0.00014991503660550284,-0.0013499150366055026,372,-0.502168393617247
BTCUSDT,15m,HOLDOUT,CONTRA,0.3,3,0.00014991503660550284,-0.001050084963394497,372,-0.39063160638275285
BTCUSDT,15m,HOLDOUT,MOM,0.3,6,-9.428669524419125e-05,-0.001294286695244191,372,-0.48147465063083905
BTCUSDT,15m,HOLDOUT,CONTRA,0.3,6,9.428669524419125e-05,-0.0011057133047558084,372,-0.41132534936916076
BTCUSDT,15m,HOLDOUT,MOM,0.3,12,-6.028009930685594e-06,-0.0012060280099306852,371,-0.44743639168428423
BTCUSDT,15m,HOLDOUT,CONTRA,0.3,12,6.028009930685594e-06,-0.0011939719900693141,371,-0.4429636083157156
BTCUSDT,15m,HOLDOUT,MOM,0.4,1,-0.00015667888525955817,-0.0013566788852595578,96,-0.13024117298491755
BTCUSDT,15m,HOLDOUT,CONTRA,0.4,1,0.00015667888525955817,-0.0010433211147404416,96,-0.10015882701508239
BTCUSDT,15m,HOLDOUT,MOM,0.4,2,4.77955583116652e-05,-0.0011522044416883346,96,-0.11061162640208011
BTCUSDT,15m,HOLDOUT,CONTRA,0.4,2,-4.77955583116652e-05,-0.0012477955583116648,96,-0.11978837359791983
BTCUSDT,15m,HOLDOUT,MOM,0.4,3,-0.00014070863304584588,-0.0013407086330458455,96,-0.12870802877240117
BTCUSDT,15m,HOLDOUT,CONTRA,0.4,3,0.00014070863304584588,-0.0010592913669541539,96,-0.10169197122759877
BTCUSDT,15m,HOLDOUT,MOM,0.4,6,-0.00012829509849821008,-0.0013282950984982098,96,-0.12751632945582814
BTCUSDT,15m,HOLDOUT,CONTRA,0.4,6,0.00012829509849821008,-0.0010717049015017896,96,-0.1028836705441718
BTCUSDT,15m,HOLDOUT,MOM,0.4,12,-0.0002699873792394786,-0.0014699873792394784,95,-0.13964880102775046
BTCUSDT,15m,HOLDOUT,CONTRA,0.4,12,0.0002699873792394786,-0.0009300126207605212,95,-0.08835119897224952
BTCUSDT,15m,HOLDOUT,MOM,0.5,1,-0.00027188711042004974,-0.0014718871104200495,13,-0.019134532435460642
BTCUSDT,15m,HOLDOUT,CONTRA,0.5,1,0.00027188711042004974,-0.0009281128895799499,13,-0.01206546756453935
BTCUSDT,15m,HOLDOUT,MOM,0.5,2,-0.0004115928387745062,-0.0016115928387745058,13,-0.020950706904068576
BTCUSDT,15m,HOLDOUT,CONTRA,0.5,2,0.0004115928387745062,-0.0007884071612254934,13,-0.010249293095931415
BTCUSDT,15m,HOLDOUT,MOM,0.5,3,-0.00036260766957968855,-0.0015626076695796883,13,-0.020313899704535947
BTCUSDT,15m,HOLDOUT,CONTRA,0.5,3,0.00036260766957968855,-0.0008373923304203112,13,-0.010886100295464045
BTCUSDT,15m,HOLDOUT,MOM,0.5,6,-0.0006633063894428031,-0.0018633063894428028,13,-0.024222983062756435
BTCUSDT,15m,HOLDOUT,CONTRA,0.5,6,0.0006633063894428031,-0.0005366936105571966,13,-0.006977016937243556
BTCUSDT,15m,HOLDOUT,MOM,0.5,12,-0.0004379355188179057,-0.0016379355188179054,12,-0.019655226225814865
BTCUSDT,15m,HOLDOUT,CONTRA,0.5,12,0.0004379355188179057,-0.000762064481182094,12,-0.009144773774185128
BTCUSDT,15m,TRAIN,MOM,0.1,1,-6.825600637262898e-05,-0.0012682560063726287,5150,-6.531518432819038
BTCUSDT,15m,TRAIN,CONTRA,0.1,1,6.825600637262898e-05,-0.0011317439936273706,5150,-5.828481567180959
BTCUSDT,15m,TRAIN,MOM,0.1,2,-8.766330559274717e-05,-0.0012876633055927467,5149,-6.6301783604970534
BTCUSDT,15m,TRAIN,CONTRA,0.1,2,8.766330559274717e-05,-0.0011123366944072524,5149,-5.727421639502943
BTCUSDT,15m,TRAIN,MOM,0.1,3,-7.691722482167062e-05,-0.0012769172248216704,5149,-6.574846790606781
BTCUSDT,15m,TRAIN,CONTRA,0.1,3,7.691722482167062e-05,-0.001123082775178329,5149,-5.782753209393216
BTCUSDT,15m,TRAIN,MOM,0.1,6,-0.00016398895597310008,-0.0013639889559730997,5147,-7.020451156393545
BTCUSDT,15m,TRAIN,CONTRA,0.1,6,0.00016398895597310008,-0.0010360110440268996,5147,-5.332348843606452
BTCUSDT,15m,TRAIN,MOM,0.1,12,-0.00015654059981085215,-0.001356540599810852,5143,-6.976688304827212
BTCUSDT,15m,TRAIN,CONTRA,0.1,12,0.00015654059981085215,-0.0010434594001891475,5143,-5.366511695172786
BTCUSDT,15m,TRAIN,MOM,0.2,1,-5.824911680775092e-05,-0.0012582491168077507,2229,-2.804637281364476
BTCUSDT,15m,TRAIN,CONTRA,0.2,1,5.824911680775092e-05,-0.001141750883192249,2229,-2.5449627186355226
BTCUSDT,15m,TRAIN,MOM,0.2,2,-8.968568521824833e-05,-0.001289685685218248,2229,-2.874709392351475
BTCUSDT,15m,TRAIN,CONTRA,0.2,2,8.968568521824833e-05,-0.0011103143147817513,2229,-2.4748906076485238
BTCUSDT,15m,TRAIN,MOM,0.2,3,-7.862770961298554e-05,-0.0012786277096129852,2229,-2.850061164727344
BTCUSDT,15m,TRAIN,CONTRA,0.2,3,7.862770961298554e-05,-0.0011213722903870144,2229,-2.499538835272655
BTCUSDT,15m,TRAIN,MOM,0.2,6,-0.00021386494391319812,-0.0014138649439131977,2229,-3.1515049599825176
BTCUSDT,15m,TRAIN,CONTRA,0.2,6,0.00021386494391319812,-0.0009861350560868016,2229,-2.198095040017481
BTCUSDT,15m,TRAIN,MOM,0.2,12,-9.102219748023542e-05,-0.001291022197480235,2226,-2.873815411591003
BTCUSDT,15m,TRAIN,CONTRA,0.2,12,9.102219748023542e-05,-0.0011089778025197643,2226,-2.468584588408995
BTCUSDT,15m,TRAIN,MOM,0.3,1,-2.0842176893672753e-05,-0.0012208421768936726,726,-0.8863314204248063
BTCUSDT,15m,TRAIN,CONTRA,0.3,1,2.0842176893672753e-05,-0.0011791578231063271,726,-0.8560685795751934
BTCUSDT,15m,TRAIN,MOM,0.3,2,-1.749872220024307e-05,-0.001217498722200243,726,-0.8839040723173763
BTCUSDT,15m,TRAIN,CONTRA,0.3,2,1.749872220024307e-05,-0.0011825012777997568,726,-0.8584959276826234
BTCUSDT,15m,TRAIN,MOM,0.3,3,-0.00011122064790873603,-0.0013112206479087359,726,-0.9519461903817422
BTCUSDT,15m,TRAIN,CONTRA,0.3,3,0.00011122064790873603,-0.0010887793520912637,726,-0.7904538096182574
BTCUSDT,15m,TRAIN,MOM,0.3,6,-0.00032439546458724866,-0.0015243954645872484,726,-1.1067111072903424
BTCUSDT,15m,TRAIN,CONTRA,0.3,6,0.00032439546458724866,-0.0008756045354127511,726,-0.6356888927096573
BTCUSDT,15m,TRAIN,MOM,0.3,12,-0.00020379685765263368,-0.0014037968576526333,726,-1.0191565186558118
BTCUSDT,15m,TRAIN,CONTRA,0.3,12,0.00020379685765263368,-0.000996203142347366,726,-0.7232434813441877
BTCUSDT,15m,TRAIN,MOM,0.4,1,-0.00013245637671743075,-0.0013324563767174306,198,-0.26382636259005127
BTCUSDT,15m,TRAIN,CONTRA,0.4,1,0.00013245637671743075,-0.0010675436232825692,198,-0.2113736374099487
BTCUSDT,15m,TRAIN,MOM,0.4,2,-0.000119727236782114,-0.0013197272367821138,198,-0.26130599288285855
BTCUSDT,15m,TRAIN,CONTRA,0.4,2,0.000119727236782114,-0.001080272763217886,198,-0.2138940071171414
BTCUSDT,15m,TRAIN,MOM,0.4,3,-0.00014365542048354202,-0.0013436554204835419,198,-0.2660437732557413
BTCUSDT,15m,TRAIN,CONTRA,0.4,3,0.00014365542048354202,-0.001056344579516458,198,-0.20915622674425866
BTCUSDT,15m,TRAIN,MOM,0.4,6,-0.00015731844815292274,-0.0013573184481529227,198,-0.2687490527342787
BTCUSDT,15m,TRAIN,CONTRA,0.4,6,0.00015731844815292274,-0.001042681551847077,198,-0.20645094726572127
BTCUSDT,15m,TRAIN,MOM,0.4,12,-0.00028639788382348296,-0.001486397883823483,198,-0.2943067809970496
BTCUSDT,15m,TRAIN,CONTRA,0.4,12,0.00028639788382348296,-0.000913602116176517,198,-0.18089321900295036
BTCUSDT,15m,TRAIN,MOM,0.5,1,-0.0004807406471865331,-0.001680740647186533,37,-0.06218740394590171
BTCUSDT,15m,TRAIN,CONTRA,0.5,1,0.0004807406471865331,-0.0007192593528134667,37,-0.026612596054098266
BTCUSDT,15m,TRAIN,MOM,0.5,2,-0.00010556980639021042,-0.0013055698063902102,37,-0.04830608283643777
BTCUSDT,15m,TRAIN,CONTRA,0.5,2,0.00010556980639021042,-0.0010944301936097892,37,-0.0404939171635622
BTCUSDT,15m,TRAIN,MOM,0.5,3,0.0004676018308947696,-0.0007323981691052302,37,-0.027098732256893517
BTCUSDT,15m,TRAIN,CONTRA,0.5,3,-0.0004676018308947696,-0.0016676018308947693,37,-0.06170126774310646
BTCUSDT,15m,TRAIN,MOM,0.5,6,0.0003447315166074135,-0.0008552684833925861,37,-0.03164493388552569
BTCUSDT,15m,TRAIN,CONTRA,0.5,6,-0.0003447315166074135,-0.0015447315166074132,37,-0.05715506611447429
BTCUSDT,15m,TRAIN,MOM,0.5,12,0.00013357313316527105,-0.0010664268668347287,37,-0.03945779407288496
BTCUSDT,15m,TRAIN,CONTRA,0.5,12,-0.00013357313316527105,-0.0013335731331652707,37,-0.04934220592711502
BTCUSDT,15m,TEST,MOM,0.1,1,-4.615191684182972e-06,-0.0012046151916841827,3639,-4.383594682538741
BTCUSDT,15m,TEST,CONTRA,0.1,1,4.615191684182972e-06,-0.0011953848083158167,3639,-4.350005317461257
BTCUSDT,15m,TEST,MOM,0.1,2,-3.8159642914564155e-05,-0.0012381596429145638,3638,-4.504424780923183
BTCUSDT,15m,TEST,CONTRA,0.1,2,3.8159642914564155e-05,-0.0011618403570854356,3638,-4.226775219076814
BTCUSDT,15m,TEST,MOM,0.1,3,-3.751244330403623e-05,-0.001237512443304036,3637,-4.500832756296779
BTCUSDT,15m,TEST,CONTRA,0.1,3,3.751244330403623e-05,-0.0011624875566959634,3637,-4.227967243703219
BTCUSDT,15m,TEST,MOM,0.1,6,4.841735838717598e-05,-0.0011515826416128238,3635,-4.186002902262614
BTCUSDT,15m,TEST,CONTRA,0.1,6,-4.841735838717598e-05,-0.0012484173583871756,3635,-4.537997097737383
BTCUSDT,15m,TEST,MOM,0.1,12,-6.456576496451025e-05,-0.0012645657649645102,3629,-4.589109161056207
BTCUSDT,15m,TEST,CONTRA,0.1,12,6.456576496451025e-05,-0.0011354342350354894,3629,-4.120490838943791
BTCUSDT,15m,TEST,MOM,0.2,1,-1.2673008758585746e-05,-0.0012126730087585855,1839,-2.2301056631070386
BTCUSDT,15m,TEST,CONTRA,0.2,1,1.2673008758585746e-05,-0.0011873269912414139,1839,-2.1834943368929602
BTCUSDT,15m,TEST,MOM,0.2,2,-4.9304347772952364e-05,-0.001249304347772952,1838,-2.296221391206686
BTCUSDT,15m,TEST,CONTRA,0.2,2,4.9304347772952364e-05,-0.0011506956522270475,1838,-2.1149786087933133
BTCUSDT,15m,TEST,MOM,0.2,3,-2.4589166705053026e-05,-0.0012245891667050529,1837,-2.249570299237182
BTCUSDT,15m,TEST,CONTRA,0.2,3,2.4589166705053026e-05,-0.0011754108332949467,1837,-2.159229700762817
BTCUSDT,15m,TEST,MOM,0.2,6,1.5118958258855524e-05,-0.0011848810417411442,1836,-2.1754415926367408
BTCUSDT,15m,TEST,CONTRA,0.2,6,-1.5118958258855524e-05,-0.0012151189582588551,1836,-2.230958407363258
BTCUSDT,15m,TEST,MOM,0.2,12,1.8819257020155336e-05,-0.0011811807429798445,1833,-2.165104301882055
BTCUSDT,15m,TEST,CONTRA,0.2,12,-1.8819257020155336e-05,-0.001218819257020155,1833,-2.2340956981179443
BTCUSDT,15m,TEST,MOM,0.3,1,-4.727361766330511e-05,-0.0012472736176633047,692,-0.8631133434230069
BTCUSDT,15m,TEST,CONTRA,0.3,1,4.727361766330511e-05,-0.0011527263823366946,692,-0.7976866565769927
BTCUSDT,15m,TEST,MOM,0.3,2,-0.00011932781421132104,-0.0013193278142113207,692,-0.912974847434234
BTCUSDT,15m,TEST,CONTRA,0.3,2,0.00011932781421132104,-0.0010806721857886787,692,-0.7478251525657656
BTCUSDT,15m,TEST,MOM,0.3,3,-7.226913006812e-05,-0.0012722691300681196,691,-0.8791379688770706
BTCUSDT,15m,TEST,CONTRA,0.3,3,7.226913006812e-05,-0.0011277308699318798,691,-0.7792620311229289
BTCUSDT,15m,TEST,MOM,0.3,6,-0.00011870683587527591,-0.0013187068358752757,690,-0.9099077167539402
BTCUSDT,15m,TEST,CONTRA,0.3,6,0.00011870683587527591,-0.001081293164124724,690,-0.7460922832460595
BTCUSDT,15m,TEST,MOM,0.3,12,6.771153908128442e-05,-0.0011322884609187153,689,-0.7801467495729948
BTCUSDT,15m,TEST,CONTRA,0.3,12,-6.771153908128442e-05,-0.001267711539081284,689,-0.8734532504270047
BTCUSDT,15m,TEST,MOM,0.4,1,-4.7540143882041955e-07,-0.0012004754014388202,204,-0.24489698189351933
BTCUSDT,15m,TEST,CONTRA,0.4,1,4.7540143882041955e-07,-0.0011995245985611793,204,-0.2447030181064806
BTCUSDT,15m,TEST,MOM,0.4,2,2.359340444416538e-05,-0.0011764065955558345,204,-0.23998694549339022
BTCUSDT,15m,TEST,CONTRA,0.4,2,-2.359340444416538e-05,-0.0012235934044441653,204,-0.2496130545066097
BTCUSDT,15m,TEST,MOM,0.4,3,0.00010711655463034508,-0.0010928834453696548,203,-0.2218553394100399
BTCUSDT,15m,TEST,CONTRA,0.4,3,-0.00010711655463034508,-0.0013071165546303448,203,-0.26534466058996
BTCUSDT,15m,TEST,MOM,0.4,6,0.00032414891455579016,-0.0008758510854442096,203,-0.17779777034517455
BTCUSDT,15m,TEST,CONTRA,0.4,6,-0.00032414891455579016,-0.0015241489145557897,203,-0.30940222965482533
BTCUSDT,15m,TEST,MOM,0.4,12,0.00037700974053402314,-0.0008229902594659767,203,-0.16706702267159326
BTCUSDT,15m,TEST,CONTRA,0.4,12,-0.00037700974053402314,-0.0015770097405340229,203,-0.3201329773284066
BTCUSDT,15m,TEST,MOM,0.5,1,0.00025512654695547966,-0.00094487345304452,51,-0.04818854610527052
BTCUSDT,15m,TEST,CONTRA,0.5,1,-0.00025512654695547966,-0.0014551265469554798,51,-0.07421145389472947
BTCUSDT,15m,TEST,MOM,0.5,2,0.00017608400268538034,-0.0010239159973146194,51,-0.052219715863045586
BTCUSDT,15m,TEST,CONTRA,0.5,2,-0.00017608400268538034,-0.0013760840026853804,51,-0.0701802841369544
BTCUSDT,15m,TEST,MOM,0.5,3,0.00027616246123889483,-0.0009238375387611048,51,-0.047115714476816346
BTCUSDT,15m,TEST,CONTRA,0.5,3,-0.00027616246123889483,-0.001476162461238895,51,-0.07528428552318364
BTCUSDT,15m,TEST,MOM,0.5,6,0.00040028829558295926,-0.0007997117044170405,51,-0.04078529692526906
BTCUSDT,15m,TEST,CONTRA,0.5,6,-0.00040028829558295926,-0.0016002882955829594,51,-0.08161470307473093
BTCUSDT,15m,TEST,MOM,0.5,12,0.00042268458907461693,-0.0007773154109253827,51,-0.03964308595719452
BTCUSDT,15m,TEST,CONTRA,0.5,12,-0.00042268458907461693,-0.001622684589074617,51,-0.08275691404280547
BTCUSDT,15m,HOLDOUT,MOM,0.1,1,-3.468456210709762e-05,-0.0012346845621070974,1871,-2.3100948157023793
BTCUSDT,15m,HOLDOUT,CONTRA,0.1,1,3.468456210709762e-05,-0.001165315437892902,1871,-2.1803051842976195
BTCUSDT,15m,HOLDOUT,MOM,0.1,2,-0.000124344804094486,-0.0013243448040944857,1870,-2.4765247836566884
BTCUSDT,15m,HOLDOUT,CONTRA,0.1,2,0.000124344804094486,-0.0010756551959055138,1870,-2.0114752163433107
BTCUSDT,15m,HOLDOUT,MOM,0.1,3,-0.00011387045371000372,-0.0013138704537100033,1870,-2.4569377484377064
BTCUSDT,15m,HOLDOUT,CONTRA,0.1,3,0.00011387045371000372,-0.0010861295462899958,1870,-2.0310622515622923
BTCUSDT,15m,HOLDOUT,MOM,0.1,6,-0.00012289521199918465,-0.0013228952119991844,1868,-2.4711682560144763
BTCUSDT,15m,HOLDOUT,CONTRA,0.1,6,0.00012289521199918465,-0.001077104788000815,1868,-2.0120317439855224
BTCUSDT,15m,HOLDOUT,MOM,0.1,12,-0.00019712138818691252,-0.0013971213881869122,1862,-2.6014400248040306
BTCUSDT,15m,HOLDOUT,CONTRA,0.1,12,0.00019712138818691252,-0.0010028786118130872,1862,-1.8673599751959684
BTCUSDT,15m,HOLDOUT,MOM,0.2,1,-8.125448283449731e-05,-0.001281254482834497,940,-1.2043792138644271
BTCUSDT,15m,HOLDOUT,CONTRA,0.2,1,8.125448283449731e-05,-0.0011187455171655022,940,-1.0516207861355722
BTCUSDT,15m,HOLDOUT,MOM,0.2,2,-0.00015416292004431982,-0.0013541629200443195,940,-1.2729131448416604
BTCUSDT,15m,HOLDOUT,CONTRA,0.2,2,0.00015416292004431982,-0.0010458370799556799,940,-0.9830868551583392
BTCUSDT,15m,HOLDOUT,MOM,0.2,3,-0.00013681867730014756,-0.0013368186773001472,940,-1.2566095566621385
BTCUSDT,15m,HOLDOUT,CONTRA,0.2,3,0.00013681867730014756,-0.0010631813226998521,940,-0.9993904433378611
BTCUSDT,15m,HOLDOUT,MOM,0.2,6,-8.038204347437257e-05,-0.0012803820434743724,940,-1.20355912086591
BTCUSDT,15m,HOLDOUT,CONTRA,0.2,6,8.038204347437257e-05,-0.001119617956525627,940,-1.0524408791340893
BTCUSDT,15m,HOLDOUT,MOM,0.2,12,3.431209461135923e-05,-0.0011656879053886407,938,-1.0934152552545449
BTCUSDT,15m,HOLDOUT,CONTRA,0.2,12,-3.431209461135923e-05,-0.0012343120946113589,938,-1.1577847447454546
BTCUSDT,15m,HOLDOUT,MOM,0.3,1,-5.366288630920585e-05,-0.0012536628863092055,372,-0.4663625937070245
BTCUSDT,15m,HOLDOUT,CONTRA,0.3,1,5.366288630920585e-05,-0.0011463371136907939,372,-0.42643740629297533
BTCUSDT,15m,HOLDOUT,MOM,0.3,2,-6.832845367975547e-05,-0.0012683284536797552,372,-0.47181818476886894
BTCUSDT,15m,HOLDOUT,CONTRA,0.3,2,6.832845367975547e-05,-0.0011316715463202444,372,-0.4209818152311309
BTCUSDT,15m,HOLDOUT,MOM,0.3,3,-0.00014991503660550284,-0.0013499150366055026,372,-0.502168393617247
BTCUSDT,15m,HOLDOUT,CONTRA,0.3,3,0.00014991503660550284,-0.001050084963394497,372,-0.39063160638275285
BTCUSDT,15m,HOLDOUT,MOM,0.3,6,-9.428669524419125e-05,-0.001294286695244191,372,-0.48147465063083905
BTCUSDT,15m,HOLDOUT,CONTRA,0.3,6,9.428669524419125e-05,-0.0011057133047558084,372,-0.41132534936916076
BTCUSDT,15m,HOLDOUT,MOM,0.3,12,-6.028009930685594e-06,-0.0012060280099306852,371,-0.44743639168428423
BTCUSDT,15m,HOLDOUT,CONTRA,0.3,12,6.028009930685594e-06,-0.0011939719900693141,371,-0.4429636083157156
BTCUSDT,15m,HOLDOUT,MOM,0.4,1,-0.00015667888525955817,-0.0013566788852595578,96,-0.13024117298491755
BTCUSDT,15m,HOLDOUT,CONTRA,0.4,1,0.00015667888525955817,-0.0010433211147404416,96,-0.10015882701508239
BTCUSDT,15m,HOLDOUT,MOM,0.4,2,4.77955583116652e-05,-0.0011522044416883346,96,-0.11061162640208011
BTCUSDT,15m,HOLDOUT,CONTRA,0.4,2,-4.77955583116652e-05,-0.0012477955583116648,96,-0.11978837359791983
BTCUSDT,15m,HOLDOUT,MOM,0.4,3,-0.00014070863304584588,-0.0013407086330458455,96,-0.12870802877240117
BTCUSDT,15m,HOLDOUT,CONTRA,0.4,3,0.00014070863304584588,-0.0010592913669541539,96,-0.10169197122759877
BTCUSDT,15m,HOLDOUT,MOM,0.4,6,-0.00012829509849821008,-0.0013282950984982098,96,-0.12751632945582814
BTCUSDT,15m,HOLDOUT,CONTRA,0.4,6,0.00012829509849821008,-0.0010717049015017896,96,-0.1028836705441718
BTCUSDT,15m,HOLDOUT,MOM,0.4,12,-0.0002699873792394786,-0.0014699873792394784,95,-0.13964880102775046
BTCUSDT,15m,HOLDOUT,CONTRA,0.4,12,0.0002699873792394786,-0.0009300126207605212,95,-0.08835119897224952
BTCUSDT,15m,HOLDOUT,MOM,0.5,1,-0.00027188711042004974,-0.0014718871104200495,13,-0.019134532435460642
BTCUSDT,15m,HOLDOUT,CONTRA,0.5,1,0.00027188711042004974,-0.0009281128895799499,13,-0.01206546756453935
BTCUSDT,15m,HOLDOUT,MOM,0.5,2,-0.0004115928387745062,-0.0016115928387745058,13,-0.020950706904068576
BTCUSDT,15m,HOLDOUT,CONTRA,0.5,2,0.0004115928387745062,-0.0007884071612254934,13,-0.010249293095931415
BTCUSDT,15m,HOLDOUT,MOM,0.5,3,-0.00036260766957968855,-0.0015626076695796883,13,-0.020313899704535947
BTCUSDT,15m,HOLDOUT,CONTRA,0.5,3,0.00036260766957968855,-0.0008373923304203112,13,-0.010886100295464045
BTCUSDT,15m,HOLDOUT,MOM,0.5,6,-0.0006633063894428031,-0.0018633063894428028,13,-0.024222983062756435
BTCUSDT,15m,HOLDOUT,CONTRA,0.5,6,0.0006633063894428031,-0.0005366936105571966,13,-0.006977016937243556
BTCUSDT,15m,HOLDOUT,MOM,0.5,12,-0.0004379355188179057,-0.0016379355188179054,12,-0.019655226225814865
BTCUSDT,15m,HOLDOUT,CONTRA,0.5,12,0.0004379355188179057,-0.000762064481182094,12,-0.009144773774185128
ETHUSDT,5m,TRAIN,MOM,0.1,1,-8.133819663968989e-06,-0.0013081338196639684,17638,-23.072864311233076
ETHUSDT,5m,TRAIN,CONTRA,0.1,1,8.133819663968989e-06,-0.0012918661803360306,17638,-22.78593568876691
ETHUSDT,5m,TRAIN,MOM,0.1,2,-1.972625821070415e-05,-0.0013197262582107035,17637,-23.27601201606218
ETHUSDT,5m,TRAIN,CONTRA,0.1,2,1.972625821070415e-05,-0.0012802737417892955,17637,-22.580187983937805
ETHUSDT,5m,TRAIN,MOM,0.1,3,-3.2436994336761446e-05,-0.001332436994336761,17636,-23.498858832123116
ETHUSDT,5m,TRAIN,CONTRA,0.1,3,3.2436994336761446e-05,-0.001267563005663238,17636,-22.354741167876867
ETHUSDT,5m,TRAIN,MOM,0.1,6,-3.386080419846935e-05,-0.0013338608041984692,17635,-23.522635282040003
ETHUSDT,5m,TRAIN,CONTRA,0.1,6,3.386080419846935e-05,-0.0012661391958015305,17635,-22.32836471795999
ETHUSDT,5m,TRAIN,MOM,0.1,12,-3.4816891867456745e-05,-0.0013348168918674564,17631,-23.534156620515123
ETHUSDT,5m,TRAIN,CONTRA,0.1,12,3.4816891867456745e-05,-0.0012651831081325429,17631,-22.306443379484865
ETHUSDT,5m,TRAIN,MOM,0.2,1,-1.1202160389172467e-05,-0.001311202160389172,10173,-13.338859577639047
ETHUSDT,5m,TRAIN,CONTRA,0.2,1,1.1202160389172467e-05,-0.001288797839610827,10173,-13.110940422360944
ETHUSDT,5m,TRAIN,MOM,0.2,2,-1.8888973251664508e-05,-0.001318888973251664,10172,-13.415738635915925
ETHUSDT,5m,TRAIN,CONTRA,0.2,2,1.8888973251664508e-05,-0.001281111026748335,10172,-13.031461364084064
ETHUSDT,5m,TRAIN,MOM,0.2,3,-3.1311915789211404e-05,-0.001331311915789211,10171,-13.540773495492065
ETHUSDT,5m,TRAIN,CONTRA,0.2,3,3.1311915789211404e-05,-0.001268688084210788,10171,-12.903826504507926
ETHUSDT,5m,TRAIN,MOM,0.2,6,-2.2949150643414074e-05,-0.0013229491506434137,10171,-13.45571581119416
ETHUSDT,5m,TRAIN,CONTRA,0.2,6,2.2949150643414074e-05,-0.0012770508493565858,10171,-12.988884188805834
ETHUSDT,5m,TRAIN,MOM,0.2,12,7.818219453795117e-07,-0.00129921817805462,10168,-13.210450434459377
ETHUSDT,5m,TRAIN,CONTRA,0.2,12,-7.818219453795117e-07,-0.0013007818219453791,10168,-13.226349565540614
ETHUSDT,5m,TRAIN,MOM,0.3,1,-2.4606972940000133e-05,-0.00132460697294,4899,-6.489249560433059
ETHUSDT,5m,TRAIN,CONTRA,0.3,1,2.4606972940000133e-05,-0.0012753930270599997,4899,-6.248150439566938
ETHUSDT,5m,TRAIN,MOM,0.3,2,-1.984106234955422e-05,-0.001319841062349554,4899,-6.465901364450465
ETHUSDT,5m,TRAIN,CONTRA,0.3,2,1.984106234955422e-05,-0.0012801589376504456,4899,-6.271498635549532
ETHUSDT,5m,TRAIN,MOM,0.3,3,-5.158066675584969e-05,-0.0013515806667558493,4898,-6.62004210577015
ETHUSDT,5m,TRAIN,CONTRA,0.3,3,5.158066675584969e-05,-0.00124841933324415,4898,-6.114757894229847
ETHUSDT,5m,TRAIN,MOM,0.3,6,-8.12434985377887e-06,-0.0013081243498537785,4898,-6.407193065583807
ETHUSDT,5m,TRAIN,CONTRA,0.3,6,8.12434985377887e-06,-0.0012918756501462208,4898,-6.327606934416189
ETHUSDT,5m,TRAIN,MOM,0.3,12,3.2562680276243896e-05,-0.0012674373197237559,4897,-6.206640554687232
ETHUSDT,5m,TRAIN,CONTRA,0.3,12,-3.2562680276243896e-05,-0.0013325626802762436,4897,-6.525559445312765
ETHUSDT,5m,TRAIN,MOM,0.4,1,1.1705600429813696e-05,-0.0012882943995701857,1918,-2.470948658375616
ETHUSDT,5m,TRAIN,CONTRA,0.4,1,-1.1705600429813696e-05,-0.0013117056004298129,1918,-2.5158513416243813
ETHUSDT,5m,TRAIN,MOM,0.4,2,-2.4090671218551326e-05,-0.0013240906712185508,1918,-2.5396059073971804
ETHUSDT,5m,TRAIN,CONTRA,0.4,2,2.4090671218551326e-05,-0.0012759093287814482,1918,-2.4471940926028175
ETHUSDT,5m,TRAIN,MOM,0.4,3,-2.7542798348118437e-05,-0.001327542798348118,1918,-2.5462270872316903
ETHUSDT,5m,TRAIN,CONTRA,0.4,3,2.7542798348118437e-05,-0.0012724572016518808,1918,-2.4405729127683076
ETHUSDT,5m,TRAIN,MOM,0.4,6,-1.2980353665690117e-05,-0.0013129803536656899,1918,-2.518296318330793
ETHUSDT,5m,TRAIN,CONTRA,0.4,6,1.2980353665690117e-05,-0.0012870196463343096,1918,-2.4685036816692056
ETHUSDT,5m,TRAIN,MOM,0.4,12,-1.322269371879828e-05,-0.001313222693718798,1918,-2.5187611265526546
ETHUSDT,5m,TRAIN,CONTRA,0.4,12,1.322269371879828e-05,-0.0012867773062812016,1918,-2.4680388734473446
ETHUSDT,5m,TRAIN,MOM,0.5,1,4.222007190729877e-05,-0.0012577799280927009,614,-0.7722768758489184
ETHUSDT,5m,TRAIN,CONTRA,0.5,1,-4.222007190729877e-05,-0.0013422200719072983,614,-0.8241231241510812
ETHUSDT,5m,TRAIN,MOM,0.5,2,5.425297736811208e-05,-0.0012457470226318876,614,-0.764888671895979
ETHUSDT,5m,TRAIN,CONTRA,0.5,2,-5.425297736811208e-05,-0.0013542529773681118,614,-0.8315113281040206
ETHUSDT,5m,TRAIN,MOM,0.5,3,2.6826289443405066e-05,-0.0012731737105565945,614,-0.7817286582817491
ETHUSDT,5m,TRAIN,CONTRA,0.5,3,-2.6826289443405066e-05,-0.0013268262894434047,614,-0.8146713417182505
ETHUSDT,5m,TRAIN,MOM,0.5,6,1.3493730268841198e-05,-0.0012865062697311584,614,-0.7899148496149313
ETHUSDT,5m,TRAIN,CONTRA,0.5,6,-1.3493730268841198e-05,-0.0013134937302688408,614,-0.8064851503850683
ETHUSDT,5m,TRAIN,MOM,0.5,12,3.758208007368112e-05,-0.0012624179199263186,614,-0.7751246028347596
ETHUSDT,5m,TRAIN,CONTRA,0.5,12,-3.758208007368112e-05,-0.001337582080073681,614,-0.82127539716524
ETHUSDT,5m,TEST,MOM,0.1,1,-6.925148720941599e-06,-0.0013069251487209412,12431,-16.24638652375002
ETHUSDT,5m,TEST,CONTRA,0.1,1,6.925148720941599e-06,-0.001293074851279058,12431,-16.07421347624997
ETHUSDT,5m,TEST,MOM,0.1,2,1.3624027874626273e-06,-0.0012986375972125373,12430,-16.142065333351837
ETHUSDT,5m,TEST,CONTRA,0.1,2,-1.3624027874626273e-06,-0.0013013624027874622,12430,-16.175934666648153
ETHUSDT,5m,TEST,MOM,0.1,3,2.037670185487619e-06,-0.001297962329814512,12430,-16.133671759594385
ETHUSDT,5m,TEST,CONTRA,0.1,3,-2.037670185487619e-06,-0.0013020376701854872,12430,-16.184328240405605
ETHUSDT,5m,TEST,MOM,0.1,6,2.3086649153839063e-05,-0.0012769133508461605,12429,-15.87075603766693
ETHUSDT,5m,TEST,CONTRA,0.1,6,-2.3086649153839063e-05,-0.0013230866491538385,12429,-16.44464396233306
ETHUSDT,5m,TEST,MOM,0.1,12,3.9104981678898175e-05,-0.0012608950183211015,12424,-15.665359707621365
ETHUSDT,5m,TEST,CONTRA,0.1,12,-3.9104981678898175e-05,-0.0013391049816788977,12424,-16.637040292378625
ETHUSDT,5m,TEST,MOM,0.2,1,-3.4822470058067394e-05,-0.001334822470058067,7728,-10.315508048608741
ETHUSDT,5m,TEST,CONTRA,0.2,1,3.4822470058067394e-05,-0.0012651775299419323,7728,-9.777291951391252
ETHUSDT,5m,TEST,MOM,0.2,2,-1.229964136150029e-05,-0.0013122996413614998,7727,-10.14013932880031
ETHUSDT,5m,TEST,CONTRA,0.2,2,1.229964136150029e-05,-0.0012877003586384992,7727,-9.950060671199683
ETHUSDT,5m,TEST,MOM,0.2,3,-2.6920079214480945e-06,-0.0013026920079214476,7727,-10.065901145209025
ETHUSDT,5m,TEST,CONTRA,0.2,3,2.6920079214480945e-06,-0.0012973079920785514,7727,-10.024298854790967
ETHUSDT,5m,TEST,MOM,0.2,6,3.397532406834003e-05,-0.0012660246759316595,7726,-9.781306646248002
ETHUSDT,5m,TEST,CONTRA,0.2,6,-3.397532406834003e-05,-0.0013339753240683397,7726,-10.306293353751993
ETHUSDT,5m,TEST,MOM,0.2,12,4.4027017443838167e-05,-0.0012559729825561616,7723,-9.699879344281236
ETHUSDT,5m,TEST,CONTRA,0.2,12,-4.4027017443838167e-05,-0.0013440270174438378,7723,-10.37992065571876
ETHUSDT,5m,TEST,MOM,0.3,1,-1.0088946448164265e-05,-0.0013100889464481638,4045,-5.299309788382823
ETHUSDT,5m,TEST,CONTRA,0.3,1,1.0088946448164265e-05,-0.0012899110535518352,4045,-5.217690211617174
ETHUSDT,5m,TEST,MOM,0.3,2,5.579781300512067e-06,-0.0012944202186994875,4044,-5.234635364420727
ETHUSDT,5m,TEST,CONTRA,0.3,2,-5.579781300512067e-06,-0.0013055797813005118,4044,-5.279764635579269
ETHUSDT,5m,TEST,MOM,0.3,3,1.9034898046537434e-05,-0.0012809651019534622,4044,-5.180222872299801
ETHUSDT,5m,TEST,CONTRA,0.3,3,-1.9034898046537434e-05,-0.001319034898046537,4044,-5.334177127700196
ETHUSDT,5m,TEST,MOM,0.3,6,4.71501212042515e-05,-0.001252849878795748,4043,-5.0652720599712096
ETHUSDT,5m,TEST,CONTRA,0.3,6,-4.71501212042515e-05,-0.001347150121204251,4043,-5.446527940028787
ETHUSDT,5m,TEST,MOM,0.3,12,7.626153693744367e-05,-0.001223738463062556,4041,-4.945127129235789
ETHUSDT,5m,TEST,CONTRA,0.3,12,-7.626153693744367e-05,-0.0013762615369374434,4041,-5.561472870764209
ETHUSDT,5m,TEST,MOM,0.4,1,1.5697604596663237e-05,-0.0012843023954033363,1719,-2.207715817698335
ETHUSDT,5m,TEST,CONTRA,0.4,1,-1.5697604596663237e-05,-0.0013156976045966629,1719,-2.2616841823016633
ETHUSDT,5m,TEST,MOM,0.4,2,-2.577132797811549e-06,-0.001302577132797811,1719,-2.239130091279437
ETHUSDT,5m,TEST,CONTRA,0.4,2,2.577132797811549e-06,-0.0012974228672021878,1719,-2.230269908720561
ETHUSDT,5m,TEST,MOM,0.4,3,-2.747191113398744e-05,-0.0013274719111339868,1719,-2.2819242152393233
ETHUSDT,5m,TEST,CONTRA,0.4,3,2.747191113398744e-05,-0.001272528088866012,1719,-2.1874757847606747
ETHUSDT,5m,TEST,MOM,0.4,6,1.1391195832058653e-05,-0.0012886088041679411,1719,-2.2151185343646906
ETHUSDT,5m,TEST,CONTRA,0.4,6,-1.1391195832058653e-05,-0.0013113911958320583,1719,-2.2542814656353083
ETHUSDT,5m,TEST,MOM,0.4,12,-1.6049945596912558e-05,-0.0013160499455969123,1719,-2.2622898564810923
ETHUSDT,5m,TEST,CONTRA,0.4,12,1.6049945596912558e-05,-0.0012839500544030874,1719,-2.207110143518907
ETHUSDT,5m,TEST,MOM,0.5,1,7.706869612785091e-05,-0.001222931303872149,631,-0.771669652743326
ETHUSDT,5m,TEST,CONTRA,0.5,1,-7.706869612785091e-05,-0.0013770686961278504,631,-0.8689303472566736
ETHUSDT,5m,TEST,MOM,0.5,2,-8.138535150290544e-06,-0.0013081385351502903,631,-0.8254354156798331
ETHUSDT,5m,TEST,CONTRA,0.5,2,8.138535150290544e-06,-0.0012918614648497091,631,-0.8151645843201665
ETHUSDT,5m,TEST,MOM,0.5,3,-6.032181728559806e-06,-0.0013060321817285594,631,-0.824106306670721
ETHUSDT,5m,TEST,CONTRA,0.5,3,6.032181728559806e-06,-0.0012939678182714398,631,-0.8164936933292786
ETHUSDT,5m,TEST,MOM,0.5,6,-7.275855842715029e-05,-0.0013727585584271498,631,-0.8662106503675315
ETHUSDT,5m,TEST,CONTRA,0.5,6,7.275855842715029e-05,-0.0012272414415728495,631,-0.774389349632468
ETHUSDT,5m,TEST,MOM,0.5,12,-0.00016139591085183064,-0.0014613959108518303,631,-0.922140819747505
ETHUSDT,5m,TEST,CONTRA,0.5,12,0.00016139591085183064,-0.001138604089148169,631,-0.7184591802524947
ETHUSDT,5m,HOLDOUT,MOM,0.1,1,-3.487737236054289e-05,-0.0013348773723605423,6292,-8.399048426892533
ETHUSDT,5m,HOLDOUT,CONTRA,0.1,1,3.487737236054289e-05,-0.0012651226276394565,6292,-7.960151573107461
ETHUSDT,5m,HOLDOUT,MOM,0.1,2,-5.570891654431581e-05,-0.0013557089165443154,6291,-8.528764793980288
ETHUSDT,5m,HOLDOUT,CONTRA,0.1,2,5.570891654431581e-05,-0.0012442910834556838,6291,-7.8278352060197065
ETHUSDT,5m,HOLDOUT,MOM,0.1,3,-5.344930716562518e-05,-0.001353449307165625,6290,-8.51319614207178
ETHUSDT,5m,HOLDOUT,CONTRA,0.1,3,5.344930716562518e-05,-0.0012465506928343744,6290,-7.840803857928216
ETHUSDT,5m,HOLDOUT,MOM,0.1,6,-0.00017033988864726172,-0.0014703398886472614,6287,-9.244026879925332
ETHUSDT,5m,HOLDOUT,CONTRA,0.1,6,0.00017033988864726172,-0.001129660111352738,6287,-7.102173120074664
ETHUSDT,5m,HOLDOUT,MOM,0.1,12,-0.0001957205396905815,-0.0014957205396905814,6281,-9.394620709796541
ETHUSDT,5m,HOLDOUT,CONTRA,0.1,12,0.0001957205396905815,-0.001104279460309418,6281,-6.935979290203456
ETHUSDT,5m,HOLDOUT,MOM,0.2,1,-3.8857625452253077e-05,-0.0013388576254522526,3814,-5.106402983474892
ETHUSDT,5m,HOLDOUT,CONTRA,0.2,1,3.8857625452253077e-05,-0.0012611423745477464,3814,-4.809997016525105
ETHUSDT,5m,HOLDOUT,MOM,0.2,2,-6.265975936704307e-05,-0.0013626597593670426,3814,-5.1971843222259
ETHUSDT,5m,HOLDOUT,CONTRA,0.2,2,6.265975936704307e-05,-0.0012373402406329565,3814,-4.719215677774096
ETHUSDT,5m,HOLDOUT,MOM,0.2,3,-5.224023965737177e-05,-0.0013522402396573714,3813,-5.156092033813557
ETHUSDT,5m,HOLDOUT,CONTRA,0.2,3,5.224023965737177e-05,-0.0012477597603426278,3813,-4.75770796618644
ETHUSDT,5m,HOLDOUT,MOM,0.2,6,-0.00016386224316365823,-0.0014638622431636578,3813,-5.581706733183028
ETHUSDT,5m,HOLDOUT,CONTRA,0.2,6,0.00016386224316365823,-0.0011361377568363414,3813,-4.33209326681697
ETHUSDT,5m,HOLDOUT,MOM,0.2,12,-0.0002499458223876042,-0.0015499458223876038,3812,-5.908393474941546
ETHUSDT,5m,HOLDOUT,CONTRA,0.2,12,0.0002499458223876042,-0.0010500541776123954,3812,-4.0028065250584515
ETHUSDT,5m,HOLDOUT,MOM,0.3,1,-7.730683004734324e-05,-0.0013773068300473425,1874,-2.58107299950872
ETHUSDT,5m,HOLDOUT,CONTRA,0.3,1,7.730683004734324e-05,-0.0012226931699526563,1874,-2.291327000491278
ETHUSDT,5m,HOLDOUT,MOM,0.3,2,-9.946871121686985e-05,-0.0013994687112168695,1874,-2.6226043648204134
ETHUSDT,5m,HOLDOUT,CONTRA,0.3,2,9.946871121686985e-05,-0.0012005312887831297,1874,-2.249795635179585
ETHUSDT,5m,HOLDOUT,MOM,0.3,3,-0.00010120538637260945,-0.001401205386372609,1874,-2.625858894062269
ETHUSDT,5m,HOLDOUT,CONTRA,0.3,3,0.00010120538637260945,-0.00119879461362739,1874,-2.246541105937729
ETHUSDT,5m,HOLDOUT,MOM,0.3,6,-0.00019286460220215015,-0.0014928646022021497,1874,-2.7976282645268284
ETHUSDT,5m,HOLDOUT,CONTRA,0.3,6,0.00019286460220215015,-0.0011071353977978495,1874,-2.07477173547317
ETHUSDT,5m,HOLDOUT,MOM,0.3,12,-0.00023691294437718944,-0.0015369129443771892,1873,-2.8786379448184753
ETHUSDT,5m,HOLDOUT,CONTRA,0.3,12,0.00023691294437718944,-0.00106308705562281,1873,-1.9911620551815234
ETHUSDT,5m,HOLDOUT,MOM,0.4,1,-5.247935885678335e-05,-0.001352479358856783,788,-1.065753734779145
ETHUSDT,5m,HOLDOUT,CONTRA,0.4,1,5.247935885678335e-05,-0.0012475206411432162,788,-0.9830462652208544
ETHUSDT,5m,HOLDOUT,MOM,0.4,2,-3.597246283757032e-05,-0.0013359724628375696,788,-1.052746300716005
ETHUSDT,5m,HOLDOUT,CONTRA,0.4,2,3.597246283757032e-05,-0.0012640275371624294,788,-0.9960536992839943
ETHUSDT,5m,HOLDOUT,MOM,0.4,3,-1.2484554268149286e-05,-0.0013124845542681488,788,-1.0342378287633012
ETHUSDT,5m,HOLDOUT,CONTRA,0.4,3,1.2484554268149286e-05,-0.0012875154457318504,788,-1.0145621712366981
ETHUSDT,5m,HOLDOUT,MOM,0.4,6,-0.00011097436034827815,-0.0014109743603482776,788,-1.1118477959544428
ETHUSDT,5m,HOLDOUT,CONTRA,0.4,6,0.00011097436034827815,-0.0011890256396517214,788,-0.9369522040455565
ETHUSDT,5m,HOLDOUT,MOM,0.4,12,-8.884522579827422e-05,-0.001388845225798274,787,-1.0930211927032416
ETHUSDT,5m,HOLDOUT,CONTRA,0.4,12,8.884522579827422e-05,-0.0012111547742017254,787,-0.953178807296758
ETHUSDT,5m,HOLDOUT,MOM,0.5,1,-1.754297565821389e-05,-0.0013175429756582136,227,-0.29908225547441447
ETHUSDT,5m,HOLDOUT,CONTRA,0.5,1,1.754297565821389e-05,-0.0012824570243417858,227,-0.29111774452558536
ETHUSDT,5m,HOLDOUT,MOM,0.5,2,-7.030803453418666e-05,-0.0013703080345341863,227,-0.3110599238392603
ETHUSDT,5m,HOLDOUT,CONTRA,0.5,2,7.030803453418666e-05,-0.001229691965465813,227,-0.27914007616073955
ETHUSDT,5m,HOLDOUT,MOM,0.5,3,-6.150045178943864e-05,-0.0013615004517894382,227,-0.3090606025562025
ETHUSDT,5m,HOLDOUT,CONTRA,0.5,3,6.150045178943864e-05,-0.001238499548210561,227,-0.28113939744379735
ETHUSDT,5m,HOLDOUT,MOM,0.5,6,-0.00012542422908903752,-0.0014254242290890372,227,-0.32357130000321144
ETHUSDT,5m,HOLDOUT,CONTRA,0.5,6,0.00012542422908903752,-0.0011745757709109622,227,-0.2666286999967884
ETHUSDT,5m,HOLDOUT,MOM,0.5,12,-0.00015141748745066695,-0.0014514174874506666,227,-0.3294717696513013
ETHUSDT,5m,HOLDOUT,CONTRA,0.5,12,0.00015141748745066695,-0.0011485825125493326,227,-0.2607282303486985
ETHUSDT,5m,TRAIN,MOM,0.1,1,-8.133819663968989e-06,-0.0013081338196639684,17638,-23.072864311233076
ETHUSDT,5m,TRAIN,CONTRA,0.1,1,8.133819663968989e-06,-0.0012918661803360306,17638,-22.78593568876691
ETHUSDT,5m,TRAIN,MOM,0.1,2,-1.972625821070415e-05,-0.0013197262582107035,17637,-23.27601201606218
ETHUSDT,5m,TRAIN,CONTRA,0.1,2,1.972625821070415e-05,-0.0012802737417892955,17637,-22.580187983937805
ETHUSDT,5m,TRAIN,MOM,0.1,3,-3.2436994336761446e-05,-0.001332436994336761,17636,-23.498858832123116
ETHUSDT,5m,TRAIN,CONTRA,0.1,3,3.2436994336761446e-05,-0.001267563005663238,17636,-22.354741167876867
ETHUSDT,5m,TRAIN,MOM,0.1,6,-3.386080419846935e-05,-0.0013338608041984692,17635,-23.522635282040003
ETHUSDT,5m,TRAIN,CONTRA,0.1,6,3.386080419846935e-05,-0.0012661391958015305,17635,-22.32836471795999
ETHUSDT,5m,TRAIN,MOM,0.1,12,-3.4816891867456745e-05,-0.0013348168918674564,17631,-23.534156620515123
ETHUSDT,5m,TRAIN,CONTRA,0.1,12,3.4816891867456745e-05,-0.0012651831081325429,17631,-22.306443379484865
ETHUSDT,5m,TRAIN,MOM,0.2,1,-1.1202160389172467e-05,-0.001311202160389172,10173,-13.338859577639047
ETHUSDT,5m,TRAIN,CONTRA,0.2,1,1.1202160389172467e-05,-0.001288797839610827,10173,-13.110940422360944
ETHUSDT,5m,TRAIN,MOM,0.2,2,-1.8888973251664508e-05,-0.001318888973251664,10172,-13.415738635915925
ETHUSDT,5m,TRAIN,CONTRA,0.2,2,1.8888973251664508e-05,-0.001281111026748335,10172,-13.031461364084064
ETHUSDT,5m,TRAIN,MOM,0.2,3,-3.1311915789211404e-05,-0.001331311915789211,10171,-13.540773495492065
ETHUSDT,5m,TRAIN,CONTRA,0.2,3,3.1311915789211404e-05,-0.001268688084210788,10171,-12.903826504507926
ETHUSDT,5m,TRAIN,MOM,0.2,6,-2.2949150643414074e-05,-0.0013229491506434137,10171,-13.45571581119416
ETHUSDT,5m,TRAIN,CONTRA,0.2,6,2.2949150643414074e-05,-0.0012770508493565858,10171,-12.988884188805834
ETHUSDT,5m,TRAIN,MOM,0.2,12,7.818219453795117e-07,-0.00129921817805462,10168,-13.210450434459377
ETHUSDT,5m,TRAIN,CONTRA,0.2,12,-7.818219453795117e-07,-0.0013007818219453791,10168,-13.226349565540614
ETHUSDT,5m,TRAIN,MOM,0.3,1,-2.4606972940000133e-05,-0.00132460697294,4899,-6.489249560433059
ETHUSDT,5m,TRAIN,CONTRA,0.3,1,2.4606972940000133e-05,-0.0012753930270599997,4899,-6.248150439566938
ETHUSDT,5m,TRAIN,MOM,0.3,2,-1.984106234955422e-05,-0.001319841062349554,4899,-6.465901364450465
ETHUSDT,5m,TRAIN,CONTRA,0.3,2,1.984106234955422e-05,-0.0012801589376504456,4899,-6.271498635549532
ETHUSDT,5m,TRAIN,MOM,0.3,3,-5.158066675584969e-05,-0.0013515806667558493,4898,-6.62004210577015
ETHUSDT,5m,TRAIN,CONTRA,0.3,3,5.158066675584969e-05,-0.00124841933324415,4898,-6.114757894229847
ETHUSDT,5m,TRAIN,MOM,0.3,6,-8.12434985377887e-06,-0.0013081243498537785,4898,-6.407193065583807
ETHUSDT,5m,TRAIN,CONTRA,0.3,6,8.12434985377887e-06,-0.0012918756501462208,4898,-6.327606934416189
ETHUSDT,5m,TRAIN,MOM,0.3,12,3.2562680276243896e-05,-0.0012674373197237559,4897,-6.206640554687232
ETHUSDT,5m,TRAIN,CONTRA,0.3,12,-3.2562680276243896e-05,-0.0013325626802762436,4897,-6.525559445312765
ETHUSDT,5m,TRAIN,MOM,0.4,1,1.1705600429813696e-05,-0.0012882943995701857,1918,-2.470948658375616
ETHUSDT,5m,TRAIN,CONTRA,0.4,1,-1.1705600429813696e-05,-0.0013117056004298129,1918,-2.5158513416243813
ETHUSDT,5m,TRAIN,MOM,0.4,2,-2.4090671218551326e-05,-0.0013240906712185508,1918,-2.5396059073971804
ETHUSDT,5m,TRAIN,CONTRA,0.4,2,2.4090671218551326e-05,-0.0012759093287814482,1918,-2.4471940926028175
ETHUSDT,5m,TRAIN,MOM,0.4,3,-2.7542798348118437e-05,-0.001327542798348118,1918,-2.5462270872316903
ETHUSDT,5m,TRAIN,CONTRA,0.4,3,2.7542798348118437e-05,-0.0012724572016518808,1918,-2.4405729127683076
ETHUSDT,5m,TRAIN,MOM,0.4,6,-1.2980353665690117e-05,-0.0013129803536656899,1918,-2.518296318330793
ETHUSDT,5m,TRAIN,CONTRA,0.4,6,1.2980353665690117e-05,-0.0012870196463343096,1918,-2.4685036816692056
ETHUSDT,5m,TRAIN,MOM,0.4,12,-1.322269371879828e-05,-0.001313222693718798,1918,-2.5187611265526546
ETHUSDT,5m,TRAIN,CONTRA,0.4,12,1.322269371879828e-05,-0.0012867773062812016,1918,-2.4680388734473446
ETHUSDT,5m,TRAIN,MOM,0.5,1,4.222007190729877e-05,-0.0012577799280927009,614,-0.7722768758489184
ETHUSDT,5m,TRAIN,CONTRA,0.5,1,-4.222007190729877e-05,-0.0013422200719072983,614,-0.8241231241510812
ETHUSDT,5m,TRAIN,MOM,0.5,2,5.425297736811208e-05,-0.0012457470226318876,614,-0.764888671895979
ETHUSDT,5m,TRAIN,CONTRA,0.5,2,-5.425297736811208e-05,-0.0013542529773681118,614,-0.8315113281040206
ETHUSDT,5m,TRAIN,MOM,0.5,3,2.6826289443405066e-05,-0.0012731737105565945,614,-0.7817286582817491
ETHUSDT,5m,TRAIN,CONTRA,0.5,3,-2.6826289443405066e-05,-0.0013268262894434047,614,-0.8146713417182505
ETHUSDT,5m,TRAIN,MOM,0.5,6,1.3493730268841198e-05,-0.0012865062697311584,614,-0.7899148496149313
ETHUSDT,5m,TRAIN,CONTRA,0.5,6,-1.3493730268841198e-05,-0.0013134937302688408,614,-0.8064851503850683
ETHUSDT,5m,TRAIN,MOM,0.5,12,3.758208007368112e-05,-0.0012624179199263186,614,-0.7751246028347596
ETHUSDT,5m,TRAIN,CONTRA,0.5,12,-3.758208007368112e-05,-0.001337582080073681,614,-0.82127539716524
ETHUSDT,5m,TEST,MOM,0.1,1,-6.925148720941599e-06,-0.0013069251487209412,12431,-16.24638652375002
ETHUSDT,5m,TEST,CONTRA,0.1,1,6.925148720941599e-06,-0.001293074851279058,12431,-16.07421347624997
ETHUSDT,5m,TEST,MOM,0.1,2,1.3624027874626273e-06,-0.0012986375972125373,12430,-16.142065333351837
ETHUSDT,5m,TEST,CONTRA,0.1,2,-1.3624027874626273e-06,-0.0013013624027874622,12430,-16.175934666648153
ETHUSDT,5m,TEST,MOM,0.1,3,2.037670185487619e-06,-0.001297962329814512,12430,-16.133671759594385
ETHUSDT,5m,TEST,CONTRA,0.1,3,-2.037670185487619e-06,-0.0013020376701854872,12430,-16.184328240405605
ETHUSDT,5m,TEST,MOM,0.1,6,2.3086649153839063e-05,-0.0012769133508461605,12429,-15.87075603766693
ETHUSDT,5m,TEST,CONTRA,0.1,6,-2.3086649153839063e-05,-0.0013230866491538385,12429,-16.44464396233306
ETHUSDT,5m,TEST,MOM,0.1,12,3.9104981678898175e-05,-0.0012608950183211015,12424,-15.665359707621365
ETHUSDT,5m,TEST,CONTRA,0.1,12,-3.9104981678898175e-05,-0.0013391049816788977,12424,-16.637040292378625
ETHUSDT,5m,TEST,MOM,0.2,1,-3.4822470058067394e-05,-0.001334822470058067,7728,-10.315508048608741
ETHUSDT,5m,TEST,CONTRA,0.2,1,3.4822470058067394e-05,-0.0012651775299419323,7728,-9.777291951391252
ETHUSDT,5m,TEST,MOM,0.2,2,-1.229964136150029e-05,-0.0013122996413614998,7727,-10.14013932880031
ETHUSDT,5m,TEST,CONTRA,0.2,2,1.229964136150029e-05,-0.0012877003586384992,7727,-9.950060671199683
ETHUSDT,5m,TEST,MOM,0.2,3,-2.6920079214480945e-06,-0.0013026920079214476,7727,-10.065901145209025
ETHUSDT,5m,TEST,CONTRA,0.2,3,2.6920079214480945e-06,-0.0012973079920785514,7727,-10.024298854790967
ETHUSDT,5m,TEST,MOM,0.2,6,3.397532406834003e-05,-0.0012660246759316595,7726,-9.781306646248002
ETHUSDT,5m,TEST,CONTRA,0.2,6,-3.397532406834003e-05,-0.0013339753240683397,7726,-10.306293353751993
ETHUSDT,5m,TEST,MOM,0.2,12,4.4027017443838167e-05,-0.0012559729825561616,7723,-9.699879344281236
ETHUSDT,5m,TEST,CONTRA,0.2,12,-4.4027017443838167e-05,-0.0013440270174438378,7723,-10.37992065571876
ETHUSDT,5m,TEST,MOM,0.3,1,-1.0088946448164265e-05,-0.0013100889464481638,4045,-5.299309788382823
ETHUSDT,5m,TEST,CONTRA,0.3,1,1.0088946448164265e-05,-0.0012899110535518352,4045,-5.217690211617174
ETHUSDT,5m,TEST,MOM,0.3,2,5.579781300512067e-06,-0.0012944202186994875,4044,-5.234635364420727
ETHUSDT,5m,TEST,CONTRA,0.3,2,-5.579781300512067e-06,-0.0013055797813005118,4044,-5.279764635579269
ETHUSDT,5m,TEST,MOM,0.3,3,1.9034898046537434e-05,-0.0012809651019534622,4044,-5.180222872299801
ETHUSDT,5m,TEST,CONTRA,0.3,3,-1.9034898046537434e-05,-0.001319034898046537,4044,-5.334177127700196
ETHUSDT,5m,TEST,MOM,0.3,6,4.71501212042515e-05,-0.001252849878795748,4043,-5.0652720599712096
ETHUSDT,5m,TEST,CONTRA,0.3,6,-4.71501212042515e-05,-0.001347150121204251,4043,-5.446527940028787
ETHUSDT,5m,TEST,MOM,0.3,12,7.626153693744367e-05,-0.001223738463062556,4041,-4.945127129235789
ETHUSDT,5m,TEST,CONTRA,0.3,12,-7.626153693744367e-05,-0.0013762615369374434,4041,-5.561472870764209
ETHUSDT,5m,TEST,MOM,0.4,1,1.5697604596663237e-05,-0.0012843023954033363,1719,-2.207715817698335
ETHUSDT,5m,TEST,CONTRA,0.4,1,-1.5697604596663237e-05,-0.0013156976045966629,1719,-2.2616841823016633
ETHUSDT,5m,TEST,MOM,0.4,2,-2.577132797811549e-06,-0.001302577132797811,1719,-2.239130091279437
ETHUSDT,5m,TEST,CONTRA,0.4,2,2.577132797811549e-06,-0.0012974228672021878,1719,-2.230269908720561
ETHUSDT,5m,TEST,MOM,0.4,3,-2.747191113398744e-05,-0.0013274719111339868,1719,-2.2819242152393233
ETHUSDT,5m,TEST,CONTRA,0.4,3,2.747191113398744e-05,-0.001272528088866012,1719,-2.1874757847606747
ETHUSDT,5m,TEST,MOM,0.4,6,1.1391195832058653e-05,-0.0012886088041679411,1719,-2.2151185343646906
ETHUSDT,5m,TEST,CONTRA,0.4,6,-1.1391195832058653e-05,-0.0013113911958320583,1719,-2.2542814656353083
ETHUSDT,5m,TEST,MOM,0.4,12,-1.6049945596912558e-05,-0.0013160499455969123,1719,-2.2622898564810923
ETHUSDT,5m,TEST,CONTRA,0.4,12,1.6049945596912558e-05,-0.0012839500544030874,1719,-2.207110143518907
ETHUSDT,5m,TEST,MOM,0.5,1,7.706869612785091e-05,-0.001222931303872149,631,-0.771669652743326
ETHUSDT,5m,TEST,CONTRA,0.5,1,-7.706869612785091e-05,-0.0013770686961278504,631,-0.8689303472566736
ETHUSDT,5m,TEST,MOM,0.5,2,-8.138535150290544e-06,-0.0013081385351502903,631,-0.8254354156798331
ETHUSDT,5m,TEST,CONTRA,0.5,2,8.138535150290544e-06,-0.0012918614648497091,631,-0.8151645843201665
ETHUSDT,5m,TEST,MOM,0.5,3,-6.032181728559806e-06,-0.0013060321817285594,631,-0.824106306670721
ETHUSDT,5m,TEST,CONTRA,0.5,3,6.032181728559806e-06,-0.0012939678182714398,631,-0.8164936933292786
ETHUSDT,5m,TEST,MOM,0.5,6,-7.275855842715029e-05,-0.0013727585584271498,631,-0.8662106503675315
ETHUSDT,5m,TEST,CONTRA,0.5,6,7.275855842715029e-05,-0.0012272414415728495,631,-0.774389349632468
ETHUSDT,5m,TEST,MOM,0.5,12,-0.00016139591085183064,-0.0014613959108518303,631,-0.922140819747505
ETHUSDT,5m,TEST,CONTRA,0.5,12,0.00016139591085183064,-0.001138604089148169,631,-0.7184591802524947
ETHUSDT,5m,HOLDOUT,MOM,0.1,1,-3.487737236054289e-05,-0.0013348773723605423,6292,-8.399048426892533
ETHUSDT,5m,HOLDOUT,CONTRA,0.1,1,3.487737236054289e-05,-0.0012651226276394565,6292,-7.960151573107461
ETHUSDT,5m,HOLDOUT,MOM,0.1,2,-5.570891654431581e-05,-0.0013557089165443154,6291,-8.528764793980288
ETHUSDT,5m,HOLDOUT,CONTRA,0.1,2,5.570891654431581e-05,-0.0012442910834556838,6291,-7.8278352060197065
ETHUSDT,5m,HOLDOUT,MOM,0.1,3,-5.344930716562518e-05,-0.001353449307165625,6290,-8.51319614207178
ETHUSDT,5m,HOLDOUT,CONTRA,0.1,3,5.344930716562518e-05,-0.0012465506928343744,6290,-7.840803857928216
ETHUSDT,5m,HOLDOUT,MOM,0.1,6,-0.00017033988864726172,-0.0014703398886472614,6287,-9.244026879925332
ETHUSDT,5m,HOLDOUT,CONTRA,0.1,6,0.00017033988864726172,-0.001129660111352738,6287,-7.102173120074664
ETHUSDT,5m,HOLDOUT,MOM,0.1,12,-0.0001957205396905815,-0.0014957205396905814,6281,-9.394620709796541
ETHUSDT,5m,HOLDOUT,CONTRA,0.1,12,0.0001957205396905815,-0.001104279460309418,6281,-6.935979290203456
ETHUSDT,5m,HOLDOUT,MOM,0.2,1,-3.8857625452253077e-05,-0.0013388576254522526,3814,-5.106402983474892
ETHUSDT,5m,HOLDOUT,CONTRA,0.2,1,3.8857625452253077e-05,-0.0012611423745477464,3814,-4.809997016525105
ETHUSDT,5m,HOLDOUT,MOM,0.2,2,-6.265975936704307e-05,-0.0013626597593670426,3814,-5.1971843222259
ETHUSDT,5m,HOLDOUT,CONTRA,0.2,2,6.265975936704307e-05,-0.0012373402406329565,3814,-4.719215677774096
ETHUSDT,5m,HOLDOUT,MOM,0.2,3,-5.224023965737177e-05,-0.0013522402396573714,3813,-5.156092033813557
ETHUSDT,5m,HOLDOUT,CONTRA,0.2,3,5.224023965737177e-05,-0.0012477597603426278,3813,-4.75770796618644
ETHUSDT,5m,HOLDOUT,MOM,0.2,6,-0.00016386224316365823,-0.0014638622431636578,3813,-5.581706733183028
ETHUSDT,5m,HOLDOUT,CONTRA,0.2,6,0.00016386224316365823,-0.0011361377568363414,3813,-4.33209326681697
ETHUSDT,5m,HOLDOUT,MOM,0.2,12,-0.0002499458223876042,-0.0015499458223876038,3812,-5.908393474941546
ETHUSDT,5m,HOLDOUT,CONTRA,0.2,12,0.0002499458223876042,-0.0010500541776123954,3812,-4.0028065250584515
ETHUSDT,5m,HOLDOUT,MOM,0.3,1,-7.730683004734324e-05,-0.0013773068300473425,1874,-2.58107299950872
ETHUSDT,5m,HOLDOUT,CONTRA,0.3,1,7.730683004734324e-05,-0.0012226931699526563,1874,-2.291327000491278
ETHUSDT,5m,HOLDOUT,MOM,0.3,2,-9.946871121686985e-05,-0.0013994687112168695,1874,-2.6226043648204134
ETHUSDT,5m,HOLDOUT,CONTRA,0.3,2,9.946871121686985e-05,-0.0012005312887831297,1874,-2.249795635179585
ETHUSDT,5m,HOLDOUT,MOM,0.3,3,-0.00010120538637260945,-0.001401205386372609,1874,-2.625858894062269
ETHUSDT,5m,HOLDOUT,CONTRA,0.3,3,0.00010120538637260945,-0.00119879461362739,1874,-2.246541105937729
ETHUSDT,5m,HOLDOUT,MOM,0.3,6,-0.00019286460220215015,-0.0014928646022021497,1874,-2.7976282645268284
ETHUSDT,5m,HOLDOUT,CONTRA,0.3,6,0.00019286460220215015,-0.0011071353977978495,1874,-2.07477173547317
ETHUSDT,5m,HOLDOUT,MOM,0.3,12,-0.00023691294437718944,-0.0015369129443771892,1873,-2.8786379448184753
ETHUSDT,5m,HOLDOUT,CONTRA,0.3,12,0.00023691294437718944,-0.00106308705562281,1873,-1.9911620551815234
ETHUSDT,5m,HOLDOUT,MOM,0.4,1,-5.247935885678335e-05,-0.001352479358856783,788,-1.065753734779145
ETHUSDT,5m,HOLDOUT,CONTRA,0.4,1,5.247935885678335e-05,-0.0012475206411432162,788,-0.9830462652208544
ETHUSDT,5m,HOLDOUT,MOM,0.4,2,-3.597246283757032e-05,-0.0013359724628375696,788,-1.052746300716005
ETHUSDT,5m,HOLDOUT,CONTRA,0.4,2,3.597246283757032e-05,-0.0012640275371624294,788,-0.9960536992839943
ETHUSDT,5m,HOLDOUT,MOM,0.4,3,-1.2484554268149286e-05,-0.0013124845542681488,788,-1.0342378287633012
ETHUSDT,5m,HOLDOUT,CONTRA,0.4,3,1.2484554268149286e-05,-0.0012875154457318504,788,-1.0145621712366981
ETHUSDT,5m,HOLDOUT,MOM,0.4,6,-0.00011097436034827815,-0.0014109743603482776,788,-1.1118477959544428
ETHUSDT,5m,HOLDOUT,CONTRA,0.4,6,0.00011097436034827815,-0.0011890256396517214,788,-0.9369522040455565
ETHUSDT,5m,HOLDOUT,MOM,0.4,12,-8.884522579827422e-05,-0.001388845225798274,787,-1.0930211927032416
ETHUSDT,5m,HOLDOUT,CONTRA,0.4,12,8.884522579827422e-05,-0.0012111547742017254,787,-0.953178807296758
ETHUSDT,5m,HOLDOUT,MOM,0.5,1,-1.754297565821389e-05,-0.0013175429756582136,227,-0.29908225547441447
ETHUSDT,5m,HOLDOUT,CONTRA,0.5,1,1.754297565821389e-05,-0.0012824570243417858,227,-0.29111774452558536
ETHUSDT,5m,HOLDOUT,MOM,0.5,2,-7.030803453418666e-05,-0.0013703080345341863,227,-0.3110599238392603
ETHUSDT,5m,HOLDOUT,CONTRA,0.5,2,7.030803453418666e-05,-0.001229691965465813,227,-0.27914007616073955
ETHUSDT,5m,HOLDOUT,MOM,0.5,3,-6.150045178943864e-05,-0.0013615004517894382,227,-0.3090606025562025
ETHUSDT,5m,HOLDOUT,CONTRA,0.5,3,6.150045178943864e-05,-0.001238499548210561,227,-0.28113939744379735
ETHUSDT,5m,HOLDOUT,MOM,0.5,6,-0.00012542422908903752,-0.0014254242290890372,227,-0.32357130000321144
ETHUSDT,5m,HOLDOUT,CONTRA,0.5,6,0.00012542422908903752,-0.0011745757709109622,227,-0.2666286999967884
ETHUSDT,5m,HOLDOUT,MOM,0.5,12,-0.00015141748745066695,-0.0014514174874506666,227,-0.3294717696513013
ETHUSDT,5m,HOLDOUT,CONTRA,0.5,12,0.00015141748745066695,-0.0011485825125493326,227,-0.2607282303486985
ETHUSDT,15m,TRAIN,MOM,0.1,1,-0.00011081892010064248,-0.001410818920100642,4631,-6.533502418986074
ETHUSDT,15m,TRAIN,CONTRA,0.1,1,0.00011081892010064248,-0.0011891810798993572,4631,-5.507097581013923
ETHUSDT,15m,TRAIN,MOM,0.1,2,-0.00010946846768329777,-0.0014094684676832973,4631,-6.52724847384135
ETHUSDT,15m,TRAIN,CONTRA,0.1,2,0.00010946846768329777,-0.0011905315323167019,4631,-5.5133515261586465
ETHUSDT,15m,TRAIN,MOM,0.1,3,-6.259259122805116e-05,-0.0013625925912280508,4630,-6.308803697385875
ETHUSDT,15m,TRAIN,CONTRA,0.1,3,6.259259122805116e-05,-0.0012374074087719486,4630,-5.729196302614122
ETHUSDT,15m,TRAIN,MOM,0.1,6,7.489358034565467e-06,-0.001292510641965434,4628,-5.9817392510160285
ETHUSDT,15m,TRAIN,CONTRA,0.1,6,-7.489358034565467e-06,-0.0013074893580345653,4628,-6.051060748983968
ETHUSDT,15m,TRAIN,MOM,0.1,12,-8.604440124842009e-05,-0.0013860444012484196,4626,-6.411841400175189
ETHUSDT,15m,TRAIN,CONTRA,0.1,12,8.604440124842009e-05,-0.0012139555987515794,4626,-5.615758599824806
ETHUSDT,15m,TRAIN,MOM,0.2,1,-1.425057795159209e-06,-0.0013014250577951586,1797,-2.3386608288579
ETHUSDT,15m,TRAIN,CONTRA,0.2,1,1.425057795159209e-06,-0.0012985749422048404,1797,-2.3335391711420983
ETHUSDT,15m,TRAIN,MOM,0.2,2,1.6097742115406618e-05,-0.0012839022578845928,1797,-2.3071723574186134
ETHUSDT,15m,TRAIN,CONTRA,0.2,2,-1.6097742115406618e-05,-0.0013160977421154062,1797,-2.365027642581385
ETHUSDT,15m,TRAIN,MOM,0.2,3,0.00013100214970424473,-0.001168997850295755,1797,-2.1006891369814715
ETHUSDT,15m,TRAIN,CONTRA,0.2,3,-0.00013100214970424473,-0.0014310021497042445,1797,-2.5715108630185273
ETHUSDT,15m,TRAIN,MOM,0.2,6,0.00014118093645116246,-0.0011588190635488372,1795,-2.0800802190701626
ETHUSDT,15m,TRAIN,CONTRA,0.2,6,-0.00014118093645116246,-0.001441180936451162,1795,-2.586919780929836
ETHUSDT,15m,TRAIN,MOM,0.2,12,0.00011256044316452775,-0.0011874395568354718,1795,-2.131454004519672
ETHUSDT,15m,TRAIN,CONTRA,0.2,12,-0.00011256044316452775,-0.0014125604431645274,1795,-2.5355459954803266
ETHUSDT,15m,TRAIN,MOM,0.3,1,-7.707888141903129e-05,-0.0013770788814190308,474,-0.6527353897926206
ETHUSDT,15m,TRAIN,CONTRA,0.3,1,7.707888141903129e-05,-0.0012229211185809685,474,-0.579664610207379
ETHUSDT,15m,TRAIN,MOM,0.3,2,0.0002096159965394174,-0.001090384003460582,474,-0.5168420176403159
ETHUSDT,15m,TRAIN,CONTRA,0.3,2,-0.0002096159965394174,-0.0015096159965394174,474,-0.7155579823596838
ETHUSDT,15m,TRAIN,MOM,0.3,3,0.00016652022840771052,-0.0011334797715922891,474,-0.5372694117347451
ETHUSDT,15m,TRAIN,CONTRA,0.3,3,-0.00016652022840771052,-0.00146652022840771,474,-0.6951305882652545
ETHUSDT,15m,TRAIN,MOM,0.3,6,0.00046703179374072936,-0.0008329682062592701,474,-0.39482692976689404
ETHUSDT,15m,TRAIN,CONTRA,0.3,6,-0.00046703179374072936,-0.0017670317937407292,474,-0.8375730702331057
ETHUSDT,15m,TRAIN,MOM,0.3,12,0.0004859882429999509,-0.0008140117570000485,474,-0.385841572818023
ETHUSDT,15m,TRAIN,CONTRA,0.3,12,-0.0004859882429999509,-0.0017859882429999507,474,-0.8465584271819766
ETHUSDT,15m,TRAIN,MOM,0.4,1,-0.0001350957898115395,-0.0014350957898115388,104,-0.14924996214040004
ETHUSDT,15m,TRAIN,CONTRA,0.4,1,0.0001350957898115395,-0.0011649042101884602,104,-0.12115003785959985
ETHUSDT,15m,TRAIN,MOM,0.4,2,-0.00011691087513181316,-0.0014169108751318125,104,-0.1473587310137085
ETHUSDT,15m,TRAIN,CONTRA,0.4,2,0.00011691087513181316,-0.0011830891248681866,104,-0.12304126898629139
ETHUSDT,15m,TRAIN,MOM,0.4,3,-9.62402104430696e-05,-0.001396240210443069,104,-0.14520898188607917
ETHUSDT,15m,TRAIN,CONTRA,0.4,3,9.62402104430696e-05,-0.00120375978955693,104,-0.12519101811392072
ETHUSDT,15m,TRAIN,MOM,0.4,6,-0.00024431430085587415,-0.0015443143008558734,104,-0.16060868728901084
ETHUSDT,15m,TRAIN,CONTRA,0.4,6,0.00024431430085587415,-0.0010556856991441256,104,-0.10979131271098906
ETHUSDT,15m,TRAIN,MOM,0.4,12,0.00045132832930482145,-0.0008486716706951782,104,-0.08826185375229853
ETHUSDT,15m,TRAIN,CONTRA,0.4,12,-0.00045132832930482145,-0.0017513283293048214,104,-0.18213814624770142
ETHUSDT,15m,TRAIN,MOM,0.5,1,0.00016063641092679056,-0.0011393635890732093,18,-0.020508544603317767
ETHUSDT,15m,TRAIN,CONTRA,0.5,1,-0.00016063641092679056,-0.0014606364109267904,18,-0.026291455396682227
ETHUSDT,15m,TRAIN,MOM,0.5,2,0.0003365278297276015,-0.0009634721702723983,18,-0.01734249906490317
ETHUSDT,15m,TRAIN,CONTRA,0.5,2,-0.0003365278297276015,-0.0016365278297276013,18,-0.029457500935096824
ETHUSDT,15m,TRAIN,MOM,0.5,3,0.00043608539492596813,-0.0008639146050740317,18,-0.015550462891332571
ETHUSDT,15m,TRAIN,CONTRA,0.5,3,-0.00043608539492596813,-0.0017360853949259679,18,-0.031249537108667423
ETHUSDT,15m,TRAIN,MOM,0.5,6,0.0019861523544923063,0.0006861523544923065,18,0.012350742380861517
ETHUSDT,15m,TRAIN,CONTRA,0.5,6,-0.0019861523544923063,-0.0032861523544923063,18,-0.059150742380861515
ETHUSDT,15m,TRAIN,MOM,0.5,12,0.00026344717428696446,-0.0010365528257130349,18,-0.01865795086283463
ETHUSDT,15m,TRAIN,CONTRA,0.5,12,-0.00026344717428696446,-0.001563447174286964,18,-0.02814204913716535
ETHUSDT,15m,TEST,MOM,0.1,1,2.885834006365182e-05,-0.0012711416599363477,3462,-4.400692426699636
ETHUSDT,15m,TEST,CONTRA,0.1,1,-2.885834006365182e-05,-0.0013288583400636515,3462,-4.600507573300361
ETHUSDT,15m,TEST,MOM,0.1,2,9.095831000372404e-05,-0.0012090416899962755,3461,-4.18449328907711
ETHUSDT,15m,TEST,CONTRA,0.1,2,-9.095831000372404e-05,-0.0013909583100037235,3461,-4.8141067109228874
ETHUSDT,15m,TEST,MOM,0.1,3,0.00011880106309619768,-0.001181198936903802,3460,-4.086948321687155
ETHUSDT,15m,TEST,CONTRA,0.1,3,-0.00011880106309619768,-0.0014188010630961975,3460,-4.909051678312843
ETHUSDT,15m,TEST,MOM,0.1,6,0.00012791294598320205,-0.0011720870540167976,3457,-4.051904945736069
ETHUSDT,15m,TEST,CONTRA,0.1,6,-0.00012791294598320205,-0.0014279129459832016,3457,-4.936295054263928
ETHUSDT,15m,TEST,MOM,0.1,12,5.943438216144437e-05,-0.0012405656178385554,3452,-4.282432512778693
ETHUSDT,15m,TEST,CONTRA,0.1,12,-5.943438216144437e-05,-0.001359434382161444,3452,-4.692767487221305
ETHUSDT,15m,TEST,MOM,0.2,1,6.202912699690724e-05,-0.0012379708730030925,1481,-1.8334348629175798
ETHUSDT,15m,TEST,CONTRA,0.2,1,-6.202912699690724e-05,-0.0013620291269969068,1481,-2.017165137082419
ETHUSDT,15m,TEST,MOM,0.2,2,0.000180042246009272,-0.0011199577539907275,1481,-1.6586574336602675
ETHUSDT,15m,TEST,CONTRA,0.2,2,-0.000180042246009272,-0.0014800422460092718,1481,-2.1919425663397316
ETHUSDT,15m,TEST,MOM,0.2,3,0.00030080037089111534,-0.0009991996291088842,1481,-1.4798146507102576
ETHUSDT,15m,TEST,CONTRA,0.2,3,-0.00030080037089111534,-0.001600800370891115,1481,-2.3707853492897413
ETHUSDT,15m,TEST,MOM,0.2,6,0.00031596559174083345,-0.000984034408259166,1479,-1.4553868898153066
ETHUSDT,15m,TEST,CONTRA,0.2,6,-0.00031596559174083345,-0.0016159655917408332,1479,-2.390013110184692
ETHUSDT,15m,TEST,MOM,0.2,12,0.0003036079689477813,-0.0009963920310522183,1478,-1.4726674218951787
ETHUSDT,15m,TEST,CONTRA,0.2,12,-0.0003036079689477813,-0.0016036079689477807,1478,-2.37013257810482
ETHUSDT,15m,TEST,MOM,0.3,1,-2.314751305353195e-05,-0.0013231475130535317,443,-0.5861543482827145
ETHUSDT,15m,TEST,CONTRA,0.3,1,2.314751305353195e-05,-0.0012768524869464677,443,-0.5656456517172852
ETHUSDT,15m,TEST,MOM,0.3,2,-1.987532099168447e-05,-0.001319875320991684,443,-0.5847047671993161
ETHUSDT,15m,TEST,CONTRA,0.3,2,1.987532099168447e-05,-0.001280124679008315,443,-0.5670952328006835
ETHUSDT,15m,TEST,MOM,0.3,3,1.953978307456726e-06,-0.001298046021692543,443,-0.5750343876097965
ETHUSDT,15m,TEST,CONTRA,0.3,3,-1.953978307456726e-06,-0.0013019539783074563,443,-0.5767656123902032
ETHUSDT,15m,TEST,MOM,0.3,6,-5.83472984031404e-05,-0.00135834729840314,443,-0.601747853192591
ETHUSDT,15m,TEST,CONTRA,0.3,6,5.83472984031404e-05,-0.0012416527015968594,443,-0.5500521468074087
ETHUSDT,15m,TEST,MOM,0.3,12,7.404458832641728e-06,-0.001292595541167358,443,-0.5726198247371396
ETHUSDT,15m,TEST,CONTRA,0.3,12,-7.404458832641728e-06,-0.0013074044588326414,443,-0.5791801752628601
ETHUSDT,15m,TEST,MOM,0.4,1,1.7354734671624677e-05,-0.0012826452653283747,103,-0.1321124623288226
ETHUSDT,15m,TEST,CONTRA,0.4,1,-1.7354734671624677e-05,-0.001317354734671624,103,-0.13568753767117728
ETHUSDT,15m,TEST,MOM,0.4,2,5.541820337029112e-05,-0.0012445817966297082,103,-0.12819192505285995
ETHUSDT,15m,TEST,CONTRA,0.4,2,-5.541820337029112e-05,-0.0013554182033702904,103,-0.13960807494713992
ETHUSDT,15m,TEST,MOM,0.4,3,-0.00010211002291699832,-0.0014021100229169978,103,-0.14441733236045076
ETHUSDT,15m,TEST,CONTRA,0.4,3,0.00010211002291699832,-0.0011978899770830008,103,-0.12338266763954908
ETHUSDT,15m,TEST,MOM,0.4,6,-0.00019223396021403948,-0.0014922339602140389,103,-0.153700097902046
ETHUSDT,15m,TEST,CONTRA,0.4,6,0.00019223396021403948,-0.00110776603978596,103,-0.11409990209795387
ETHUSDT,15m,TEST,MOM,0.4,12,0.00022983432535900883,-0.0010701656746409903,103,-0.11022706448802201
ETHUSDT,15m,TEST,CONTRA,0.4,12,-0.00022983432535900883,-0.0015298343253590083,103,-0.15757293551197785
ETHUSDT,15m,TEST,MOM,0.5,1,9.203914598111663e-05,-0.0012079608540188833,18,-0.021743295372339898
ETHUSDT,15m,TEST,CONTRA,0.5,1,-9.203914598111663e-05,-0.0013920391459811164,18,-0.025056704627660097
ETHUSDT,15m,TEST,MOM,0.5,2,0.0001079871263381444,-0.0011920128736618554,18,-0.021456231725913398
ETHUSDT,15m,TEST,CONTRA,0.5,2,-0.0001079871263381444,-0.0014079871263381442,18,-0.025343768274086596
ETHUSDT,15m,TEST,MOM,0.5,3,-0.00010691447380655688,-0.0014069144738065567,18,-0.02532446052851802
ETHUSDT,15m,TEST,CONTRA,0.5,3,0.00010691447380655688,-0.001193085526193443,18,-0.021475539471481973
ETHUSDT,15m,TEST,MOM,0.5,6,-4.881581010485192e-05,-0.0013488158101048519,18,-0.024278684581887332
ETHUSDT,15m,TEST,CONTRA,0.5,6,4.881581010485192e-05,-0.001251184189895148,18,-0.022521315418112663
ETHUSDT,15m,TEST,MOM,0.5,12,-0.00040295822242039956,-0.0017029582224203994,18,-0.03065324800356719
ETHUSDT,15m,TEST,CONTRA,0.5,12,0.00040295822242039956,-0.0008970417775796003,18,-0.016146751996432805
ETHUSDT,15m,HOLDOUT,MOM,0.1,1,-3.3753674591771116e-05,-0.0013337536745917707,1710,-2.280718783551928
ETHUSDT,15m,HOLDOUT,CONTRA,0.1,1,3.3753674591771116e-05,-0.0012662463254082283,1710,-2.1652812164480704
ETHUSDT,15m,HOLDOUT,MOM,0.1,2,-0.00013405334707391027,-0.00143405334707391,1710,-2.452231223496386
ETHUSDT,15m,HOLDOUT,CONTRA,0.1,2,0.00013405334707391027,-0.0011659466529260892,1710,-1.9937687765036127
ETHUSDT,15m,HOLDOUT,MOM,0.1,3,-0.000187191301246682,-0.0014871913012466818,1710,-2.5430971251318257
ETHUSDT,15m,HOLDOUT,CONTRA,0.1,3,0.000187191301246682,-0.0011128086987533176,1710,-1.902902874868173
ETHUSDT,15m,HOLDOUT,MOM,0.1,6,-0.0002890545323397325,-0.0015890545323397323,1708,-2.7141051412362627
ETHUSDT,15m,HOLDOUT,CONTRA,0.1,6,0.0002890545323397325,-0.0010109454676602671,1708,-1.7266948587637363
ETHUSDT,15m,HOLDOUT,MOM,0.1,12,-8.177266699776167e-05,-0.0013817726669977616,1705,-2.3559223972311836
ETHUSDT,15m,HOLDOUT,CONTRA,0.1,12,8.177266699776167e-05,-0.001218227333002238,1705,-2.077077602768816
ETHUSDT,15m,HOLDOUT,MOM,0.2,1,-0.00014716704208570433,-0.0014471670420857037,736,-1.065114942975078
ETHUSDT,15m,HOLDOUT,CONTRA,0.2,1,0.00014716704208570433,-0.0011528329579142955,736,-0.8484850570249215
ETHUSDT,15m,HOLDOUT,MOM,0.2,2,-0.00022613943472017613,-0.001526139434720176,736,-1.1232386239540495
ETHUSDT,15m,HOLDOUT,CONTRA,0.2,2,0.00022613943472017613,-0.0010738605652798234,736,-0.79036137604595
ETHUSDT,15m,HOLDOUT,MOM,0.2,3,-0.00027791370282796864,-0.0015779137028279684,736,-1.1613444852813848
ETHUSDT,15m,HOLDOUT,CONTRA,0.2,3,0.00027791370282796864,-0.001022086297172031,736,-0.7522555147186148
ETHUSDT,15m,HOLDOUT,MOM,0.2,6,-0.00022393455909915634,-0.0015239345590991559,735,-1.1200919009378796
ETHUSDT,15m,HOLDOUT,CONTRA,0.2,6,0.00022393455909915634,-0.0010760654409008431,735,-0.7909080990621198
ETHUSDT,15m,HOLDOUT,MOM,0.2,12,0.00012702740079131955,-0.00117297259920868,734,-0.8609618878191712
ETHUSDT,15m,HOLDOUT,CONTRA,0.2,12,-0.00012702740079131955,-0.0014270274007913192,734,-1.0474381121808283
ETHUSDT,15m,HOLDOUT,MOM,0.3,1,-0.0003178206935574185,-0.0016178206935574182,217,-0.3510670905019597
ETHUSDT,15m,HOLDOUT,CONTRA,0.3,1,0.0003178206935574185,-0.000982179306442581,217,-0.2131329094980401
ETHUSDT,15m,HOLDOUT,MOM,0.3,2,-0.00043769936282293174,-0.0017376993628229313,217,-0.3770807617325761
ETHUSDT,15m,HOLDOUT,CONTRA,0.3,2,0.00043769936282293174,-0.0008623006371770678,217,-0.18711923826742372
ETHUSDT,15m,HOLDOUT,MOM,0.3,3,-0.00043015208533026135,-0.0017301520853302609,217,-0.3754430025166666
ETHUSDT,15m,HOLDOUT,CONTRA,0.3,3,0.00043015208533026135,-0.0008698479146697382,217,-0.1887569974833332
ETHUSDT,15m,HOLDOUT,MOM,0.3,6,-0.0005607688345493275,-0.0018607688345493273,217,-0.40378683709720403
ETHUSDT,15m,HOLDOUT,CONTRA,0.3,6,0.0005607688345493275,-0.000739231165450672,217,-0.1604131629027958
ETHUSDT,15m,HOLDOUT,MOM,0.3,12,-0.0009064104381535924,-0.0022064104381535918,217,-0.47879106507932945
ETHUSDT,15m,HOLDOUT,CONTRA,0.3,12,0.0009064104381535924,-0.00039358956184640714,217,-0.08540893492067035
ETHUSDT,15m,HOLDOUT,MOM,0.4,1,-0.00019794678538003318,-0.0014979467853800327,61,-0.09137475390818199
ETHUSDT,15m,HOLDOUT,CONTRA,0.4,1,0.00019794678538003318,-0.0011020532146199665,61,-0.06722524609181796
ETHUSDT,15m,HOLDOUT,MOM,0.4,2,-0.0005262718640389231,-0.0018262718640389224,61,-0.11140258370637426
ETHUSDT,15m,HOLDOUT,CONTRA,0.4,2,0.0005262718640389231,-0.000773728135961077,61,-0.0471974162936257
ETHUSDT,15m,HOLDOUT,MOM,0.4,3,-0.0005604614534275781,-0.0018604614534275773,61,-0.11348814865908222
ETHUSDT,15m,HOLDOUT,CONTRA,0.4,3,0.0005604614534275781,-0.000739538546572422,61,-0.04511185134091774
ETHUSDT,15m,HOLDOUT,MOM,0.4,6,-0.0009576684138283158,-0.002257668413828315,61,-0.13771777324352721
ETHUSDT,15m,HOLDOUT,CONTRA,0.4,6,0.0009576684138283158,-0.0003423315861716841,61,-0.02088222675647273
ETHUSDT,15m,HOLDOUT,MOM,0.4,12,-0.0009636119910239414,-0.0022636119910239404,61,-0.13808033145246038
ETHUSDT,15m,HOLDOUT,CONTRA,0.4,12,0.0009636119910239414,-0.0003363880089760582,61,-0.02051966854753955
ETHUSDT,15m,HOLDOUT,MOM,0.5,1,-0.00012253307694951788,-0.0014225330769495176,11,-0.015647863846444694
ETHUSDT,15m,HOLDOUT,CONTRA,0.5,1,0.00012253307694951788,-0.0011774669230504818,11,-0.0129521361535553
ETHUSDT,15m,HOLDOUT,MOM,0.5,2,-0.00017344374798036996,-0.0014734437479803698,11,-0.016207881227784066
ETHUSDT,15m,HOLDOUT,CONTRA,0.5,2,0.00017344374798036996,-0.0011265562520196297,11,-0.012392118772215927
ETHUSDT,15m,HOLDOUT,MOM,0.5,3,0.00016505719355896056,-0.001134942806441039,11,-0.01248437087085143
ETHUSDT,15m,HOLDOUT,CONTRA,0.5,3,-0.00016505719355896056,-0.0014650571935589602,11,-0.016115629129148563
ETHUSDT,15m,HOLDOUT,MOM,0.5,6,0.00017258084090810875,-0.0011274191590918909,11,-0.0124016107500108
ETHUSDT,15m,HOLDOUT,CONTRA,0.5,6,-0.00017258084090810875,-0.0014725808409081084,11,-0.016198389249989193
ETHUSDT,15m,HOLDOUT,MOM,0.5,12,0.000142371084222891,-0.0011576289157771086,11,-0.012733918073548196
ETHUSDT,15m,HOLDOUT,CONTRA,0.5,12,-0.000142371084222891,-0.0014423710842228904,11,-0.015866081926451794
ETHUSDT,15m,TRAIN,MOM,0.1,1,-0.00011081892010064248,-0.001410818920100642,4631,-6.533502418986074
ETHUSDT,15m,TRAIN,CONTRA,0.1,1,0.00011081892010064248,-0.0011891810798993572,4631,-5.507097581013923
ETHUSDT,15m,TRAIN,MOM,0.1,2,-0.00010946846768329777,-0.0014094684676832973,4631,-6.52724847384135
ETHUSDT,15m,TRAIN,CONTRA,0.1,2,0.00010946846768329777,-0.0011905315323167019,4631,-5.5133515261586465
ETHUSDT,15m,TRAIN,MOM,0.1,3,-6.259259122805116e-05,-0.0013625925912280508,4630,-6.308803697385875
ETHUSDT,15m,TRAIN,CONTRA,0.1,3,6.259259122805116e-05,-0.0012374074087719486,4630,-5.729196302614122
ETHUSDT,15m,TRAIN,MOM,0.1,6,7.489358034565467e-06,-0.001292510641965434,4628,-5.9817392510160285
ETHUSDT,15m,TRAIN,CONTRA,0.1,6,-7.489358034565467e-06,-0.0013074893580345653,4628,-6.051060748983968
ETHUSDT,15m,TRAIN,MOM,0.1,12,-8.604440124842009e-05,-0.0013860444012484196,4626,-6.411841400175189
ETHUSDT,15m,TRAIN,CONTRA,0.1,12,8.604440124842009e-05,-0.0012139555987515794,4626,-5.615758599824806
ETHUSDT,15m,TRAIN,MOM,0.2,1,-1.425057795159209e-06,-0.0013014250577951586,1797,-2.3386608288579
ETHUSDT,15m,TRAIN,CONTRA,0.2,1,1.425057795159209e-06,-0.0012985749422048404,1797,-2.3335391711420983
ETHUSDT,15m,TRAIN,MOM,0.2,2,1.6097742115406618e-05,-0.0012839022578845928,1797,-2.3071723574186134
ETHUSDT,15m,TRAIN,CONTRA,0.2,2,-1.6097742115406618e-05,-0.0013160977421154062,1797,-2.365027642581385
ETHUSDT,15m,TRAIN,MOM,0.2,3,0.00013100214970424473,-0.001168997850295755,1797,-2.1006891369814715
ETHUSDT,15m,TRAIN,CONTRA,0.2,3,-0.00013100214970424473,-0.0014310021497042445,1797,-2.5715108630185273
ETHUSDT,15m,TRAIN,MOM,0.2,6,0.00014118093645116246,-0.0011588190635488372,1795,-2.0800802190701626
ETHUSDT,15m,TRAIN,CONTRA,0.2,6,-0.00014118093645116246,-0.001441180936451162,1795,-2.586919780929836
ETHUSDT,15m,TRAIN,MOM,0.2,12,0.00011256044316452775,-0.0011874395568354718,1795,-2.131454004519672
ETHUSDT,15m,TRAIN,CONTRA,0.2,12,-0.00011256044316452775,-0.0014125604431645274,1795,-2.5355459954803266
ETHUSDT,15m,TRAIN,MOM,0.3,1,-7.707888141903129e-05,-0.0013770788814190308,474,-0.6527353897926206
ETHUSDT,15m,TRAIN,CONTRA,0.3,1,7.707888141903129e-05,-0.0012229211185809685,474,-0.579664610207379
ETHUSDT,15m,TRAIN,MOM,0.3,2,0.0002096159965394174,-0.001090384003460582,474,-0.5168420176403159
ETHUSDT,15m,TRAIN,CONTRA,0.3,2,-0.0002096159965394174,-0.0015096159965394174,474,-0.7155579823596838
ETHUSDT,15m,TRAIN,MOM,0.3,3,0.00016652022840771052,-0.0011334797715922891,474,-0.5372694117347451
ETHUSDT,15m,TRAIN,CONTRA,0.3,3,-0.00016652022840771052,-0.00146652022840771,474,-0.6951305882652545
ETHUSDT,15m,TRAIN,MOM,0.3,6,0.00046703179374072936,-0.0008329682062592701,474,-0.39482692976689404
ETHUSDT,15m,TRAIN,CONTRA,0.3,6,-0.00046703179374072936,-0.0017670317937407292,474,-0.8375730702331057
ETHUSDT,15m,TRAIN,MOM,0.3,12,0.0004859882429999509,-0.0008140117570000485,474,-0.385841572818023
ETHUSDT,15m,TRAIN,CONTRA,0.3,12,-0.0004859882429999509,-0.0017859882429999507,474,-0.8465584271819766
ETHUSDT,15m,TRAIN,MOM,0.4,1,-0.0001350957898115395,-0.0014350957898115388,104,-0.14924996214040004
ETHUSDT,15m,TRAIN,CONTRA,0.4,1,0.0001350957898115395,-0.0011649042101884602,104,-0.12115003785959985
ETHUSDT,15m,TRAIN,MOM,0.4,2,-0.00011691087513181316,-0.0014169108751318125,104,-0.1473587310137085
ETHUSDT,15m,TRAIN,CONTRA,0.4,2,0.00011691087513181316,-0.0011830891248681866,104,-0.12304126898629139
ETHUSDT,15m,TRAIN,MOM,0.4,3,-9.62402104430696e-05,-0.001396240210443069,104,-0.14520898188607917
ETHUSDT,15m,TRAIN,CONTRA,0.4,3,9.62402104430696e-05,-0.00120375978955693,104,-0.12519101811392072
ETHUSDT,15m,TRAIN,MOM,0.4,6,-0.00024431430085587415,-0.0015443143008558734,104,-0.16060868728901084
ETHUSDT,15m,TRAIN,CONTRA,0.4,6,0.00024431430085587415,-0.0010556856991441256,104,-0.10979131271098906
ETHUSDT,15m,TRAIN,MOM,0.4,12,0.00045132832930482145,-0.0008486716706951782,104,-0.08826185375229853
ETHUSDT,15m,TRAIN,CONTRA,0.4,12,-0.00045132832930482145,-0.0017513283293048214,104,-0.18213814624770142
ETHUSDT,15m,TRAIN,MOM,0.5,1,0.00016063641092679056,-0.0011393635890732093,18,-0.020508544603317767
ETHUSDT,15m,TRAIN,CONTRA,0.5,1,-0.00016063641092679056,-0.0014606364109267904,18,-0.026291455396682227
ETHUSDT,15m,TRAIN,MOM,0.5,2,0.0003365278297276015,-0.0009634721702723983,18,-0.01734249906490317
ETHUSDT,15m,TRAIN,CONTRA,0.5,2,-0.0003365278297276015,-0.0016365278297276013,18,-0.029457500935096824
ETHUSDT,15m,TRAIN,MOM,0.5,3,0.00043608539492596813,-0.0008639146050740317,18,-0.015550462891332571
ETHUSDT,15m,TRAIN,CONTRA,0.5,3,-0.00043608539492596813,-0.0017360853949259679,18,-0.031249537108667423
ETHUSDT,15m,TRAIN,MOM,0.5,6,0.0019861523544923063,0.0006861523544923065,18,0.012350742380861517
ETHUSDT,15m,TRAIN,CONTRA,0.5,6,-0.0019861523544923063,-0.0032861523544923063,18,-0.059150742380861515
ETHUSDT,15m,TRAIN,MOM,0.5,12,0.00026344717428696446,-0.0010365528257130349,18,-0.01865795086283463
ETHUSDT,15m,TRAIN,CONTRA,0.5,12,-0.00026344717428696446,-0.001563447174286964,18,-0.02814204913716535
ETHUSDT,15m,TEST,MOM,0.1,1,2.885834006365182e-05,-0.0012711416599363477,3462,-4.400692426699636
ETHUSDT,15m,TEST,CONTRA,0.1,1,-2.885834006365182e-05,-0.0013288583400636515,3462,-4.600507573300361
ETHUSDT,15m,TEST,MOM,0.1,2,9.095831000372404e-05,-0.0012090416899962755,3461,-4.18449328907711
ETHUSDT,15m,TEST,CONTRA,0.1,2,-9.095831000372404e-05,-0.0013909583100037235,3461,-4.8141067109228874
ETHUSDT,15m,TEST,MOM,0.1,3,0.00011880106309619768,-0.001181198936903802,3460,-4.086948321687155
ETHUSDT,15m,TEST,CONTRA,0.1,3,-0.00011880106309619768,-0.0014188010630961975,3460,-4.909051678312843
ETHUSDT,15m,TEST,MOM,0.1,6,0.00012791294598320205,-0.0011720870540167976,3457,-4.051904945736069
ETHUSDT,15m,TEST,CONTRA,0.1,6,-0.00012791294598320205,-0.0014279129459832016,3457,-4.936295054263928
ETHUSDT,15m,TEST,MOM,0.1,12,5.943438216144437e-05,-0.0012405656178385554,3452,-4.282432512778693
ETHUSDT,15m,TEST,CONTRA,0.1,12,-5.943438216144437e-05,-0.001359434382161444,3452,-4.692767487221305
ETHUSDT,15m,TEST,MOM,0.2,1,6.202912699690724e-05,-0.0012379708730030925,1481,-1.8334348629175798
ETHUSDT,15m,TEST,CONTRA,0.2,1,-6.202912699690724e-05,-0.0013620291269969068,1481,-2.017165137082419
ETHUSDT,15m,TEST,MOM,0.2,2,0.000180042246009272,-0.0011199577539907275,1481,-1.6586574336602675
ETHUSDT,15m,TEST,CONTRA,0.2,2,-0.000180042246009272,-0.0014800422460092718,1481,-2.1919425663397316
ETHUSDT,15m,TEST,MOM,0.2,3,0.00030080037089111534,-0.0009991996291088842,1481,-1.4798146507102576
ETHUSDT,15m,TEST,CONTRA,0.2,3,-0.00030080037089111534,-0.001600800370891115,1481,-2.3707853492897413
ETHUSDT,15m,TEST,MOM,0.2,6,0.00031596559174083345,-0.000984034408259166,1479,-1.4553868898153066
ETHUSDT,15m,TEST,CONTRA,0.2,6,-0.00031596559174083345,-0.0016159655917408332,1479,-2.390013110184692
ETHUSDT,15m,TEST,MOM,0.2,12,0.0003036079689477813,-0.0009963920310522183,1478,-1.4726674218951787
ETHUSDT,15m,TEST,CONTRA,0.2,12,-0.0003036079689477813,-0.0016036079689477807,1478,-2.37013257810482
ETHUSDT,15m,TEST,MOM,0.3,1,-2.314751305353195e-05,-0.0013231475130535317,443,-0.5861543482827145
ETHUSDT,15m,TEST,CONTRA,0.3,1,2.314751305353195e-05,-0.0012768524869464677,443,-0.5656456517172852
ETHUSDT,15m,TEST,MOM,0.3,2,-1.987532099168447e-05,-0.001319875320991684,443,-0.5847047671993161
ETHUSDT,15m,TEST,CONTRA,0.3,2,1.987532099168447e-05,-0.001280124679008315,443,-0.5670952328006835
ETHUSDT,15m,TEST,MOM,0.3,3,1.953978307456726e-06,-0.001298046021692543,443,-0.5750343876097965
ETHUSDT,15m,TEST,CONTRA,0.3,3,-1.953978307456726e-06,-0.0013019539783074563,443,-0.5767656123902032
ETHUSDT,15m,TEST,MOM,0.3,6,-5.83472984031404e-05,-0.00135834729840314,443,-0.601747853192591
ETHUSDT,15m,TEST,CONTRA,0.3,6,5.83472984031404e-05,-0.0012416527015968594,443,-0.5500521468074087
ETHUSDT,15m,TEST,MOM,0.3,12,7.404458832641728e-06,-0.001292595541167358,443,-0.5726198247371396
ETHUSDT,15m,TEST,CONTRA,0.3,12,-7.404458832641728e-06,-0.0013074044588326414,443,-0.5791801752628601
ETHUSDT,15m,TEST,MOM,0.4,1,1.7354734671624677e-05,-0.0012826452653283747,103,-0.1321124623288226
ETHUSDT,15m,TEST,CONTRA,0.4,1,-1.7354734671624677e-05,-0.001317354734671624,103,-0.13568753767117728
ETHUSDT,15m,TEST,MOM,0.4,2,5.541820337029112e-05,-0.0012445817966297082,103,-0.12819192505285995
ETHUSDT,15m,TEST,CONTRA,0.4,2,-5.541820337029112e-05,-0.0013554182033702904,103,-0.13960807494713992
ETHUSDT,15m,TEST,MOM,0.4,3,-0.00010211002291699832,-0.0014021100229169978,103,-0.14441733236045076
ETHUSDT,15m,TEST,CONTRA,0.4,3,0.00010211002291699832,-0.0011978899770830008,103,-0.12338266763954908
ETHUSDT,15m,TEST,MOM,0.4,6,-0.00019223396021403948,-0.0014922339602140389,103,-0.153700097902046
ETHUSDT,15m,TEST,CONTRA,0.4,6,0.00019223396021403948,-0.00110776603978596,103,-0.11409990209795387
ETHUSDT,15m,TEST,MOM,0.4,12,0.00022983432535900883,-0.0010701656746409903,103,-0.11022706448802201
ETHUSDT,15m,TEST,CONTRA,0.4,12,-0.00022983432535900883,-0.0015298343253590083,103,-0.15757293551197785
ETHUSDT,15m,TEST,MOM,0.5,1,9.203914598111663e-05,-0.0012079608540188833,18,-0.021743295372339898
ETHUSDT,15m,TEST,CONTRA,0.5,1,-9.203914598111663e-05,-0.0013920391459811164,18,-0.025056704627660097
ETHUSDT,15m,TEST,MOM,0.5,2,0.0001079871263381444,-0.0011920128736618554,18,-0.021456231725913398
ETHUSDT,15m,TEST,CONTRA,0.5,2,-0.0001079871263381444,-0.0014079871263381442,18,-0.025343768274086596
ETHUSDT,15m,TEST,MOM,0.5,3,-0.00010691447380655688,-0.0014069144738065567,18,-0.02532446052851802
ETHUSDT,15m,TEST,CONTRA,0.5,3,0.00010691447380655688,-0.001193085526193443,18,-0.021475539471481973
ETHUSDT,15m,TEST,MOM,0.5,6,-4.881581010485192e-05,-0.0013488158101048519,18,-0.024278684581887332
ETHUSDT,15m,TEST,CONTRA,0.5,6,4.881581010485192e-05,-0.001251184189895148,18,-0.022521315418112663
ETHUSDT,15m,TEST,MOM,0.5,12,-0.00040295822242039956,-0.0017029582224203994,18,-0.03065324800356719
ETHUSDT,15m,TEST,CONTRA,0.5,12,0.00040295822242039956,-0.0008970417775796003,18,-0.016146751996432805
ETHUSDT,15m,HOLDOUT,MOM,0.1,1,-3.3753674591771116e-05,-0.0013337536745917707,1710,-2.280718783551928
ETHUSDT,15m,HOLDOUT,CONTRA,0.1,1,3.3753674591771116e-05,-0.0012662463254082283,1710,-2.1652812164480704
ETHUSDT,15m,HOLDOUT,MOM,0.1,2,-0.00013405334707391027,-0.00143405334707391,1710,-2.452231223496386
ETHUSDT,15m,HOLDOUT,CONTRA,0.1,2,0.00013405334707391027,-0.0011659466529260892,1710,-1.9937687765036127
ETHUSDT,15m,HOLDOUT,MOM,0.1,3,-0.000187191301246682,-0.0014871913012466818,1710,-2.5430971251318257
ETHUSDT,15m,HOLDOUT,CONTRA,0.1,3,0.000187191301246682,-0.0011128086987533176,1710,-1.902902874868173
ETHUSDT,15m,HOLDOUT,MOM,0.1,6,-0.0002890545323397325,-0.0015890545323397323,1708,-2.7141051412362627
ETHUSDT,15m,HOLDOUT,CONTRA,0.1,6,0.0002890545323397325,-0.0010109454676602671,1708,-1.7266948587637363
ETHUSDT,15m,HOLDOUT,MOM,0.1,12,-8.177266699776167e-05,-0.0013817726669977616,1705,-2.3559223972311836
ETHUSDT,15m,HOLDOUT,CONTRA,0.1,12,8.177266699776167e-05,-0.001218227333002238,1705,-2.077077602768816
ETHUSDT,15m,HOLDOUT,MOM,0.2,1,-0.00014716704208570433,-0.0014471670420857037,736,-1.065114942975078
ETHUSDT,15m,HOLDOUT,CONTRA,0.2,1,0.00014716704208570433,-0.0011528329579142955,736,-0.8484850570249215
ETHUSDT,15m,HOLDOUT,MOM,0.2,2,-0.00022613943472017613,-0.001526139434720176,736,-1.1232386239540495
ETHUSDT,15m,HOLDOUT,CONTRA,0.2,2,0.00022613943472017613,-0.0010738605652798234,736,-0.79036137604595
ETHUSDT,15m,HOLDOUT,MOM,0.2,3,-0.00027791370282796864,-0.0015779137028279684,736,-1.1613444852813848
ETHUSDT,15m,HOLDOUT,CONTRA,0.2,3,0.00027791370282796864,-0.001022086297172031,736,-0.7522555147186148
ETHUSDT,15m,HOLDOUT,MOM,0.2,6,-0.00022393455909915634,-0.0015239345590991559,735,-1.1200919009378796
ETHUSDT,15m,HOLDOUT,CONTRA,0.2,6,0.00022393455909915634,-0.0010760654409008431,735,-0.7909080990621198
ETHUSDT,15m,HOLDOUT,MOM,0.2,12,0.00012702740079131955,-0.00117297259920868,734,-0.8609618878191712
ETHUSDT,15m,HOLDOUT,CONTRA,0.2,12,-0.00012702740079131955,-0.0014270274007913192,734,-1.0474381121808283
ETHUSDT,15m,HOLDOUT,MOM,0.3,1,-0.0003178206935574185,-0.0016178206935574182,217,-0.3510670905019597
ETHUSDT,15m,HOLDOUT,CONTRA,0.3,1,0.0003178206935574185,-0.000982179306442581,217,-0.2131329094980401
ETHUSDT,15m,HOLDOUT,MOM,0.3,2,-0.00043769936282293174,-0.0017376993628229313,217,-0.3770807617325761
ETHUSDT,15m,HOLDOUT,CONTRA,0.3,2,0.00043769936282293174,-0.0008623006371770678,217,-0.18711923826742372
ETHUSDT,15m,HOLDOUT,MOM,0.3,3,-0.00043015208533026135,-0.0017301520853302609,217,-0.3754430025166666
ETHUSDT,15m,HOLDOUT,CONTRA,0.3,3,0.00043015208533026135,-0.0008698479146697382,217,-0.1887569974833332
ETHUSDT,15m,HOLDOUT,MOM,0.3,6,-0.0005607688345493275,-0.0018607688345493273,217,-0.40378683709720403
ETHUSDT,15m,HOLDOUT,CONTRA,0.3,6,0.0005607688345493275,-0.000739231165450672,217,-0.1604131629027958
ETHUSDT,15m,HOLDOUT,MOM,0.3,12,-0.0009064104381535924,-0.0022064104381535918,217,-0.47879106507932945
ETHUSDT,15m,HOLDOUT,CONTRA,0.3,12,0.0009064104381535924,-0.00039358956184640714,217,-0.08540893492067035
ETHUSDT,15m,HOLDOUT,MOM,0.4,1,-0.00019794678538003318,-0.0014979467853800327,61,-0.09137475390818199
ETHUSDT,15m,HOLDOUT,CONTRA,0.4,1,0.00019794678538003318,-0.0011020532146199665,61,-0.06722524609181796
ETHUSDT,15m,HOLDOUT,MOM,0.4,2,-0.0005262718640389231,-0.0018262718640389224,61,-0.11140258370637426
ETHUSDT,15m,HOLDOUT,CONTRA,0.4,2,0.0005262718640389231,-0.000773728135961077,61,-0.0471974162936257
ETHUSDT,15m,HOLDOUT,MOM,0.4,3,-0.0005604614534275781,-0.0018604614534275773,61,-0.11348814865908222
ETHUSDT,15m,HOLDOUT,CONTRA,0.4,3,0.0005604614534275781,-0.000739538546572422,61,-0.04511185134091774
ETHUSDT,15m,HOLDOUT,MOM,0.4,6,-0.0009576684138283158,-0.002257668413828315,61,-0.13771777324352721
ETHUSDT,15m,HOLDOUT,CONTRA,0.4,6,0.0009576684138283158,-0.0003423315861716841,61,-0.02088222675647273
ETHUSDT,15m,HOLDOUT,MOM,0.4,12,-0.0009636119910239414,-0.0022636119910239404,61,-0.13808033145246038
ETHUSDT,15m,HOLDOUT,CONTRA,0.4,12,0.0009636119910239414,-0.0003363880089760582,61,-0.02051966854753955
ETHUSDT,15m,HOLDOUT,MOM,0.5,1,-0.00012253307694951788,-0.0014225330769495176,11,-0.015647863846444694
ETHUSDT,15m,HOLDOUT,CONTRA,0.5,1,0.00012253307694951788,-0.0011774669230504818,11,-0.0129521361535553
ETHUSDT,15m,HOLDOUT,MOM,0.5,2,-0.00017344374798036996,-0.0014734437479803698,11,-0.016207881227784066
ETHUSDT,15m,HOLDOUT,CONTRA,0.5,2,0.00017344374798036996,-0.0011265562520196297,11,-0.012392118772215927
ETHUSDT,15m,HOLDOUT,MOM,0.5,3,0.00016505719355896056,-0.001134942806441039,11,-0.01248437087085143
ETHUSDT,15m,HOLDOUT,CONTRA,0.5,3,-0.00016505719355896056,-0.0014650571935589602,11,-0.016115629129148563
ETHUSDT,15m,HOLDOUT,MOM,0.5,6,0.00017258084090810875,-0.0011274191590918909,11,-0.0124016107500108
ETHUSDT,15m,HOLDOUT,CONTRA,0.5,6,-0.00017258084090810875,-0.0014725808409081084,11,-0.016198389249989193
ETHUSDT,15m,HOLDOUT,MOM,0.5,12,0.000142371084222891,-0.0011576289157771086,11,-0.012733918073548196
ETHUSDT,15m,HOLDOUT,CONTRA,0.5,12,-0.000142371084222891,-0.0014423710842228904,11,-0.015866081926451794
SOLUSDT,5m,TRAIN,MOM,0.1,1,-3.9852338329566954e-07,-0.001600398523383296,18168,-29.07604037282772
SOLUSDT,5m,TRAIN,CONTRA,0.1,1,3.9852338329566954e-07,-0.0015996014766167046,18168,-29.06155962717229
SOLUSDT,5m,TRAIN,MOM,0.1,2,-6.587357567165806e-06,-0.001606587357567166,18167,-29.186872524922705
SOLUSDT,5m,TRAIN,CONTRA,0.1,2,6.587357567165806e-06,-0.0015934126424328348,18167,-28.947527475077308
SOLUSDT,5m,TRAIN,MOM,0.1,3,-1.654021017455978e-05,-0.0016165402101745597,18166,-29.366069458031053
SOLUSDT,5m,TRAIN,CONTRA,0.1,3,1.654021017455978e-05,-0.0015834597898254405,18166,-28.76513054196895
SOLUSDT,5m,TRAIN,MOM,0.1,6,-1.4986923635031878e-06,-0.0016014986923635031,18165,-29.091223746783037
SOLUSDT,5m,TRAIN,CONTRA,0.1,6,1.4986923635031878e-06,-0.001598501307636497,18165,-29.036776253216967
SOLUSDT,5m,TRAIN,MOM,0.1,12,-2.917995002084827e-05,-0.0016291799500208486,18159,-29.58427871242859
SOLUSDT,5m,TRAIN,CONTRA,0.1,12,2.917995002084827e-05,-0.0015708200499791518,18159,-28.524521287571417
SOLUSDT,5m,TRAIN,MOM,0.2,1,-1.896715258943485e-05,-0.0016189671525894352,11491,-18.6035515504052
SOLUSDT,5m,TRAIN,CONTRA,0.2,1,1.896715258943485e-05,-0.0015810328474105653,11491,-18.167648449594807
SOLUSDT,5m,TRAIN,MOM,0.2,2,-2.7684796422259062e-05,-0.0016276847964222592,11491,-18.70372599568818
SOLUSDT,5m,TRAIN,CONTRA,0.2,2,2.7684796422259062e-05,-0.0015723152035777414,11491,-18.067474004311826
SOLUSDT,5m,TRAIN,MOM,0.2,3,-4.1652954328328615e-05,-0.0016416529543283288,11490,-18.862592445232497
SOLUSDT,5m,TRAIN,CONTRA,0.2,3,4.1652954328328615e-05,-0.0015583470456716716,11490,-17.905407554767507
SOLUSDT,5m,TRAIN,MOM,0.2,6,-4.084503246318264e-05,-0.0016408450324631827,11489,-18.851668577969505
SOLUSDT,5m,TRAIN,CONTRA,0.2,6,4.084503246318264e-05,-0.0015591549675368175,11489,-17.913131422030496
SOLUSDT,5m,TRAIN,MOM,0.2,12,-5.6847067273717304e-05,-0.0016568470672737176,11485,-19.028888567638646
SOLUSDT,5m,TRAIN,CONTRA,0.2,12,5.6847067273717304e-05,-0.0015431529327262826,11485,-17.723111432361357
SOLUSDT,5m,TRAIN,MOM,0.3,1,-5.2275226281911506e-05,-0.0016522752262819118,6302,-10.412638476028608
SOLUSDT,5m,TRAIN,CONTRA,0.3,1,5.2275226281911506e-05,-0.0015477247737180886,6302,-9.753761523971395
SOLUSDT,5m,TRAIN,MOM,0.3,2,-8.165399401902528e-05,-0.0016816539940190255,6302,-10.597783470307899
SOLUSDT,5m,TRAIN,CONTRA,0.3,2,8.165399401902528e-05,-0.001518346005980975,6302,-9.568616529692104
SOLUSDT,5m,TRAIN,MOM,0.3,3,-9.984912888611746e-05,-0.0016998491288861177,6302,-10.712449210240313
SOLUSDT,5m,TRAIN,CONTRA,0.3,3,9.984912888611746e-05,-0.0015001508711138829,6302,-9.45395078975969
SOLUSDT,5m,TRAIN,MOM,0.3,6,-7.830248387342693e-05,-0.001678302483873427,6302,-10.576662253370337
SOLUSDT,5m,TRAIN,CONTRA,0.3,6,7.830248387342693e-05,-0.0015216975161265731,6302,-9.589737746629664
SOLUSDT,5m,TRAIN,MOM,0.3,12,-7.970222734618661e-05,-0.001679702227346187,6298,-10.578764627826285
SOLUSDT,5m,TRAIN,CONTRA,0.3,12,7.970222734618661e-05,-0.0015202977726538139,6298,-9.57483537217372
SOLUSDT,5m,TRAIN,MOM,0.4,1,-4.349881458537531e-05,-0.001643498814585376,2809,-4.616588170170321
SOLUSDT,5m,TRAIN,CONTRA,0.4,1,4.349881458537531e-05,-0.0015565011854146253,2809,-4.372211829829682
SOLUSDT,5m,TRAIN,MOM,0.4,2,-4.942985210607949e-05,-0.0016494298521060797,2809,-4.633248454565978
SOLUSDT,5m,TRAIN,CONTRA,0.4,2,4.942985210607949e-05,-0.0015505701478939209,2809,-4.3555515454340235
SOLUSDT,5m,TRAIN,MOM,0.4,3,-0.00010098750271351917,-0.0017009875027135196,2809,-4.778073895122277
SOLUSDT,5m,TRAIN,CONTRA,0.4,3,0.00010098750271351917,-0.0014990124972864812,2809,-4.210726104877725
SOLUSDT,5m,TRAIN,MOM,0.4,6,-0.00013036198904241872,-0.001730361989042419,2809,-4.860586827220155
SOLUSDT,5m,TRAIN,CONTRA,0.4,6,0.00013036198904241872,-0.0014696380109575813,2809,-4.128213172779846
SOLUSDT,5m,TRAIN,MOM,0.4,12,-0.0001024878462362386,-0.0017024878462362388,2808,-4.780585872231359
SOLUSDT,5m,TRAIN,CONTRA,0.4,12,0.0001024878462362386,-0.0014975121537637614,2808,-4.205014127768642
SOLUSDT,5m,TRAIN,MOM,0.5,1,-4.772706191571179e-05,-0.001647727061915712,992,-1.6345452454203864
SOLUSDT,5m,TRAIN,CONTRA,0.5,1,4.772706191571179e-05,-0.0015522729380842888,992,-1.5398547545796144
SOLUSDT,5m,TRAIN,MOM,0.5,2,-6.071048766118529e-05,-0.0016607104876611854,992,-1.647424803759896
SOLUSDT,5m,TRAIN,CONTRA,0.5,2,6.071048766118529e-05,-0.0015392895123388151,992,-1.5269751962401046
SOLUSDT,5m,TRAIN,MOM,0.5,3,-0.00016313468298570185,-0.001763134682985702,992,-1.7490296055218164
SOLUSDT,5m,TRAIN,CONTRA,0.5,3,0.00016313468298570185,-0.0014368653170142983,992,-1.425370394478184
SOLUSDT,5m,TRAIN,MOM,0.5,6,-0.00023199877440592385,-0.0018319987744059242,992,-1.8173427842106769
SOLUSDT,5m,TRAIN,CONTRA,0.5,6,0.00023199877440592385,-0.0013680012255940764,992,-1.3570572157893237
SOLUSDT,5m,TRAIN,MOM,0.5,12,-0.00017539404599559565,-0.0017753940459955956,992,-1.7611908936276308
SOLUSDT,5m,TRAIN,CONTRA,0.5,12,0.00017539404599559565,-0.0014246059540044046,992,-1.4132091063723693
SOLUSDT,5m,TEST,MOM,0.1,1,1.082391342878081e-05,-0.0015891760865712195,12480,-19.83291756040882
SOLUSDT,5m,TEST,CONTRA,0.1,1,-1.082391342878081e-05,-0.0016108239134287811,12480,-20.103082439591187
SOLUSDT,5m,TEST,MOM,0.1,2,8.53908960332929e-07,-0.0015991460910396674,12479,-19.95574407008401
SOLUSDT,5m,TEST,CONTRA,0.1,2,-8.53908960332929e-07,-0.0016008539089603332,12479,-19.977055929916
SOLUSDT,5m,TEST,MOM,0.1,3,1.3492591860543718e-05,-0.0015865074081394565,12478,-19.79643943876414
SOLUSDT,5m,TEST,CONTRA,0.1,3,-1.3492591860543718e-05,-0.001613492591860544,12478,-20.13316056123587
SOLUSDT,5m,TEST,MOM,0.1,6,1.762448170815758e-05,-0.0015823755182918428,12477,-19.743299341727322
SOLUSDT,5m,TEST,CONTRA,0.1,6,-1.762448170815758e-05,-0.001617624481708158,12477,-20.183100658272686
SOLUSDT,5m,TEST,MOM,0.1,12,1.6162172374678413e-05,-0.0015838378276253216,12471,-19.752041548315386
SOLUSDT,5m,TEST,CONTRA,0.1,12,-1.6162172374678413e-05,-0.0016161621723746785,12471,-20.155158451684617
SOLUSDT,5m,TEST,MOM,0.2,1,1.130553429458316e-05,-0.0015886944657054172,7930,-12.598347113043959
SOLUSDT,5m,TEST,CONTRA,0.2,1,-1.130553429458316e-05,-0.0016113055342945836,7930,-12.777652886956048
SOLUSDT,5m,TEST,MOM,0.2,2,-2.044191701351177e-05,-0.0016204419170135122,7929,-12.848483960000138
SOLUSDT,5m,TEST,CONTRA,0.2,2,2.044191701351177e-05,-0.0015795580829864886,7929,-12.524316039999867
SOLUSDT,5m,TEST,MOM,0.2,3,-6.156875763009425e-06,-0.0016061568757630095,7929,-12.735217867924902
SOLUSDT,5m,TEST,CONTRA,0.2,3,6.156875763009425e-06,-0.0015938431242369907,7929,-12.6375821320751
SOLUSDT,5m,TEST,MOM,0.2,6,-6.528418748637091e-06,-0.0016065284187486372,7928,-12.736557303839195
SOLUSDT,5m,TEST,CONTRA,0.2,6,6.528418748637091e-06,-0.0015934715812513632,7928,-12.633042696160807
SOLUSDT,5m,TEST,MOM,0.2,12,-2.619331007429694e-05,-0.0016261933100742971,7924,-12.885955789028731
SOLUSDT,5m,TEST,CONTRA,0.2,12,2.619331007429694e-05,-0.0015738066899257032,7924,-12.470844210971272
SOLUSDT,5m,TEST,MOM,0.3,1,7.853564682704592e-06,-0.0015921464353172957,4420,-7.037287244102447
SOLUSDT,5m,TEST,CONTRA,0.3,1,-7.853564682704592e-06,-0.0016078535646827047,4420,-7.106712755897555
SOLUSDT,5m,TEST,MOM,0.3,2,-2.1951195818328905e-05,-0.001621951195818329,4419,-7.167402334321196
SOLUSDT,5m,TEST,CONTRA,0.3,2,2.1951195818328905e-05,-0.0015780488041816712,4419,-6.973397665678805
SOLUSDT,5m,TEST,MOM,0.3,3,-1.1128696655774166e-06,-0.0016011128696655776,4419,-7.0753177710521875
SOLUSDT,5m,TEST,CONTRA,0.3,3,1.1128696655774166e-06,-0.0015988871303344227,4419,-7.065482228947814
SOLUSDT,5m,TEST,MOM,0.3,6,-8.92197706349886e-06,-0.001608921977063499,4419,-7.109826216643603
SOLUSDT,5m,TEST,CONTRA,0.3,6,8.92197706349886e-06,-0.0015910780229365013,4419,-7.0309737833564
SOLUSDT,5m,TEST,MOM,0.3,12,3.583285834070096e-05,-0.0015641671416592993,4416,-6.907362097567465
SOLUSDT,5m,TEST,CONTRA,0.3,12,-3.583285834070096e-05,-0.0016358328583407013,4416,-7.223837902432537
SOLUSDT,5m,TEST,MOM,0.4,1,-1.672983494164804e-05,-0.0016167298349416483,2176,-3.5180041208330266
SOLUSDT,5m,TEST,CONTRA,0.4,1,1.672983494164804e-05,-0.001583270165058352,2176,-3.4451958791669743
SOLUSDT,5m,TEST,MOM,0.4,2,-4.119116285787371e-05,-0.0016411911628578738,2175,-3.5695907792158756
SOLUSDT,5m,TEST,CONTRA,0.4,2,4.119116285787371e-05,-0.0015588088371421265,2175,-3.390409220784125
SOLUSDT,5m,TEST,MOM,0.4,3,-1.7062224193473645e-05,-0.001617062224193474,2175,-3.5171103376208057
SOLUSDT,5m,TEST,CONTRA,0.4,3,1.7062224193473645e-05,-0.0015829377758065264,2175,-3.442889662379195
SOLUSDT,5m,TEST,MOM,0.4,6,-3.05598256285728e-05,-0.001630559825628573,2175,-3.5464676207421464
SOLUSDT,5m,TEST,CONTRA,0.4,6,3.05598256285728e-05,-0.0015694401743714273,2175,-3.4135323792578545
SOLUSDT,5m,TEST,MOM,0.4,12,0.0001346256284081332,-0.0014653743715918668,2175,-3.1871892582123102
SOLUSDT,5m,TEST,CONTRA,0.4,12,-0.0001346256284081332,-0.001734625628408133,2175,-3.7728107417876897
SOLUSDT,5m,TEST,MOM,0.5,1,-5.8493142589043854e-06,-0.0016058493142589046,890,-1.4292058896904252
SOLUSDT,5m,TEST,CONTRA,0.5,1,5.8493142589043854e-06,-0.001594150685741096,890,-1.4187941103095754
SOLUSDT,5m,TEST,MOM,0.5,2,-3.087923507067736e-05,-0.0016308792350706776,889,-1.4498516399778323
SOLUSDT,5m,TEST,CONTRA,0.5,2,3.087923507067736e-05,-0.0015691207649293228,889,-1.394948360022168
SOLUSDT,5m,TEST,MOM,0.5,3,5.015707361330279e-06,-0.00159498429263867,889,-1.4179410361557776
SOLUSDT,5m,TEST,CONTRA,0.5,3,-5.015707361330279e-06,-0.0016050157073613305,889,-1.4268589638442228
SOLUSDT,5m,TEST,MOM,0.5,6,-4.543554638812428e-05,-0.0016454355463881244,889,-1.4627922007390426
SOLUSDT,5m,TEST,CONTRA,0.5,6,4.543554638812428e-05,-0.0015545644536118757,889,-1.3820077992609576
SOLUSDT,5m,TEST,MOM,0.5,12,0.00015542237430806648,-0.0014445776256919337,889,-1.284229509240129
SOLUSDT,5m,TEST,CONTRA,0.5,12,-0.00015542237430806648,-0.0017554223743080665,889,-1.5605704907598712
SOLUSDT,5m,HOLDOUT,MOM,0.1,1,-3.25449580434981e-05,-0.0016325449580434981,5956,-9.723437770107076
SOLUSDT,5m,HOLDOUT,CONTRA,0.1,1,3.25449580434981e-05,-0.0015674550419565022,5956,-9.335762229892927
SOLUSDT,5m,HOLDOUT,MOM,0.1,2,-8.316591707565058e-05,-0.0016831659170756506,5955,-10.0232530361855
SOLUSDT,5m,HOLDOUT,CONTRA,0.1,2,8.316591707565058e-05,-0.0015168340829243498,5955,-9.032746963814503
SOLUSDT,5m,HOLDOUT,MOM,0.1,3,-6.511211290130886e-05,-0.0016651121129013092,5954,-9.914077520214395
SOLUSDT,5m,HOLDOUT,CONTRA,0.1,3,6.511211290130886e-05,-0.0015348878870986916,5954,-9.13872247978561
SOLUSDT,5m,HOLDOUT,MOM,0.1,6,-0.00016314376746880135,-0.0017631437674688014,5952,-10.494231703974306
SOLUSDT,5m,HOLDOUT,CONTRA,0.1,6,0.00016314376746880135,-0.0014368562325311988,5952,-8.552168296025695
SOLUSDT,5m,HOLDOUT,MOM,0.1,12,-0.00020711515314725544,-0.0018071151531472557,5948,-10.748720930919877
SOLUSDT,5m,HOLDOUT,CONTRA,0.1,12,0.00020711515314725544,-0.0013928848468527447,5948,-8.284879069080125
SOLUSDT,5m,HOLDOUT,MOM,0.2,1,-4.7086241967919506e-05,-0.0016470862419679197,3547,-5.8422149002602115
SOLUSDT,5m,HOLDOUT,CONTRA,0.2,1,4.7086241967919506e-05,-0.0015529137580320808,3547,-5.508185099739791
SOLUSDT,5m,HOLDOUT,MOM,0.2,2,-9.992766019631023e-05,-0.0016999276601963103,3546,-6.0279434830561165
SOLUSDT,5m,HOLDOUT,CONTRA,0.2,2,9.992766019631023e-05,-0.0015000723398036898,3546,-5.319256516943884
SOLUSDT,5m,HOLDOUT,MOM,0.2,3,-4.216788427605056e-05,-0.0016421678842760508,3546,-5.823127317642876
SOLUSDT,5m,HOLDOUT,CONTRA,0.2,3,4.216788427605056e-05,-0.0015578321157239498,3546,-5.524072682357126
SOLUSDT,5m,HOLDOUT,MOM,0.2,6,-0.00016187988084858515,-0.001761879880848585,3544,-6.244102297727386
SOLUSDT,5m,HOLDOUT,CONTRA,0.2,6,0.00016187988084858515,-0.0014381201191514148,3544,-5.096697702272614
SOLUSDT,5m,HOLDOUT,MOM,0.2,12,-0.0002644663923154425,-0.0018644663923154425,3543,-6.605804427973613
SOLUSDT,5m,HOLDOUT,CONTRA,0.2,12,0.0002644663923154425,-0.0013355336076845577,3543,-4.731795572026388
SOLUSDT,5m,HOLDOUT,MOM,0.3,1,-9.231922770534852e-05,-0.0016923192277053488,1679,-2.8414039833172806
SOLUSDT,5m,HOLDOUT,CONTRA,0.3,1,9.231922770534852e-05,-0.0015076807722946518,1679,-2.5313960166827205
SOLUSDT,5m,HOLDOUT,MOM,0.3,2,-0.00017751266891452645,-0.001777512668914527,1678,-2.9826662584385764
SOLUSDT,5m,HOLDOUT,CONTRA,0.3,2,0.00017751266891452645,-0.0014224873310854742,1678,-2.3869337415614256
SOLUSDT,5m,HOLDOUT,MOM,0.3,3,-0.0001376770429927132,-0.0017376770429927133,1678,-2.915822078141773
SOLUSDT,5m,HOLDOUT,CONTRA,0.3,3,0.0001376770429927132,-0.001462322957007287,1678,-2.4537779218582276
SOLUSDT,5m,HOLDOUT,MOM,0.3,6,-9.589509730296429e-05,-0.0016958950973029645,1677,-2.8440160781770714
SOLUSDT,5m,HOLDOUT,CONTRA,0.3,6,9.589509730296429e-05,-0.0015041049026970356,1677,-2.5223839218229287
SOLUSDT,5m,HOLDOUT,MOM,0.3,12,-0.000271755923857596,-0.0018717559238575962,1677,-3.1389346843091888
SOLUSDT,5m,HOLDOUT,CONTRA,0.3,12,0.000271755923857596,-0.0013282440761424041,1677,-2.2274653156908117
SOLUSDT,5m,HOLDOUT,MOM,0.4,1,-0.00010993219453153796,-0.0017099321945315382,664,-1.1353949771689413
SOLUSDT,5m,HOLDOUT,CONTRA,0.4,1,0.00010993219453153796,-0.0014900678054684622,664,-0.9894050228310589
SOLUSDT,5m,HOLDOUT,MOM,0.4,2,-0.00012986423720526573,-0.0017298642372052659,663,-1.1468999892670912
SOLUSDT,5m,HOLDOUT,CONTRA,0.4,2,0.00012986423720526573,-0.0014701357627947343,663,-0.9747000107329089
SOLUSDT,5m,HOLDOUT,MOM,0.4,3,-0.00012700615232369184,-0.0017270061523236918,663,-1.1450050789906077
SOLUSDT,5m,HOLDOUT,CONTRA,0.4,3,0.00012700615232369184,-0.0014729938476763082,663,-0.9765949210093924
SOLUSDT,5m,HOLDOUT,MOM,0.4,6,-8.200726873954494e-05,-0.001682007268739545,663,-1.1151708191743184
SOLUSDT,5m,HOLDOUT,CONTRA,0.4,6,8.200726873954494e-05,-0.001517992731260455,663,-1.0064291808256818
SOLUSDT,5m,HOLDOUT,MOM,0.4,12,-0.00017507393577148982,-0.00177507393577149,663,-1.176874019416498
SOLUSDT,5m,HOLDOUT,CONTRA,0.4,12,0.00017507393577148982,-0.0014249260642285105,663,-0.9447259805835024
SOLUSDT,5m,HOLDOUT,MOM,0.5,1,-0.0002310167324190832,-0.0018310167324190835,186,-0.3405691122299495
SOLUSDT,5m,HOLDOUT,CONTRA,0.5,1,0.0002310167324190832,-0.0013689832675809173,186,-0.2546308877700506
SOLUSDT,5m,HOLDOUT,MOM,0.5,2,-0.00011363118443086776,-0.001713631184430868,186,-0.31873540030414144
SOLUSDT,5m,HOLDOUT,CONTRA,0.5,2,0.00011363118443086776,-0.0014863688155691327,186,-0.2764645996958587
SOLUSDT,5m,HOLDOUT,MOM,0.5,3,-0.00016314358386619493,-0.0017631435838661952,186,-0.3279447065991123
SOLUSDT,5m,HOLDOUT,CONTRA,0.5,3,0.00016314358386619493,-0.0014368564161338056,186,-0.26725529340088783
SOLUSDT,5m,HOLDOUT,MOM,0.5,6,6.452909518423818e-06,-0.0015935470904815763,186,-0.2963997588295732
SOLUSDT,5m,HOLDOUT,CONTRA,0.5,6,-6.452909518423818e-06,-0.0016064529095184236,186,-0.2988002411704268
SOLUSDT,5m,HOLDOUT,MOM,0.5,12,-0.0002815300706716543,-0.0018815300706716545,186,-0.3499645931449277
SOLUSDT,5m,HOLDOUT,CONTRA,0.5,12,0.0002815300706716543,-0.001318469929328346,186,-0.24523540685507234
SOLUSDT,5m,TRAIN,MOM,0.1,1,-3.9852338329566954e-07,-0.001600398523383296,18168,-29.07604037282772
SOLUSDT,5m,TRAIN,CONTRA,0.1,1,3.9852338329566954e-07,-0.0015996014766167046,18168,-29.06155962717229
SOLUSDT,5m,TRAIN,MOM,0.1,2,-6.587357567165806e-06,-0.001606587357567166,18167,-29.186872524922705
SOLUSDT,5m,TRAIN,CONTRA,0.1,2,6.587357567165806e-06,-0.0015934126424328348,18167,-28.947527475077308
SOLUSDT,5m,TRAIN,MOM,0.1,3,-1.654021017455978e-05,-0.0016165402101745597,18166,-29.366069458031053
SOLUSDT,5m,TRAIN,CONTRA,0.1,3,1.654021017455978e-05,-0.0015834597898254405,18166,-28.76513054196895
SOLUSDT,5m,TRAIN,MOM,0.1,6,-1.4986923635031878e-06,-0.0016014986923635031,18165,-29.091223746783037
SOLUSDT,5m,TRAIN,CONTRA,0.1,6,1.4986923635031878e-06,-0.001598501307636497,18165,-29.036776253216967
SOLUSDT,5m,TRAIN,MOM,0.1,12,-2.917995002084827e-05,-0.0016291799500208486,18159,-29.58427871242859
SOLUSDT,5m,TRAIN,CONTRA,0.1,12,2.917995002084827e-05,-0.0015708200499791518,18159,-28.524521287571417
SOLUSDT,5m,TRAIN,MOM,0.2,1,-1.896715258943485e-05,-0.0016189671525894352,11491,-18.6035515504052
SOLUSDT,5m,TRAIN,CONTRA,0.2,1,1.896715258943485e-05,-0.0015810328474105653,11491,-18.167648449594807
SOLUSDT,5m,TRAIN,MOM,0.2,2,-2.7684796422259062e-05,-0.0016276847964222592,11491,-18.70372599568818
SOLUSDT,5m,TRAIN,CONTRA,0.2,2,2.7684796422259062e-05,-0.0015723152035777414,11491,-18.067474004311826
SOLUSDT,5m,TRAIN,MOM,0.2,3,-4.1652954328328615e-05,-0.0016416529543283288,11490,-18.862592445232497
SOLUSDT,5m,TRAIN,CONTRA,0.2,3,4.1652954328328615e-05,-0.0015583470456716716,11490,-17.905407554767507
SOLUSDT,5m,TRAIN,MOM,0.2,6,-4.084503246318264e-05,-0.0016408450324631827,11489,-18.851668577969505
SOLUSDT,5m,TRAIN,CONTRA,0.2,6,4.084503246318264e-05,-0.0015591549675368175,11489,-17.913131422030496
SOLUSDT,5m,TRAIN,MOM,0.2,12,-5.6847067273717304e-05,-0.0016568470672737176,11485,-19.028888567638646
SOLUSDT,5m,TRAIN,CONTRA,0.2,12,5.6847067273717304e-05,-0.0015431529327262826,11485,-17.723111432361357
SOLUSDT,5m,TRAIN,MOM,0.3,1,-5.2275226281911506e-05,-0.0016522752262819118,6302,-10.412638476028608
SOLUSDT,5m,TRAIN,CONTRA,0.3,1,5.2275226281911506e-05,-0.0015477247737180886,6302,-9.753761523971395
SOLUSDT,5m,TRAIN,MOM,0.3,2,-8.165399401902528e-05,-0.0016816539940190255,6302,-10.597783470307899
SOLUSDT,5m,TRAIN,CONTRA,0.3,2,8.165399401902528e-05,-0.001518346005980975,6302,-9.568616529692104
SOLUSDT,5m,TRAIN,MOM,0.3,3,-9.984912888611746e-05,-0.0016998491288861177,6302,-10.712449210240313
SOLUSDT,5m,TRAIN,CONTRA,0.3,3,9.984912888611746e-05,-0.0015001508711138829,6302,-9.45395078975969
SOLUSDT,5m,TRAIN,MOM,0.3,6,-7.830248387342693e-05,-0.001678302483873427,6302,-10.576662253370337
SOLUSDT,5m,TRAIN,CONTRA,0.3,6,7.830248387342693e-05,-0.0015216975161265731,6302,-9.589737746629664
SOLUSDT,5m,TRAIN,MOM,0.3,12,-7.970222734618661e-05,-0.001679702227346187,6298,-10.578764627826285
SOLUSDT,5m,TRAIN,CONTRA,0.3,12,7.970222734618661e-05,-0.0015202977726538139,6298,-9.57483537217372
SOLUSDT,5m,TRAIN,MOM,0.4,1,-4.349881458537531e-05,-0.001643498814585376,2809,-4.616588170170321
SOLUSDT,5m,TRAIN,CONTRA,0.4,1,4.349881458537531e-05,-0.0015565011854146253,2809,-4.372211829829682
SOLUSDT,5m,TRAIN,MOM,0.4,2,-4.942985210607949e-05,-0.0016494298521060797,2809,-4.633248454565978
SOLUSDT,5m,TRAIN,CONTRA,0.4,2,4.942985210607949e-05,-0.0015505701478939209,2809,-4.3555515454340235
SOLUSDT,5m,TRAIN,MOM,0.4,3,-0.00010098750271351917,-0.0017009875027135196,2809,-4.778073895122277
SOLUSDT,5m,TRAIN,CONTRA,0.4,3,0.00010098750271351917,-0.0014990124972864812,2809,-4.210726104877725
SOLUSDT,5m,TRAIN,MOM,0.4,6,-0.00013036198904241872,-0.001730361989042419,2809,-4.860586827220155
SOLUSDT,5m,TRAIN,CONTRA,0.4,6,0.00013036198904241872,-0.0014696380109575813,2809,-4.128213172779846
SOLUSDT,5m,TRAIN,MOM,0.4,12,-0.0001024878462362386,-0.0017024878462362388,2808,-4.780585872231359
SOLUSDT,5m,TRAIN,CONTRA,0.4,12,0.0001024878462362386,-0.0014975121537637614,2808,-4.205014127768642
SOLUSDT,5m,TRAIN,MOM,0.5,1,-4.772706191571179e-05,-0.001647727061915712,992,-1.6345452454203864
SOLUSDT,5m,TRAIN,CONTRA,0.5,1,4.772706191571179e-05,-0.0015522729380842888,992,-1.5398547545796144
SOLUSDT,5m,TRAIN,MOM,0.5,2,-6.071048766118529e-05,-0.0016607104876611854,992,-1.647424803759896
SOLUSDT,5m,TRAIN,CONTRA,0.5,2,6.071048766118529e-05,-0.0015392895123388151,992,-1.5269751962401046
SOLUSDT,5m,TRAIN,MOM,0.5,3,-0.00016313468298570185,-0.001763134682985702,992,-1.7490296055218164
SOLUSDT,5m,TRAIN,CONTRA,0.5,3,0.00016313468298570185,-0.0014368653170142983,992,-1.425370394478184
SOLUSDT,5m,TRAIN,MOM,0.5,6,-0.00023199877440592385,-0.0018319987744059242,992,-1.8173427842106769
SOLUSDT,5m,TRAIN,CONTRA,0.5,6,0.00023199877440592385,-0.0013680012255940764,992,-1.3570572157893237
SOLUSDT,5m,TRAIN,MOM,0.5,12,-0.00017539404599559565,-0.0017753940459955956,992,-1.7611908936276308
SOLUSDT,5m,TRAIN,CONTRA,0.5,12,0.00017539404599559565,-0.0014246059540044046,992,-1.4132091063723693
SOLUSDT,5m,TEST,MOM,0.1,1,1.082391342878081e-05,-0.0015891760865712195,12480,-19.83291756040882
SOLUSDT,5m,TEST,CONTRA,0.1,1,-1.082391342878081e-05,-0.0016108239134287811,12480,-20.103082439591187
SOLUSDT,5m,TEST,MOM,0.1,2,8.53908960332929e-07,-0.0015991460910396674,12479,-19.95574407008401
SOLUSDT,5m,TEST,CONTRA,0.1,2,-8.53908960332929e-07,-0.0016008539089603332,12479,-19.977055929916
SOLUSDT,5m,TEST,MOM,0.1,3,1.3492591860543718e-05,-0.0015865074081394565,12478,-19.79643943876414
SOLUSDT,5m,TEST,CONTRA,0.1,3,-1.3492591860543718e-05,-0.001613492591860544,12478,-20.13316056123587
SOLUSDT,5m,TEST,MOM,0.1,6,1.762448170815758e-05,-0.0015823755182918428,12477,-19.743299341727322
SOLUSDT,5m,TEST,CONTRA,0.1,6,-1.762448170815758e-05,-0.001617624481708158,12477,-20.183100658272686
SOLUSDT,5m,TEST,MOM,0.1,12,1.6162172374678413e-05,-0.0015838378276253216,12471,-19.752041548315386
SOLUSDT,5m,TEST,CONTRA,0.1,12,-1.6162172374678413e-05,-0.0016161621723746785,12471,-20.155158451684617
SOLUSDT,5m,TEST,MOM,0.2,1,1.130553429458316e-05,-0.0015886944657054172,7930,-12.598347113043959
SOLUSDT,5m,TEST,CONTRA,0.2,1,-1.130553429458316e-05,-0.0016113055342945836,7930,-12.777652886956048
SOLUSDT,5m,TEST,MOM,0.2,2,-2.044191701351177e-05,-0.0016204419170135122,7929,-12.848483960000138
SOLUSDT,5m,TEST,CONTRA,0.2,2,2.044191701351177e-05,-0.0015795580829864886,7929,-12.524316039999867
SOLUSDT,5m,TEST,MOM,0.2,3,-6.156875763009425e-06,-0.0016061568757630095,7929,-12.735217867924902
SOLUSDT,5m,TEST,CONTRA,0.2,3,6.156875763009425e-06,-0.0015938431242369907,7929,-12.6375821320751
SOLUSDT,5m,TEST,MOM,0.2,6,-6.528418748637091e-06,-0.0016065284187486372,7928,-12.736557303839195
SOLUSDT,5m,TEST,CONTRA,0.2,6,6.528418748637091e-06,-0.0015934715812513632,7928,-12.633042696160807
SOLUSDT,5m,TEST,MOM,0.2,12,-2.619331007429694e-05,-0.0016261933100742971,7924,-12.885955789028731
SOLUSDT,5m,TEST,CONTRA,0.2,12,2.619331007429694e-05,-0.0015738066899257032,7924,-12.470844210971272
SOLUSDT,5m,TEST,MOM,0.3,1,7.853564682704592e-06,-0.0015921464353172957,4420,-7.037287244102447
SOLUSDT,5m,TEST,CONTRA,0.3,1,-7.853564682704592e-06,-0.0016078535646827047,4420,-7.106712755897555
SOLUSDT,5m,TEST,MOM,0.3,2,-2.1951195818328905e-05,-0.001621951195818329,4419,-7.167402334321196
SOLUSDT,5m,TEST,CONTRA,0.3,2,2.1951195818328905e-05,-0.0015780488041816712,4419,-6.973397665678805
SOLUSDT,5m,TEST,MOM,0.3,3,-1.1128696655774166e-06,-0.0016011128696655776,4419,-7.0753177710521875
SOLUSDT,5m,TEST,CONTRA,0.3,3,1.1128696655774166e-06,-0.0015988871303344227,4419,-7.065482228947814
SOLUSDT,5m,TEST,MOM,0.3,6,-8.92197706349886e-06,-0.001608921977063499,4419,-7.109826216643603
SOLUSDT,5m,TEST,CONTRA,0.3,6,8.92197706349886e-06,-0.0015910780229365013,4419,-7.0309737833564
SOLUSDT,5m,TEST,MOM,0.3,12,3.583285834070096e-05,-0.0015641671416592993,4416,-6.907362097567465
SOLUSDT,5m,TEST,CONTRA,0.3,12,-3.583285834070096e-05,-0.0016358328583407013,4416,-7.223837902432537
SOLUSDT,5m,TEST,MOM,0.4,1,-1.672983494164804e-05,-0.0016167298349416483,2176,-3.5180041208330266
SOLUSDT,5m,TEST,CONTRA,0.4,1,1.672983494164804e-05,-0.001583270165058352,2176,-3.4451958791669743
SOLUSDT,5m,TEST,MOM,0.4,2,-4.119116285787371e-05,-0.0016411911628578738,2175,-3.5695907792158756
SOLUSDT,5m,TEST,CONTRA,0.4,2,4.119116285787371e-05,-0.0015588088371421265,2175,-3.390409220784125
SOLUSDT,5m,TEST,MOM,0.4,3,-1.7062224193473645e-05,-0.001617062224193474,2175,-3.5171103376208057
SOLUSDT,5m,TEST,CONTRA,0.4,3,1.7062224193473645e-05,-0.0015829377758065264,2175,-3.442889662379195
SOLUSDT,5m,TEST,MOM,0.4,6,-3.05598256285728e-05,-0.001630559825628573,2175,-3.5464676207421464
SOLUSDT,5m,TEST,CONTRA,0.4,6,3.05598256285728e-05,-0.0015694401743714273,2175,-3.4135323792578545
SOLUSDT,5m,TEST,MOM,0.4,12,0.0001346256284081332,-0.0014653743715918668,2175,-3.1871892582123102
SOLUSDT,5m,TEST,CONTRA,0.4,12,-0.0001346256284081332,-0.001734625628408133,2175,-3.7728107417876897
SOLUSDT,5m,TEST,MOM,0.5,1,-5.8493142589043854e-06,-0.0016058493142589046,890,-1.4292058896904252
SOLUSDT,5m,TEST,CONTRA,0.5,1,5.8493142589043854e-06,-0.001594150685741096,890,-1.4187941103095754
SOLUSDT,5m,TEST,MOM,0.5,2,-3.087923507067736e-05,-0.0016308792350706776,889,-1.4498516399778323
SOLUSDT,5m,TEST,CONTRA,0.5,2,3.087923507067736e-05,-0.0015691207649293228,889,-1.394948360022168
SOLUSDT,5m,TEST,MOM,0.5,3,5.015707361330279e-06,-0.00159498429263867,889,-1.4179410361557776
SOLUSDT,5m,TEST,CONTRA,0.5,3,-5.015707361330279e-06,-0.0016050157073613305,889,-1.4268589638442228
SOLUSDT,5m,TEST,MOM,0.5,6,-4.543554638812428e-05,-0.0016454355463881244,889,-1.4627922007390426
SOLUSDT,5m,TEST,CONTRA,0.5,6,4.543554638812428e-05,-0.0015545644536118757,889,-1.3820077992609576
SOLUSDT,5m,TEST,MOM,0.5,12,0.00015542237430806648,-0.0014445776256919337,889,-1.284229509240129
SOLUSDT,5m,TEST,CONTRA,0.5,12,-0.00015542237430806648,-0.0017554223743080665,889,-1.5605704907598712
SOLUSDT,5m,HOLDOUT,MOM,0.1,1,-3.25449580434981e-05,-0.0016325449580434981,5956,-9.723437770107076
SOLUSDT,5m,HOLDOUT,CONTRA,0.1,1,3.25449580434981e-05,-0.0015674550419565022,5956,-9.335762229892927
SOLUSDT,5m,HOLDOUT,MOM,0.1,2,-8.316591707565058e-05,-0.0016831659170756506,5955,-10.0232530361855
SOLUSDT,5m,HOLDOUT,CONTRA,0.1,2,8.316591707565058e-05,-0.0015168340829243498,5955,-9.032746963814503
SOLUSDT,5m,HOLDOUT,MOM,0.1,3,-6.511211290130886e-05,-0.0016651121129013092,5954,-9.914077520214395
SOLUSDT,5m,HOLDOUT,CONTRA,0.1,3,6.511211290130886e-05,-0.0015348878870986916,5954,-9.13872247978561
SOLUSDT,5m,HOLDOUT,MOM,0.1,6,-0.00016314376746880135,-0.0017631437674688014,5952,-10.494231703974306
SOLUSDT,5m,HOLDOUT,CONTRA,0.1,6,0.00016314376746880135,-0.0014368562325311988,5952,-8.552168296025695
SOLUSDT,5m,HOLDOUT,MOM,0.1,12,-0.00020711515314725544,-0.0018071151531472557,5948,-10.748720930919877
SOLUSDT,5m,HOLDOUT,CONTRA,0.1,12,0.00020711515314725544,-0.0013928848468527447,5948,-8.284879069080125
SOLUSDT,5m,HOLDOUT,MOM,0.2,1,-4.7086241967919506e-05,-0.0016470862419679197,3547,-5.8422149002602115
SOLUSDT,5m,HOLDOUT,CONTRA,0.2,1,4.7086241967919506e-05,-0.0015529137580320808,3547,-5.508185099739791
SOLUSDT,5m,HOLDOUT,MOM,0.2,2,-9.992766019631023e-05,-0.0016999276601963103,3546,-6.0279434830561165
SOLUSDT,5m,HOLDOUT,CONTRA,0.2,2,9.992766019631023e-05,-0.0015000723398036898,3546,-5.319256516943884
SOLUSDT,5m,HOLDOUT,MOM,0.2,3,-4.216788427605056e-05,-0.0016421678842760508,3546,-5.823127317642876
SOLUSDT,5m,HOLDOUT,CONTRA,0.2,3,4.216788427605056e-05,-0.0015578321157239498,3546,-5.524072682357126
SOLUSDT,5m,HOLDOUT,MOM,0.2,6,-0.00016187988084858515,-0.001761879880848585,3544,-6.244102297727386
SOLUSDT,5m,HOLDOUT,CONTRA,0.2,6,0.00016187988084858515,-0.0014381201191514148,3544,-5.096697702272614
SOLUSDT,5m,HOLDOUT,MOM,0.2,12,-0.0002644663923154425,-0.0018644663923154425,3543,-6.605804427973613
SOLUSDT,5m,HOLDOUT,CONTRA,0.2,12,0.0002644663923154425,-0.0013355336076845577,3543,-4.731795572026388
SOLUSDT,5m,HOLDOUT,MOM,0.3,1,-9.231922770534852e-05,-0.0016923192277053488,1679,-2.8414039833172806
SOLUSDT,5m,HOLDOUT,CONTRA,0.3,1,9.231922770534852e-05,-0.0015076807722946518,1679,-2.5313960166827205
SOLUSDT,5m,HOLDOUT,MOM,0.3,2,-0.00017751266891452645,-0.001777512668914527,1678,-2.9826662584385764
SOLUSDT,5m,HOLDOUT,CONTRA,0.3,2,0.00017751266891452645,-0.0014224873310854742,1678,-2.3869337415614256
SOLUSDT,5m,HOLDOUT,MOM,0.3,3,-0.0001376770429927132,-0.0017376770429927133,1678,-2.915822078141773
SOLUSDT,5m,HOLDOUT,CONTRA,0.3,3,0.0001376770429927132,-0.001462322957007287,1678,-2.4537779218582276
SOLUSDT,5m,HOLDOUT,MOM,0.3,6,-9.589509730296429e-05,-0.0016958950973029645,1677,-2.8440160781770714
SOLUSDT,5m,HOLDOUT,CONTRA,0.3,6,9.589509730296429e-05,-0.0015041049026970356,1677,-2.5223839218229287
SOLUSDT,5m,HOLDOUT,MOM,0.3,12,-0.000271755923857596,-0.0018717559238575962,1677,-3.1389346843091888
SOLUSDT,5m,HOLDOUT,CONTRA,0.3,12,0.000271755923857596,-0.0013282440761424041,1677,-2.2274653156908117
SOLUSDT,5m,HOLDOUT,MOM,0.4,1,-0.00010993219453153796,-0.0017099321945315382,664,-1.1353949771689413
SOLUSDT,5m,HOLDOUT,CONTRA,0.4,1,0.00010993219453153796,-0.0014900678054684622,664,-0.9894050228310589
SOLUSDT,5m,HOLDOUT,MOM,0.4,2,-0.00012986423720526573,-0.0017298642372052659,663,-1.1468999892670912
SOLUSDT,5m,HOLDOUT,CONTRA,0.4,2,0.00012986423720526573,-0.0014701357627947343,663,-0.9747000107329089
SOLUSDT,5m,HOLDOUT,MOM,0.4,3,-0.00012700615232369184,-0.0017270061523236918,663,-1.1450050789906077
SOLUSDT,5m,HOLDOUT,CONTRA,0.4,3,0.00012700615232369184,-0.0014729938476763082,663,-0.9765949210093924
SOLUSDT,5m,HOLDOUT,MOM,0.4,6,-8.200726873954494e-05,-0.001682007268739545,663,-1.1151708191743184
SOLUSDT,5m,HOLDOUT,CONTRA,0.4,6,8.200726873954494e-05,-0.001517992731260455,663,-1.0064291808256818
SOLUSDT,5m,HOLDOUT,MOM,0.4,12,-0.00017507393577148982,-0.00177507393577149,663,-1.176874019416498
SOLUSDT,5m,HOLDOUT,CONTRA,0.4,12,0.00017507393577148982,-0.0014249260642285105,663,-0.9447259805835024
SOLUSDT,5m,HOLDOUT,MOM,0.5,1,-0.0002310167324190832,-0.0018310167324190835,186,-0.3405691122299495
SOLUSDT,5m,HOLDOUT,CONTRA,0.5,1,0.0002310167324190832,-0.0013689832675809173,186,-0.2546308877700506
SOLUSDT,5m,HOLDOUT,MOM,0.5,2,-0.00011363118443086776,-0.001713631184430868,186,-0.31873540030414144
SOLUSDT,5m,HOLDOUT,CONTRA,0.5,2,0.00011363118443086776,-0.0014863688155691327,186,-0.2764645996958587
SOLUSDT,5m,HOLDOUT,MOM,0.5,3,-0.00016314358386619493,-0.0017631435838661952,186,-0.3279447065991123
SOLUSDT,5m,HOLDOUT,CONTRA,0.5,3,0.00016314358386619493,-0.0014368564161338056,186,-0.26725529340088783
SOLUSDT,5m,HOLDOUT,MOM,0.5,6,6.452909518423818e-06,-0.0015935470904815763,186,-0.2963997588295732
SOLUSDT,5m,HOLDOUT,CONTRA,0.5,6,-6.452909518423818e-06,-0.0016064529095184236,186,-0.2988002411704268
SOLUSDT,5m,HOLDOUT,MOM,0.5,12,-0.0002815300706716543,-0.0018815300706716545,186,-0.3499645931449277
SOLUSDT,5m,HOLDOUT,CONTRA,0.5,12,0.0002815300706716543,-0.001318469929328346,186,-0.24523540685507234
SOLUSDT,15m,TRAIN,MOM,0.1,1,-4.958107701348193e-05,-0.001649581077013482,5013,-8.269349939068585
SOLUSDT,15m,TRAIN,CONTRA,0.1,1,4.958107701348193e-05,-0.0015504189229865182,5013,-7.772250060931415
SOLUSDT,15m,TRAIN,MOM,0.1,2,1.4169093200433205e-05,-0.0015858309067995667,5013,-7.949770335786228
SOLUSDT,15m,TRAIN,CONTRA,0.1,2,-1.4169093200433205e-05,-0.0016141690932004334,5013,-8.091829664213773
SOLUSDT,15m,TRAIN,MOM,0.1,3,3.6216919299116276e-05,-0.0015637830807008837,5013,-7.83924458355353
SOLUSDT,15m,TRAIN,CONTRA,0.1,3,-3.6216919299116276e-05,-0.0016362169192991162,5013,-8.20235541644647
SOLUSDT,15m,TRAIN,MOM,0.1,6,-1.3627266222863055e-05,-0.0016136272662228633,5011,-8.085886231042767
SOLUSDT,15m,TRAIN,CONTRA,0.1,6,1.3627266222863055e-05,-0.001586372733777137,5011,-7.949313768957234
SOLUSDT,15m,TRAIN,MOM,0.1,12,-0.00012722078501212444,-0.0017272207850121248,5007,-8.648194470555708
SOLUSDT,15m,TRAIN,CONTRA,0.1,12,0.00012722078501212444,-0.0014727792149878756,5007,-7.374205529444294
SOLUSDT,15m,TRAIN,MOM,0.2,1,-3.0449390804898963e-05,-0.0016304493908048993,2279,-3.7157941616443653
SOLUSDT,15m,TRAIN,CONTRA,0.2,1,3.0449390804898963e-05,-0.0015695506091951013,2279,-3.577005838355636
SOLUSDT,15m,TRAIN,MOM,0.2,2,2.36532766024363e-05,-0.001576346723397564,2279,-3.5924941826230485
SOLUSDT,15m,TRAIN,CONTRA,0.2,2,-2.36532766024363e-05,-0.0016236532766024363,2279,-3.7003058173769525
SOLUSDT,15m,TRAIN,MOM,0.2,3,4.528210071112011e-05,-0.00155471789928888,2279,-3.5432020924793575
SOLUSDT,15m,TRAIN,CONTRA,0.2,3,-4.528210071112011e-05,-0.0016452821007111203,2279,-3.749597907520643
SOLUSDT,15m,TRAIN,MOM,0.2,6,6.671357145891497e-05,-0.0015332864285410855,2277,-3.4912931977880515
SOLUSDT,15m,TRAIN,CONTRA,0.2,6,-6.671357145891497e-05,-0.0016667135714589151,2277,-3.79510680221195
SOLUSDT,15m,TRAIN,MOM,0.2,12,9.137369139529504e-05,-0.0015086263086047053,2276,-3.433633478384309
SOLUSDT,15m,TRAIN,CONTRA,0.2,12,-9.137369139529504e-05,-0.0016913736913952953,2276,-3.8495665216156922
SOLUSDT,15m,TRAIN,MOM,0.3,1,-7.334169813465267e-05,-0.0016733416981346528,790,-1.3219399415263757
SOLUSDT,15m,TRAIN,CONTRA,0.3,1,7.334169813465267e-05,-0.0015266583018653476,790,-1.2060600584736245
SOLUSDT,15m,TRAIN,MOM,0.3,2,-0.00012123869523914209,-0.0017212386952391422,790,-1.3597785692389224
SOLUSDT,15m,TRAIN,CONTRA,0.3,2,0.00012123869523914209,-0.0014787613047608581,790,-1.1682214307610779
SOLUSDT,15m,TRAIN,MOM,0.3,3,-1.7852305336805123e-05,-0.0016178523053368052,790,-1.2781033212160762
SOLUSDT,15m,TRAIN,CONTRA,0.3,3,1.7852305336805123e-05,-0.0015821476946631947,790,-1.2498966787839239
SOLUSDT,15m,TRAIN,MOM,0.3,6,0.0002486188953744331,-0.0013513811046255671,790,-1.067591072654198
SOLUSDT,15m,TRAIN,CONTRA,0.3,6,-0.0002486188953744331,-0.001848618895374433,790,-1.460408927345802
SOLUSDT,15m,TRAIN,MOM,0.3,12,0.00019711317535891243,-0.0014028868246410877,790,-1.1082805914664593
SOLUSDT,15m,TRAIN,CONTRA,0.3,12,-0.00019711317535891243,-0.0017971131753589126,790,-1.419719408533541
SOLUSDT,15m,TRAIN,MOM,0.4,1,0.0001148681420433821,-0.0014851318579566179,172,-0.2554426795685383
SOLUSDT,15m,TRAIN,CONTRA,0.4,1,-0.0001148681420433821,-0.001714868142043382,172,-0.2949573204314617
SOLUSDT,15m,TRAIN,MOM,0.4,2,0.00017699175122997394,-0.0014230082487700262,172,-0.2447574187884445
SOLUSDT,15m,TRAIN,CONTRA,0.4,2,-0.00017699175122997394,-0.001776991751229974,172,-0.3056425812115555
SOLUSDT,15m,TRAIN,MOM,0.4,3,0.00014335064647797978,-0.0014566493535220202,172,-0.2505436888057875
SOLUSDT,15m,TRAIN,CONTRA,0.4,3,-0.00014335064647797978,-0.0017433506464779797,172,-0.2998563111942125
SOLUSDT,15m,TRAIN,MOM,0.4,6,0.0009955543240278064,-0.0006044456759721938,172,-0.10396465626721733
SOLUSDT,15m,TRAIN,CONTRA,0.4,6,-0.0009955543240278064,-0.0025955543240278062,172,-0.44643534373278265
SOLUSDT,15m,TRAIN,MOM,0.4,12,0.001650790322993388,5.0790322993387976e-05,172,0.008735935554862732
SOLUSDT,15m,TRAIN,CONTRA,0.4,12,-0.001650790322993388,-0.003250790322993388,172,-0.5591359355548627
SOLUSDT,15m,TRAIN,MOM,0.5,1,-1.806170695572984e-05,-0.00161806170695573,19,-0.030743172432158867
SOLUSDT,15m,TRAIN,CONTRA,0.5,1,1.806170695572984e-05,-0.0015819382930442702,19,-0.030056827567841133
SOLUSDT,15m,TRAIN,MOM,0.5,2,-3.5071552379438065e-05,-0.001635071552379438,19,-0.031066359495209323
SOLUSDT,15m,TRAIN,CONTRA,0.5,2,3.5071552379438065e-05,-0.001564928447620562,19,-0.02973364050479068
SOLUSDT,15m,TRAIN,MOM,0.5,3,0.00044617957025124656,-0.0011538204297487534,19,-0.021922588165226315
SOLUSDT,15m,TRAIN,CONTRA,0.5,3,-0.00044617957025124656,-0.002046179570251246,19,-0.038877411834773674
SOLUSDT,15m,TRAIN,MOM,0.5,6,0.0009523069464988552,-0.0006476930535011449,19,-0.012306168016521752
SOLUSDT,15m,TRAIN,CONTRA,0.5,6,-0.0009523069464988552,-0.0025523069464988544,19,-0.04849383198347824
SOLUSDT,15m,TRAIN,MOM,0.5,12,0.0012272787801903317,-0.00037272121980966847,19,-0.007081703176383701
SOLUSDT,15m,TRAIN,CONTRA,0.5,12,-0.0012272787801903317,-0.002827278780190333,19,-0.05371829682361633
SOLUSDT,15m,TEST,MOM,0.1,1,5.650664298094064e-05,-0.0015434933570190599,3432,-5.297269201289414
SOLUSDT,15m,TEST,CONTRA,0.1,1,-5.650664298094064e-05,-0.0016565066429809407,3432,-5.685130798710588
SOLUSDT,15m,TEST,MOM,0.1,2,4.9718472380992105e-05,-0.0015502815276190079,3432,-5.320566202788435
SOLUSDT,15m,TEST,CONTRA,0.1,2,-4.9718472380992105e-05,-0.0016497184723809923,3432,-5.661833797211566
SOLUSDT,15m,TEST,MOM,0.1,3,4.95047000774384e-05,-0.0015504952999225614,3432,-5.321299869334231
SOLUSDT,15m,TEST,CONTRA,0.1,3,-4.95047000774384e-05,-0.0016495047000774385,3432,-5.661100130665769
SOLUSDT,15m,TEST,MOM,0.1,6,8.398105556723706e-06,-0.0015916018944432764,3429,-5.457602896045994
SOLUSDT,15m,TEST,CONTRA,0.1,6,-8.398105556723706e-06,-0.0016083981055567238,3429,-5.515197103954006
SOLUSDT,15m,TEST,MOM,0.1,12,-0.0001849361242910462,-0.0017849361242910464,3426,-6.115191161821125
SOLUSDT,15m,TEST,CONTRA,0.1,12,0.0001849361242910462,-0.001415063875708954,3426,-4.848008838178877
SOLUSDT,15m,TEST,MOM,0.2,1,-4.386587396629392e-06,-0.0016043865873966296,1548,-2.4835904372899824
SOLUSDT,15m,TEST,CONTRA,0.2,1,4.386587396629392e-06,-0.0015956134126033706,1548,-2.470009562710018
SOLUSDT,15m,TEST,MOM,0.2,2,3.521245184256582e-05,-0.0015647875481574344,1548,-2.4222911245477086
SOLUSDT,15m,TEST,CONTRA,0.2,2,-3.521245184256582e-05,-0.001635212451842566,1548,-2.531308875452292
SOLUSDT,15m,TEST,MOM,0.2,3,-4.0327709371356295e-05,-0.0016403277093713564,1548,-2.5392272941068597
SOLUSDT,15m,TEST,CONTRA,0.2,3,4.0327709371356295e-05,-0.0015596722906286438,1548,-2.4143727058931406
SOLUSDT,15m,TEST,MOM,0.2,6,-0.00019837363660213955,-0.00179837363660214,1545,-2.778487268550306
SOLUSDT,15m,TEST,CONTRA,0.2,6,0.00019837363660213955,-0.0014016263633978604,1545,-2.1655127314496943
SOLUSDT,15m,TEST,MOM,0.2,12,-0.0001797257034559695,-0.0017797257034559697,1543,-2.746116760432561
SOLUSDT,15m,TEST,CONTRA,0.2,12,0.0001797257034559695,-0.0014202742965440304,1543,-2.191483239567439
SOLUSDT,15m,TEST,MOM,0.3,1,-0.00012914061330673838,-0.0017291406133067386,487,-0.8420914786803817
SOLUSDT,15m,TEST,CONTRA,0.3,1,0.00012914061330673838,-0.001470859386693262,487,-0.7163085213196185
SOLUSDT,15m,TEST,MOM,0.3,2,-8.02082841292658e-05,-0.0016802082841292658,487,-0.8182614343709524
SOLUSDT,15m,TEST,CONTRA,0.3,2,8.02082841292658e-05,-0.0015197917158707344,487,-0.7401385656290477
SOLUSDT,15m,TEST,MOM,0.3,3,-0.00016040747659897656,-0.0017604074765989763,487,-0.8573184411037015
SOLUSDT,15m,TEST,CONTRA,0.3,3,0.00016040747659897656,-0.0014395925234010232,487,-0.7010815588962983
SOLUSDT,15m,TEST,MOM,0.3,6,-0.000499142477284858,-0.002099142477284858,487,-1.0222823864377257
SOLUSDT,15m,TEST,CONTRA,0.3,6,0.000499142477284858,-0.0011008575227151422,487,-0.5361176135622743
SOLUSDT,15m,TEST,MOM,0.3,12,-0.00012350198877617054,-0.0017235019887761702,487,-0.8393454685339949
SOLUSDT,15m,TEST,CONTRA,0.3,12,0.00012350198877617054,-0.0014764980112238297,487,-0.7190545314660051
SOLUSDT,15m,TEST,MOM,0.4,1,-0.00014790823867461721,-0.001747908238674617,123,-0.2149927133569779
SOLUSDT,15m,TEST,CONTRA,0.4,1,0.00014790823867461721,-0.001452091761325383,123,-0.1786072866430221
SOLUSDT,15m,TEST,MOM,0.4,2,-0.00012069129903656764,-0.0017206912990365673,123,-0.21164502978149777
SOLUSDT,15m,TEST,CONTRA,0.4,2,0.00012069129903656764,-0.0014793087009634322,123,-0.18195497021850215
SOLUSDT,15m,TEST,MOM,0.4,3,-0.00032233007660471293,-0.0019223300766047127,123,-0.23644659942237967
SOLUSDT,15m,TEST,CONTRA,0.4,3,0.00032233007660471293,-0.0012776699233952868,123,-0.15715340057762028
SOLUSDT,15m,TEST,MOM,0.4,6,-0.00041776024479195237,-0.0020177602447919523,123,-0.24818451010941012
SOLUSDT,15m,TEST,CONTRA,0.4,6,0.00041776024479195237,-0.0011822397552080474,123,-0.14541548989058983
SOLUSDT,15m,TEST,MOM,0.4,12,-0.0006089719844223667,-0.0022089719844223667,123,-0.2717035540839511
SOLUSDT,15m,TEST,CONTRA,0.4,12,0.0006089719844223667,-0.0009910280155776335,123,-0.12189644591604891
SOLUSDT,15m,TEST,MOM,0.5,1,-0.000573862216486622,-0.0021738622164866215,19,-0.04130338211324581
SOLUSDT,15m,TEST,CONTRA,0.5,1,0.000573862216486622,-0.001026137783513378,19,-0.01949661788675418
SOLUSDT,15m,TEST,MOM,0.5,2,-0.0003548591550917024,-0.001954859155091702,19,-0.037142323946742335
SOLUSDT,15m,TEST,CONTRA,0.5,2,0.0003548591550917024,-0.0012451408449082977,19,-0.023657676053257654
SOLUSDT,15m,TEST,MOM,0.5,3,-0.00063977631491615,-0.0022397763149161493,19,-0.04255574998340684
SOLUSDT,15m,TEST,CONTRA,0.5,3,0.00063977631491615,-0.0009602236850838501,19,-0.01824425001659315
SOLUSDT,15m,TEST,MOM,0.5,6,-0.0018338168613713658,-0.003433816861371366,19,-0.06524252036605595
SOLUSDT,15m,TEST,CONTRA,0.5,6,0.0018338168613713658,0.00023381686137136592,19,0.004442520366055952
SOLUSDT,15m,TEST,MOM,0.5,12,-0.00415784675858764,-0.005757846758587641,19,-0.10939908841316519
SOLUSDT,15m,TEST,CONTRA,0.5,12,0.00415784675858764,0.0025578467585876397,19,0.048599088413165153
SOLUSDT,15m,HOLDOUT,MOM,0.1,1,-7.936590583200496e-05,-0.001679365905832005,1576,-2.64668066759124
SOLUSDT,15m,HOLDOUT,CONTRA,0.1,1,7.936590583200496e-05,-0.0015206340941679953,1576,-2.3965193324087606
SOLUSDT,15m,HOLDOUT,MOM,0.1,2,-0.00024071598798830577,-0.001840715987988306,1575,-2.899127681081582
SOLUSDT,15m,HOLDOUT,CONTRA,0.1,2,0.00024071598798830577,-0.0013592840120116945,1575,-2.1408723189184187
SOLUSDT,15m,HOLDOUT,MOM,0.1,3,-0.0002814336990604967,-0.0018814336990604966,1575,-2.9632580760202822
SOLUSDT,15m,HOLDOUT,CONTRA,0.1,3,0.0002814336990604967,-0.0013185663009395033,1575,-2.076741923979718
SOLUSDT,15m,HOLDOUT,MOM,0.1,6,-0.0003816965089816023,-0.0019816965089816028,1574,-3.1191903051370424
SOLUSDT,15m,HOLDOUT,CONTRA,0.1,6,0.0003816965089816023,-0.0012183034910183978,1574,-1.9176096948629582
SOLUSDT,15m,HOLDOUT,MOM,0.1,12,-0.00028555246614602706,-0.0018855524661460271,1571,-2.9622029243154087
SOLUSDT,15m,HOLDOUT,CONTRA,0.1,12,0.00028555246614602706,-0.0013144475338539732,1571,-2.064997075684592
SOLUSDT,15m,HOLDOUT,MOM,0.2,1,-0.00013534017533329445,-0.0017353401753332945,577,-1.001291281167311
SOLUSDT,15m,HOLDOUT,CONTRA,0.2,1,0.00013534017533329445,-0.001464659824666706,577,-0.8451087188326893
SOLUSDT,15m,HOLDOUT,MOM,0.2,2,-0.000330031203671344,-0.001930031203671344,576,-1.111697973314694
SOLUSDT,15m,HOLDOUT,CONTRA,0.2,2,0.000330031203671344,-0.0012699687963286565,576,-0.7315020266853061
SOLUSDT,15m,HOLDOUT,MOM,0.2,3,-0.00033991232283087514,-0.0019399123228308755,576,-1.1173894979505843
SOLUSDT,15m,HOLDOUT,CONTRA,0.2,3,0.00033991232283087514,-0.0012600876771691253,576,-0.7258105020494161
SOLUSDT,15m,HOLDOUT,MOM,0.2,6,-0.0004048703344157964,-0.0020048703344157964,576,-1.1548053126234987
SOLUSDT,15m,HOLDOUT,CONTRA,0.2,6,0.0004048703344157964,-0.0011951296655842037,576,-0.6883946873765013
SOLUSDT,15m,HOLDOUT,MOM,0.2,12,-5.220195292229554e-05,-0.0016522019529222958,574,-0.9483639209773977
SOLUSDT,15m,HOLDOUT,CONTRA,0.2,12,5.220195292229554e-05,-0.0015477980470777046,574,-0.8884360790226025
SOLUSDT,15m,HOLDOUT,MOM,0.3,1,-5.494160312871952e-06,-0.0016054941603128722,144,-0.2311911590850536
SOLUSDT,15m,HOLDOUT,CONTRA,0.3,1,5.494160312871952e-06,-0.0015945058396871284,144,-0.2296088409149465
SOLUSDT,15m,HOLDOUT,MOM,0.3,2,-1.1002904692674867e-05,-0.0016110029046926752,144,-0.23198441827574523
SOLUSDT,15m,HOLDOUT,CONTRA,0.3,2,1.1002904692674867e-05,-0.0015889970953073254,144,-0.22881558172425487
SOLUSDT,15m,HOLDOUT,MOM,0.3,3,0.00012061343109163628,-0.0014793865689083636,144,-0.21303166592280437
SOLUSDT,15m,HOLDOUT,CONTRA,0.3,3,-0.00012061343109163628,-0.0017206134310916365,144,-0.24776833407719567
SOLUSDT,15m,HOLDOUT,MOM,0.3,6,0.0002609110504718222,-0.0013390889495281779,144,-0.1928288087320576
SOLUSDT,15m,HOLDOUT,CONTRA,0.3,6,-0.0002609110504718222,-0.0018609110504718225,144,-0.26797119126794244
SOLUSDT,15m,HOLDOUT,MOM,0.3,12,0.0007905635830124224,-0.0008094364169875776,142,-0.11493997121223601
SOLUSDT,15m,HOLDOUT,CONTRA,0.3,12,-0.0007905635830124224,-0.0023905635830124223,142,-0.33946002878776393
SOLUSDT,15m,HOLDOUT,MOM,0.4,1,-8.143138014116703e-05,-0.001681431380141167,20,-0.03362862760282334
SOLUSDT,15m,HOLDOUT,CONTRA,0.4,1,8.143138014116703e-05,-0.001518568619858833,20,-0.03037137239717666
SOLUSDT,15m,HOLDOUT,MOM,0.4,2,-0.00010470052918503115,-0.0017047005291850308,20,-0.03409401058370062
SOLUSDT,15m,HOLDOUT,CONTRA,0.4,2,0.00010470052918503115,-0.0014952994708149689,20,-0.029905989416299378
SOLUSDT,15m,HOLDOUT,MOM,0.4,3,0.00022037719490397567,-0.0013796228050960244,20,-0.027592456101920487
SOLUSDT,15m,HOLDOUT,CONTRA,0.4,3,-0.00022037719490397567,-0.0018203771949039753,20,-0.03640754389807951
SOLUSDT,15m,HOLDOUT,MOM,0.4,6,0.0009069921201629083,-0.0006930078798370917,20,-0.013860157596741834
SOLUSDT,15m,HOLDOUT,CONTRA,0.4,6,-0.0009069921201629083,-0.002506992120162908,20,-0.05013984240325816
SOLUSDT,15m,HOLDOUT,MOM,0.4,12,0.0011033812663259312,-0.000496618733674069,20,-0.009932374673481379
SOLUSDT,15m,HOLDOUT,CONTRA,0.4,12,-0.0011033812663259312,-0.0027033812663259313,20,-0.054067625326518626
SOLUSDT,15m,HOLDOUT,MOM,0.5,1,-0.0011391005601420663,-0.0027391005601420664,3,-0.0082173016804262
SOLUSDT,15m,HOLDOUT,CONTRA,0.5,1,0.0011391005601420663,-0.00046089943985793373,3,-0.0013826983195738011
SOLUSDT,15m,HOLDOUT,MOM,0.5,2,-0.0013128130680811385,-0.0029128130680811386,3,-0.008738439204243416
SOLUSDT,15m,HOLDOUT,CONTRA,0.5,2,0.0013128130680811385,-0.0002871869319188613,3,-0.0008615607957565838
SOLUSDT,15m,HOLDOUT,MOM,0.5,3,-0.00014931896405464182,-0.0017493189640546416,3,-0.005247956892163925
SOLUSDT,15m,HOLDOUT,CONTRA,0.5,3,0.00014931896405464182,-0.0014506810359453581,3,-0.004352043107836074
SOLUSDT,15m,HOLDOUT,MOM,0.5,6,0.0021236597532884316,0.0005236597532884317,3,0.0015709792598652952
SOLUSDT,15m,HOLDOUT,CONTRA,0.5,6,-0.0021236597532884316,-0.003723659753288431,3,-0.011170979259865293
SOLUSDT,15m,HOLDOUT,MOM,0.5,12,0.0020102183802369242,0.00041021838023692393,3,0.0012306551407107718
SOLUSDT,15m,HOLDOUT,CONTRA,0.5,12,-0.0020102183802369242,-0.003610218380236924,3,-0.010830655140710773
SOLUSDT,15m,TRAIN,MOM,0.1,1,-4.958107701348193e-05,-0.001649581077013482,5013,-8.269349939068585
SOLUSDT,15m,TRAIN,CONTRA,0.1,1,4.958107701348193e-05,-0.0015504189229865182,5013,-7.772250060931415
SOLUSDT,15m,TRAIN,MOM,0.1,2,1.4169093200433205e-05,-0.0015858309067995667,5013,-7.949770335786228
SOLUSDT,15m,TRAIN,CONTRA,0.1,2,-1.4169093200433205e-05,-0.0016141690932004334,5013,-8.091829664213773
SOLUSDT,15m,TRAIN,MOM,0.1,3,3.6216919299116276e-05,-0.0015637830807008837,5013,-7.83924458355353
SOLUSDT,15m,TRAIN,CONTRA,0.1,3,-3.6216919299116276e-05,-0.0016362169192991162,5013,-8.20235541644647
SOLUSDT,15m,TRAIN,MOM,0.1,6,-1.3627266222863055e-05,-0.0016136272662228633,5011,-8.085886231042767
SOLUSDT,15m,TRAIN,CONTRA,0.1,6,1.3627266222863055e-05,-0.001586372733777137,5011,-7.949313768957234
SOLUSDT,15m,TRAIN,MOM,0.1,12,-0.00012722078501212444,-0.0017272207850121248,5007,-8.648194470555708
SOLUSDT,15m,TRAIN,CONTRA,0.1,12,0.00012722078501212444,-0.0014727792149878756,5007,-7.374205529444294
SOLUSDT,15m,TRAIN,MOM,0.2,1,-3.0449390804898963e-05,-0.0016304493908048993,2279,-3.7157941616443653
SOLUSDT,15m,TRAIN,CONTRA,0.2,1,3.0449390804898963e-05,-0.0015695506091951013,2279,-3.577005838355636
SOLUSDT,15m,TRAIN,MOM,0.2,2,2.36532766024363e-05,-0.001576346723397564,2279,-3.5924941826230485
SOLUSDT,15m,TRAIN,CONTRA,0.2,2,-2.36532766024363e-05,-0.0016236532766024363,2279,-3.7003058173769525
SOLUSDT,15m,TRAIN,MOM,0.2,3,4.528210071112011e-05,-0.00155471789928888,2279,-3.5432020924793575
SOLUSDT,15m,TRAIN,CONTRA,0.2,3,-4.528210071112011e-05,-0.0016452821007111203,2279,-3.749597907520643
SOLUSDT,15m,TRAIN,MOM,0.2,6,6.671357145891497e-05,-0.0015332864285410855,2277,-3.4912931977880515
SOLUSDT,15m,TRAIN,CONTRA,0.2,6,-6.671357145891497e-05,-0.0016667135714589151,2277,-3.79510680221195
SOLUSDT,15m,TRAIN,MOM,0.2,12,9.137369139529504e-05,-0.0015086263086047053,2276,-3.433633478384309
SOLUSDT,15m,TRAIN,CONTRA,0.2,12,-9.137369139529504e-05,-0.0016913736913952953,2276,-3.8495665216156922
SOLUSDT,15m,TRAIN,MOM,0.3,1,-7.334169813465267e-05,-0.0016733416981346528,790,-1.3219399415263757
SOLUSDT,15m,TRAIN,CONTRA,0.3,1,7.334169813465267e-05,-0.0015266583018653476,790,-1.2060600584736245
SOLUSDT,15m,TRAIN,MOM,0.3,2,-0.00012123869523914209,-0.0017212386952391422,790,-1.3597785692389224
SOLUSDT,15m,TRAIN,CONTRA,0.3,2,0.00012123869523914209,-0.0014787613047608581,790,-1.1682214307610779
SOLUSDT,15m,TRAIN,MOM,0.3,3,-1.7852305336805123e-05,-0.0016178523053368052,790,-1.2781033212160762
SOLUSDT,15m,TRAIN,CONTRA,0.3,3,1.7852305336805123e-05,-0.0015821476946631947,790,-1.2498966787839239
SOLUSDT,15m,TRAIN,MOM,0.3,6,0.0002486188953744331,-0.0013513811046255671,790,-1.067591072654198
SOLUSDT,15m,TRAIN,CONTRA,0.3,6,-0.0002486188953744331,-0.001848618895374433,790,-1.460408927345802
SOLUSDT,15m,TRAIN,MOM,0.3,12,0.00019711317535891243,-0.0014028868246410877,790,-1.1082805914664593
SOLUSDT,15m,TRAIN,CONTRA,0.3,12,-0.00019711317535891243,-0.0017971131753589126,790,-1.419719408533541
SOLUSDT,15m,TRAIN,MOM,0.4,1,0.0001148681420433821,-0.0014851318579566179,172,-0.2554426795685383
SOLUSDT,15m,TRAIN,CONTRA,0.4,1,-0.0001148681420433821,-0.001714868142043382,172,-0.2949573204314617
SOLUSDT,15m,TRAIN,MOM,0.4,2,0.00017699175122997394,-0.0014230082487700262,172,-0.2447574187884445
SOLUSDT,15m,TRAIN,CONTRA,0.4,2,-0.00017699175122997394,-0.001776991751229974,172,-0.3056425812115555
SOLUSDT,15m,TRAIN,MOM,0.4,3,0.00014335064647797978,-0.0014566493535220202,172,-0.2505436888057875
SOLUSDT,15m,TRAIN,CONTRA,0.4,3,-0.00014335064647797978,-0.0017433506464779797,172,-0.2998563111942125
SOLUSDT,15m,TRAIN,MOM,0.4,6,0.0009955543240278064,-0.0006044456759721938,172,-0.10396465626721733
SOLUSDT,15m,TRAIN,CONTRA,0.4,6,-0.0009955543240278064,-0.0025955543240278062,172,-0.44643534373278265
SOLUSDT,15m,TRAIN,MOM,0.4,12,0.001650790322993388,5.0790322993387976e-05,172,0.008735935554862732
SOLUSDT,15m,TRAIN,CONTRA,0.4,12,-0.001650790322993388,-0.003250790322993388,172,-0.5591359355548627
SOLUSDT,15m,TRAIN,MOM,0.5,1,-1.806170695572984e-05,-0.00161806170695573,19,-0.030743172432158867
SOLUSDT,15m,TRAIN,CONTRA,0.5,1,1.806170695572984e-05,-0.0015819382930442702,19,-0.030056827567841133
SOLUSDT,15m,TRAIN,MOM,0.5,2,-3.5071552379438065e-05,-0.001635071552379438,19,-0.031066359495209323
SOLUSDT,15m,TRAIN,CONTRA,0.5,2,3.5071552379438065e-05,-0.001564928447620562,19,-0.02973364050479068
SOLUSDT,15m,TRAIN,MOM,0.5,3,0.00044617957025124656,-0.0011538204297487534,19,-0.021922588165226315
SOLUSDT,15m,TRAIN,CONTRA,0.5,3,-0.00044617957025124656,-0.002046179570251246,19,-0.038877411834773674
SOLUSDT,15m,TRAIN,MOM,0.5,6,0.0009523069464988552,-0.0006476930535011449,19,-0.012306168016521752
SOLUSDT,15m,TRAIN,CONTRA,0.5,6,-0.0009523069464988552,-0.0025523069464988544,19,-0.04849383198347824
SOLUSDT,15m,TRAIN,MOM,0.5,12,0.0012272787801903317,-0.00037272121980966847,19,-0.007081703176383701
SOLUSDT,15m,TRAIN,CONTRA,0.5,12,-0.0012272787801903317,-0.002827278780190333,19,-0.05371829682361633
SOLUSDT,15m,TEST,MOM,0.1,1,5.650664298094064e-05,-0.0015434933570190599,3432,-5.297269201289414
SOLUSDT,15m,TEST,CONTRA,0.1,1,-5.650664298094064e-05,-0.0016565066429809407,3432,-5.685130798710588
SOLUSDT,15m,TEST,MOM,0.1,2,4.9718472380992105e-05,-0.0015502815276190079,3432,-5.320566202788435
SOLUSDT,15m,TEST,CONTRA,0.1,2,-4.9718472380992105e-05,-0.0016497184723809923,3432,-5.661833797211566
SOLUSDT,15m,TEST,MOM,0.1,3,4.95047000774384e-05,-0.0015504952999225614,3432,-5.321299869334231
SOLUSDT,15m,TEST,CONTRA,0.1,3,-4.95047000774384e-05,-0.0016495047000774385,3432,-5.661100130665769
SOLUSDT,15m,TEST,MOM,0.1,6,8.398105556723706e-06,-0.0015916018944432764,3429,-5.457602896045994
SOLUSDT,15m,TEST,CONTRA,0.1,6,-8.398105556723706e-06,-0.0016083981055567238,3429,-5.515197103954006
SOLUSDT,15m,TEST,MOM,0.1,12,-0.0001849361242910462,-0.0017849361242910464,3426,-6.115191161821125
SOLUSDT,15m,TEST,CONTRA,0.1,12,0.0001849361242910462,-0.001415063875708954,3426,-4.848008838178877
SOLUSDT,15m,TEST,MOM,0.2,1,-4.386587396629392e-06,-0.0016043865873966296,1548,-2.4835904372899824
SOLUSDT,15m,TEST,CONTRA,0.2,1,4.386587396629392e-06,-0.0015956134126033706,1548,-2.470009562710018
SOLUSDT,15m,TEST,MOM,0.2,2,3.521245184256582e-05,-0.0015647875481574344,1548,-2.4222911245477086
SOLUSDT,15m,TEST,CONTRA,0.2,2,-3.521245184256582e-05,-0.001635212451842566,1548,-2.531308875452292
SOLUSDT,15m,TEST,MOM,0.2,3,-4.0327709371356295e-05,-0.0016403277093713564,1548,-2.5392272941068597
SOLUSDT,15m,TEST,CONTRA,0.2,3,4.0327709371356295e-05,-0.0015596722906286438,1548,-2.4143727058931406
SOLUSDT,15m,TEST,MOM,0.2,6,-0.00019837363660213955,-0.00179837363660214,1545,-2.778487268550306
SOLUSDT,15m,TEST,CONTRA,0.2,6,0.00019837363660213955,-0.0014016263633978604,1545,-2.1655127314496943
SOLUSDT,15m,TEST,MOM,0.2,12,-0.0001797257034559695,-0.0017797257034559697,1543,-2.746116760432561
SOLUSDT,15m,TEST,CONTRA,0.2,12,0.0001797257034559695,-0.0014202742965440304,1543,-2.191483239567439
SOLUSDT,15m,TEST,MOM,0.3,1,-0.00012914061330673838,-0.0017291406133067386,487,-0.8420914786803817
SOLUSDT,15m,TEST,CONTRA,0.3,1,0.00012914061330673838,-0.001470859386693262,487,-0.7163085213196185
SOLUSDT,15m,TEST,MOM,0.3,2,-8.02082841292658e-05,-0.0016802082841292658,487,-0.8182614343709524
SOLUSDT,15m,TEST,CONTRA,0.3,2,8.02082841292658e-05,-0.0015197917158707344,487,-0.7401385656290477
SOLUSDT,15m,TEST,MOM,0.3,3,-0.00016040747659897656,-0.0017604074765989763,487,-0.8573184411037015
SOLUSDT,15m,TEST,CONTRA,0.3,3,0.00016040747659897656,-0.0014395925234010232,487,-0.7010815588962983
SOLUSDT,15m,TEST,MOM,0.3,6,-0.000499142477284858,-0.002099142477284858,487,-1.0222823864377257
SOLUSDT,15m,TEST,CONTRA,0.3,6,0.000499142477284858,-0.0011008575227151422,487,-0.5361176135622743
SOLUSDT,15m,TEST,MOM,0.3,12,-0.00012350198877617054,-0.0017235019887761702,487,-0.8393454685339949
SOLUSDT,15m,TEST,CONTRA,0.3,12,0.00012350198877617054,-0.0014764980112238297,487,-0.7190545314660051
SOLUSDT,15m,TEST,MOM,0.4,1,-0.00014790823867461721,-0.001747908238674617,123,-0.2149927133569779
SOLUSDT,15m,TEST,CONTRA,0.4,1,0.00014790823867461721,-0.001452091761325383,123,-0.1786072866430221
SOLUSDT,15m,TEST,MOM,0.4,2,-0.00012069129903656764,-0.0017206912990365673,123,-0.21164502978149777
SOLUSDT,15m,TEST,CONTRA,0.4,2,0.00012069129903656764,-0.0014793087009634322,123,-0.18195497021850215
SOLUSDT,15m,TEST,MOM,0.4,3,-0.00032233007660471293,-0.0019223300766047127,123,-0.23644659942237967
SOLUSDT,15m,TEST,CONTRA,0.4,3,0.00032233007660471293,-0.0012776699233952868,123,-0.15715340057762028
SOLUSDT,15m,TEST,MOM,0.4,6,-0.00041776024479195237,-0.0020177602447919523,123,-0.24818451010941012
SOLUSDT,15m,TEST,CONTRA,0.4,6,0.00041776024479195237,-0.0011822397552080474,123,-0.14541548989058983
SOLUSDT,15m,TEST,MOM,0.4,12,-0.0006089719844223667,-0.0022089719844223667,123,-0.2717035540839511
SOLUSDT,15m,TEST,CONTRA,0.4,12,0.0006089719844223667,-0.0009910280155776335,123,-0.12189644591604891
SOLUSDT,15m,TEST,MOM,0.5,1,-0.000573862216486622,-0.0021738622164866215,19,-0.04130338211324581
SOLUSDT,15m,TEST,CONTRA,0.5,1,0.000573862216486622,-0.001026137783513378,19,-0.01949661788675418
SOLUSDT,15m,TEST,MOM,0.5,2,-0.0003548591550917024,-0.001954859155091702,19,-0.037142323946742335
SOLUSDT,15m,TEST,CONTRA,0.5,2,0.0003548591550917024,-0.0012451408449082977,19,-0.023657676053257654
SOLUSDT,15m,TEST,MOM,0.5,3,-0.00063977631491615,-0.0022397763149161493,19,-0.04255574998340684
SOLUSDT,15m,TEST,CONTRA,0.5,3,0.00063977631491615,-0.0009602236850838501,19,-0.01824425001659315
SOLUSDT,15m,TEST,MOM,0.5,6,-0.0018338168613713658,-0.003433816861371366,19,-0.06524252036605595
SOLUSDT,15m,TEST,CONTRA,0.5,6,0.0018338168613713658,0.00023381686137136592,19,0.004442520366055952
SOLUSDT,15m,TEST,MOM,0.5,12,-0.00415784675858764,-0.005757846758587641,19,-0.10939908841316519
SOLUSDT,15m,TEST,CONTRA,0.5,12,0.00415784675858764,0.0025578467585876397,19,0.048599088413165153
SOLUSDT,15m,HOLDOUT,MOM,0.1,1,-7.936590583200496e-05,-0.001679365905832005,1576,-2.64668066759124
SOLUSDT,15m,HOLDOUT,CONTRA,0.1,1,7.936590583200496e-05,-0.0015206340941679953,1576,-2.3965193324087606
SOLUSDT,15m,HOLDOUT,MOM,0.1,2,-0.00024071598798830577,-0.001840715987988306,1575,-2.899127681081582
SOLUSDT,15m,HOLDOUT,CONTRA,0.1,2,0.00024071598798830577,-0.0013592840120116945,1575,-2.1408723189184187
SOLUSDT,15m,HOLDOUT,MOM,0.1,3,-0.0002814336990604967,-0.0018814336990604966,1575,-2.9632580760202822
SOLUSDT,15m,HOLDOUT,CONTRA,0.1,3,0.0002814336990604967,-0.0013185663009395033,1575,-2.076741923979718
SOLUSDT,15m,HOLDOUT,MOM,0.1,6,-0.0003816965089816023,-0.0019816965089816028,1574,-3.1191903051370424
SOLUSDT,15m,HOLDOUT,CONTRA,0.1,6,0.0003816965089816023,-0.0012183034910183978,1574,-1.9176096948629582
SOLUSDT,15m,HOLDOUT,MOM,0.1,12,-0.00028555246614602706,-0.0018855524661460271,1571,-2.9622029243154087
SOLUSDT,15m,HOLDOUT,CONTRA,0.1,12,0.00028555246614602706,-0.0013144475338539732,1571,-2.064997075684592
SOLUSDT,15m,HOLDOUT,MOM,0.2,1,-0.00013534017533329445,-0.0017353401753332945,577,-1.001291281167311
SOLUSDT,15m,HOLDOUT,CONTRA,0.2,1,0.00013534017533329445,-0.001464659824666706,577,-0.8451087188326893
SOLUSDT,15m,HOLDOUT,MOM,0.2,2,-0.000330031203671344,-0.001930031203671344,576,-1.111697973314694
SOLUSDT,15m,HOLDOUT,CONTRA,0.2,2,0.000330031203671344,-0.0012699687963286565,576,-0.7315020266853061
SOLUSDT,15m,HOLDOUT,MOM,0.2,3,-0.00033991232283087514,-0.0019399123228308755,576,-1.1173894979505843
SOLUSDT,15m,HOLDOUT,CONTRA,0.2,3,0.00033991232283087514,-0.0012600876771691253,576,-0.7258105020494161
SOLUSDT,15m,HOLDOUT,MOM,0.2,6,-0.0004048703344157964,-0.0020048703344157964,576,-1.1548053126234987
SOLUSDT,15m,HOLDOUT,CONTRA,0.2,6,0.0004048703344157964,-0.0011951296655842037,576,-0.6883946873765013
SOLUSDT,15m,HOLDOUT,MOM,0.2,12,-5.220195292229554e-05,-0.0016522019529222958,574,-0.9483639209773977
SOLUSDT,15m,HOLDOUT,CONTRA,0.2,12,5.220195292229554e-05,-0.0015477980470777046,574,-0.8884360790226025
SOLUSDT,15m,HOLDOUT,MOM,0.3,1,-5.494160312871952e-06,-0.0016054941603128722,144,-0.2311911590850536
SOLUSDT,15m,HOLDOUT,CONTRA,0.3,1,5.494160312871952e-06,-0.0015945058396871284,144,-0.2296088409149465
SOLUSDT,15m,HOLDOUT,MOM,0.3,2,-1.1002904692674867e-05,-0.0016110029046926752,144,-0.23198441827574523
SOLUSDT,15m,HOLDOUT,CONTRA,0.3,2,1.1002904692674867e-05,-0.0015889970953073254,144,-0.22881558172425487
SOLUSDT,15m,HOLDOUT,MOM,0.3,3,0.00012061343109163628,-0.0014793865689083636,144,-0.21303166592280437
SOLUSDT,15m,HOLDOUT,CONTRA,0.3,3,-0.00012061343109163628,-0.0017206134310916365,144,-0.24776833407719567
SOLUSDT,15m,HOLDOUT,MOM,0.3,6,0.0002609110504718222,-0.0013390889495281779,144,-0.1928288087320576
SOLUSDT,15m,HOLDOUT,CONTRA,0.3,6,-0.0002609110504718222,-0.0018609110504718225,144,-0.26797119126794244
SOLUSDT,15m,HOLDOUT,MOM,0.3,12,0.0007905635830124224,-0.0008094364169875776,142,-0.11493997121223601
SOLUSDT,15m,HOLDOUT,CONTRA,0.3,12,-0.0007905635830124224,-0.0023905635830124223,142,-0.33946002878776393
SOLUSDT,15m,HOLDOUT,MOM,0.4,1,-8.143138014116703e-05,-0.001681431380141167,20,-0.03362862760282334
SOLUSDT,15m,HOLDOUT,CONTRA,0.4,1,8.143138014116703e-05,-0.001518568619858833,20,-0.03037137239717666
SOLUSDT,15m,HOLDOUT,MOM,0.4,2,-0.00010470052918503115,-0.0017047005291850308,20,-0.03409401058370062
SOLUSDT,15m,HOLDOUT,CONTRA,0.4,2,0.00010470052918503115,-0.0014952994708149689,20,-0.029905989416299378
SOLUSDT,15m,HOLDOUT,MOM,0.4,3,0.00022037719490397567,-0.0013796228050960244,20,-0.027592456101920487
SOLUSDT,15m,HOLDOUT,CONTRA,0.4,3,-0.00022037719490397567,-0.0018203771949039753,20,-0.03640754389807951
SOLUSDT,15m,HOLDOUT,MOM,0.4,6,0.0009069921201629083,-0.0006930078798370917,20,-0.013860157596741834
SOLUSDT,15m,HOLDOUT,CONTRA,0.4,6,-0.0009069921201629083,-0.002506992120162908,20,-0.05013984240325816
SOLUSDT,15m,HOLDOUT,MOM,0.4,12,0.0011033812663259312,-0.000496618733674069,20,-0.009932374673481379
SOLUSDT,15m,HOLDOUT,CONTRA,0.4,12,-0.0011033812663259312,-0.0027033812663259313,20,-0.054067625326518626
SOLUSDT,15m,HOLDOUT,MOM,0.5,1,-0.0011391005601420663,-0.0027391005601420664,3,-0.0082173016804262
SOLUSDT,15m,HOLDOUT,CONTRA,0.5,1,0.0011391005601420663,-0.00046089943985793373,3,-0.0013826983195738011
SOLUSDT,15m,HOLDOUT,MOM,0.5,2,-0.0013128130680811385,-0.0029128130680811386,3,-0.008738439204243416
SOLUSDT,15m,HOLDOUT,CONTRA,0.5,2,0.0013128130680811385,-0.0002871869319188613,3,-0.0008615607957565838
SOLUSDT,15m,HOLDOUT,MOM,0.5,3,-0.00014931896405464182,-0.0017493189640546416,3,-0.005247956892163925
SOLUSDT,15m,HOLDOUT,CONTRA,0.5,3,0.00014931896405464182,-0.0014506810359453581,3,-0.004352043107836074
SOLUSDT,15m,HOLDOUT,MOM,0.5,6,0.0021236597532884316,0.0005236597532884317,3,0.0015709792598652952
SOLUSDT,15m,HOLDOUT,CONTRA,0.5,6,-0.0021236597532884316,-0.003723659753288431,3,-0.011170979259865293
SOLUSDT,15m,HOLDOUT,MOM,0.5,12,0.0020102183802369242,0.00041021838023692393,3,0.0012306551407107718
SOLUSDT,15m,HOLDOUT,CONTRA,0.5,12,-0.0020102183802369242,-0.003610218380236924,3,-0.010830655140710773
