symbol,interval,period,mode,threshold,horizon,lookback,mean,trades,total
BTCUSDT,5m,TRAIN,MOM,0.2,1,1,-0.0012126166028441248,10106,-12.254703388342724
BTCUSDT,5m,TRAIN,MOM,0.2,1,3,-0.0012225644414087132,8798,-10.756121955513859
BTCUSDT,5m,TRAIN,MOM,0.2,1,6,-0.0012203103221183178,7674,-9.36466141193597
BTCUSDT,5m,TRAIN,MOM,0.2,3,1,-0.001227495106787717,10106,-12.405065549196667
BTCUSDT,5m,TRAIN,MOM,0.2,3,3,-0.0012533930542950264,8798,-11.027352091687643
BTCUSDT,5m,TRAIN,MOM,0.2,3,6,-0.0012335036189574686,7674,-9.465906771879613
BTCUSDT,5m,TRAIN,MOM,0.2,6,1,-0.0012601256662695469,10106,-12.73482998332004
BTCUSDT,5m,TRAIN,MOM,0.2,6,3,-0.001296672446940784,8797,-11.406827515738078
BTCUSDT,5m,TRAIN,MOM,0.2,6,6,-0.0012450449662530245,7674,-9.55447507102571
BTCUSDT,5m,TRAIN,MOM,0.3,1,1,-0.0012289029445230414,5549,-6.819182439158356
BTCUSDT,5m,TRAIN,MOM,0.3,1,3,-0.001235503079921102,4851,-5.9934254406972665
BTCUSDT,5m,TRAIN,MOM,0.3,1,6,-0.0012439046828466994,4254,-5.291570520829859
BTCUSDT,5m,TRAIN,MOM,0.3,3,1,-0.0012660496553835042,5549,-7.025309537723064
BTCUSDT,5m,TRAIN,MOM,0.3,3,3,-0.0012881801326442347,4851,-6.248961823457183
BTCUSDT,5m,TRAIN,MOM,0.3,3,6,-0.001293394728511225,4254,-5.502101175086752
BTCUSDT,5m,TRAIN,MOM,0.3,6,1,-0.0013084491843735372,5549,-7.260584524088758
BTCUSDT,5m,TRAIN,MOM,0.3,6,3,-0.001335508230434168,4851,-6.478550425836149
BTCUSDT,5m,TRAIN,MOM,0.3,6,6,-0.0013101894913568923,4254,-5.57354609623222
BTCUSDT,5m,TRAIN,MOM,0.4,1,1,-0.0012026840437897029,2463,-2.962210799854038
BTCUSDT,5m,TRAIN,MOM,0.4,1,3,-0.0012070002658636475,2178,-2.6288465790510243
BTCUSDT,5m,TRAIN,MOM,0.4,1,6,-0.001207863296772419,1901,-2.2961481271643684
BTCUSDT,5m,TRAIN,MOM,0.4,3,1,-0.0012345041129905952,2463,-3.040583630295836
BTCUSDT,5m,TRAIN,MOM,0.4,3,3,-0.0012625078999920782,2178,-2.7497422061827463
BTCUSDT,5m,TRAIN,MOM,0.4,3,6,-0.0012599327185692033,1901,-2.3951320980000554
BTCUSDT,5m,TRAIN,MOM,0.4,6,1,-0.0012863335564330895,2463,-3.1682395494946993
BTCUSDT,5m,TRAIN,MOM,0.4,6,3,-0.0013233852906731956,2178,-2.88233316308622
BTCUSDT,5m,TRAIN,MOM,0.4,6,6,-0.0012983501505064486,1901,-2.468163636112759
BTCUSDT,5m,TRAIN,MOM,0.5,1,1,-0.001227763281426637,868,-1.065698528278321
BTCUSDT,5m,TRAIN,MOM,0.5,1,3,-0.0012147405794218436,773,-0.938994467893085
BTCUSDT,5m,TRAIN,MOM,0.5,1,6,-0.001203031737305044,677,-0.8144524861555149
BTCUSDT,5m,TRAIN,MOM,0.5,3,1,-0.001317706414842202,868,-1.1437691680830313
BTCUSDT,5m,TRAIN,MOM,0.5,3,3,-0.0013219669402860018,773,-1.0218804448410794
BTCUSDT,5m,TRAIN,MOM,0.5,3,6,-0.0013334885323175254,677,-0.9027717363789647
BTCUSDT,5m,TRAIN,MOM,0.5,6,1,-0.0013743593268537014,868,-1.1929438957090128
BTCUSDT,5m,TRAIN,MOM,0.5,6,3,-0.0013808581963790194,773,-1.067403385800982
BTCUSDT,5m,TRAIN,MOM,0.5,6,6,-0.0013568057969680623,677,-0.9185575245473782
BTCUSDT,5m,TEST,MOM,0.2,1,1,-0.001217586970593909,7361,-8.962657690541764
BTCUSDT,5m,TEST,MOM,0.2,1,3,-0.0012170570912161257,6249,-7.605389763009569
BTCUSDT,5m,TEST,MOM,0.2,1,6,-0.001226740939513771,5505,-6.753208872023309
BTCUSDT,5m,TEST,MOM,0.2,3,1,-0.0012163811744176625,7361,-8.953781824888413
BTCUSDT,5m,TEST,MOM,0.2,3,3,-0.0012326828271811315,6249,-7.703034987054891
BTCUSDT,5m,TEST,MOM,0.2,3,6,-0.0012364520819976254,5505,-6.806668711396927
BTCUSDT,5m,TEST,MOM,0.2,6,1,-0.0012257924157656212,7360,-9.021832180034972
BTCUSDT,5m,TEST,MOM,0.2,6,3,-0.0012581815800275314,6247,-7.859860330431988
BTCUSDT,5m,TEST,MOM,0.2,6,6,-0.0012652209662671464,5505,-6.965041419300641
BTCUSDT,5m,TEST,MOM,0.3,1,1,-0.0012047508524252253,4432,-5.339455777948599
BTCUSDT,5m,TEST,MOM,0.3,1,3,-0.00120464428468739,3767,-4.537895020417398
BTCUSDT,5m,TEST,MOM,0.3,1,6,-0.0012128992887454055,3264,-3.958903278465004
BTCUSDT,5m,TEST,MOM,0.3,3,1,-0.0011977825437339369,4432,-5.308572233828809
BTCUSDT,5m,TEST,MOM,0.3,3,3,-0.0012102740425991383,3767,-4.559102318470954
BTCUSDT,5m,TEST,MOM,0.3,3,6,-0.0012116940783531188,3264,-3.9549694717445796
BTCUSDT,5m,TEST,MOM,0.3,6,1,-0.0012237209339842096,4431,-5.422307458484033
BTCUSDT,5m,TEST,MOM,0.3,6,3,-0.0012587375200691473,3766,-4.740405500580408
BTCUSDT,5m,TEST,MOM,0.3,6,6,-0.0012504882823630116,3264,-4.08159375363287
BTCUSDT,5m,TEST,MOM,0.4,1,1,-0.0011951410268282376,2216,-2.6484325154513746
BTCUSDT,5m,TEST,MOM,0.4,1,3,-0.001202479709613486,1910,-2.296736245361758
BTCUSDT,5m,TEST,MOM,0.4,1,6,-0.0012201801913363183,1662,-2.027939478000961
BTCUSDT,5m,TEST,MOM,0.4,3,1,-0.0012089977811255617,2216,-2.6791390829742445
BTCUSDT,5m,TEST,MOM,0.4,3,3,-0.0012276218214028747,1910,-2.344757678879491
BTCUSDT,5m,TEST,MOM,0.4,3,6,-0.0012387651061005877,1662,-2.0588276063391766
BTCUSDT,5m,TEST,MOM,0.4,6,1,-0.001229945356757738,2216,-2.725558910575147
BTCUSDT,5m,TEST,MOM,0.4,6,3,-0.0012659475902965717,1910,-2.417959897466452
BTCUSDT,5m,TEST,MOM,0.4,6,6,-0.00128425684086489,1662,-2.134434869517447
BTCUSDT,5m,TEST,MOM,0.5,1,1,-0.0011734527160575906,990,-1.1617181888970147
BTCUSDT,5m,TEST,MOM,0.5,1,3,-0.0011780118388793883,868,-1.0225142761473092
BTCUSDT,5m,TEST,MOM,0.5,1,6,-0.001184743893051063,757,-0.8968511270396547
BTCUSDT,5m,TEST,MOM,0.5,3,1,-0.0011825614978345205,990,-1.1707358828561754
BTCUSDT,5m,TEST,MOM,0.5,3,3,-0.0011831683149419064,868,-1.0269900973695747
BTCUSDT,5m,TEST,MOM,0.5,3,6,-0.0012043311302880066,757,-0.911678665628021
BTCUSDT,5m,TEST,MOM,0.5,6,1,-0.0011908676293920953,990,-1.1789589530981743
BTCUSDT,5m,TEST,MOM,0.5,6,3,-0.001167457364738207,868,-1.0133529925927638
BTCUSDT,5m,TEST,MOM,0.5,6,6,-0.0012116591226670663,757,-0.9172259558589693
BTCUSDT,5m,HOLDOUT,MOM,0.2,1,1,-0.0012315943708607886,3802,-4.6825217980127185
BTCUSDT,5m,HOLDOUT,MOM,0.2,1,3,-0.001230075037324049,3374,-4.150273175931341
BTCUSDT,5m,HOLDOUT,MOM,0.2,1,6,-0.0012509155770759994,2975,-3.721473841801098
BTCUSDT,5m,HOLDOUT,MOM,0.2,3,1,-0.0012356327611561376,3801,-4.696640125154479
BTCUSDT,5m,HOLDOUT,MOM,0.2,3,3,-0.001232649492099784,3374,-4.158959386344671
BTCUSDT,5m,HOLDOUT,MOM,0.2,3,6,-0.0012834782091445847,2975,-3.8183476722051397
BTCUSDT,5m,HOLDOUT,MOM,0.2,6,1,-0.001297753355329542,3800,-4.93146275025226
BTCUSDT,5m,HOLDOUT,MOM,0.2,6,3,-0.0013083354175142318,3374,-4.4143236986930185
BTCUSDT,5m,HOLDOUT,MOM,0.2,6,6,-0.0013379672498535753,2974,-3.9791146010645333
BTCUSDT,5m,HOLDOUT,MOM,0.3,1,1,-0.001233651501215755,2320,-2.862071482820552
BTCUSDT,5m,HOLDOUT,MOM,0.3,1,3,-0.0012418562037123189,2041,-2.534628511776843
BTCUSDT,5m,HOLDOUT,MOM,0.3,1,6,-0.0012607609078624281,1762,-2.2214607196535985
BTCUSDT,5m,HOLDOUT,MOM,0.3,3,1,-0.0012580246324471408,2320,-2.9186171472773665
BTCUSDT,5m,HOLDOUT,MOM,0.3,3,3,-0.0012731330381949896,2041,-2.5984645309559737
BTCUSDT,5m,HOLDOUT,MOM,0.3,3,6,-0.0013262684477332782,1762,-2.336885004906036
BTCUSDT,5m,HOLDOUT,MOM,0.3,6,1,-0.0013142293185963462,2319,-3.0476977898249267
BTCUSDT,5m,HOLDOUT,MOM,0.3,6,3,-0.0013313930442342397,2041,-2.7173732032820834
BTCUSDT,5m,HOLDOUT,MOM,0.3,6,6,-0.001379400717215472,1761,-2.429124663016446
BTCUSDT,5m,HOLDOUT,MOM,0.4,1,1,-0.0012027257340075754,1170,-1.4071891087888633
BTCUSDT,5m,HOLDOUT,MOM,0.4,1,3,-0.0012039657177962285,1036,-1.2473084836368926
BTCUSDT,5m,HOLDOUT,MOM,0.4,1,6,-0.001245773987135981,886,-1.103755752602479
BTCUSDT,5m,HOLDOUT,MOM,0.4,3,1,-0.0012376434459692573,1170,-1.448042831784031
BTCUSDT,5m,HOLDOUT,MOM,0.4,3,3,-0.0012213334539450055,1036,-1.2653014582870257
BTCUSDT,5m,HOLDOUT,MOM,0.4,3,6,-0.0013066921921260203,886,-1.157729282223654
BTCUSDT,5m,HOLDOUT,MOM,0.4,6,1,-0.0012015199385273898,1169,-1.4045768081385186
BTCUSDT,5m,HOLDOUT,MOM,0.4,6,3,-0.0011790130153642687,1036,-1.2214574839173824
BTCUSDT,5m,HOLDOUT,MOM,0.4,6,6,-0.001271015382196651,885,-1.124848613244036
BTCUSDT,5m,HOLDOUT,MOM,0.5,1,1,-0.00120774784663352,498,-0.6014584276234929
BTCUSDT,5m,HOLDOUT,MOM,0.5,1,3,-0.0012162349847310234,451,-0.5485219781136915
BTCUSDT,5m,HOLDOUT,MOM,0.5,1,6,-0.0012451752924732497,384,-0.47814731230972785
BTCUSDT,5m,HOLDOUT,MOM,0.5,3,1,-0.0012766346092173923,498,-0.6357640353902614
BTCUSDT,5m,HOLDOUT,MOM,0.5,3,3,-0.0012785268534931055,451,-0.5766156109253906
BTCUSDT,5m,HOLDOUT,MOM,0.5,3,6,-0.001291723826734575,384,-0.4960219494660768
BTCUSDT,5m,HOLDOUT,MOM,0.5,6,1,-0.0012542872805961307,498,-0.6246350657368731
BTCUSDT,5m,HOLDOUT,MOM,0.5,6,3,-0.0012735971977128216,451,-0.5743923361684825
BTCUSDT,5m,HOLDOUT,MOM,0.5,6,6,-0.0012585923387709301,384,-0.4832994580880372
BTCUSDT,5m,TRAIN,CONTRA,0.2,1,1,-0.0011914480220511629,1419,-1.6906647432906001
BTCUSDT,5m,TRAIN,CONTRA,0.2,1,3,-0.0011691189023157345,2739,-3.2022166734427966
BTCUSDT,5m,TRAIN,CONTRA,0.2,1,6,-0.0011883484068524837,3865,-4.592966592484849
BTCUSDT,5m,TRAIN,CONTRA,0.2,3,1,-0.0012059067382305382,1418,-1.7099757548109031
BTCUSDT,5m,TRAIN,CONTRA,0.2,3,3,-0.001132241058605612,2738,-3.1000760184621656
BTCUSDT,5m,TRAIN,CONTRA,0.2,3,6,-0.001205535824904716,3864,-4.658190427431823
BTCUSDT,5m,TRAIN,CONTRA,0.2,6,1,-0.0012078497682153932,1416,-1.7103152717929968
BTCUSDT,5m,TRAIN,CONTRA,0.2,6,3,-0.0011152562774669752,2737,-3.052456431427111
BTCUSDT,5m,TRAIN,CONTRA,0.2,6,6,-0.0012686393394316926,3862,-4.899485128885197
BTCUSDT,5m,TRAIN,CONTRA,0.3,1,1,-0.0011765341380105922,531,-0.6247396272836245
BTCUSDT,5m,TRAIN,CONTRA,0.3,1,3,-0.0011783537232080503,1237,-1.4576235556083583
BTCUSDT,5m,TRAIN,CONTRA,0.3,1,6,-0.0011766081182125103,1834,-2.157899288801744
BTCUSDT,5m,TRAIN,CONTRA,0.3,3,1,-0.0012752132990789433,531,-0.677138261810919
BTCUSDT,5m,TRAIN,CONTRA,0.3,3,3,-0.0011812797951235448,1237,-1.461243106567825
BTCUSDT,5m,TRAIN,CONTRA,0.3,3,6,-0.001201670547159553,1834,-2.2038637834906205
BTCUSDT,5m,TRAIN,CONTRA,0.3,6,1,-0.0013760080731650328,531,-0.7306602868506324
BTCUSDT,5m,TRAIN,CONTRA,0.3,6,3,-0.0012298926350657984,1237,-1.5213771895763926
BTCUSDT,5m,TRAIN,CONTRA,0.3,6,6,-0.0013209047667604495,1834,-2.4225393422386645
BTCUSDT,5m,TRAIN,CONTRA,0.4,1,1,-0.001077746673132058,194,-0.20908285458761927
BTCUSDT,5m,TRAIN,CONTRA,0.4,1,3,-0.0011298537742964276,483,-0.5457193729851746
BTCUSDT,5m,TRAIN,CONTRA,0.4,1,6,-0.0011558129274629348,760,-0.8784178248718304
BTCUSDT,5m,TRAIN,CONTRA,0.4,3,1,-0.0011228897303080295,194,-0.21784060767975771
BTCUSDT,5m,TRAIN,CONTRA,0.4,3,3,-0.0010609234623262676,483,-0.5124260323035873
BTCUSDT,5m,TRAIN,CONTRA,0.4,3,6,-0.0011408370269556287,760,-0.8670361404862779
BTCUSDT,5m,TRAIN,CONTRA,0.4,6,1,-0.001218476948512472,194,-0.23638452801141957
BTCUSDT,5m,TRAIN,CONTRA,0.4,6,3,-0.001093520899417508,483,-0.5281705944186564
BTCUSDT,5m,TRAIN,CONTRA,0.4,6,6,-0.0012399212123580493,760,-0.9423401213921174
BTCUSDT,5m,TRAIN,CONTRA,0.5,1,1,-0.0010974928250258513,53,-0.05816711972637011
BTCUSDT,5m,TRAIN,CONTRA,0.5,1,3,-0.0012461149784700962,149,-0.18567113179204434
BTCUSDT,5m,TRAIN,CONTRA,0.5,1,6,-0.0012661759735902631,245,-0.31021311352961445
BTCUSDT,5m,TRAIN,CONTRA,0.5,3,1,-0.0012755885678833105,53,-0.06760619409781546
BTCUSDT,5m,TRAIN,CONTRA,0.5,3,3,-0.001275125209180066,149,-0.18999365616782984
BTCUSDT,5m,TRAIN,CONTRA,0.5,3,6,-0.0012616423046120182,245,-0.30910236462994445
BTCUSDT,5m,TRAIN,CONTRA,0.5,6,1,-0.0011980721628628687,53,-0.06349782463173204
BTCUSDT,5m,TRAIN,CONTRA,0.5,6,3,-0.0012685126312699867,149,-0.18900838205922801
BTCUSDT,5m,TRAIN,CONTRA,0.5,6,6,-0.0013789969114809464,245,-0.33785424331283187
BTCUSDT,5m,TEST,CONTRA,0.2,1,1,-0.0012134498116156839,1003,-1.217090161050531
BTCUSDT,5m,TEST,CONTRA,0.2,1,3,-0.0012181330758827876,2143,-2.6104591816168137
BTCUSDT,5m,TEST,CONTRA,0.2,1,6,-0.0012012237245295231,2895,-3.4775426825129694
BTCUSDT,5m,TEST,CONTRA,0.2,3,1,-0.0012368702126184536,1002,-1.2393439530436905
BTCUSDT,5m,TEST,CONTRA,0.2,3,3,-0.001180908154576695,2142,-2.5295052671032807
BTCUSDT,5m,TEST,CONTRA,0.2,3,6,-0.001189191673007549,2894,-3.441520701683847
BTCUSDT,5m,TEST,CONTRA,0.2,6,1,-0.0012255170831567488,1001,-1.2267426002399056
BTCUSDT,5m,TEST,CONTRA,0.2,6,3,-0.001129658360522391,2142,-2.4197282082389613
BTCUSDT,5m,TEST,CONTRA,0.2,6,6,-0.0011526703782168987,2892,-3.333522733803271
BTCUSDT,5m,TEST,CONTRA,0.3,1,1,-0.0012118682765070775,378,-0.4580862085196753
BTCUSDT,5m,TEST,CONTRA,0.3,1,3,-0.0012102657319916369,1055,-1.2768303472511768
BTCUSDT,5m,TEST,CONTRA,0.3,1,6,-0.0011909371829408458,1565,-1.863816691302424
BTCUSDT,5m,TEST,CONTRA,0.3,3,1,-0.0012166666375321524,377,-0.45868332234962145
BTCUSDT,5m,TEST,CONTRA,0.3,3,3,-0.0011679872209942547,1054,-1.2310585309279445
BTCUSDT,5m,TEST,CONTRA,0.3,3,6,-0.0011801030133943421,1564,-1.8456811129487511
BTCUSDT,5m,TEST,CONTRA,0.3,6,1,-0.0012375387248243857,377,-0.46655209925879343
BTCUSDT,5m,TEST,CONTRA,0.3,6,3,-0.0010982186589035892,1054,-1.157522466484383
BTCUSDT,5m,TEST,CONTRA,0.3,6,6,-0.001170690354265122,1563,-1.8297890237163859
BTCUSDT,5m,TEST,CONTRA,0.4,1,1,-0.0011995439564455503,134,-0.16073889016370374
BTCUSDT,5m,TEST,CONTRA,0.4,1,3,-0.0011743811342565089,449,-0.5272971292811724
BTCUSDT,5m,TEST,CONTRA,0.4,1,6,-0.0011380079072382929,702,-0.7988815508812815
BTCUSDT,5m,TEST,CONTRA,0.4,3,1,-0.0011618104197116143,134,-0.15568259624135633
BTCUSDT,5m,TEST,CONTRA,0.4,3,3,-0.0011334647292660484,449,-0.5089256634404558
BTCUSDT,5m,TEST,CONTRA,0.4,3,6,-0.0011502120187069438,702,-0.8074488371322746
BTCUSDT,5m,TEST,CONTRA,0.4,6,1,-0.0012703291145539442,134,-0.17022410135022853
BTCUSDT,5m,TEST,CONTRA,0.4,6,3,-0.0010997206697681355,449,-0.49377458072589286
BTCUSDT,5m,TEST,CONTRA,0.4,6,6,-0.0011198109656727513,702,-0.7861072979022715
BTCUSDT,5m,TEST,CONTRA,0.5,1,1,-0.0012830055573818681,43,-0.05516923896742033
BTCUSDT,5m,TEST,CONTRA,0.5,1,3,-0.0011763983516677597,169,-0.1988113214318514
BTCUSDT,5m,TEST,CONTRA,0.5,1,6,-0.0011603202684473963,282,-0.32721031570216574
BTCUSDT,5m,TEST,CONTRA,0.5,3,1,-0.001181242799665131,43,-0.05079344038560064
BTCUSDT,5m,TEST,CONTRA,0.5,3,3,-0.001163091957606306,169,-0.19656254083546573
BTCUSDT,5m,TEST,CONTRA,0.5,3,6,-0.00111792762904496,282,-0.3152555913906787
BTCUSDT,5m,TEST,CONTRA,0.5,6,1,-0.0011995656336085193,43,-0.051581322245166324
BTCUSDT,5m,TEST,CONTRA,0.5,6,3,-0.0013089733744767495,169,-0.22121650028657067
BTCUSDT,5m,TEST,CONTRA,0.5,6,6,-0.0011222653866971245,282,-0.3164788390485891
BTCUSDT,5m,HOLDOUT,CONTRA,0.2,1,1,-0.0012064586240368674,604,-0.728701008918268
BTCUSDT,5m,HOLDOUT,CONTRA,0.2,1,3,-0.0012215386187848008,1038,-1.2679570862986234
BTCUSDT,5m,HOLDOUT,CONTRA,0.2,1,6,-0.0011798322742604006,1437,-1.6954189781121958
BTCUSDT,5m,HOLDOUT,CONTRA,0.2,3,1,-0.0011423714873226823,604,-0.6899923783429001
BTCUSDT,5m,HOLDOUT,CONTRA,0.2,3,3,-0.0011938992787982462,1037,-1.2380735521137813
BTCUSDT,5m,HOLDOUT,CONTRA,0.2,3,6,-0.0010987848555172976,1436,-1.5778550525228394
BTCUSDT,5m,HOLDOUT,CONTRA,0.2,6,1,-0.0011608012180165897,604,-0.7011239356820202
BTCUSDT,5m,HOLDOUT,CONTRA,0.2,6,3,-0.0011813662522791534,1036,-1.223895437361203
BTCUSDT,5m,HOLDOUT,CONTRA,0.2,6,6,-0.0011537689496975872,1436,-1.6568122117657351
BTCUSDT,5m,HOLDOUT,CONTRA,0.3,1,1,-0.0012056993831745916,250,-0.3014248457936479
BTCUSDT,5m,HOLDOUT,CONTRA,0.3,1,3,-0.0011826535662068105,534,-0.6315370043544368
BTCUSDT,5m,HOLDOUT,CONTRA,0.3,1,6,-0.0011623257573053505,812,-0.9438085149319446
BTCUSDT,5m,HOLDOUT,CONTRA,0.3,3,1,-0.001192884695980128,250,-0.298221173995032
BTCUSDT,5m,HOLDOUT,CONTRA,0.3,3,3,-0.0011643446901140034,534,-0.6217600645208778
BTCUSDT,5m,HOLDOUT,CONTRA,0.3,3,6,-0.0010869609900210806,812,-0.8826123238971175
BTCUSDT,5m,HOLDOUT,CONTRA,0.3,6,1,-0.0011908733724592206,250,-0.29771834311480516
BTCUSDT,5m,HOLDOUT,CONTRA,0.3,6,3,-0.001177923312444531,533,-0.627833125532935
BTCUSDT,5m,HOLDOUT,CONTRA,0.3,6,6,-0.0011266968638337898,812,-0.9148778534330373
BTCUSDT,5m,HOLDOUT,CONTRA,0.4,1,1,-0.0010263475107664011,80,-0.08210780086131209
BTCUSDT,5m,HOLDOUT,CONTRA,0.4,1,3,-0.0011171580526500573,219,-0.24465761353036256
BTCUSDT,5m,HOLDOUT,CONTRA,0.4,1,6,-0.001052483866899565,368,-0.3873140630190399
BTCUSDT,5m,HOLDOUT,CONTRA,0.4,3,1,-0.000817498168343024,80,-0.06539985346744193
BTCUSDT,5m,HOLDOUT,CONTRA,0.4,3,3,-0.0011485274025977194,219,-0.25152750116890055
BTCUSDT,5m,HOLDOUT,CONTRA,0.4,3,6,-0.0009738380721700373,368,-0.3583724105585737
BTCUSDT,5m,HOLDOUT,CONTRA,0.4,6,1,-0.0008379199835551659,80,-0.06703359868441328
BTCUSDT,5m,HOLDOUT,CONTRA,0.4,6,3,-0.001146528067801998,218,-0.24994311878083553
BTCUSDT,5m,HOLDOUT,CONTRA,0.4,6,6,-0.0009384461333930627,368,-0.34534817708864707
BTCUSDT,5m,HOLDOUT,CONTRA,0.5,1,1,-0.0011957051874576046,26,-0.03108833487389772
BTCUSDT,5m,HOLDOUT,CONTRA,0.5,1,3,-0.001141802635687257,75,-0.08563519767654429
BTCUSDT,5m,HOLDOUT,CONTRA,0.5,1,6,-0.0010986610104261121,142,-0.15600986348050794
BTCUSDT,5m,HOLDOUT,CONTRA,0.5,3,1,-0.0010203409874524312,26,-0.02652886567376321
BTCUSDT,5m,HOLDOUT,CONTRA,0.5,3,3,-0.0011729978714679493,75,-0.0879748403600962
BTCUSDT,5m,HOLDOUT,CONTRA,0.5,3,6,-0.0011871021254888025,142,-0.16856850181940997
BTCUSDT,5m,HOLDOUT,CONTRA,0.5,6,1,-0.001363324782675013,26,-0.03544644434955034
BTCUSDT,5m,HOLDOUT,CONTRA,0.5,6,3,-0.00113698899889467,75,-0.08527417491710024
BTCUSDT,5m,HOLDOUT,CONTRA,0.5,6,6,-0.0012420214999827148,142,-0.17636705299754551
BTCUSDT,15m,TRAIN,MOM,0.2,1,1,-0.0012674981326918288,2031,-2.574288707497104
BTCUSDT,15m,TRAIN,MOM,0.2,1,3,-0.0012799795376179192,1703,-2.1798051525633166
BTCUSDT,15m,TRAIN,MOM,0.2,1,6,-0.0012775938172804252,1478,-1.8882836619404686
BTCUSDT,15m,TRAIN,MOM,0.2,3,1,-0.001281088838682439,2031,-2.6018914313640336
BTCUSDT,15m,TRAIN,MOM,0.2,3,3,-0.001336377278372392,1703,-2.2758505050681834
BTCUSDT,15m,TRAIN,MOM,0.2,3,6,-0.001383257817610339,1478,-2.044455054428081
BTCUSDT,15m,TRAIN,MOM,0.2,6,1,-0.0014031215078683993,2031,-2.849739782480719
BTCUSDT,15m,TRAIN,MOM,0.2,6,3,-0.0014622914821125074,1703,-2.4902823940376
BTCUSDT,15m,TRAIN,MOM,0.2,6,6,-0.001534451404825013,1478,-2.267919176331369
BTCUSDT,15m,TRAIN,MOM,0.3,1,1,-0.0012270442085040027,682,-0.8368441501997298
BTCUSDT,15m,TRAIN,MOM,0.3,1,3,-0.0012448661339291528,590,-0.7344710190182001
BTCUSDT,15m,TRAIN,MOM,0.3,1,6,-0.0012498837448793175,506,-0.6324411749089347
BTCUSDT,15m,TRAIN,MOM,0.3,3,1,-0.0013391644926479104,682,-0.9133101839858749
BTCUSDT,15m,TRAIN,MOM,0.3,3,3,-0.0013825199117798667,590,-0.8156867479501213
BTCUSDT,15m,TRAIN,MOM,0.3,3,6,-0.0014250369587231215,506,-0.7210687011138994
BTCUSDT,15m,TRAIN,MOM,0.3,6,1,-0.0015662425733579098,682,-1.0681774350300945
BTCUSDT,15m,TRAIN,MOM,0.3,6,3,-0.0015862833500909124,590,-0.9359071765536383
BTCUSDT,15m,TRAIN,MOM,0.3,6,6,-0.0016946825996419382,506,-0.8575093954188208
BTCUSDT,15m,TRAIN,MOM,0.4,1,1,-0.001327762036651642,180,-0.23899716659729553
BTCUSDT,15m,TRAIN,MOM,0.4,1,3,-0.0013926214844959246,163,-0.2269973019728357
BTCUSDT,15m,TRAIN,MOM,0.4,1,6,-0.001365425559649182,143,-0.19525585502983303
BTCUSDT,15m,TRAIN,MOM,0.4,3,1,-0.001377926346368776,180,-0.24802674234637967
BTCUSDT,15m,TRAIN,MOM,0.4,3,3,-0.0014390340792423135,163,-0.2345625549164971
BTCUSDT,15m,TRAIN,MOM,0.4,3,6,-0.0014103189116663438,143,-0.20167560436828716
BTCUSDT,15m,TRAIN,MOM,0.4,6,1,-0.0014087527823942007,180,-0.25357550083095615
BTCUSDT,15m,TRAIN,MOM,0.4,6,3,-0.0015474162690493419,163,-0.25222885185504273
BTCUSDT,15m,TRAIN,MOM,0.4,6,6,-0.0013766304597640341,143,-0.1968581557462569
BTCUSDT,15m,TRAIN,MOM,0.5,1,1,-0.001699227652105771,35,-0.05947296782370199
BTCUSDT,15m,TRAIN,MOM,0.5,1,3,-0.0017118683643315813,34,-0.05820352438727376
BTCUSDT,15m,TRAIN,MOM,0.5,1,6,-0.0017403468339148322,30,-0.052210405017444964
BTCUSDT,15m,TRAIN,MOM,0.5,3,1,-0.0007206238472104636,35,-0.025221834652366226
BTCUSDT,15m,TRAIN,MOM,0.5,3,3,-0.0007070216813617857,34,-0.024038737166300714
BTCUSDT,15m,TRAIN,MOM,0.5,3,6,-0.0008886072305410854,30,-0.02665821691623256
BTCUSDT,15m,TRAIN,MOM,0.5,6,1,-0.0008215554867255958,35,-0.02875444203539585
BTCUSDT,15m,TRAIN,MOM,0.5,6,3,-0.0007950833717558662,34,-0.027032834639699452
BTCUSDT,15m,TRAIN,MOM,0.5,6,6,-0.001076750059575155,30,-0.03230250178725465
BTCUSDT,15m,TEST,MOM,0.2,1,1,-0.0012146442285644497,1682,-2.0430315924454043
BTCUSDT,15m,TEST,MOM,0.2,1,3,-0.001226269417682399,1357,-1.6640475997950155
BTCUSDT,15m,TEST,MOM,0.2,1,6,-0.001218446172796011,1155,-1.4073053295793927
BTCUSDT,15m,TEST,MOM,0.2,3,1,-0.001230824915396149,1680,-2.0677858578655304
BTCUSDT,15m,TEST,MOM,0.2,3,3,-0.0012565478136925621,1356,-1.7038788353671142
BTCUSDT,15m,TEST,MOM,0.2,3,6,-0.0012864809591786053,1154,-1.4845990268921105
BTCUSDT,15m,TEST,MOM,0.2,6,1,-0.0012084686280915055,1679,-2.029018826565638
BTCUSDT,15m,TEST,MOM,0.2,6,3,-0.0012430210337410488,1355,-1.684293500719121
BTCUSDT,15m,TEST,MOM,0.2,6,6,-0.0012656864245765814,1153,-1.4593364475367983
BTCUSDT,15m,TEST,MOM,0.3,1,1,-0.00126333872430574,651,-0.8224335095230368
BTCUSDT,15m,TEST,MOM,0.3,1,3,-0.001260236542232783,536,-0.6754867866367718
BTCUSDT,15m,TEST,MOM,0.3,1,6,-0.0012614927013534843,454,-0.5727176864144818
BTCUSDT,15m,TEST,MOM,0.3,3,1,-0.0012835619400600495,650,-0.8343152610390322
BTCUSDT,15m,TEST,MOM,0.3,3,3,-0.0012862449037289857,536,-0.6894272683987364
BTCUSDT,15m,TEST,MOM,0.3,3,6,-0.0014062498164510281,454,-0.6384374166687667
BTCUSDT,15m,TEST,MOM,0.3,6,1,-0.0013025216915380456,649,-0.8453365778081916
BTCUSDT,15m,TEST,MOM,0.3,6,3,-0.0013063674452705048,535,-0.6989065832197201
BTCUSDT,15m,TEST,MOM,0.3,6,6,-0.001426067205213129,453,-0.6460084439615474
BTCUSDT,15m,TEST,MOM,0.4,1,1,-0.001185529320230535,191,-0.22643610016403218
BTCUSDT,15m,TEST,MOM,0.4,1,3,-0.001110443237959048,163,-0.18100224778732485
BTCUSDT,15m,TEST,MOM,0.4,1,6,-0.0011173809794556952,141,-0.15755071810325302
BTCUSDT,15m,TEST,MOM,0.4,3,1,-0.0010522146608413412,190,-0.19992078555985482
BTCUSDT,15m,TEST,MOM,0.4,3,3,-0.0010362698979949165,163,-0.1689119933731714
BTCUSDT,15m,TEST,MOM,0.4,3,6,-0.0010027951216644427,141,-0.14139411215468642
BTCUSDT,15m,TEST,MOM,0.4,6,1,-0.0008410277333305823,190,-0.15979526933281063
BTCUSDT,15m,TEST,MOM,0.4,6,3,-0.0008885251444479962,163,-0.1448295985450234
BTCUSDT,15m,TEST,MOM,0.4,6,6,-0.0008612498727103727,141,-0.12143623205216256
BTCUSDT,15m,TEST,MOM,0.5,1,1,-0.0009412071146108763,49,-0.04611914861593294
BTCUSDT,15m,TEST,MOM,0.5,1,3,-0.0008083734442316105,44,-0.03556843154619086
BTCUSDT,15m,TEST,MOM,0.5,1,6,-0.0007385705121906033,35,-0.025849967926671116
BTCUSDT,15m,TEST,MOM,0.5,3,1,-0.000858860907799354,49,-0.04208418448216835
BTCUSDT,15m,TEST,MOM,0.5,3,3,-0.0007197051235117366,44,-0.03166702543451641
BTCUSDT,15m,TEST,MOM,0.5,3,6,-0.0006328255696588095,35,-0.022148894938058335
BTCUSDT,15m,TEST,MOM,0.5,6,1,-0.000727782908909251,49,-0.0356613625365533
BTCUSDT,15m,TEST,MOM,0.5,6,3,-0.0006546836233999705,44,-0.028806079429598702
BTCUSDT,15m,TEST,MOM,0.5,6,6,-0.000513185705406589,35,-0.017961499689230616
BTCUSDT,15m,HOLDOUT,MOM,0.2,1,1,-0.0012817867155522462,863,-1.1061819355215885
BTCUSDT,15m,HOLDOUT,MOM,0.2,1,3,-0.00130594696652542,701,-0.9154688235343194
BTCUSDT,15m,HOLDOUT,MOM,0.2,1,6,-0.0012909169362101413,591,-0.7629319093001935
BTCUSDT,15m,HOLDOUT,MOM,0.2,3,1,-0.0013320124902087777,863,-1.149526779050175
BTCUSDT,15m,HOLDOUT,MOM,0.2,3,3,-0.0012470460900264981,701,-0.8741793091085752
BTCUSDT,15m,HOLDOUT,MOM,0.2,3,6,-0.001349769804254279,591,-0.7977139543142789
BTCUSDT,15m,HOLDOUT,MOM,0.2,6,1,-0.0012711365298520344,863,-1.0969908252623057
BTCUSDT,15m,HOLDOUT,MOM,0.2,6,3,-0.0013238740271441759,701,-0.9280356930280673
BTCUSDT,15m,HOLDOUT,MOM,0.2,6,6,-0.0013142264048720234,591,-0.7767078052793659
BTCUSDT,15m,HOLDOUT,MOM,0.3,1,1,-0.0012551730604670813,355,-0.44558643646581386
BTCUSDT,15m,HOLDOUT,MOM,0.3,1,3,-0.001206837832616691,297,-0.3584308362871572
BTCUSDT,15m,HOLDOUT,MOM,0.3,1,6,-0.0012997609403433415,238,-0.30934310380171526
BTCUSDT,15m,HOLDOUT,MOM,0.3,3,1,-0.0013455281741893018,355,-0.47766250183720216
BTCUSDT,15m,HOLDOUT,MOM,0.3,3,3,-0.0011597097205412622,297,-0.3444337870007549
BTCUSDT,15m,HOLDOUT,MOM,0.3,3,6,-0.001297034081553836,238,-0.30869411140981295
BTCUSDT,15m,HOLDOUT,MOM,0.3,6,1,-0.001298199190071629,355,-0.46086071247542837
BTCUSDT,15m,HOLDOUT,MOM,0.3,6,3,-0.001117819025427458,297,-0.331992250551955
BTCUSDT,15m,HOLDOUT,MOM,0.3,6,6,-0.0010661528921307264,238,-0.2537443883271129
BTCUSDT,15m,HOLDOUT,MOM,0.4,1,1,-0.0013832171653519296,93,-0.12863919637772944
BTCUSDT,15m,HOLDOUT,MOM,0.4,1,3,-0.0013684927844468953,78,-0.10674243718685783
BTCUSDT,15m,HOLDOUT,MOM,0.4,1,6,-0.001479096062812228,61,-0.0902248598315459
BTCUSDT,15m,HOLDOUT,MOM,0.4,3,1,-0.0013583501180963716,93,-0.12632656098296255
BTCUSDT,15m,HOLDOUT,MOM,0.4,3,3,-0.0013628403661946763,78,-0.10630154856318474
BTCUSDT,15m,HOLDOUT,MOM,0.4,3,6,-0.0014563314131432234,61,-0.08883621620173662
BTCUSDT,15m,HOLDOUT,MOM,0.4,6,1,-0.0012866120068138287,93,-0.11965491663368608
BTCUSDT,15m,HOLDOUT,MOM,0.4,6,3,-0.0012580679780201244,78,-0.09812930228556971
BTCUSDT,15m,HOLDOUT,MOM,0.4,6,6,-0.0013279888694323148,61,-0.0810073210353712
BTCUSDT,15m,HOLDOUT,MOM,0.5,1,1,-0.0015637112863610251,12,-0.018764535436332302
BTCUSDT,15m,HOLDOUT,MOM,0.5,1,3,-0.001522199760796182,10,-0.01522199760796182
BTCUSDT,15m,HOLDOUT,MOM,0.5,1,6,-0.0018113509468057735,6,-0.010868105680834642
BTCUSDT,15m,HOLDOUT,MOM,0.5,3,1,-0.001612572775135696,12,-0.019350873301628352
BTCUSDT,15m,HOLDOUT,MOM,0.5,3,3,-0.0014537250448408688,10,-0.014537250448408687
BTCUSDT,15m,HOLDOUT,MOM,0.5,3,6,-0.0017295407556917816,6,-0.01037724453415069
BTCUSDT,15m,HOLDOUT,MOM,0.5,6,1,-0.002072495677796884,12,-0.024869948133562608
BTCUSDT,15m,HOLDOUT,MOM,0.5,6,3,-0.0020459158272143605,10,-0.020459158272143604
BTCUSDT,15m,HOLDOUT,MOM,0.5,6,6,-0.002347272890317352,6,-0.014083637341904112
BTCUSDT,15m,TRAIN,CONTRA,0.2,1,1,-0.001158927293602198,197,-0.228308676839633
BTCUSDT,15m,TRAIN,CONTRA,0.2,1,3,-0.0011858466851125513,524,-0.6213836629989768
BTCUSDT,15m,TRAIN,CONTRA,0.2,1,6,-0.0012180605353177593,747,-0.9098912198823662
BTCUSDT,15m,TRAIN,CONTRA,0.2,3,1,-0.0012632967781968847,197,-0.2488694653047863
BTCUSDT,15m,TRAIN,CONTRA,0.2,3,3,-0.001085088557482213,524,-0.5685864041206796
BTCUSDT,15m,TRAIN,CONTRA,0.2,3,6,-0.0010728162449741496,747,-0.8013937349956898
BTCUSDT,15m,TRAIN,CONTRA,0.2,6,1,-0.001511804814886214,197,-0.29782554853258414
BTCUSDT,15m,TRAIN,CONTRA,0.2,6,3,-0.0012370938949423872,524,-0.6482372009498109
BTCUSDT,15m,TRAIN,CONTRA,0.2,6,6,-0.0011663321288398123,747,-0.8712501002433397
BTCUSDT,15m,TRAIN,CONTRA,0.3,1,1,-0.0011034272836590142,43,-0.04744737319733761
BTCUSDT,15m,TRAIN,CONTRA,0.3,1,3,-0.0011097815139175357,135,-0.14982050437886732
BTCUSDT,15m,TRAIN,CONTRA,0.3,1,6,-0.0011500015912700124,219,-0.2518503484881327
BTCUSDT,15m,TRAIN,CONTRA,0.3,3,1,-0.0009147846124963502,43,-0.03933573833734306
BTCUSDT,15m,TRAIN,CONTRA,0.3,3,3,-0.0010145124027636785,135,-0.1369591743730966
BTCUSDT,15m,TRAIN,CONTRA,0.3,3,6,-0.001057430233832505,219,-0.2315772212093186
BTCUSDT,15m,TRAIN,CONTRA,0.3,6,1,-0.0008045126346751887,43,-0.03459404329103311
BTCUSDT,15m,TRAIN,CONTRA,0.3,6,3,-0.001236031864944365,135,-0.16686430176748926
BTCUSDT,15m,TRAIN,CONTRA,0.3,6,6,-0.0011199181867685242,219,-0.2452620829023068
BTCUSDT,15m,TRAIN,CONTRA,0.4,1,1,-0.0013793997773753179,18,-0.024829195992755723
BTCUSDT,15m,TRAIN,CONTRA,0.4,1,3,-0.0010522588747775867,35,-0.03682906061721553
BTCUSDT,15m,TRAIN,CONTRA,0.4,1,6,-0.001246736501094878,55,-0.06857050756021829
BTCUSDT,15m,TRAIN,CONTRA,0.4,3,1,-0.001000946161631201,18,-0.018017030909361617
BTCUSDT,15m,TRAIN,CONTRA,0.4,3,3,-0.0008994633811212621,35,-0.03148121833924417
BTCUSDT,15m,TRAIN,CONTRA,0.4,3,6,-0.0011703303434082572,55,-0.06436816888745414
BTCUSDT,15m,TRAIN,CONTRA,0.4,6,1,-0.0008429751057401401,18,-0.015173551903322521
BTCUSDT,15m,TRAIN,CONTRA,0.4,6,3,-0.0004720057394067415,35,-0.016520200879235954
BTCUSDT,15m,TRAIN,CONTRA,0.4,6,6,-0.0013071072179640334,55,-0.07189089698802184
BTCUSDT,15m,TRAIN,CONTRA,0.5,1,1,-0.0013572180610998618,2,-0.0027144361221997236
BTCUSDT,15m,TRAIN,CONTRA,0.5,1,3,-0.0013279598528759843,3,-0.003983879558627953
BTCUSDT,15m,TRAIN,CONTRA,0.5,1,6,-0.0014252855612081072,7,-0.00997699892845675
BTCUSDT,15m,TRAIN,CONTRA,0.5,3,1,-0.0009384488022636461,2,-0.0018768976045272921
BTCUSDT,15m,TRAIN,CONTRA,0.5,3,3,-0.0010199983635309337,3,-0.003059995090592801
BTCUSDT,15m,TRAIN,CONTRA,0.5,3,6,-6.293076295156497e-05,7,-0.0004405153406609548
BTCUSDT,15m,TRAIN,CONTRA,0.5,6,1,-0.0014452459250649183,2,-0.0028904918501298366
BTCUSDT,15m,TRAIN,CONTRA,0.5,6,3,-0.001537366415275412,3,-0.004612099245826236
BTCUSDT,15m,TRAIN,CONTRA,0.5,6,6,9.393827167556554e-05,7,0.0006575679017289588
BTCUSDT,15m,TEST,CONTRA,0.2,1,1,-0.0011819955416585524,152,-0.17966332233209997
BTCUSDT,15m,TEST,CONTRA,0.2,1,3,-0.0011705170084670288,481,-0.5630186810726409
BTCUSDT,15m,TEST,CONTRA,0.2,1,6,-0.0012026799310170886,681,-0.8190250330226373
BTCUSDT,15m,TEST,CONTRA,0.2,3,1,-0.0011542035264802506,152,-0.1754389360249981
BTCUSDT,15m,TEST,CONTRA,0.2,3,3,-0.001132346276885035,480,-0.5435262129048168
BTCUSDT,15m,TEST,CONTRA,0.2,3,6,-0.0011083161591350455,680,-0.7536549882118309
BTCUSDT,15m,TEST,CONTRA,0.2,6,1,-0.0009182073009886413,152,-0.1395675097502735
BTCUSDT,15m,TEST,CONTRA,0.2,6,3,-0.001024216182486032,480,-0.4916237675932954
BTCUSDT,15m,TEST,CONTRA,0.2,6,6,-0.0010498086070184895,680,-0.7138698527725729
BTCUSDT,15m,TEST,CONTRA,0.3,1,1,-0.0009354597680275143,38,-0.035547471185045545
BTCUSDT,15m,TEST,CONTRA,0.3,1,3,-0.00119088499707647,155,-0.18458717454685283
BTCUSDT,15m,TEST,CONTRA,0.3,1,6,-0.001216815695701319,237,-0.28838531988121263
BTCUSDT,15m,TEST,CONTRA,0.3,3,1,-0.001034565306091514,38,-0.039313481631477534
BTCUSDT,15m,TEST,CONTRA,0.3,3,3,-0.0012178275942408019,154,-0.1875454495130835
BTCUSDT,15m,TEST,CONTRA,0.3,3,6,-0.0009998080206727509,236,-0.2359546928787692
BTCUSDT,15m,TEST,CONTRA,0.3,6,1,-0.0015967284285975354,38,-0.06067568028670635
BTCUSDT,15m,TEST,CONTRA,0.3,6,3,-0.001373226033830492,154,-0.21147680920989576
BTCUSDT,15m,TEST,CONTRA,0.3,6,6,-0.0011114479533866255,236,-0.2623017169992436
BTCUSDT,15m,TEST,CONTRA,0.4,1,1,-0.0013328519014562655,10,-0.013328519014562654
BTCUSDT,15m,TEST,CONTRA,0.4,1,3,-0.0015213837966703044,40,-0.06085535186681218
BTCUSDT,15m,TEST,CONTRA,0.4,1,6,-0.0013864486315915295,63,-0.08734626379026636
BTCUSDT,15m,TEST,CONTRA,0.4,3,1,-0.001642532764362413,10,-0.01642532764362413
BTCUSDT,15m,TEST,CONTRA,0.4,3,3,-0.0013020024377337848,39,-0.0507780950716176
BTCUSDT,15m,TEST,CONTRA,0.4,3,6,-0.0012977617299250572,62,-0.08046122725535354
BTCUSDT,15m,TEST,CONTRA,0.4,6,1,-0.0014107042353321705,10,-0.014107042353321705
BTCUSDT,15m,TEST,CONTRA,0.4,6,3,-0.0008575345506622278,39,-0.033443847475826884
BTCUSDT,15m,TEST,CONTRA,0.4,6,6,-0.0009090570692421292,62,-0.056361538293012006
BTCUSDT,15m,TEST,CONTRA,0.5,1,1,-0.0010346987446687927,2,-0.0020693974893375854
BTCUSDT,15m,TEST,CONTRA,0.5,1,3,-0.0018028735084399522,7,-0.012620114559079666
BTCUSDT,15m,TEST,CONTRA,0.5,1,6,-0.0013961611361624632,16,-0.02233857817859941
BTCUSDT,15m,TEST,CONTRA,0.5,3,1,-0.002515764997323998,2,-0.005031529994647996
BTCUSDT,15m,TEST,CONTRA,0.5,3,3,-0.0022069555774714192,7,-0.015448689042299936
BTCUSDT,15m,TEST,CONTRA,0.5,3,6,-0.0015604262211723757,16,-0.02496681953875801
BTCUSDT,15m,TEST,CONTRA,0.5,6,1,-0.0025619671943578823,2,-0.0051239343887157646
BTCUSDT,15m,TEST,CONTRA,0.5,6,3,-0.0017113167850957656,7,-0.01197921749567036
BTCUSDT,15m,TEST,CONTRA,0.5,6,6,-0.0014264873272524028,16,-0.022823797236038446
BTCUSDT,15m,HOLDOUT,CONTRA,0.2,1,1,-0.001275289329127777,77,-0.09819727834283884
BTCUSDT,15m,HOLDOUT,CONTRA,0.2,1,3,-0.0012090808657185441,238,-0.2877612460410135
BTCUSDT,15m,HOLDOUT,CONTRA,0.2,1,6,-0.0012609939851558594,346,-0.4363039188639274
BTCUSDT,15m,HOLDOUT,CONTRA,0.2,3,1,-0.0013906854235319916,77,-0.10708277761196336
BTCUSDT,15m,HOLDOUT,CONTRA,0.2,3,3,-0.0016002639287490334,238,-0.38086281504226993
BTCUSDT,15m,HOLDOUT,CONTRA,0.2,3,6,-0.0013059195415692248,346,-0.4518481613829518
BTCUSDT,15m,HOLDOUT,CONTRA,0.2,6,1,-0.001384003839007847,77,-0.10656829560360423
BTCUSDT,15m,HOLDOUT,CONTRA,0.2,6,3,-0.0011364973296219035,238,-0.27048636445001306
BTCUSDT,15m,HOLDOUT,CONTRA,0.2,6,6,-0.0012135314303136668,346,-0.4198818748885287
BTCUSDT,15m,HOLDOUT,CONTRA,0.3,1,1,-0.0012221268965418026,17,-0.020776157241210645
BTCUSDT,15m,HOLDOUT,CONTRA,0.3,1,3,-0.001439090098931564,75,-0.1079317574198673
BTCUSDT,15m,HOLDOUT,CONTRA,0.3,1,6,-0.0011703232979428742,133,-0.15565299862640228
BTCUSDT,15m,HOLDOUT,CONTRA,0.3,3,1,-0.00144152304588499,17,-0.02450589178004483
BTCUSDT,15m,HOLDOUT,CONTRA,0.3,3,3,-0.0021031280882198946,75,-0.1577346066164921
BTCUSDT,15m,HOLDOUT,CONTRA,0.3,3,6,-0.001419593426449871,133,-0.18880592571783286
BTCUSDT,15m,HOLDOUT,CONTRA,0.3,6,1,-0.0012125845973771,17,-0.020613938155410703
BTCUSDT,15m,HOLDOUT,CONTRA,0.3,6,3,-0.001993098667718454,75,-0.14948240007888405
BTCUSDT,15m,HOLDOUT,CONTRA,0.3,6,6,-0.0016729239525394297,133,-0.22249888568774415
BTCUSDT,15m,HOLDOUT,CONTRA,0.4,1,1,-0.0005339922023960485,3,-0.0016019766071881456
BTCUSDT,15m,HOLDOUT,CONTRA,0.4,1,3,-0.0013054853221144314,18,-0.023498735798059764
BTCUSDT,15m,HOLDOUT,CONTRA,0.4,1,6,-0.0011433232329534765,35,-0.04001631315337168
BTCUSDT,15m,HOLDOUT,CONTRA,0.4,3,1,-0.0007938225964795532,3,-0.0023814677894386594
BTCUSDT,15m,HOLDOUT,CONTRA,0.4,3,3,-0.0012448044560675817,18,-0.02240648020921647
BTCUSDT,15m,HOLDOUT,CONTRA,0.4,3,6,-0.001139194644876131,35,-0.039871812570664585
BTCUSDT,15m,HOLDOUT,CONTRA,0.4,6,1,-0.002620470940714032,3,-0.007861412822142096
BTCUSDT,15m,HOLDOUT,CONTRA,0.4,6,3,-0.001632612620569915,18,-0.02938702717025847
BTCUSDT,15m,HOLDOUT,CONTRA,0.4,6,6,-0.0013288288120130564,35,-0.04650900842045697
BTCUSDT,15m,HOLDOUT,CONTRA,0.5,1,1,-0.0003699969991283402,1,-0.0003699969991283402
BTCUSDT,15m,HOLDOUT,CONTRA,0.5,1,3,-0.0013041782758329405,3,-0.003912534827498822
BTCUSDT,15m,HOLDOUT,CONTRA,0.5,1,6,-0.0011809181078037145,7,-0.008266426754626001
BTCUSDT,15m,HOLDOUT,CONTRA,0.5,3,1,-0.0009630264029075952,1,-0.0009630264029075952
BTCUSDT,15m,HOLDOUT,CONTRA,0.5,3,3,-0.00192554975204242,3,-0.00577664925612726
BTCUSDT,15m,HOLDOUT,CONTRA,0.5,3,6,-0.0014195221671978939,7,-0.009936655170385257
BTCUSDT,15m,HOLDOUT,CONTRA,0.5,6,1,0.0006469650708061726,1,0.0006469650708061726
BTCUSDT,15m,HOLDOUT,CONTRA,0.5,6,3,-0.0012546082635376105,3,-0.0037638247906128315
BTCUSDT,15m,HOLDOUT,CONTRA,0.5,6,6,-0.0014484779601217604,7,-0.010139345720852323
ETHUSDT,5m,TRAIN,MOM,0.2,1,1,-0.0013062554495162444,8888,-11.60999843530038
ETHUSDT,5m,TRAIN,MOM,0.2,1,3,-0.0013186204627094343,7514,-9.908114156798689
ETHUSDT,5m,TRAIN,MOM,0.2,1,6,-0.0013089612813851027,6641,-8.692811869678467
ETHUSDT,5m,TRAIN,MOM,0.2,3,1,-0.0013195756250550142,8886,-11.725749004238857
ETHUSDT,5m,TRAIN,MOM,0.2,3,3,-0.0013433365726655373,7513,-10.092487670436181
ETHUSDT,5m,TRAIN,MOM,0.2,3,6,-0.0013469119598699332,6639,-8.942148501576487
ETHUSDT,5m,TRAIN,MOM,0.2,6,1,-0.0012975531392331874,8886,-11.530057195226103
ETHUSDT,5m,TRAIN,MOM,0.2,6,3,-0.0013578766888450659,7513,-10.20172756329298
ETHUSDT,5m,TRAIN,MOM,0.2,6,6,-0.0013445280181441917,6639,-8.926321512459289
ETHUSDT,5m,TRAIN,MOM,0.3,1,1,-0.0013157023910654365,4424,-5.820667378073491
ETHUSDT,5m,TRAIN,MOM,0.3,1,3,-0.0013453709589991332,3719,-5.003434596517776
ETHUSDT,5m,TRAIN,MOM,0.3,1,6,-0.0013079353639767518,3214,-4.20370425982128
ETHUSDT,5m,TRAIN,MOM,0.3,3,1,-0.0013453096838499695,4423,-5.950304731668416
ETHUSDT,5m,TRAIN,MOM,0.3,3,3,-0.0013638982222210444,3719,-5.0723374884400645
ETHUSDT,5m,TRAIN,MOM,0.3,3,6,-0.0013782655779214612,3213,-4.4283673018616545
ETHUSDT,5m,TRAIN,MOM,0.3,6,1,-0.0012889473119965754,4423,-5.701013960960853
ETHUSDT,5m,TRAIN,MOM,0.3,6,3,-0.0013444823826480631,3719,-5.000129981068147
ETHUSDT,5m,TRAIN,MOM,0.3,6,6,-0.0013437789133130503,3213,-4.317561648474831
ETHUSDT,5m,TRAIN,MOM,0.4,1,1,-0.0012884526764841632,1766,-2.2754074266710322
ETHUSDT,5m,TRAIN,MOM,0.4,1,3,-0.0013129665576400947,1500,-1.9694498364601423
ETHUSDT,5m,TRAIN,MOM,0.4,1,6,-0.001265597452022763,1281,-1.6212303360411595
ETHUSDT,5m,TRAIN,MOM,0.4,3,1,-0.001317389416818481,1766,-2.3265097101014374
ETHUSDT,5m,TRAIN,MOM,0.4,3,3,-0.0013379700586911116,1500,-2.0069550880366673
ETHUSDT,5m,TRAIN,MOM,0.4,3,6,-0.001328316249596878,1281,-1.701573115733601
ETHUSDT,5m,TRAIN,MOM,0.4,6,1,-0.0012682414070158694,1766,-2.2397143247900253
ETHUSDT,5m,TRAIN,MOM,0.4,6,3,-0.0013479313453352189,1500,-2.021897018002828
ETHUSDT,5m,TRAIN,MOM,0.4,6,6,-0.0013642966256524904,1281,-1.7476639774608402
ETHUSDT,5m,TRAIN,MOM,0.5,1,1,-0.0012476502551709437,568,-0.708665344937096
ETHUSDT,5m,TRAIN,MOM,0.5,1,3,-0.0012473637962328217,496,-0.6186924429314795
ETHUSDT,5m,TRAIN,MOM,0.5,1,6,-0.0012325401889693264,406,-0.5004113167215465
ETHUSDT,5m,TRAIN,MOM,0.5,3,1,-0.0012696024200465042,568,-0.7211341745864144
ETHUSDT,5m,TRAIN,MOM,0.5,3,3,-0.0012354458893322642,496,-0.6127811611088031
ETHUSDT,5m,TRAIN,MOM,0.5,3,6,-0.001316653795376026,406,-0.5345614409226666
ETHUSDT,5m,TRAIN,MOM,0.5,6,1,-0.0012424988372302488,568,-0.7057393395467813
ETHUSDT,5m,TRAIN,MOM,0.5,6,3,-0.0013314580106221657,496,-0.6604031732685942
ETHUSDT,5m,TRAIN,MOM,0.5,6,6,-0.0013869950013994266,406,-0.5631199705681672
ETHUSDT,5m,TEST,MOM,0.2,1,1,-0.001337869268113764,6803,-9.101524630977936
ETHUSDT,5m,TEST,MOM,0.2,1,3,-0.0013440621980762906,5811,-7.810345433021325
ETHUSDT,5m,TEST,MOM,0.2,1,6,-0.0013253229349219698,5081,-6.733965832338528
ETHUSDT,5m,TEST,MOM,0.2,3,1,-0.001301304408576054,6802,-8.85147258713432
ETHUSDT,5m,TEST,MOM,0.2,3,3,-0.0013136268395872704,5811,-7.633485564841629
ETHUSDT,5m,TEST,MOM,0.2,3,6,-0.0012877713822357555,5081,-6.543166393139874
ETHUSDT,5m,TEST,MOM,0.2,6,1,-0.0012665222084799522,6801,-8.613617539872156
ETHUSDT,5m,TEST,MOM,0.2,6,3,-0.0012947567358007844,5810,-7.522536635002558
ETHUSDT,5m,TEST,MOM,0.2,6,6,-0.0012607533772620173,5080,-6.404627156491047
ETHUSDT,5m,TEST,MOM,0.3,1,1,-0.0013217717523900778,3732,-4.93285217991977
ETHUSDT,5m,TEST,MOM,0.3,1,3,-0.0013174673987784366,3196,-4.210625806495884
ETHUSDT,5m,TEST,MOM,0.3,1,6,-0.0013174914253627737,2755,-3.6296888768744417
ETHUSDT,5m,TEST,MOM,0.3,3,1,-0.001291538326088087,3731,-4.818729494634653
ETHUSDT,5m,TEST,MOM,0.3,3,3,-0.001284355309859819,3196,-4.1047995703119815
ETHUSDT,5m,TEST,MOM,0.3,3,6,-0.001285473806523683,2755,-3.5414803369727466
ETHUSDT,5m,TEST,MOM,0.3,6,1,-0.0012581347963982663,3730,-4.692842790565534
ETHUSDT,5m,TEST,MOM,0.3,6,3,-0.0012614215472199553,3195,-4.030241843367757
ETHUSDT,5m,TEST,MOM,0.3,6,6,-0.001260501638002427,2754,-3.4714215110586837
ETHUSDT,5m,TEST,MOM,0.4,1,1,-0.00128595691808251,1629,-2.094823819556409
ETHUSDT,5m,TEST,MOM,0.4,1,3,-0.0012843053503230554,1415,-1.8172920707071234
ETHUSDT,5m,TEST,MOM,0.4,1,6,-0.0012758220628096891,1223,-1.5603303828162498
ETHUSDT,5m,TEST,MOM,0.4,3,1,-0.001333333314196379,1629,-2.1719999688259013
ETHUSDT,5m,TEST,MOM,0.4,3,3,-0.0013007039309425956,1415,-1.8404960622837727
ETHUSDT,5m,TEST,MOM,0.4,3,6,-0.0012922231283295348,1223,-1.5803888859470212
ETHUSDT,5m,TEST,MOM,0.4,6,1,-0.0012896689849544523,1629,-2.100870776490803
ETHUSDT,5m,TEST,MOM,0.4,6,3,-0.0012644848520811424,1415,-1.7892460656948164
ETHUSDT,5m,TEST,MOM,0.4,6,6,-0.0012561167147907926,1223,-1.5362307421891392
ETHUSDT,5m,TEST,MOM,0.5,1,1,-0.0012269914122641282,616,-0.7558267099547029
ETHUSDT,5m,TEST,MOM,0.5,1,3,-0.0012340367811963682,533,-0.6577416043776643
ETHUSDT,5m,TEST,MOM,0.5,1,6,-0.0012185636875706547,469,-0.571506369470637
ETHUSDT,5m,TEST,MOM,0.5,3,1,-0.001308957756814441,616,-0.8063179781976956
ETHUSDT,5m,TEST,MOM,0.5,3,3,-0.0013128786547737506,533,-0.699764322994409
ETHUSDT,5m,TEST,MOM,0.5,3,6,-0.001275064683174979,469,-0.5980053364090652
ETHUSDT,5m,TEST,MOM,0.5,6,1,-0.0013721213719980572,616,-0.8452267651508032
ETHUSDT,5m,TEST,MOM,0.5,6,3,-0.0013987534170156642,533,-0.745535571269349
ETHUSDT,5m,TEST,MOM,0.5,6,6,-0.0013993469613412025,469,-0.6562937248690239
ETHUSDT,5m,HOLDOUT,MOM,0.2,1,1,-0.0013335895438486354,3337,-4.450188307822897
ETHUSDT,5m,HOLDOUT,MOM,0.2,1,3,-0.0013471876597527888,2921,-3.935135154137896
ETHUSDT,5m,HOLDOUT,MOM,0.2,1,6,-0.0013510101311731192,2586,-3.4937121992136864
ETHUSDT,5m,HOLDOUT,MOM,0.2,3,1,-0.0013422598123316687,3337,-4.4791209937507785
ETHUSDT,5m,HOLDOUT,MOM,0.2,3,3,-0.0013699433376540477,2921,-4.001604489287473
ETHUSDT,5m,HOLDOUT,MOM,0.2,3,6,-0.001399857202326639,2586,-3.6200307252166883
ETHUSDT,5m,HOLDOUT,MOM,0.2,6,1,-0.0014570355566245663,3337,-4.862127652456178
ETHUSDT,5m,HOLDOUT,MOM,0.2,6,3,-0.0015319864247360152,2921,-4.4749323466539
ETHUSDT,5m,HOLDOUT,MOM,0.2,6,6,-0.0015878433876625015,2586,-4.106163000495229
ETHUSDT,5m,HOLDOUT,MOM,0.3,1,1,-0.0013599959253508208,1722,-2.3419129834541135
ETHUSDT,5m,HOLDOUT,MOM,0.3,1,3,-0.0013664453296737007,1504,-2.055133775829246
ETHUSDT,5m,HOLDOUT,MOM,0.3,1,6,-0.0013755305067714098,1322,-1.8184513299518037
ETHUSDT,5m,HOLDOUT,MOM,0.3,3,1,-0.0013741784523785823,1722,-2.3663352949959187
ETHUSDT,5m,HOLDOUT,MOM,0.3,3,3,-0.0014163702693334788,1504,-2.130220885077552
ETHUSDT,5m,HOLDOUT,MOM,0.3,3,6,-0.0014393253413836247,1322,-1.9027881013091519
ETHUSDT,5m,HOLDOUT,MOM,0.3,6,1,-0.0014635814345850908,1722,-2.5202872303555264
ETHUSDT,5m,HOLDOUT,MOM,0.3,6,3,-0.0015569859013382535,1504,-2.3417067956127333
ETHUSDT,5m,HOLDOUT,MOM,0.3,6,6,-0.001650484876568228,1322,-2.1819410068231972
ETHUSDT,5m,HOLDOUT,MOM,0.4,1,1,-0.0013366649260509254,741,-0.9904687102037357
ETHUSDT,5m,HOLDOUT,MOM,0.4,1,3,-0.00132788622146143,652,-0.8657818163928523
ETHUSDT,5m,HOLDOUT,MOM,0.4,1,6,-0.0013611955469104895,562,-0.7649918973636951
ETHUSDT,5m,HOLDOUT,MOM,0.4,3,1,-0.0013031295826114724,741,-0.965619020715101
ETHUSDT,5m,HOLDOUT,MOM,0.4,3,3,-0.0013217062282884268,652,-0.8617524608440542
ETHUSDT,5m,HOLDOUT,MOM,0.4,3,6,-0.00137656313802046,562,-0.7736284835674985
ETHUSDT,5m,HOLDOUT,MOM,0.4,6,1,-0.0014259588021269746,741,-1.0566354723760882
ETHUSDT,5m,HOLDOUT,MOM,0.4,6,3,-0.0014430241648556298,652,-0.9408517554858706
ETHUSDT,5m,HOLDOUT,MOM,0.4,6,6,-0.001574064214996932,562,-0.8846240888282757
ETHUSDT,5m,HOLDOUT,MOM,0.5,1,1,-0.0012986496635158573,216,-0.28050832731942515
ETHUSDT,5m,HOLDOUT,MOM,0.5,1,3,-0.0013314507815444243,196,-0.26096435318270716
ETHUSDT,5m,HOLDOUT,MOM,0.5,1,6,-0.0013453952840793005,158,-0.2125724548845295
ETHUSDT,5m,HOLDOUT,MOM,0.5,3,1,-0.0013374513443302149,216,-0.2888894903753264
ETHUSDT,5m,HOLDOUT,MOM,0.5,3,3,-0.0014113083590378437,196,-0.27661643837141736
ETHUSDT,5m,HOLDOUT,MOM,0.5,3,6,-0.0014570707262913738,158,-0.23021717475403705
ETHUSDT,5m,HOLDOUT,MOM,0.5,6,1,-0.0014160323022720156,216,-0.30586297729075534
ETHUSDT,5m,HOLDOUT,MOM,0.5,6,3,-0.0014851822699356802,196,-0.2910957249073933
ETHUSDT,5m,HOLDOUT,MOM,0.5,6,6,-0.0014726375800739617,158,-0.23267673765168595
ETHUSDT,5m,TRAIN,CONTRA,0.2,1,1,-0.0013459197070920458,1268,-1.706626188592714
ETHUSDT,5m,TRAIN,CONTRA,0.2,1,3,-0.0012892271549643252,2647,-3.4125842791905687
ETHUSDT,5m,TRAIN,CONTRA,0.2,1,6,-0.0013142413416904828,3519,-4.624815281408809
ETHUSDT,5m,TRAIN,CONTRA,0.2,3,1,-0.0014126358062637853,1268,-1.7912222023424798
ETHUSDT,5m,TRAIN,CONTRA,0.2,3,3,-0.0012957866069981787,2646,-3.4286513621171806
ETHUSDT,5m,TRAIN,CONTRA,0.2,3,6,-0.0012995967239472679,3519,-4.573280871570436
ETHUSDT,5m,TRAIN,CONTRA,0.2,6,1,-0.0014954228818088316,1268,-1.8961962141335986
ETHUSDT,5m,TRAIN,CONTRA,0.2,6,3,-0.0012231612582063404,2646,-3.2364846892139765
ETHUSDT,5m,TRAIN,CONTRA,0.2,6,6,-0.0012787386214893612,3519,-4.499881209021062
ETHUSDT,5m,TRAIN,CONTRA,0.3,1,1,-0.0014137478390532194,469,-0.6630477365159599
ETHUSDT,5m,TRAIN,CONTRA,0.3,1,3,-0.0012604697524691696,1176,-1.4823124289037435
ETHUSDT,5m,TRAIN,CONTRA,0.3,1,6,-0.0013560922662149268,1679,-2.276878914974862
ETHUSDT,5m,TRAIN,CONTRA,0.3,3,1,-0.0014138460054399556,469,-0.6630937765513392
ETHUSDT,5m,TRAIN,CONTRA,0.3,3,3,-0.0013149447777143603,1175,-1.5450601138143734
ETHUSDT,5m,TRAIN,CONTRA,0.3,3,6,-0.0013018254724532572,1679,-2.185764968249019
ETHUSDT,5m,TRAIN,CONTRA,0.3,6,1,-0.0014800614334503687,469,-0.6941488122882229
ETHUSDT,5m,TRAIN,CONTRA,0.3,6,3,-0.0011945512919537013,1175,-1.403597768045599
ETHUSDT,5m,TRAIN,CONTRA,0.3,6,6,-0.0012394847617737113,1679,-2.081094915018061
ETHUSDT,5m,TRAIN,CONTRA,0.4,1,1,-0.0013017863080041871,147,-0.1913625872766155
ETHUSDT,5m,TRAIN,CONTRA,0.4,1,3,-0.0012017262409559496,415,-0.4987163899967191
ETHUSDT,5m,TRAIN,CONTRA,0.4,1,6,-0.0013320294011268377,636,-0.8471706991166688
ETHUSDT,5m,TRAIN,CONTRA,0.4,3,1,-0.0014482509922253757,147,-0.21289289585713023
ETHUSDT,5m,TRAIN,CONTRA,0.4,3,3,-0.001292805458888584,415,-0.5365142654387623
ETHUSDT,5m,TRAIN,CONTRA,0.4,3,6,-0.0013245287099357035,636,-0.8424002595191074
ETHUSDT,5m,TRAIN,CONTRA,0.4,6,1,-0.0018289532427723711,147,-0.26885612668753855
ETHUSDT,5m,TRAIN,CONTRA,0.4,6,3,-0.0011888344247310886,415,-0.4933662862634018
ETHUSDT,5m,TRAIN,CONTRA,0.4,6,6,-0.001208019893773363,636,-0.7683006524398588
ETHUSDT,5m,TRAIN,CONTRA,0.5,1,1,-0.001382859367648315,46,-0.06361153091182249
ETHUSDT,5m,TRAIN,CONTRA,0.5,1,3,-0.0013015629908257516,118,-0.15358443291743867
ETHUSDT,5m,TRAIN,CONTRA,0.5,1,6,-0.0013070459573431338,208,-0.2718655591273718
ETHUSDT,5m,TRAIN,CONTRA,0.5,3,1,-0.0013172713846811902,46,-0.06059448369533475
ETHUSDT,5m,TRAIN,CONTRA,0.5,3,3,-0.001431758450618186,118,-0.16894749717294594
ETHUSDT,5m,TRAIN,CONTRA,0.5,3,6,-0.0011883039296109734,208,-0.24716721735908248
ETHUSDT,5m,TRAIN,CONTRA,0.5,6,1,-0.001829902392785873,46,-0.08417551006815016
ETHUSDT,5m,TRAIN,CONTRA,0.5,6,3,-0.001097556579206246,118,-0.12951167634633703
ETHUSDT,5m,TRAIN,CONTRA,0.5,6,6,-0.0010903599954171347,208,-0.22679487904676404
ETHUSDT,5m,TEST,CONTRA,0.2,1,1,-0.001314047946728035,905,-1.1892133917888716
ETHUSDT,5m,TEST,CONTRA,0.2,1,3,-0.0013040560888122241,1910,-2.490747129631348
ETHUSDT,5m,TEST,CONTRA,0.2,1,6,-0.0013532008123013524,2633,-3.562977738789461
ETHUSDT,5m,TEST,CONTRA,0.2,3,1,-0.001309824248909773,905,-1.1853909452633447
ETHUSDT,5m,TEST,CONTRA,0.2,3,3,-0.001270336104518135,1909,-2.4250716235251195
ETHUSDT,5m,TEST,CONTRA,0.2,3,6,-0.0013315956357959316,2632,-3.504759713414892
ETHUSDT,5m,TEST,CONTRA,0.2,6,1,-0.001252155334610064,905,-1.133200577822108
ETHUSDT,5m,TEST,CONTRA,0.2,6,3,-0.0011813351996724035,1909,-2.2551688961746184
ETHUSDT,5m,TEST,CONTRA,0.2,6,6,-0.001278642984918004,2632,-3.3653883363041865
ETHUSDT,5m,TEST,CONTRA,0.3,1,1,-0.0011667004954843774,304,-0.35467695062725074
ETHUSDT,5m,TEST,CONTRA,0.3,1,3,-0.0012846479245346941,847,-1.088096792080886
ETHUSDT,5m,TEST,CONTRA,0.3,1,6,-0.001296984427171733,1282,-1.6627340356341618
ETHUSDT,5m,TEST,CONTRA,0.3,3,1,-0.0011462940109902072,304,-0.34847337934102296
ETHUSDT,5m,TEST,CONTRA,0.3,3,3,-0.0012704903993441786,846,-1.074834877845175
ETHUSDT,5m,TEST,CONTRA,0.3,3,6,-0.0012751907457383908,1281,-1.6335193452908785
ETHUSDT,5m,TEST,CONTRA,0.3,6,1,-0.0011755247758031939,304,-0.3573595318441709
ETHUSDT,5m,TEST,CONTRA,0.3,6,3,-0.0012248691117087971,846,-1.0362392685056423
ETHUSDT,5m,TEST,CONTRA,0.3,6,6,-0.0012448813006975517,1281,-1.5946929461935637
ETHUSDT,5m,TEST,CONTRA,0.4,1,1,-0.0012720978371324665,85,-0.10812831615625965
ETHUSDT,5m,TEST,CONTRA,0.4,1,3,-0.0012842886414184608,304,-0.39042374699121213
ETHUSDT,5m,TEST,CONTRA,0.4,1,6,-0.0013038248012713144,492,-0.6414818022254867
ETHUSDT,5m,TEST,CONTRA,0.4,3,1,-0.001257862656970363,85,-0.10691832584248087
ETHUSDT,5m,TEST,CONTRA,0.4,3,3,-0.0014520662926169438,304,-0.44142815295555093
ETHUSDT,5m,TEST,CONTRA,0.4,3,6,-0.0014183388100507885,492,-0.6978226945449879
ETHUSDT,5m,TEST,CONTRA,0.4,6,1,-0.001299819061974556,85,-0.11048462026783726
ETHUSDT,5m,TEST,CONTRA,0.4,6,3,-0.0014008962785193228,304,-0.42587246866987416
ETHUSDT,5m,TEST,CONTRA,0.4,6,6,-0.0013734920039784279,492,-0.6757580659573865
ETHUSDT,5m,TEST,CONTRA,0.5,1,1,-0.0010698716513027195,12,-0.012838459815632634
ETHUSDT,5m,TEST,CONTRA,0.5,1,3,-0.0011625311057720561,98,-0.1139280483656615
ETHUSDT,5m,TEST,CONTRA,0.5,1,6,-0.0012379209029149039,159,-0.19682942356346972
ETHUSDT,5m,TEST,CONTRA,0.5,3,1,-0.001327502471125003,12,-0.015930029653500037
ETHUSDT,5m,TEST,CONTRA,0.5,3,3,-0.001268795751799101,98,-0.12434198367631188
ETHUSDT,5m,TEST,CONTRA,0.5,3,6,-0.001409450476983604,159,-0.22410262584039303
ETHUSDT,5m,TEST,CONTRA,0.5,6,1,-0.0015834306016193015,12,-0.019001167219431618
ETHUSDT,5m,TEST,CONTRA,0.5,6,3,-0.0012313783581447207,98,-0.12067507909818263
ETHUSDT,5m,TEST,CONTRA,0.5,6,6,-0.0013040209090308895,159,-0.20733932453591145
ETHUSDT,5m,HOLDOUT,CONTRA,0.2,1,1,-0.0013824419613387357,471,-0.6511301637905446
ETHUSDT,5m,HOLDOUT,CONTRA,0.2,1,3,-0.0013107056111055274,887,-1.1625958770506029
ETHUSDT,5m,HOLDOUT,CONTRA,0.2,1,6,-0.0013130409945749993,1222,-1.6045360953706491
ETHUSDT,5m,HOLDOUT,CONTRA,0.2,3,1,-0.0014279529320947977,470,-0.6711378780845549
ETHUSDT,5m,HOLDOUT,CONTRA,0.2,3,3,-0.0012960249185592668,886,-1.1482780778435104
ETHUSDT,5m,HOLDOUT,CONTRA,0.2,3,6,-0.0012506484530661706,1221,-1.5270417611937943
ETHUSDT,5m,HOLDOUT,CONTRA,0.2,6,1,-0.0015148567064306479,470,-0.7119826520224045
ETHUSDT,5m,HOLDOUT,CONTRA,0.2,6,3,-0.0012395427132380471,886,-1.0982348439289098
ETHUSDT,5m,HOLDOUT,CONTRA,0.2,6,6,-0.001195550088468899,1221,-1.4597666580205257
ETHUSDT,5m,HOLDOUT,CONTRA,0.3,1,1,-0.0015693886390116948,148,-0.23226951857373082
ETHUSDT,5m,HOLDOUT,CONTRA,0.3,1,3,-0.001421989970633992,366,-0.5204483292520411
ETHUSDT,5m,HOLDOUT,CONTRA,0.3,1,6,-0.0013818076568980953,546,-0.75446698066636
ETHUSDT,5m,HOLDOUT,CONTRA,0.3,3,1,-0.001708194749787305,148,-0.25281282296852114
ETHUSDT,5m,HOLDOUT,CONTRA,0.3,3,3,-0.0013442006447186411,366,-0.49197743596702265
ETHUSDT,5m,HOLDOUT,CONTRA,0.3,3,6,-0.0013077861636447677,546,-0.7140512453500432
ETHUSDT,5m,HOLDOUT,CONTRA,0.3,6,1,-0.001826635926108782,148,-0.2703421170640997
ETHUSDT,5m,HOLDOUT,CONTRA,0.3,6,3,-0.0012297782237544158,366,-0.45009882989411615
ETHUSDT,5m,HOLDOUT,CONTRA,0.3,6,6,-0.001098736598967691,546,-0.5999101830363593
ETHUSDT,5m,HOLDOUT,CONTRA,0.4,1,1,-0.0016015442928102044,46,-0.0736710374692694
ETHUSDT,5m,HOLDOUT,CONTRA,0.4,1,3,-0.0014742878276187419,133,-0.19608028107329267
ETHUSDT,5m,HOLDOUT,CONTRA,0.4,1,6,-0.0013272744519541306,224,-0.2973094772377253
ETHUSDT,5m,HOLDOUT,CONTRA,0.4,3,1,-0.0014435954567860209,46,-0.06640539101215696
ETHUSDT,5m,HOLDOUT,CONTRA,0.4,3,3,-0.0012741167850877217,133,-0.16945753241666697
ETHUSDT,5m,HOLDOUT,CONTRA,0.4,3,6,-0.001140427006417429,224,-0.2554556494375041
ETHUSDT,5m,HOLDOUT,CONTRA,0.4,6,1,-0.0011627877629855365,46,-0.053488237097334676
ETHUSDT,5m,HOLDOUT,CONTRA,0.4,6,3,-0.0012541122004014007,133,-0.1667969226533863
ETHUSDT,5m,HOLDOUT,CONTRA,0.4,6,6,-0.0009868195787784612,224,-0.22104758564637533
ETHUSDT,5m,HOLDOUT,CONTRA,0.5,1,1,-0.0016959941048849334,10,-0.016959941048849334
ETHUSDT,5m,HOLDOUT,CONTRA,0.5,1,3,-0.0012519478523599222,29,-0.036306487718437745
ETHUSDT,5m,HOLDOUT,CONTRA,0.5,1,6,-0.0012565331178525758,68,-0.08544425201397515
ETHUSDT,5m,HOLDOUT,CONTRA,0.5,3,1,-0.0017957695144832683,10,-0.017957695144832683
ETHUSDT,5m,HOLDOUT,CONTRA,0.5,3,3,-0.0010490775892971007,29,-0.03042325008961592
ETHUSDT,5m,HOLDOUT,CONTRA,0.5,3,6,-0.0011319033241137867,68,-0.0769694260397375
ETHUSDT,5m,HOLDOUT,CONTRA,0.5,6,1,-0.0015984236231435952,10,-0.015984236231435953
ETHUSDT,5m,HOLDOUT,CONTRA,0.5,6,3,-0.0010271160317679425,29,-0.02978636492127033
ETHUSDT,5m,HOLDOUT,CONTRA,0.5,6,6,-0.0013017547001978839,68,-0.0885193196134561
ETHUSDT,15m,TRAIN,MOM,0.2,1,1,-0.0013124010770875984,1641,-2.153650167500749
ETHUSDT,15m,TRAIN,MOM,0.2,1,3,-0.0013591510129816675,1315,-1.7872835820708928
ETHUSDT,15m,TRAIN,MOM,0.2,1,6,-0.0013665107065727487,1162,-1.587885441037534
ETHUSDT,15m,TRAIN,MOM,0.2,3,1,-0.0011954613285359392,1641,-1.9617520401274762
ETHUSDT,15m,TRAIN,MOM,0.2,3,3,-0.0012658953291127665,1315,-1.664652357783288
ETHUSDT,15m,TRAIN,MOM,0.2,3,6,-0.0012257055194317779,1162,-1.4242698135797258
ETHUSDT,15m,TRAIN,MOM,0.2,6,1,-0.0011691593298690998,1639,-1.9162521416554545
ETHUSDT,15m,TRAIN,MOM,0.2,6,3,-0.001202399421659156,1313,-1.5787504406384718
ETHUSDT,15m,TRAIN,MOM,0.2,6,6,-0.0011036277895710642,1160,-1.2802082359024345
ETHUSDT,15m,TRAIN,MOM,0.3,1,1,-0.0013805976470366076,442,-0.6102241599901805
ETHUSDT,15m,TRAIN,MOM,0.3,1,3,-0.0014532465921691339,367,-0.5333414993260721
ETHUSDT,15m,TRAIN,MOM,0.3,1,6,-0.001475046400643884,318,-0.4690647554047551
ETHUSDT,15m,TRAIN,MOM,0.3,3,1,-0.0011010021154984114,442,-0.4866429350502979
ETHUSDT,15m,TRAIN,MOM,0.3,3,3,-0.0012121907425858083,367,-0.4448740025289916
ETHUSDT,15m,TRAIN,MOM,0.3,3,6,-0.0012010772584720936,318,-0.38194256819412575
ETHUSDT,15m,TRAIN,MOM,0.3,6,1,-0.0007826469621168186,442,-0.34592995725563386
ETHUSDT,15m,TRAIN,MOM,0.3,6,3,-0.0008063015508829141,367,-0.2959126691740295
ETHUSDT,15m,TRAIN,MOM,0.3,6,6,-0.000846782382838594,318,-0.2692767977426729
ETHUSDT,15m,TRAIN,MOM,0.4,1,1,-0.0014644605468470118,98,-0.14351713359100715
ETHUSDT,15m,TRAIN,MOM,0.4,1,3,-0.0014992898195225958,78,-0.11694460592276247
ETHUSDT,15m,TRAIN,MOM,0.4,1,6,-0.0014021232457870482,73,-0.10235499694245452
ETHUSDT,15m,TRAIN,MOM,0.4,3,1,-0.0013945180336874144,98,-0.13666276730136662
ETHUSDT,15m,TRAIN,MOM,0.4,3,3,-0.0016123477152984783,78,-0.1257631217932813
ETHUSDT,15m,TRAIN,MOM,0.4,3,6,-0.0013801355288510602,73,-0.10074989360612739
ETHUSDT,15m,TRAIN,MOM,0.4,6,1,-0.0015494599069328715,98,-0.1518470708794214
ETHUSDT,15m,TRAIN,MOM,0.4,6,3,-0.0017499102356226394,78,-0.13649299837856588
ETHUSDT,15m,TRAIN,MOM,0.4,6,6,-0.0016687966850848844,73,-0.12182215801119656
ETHUSDT,15m,TRAIN,MOM,0.5,1,1,-0.0011393635890732093,18,-0.020508544603317767
ETHUSDT,15m,TRAIN,MOM,0.5,1,3,-0.0012321050904577863,12,-0.014785261085493436
ETHUSDT,15m,TRAIN,MOM,0.5,1,6,-0.001314654600473315,13,-0.017090509806153092
ETHUSDT,15m,TRAIN,MOM,0.5,3,1,-0.0008639146050740317,18,-0.015550462891332571
ETHUSDT,15m,TRAIN,MOM,0.5,3,3,-0.0006952476349509394,12,-0.008342971619411273
ETHUSDT,15m,TRAIN,MOM,0.5,3,6,-0.0006891176418885528,13,-0.008958529344551186
ETHUSDT,15m,TRAIN,MOM,0.5,6,1,0.0006861523544923065,18,0.012350742380861517
ETHUSDT,15m,TRAIN,MOM,0.5,6,3,0.0016638879886422967,12,0.01996665586370756
ETHUSDT,15m,TRAIN,MOM,0.5,6,6,0.0015112155359101112,13,0.019645801966831446
ETHUSDT,15m,TEST,MOM,0.2,1,1,-0.001225990688357417,1376,-1.6869631871798059
ETHUSDT,15m,TEST,MOM,0.2,1,3,-0.0012385653018145745,1114,-1.379761746221436
ETHUSDT,15m,TEST,MOM,0.2,1,6,-0.001283482998343546,914,-1.173103460486001
ETHUSDT,15m,TEST,MOM,0.2,3,1,-0.0009809375586581634,1376,-1.3497700807136328
ETHUSDT,15m,TEST,MOM,0.2,3,3,-0.0009508148185368079,1114,-1.059207707850004
ETHUSDT,15m,TEST,MOM,0.2,3,6,-0.0009371907867273526,914,-0.8565923790688003
ETHUSDT,15m,TEST,MOM,0.2,6,1,-0.0009532886865005501,1374,-1.309818655251756
ETHUSDT,15m,TEST,MOM,0.2,6,3,-0.0009793973310629164,1112,-1.0890898321419629
ETHUSDT,15m,TEST,MOM,0.2,6,6,-0.0008524312142064243,912,-0.7774172673562589
ETHUSDT,15m,TEST,MOM,0.3,1,1,-0.0013248839836624874,426,-0.5644005770402196
ETHUSDT,15m,TEST,MOM,0.3,1,3,-0.0013200954049306889,343,-0.45279272389122627
ETHUSDT,15m,TEST,MOM,0.3,1,6,-0.0013822300235330355,277,-0.3828777165186508
ETHUSDT,15m,TEST,MOM,0.3,3,1,-0.0013137929869692635,426,-0.5596758124489063
ETHUSDT,15m,TEST,MOM,0.3,3,3,-0.0012433916690127948,343,-0.4264833424713886
ETHUSDT,15m,TEST,MOM,0.3,3,6,-0.0013715040326277678,277,-0.3799066170378917
ETHUSDT,15m,TEST,MOM,0.3,6,1,-0.0013529587355278557,426,-0.5763604213348665
ETHUSDT,15m,TEST,MOM,0.3,6,3,-0.001380434685671907,343,-0.47348909718546417
ETHUSDT,15m,TEST,MOM,0.3,6,6,-0.0013964510521292275,277,-0.386816941439796
ETHUSDT,15m,TEST,MOM,0.4,1,1,-0.0012696527235829052,102,-0.12950457780545632
ETHUSDT,15m,TEST,MOM,0.4,1,3,-0.0012867151743045703,85,-0.10937078981588846
ETHUSDT,15m,TEST,MOM,0.4,1,6,-0.0012860403544100068,68,-0.08745074409988046
ETHUSDT,15m,TEST,MOM,0.4,3,1,-0.001369856266330429,102,-0.13972533916570376
ETHUSDT,15m,TEST,MOM,0.4,3,3,-0.0011465881215305114,85,-0.09745999033009348
ETHUSDT,15m,TEST,MOM,0.4,3,6,-0.001362185484459094,68,-0.09262861294321839
ETHUSDT,15m,TEST,MOM,0.4,6,1,-0.0014466340380645808,102,-0.14755667188258725
ETHUSDT,15m,TEST,MOM,0.4,6,3,-0.0013161285703806554,85,-0.11187092848235572
ETHUSDT,15m,TEST,MOM,0.4,6,6,-0.0013988749397471822,68,-0.09512349590280839
ETHUSDT,15m,TEST,MOM,0.5,1,1,-0.0012079608540188833,18,-0.021743295372339898
ETHUSDT,15m,TEST,MOM,0.5,1,3,-0.0012569021231046119,17,-0.0213673360927784
ETHUSDT,15m,TEST,MOM,0.5,1,6,-0.0013772990254877235,13,-0.017904887331340404
ETHUSDT,15m,TEST,MOM,0.5,3,1,-0.0014069144738065567,18,-0.02532446052851802
ETHUSDT,15m,TEST,MOM,0.5,3,3,-0.0015228355103835945,17,-0.025888203676521105
ETHUSDT,15m,TEST,MOM,0.5,3,6,-0.0015291930526653069,13,-0.01987950968464899
ETHUSDT,15m,TEST,MOM,0.5,6,1,-0.0013488158101048519,18,-0.024278684581887332
ETHUSDT,15m,TEST,MOM,0.5,6,3,-0.0014263107564176233,17,-0.024247282859099595
ETHUSDT,15m,TEST,MOM,0.5,6,6,-0.0016568212849182922,13,-0.0215386767039378
ETHUSDT,15m,HOLDOUT,MOM,0.2,1,1,-0.0014382907129499088,672,-0.9665313591023388
ETHUSDT,15m,HOLDOUT,MOM,0.2,1,3,-0.0014247692575535102,542,-0.7722249375940026
ETHUSDT,15m,HOLDOUT,MOM,0.2,1,6,-0.0015326666588750312,490,-0.7510066628487653
ETHUSDT,15m,HOLDOUT,MOM,0.2,3,1,-0.0016732360036332665,672,-1.1244145944415551
ETHUSDT,15m,HOLDOUT,MOM,0.2,3,3,-0.0015074220933695714,542,-0.8170227746063077
ETHUSDT,15m,HOLDOUT,MOM,0.2,3,6,-0.0016590628260193697,490,-0.8129407847494912
ETHUSDT,15m,HOLDOUT,MOM,0.2,6,1,-0.0016687313371955743,671,-1.1197187272582303
ETHUSDT,15m,HOLDOUT,MOM,0.2,6,3,-0.0015351631104120432,542,-0.8320584058433275
ETHUSDT,15m,HOLDOUT,MOM,0.2,6,6,-0.0016584337411675806,490,-0.8126325331721145
ETHUSDT,15m,HOLDOUT,MOM,0.3,1,1,-0.0015929626067356874,204,-0.3249643717740802
ETHUSDT,15m,HOLDOUT,MOM,0.3,1,3,-0.0016320998435998095,166,-0.27092857403756837
ETHUSDT,15m,HOLDOUT,MOM,0.3,1,6,-0.0017076848554108575,155,-0.2646911525886829
ETHUSDT,15m,HOLDOUT,MOM,0.3,3,1,-0.0018250663876142755,204,-0.3723135430733122
ETHUSDT,15m,HOLDOUT,MOM,0.3,3,3,-0.0014822809889944433,166,-0.2460586441730776
ETHUSDT,15m,HOLDOUT,MOM,0.3,3,6,-0.0015966030556762315,155,-0.2474734736298159
ETHUSDT,15m,HOLDOUT,MOM,0.3,6,1,-0.0019943002959687418,204,-0.40683726037762336
ETHUSDT,15m,HOLDOUT,MOM,0.3,6,3,-0.0016690492877244206,166,-0.27706218176225383
ETHUSDT,15m,HOLDOUT,MOM,0.3,6,6,-0.00174190710329177,155,-0.26999560101022435
ETHUSDT,15m,HOLDOUT,MOM,0.4,1,1,-0.0014560821022381602,57,-0.08299667982757514
ETHUSDT,15m,HOLDOUT,MOM,0.4,1,3,-0.0013618109995846039,46,-0.06264330598089178
ETHUSDT,15m,HOLDOUT,MOM,0.4,1,6,-0.0015373405855610852,45,-0.06918032635024883
ETHUSDT,15m,HOLDOUT,MOM,0.4,3,1,-0.0019765051469562075,57,-0.11266079337650384
ETHUSDT,15m,HOLDOUT,MOM,0.4,3,3,-0.001748249948697344,46,-0.08041949764007783
ETHUSDT,15m,HOLDOUT,MOM,0.4,3,6,-0.0022223133452568674,45,-0.10000410053655903
ETHUSDT,15m,HOLDOUT,MOM,0.4,6,1,-0.002526268396773665,57,-0.14399729861609892
ETHUSDT,15m,HOLDOUT,MOM,0.4,6,3,-0.0024879097809463423,46,-0.11444384992353174
ETHUSDT,15m,HOLDOUT,MOM,0.4,6,6,-0.002748041316270426,45,-0.12366185923216919
ETHUSDT,15m,HOLDOUT,MOM,0.5,1,1,-0.0013415593825103697,10,-0.013415593825103697
ETHUSDT,15m,HOLDOUT,MOM,0.5,1,3,-0.0015555798007795532,9,-0.014000218207015979
ETHUSDT,15m,HOLDOUT,MOM,0.5,1,6,-0.0008928625585057186,9,-0.008035763026551467
ETHUSDT,15m,HOLDOUT,MOM,0.5,3,1,-0.0011315412841722647,10,-0.011315412841722647
ETHUSDT,15m,HOLDOUT,MOM,0.5,3,3,-0.001053281712908559,9,-0.009479535416177031
ETHUSDT,15m,HOLDOUT,MOM,0.5,3,6,-0.000903407670311688,9,-0.008130669032805193
ETHUSDT,15m,HOLDOUT,MOM,0.5,6,1,-0.0010315358924783287,10,-0.010315358924783288
ETHUSDT,15m,HOLDOUT,MOM,0.5,6,3,-0.0007199869353790591,9,-0.006479882418411531
ETHUSDT,15m,HOLDOUT,MOM,0.5,6,6,-0.001029418790846227,9,-0.009264769117616044
ETHUSDT,15m,TRAIN,CONTRA,0.2,1,1,-0.0011859657779304566,156,-0.18501066135715122
ETHUSDT,15m,TRAIN,CONTRA,0.2,1,3,-0.001137581097456104,481,-0.547176507876386
ETHUSDT,15m,TRAIN,CONTRA,0.2,1,6,-0.0011798090783680366,631,-0.7444595284502311
ETHUSDT,15m,TRAIN,CONTRA,0.2,3,1,-0.00089062241573074,156,-0.13893709685399544
ETHUSDT,15m,TRAIN,CONTRA,0.2,3,3,-0.0009093641952443348,481,-0.437404177912525
ETHUSDT,15m,TRAIN,CONTRA,0.2,3,6,-0.0010536153522980962,631,-0.6648312873000988
ETHUSDT,15m,TRAIN,CONTRA,0.2,6,1,-0.001050179983427619,156,-0.16382807741470856
ETHUSDT,15m,TRAIN,CONTRA,0.2,6,3,-0.0010408851244262031,481,-0.5006657448490037
ETHUSDT,15m,TRAIN,CONTRA,0.2,6,6,-0.0012502261645929832,631,-0.7888927098581724
ETHUSDT,15m,TRAIN,CONTRA,0.3,1,1,-0.0013284759313262522,32,-0.04251122980244007
ETHUSDT,15m,TRAIN,CONTRA,0.3,1,3,-0.0011158307520238169,107,-0.11939389046654841
ETHUSDT,15m,TRAIN,CONTRA,0.3,1,6,-0.0011773758614606765,156,-0.18367063438786552
ETHUSDT,15m,TRAIN,CONTRA,0.3,3,1,-0.0015820773963889758,32,-0.050626476684447225
ETHUSDT,15m,TRAIN,CONTRA,0.3,3,3,-0.0008635084972500312,107,-0.09239540920575334
ETHUSDT,15m,TRAIN,CONTRA,0.3,3,6,-0.000995684894491149,156,-0.15532684354061926
ETHUSDT,15m,TRAIN,CONTRA,0.3,6,1,-0.0015280303909768868,32,-0.04889697251126038
ETHUSDT,15m,TRAIN,CONTRA,0.3,6,3,-0.0009244323419893889,107,-0.09891426059286462
ETHUSDT,15m,TRAIN,CONTRA,0.3,6,6,-0.0008048085386168028,156,-0.12555013202422124
ETHUSDT,15m,TRAIN,CONTRA,0.4,1,1,-0.000955471424898819,6,-0.005732828549392914
ETHUSDT,15m,TRAIN,CONTRA,0.4,1,3,-0.001242513700678369,26,-0.032305356217637596
ETHUSDT,15m,TRAIN,CONTRA,0.4,1,6,-0.001512740812836954,31,-0.04689496519794557
ETHUSDT,15m,TRAIN,CONTRA,0.4,3,1,-0.0014243690974520965,6,-0.008546214584712579
ETHUSDT,15m,TRAIN,CONTRA,0.4,3,3,-0.000747917695876841,26,-0.019445860092797865
ETHUSDT,15m,TRAIN,CONTRA,0.4,3,6,-0.0014341641380629625,31,-0.04445908827995183
ETHUSDT,15m,TRAIN,CONTRA,0.4,6,1,-0.0014602694015982453,6,-0.008761616409589472
ETHUSDT,15m,TRAIN,CONTRA,0.4,6,3,-0.0009275264965555758,26,-0.02411568891044497
ETHUSDT,15m,TRAIN,CONTRA,0.4,6,6,-0.001251178363800463,31,-0.038786529277814355
ETHUSDT,15m,TRAIN,CONTRA,0.5,1,1,,0,0.0
ETHUSDT,15m,TRAIN,CONTRA,0.5,1,3,-0.0009538805863040555,6,-0.005723283517824333
ETHUSDT,15m,TRAIN,CONTRA,0.5,1,6,-0.0006836069594329351,5,-0.0034180347971646758
ETHUSDT,15m,TRAIN,CONTRA,0.5,3,1,,0,0.0
ETHUSDT,15m,TRAIN,CONTRA,0.5,3,3,-0.0012012485453202165,6,-0.0072074912719213
ETHUSDT,15m,TRAIN,CONTRA,0.5,3,6,-0.0013183867093562772,5,-0.006591933546781386
ETHUSDT,15m,TRAIN,CONTRA,0.5,6,1,,0,0.0
ETHUSDT,15m,TRAIN,CONTRA,0.5,6,3,-0.0012693189138076736,6,-0.007615913482846041
ETHUSDT,15m,TRAIN,CONTRA,0.5,6,6,-0.0014590119171939851,5,-0.007295059585969926
ETHUSDT,15m,TEST,CONTRA,0.2,1,1,-0.0013921904978324942,104,-0.1447878117745794
ETHUSDT,15m,TEST,CONTRA,0.2,1,3,-0.0012529272990777682,365,-0.4573184641633854
ETHUSDT,15m,TEST,CONTRA,0.2,1,6,-0.001164605648027476,567,-0.660331402431579
ETHUSDT,15m,TEST,CONTRA,0.2,3,1,-0.0012440985869190161,104,-0.12938625303957768
ETHUSDT,15m,TEST,CONTRA,0.2,3,3,-0.0011651756696492888,365,-0.4252891194219904
ETHUSDT,15m,TEST,CONTRA,0.2,3,6,-0.0010991574455757626,567,-0.6232222716414574
ETHUSDT,15m,TEST,CONTRA,0.2,6,1,-0.0014046028599494107,104,-0.14607869743473872
ETHUSDT,15m,TEST,CONTRA,0.2,6,3,-0.0010265867190955343,365,-0.37470415246987004
ETHUSDT,15m,TEST,CONTRA,0.2,6,6,-0.001195713619857227,567,-0.6779696224590477
ETHUSDT,15m,TEST,CONTRA,0.3,1,1,-0.0012796336024996924,17,-0.02175377124249477
ETHUSDT,15m,TEST,CONTRA,0.3,1,3,-0.001333616243914882,100,-0.1333616243914882
ETHUSDT,15m,TEST,CONTRA,0.3,1,6,-0.0012245580226750825,166,-0.2032766317640637
ETHUSDT,15m,TEST,CONTRA,0.3,3,1,-0.0009034455976994248,17,-0.01535857516089022
ETHUSDT,15m,TEST,CONTRA,0.3,3,3,-0.0014855104513840794,100,-0.14855104513840794
ETHUSDT,15m,TEST,CONTRA,0.3,3,6,-0.0011754684974211135,166,-0.19512777057190483
ETHUSDT,15m,TEST,CONTRA,0.3,6,1,-0.0014933783445720361,17,-0.025387431857724616
ETHUSDT,15m,TEST,CONTRA,0.3,6,3,-0.0012825875600712682,100,-0.12825875600712683
ETHUSDT,15m,TEST,CONTRA,0.3,6,6,-0.0012947645286312955,166,-0.21493091175279505
ETHUSDT,15m,TEST,CONTRA,0.4,1,1,-0.002607884523366276,1,-0.002607884523366276
ETHUSDT,15m,TEST,CONTRA,0.4,1,3,-0.001263426250718564,18,-0.02274167251293415
ETHUSDT,15m,TEST,CONTRA,0.4,1,6,-0.0012760490922554908,35,-0.04466171822894218
ETHUSDT,15m,TEST,CONTRA,0.4,3,1,-0.004691993194747034,1,-0.004691993194747034
ETHUSDT,15m,TEST,CONTRA,0.4,3,3,-0.002608741223908739,18,-0.046957342030357306
ETHUSDT,15m,TEST,CONTRA,0.4,3,6,-0.0014796776976352117,35,-0.05178871941723241
ETHUSDT,15m,TEST,CONTRA,0.4,6,1,-0.006143426019458752,1,-0.006143426019458752
ETHUSDT,15m,TEST,CONTRA,0.4,6,3,-0.0023238427455383507,18,-0.04182916941969031
ETHUSDT,15m,TEST,CONTRA,0.4,6,6,-0.0016736171999782187,35,-0.05857660199923766
ETHUSDT,15m,TEST,CONTRA,0.5,1,1,,0,0.0
ETHUSDT,15m,TEST,CONTRA,0.5,1,3,-0.00037595927956149845,1,-0.00037595927956149845
ETHUSDT,15m,TEST,CONTRA,0.5,1,6,-0.0007676816081998982,5,-0.003838408040999491
ETHUSDT,15m,TEST,CONTRA,0.5,3,1,,0,0.0
ETHUSDT,15m,TEST,CONTRA,0.5,3,3,0.0005637431480030831,1,0.0005637431480030831
ETHUSDT,15m,TEST,CONTRA,0.5,3,6,-0.0010889901687738057,5,-0.005444950843869028
ETHUSDT,15m,TEST,CONTRA,0.5,6,1,,0,0.0
ETHUSDT,15m,TEST,CONTRA,0.5,6,3,-3.1401722787737125e-05,1,-3.1401722787737125e-05
ETHUSDT,15m,TEST,CONTRA,0.5,6,6,-0.0005480015755899058,5,-0.002740007877949529
ETHUSDT,15m,HOLDOUT,CONTRA,0.2,1,1,-0.0015403684980115533,64,-0.09858358387273941
ETHUSDT,15m,HOLDOUT,CONTRA,0.2,1,3,-0.0015005715615813706,193,-0.28961031138520454
ETHUSDT,15m,HOLDOUT,CONTRA,0.2,1,6,-0.001268688106654864,245,-0.3108285861304417
ETHUSDT,15m,HOLDOUT,CONTRA,0.2,3,1,-0.0005770295443723359,64,-0.0369298908398295
ETHUSDT,15m,HOLDOUT,CONTRA,0.2,3,3,-0.0017707623348850593,193,-0.34175713063281643
ETHUSDT,15m,HOLDOUT,CONTRA,0.2,3,6,-0.0014115882468964615,245,-0.34583912048963306
ETHUSDT,15m,HOLDOUT,CONTRA,0.2,6,1,-5.830838744519059e-06,64,-0.0003731736796492198
ETHUSDT,15m,HOLDOUT,CONTRA,0.2,6,3,-0.001511037374201429,192,-0.29011917584667435
ETHUSDT,15m,HOLDOUT,CONTRA,0.2,6,6,-0.0012686272480241284,244,-0.30954504851788733
ETHUSDT,15m,HOLDOUT,CONTRA,0.3,1,1,-0.002007901440606113,13,-0.026102718727879472
ETHUSDT,15m,HOLDOUT,CONTRA,0.3,1,3,-0.0015371764493704082,50,-0.07685882246852041
ETHUSDT,15m,HOLDOUT,CONTRA,0.3,1,6,-0.0013622335068427186,61,-0.08309624391740583
ETHUSDT,15m,HOLDOUT,CONTRA,0.3,3,1,-0.00024072764948880723,13,-0.003129459443354494
ETHUSDT,15m,HOLDOUT,CONTRA,0.3,3,3,-0.0025363955660265714,50,-0.12681977830132857
ETHUSDT,15m,HOLDOUT,CONTRA,0.3,3,6,-0.0020558188335178724,61,-0.12540494884459022
ETHUSDT,15m,HOLDOUT,CONTRA,0.3,6,1,0.00023464794464764658,13,0.0030504232804194056
ETHUSDT,15m,HOLDOUT,CONTRA,0.3,6,3,-0.0025762067217414454,50,-0.12881033608707226
ETHUSDT,15m,HOLDOUT,CONTRA,0.3,6,6,-0.002227490439985275,61,-0.13587691683910177
ETHUSDT,15m,HOLDOUT,CONTRA,0.4,1,1,-0.0020945185201517212,4,-0.008378074080606885
ETHUSDT,15m,HOLDOUT,CONTRA,0.4,1,3,-0.0018179824236728068,14,-0.025451753931419296
ETHUSDT,15m,HOLDOUT,CONTRA,0.4,1,6,-0.001260982237470815,15,-0.018914733562062226
ETHUSDT,15m,HOLDOUT,CONTRA,0.4,3,1,-0.00020683882064459914,4,-0.0008273552825783966
ETHUSDT,15m,HOLDOUT,CONTRA,0.4,3,3,-0.002178862212624565,14,-0.030504070976743906
ETHUSDT,15m,HOLDOUT,CONTRA,0.4,3,6,-0.0007279645386841805,15,-0.010919468080262708
ETHUSDT,15m,HOLDOUT,CONTRA,0.4,6,1,0.0015698813431429216,4,0.006279525372571686
ETHUSDT,15m,HOLDOUT,CONTRA,0.4,6,3,-0.0018114002908655486,14,-0.02535960407211768
ETHUSDT,15m,HOLDOUT,CONTRA,0.4,6,6,-0.0010761063175653493,15,-0.01614159476348024
ETHUSDT,15m,HOLDOUT,CONTRA,0.5,1,1,-0.0022322700213409973,1,-0.0022322700213409973
ETHUSDT,15m,HOLDOUT,CONTRA,0.5,1,3,-0.0008238228197143581,2,-0.0016476456394287162
ETHUSDT,15m,HOLDOUT,CONTRA,0.5,1,6,-0.003806050409946614,2,-0.007612100819893228
ETHUSDT,15m,HOLDOUT,CONTRA,0.5,3,1,-0.0011689580291287848,1,-0.0011689580291287848
ETHUSDT,15m,HOLDOUT,CONTRA,0.5,3,3,-0.0015024177273372007,2,-0.0030048354546744014
ETHUSDT,15m,HOLDOUT,CONTRA,0.5,3,6,-0.00217685091902312,2,-0.00435370183804624
ETHUSDT,15m,HOLDOUT,CONTRA,0.5,6,1,-0.002086251825227513,1,-0.002086251825227513
ETHUSDT,15m,HOLDOUT,CONTRA,0.5,6,3,-0.002960864165799636,2,-0.005921728331599272
ETHUSDT,15m,HOLDOUT,CONTRA,0.5,6,6,-0.0015684208161973788,2,-0.0031368416323947577
SOLUSDT,5m,TRAIN,MOM,0.2,1,1,-0.0016266756786672964,9639,-15.67952686667407
SOLUSDT,5m,TRAIN,MOM,0.2,1,3,-0.0016318062489707828,8459,-13.803449060043851
SOLUSDT,5m,TRAIN,MOM,0.2,1,6,-0.001627859265127989,7567,-12.318011059223492
SOLUSDT,5m,TRAIN,MOM,0.2,3,1,-0.001650570514274781,9638,-15.90819861658034
SOLUSDT,5m,TRAIN,MOM,0.2,3,3,-0.0016525605421464499,8459,-13.97900962601682
SOLUSDT,5m,TRAIN,MOM,0.2,3,6,-0.0016270013001367268,7566,-12.309891836834474
SOLUSDT,5m,TRAIN,MOM,0.2,6,1,-0.0016480039581061058,9637,-15.881814144268542
SOLUSDT,5m,TRAIN,MOM,0.2,6,3,-0.0016484413207869329,8459,-13.944165132536666
SOLUSDT,5m,TRAIN,MOM,0.2,6,6,-0.0016241399737878489,7566,-12.288243041678864
SOLUSDT,5m,TRAIN,MOM,0.3,1,1,-0.0016559089694196593,5562,-9.210165687912145
SOLUSDT,5m,TRAIN,MOM,0.3,1,3,-0.0016450308399618273,4894,-8.050780930773183
SOLUSDT,5m,TRAIN,MOM,0.3,1,6,-0.0016459951764602907,4290,-7.061319307014648
SOLUSDT,5m,TRAIN,MOM,0.3,3,1,-0.0017143162920815651,5562,-9.535027216557665
SOLUSDT,5m,TRAIN,MOM,0.3,3,3,-0.0016881728079168982,4894,-8.2619177219453
SOLUSDT,5m,TRAIN,MOM,0.3,3,6,-0.0016599320886630752,4290,-7.121108660364593
SOLUSDT,5m,TRAIN,MOM,0.3,6,1,-0.0016899719006014116,5562,-9.39962371114505
SOLUSDT,5m,TRAIN,MOM,0.3,6,3,-0.0016506223765159187,4894,-8.078145910668907
SOLUSDT,5m,TRAIN,MOM,0.3,6,6,-0.0016170245253635483,4290,-6.937035213809622
SOLUSDT,5m,TRAIN,MOM,0.4,1,1,-0.0016428153324527957,2551,-4.190821913087082
SOLUSDT,5m,TRAIN,MOM,0.4,1,3,-0.0016398873017256061,2241,-3.6749874431670833
SOLUSDT,5m,TRAIN,MOM,0.4,1,6,-0.0016661907351716847,1960,-3.265733840936502
SOLUSDT,5m,TRAIN,MOM,0.4,3,1,-0.001725612015143764,2551,-4.402036250631742
SOLUSDT,5m,TRAIN,MOM,0.4,3,3,-0.0016971978114689262,2241,-3.803420295501864
SOLUSDT,5m,TRAIN,MOM,0.4,3,6,-0.0017114321427128061,1960,-3.3544069997171
SOLUSDT,5m,TRAIN,MOM,0.4,6,1,-0.0017601748350377035,2551,-4.490206004181181
SOLUSDT,5m,TRAIN,MOM,0.4,6,3,-0.0017062894237550752,2241,-3.8237945986351236
SOLUSDT,5m,TRAIN,MOM,0.4,6,6,-0.0017291661360156355,1960,-3.3891656265906454
SOLUSDT,5m,TRAIN,MOM,0.5,1,1,-0.0016493934853958432,924,-1.5240395805057592
SOLUSDT,5m,TRAIN,MOM,0.5,1,3,-0.0016420319581981393,810,-1.330045886140493
SOLUSDT,5m,TRAIN,MOM,0.5,1,6,-0.0016331358830942945,705,-1.1513607975814777
SOLUSDT,5m,TRAIN,MOM,0.5,3,1,-0.0017775461017651509,924,-1.6424525980309994
SOLUSDT,5m,TRAIN,MOM,0.5,3,3,-0.001769770881493861,810,-1.4335144140100273
SOLUSDT,5m,TRAIN,MOM,0.5,3,6,-0.0017793443507317522,705,-1.2544377672658853
SOLUSDT,5m,TRAIN,MOM,0.5,6,1,-0.001842011893263476,924,-1.7020189893754518
SOLUSDT,5m,TRAIN,MOM,0.5,6,3,-0.0018303202708841542,810,-1.4825594194161649
SOLUSDT,5m,TRAIN,MOM,0.5,6,6,-0.0018924246610430115,705,-1.3341593860353231
SOLUSDT,5m,TEST,MOM,0.2,1,1,-0.0016014813586026685,6679,-10.696293994107222
SOLUSDT,5m,TEST,MOM,0.2,1,3,-0.0016120239036101892,5750,-9.269137445758588
SOLUSDT,5m,TEST,MOM,0.2,1,6,-0.0015800248311839747,5087,-8.03758631623288
SOLUSDT,5m,TEST,MOM,0.2,3,1,-0.001616099753494573,6678,-10.792314153836758
SOLUSDT,5m,TEST,MOM,0.2,3,3,-0.0016232365558614232,5750,-9.333610196203184
SOLUSDT,5m,TEST,MOM,0.2,3,6,-0.0015977776122531007,5087,-8.127894713531523
SOLUSDT,5m,TEST,MOM,0.2,6,1,-0.0016281238964879223,6677,-10.870983256849858
SOLUSDT,5m,TEST,MOM,0.2,6,3,-0.001638412943068387,5749,-9.419236009700157
SOLUSDT,5m,TEST,MOM,0.2,6,6,-0.001630646665761171,5087,-8.295099588727076
SOLUSDT,5m,TEST,MOM,0.3,1,1,-0.0015911764179561423,3892,-6.192858618685306
SOLUSDT,5m,TEST,MOM,0.3,1,3,-0.0015941340966640172,3314,-5.282960396344553
SOLUSDT,5m,TEST,MOM,0.3,1,6,-0.001561923322727519,2880,-4.498339169455255
SOLUSDT,5m,TEST,MOM,0.3,3,1,-0.0016015211626626005,3891,-6.2315188439201785
SOLUSDT,5m,TEST,MOM,0.3,3,3,-0.0015911808942123188,3314,-5.273173483419624
SOLUSDT,5m,TEST,MOM,0.3,3,6,-0.0015661858224972408,2880,-4.510615168792054
SOLUSDT,5m,TEST,MOM,0.3,6,1,-0.001613787097670276,3891,-6.279245597035044
SOLUSDT,5m,TEST,MOM,0.3,6,3,-0.0016393467488043881,3314,-5.4327951255377425
SOLUSDT,5m,TEST,MOM,0.3,6,6,-0.001639805831013243,2880,-4.72264079331814
SOLUSDT,5m,TEST,MOM,0.4,1,1,-0.0016245761749730046,1995,-3.2410294690711443
SOLUSDT,5m,TEST,MOM,0.4,1,3,-0.0016237065744340387,1687,-2.7391929910702233
SOLUSDT,5m,TEST,MOM,0.4,1,6,-0.0015729039758694103,1445,-2.272846245131298
SOLUSDT,5m,TEST,MOM,0.4,3,1,-0.0016212437148243,1994,-3.2327599673596543
SOLUSDT,5m,TEST,MOM,0.4,3,3,-0.001622131192755493,1687,-2.7365353221785167
SOLUSDT,5m,TEST,MOM,0.4,3,6,-0.001554163344642588,1445,-2.2457660330085396
SOLUSDT,5m,TEST,MOM,0.4,6,1,-0.0016179624813911625,1994,-3.2262171878939783
SOLUSDT,5m,TEST,MOM,0.4,6,3,-0.001644227172533923,1687,-2.773811240064728
SOLUSDT,5m,TEST,MOM,0.4,6,6,-0.0016056946565073248,1445,-2.3202287786530844
SOLUSDT,5m,TEST,MOM,0.5,1,1,-0.001617124437541686,839,-1.3567674030974746
SOLUSDT,5m,TEST,MOM,0.5,1,3,-0.0015987117927607794,698,-1.115900831347024
SOLUSDT,5m,TEST,MOM,0.5,1,6,-0.0015926930104394194,599,-0.9540231132532122
SOLUSDT,5m,TEST,MOM,0.5,3,1,-0.0016047843677679332,838,-1.344809300189528
SOLUSDT,5m,TEST,MOM,0.5,3,3,-0.001595371057532373,698,-1.1135689981575962
SOLUSDT,5m,TEST,MOM,0.5,3,6,-0.0015996835371871402,599,-0.958210438775097
SOLUSDT,5m,TEST,MOM,0.5,6,1,-0.0016509654816809429,838,-1.3835090736486302
SOLUSDT,5m,TEST,MOM,0.5,6,3,-0.00166664813445437,698,-1.1633203978491502
SOLUSDT,5m,TEST,MOM,0.5,6,6,-0.0017021413640162762,599,-1.0195826770457495
SOLUSDT,5m,HOLDOUT,MOM,0.2,1,1,-0.0016471777933403065,3049,-5.022245091894595
SOLUSDT,5m,HOLDOUT,MOM,0.2,1,3,-0.001641431373825927,2593,-4.256231552330629
SOLUSDT,5m,HOLDOUT,MOM,0.2,1,6,-0.0016533179662799762,2295,-3.7943647326125456
SOLUSDT,5m,HOLDOUT,MOM,0.2,3,1,-0.0016598560967529034,3048,-5.059241382902849
SOLUSDT,5m,HOLDOUT,MOM,0.2,3,3,-0.001632047986264651,2593,-4.2319004283842405
SOLUSDT,5m,HOLDOUT,MOM,0.2,3,6,-0.0016699435035053048,2295,-3.832520340544675
SOLUSDT,5m,HOLDOUT,MOM,0.2,6,1,-0.0017716771552333313,3047,-5.398300291995961
SOLUSDT,5m,HOLDOUT,MOM,0.2,6,3,-0.0017712557740941829,2592,-4.591094966452122
SOLUSDT,5m,HOLDOUT,MOM,0.2,6,6,-0.0018569165320183212,2294,-4.259766524450029
SOLUSDT,5m,HOLDOUT,MOM,0.3,1,1,-0.0016973251157647753,1520,-2.5799341759624586
SOLUSDT,5m,HOLDOUT,MOM,0.3,1,3,-0.001715900741848283,1289,-2.2117960562424366
SOLUSDT,5m,HOLDOUT,MOM,0.3,1,6,-0.0017255416289316979,1105,-1.9067234999695262
SOLUSDT,5m,HOLDOUT,MOM,0.3,3,1,-0.0017573463341927663,1519,-2.669409081638812
SOLUSDT,5m,HOLDOUT,MOM,0.3,3,3,-0.0017847493530890274,1289,-2.300541916131756
SOLUSDT,5m,HOLDOUT,MOM,0.3,3,6,-0.0018050000952654671,1105,-1.9945251052683413
SOLUSDT,5m,HOLDOUT,MOM,0.3,6,1,-0.0017435681177254117,1518,-2.646736402707175
SOLUSDT,5m,HOLDOUT,MOM,0.3,6,3,-0.0017599344854111,1288,-2.266795617209497
SOLUSDT,5m,HOLDOUT,MOM,0.3,6,6,-0.001844521016960721,1104,-2.036351202724636
SOLUSDT,5m,HOLDOUT,MOM,0.4,1,1,-0.0017062310963822543,617,-1.0527445864678509
SOLUSDT,5m,HOLDOUT,MOM,0.4,1,3,-0.001702331670775931,532,-0.9056404488527953
SOLUSDT,5m,HOLDOUT,MOM,0.4,1,6,-0.0017226068381323554,459,-0.7906765387027511
SOLUSDT,5m,HOLDOUT,MOM,0.4,3,1,-0.0017291672399586911,616,-1.0651670198145538
SOLUSDT,5m,HOLDOUT,MOM,0.4,3,3,-0.0016993042844038243,532,-0.9040298793028345
SOLUSDT,5m,HOLDOUT,MOM,0.4,3,6,-0.0017659618542409997,459,-0.8105764910966189
SOLUSDT,5m,HOLDOUT,MOM,0.4,6,1,-0.0017239745333007409,616,-1.0619683125132564
SOLUSDT,5m,HOLDOUT,MOM,0.4,6,3,-0.0016416393934368632,532,-0.8733521573084112
SOLUSDT,5m,HOLDOUT,MOM,0.4,6,6,-0.0017035585145077558,459,-0.78193335815906
SOLUSDT,5m,HOLDOUT,MOM,0.5,1,1,-0.0018270408822181853,177,-0.3233862361526188
SOLUSDT,5m,HOLDOUT,MOM,0.5,1,3,-0.0019032081602515028,156,-0.29690047299923444
SOLUSDT,5m,HOLDOUT,MOM,0.5,1,6,-0.0019033816807845917,122,-0.2322125650557202
SOLUSDT,5m,HOLDOUT,MOM,0.5,3,1,-0.001780163098423407,177,-0.315088868420943
SOLUSDT,5m,HOLDOUT,MOM,0.5,3,3,-0.0018204105430274342,156,-0.2839840447122797
SOLUSDT,5m,HOLDOUT,MOM,0.5,3,6,-0.001881438963696452,122,-0.22953555357096717
SOLUSDT,5m,HOLDOUT,MOM,0.5,6,1,-0.001598657570535916,177,-0.2829623899848571
SOLUSDT,5m,HOLDOUT,MOM,0.5,6,3,-0.0015555036254342243,156,-0.242658565567739
SOLUSDT,5m,HOLDOUT,MOM,0.5,6,6,-0.001779415444143634,122,-0.21708868418552335
SOLUSDT,5m,TRAIN,CONTRA,0.2,1,1,-0.0015727396737359684,1479,-2.3260819774554973
SOLUSDT,5m,TRAIN,CONTRA,0.2,1,3,-0.0015830274703872128,2746,-4.346993433683286
SOLUSDT,5m,TRAIN,CONTRA,0.2,1,6,-0.0016012497803996287,3715,-5.948642934184621
SOLUSDT,5m,TRAIN,CONTRA,0.2,3,1,-0.0015928256022249617,1479,-2.3557890656907183
SOLUSDT,5m,TRAIN,CONTRA,0.2,3,3,-0.0016176544431963362,2745,-4.440461446573943
SOLUSDT,5m,TRAIN,CONTRA,0.2,3,6,-0.0016794442141214048,3715,-6.239135255461019
SOLUSDT,5m,TRAIN,CONTRA,0.2,6,1,-0.0016177682860482186,1479,-2.3926792950653155
SOLUSDT,5m,TRAIN,CONTRA,0.2,6,3,-0.0016034954458543393,2744,-4.399991503424307
SOLUSDT,5m,TRAIN,CONTRA,0.2,6,6,-0.0016777479799406857,3714,-6.231155997499707
SOLUSDT,5m,TRAIN,CONTRA,0.3,1,1,-0.00163806833175459,571,-0.9353370174318709
SOLUSDT,5m,TRAIN,CONTRA,0.3,1,3,-0.0016834594563846315,1261,-2.1228423745010203
SOLUSDT,5m,TRAIN,CONTRA,0.3,1,6,-0.0016691464185371954,1885,-3.1463409989426134
SOLUSDT,5m,TRAIN,CONTRA,0.3,3,1,-0.0016200850011121614,571,-0.9250685356350442
SOLUSDT,5m,TRAIN,CONTRA,0.3,3,3,-0.0017471672373657848,1261,-2.2031778863182545
SOLUSDT,5m,TRAIN,CONTRA,0.3,3,6,-0.0017946023167129215,1885,-3.382825367003857
SOLUSDT,5m,TRAIN,CONTRA,0.3,6,1,-0.001647879862610695,571,-0.9409394015507069
SOLUSDT,5m,TRAIN,CONTRA,0.3,6,3,-0.0017373352586097775,1261,-2.1907797611069295
SOLUSDT,5m,TRAIN,CONTRA,0.3,6,6,-0.00179920882203842,1885,-3.3915086295424217
SOLUSDT,5m,TRAIN,CONTRA,0.4,1,1,-0.0016606807547355986,198,-0.3288147894376485
SOLUSDT,5m,TRAIN,CONTRA,0.4,1,3,-0.0016505960031704245,512,-0.8451051536232573
SOLUSDT,5m,TRAIN,CONTRA,0.4,1,6,-0.0015867819133759625,786,-1.2472105839135066
SOLUSDT,5m,TRAIN,CONTRA,0.4,3,1,-0.0014635815494228495,198,-0.2897891467857242
SOLUSDT,5m,TRAIN,CONTRA,0.4,3,3,-0.0016983041827587616,512,-0.8695317415724859
SOLUSDT,5m,TRAIN,CONTRA,0.4,3,6,-0.0016727047104898964,786,-1.3147459024450585
SOLUSDT,5m,TRAIN,CONTRA,0.4,6,1,-0.0015207838874743641,198,-0.3011152097199241
SOLUSDT,5m,TRAIN,CONTRA,0.4,6,3,-0.0017423779745212268,512,-0.8920975229548681
SOLUSDT,5m,TRAIN,CONTRA,0.4,6,6,-0.001690965508521199,786,-1.3290988896976623
SOLUSDT,5m,TRAIN,CONTRA,0.5,1,1,-0.0017317360868781718,50,-0.08658680434390859
SOLUSDT,5m,TRAIN,CONTRA,0.5,1,3,-0.0016310104348959595,160,-0.26096166958335354
SOLUSDT,5m,TRAIN,CONTRA,0.5,1,6,-0.0016772846826830598,263,-0.44112587154564475
SOLUSDT,5m,TRAIN,CONTRA,0.5,3,1,-0.0018159260587459968,50,-0.09079630293729984
SOLUSDT,5m,TRAIN,CONTRA,0.5,3,3,-0.0017193978948241713,160,-0.2751036631718674
SOLUSDT,5m,TRAIN,CONTRA,0.5,3,6,-0.0016999210067608038,263,-0.4470792247780914
SOLUSDT,5m,TRAIN,CONTRA,0.5,6,1,-0.0019826225817114696,50,-0.09913112908557348
SOLUSDT,5m,TRAIN,CONTRA,0.5,6,3,-0.0018580028416131113,160,-0.2972804546580978
SOLUSDT,5m,TRAIN,CONTRA,0.5,6,6,-0.0016064993511128013,263,-0.4225093293426668
SOLUSDT,5m,TEST,CONTRA,0.2,1,1,-0.001499229802932976,927,-1.3897860273188687
SOLUSDT,5m,TEST,CONTRA,0.2,1,3,-0.0015277996365549308,1969,-3.0082374843766586
SOLUSDT,5m,TEST,CONTRA,0.2,1,6,-0.001595319072605564,2650,-4.227595542404744
SOLUSDT,5m,TEST,CONTRA,0.2,3,1,-0.0015678763824130818,927,-1.4534214064969269
SOLUSDT,5m,TEST,CONTRA,0.2,3,3,-0.0015770827559378748,1968,-3.1036988636857377
SOLUSDT,5m,TEST,CONTRA,0.2,3,6,-0.0016145409134469982,2649,-4.276918879721098
SOLUSDT,5m,TEST,CONTRA,0.2,6,1,-0.0015038870075692388,927,-1.3941032560166844
SOLUSDT,5m,TEST,CONTRA,0.2,6,3,-0.001549823317371401,1968,-3.050052288586917
SOLUSDT,5m,TEST,CONTRA,0.2,6,6,-0.001553259985302428,2648,-4.113032441080829
SOLUSDT,5m,TEST,CONTRA,0.3,1,1,-0.0016323327255064084,364,-0.5941691120843327
SOLUSDT,5m,TEST,CONTRA,0.3,1,3,-0.0015803351489153113,995,-1.5724334731707348
SOLUSDT,5m,TEST,CONTRA,0.3,1,6,-0.0016365596185597294,1407,-2.3026393833135392
SOLUSDT,5m,TEST,CONTRA,0.3,3,1,-0.0016678765313480081,364,-0.6071070574106749
SOLUSDT,5m,TEST,CONTRA,0.3,3,3,-0.0016551745627505546,994,-1.6452435153740512
SOLUSDT,5m,TEST,CONTRA,0.3,3,6,-0.001658637768432768,1406,-2.332044702416472
SOLUSDT,5m,TEST,CONTRA,0.3,6,1,-0.0016863561786474917,364,-0.613833649027687
SOLUSDT,5m,TEST,CONTRA,0.3,6,3,-0.0015403388166478154,994,-1.5310967837479286
SOLUSDT,5m,TEST,CONTRA,0.3,6,6,-0.0015269507145499537,1406,-2.146892704657235
SOLUSDT,5m,TEST,CONTRA,0.4,1,1,-0.0015990104037129263,129,-0.2062723420789675
SOLUSDT,5m,TEST,CONTRA,0.4,1,3,-0.001583459202145148,436,-0.6903882121352846
SOLUSDT,5m,TEST,CONTRA,0.4,1,6,-0.0017238554153663531,653,-1.1256775862342285
SOLUSDT,5m,TEST,CONTRA,0.4,3,1,-0.0015976341175369003,129,-0.20609480116226014
SOLUSDT,5m,TEST,CONTRA,0.4,3,3,-0.0016130915366725869,435,-0.7016948184525753
SOLUSDT,5m,TEST,CONTRA,0.4,3,6,-0.0017643472052636061,652,-1.1503543778318712
SOLUSDT,5m,TEST,CONTRA,0.4,6,1,-0.0017663524800608104,129,-0.22785946992784456
SOLUSDT,5m,TEST,CONTRA,0.4,6,3,-0.0016254963363294772,435,-0.7070909063033226
SOLUSDT,5m,TEST,CONTRA,0.4,6,6,-0.0016986014753379544,652,-1.1074881619203463
SOLUSDT,5m,TEST,CONTRA,0.5,1,1,-0.0015112645380933355,30,-0.045337936142800066
SOLUSDT,5m,TEST,CONTRA,0.5,1,3,-0.0016287821022399358,169,-0.27526417527854913
SOLUSDT,5m,TEST,CONTRA,0.5,1,6,-0.0016256339069887933,252,-0.40965974456117593
SOLUSDT,5m,TEST,CONTRA,0.5,3,1,-0.0015712153260210191,30,-0.04713645978063057
SOLUSDT,5m,TEST,CONTRA,0.5,3,3,-0.0016162560078634947,168,-0.2715310093210671
SOLUSDT,5m,TEST,CONTRA,0.5,3,6,-0.0015702075896956264,251,-0.39412210501360223
SOLUSDT,5m,TEST,CONTRA,0.5,6,1,-0.0016312348974402235,30,-0.0489370469232067
SOLUSDT,5m,TEST,CONTRA,0.5,6,3,-0.0015999806070667773,168,-0.2687967419872186
SOLUSDT,5m,TEST,CONTRA,0.5,6,6,-0.0015400550323628455,251,-0.38655381312307424
SOLUSDT,5m,HOLDOUT,CONTRA,0.2,1,1,-0.001646356241354893,406,-0.6684206339900866
SOLUSDT,5m,HOLDOUT,CONTRA,0.2,1,3,-0.001685432229846135,894,-1.5067764134824446
SOLUSDT,5m,HOLDOUT,CONTRA,0.2,1,6,-0.0016441291187174129,1196,-1.9663784259860257
SOLUSDT,5m,HOLDOUT,CONTRA,0.2,3,1,-0.0015502762519100568,406,-0.629412158275483
SOLUSDT,5m,HOLDOUT,CONTRA,0.2,3,3,-0.0016797552413935978,893,-1.5000214305644828
SOLUSDT,5m,HOLDOUT,CONTRA,0.2,3,6,-0.001594506399432608,1195,-1.9054351473219664
SOLUSDT,5m,HOLDOUT,CONTRA,0.2,6,1,-0.0016675447820661176,406,-0.6770231815188438
SOLUSDT,5m,HOLDOUT,CONTRA,0.2,6,3,-0.0017427987893563915,892,-1.5545765201059012
SOLUSDT,5m,HOLDOUT,CONTRA,0.2,6,6,-0.0015758130050910907,1194,-1.8815207280787623
SOLUSDT,5m,HOLDOUT,CONTRA,0.3,1,1,-0.0016467048259202082,127,-0.20913151289186643
SOLUSDT,5m,HOLDOUT,CONTRA,0.3,1,3,-0.001642174648994021,363,-0.5961093975848296
SOLUSDT,5m,HOLDOUT,CONTRA,0.3,1,6,-0.0016387719828619448,546,-0.8947695026426219
SOLUSDT,5m,HOLDOUT,CONTRA,0.3,3,1,-0.0015568289548979675,127,-0.19771727727204186
SOLUSDT,5m,HOLDOUT,CONTRA,0.3,3,3,-0.0015994975848136997,362,-0.5790181257025593
SOLUSDT,5m,HOLDOUT,CONTRA,0.3,3,6,-0.00160364490192755,545,-0.8739864715505148
SOLUSDT,5m,HOLDOUT,CONTRA,0.3,6,1,-0.0011461086426177859,127,-0.1455557976124588
SOLUSDT,5m,HOLDOUT,CONTRA,0.3,6,3,-0.0015292795519103554,362,-0.5535991977915486
SOLUSDT,5m,HOLDOUT,CONTRA,0.3,6,6,-0.0014116847059574675,545,-0.7693681647468198
SOLUSDT,5m,HOLDOUT,CONTRA,0.4,1,1,-0.001717981908622261,37,-0.06356533061902366
SOLUSDT,5m,HOLDOUT,CONTRA,0.4,1,3,-0.001758930018611375,124,-0.2181073223078105
SOLUSDT,5m,HOLDOUT,CONTRA,0.4,1,6,-0.0017245757606220292,191,-0.32939397027880757
SOLUSDT,5m,HOLDOUT,CONTRA,0.4,3,1,-0.0016586726208501215,37,-0.06137088697145449
SOLUSDT,5m,HOLDOUT,CONTRA,0.4,3,3,-0.0018423233944484913,123,-0.22660577751716443
SOLUSDT,5m,HOLDOUT,CONTRA,0.4,3,6,-0.0016383875681460717,190,-0.3112936379477536
SOLUSDT,5m,HOLDOUT,CONTRA,0.4,6,1,-0.0009964899379369101,37,-0.03687012770366568
SOLUSDT,5m,HOLDOUT,CONTRA,0.4,6,3,-0.0019473462701745073,123,-0.2395235912314644
SOLUSDT,5m,HOLDOUT,CONTRA,0.4,6,6,-0.001680881513597674,190,-0.31936748758355804
SOLUSDT,5m,HOLDOUT,CONTRA,0.5,1,1,-0.001586569148948723,5,-0.007932845744743615
SOLUSDT,5m,HOLDOUT,CONTRA,0.5,1,3,-0.0014628815154774154,28,-0.04096068243336763
SOLUSDT,5m,HOLDOUT,CONTRA,0.5,1,6,-0.001688758973788032,60,-0.10132553842728192
SOLUSDT,5m,HOLDOUT,CONTRA,0.5,3,1,-0.0011922942990450144,5,-0.005961471495225072
SOLUSDT,5m,HOLDOUT,CONTRA,0.5,3,3,-0.0014628484992350837,28,-0.040959757978582347
SOLUSDT,5m,HOLDOUT,CONTRA,0.5,3,6,-0.0014451574800104145,60,-0.08670944880062487
SOLUSDT,5m,HOLDOUT,CONTRA,0.5,6,1,-0.0007414551281210919,5,-0.0037072756406054596
SOLUSDT,5m,HOLDOUT,CONTRA,0.5,6,3,-0.0018472134646712775,28,-0.05172197701079577
SOLUSDT,5m,HOLDOUT,CONTRA,0.5,6,6,-0.0012106955454159972,60,-0.07264173272495983
SOLUSDT,15m,TRAIN,MOM,0.2,1,1,-0.0016240134359795408,2060,-3.345467678117854
SOLUSDT,15m,TRAIN,MOM,0.2,1,3,-0.001624242722427922,1728,-2.8066914243554493
SOLUSDT,15m,TRAIN,MOM,0.2,1,6,-0.00159732873200894,1493,-2.3848117968893474
SOLUSDT,15m,TRAIN,MOM,0.2,3,1,-0.0014972423823164753,2060,-3.0843193075719393
SOLUSDT,15m,TRAIN,MOM,0.2,3,3,-0.0014678323123522492,1728,-2.5364142357446866
SOLUSDT,15m,TRAIN,MOM,0.2,3,6,-0.0014557830712888396,1493,-2.1734841254342374
SOLUSDT,15m,TRAIN,MOM,0.2,6,1,-0.001496999997823809,2058,-3.080825995521399
SOLUSDT,15m,TRAIN,MOM,0.2,6,3,-0.0014361446938618624,1726,-2.4787857416055745
SOLUSDT,15m,TRAIN,MOM,0.2,6,6,-0.001551404305045605,1492,-2.3146952231280427
SOLUSDT,15m,TRAIN,MOM,0.3,1,1,-0.001652415121304884,742,-1.226092020008224
SOLUSDT,15m,TRAIN,MOM,0.3,1,3,-0.0016544309968911785,620,-1.0257472180725307
SOLUSDT,15m,TRAIN,MOM,0.3,1,6,-0.001651214422527016,526,-0.8685387862492104
SOLUSDT,15m,TRAIN,MOM,0.3,3,1,-0.0015265690071695431,742,-1.132714203319801
SOLUSDT,15m,TRAIN,MOM,0.3,3,3,-0.0014344800785696648,620,-0.8893776487131921
SOLUSDT,15m,TRAIN,MOM,0.3,3,6,-0.0014031211758647577,526,-0.7380417385048625
SOLUSDT,15m,TRAIN,MOM,0.3,6,1,-0.0012436668718479103,742,-0.9228008189111494
SOLUSDT,15m,TRAIN,MOM,0.3,6,3,-0.0011416782363281469,620,-0.7078405065234511
SOLUSDT,15m,TRAIN,MOM,0.3,6,6,-0.001194138521889552,526,-0.6281168625139043
SOLUSDT,15m,TRAIN,MOM,0.4,1,1,-0.001522285148364316,162,-0.2466101940350192
SOLUSDT,15m,TRAIN,MOM,0.4,1,3,-0.001634412192645329,139,-0.22718329477770072
SOLUSDT,15m,TRAIN,MOM,0.4,1,6,-0.0015873712903822996,110,-0.17461084194205295
SOLUSDT,15m,TRAIN,MOM,0.4,3,1,-0.0015113559702704467,162,-0.24483966718381237
SOLUSDT,15m,TRAIN,MOM,0.4,3,3,-0.0018087896025379276,139,-0.25142175475277195
SOLUSDT,15m,TRAIN,MOM,0.4,3,6,-0.0017760932061814667,110,-0.19537025267996133
SOLUSDT,15m,TRAIN,MOM,0.4,6,1,-0.0005618577049786103,162,-0.09102094820653488
SOLUSDT,15m,TRAIN,MOM,0.4,6,3,-0.000804370843361345,139,-0.11180754722722695
SOLUSDT,15m,TRAIN,MOM,0.4,6,6,-0.0007429782996258585,110,-0.08172761295884443
SOLUSDT,15m,TRAIN,MOM,0.5,1,1,-0.001594085119132724,18,-0.02869353214438903
SOLUSDT,15m,TRAIN,MOM,0.5,1,3,-0.0013177698651561957,16,-0.02108431784249913
SOLUSDT,15m,TRAIN,MOM,0.5,1,6,-0.0009700425326223492,10,-0.009700425326223491
SOLUSDT,15m,TRAIN,MOM,0.5,3,1,-0.0010457659558885456,18,-0.01882378720599382
SOLUSDT,15m,TRAIN,MOM,0.5,3,3,-0.0013436584566359168,16,-0.021498535306174668
SOLUSDT,15m,TRAIN,MOM,0.5,3,6,-0.000978830506701088,10,-0.00978830506701088
SOLUSDT,15m,TRAIN,MOM,0.5,6,1,-0.00031168026417393256,18,-0.005610244755130786
SOLUSDT,15m,TRAIN,MOM,0.5,6,3,-0.0003699633424100831,16,-0.0059194134785613296
SOLUSDT,15m,TRAIN,MOM,0.5,6,6,-0.0005878328820311904,10,-0.005878328820311904
SOLUSDT,15m,TEST,MOM,0.2,1,1,-0.0016038558609101322,1395,-2.2373789259696344
SOLUSDT,15m,TEST,MOM,0.2,1,3,-0.0016593867800754147,1138,-1.888382155725822
SOLUSDT,15m,TEST,MOM,0.2,1,6,-0.0016745406680657095,974,-1.631002610696001
SOLUSDT,15m,TEST,MOM,0.2,3,1,-0.0016711182661587475,1395,-2.331209981291453
SOLUSDT,15m,TEST,MOM,0.2,3,3,-0.0017148948128502023,1138,-1.9515502970235303
SOLUSDT,15m,TEST,MOM,0.2,3,6,-0.0017671440613238711,974,-1.7211983157294504
SOLUSDT,15m,TEST,MOM,0.2,6,1,-0.0018333178123494365,1392,-2.5519783947904155
SOLUSDT,15m,TEST,MOM,0.2,6,3,-0.0018646740118841755,1135,-2.116405003488539
SOLUSDT,15m,TEST,MOM,0.2,6,6,-0.001880053331637579,971,-1.8255317850200892
SOLUSDT,15m,TEST,MOM,0.3,1,1,-0.001757497765928289,456,-0.8014189812632997
SOLUSDT,15m,TEST,MOM,0.3,1,3,-0.0017888634251872879,377,-0.6744015112956075
SOLUSDT,15m,TEST,MOM,0.3,1,6,-0.0018847113580989516,313,-0.5899146550849719
SOLUSDT,15m,TEST,MOM,0.3,3,1,-0.0018345238326875348,456,-0.8365428677055159
SOLUSDT,15m,TEST,MOM,0.3,3,3,-0.0019292186223962907,377,-0.7273154206434016
SOLUSDT,15m,TEST,MOM,0.3,3,6,-0.0020524189134931616,313,-0.6424071199233596
SOLUSDT,15m,TEST,MOM,0.3,6,1,-0.002116649276642879,456,-0.9651920701491529
SOLUSDT,15m,TEST,MOM,0.3,6,3,-0.0023685128794263426,377,-0.8929293555437312
SOLUSDT,15m,TEST,MOM,0.3,6,6,-0.002196066239244307,313,-0.6873687328834681
SOLUSDT,15m,TEST,MOM,0.4,1,1,-0.0017523758520061128,122,-0.21378985394474576
SOLUSDT,15m,TEST,MOM,0.4,1,3,-0.0017364901910221203,100,-0.17364901910221203
SOLUSDT,15m,TEST,MOM,0.4,1,6,-0.0017401117060953687,82,-0.14268915989982023
SOLUSDT,15m,TEST,MOM,0.4,3,1,-0.0018880792849262967,122,-0.2303456727610082
SOLUSDT,15m,TEST,MOM,0.4,3,3,-0.0018293870206135682,100,-0.18293870206135682
SOLUSDT,15m,TEST,MOM,0.4,3,6,-0.001836576090603735,82,-0.15059923942950626
SOLUSDT,15m,TEST,MOM,0.4,6,1,-0.0018562518059767304,122,-0.22646272032916112
SOLUSDT,15m,TEST,MOM,0.4,6,3,-0.0016860900219299152,100,-0.16860900219299152
SOLUSDT,15m,TEST,MOM,0.4,6,6,-0.0015243030718099884,82,-0.12499285188841905
SOLUSDT,15m,TEST,MOM,0.5,1,1,-0.0021738622164866215,19,-0.04130338211324581
SOLUSDT,15m,TEST,MOM,0.5,1,3,-0.0020356491477444725,16,-0.03257038636391156
SOLUSDT,15m,TEST,MOM,0.5,1,6,-0.002014066032541495,13,-0.02618285842303943
SOLUSDT,15m,TEST,MOM,0.5,3,1,-0.0022397763149161493,19,-0.04255574998340684
SOLUSDT,15m,TEST,MOM,0.5,3,3,-0.0017596104952455434,16,-0.028153767923928694
SOLUSDT,15m,TEST,MOM,0.5,3,6,-0.00199308910886739,13,-0.02591015841527607
SOLUSDT,15m,TEST,MOM,0.5,6,1,-0.003433816861371366,19,-0.06524252036605595
SOLUSDT,15m,TEST,MOM,0.5,6,3,-0.0024494004901040407,16,-0.03919040784166465
SOLUSDT,15m,TEST,MOM,0.5,6,6,-0.002616288462268183,13,-0.03401175000948638
SOLUSDT,15m,HOLDOUT,MOM,0.2,1,1,-0.001725448763247519,534,-0.9213896395741752
SOLUSDT,15m,HOLDOUT,MOM,0.2,1,3,-0.0017707800543186004,406,-0.7189367020533518
SOLUSDT,15m,HOLDOUT,MOM,0.2,1,6,-0.0017877213091162872,331,-0.5917357533174911
SOLUSDT,15m,HOLDOUT,MOM,0.2,3,1,-0.0019535290652417997,533,-1.0412309917738791
SOLUSDT,15m,HOLDOUT,MOM,0.2,3,3,-0.002090954937619996,405,-0.8468367497360983
SOLUSDT,15m,HOLDOUT,MOM,0.2,3,6,-0.002206289521809342,330,-0.7280755421970828
SOLUSDT,15m,HOLDOUT,MOM,0.2,6,1,-0.0020038615978629983,533,-1.0680582316609781
SOLUSDT,15m,HOLDOUT,MOM,0.2,6,3,-0.0023108102245850393,405,-0.935878140956941
SOLUSDT,15m,HOLDOUT,MOM,0.2,6,6,-0.0022838263548520697,330,-0.753662697101183
SOLUSDT,15m,HOLDOUT,MOM,0.3,1,1,-0.00153145430088232,138,-0.21134069352176016
SOLUSDT,15m,HOLDOUT,MOM,0.3,1,3,-0.00170528289384118,111,-0.18928640121637097
SOLUSDT,15m,HOLDOUT,MOM,0.3,1,6,-0.001878826860052791,81,-0.15218497566427608
SOLUSDT,15m,HOLDOUT,MOM,0.3,3,1,-0.0014622349154246764,138,-0.20178841832860533
SOLUSDT,15m,HOLDOUT,MOM,0.3,3,3,-0.0014883896612822843,111,-0.16521125240233356
SOLUSDT,15m,HOLDOUT,MOM,0.3,3,6,-0.0017847646668772339,81,-0.14456593801705594
SOLUSDT,15m,HOLDOUT,MOM,0.3,6,1,-0.001295541712397101,138,-0.17878475631079993
SOLUSDT,15m,HOLDOUT,MOM,0.3,6,3,-0.0015201459391010637,111,-0.16873619924021807
SOLUSDT,15m,HOLDOUT,MOM,0.3,6,6,-0.001291000060015494,81,-0.104571004861255
SOLUSDT,15m,HOLDOUT,MOM,0.4,1,1,-0.001681431380141167,20,-0.03362862760282334
SOLUSDT,15m,HOLDOUT,MOM,0.4,1,3,-0.0019119387726557766,14,-0.026767142817180872
SOLUSDT,15m,HOLDOUT,MOM,0.4,1,6,-0.002253235450954563,9,-0.020279119058591064
SOLUSDT,15m,HOLDOUT,MOM,0.4,3,1,-0.0013796228050960244,20,-0.027592456101920487
SOLUSDT,15m,HOLDOUT,MOM,0.4,3,3,-0.0015063210262330029,14,-0.02108849436726204
SOLUSDT,15m,HOLDOUT,MOM,0.4,3,6,-0.0021110836290730763,9,-0.01899975266165769
SOLUSDT,15m,HOLDOUT,MOM,0.4,6,1,-0.0006930078798370917,20,-0.013860157596741834
SOLUSDT,15m,HOLDOUT,MOM,0.4,6,3,-0.0005661778750431441,14,-0.007926490250604018
SOLUSDT,15m,HOLDOUT,MOM,0.4,6,6,-0.000767134381877777,9,-0.0069042094368999924
SOLUSDT,15m,HOLDOUT,MOM,0.5,1,1,-0.0027391005601420664,3,-0.0082173016804262
SOLUSDT,15m,HOLDOUT,MOM,0.5,1,3,-0.0032096409392230003,2,-0.006419281878446001
SOLUSDT,15m,HOLDOUT,MOM,0.5,1,6,-0.0034581574683402823,2,-0.0069163149366805645
SOLUSDT,15m,HOLDOUT,MOM,0.5,3,1,-0.0017493189640546416,3,-0.005247956892163925
SOLUSDT,15m,HOLDOUT,MOM,0.5,3,3,-0.002962592307468102,2,-0.005925184614936204
SOLUSDT,15m,HOLDOUT,MOM,0.5,3,6,-0.0024718405012997364,2,-0.004943681002599473
SOLUSDT,15m,HOLDOUT,MOM,0.5,6,1,0.0005236597532884317,3,0.0015709792598652952
SOLUSDT,15m,HOLDOUT,MOM,0.5,6,3,-0.001434312350265375,2,-0.00286862470053075
SOLUSDT,15m,HOLDOUT,MOM,0.5,6,6,0.0033297336247497438,2,0.0066594672494994876
SOLUSDT,15m,TRAIN,CONTRA,0.2,1,1,-0.001728710513052797,183,-0.31635402388866185
SOLUSDT,15m,TRAIN,CONTRA,0.2,1,3,-0.0016773614686254352,519,-0.8705506022166009
SOLUSDT,15m,TRAIN,CONTRA,0.2,1,6,-0.001659232031456171,757,-1.2560386478123216
SOLUSDT,15m,TRAIN,CONTRA,0.2,3,1,-0.0021002581070982966,183,-0.3843472335989883
SOLUSDT,15m,TRAIN,CONTRA,0.2,3,3,-0.0019154533372746992,519,-0.9941202820455689
SOLUSDT,15m,TRAIN,CONTRA,0.2,3,6,-0.0016979163909835787,757,-1.285322707974569
SOLUSDT,15m,TRAIN,CONTRA,0.2,6,1,-0.0017641547798509024,183,-0.3228403247127151
SOLUSDT,15m,TRAIN,CONTRA,0.2,6,3,-0.001963105279547153,519,-1.0188516400849723
SOLUSDT,15m,TRAIN,CONTRA,0.2,6,6,-0.0015117136258766574,756,-1.142855501162753
SOLUSDT,15m,TRAIN,CONTRA,0.3,1,1,-0.0020934290675312453,36,-0.07536344643112483
SOLUSDT,15m,TRAIN,CONTRA,0.3,1,3,-0.0018511205360420024,154,-0.28507256255046837
SOLUSDT,15m,TRAIN,CONTRA,0.3,1,6,-0.0016899820186708366,252,-0.42587546870505083
SOLUSDT,15m,TRAIN,CONTRA,0.3,3,1,-0.0032685320903618736,36,-0.11766715525302744
SOLUSDT,15m,TRAIN,CONTRA,0.3,3,3,-0.002495682150448347,154,-0.3843350511690454
SOLUSDT,15m,TRAIN,CONTRA,0.3,3,6,-0.0020055837870267186,252,-0.505407114330733
SOLUSDT,15m,TRAIN,CONTRA,0.3,6,1,-0.0030933504978316456,36,-0.11136061792193924
SOLUSDT,15m,TRAIN,CONTRA,0.3,6,3,-0.0023048907608032155,154,-0.3549531771636952
SOLUSDT,15m,TRAIN,CONTRA,0.3,6,6,-0.0017012757807914614,252,-0.42872149675944826
SOLUSDT,15m,TRAIN,CONTRA,0.4,1,1,-0.0009055307186252308,9,-0.008149776467627077
SOLUSDT,15m,TRAIN,CONTRA,0.4,1,3,-0.0013084181210453916,27,-0.03532728926822557
SOLUSDT,15m,TRAIN,CONTRA,0.4,1,6,-0.0012644838884487042,58,-0.07334006553002484
SOLUSDT,15m,TRAIN,CONTRA,0.4,3,1,-0.0005579236173425665,9,-0.005021312556083099
SOLUSDT,15m,TRAIN,CONTRA,0.4,3,3,-0.00046362530162315013,27,-0.012517883143825053
SOLUSDT,15m,TRAIN,CONTRA,0.4,3,6,-0.0009043175909361615,58,-0.05245042027429737
SOLUSDT,15m,TRAIN,CONTRA,0.4,6,1,-0.0016171362588955818,9,-0.014554226330060236
SOLUSDT,15m,TRAIN,CONTRA,0.4,6,3,6.400338308783985e-06,27,0.0001728091343371676
SOLUSDT,15m,TRAIN,CONTRA,0.4,6,6,-0.0006674662382712284,58,-0.038713041819731245
SOLUSDT,15m,TRAIN,CONTRA,0.5,1,1,-0.0020496402877698367,1,-0.0020496402877698367
SOLUSDT,15m,TRAIN,CONTRA,0.5,1,3,-0.003219618196553244,3,-0.009658854589659732
SOLUSDT,15m,TRAIN,CONTRA,0.5,1,6,-0.0025649797903493582,7,-0.01795485853244551
SOLUSDT,15m,TRAIN,CONTRA,0.5,3,1,-0.0030988009592324934,1,-0.0030988009592324934
SOLUSDT,15m,TRAIN,CONTRA,0.5,3,3,-0.00014135095301721478,3,-0.00042405285905164434
SOLUSDT,15m,TRAIN,CONTRA,0.5,3,6,-0.0017176842344999656,7,-0.01202378964149976
SOLUSDT,15m,TRAIN,CONTRA,0.5,6,1,-0.0066959232613909665,1,-0.0066959232613909665
SOLUSDT,15m,TRAIN,CONTRA,0.5,6,3,-0.0021289181793201404,3,-0.0063867545379604216
SOLUSDT,15m,TRAIN,CONTRA,0.5,6,6,-0.002448360534220835,7,-0.017138523739545844
SOLUSDT,15m,TEST,CONTRA,0.2,1,1,-0.0015565030918426848,128,-0.19923239575586366
SOLUSDT,15m,TEST,CONTRA,0.2,1,3,-0.0014431249780768047,381,-0.5498306166472626
SOLUSDT,15m,TEST,CONTRA,0.2,1,6,-0.0014792087168267315,553,-0.8180024204051826
SOLUSDT,15m,TEST,CONTRA,0.2,3,1,-0.0012609577732254865,128,-0.16140259497286227
SOLUSDT,15m,TEST,CONTRA,0.2,3,3,-0.001412757424362744,381,-0.5382605786822054
SOLUSDT,15m,TEST,CONTRA,0.2,3,6,-0.001366141569956684,553,-0.7554762881860463
SOLUSDT,15m,TEST,CONTRA,0.2,6,1,-0.0015093570335490136,128,-0.19319770029427374
SOLUSDT,15m,TEST,CONTRA,0.2,6,3,-0.0016352921938118182,381,-0.6230463258423027
SOLUSDT,15m,TEST,CONTRA,0.2,6,6,-0.0016131306162415187,553,-0.8920612307815599
SOLUSDT,15m,TEST,CONTRA,0.3,1,1,-0.0012005369194916108,27,-0.03241449682627349
SOLUSDT,15m,TEST,CONTRA,0.3,1,3,-0.0015573789339897487,100,-0.15573789339897487
SOLUSDT,15m,TEST,CONTRA,0.3,1,6,-0.0014541499032798071,168,-0.2442971837510076
SOLUSDT,15m,TEST,CONTRA,0.3,3,1,-0.0004446540885796275,27,-0.012005660391649943
SOLUSDT,15m,TEST,CONTRA,0.3,3,3,-0.0012435044084720278,100,-0.12435044084720279
SOLUSDT,15m,TEST,CONTRA,0.3,3,6,-0.0011262271748020678,168,-0.1892061653667474
SOLUSDT,15m,TEST,CONTRA,0.3,6,1,-0.0013622300876587755,27,-0.03678021236678694
SOLUSDT,15m,TEST,CONTRA,0.3,6,3,-0.0013573746850726925,100,-0.13573746850726925
SOLUSDT,15m,TEST,CONTRA,0.3,6,6,-0.0018055848092208943,168,-0.30333824794911024
SOLUSDT,15m,TEST,CONTRA,0.4,1,1,-0.0012028594122321476,1,-0.0012028594122321476
SOLUSDT,15m,TEST,CONTRA,0.4,1,3,-0.0020489644132207097,21,-0.0430282526776349
SOLUSDT,15m,TEST,CONTRA,0.4,1,6,-0.0017411861961649136,40,-0.06964744784659654
SOLUSDT,15m,TEST,CONTRA,0.4,3,1,-0.006100926661371474,1,-0.006100926661371474
SOLUSDT,15m,TEST,CONTRA,0.4,3,3,-0.002592045309597648,21,-0.05443295150155061
SOLUSDT,15m,TEST,CONTRA,0.4,3,6,-0.0020929826796898185,40,-0.08371930718759274
SOLUSDT,15m,TEST,CONTRA,0.4,6,1,-0.021721789780249034,1,-0.021721789780249034
SOLUSDT,15m,TEST,CONTRA,0.4,6,3,-0.0038837049672906902,21,-0.0815578043131045
SOLUSDT,15m,TEST,CONTRA,0.4,6,6,-0.0029242799043696656,40,-0.11697119617478663
SOLUSDT,15m,TEST,CONTRA,0.5,1,1,,0,0.0
SOLUSDT,15m,TEST,CONTRA,0.5,1,3,-0.0029109985831114182,3,-0.008732995749334255
SOLUSDT,15m,TEST,CONTRA,0.5,1,6,-0.0025200872817010655,6,-0.015120523690206392
SOLUSDT,15m,TEST,CONTRA,0.5,3,1,,0,0.0
SOLUSDT,15m,TEST,CONTRA,0.5,3,3,-0.004800660686492718,3,-0.014401982059478152
SOLUSDT,15m,TEST,CONTRA,0.5,3,6,-0.0027742652613551304,6,-0.016645591568130783
SOLUSDT,15m,TEST,CONTRA,0.5,6,1,,0,0.0
SOLUSDT,15m,TEST,CONTRA,0.5,6,3,-0.008684037508130432,3,-0.026052112524391297
SOLUSDT,15m,TEST,CONTRA,0.5,6,6,-0.005205128392761596,6,-0.031230770356569574
SOLUSDT,15m,HOLDOUT,CONTRA,0.2,1,1,-0.0019476959176006655,40,-0.07790783670402662
SOLUSDT,15m,HOLDOUT,CONTRA,0.2,1,3,-0.0016575472923049887,160,-0.2652075667687982
SOLUSDT,15m,HOLDOUT,CONTRA,0.2,1,6,-0.001642664353579348,242,-0.3975247735662022
SOLUSDT,15m,HOLDOUT,CONTRA,0.2,3,1,-0.0022036922094622116,40,-0.08814768837848846
SOLUSDT,15m,HOLDOUT,CONTRA,0.2,3,3,-0.0016336474497329883,160,-0.2613835919572781
SOLUSDT,15m,HOLDOUT,CONTRA,0.2,3,6,-0.0016045508866137335,242,-0.3883013145605235
SOLUSDT,15m,HOLDOUT,CONTRA,0.2,6,1,-0.002603918902063675,40,-0.10415675608254699
SOLUSDT,15m,HOLDOUT,CONTRA,0.2,6,3,-0.0013086755780076643,160,-0.20938809248122628
SOLUSDT,15m,HOLDOUT,CONTRA,0.2,6,6,-0.001635867862637422,242,-0.3958800227582561
SOLUSDT,15m,HOLDOUT,CONTRA,0.3,1,1,-0.003308410927215576,6,-0.019850465563293455
SOLUSDT,15m,HOLDOUT,CONTRA,0.3,1,3,-0.0012776338485411356,29,-0.03705138160769293
SOLUSDT,15m,HOLDOUT,CONTRA,0.3,1,6,-0.0012913916442410473,62,-0.08006628194294493
SOLUSDT,15m,HOLDOUT,CONTRA,0.3,3,1,-0.0018738745990331824,6,-0.011243247594199094
SOLUSDT,15m,HOLDOUT,CONTRA,0.3,3,3,-0.0014071221626694942,29,-0.04080654271741533
SOLUSDT,15m,HOLDOUT,CONTRA,0.3,3,6,-0.001227851800799851,62,-0.07612681164959076
SOLUSDT,15m,HOLDOUT,CONTRA,0.3,6,1,-0.002340675403542946,6,-0.014044052421257676
SOLUSDT,15m,HOLDOUT,CONTRA,0.3,6,3,-0.0008106744739944719,29,-0.023509559745839684
SOLUSDT,15m,HOLDOUT,CONTRA,0.3,6,6,-0.0015661476391047953,62,-0.09710115362449731
SOLUSDT,15m,HOLDOUT,CONTRA,0.4,1,1,,0,0.0
SOLUSDT,15m,HOLDOUT,CONTRA,0.4,1,3,-0.0009400428852192983,4,-0.0037601715408771934
SOLUSDT,15m,HOLDOUT,CONTRA,0.4,1,6,-0.0012135916858392979,11,-0.013349508544232277
SOLUSDT,15m,HOLDOUT,CONTRA,0.4,3,1,,0,0.0
SOLUSDT,15m,HOLDOUT,CONTRA,0.4,3,3,-0.0007029820641895708,4,-0.002811928256758283
SOLUSDT,15m,HOLDOUT,CONTRA,0.4,3,6,-0.0007811548582057091,11,-0.0085927034402628
SOLUSDT,15m,HOLDOUT,CONTRA,0.4,6,1,,0,0.0
SOLUSDT,15m,HOLDOUT,CONTRA,0.4,6,3,-0.001278472608554136,4,-0.005113890434216544
SOLUSDT,15m,HOLDOUT,CONTRA,0.4,6,6,-0.0006323589236219859,11,-0.0069559481598418455
SOLUSDT,15m,HOLDOUT,CONTRA,0.5,1,1,,0,0.0
SOLUSDT,15m,HOLDOUT,CONTRA,0.5,1,3,,0,0.0
SOLUSDT,15m,HOLDOUT,CONTRA,0.5,1,6,-0.0013009867437456344,1,-0.0013009867437456344
SOLUSDT,15m,HOLDOUT,CONTRA,0.5,3,1,,0,0.0
SOLUSDT,15m,HOLDOUT,CONTRA,0.5,3,3,,0,0.0
SOLUSDT,15m,HOLDOUT,CONTRA,0.5,3,6,-0.0003042758895644524,1,-0.0003042758895644524
SOLUSDT,15m,HOLDOUT,CONTRA,0.5,6,1,,0,0.0
SOLUSDT,15m,HOLDOUT,CONTRA,0.5,6,3,,0,0.0
SOLUSDT,15m,HOLDOUT,CONTRA,0.5,6,6,-0.005088487989634192,1,-0.005088487989634192
