symbol,interval,side_name,entry_price,tp_price,sl_price,tp_mult,sl_mult,atr_from_tp,atr_from_sl,tp_pct,sl_pct,mfe,mfe_to_tp,exit,tp_reconstructed,sl_reconstructed,tp_error,sl_error,reached_tp,missed_tp
BTCUSDT,5m,SHORT,82071.2,81608.647124298,82302.476437851,3.0,1.5,154.1842919006643,154.18429190066914,0.005635995034823371,0.002817997517411852,0.0045229020655235,0.802502847780675,time,81608.647124298,82302.476437851,0.0,0.0,False,False
BTCUSDT,5m,LONG,82761.3,83398.31842098018,82442.79078950992,3.0,1.5,212.33947366006032,212.33947366005546,0.007697056727965723,0.0038485283639827506,0.0082091508954063,1.0665311671122266,tp,83398.31842098018,82442.79078950992,0.0,0.0,True,False
BTCUSDT,5m,LONG,79587.5,80151.57350443891,79305.46324778054,3.0,1.5,188.02450147963827,188.02450147963827,0.007087463539361183,0.0035437317696805914,0.0032844353698758,0.4634147818377119,sl,80151.57350443891,79305.46324778054,0.0,0.0,False,False
BTCUSDT,5m,LONG,82497.5,83023.71623936096,82234.39188031953,3.0,1.5,175.4054131203205,175.40541312031564,0.006378571948979728,0.003189285974489864,0.0010679111488227,0.16742166700706662,sl,83023.71623936096,82234.39188031953,0.0,0.0,False,False
BTCUSDT,5m,LONG,82115.9,82638.6205843676,81854.53970781619,3.0,1.5,174.24019478920187,174.24019478920187,0.006365643978420765,0.0031828219892103826,0.0054837126549182,0.8614545006770296,sl,82638.6205843676,81854.53970781619,0.0,0.0,False,False
BTCUSDT,5m,LONG,81435.9,82479.08240813804,80914.30879593098,3.0,1.5,347.7274693793491,347.72746937934426,0.012809859142442592,0.006404929571221296,0.0130667187321562,1.02005171070637,tp,82479.08240813804,80914.30879593098,0.0,0.0,True,False
BTCUSDT,5m,LONG,83364.2,83765.04156008507,83163.77921995746,3.0,1.5,133.61385336169042,133.61385336169042,0.004808317720137234,0.002404158860068617,0.0014526619340197,0.30211438148855096,sl,83765.04156008507,83163.77921995746,0.0,0.0,False,False
BTCUSDT,5m,LONG,85474.7,85832.96305439633,85295.56847280182,3.0,1.5,119.42101813211048,119.42101813211532,0.004191451439973903,0.0020957257199869517,0.0043357859109187,1.0344354391341093,tp,85832.96305439633,85295.56847280182,0.0,0.0,True,False
BTCUSDT,5m,LONG,85115.7,85417.08111557263,84965.00944221369,3.0,1.5,100.46037185754297,100.46037185753812,0.003540840474467455,0.0017704202372336164,0.001904466508529,0.5378571901959049,sl,85417.08111557263,84965.00944221369,0.0,0.0,False,False
BTCUSDT,5m,LONG,87167.0,87827.15625310781,86836.92187344609,3.0,1.5,220.05208436926964,220.05208436927447,0.007573465337889385,0.0037867326689448033,0.0001434028932967,0.018934911153454137,sl,87827.15625310781,86836.92187344609,0.0,0.0,False,False
BTCUSDT,5m,LONG,97021.2,97413.19683880368,96825.20158059816,3.0,1.5,130.66561293455985,130.665612934555,0.004040321484414466,0.002020160742207233,0.0011853079533132,0.29336971275318646,sl,97413.19683880368,96825.20158059816,0.0,0.0,False,False
BTCUSDT,5m,LONG,94559.9,94852.6549349771,94413.52253251144,3.0,1.5,97.58497832569992,97.58497832569992,0.00309597339862977,0.001547986699314885,0.001481600551608,0.47855726159137335,sl,94852.6549349771,94413.52253251144,0.0,0.0,False,False
BTCUSDT,5m,LONG,96562.7,97037.233369298,96325.433315351,3.0,1.5,158.1777897660019,158.1777897660019,0.004914251251238788,0.002457125625619394,0.0006244647260277,0.12707220166455357,sl,97037.233369298,96325.433315351,0.0,0.0,False,False
BTCUSDT,5m,LONG,96274.5,96718.95760339212,96052.27119830392,3.0,1.5,148.1525344640395,148.15253446405404,0.004616566208000217,0.0023082831040003304,0.0039605503014817,0.8578995996241356,time,96718.95760339212,96052.27119830392,0.0,0.0,False,False
BTCUSDT,5m,LONG,99369.8,99620.84322842432,99244.27838578784,3.0,1.5,83.6810761414381,83.68107614144294,0.002526353363137668,0.001263176681568945,0.0014732846397999,0.5831664965387571,sl,99620.84322842432,99244.27838578784,0.0,0.0,False,False
BTCUSDT,5m,LONG,104805.2,105512.80828220624,104451.39585889688,3.0,1.5,235.86942740208178,235.86942740207692,0.006751652419977772,0.003375826209988775,0.0008549194123956,0.1266237298984675,sl,105512.80828220624,104451.39585889688,0.0,0.0,False,False
BTCUSDT,5m,LONG,104267.2,105144.83680612504,103828.38159693748,3.0,1.5,292.54560204167984,292.545602041675,0.008417189740637987,0.0042085948703188825,0.004311039329722,0.5121708625514769,sl,105144.83680612504,103828.38159693748,0.0,0.0,False,False
BTCUSDT,5m,LONG,104944.3,105885.364339253,104473.7678303735,3.0,1.5,313.6881130843346,313.6881130843346,0.008967274442280404,0.004483637221140202,0.0028929632195363,0.32261343601753434,sl,105885.364339253,104473.7678303735,0.0,0.0,False,False
BTCUSDT,5m,LONG,105608.9,106030.517372795,105398.09131360248,3.0,1.5,140.5391242650027,140.53912426501242,0.0039922522892956724,0.0019961261446480583,9.468898928577116e-07,0.0002371818773569456,sl,106030.517372795,105398.09131360248,0.0,0.0,False,False
BTCUSDT,5m,LONG,106279.4,106846.39460801144,105995.90269599429,3.0,1.5,188.998202670482,188.9982026704723,0.005334943629823341,0.0026674718149115595,0.0055871598823478,1.0472762731951886,tp,106846.39460801144,105995.90269599429,0.0,0.0,True,False
BTCUSDT,5m,LONG,106791.6,107482.0223755207,106446.38881223966,3.0,1.5,230.14079184023043,230.14079184023043,0.006465137478235183,0.0032325687391175917,0.0019214994437764,0.29720937106830403,sl,107482.0223755207,106446.38881223966,0.0,0.0,False,False
BTCUSDT,5m,SHORT,107620.2,107272.97254116874,107793.81372941562,3.0,1.5,115.74248627708585,115.742486277081,0.003226415290356832,0.0016132076451782495,8.734419746473412e-05,0.027071591721558607,sl,107272.97254116874,107793.81372941562,0.0,0.0,False,False
BTCUSDT,5m,SHORT,103685.0,103433.41115106904,103810.79442446548,3.0,1.5,83.86294964365273,83.86294964365273,0.0024264729607075264,0.0012132364803536522,0.0,0.0,sl,103433.41115106904,103810.79442446548,0.0,0.0,False,False
BTCUSDT,5m,LONG,104465.9,104684.34261381936,104356.67869309032,3.0,1.5,72.81420460645556,72.8142046064507,0.002091042280967903,0.0010455211404838405,0.0026515829567351,1.2680675952222895,tp,104684.34261381936,104356.67869309032,0.0,0.0,True,False
BTCUSDT,5m,LONG,105955.6,106214.58221481164,105826.1088925942,3.0,1.5,86.32740493721212,86.32740493720242,0.002444252260490609,0.0012221261302451936,0.001022126249108,0.4181754337021005,sl,106214.58221481164,105826.1088925942,0.0,0.0,False,False
BTCUSDT,5m,LONG,109361.0,109805.80990862745,109138.59504568628,3.0,1.5,148.2699695424817,148.2699695424817,0.00406735407162917,0.002033677035814585,0.003236985762749,0.7958455806264323,time,109805.80990862745,109138.59504568628,0.0,0.0,False,False
BTCUSDT,5m,LONG,105399.8,105824.93868316436,105187.23065841784,3.0,1.5,141.71289438812042,141.71289438810587,0.004033581497918881,0.0020167907489593295,0.0016167013599645,0.4008103866994219,sl,105824.93868316436,105187.23065841784,0.0,0.0,False,False
BTCUSDT,5m,LONG,106759.9,107046.83232594482,106616.43383702758,3.0,1.5,95.64410864827612,95.64410864827612,0.0026876413891809836,0.0013438206945904918,0.0006360065904895,0.23664116539123287,sl,107046.83232594482,106616.43383702758,0.0,0.0,False,False
BTCUSDT,5m,LONG,107943.3,108457.9952037184,107685.9523981408,3.0,1.5,171.56506790613153,171.5650679061364,0.004768199635534431,0.0023840998177673267,0.0005252757697791,0.11016228554369785,sl,108457.9952037184,107685.9523981408,0.0,0.0,False,False
BTCUSDT,5m,SHORT,104750.0,104110.23178722482,105069.8841063876,3.0,1.5,213.25607092505865,213.25607092506834,0.006107572436994557,0.0030537862184973896,0.001835799522673,0.30057760945302336,sl,104110.23178722482,105069.8841063876,0.0,0.0,False,False
BTCUSDT,5m,LONG,101450.0,101789.85494628864,101280.07252685569,3.0,1.5,113.28498209621466,113.28498209620982,0.0033499748278822405,0.0016749874139410093,0.0009620502710695,0.2871813432931617,sl,101789.85494628864,101280.07252685569,0.0,0.0,False,False
BTCUSDT,5m,LONG,104891.8,105471.73832187706,104601.83083906148,3.0,1.5,193.31277395901756,193.3127739590127,0.0055289195330525676,0.0027644597665262838,0.0012450925620495,0.2251963615325168,sl,105471.73832187706,104601.83083906148,0.0,0.0,False,False
BTCUSDT,5m,LONG,106033.1,106364.03017963786,105867.63491018108,3.0,1.5,110.31005987928559,110.31005987928559,0.0031210082477817203,0.0015605041238908601,0.0032923681378738,1.0549052987007885,tp,106364.03017963786,105867.63491018108,0.0,0.0,True,False
BTCUSDT,5m,LONG,107495.0,107804.96781511778,107340.0160924411,3.0,1.5,103.32260503925984,103.3226050392647,0.002883555654846992,0.001441777827423607,0.0030140936787757,1.0452698125348423,tp,107804.96781511778,107340.0160924411,0.0,0.0,True,False
BTCUSDT,5m,LONG,108345.5,108513.76456654878,108261.3677167256,3.0,1.5,56.08818884959328,56.08818884960298,0.0015530369655294418,0.000776518482764943,0.0002464338620431,0.1586786840962854,sl,108513.76456654878,108261.3677167256,0.0,0.0,False,False
BTCUSDT,5m,SHORT,106584.7,106320.63342995844,106716.73328502076,3.0,1.5,88.0221900138519,88.02219001384219,0.0024775279195001776,0.0012387639597499778,3.37759547101157e-05,0.013632925967966383,sl,106320.63342995844,106716.73328502076,0.0,0.0,False,False
BTCUSDT,5m,SHORT,106729.7,106308.7877863568,106940.1561068216,3.0,1.5,140.3040712143993,140.3040712143993,0.003943721509975129,0.0019718607549876754,0.0003982021873948,0.10097117313877249,sl,106308.7877863568,106940.1561068216,0.0,0.0,False,False
BTCUSDT,5m,SHORT,105832.1,105454.85236634442,106020.7238168278,3.0,1.5,125.74921121852822,125.74921121852822,0.0035645861100326304,0.0017822930550164262,0.0013474172769887,0.37800104567437864,sl,105454.85236634442,106020.7238168278,0.0,0.0,False,False
BTCUSDT,5m,SHORT,105724.3,105367.21983477144,105902.84008261428,3.0,1.5,119.02672174285301,119.02672174284817,0.0033774654003720928,0.0016887327001859909,0.0023258607529206,0.6886408822024829,sl,105367.21983477144,105902.84008261428,0.0,0.0,False,False
BTCUSDT,5m,SHORT,108950.2,108672.02799612952,109089.28600193522,3.0,1.5,92.72400129016023,92.72400129015053,0.0025532032421279327,0.0012766016210639108,0.0018044941633883,0.7067569606735925,time,108672.02799612952,109089.28600193522,0.0,0.0,False,False
BTCUSDT,5m,LONG,109157.2,109391.77477481752,109039.91261259124,3.0,1.5,78.19159160583997,78.19159160583513,0.0021489629160287294,0.0010744814580142537,6.412769840167113e-06,0.002984123082038974,sl,109391.77477481752,109039.91261259124,0.0,0.0,False,False
BTCUSDT,5m,LONG,111007.0,111340.81308973486,110840.09345513256,3.0,1.5,111.27102991162003,111.2710299116249,0.0030071354935712336,0.0015035677467857278,0.0005269937931842,0.1752477712796204,sl,111340.81308973486,110840.09345513256,0.0,0.0,False,False
BTCUSDT,5m,LONG,110871.5,111165.00604235772,110724.74697882112,3.0,1.5,97.83534745257445,97.835347452589,0.0026472632043195166,0.0013236316021599803,0.0040470274146196,1.5287589870233154,tp,111165.00604235772,110724.74697882112,0.0,0.0,True,False
BTCUSDT,5m,LONG,111008.7,111276.12143105456,110874.98928447271,3.0,1.5,89.14047701818829,89.14047701818829,0.0024090132670193665,0.0012045066335096832,0.0023538695615749,0.9771094222686889,time,111276.12143105456,110874.98928447271,0.0,0.0,False,False
BTCUSDT,5m,LONG,117745.5,117875.05476067464,117680.72261966269,3.0,1.5,43.18492022488014,43.18492022487529,0.0011002947940654817,0.0005501473970327408,1.3588629714136171e-05,0.012349990009429667,sl,117875.05476067464,117680.72261966269,0.0,0.0,False,False
BTCUSDT,5m,SHORT,120190.9,119660.77830134022,120455.96084932987,3.0,1.5,176.70723288659065,176.70723288658579,0.004410664190548252,0.0022053320952741817,0.0036683309634921,0.8316958183651975,time,119660.77830134022,120455.96084932987,0.0,0.0,False,False
BTCUSDT,5m,LONG,119089.4,119675.17053606264,118796.51473196868,3.0,1.5,195.2568453542141,195.25684535420928,0.004918746219752856,0.002459373109876428,0.0003098512546037,0.06299395023865828,sl,119675.17053606264,118796.51473196868,0.0,0.0,False,False
BTCUSDT,5m,LONG,119840.5,120352.5352125788,119584.4823937106,3.0,1.5,170.67840419293498,170.67840419293498,0.0042726391543661535,0.0021363195771830767,0.0048380973043337,1.132343998530677,tp,120352.5352125788,119584.4823937106,0.0,0.0,True,False
BTCUSDT,5m,LONG,119849.9,120367.80487261763,119590.94756369117,3.0,1.5,172.63495753921356,172.6349575392184,0.004321279138469469,0.0021606395692347347,0.0006466421749204,0.14964138029496302,sl,120367.80487261763,119590.94756369117,0.0,0.0,False,False
BTCUSDT,5m,SHORT,119240.1,118737.33667770794,119491.48166114604,3.0,1.5,167.5877740973568,167.5877740973568,0.004216394671692436,0.002108197335846107,0.0038996948174313,0.9248884701455107,sl,118737.33667770794,119491.48166114604,0.0,0.0,False,False
BTCUSDT,5m,LONG,119511.3,119989.6650550999,119272.11747245005,3.0,1.5,159.45501836663365,159.45501836663848,0.004002676358636492,0.002001338179318246,0.0017596662407655,0.43962241338066327,sl,119989.6650550999,119272.11747245005,0.0,0.0,False,False
BTCUSDT,5m,SHORT,115829.7,115015.9711765224,116236.5644117388,3.0,1.5,271.2429411591972,271.242941159202,0.007025217396553707,0.0035126086982768534,0.0032038415017909,0.45604873428722326,sl,115015.9711765224,116236.5644117388,0.0,0.0,False,False
BTCUSDT,5m,SHORT,116034.4,115307.90919801369,116397.64540099316,3.0,1.5,242.1636006621023,242.163600662112,0.006260995032389638,0.0031304975161949855,0.0017494811883372,0.2794254234808863,sl,115307.90919801369,116397.64540099316,0.0,0.0,False,False
BTCUSDT,5m,LONG,117225.1,117485.40183580418,117094.94908209793,3.0,1.5,86.7672786013912,86.76727860138635,0.0022205298677857588,0.0011102649338927684,0.0025958604428572,1.1690274832671848,tp,117485.40183580418,117094.94908209793,0.0,0.0,True,False
BTCUSDT,5m,LONG,118749.3,119075.99258412972,118585.95370793516,3.0,1.5,108.89752804323992,108.89752804323022,0.0027511116623821774,0.0013755558311909777,0.0028817011973965,1.0474679151704245,tp,119075.99258412972,118585.95370793516,0.0,0.0,True,False
BTCUSDT,5m,LONG,119140.1,119552.86547109736,118933.71726445132,3.0,1.5,137.58849036578613,137.588490365791,0.0034645385650788896,0.0017322692825395558,0.005407918912272,1.5609348288922449,tp,119552.86547109736,118933.71726445132,0.0,0.0,True,False
BTCUSDT,5m,LONG,119243.6,119497.0194022269,119116.89029888656,3.0,1.5,84.473134075631,84.473134075631,0.0021252243493730116,0.0010626121746865058,0.0,0.0,sl,119497.0194022269,119116.89029888656,0.0,0.0,False,False
BTCUSDT,5m,SHORT,115888.0,115104.0411281375,116279.97943593124,3.0,1.5,261.3196239541673,261.3196239541576,0.006764797665526179,0.003382398832763034,0.005861694049427,0.8664995376430177,time,115104.0411281375,116279.97943593124,0.0,0.0,False,False
BTCUSDT,5m,SHORT,115225.2,114563.7811816797,115555.90940916014,3.0,1.5,220.47293944009775,220.47293944009775,0.005740227123235964,0.0028701135616180373,0.0059188441417328,1.031116716231281,tp,114563.7811816797,115555.90940916014,0.0,0.0,True,False
BTCUSDT,5m,SHORT,115248.8,114771.70829433508,115487.34585283248,3.0,1.5,159.0305685549732,159.03056855498775,0.0041396674469922345,0.0020698337234963393,0.0014325528769063,0.34605506245366463,sl,114771.70829433508,115487.34585283248,0.0,0.0,False,False
BTCUSDT,5m,SHORT,113683.8,113157.56986937848,113946.91506531078,3.0,1.5,175.4100435405077,175.41004354051742,0.0046288928644320215,0.002314446432216233,0.002873760377468,0.620831041381343,time,113157.56986937848,113946.91506531078,0.0,0.0,False,False
BTCUSDT,5m,SHORT,113808.2,113497.34327965336,113963.62836017332,3.0,1.5,103.61890678221243,103.61890678221243,0.00273140881190137,0.0013657044059507406,0.0032712932811519,1.1976578778314437,tp,113497.34327965336,113963.62836017332,0.0,0.0,True,False
BTCUSDT,5m,SHORT,113295.3,112884.33025967774,113500.78487016114,3.0,1.5,136.9899134407557,136.9899134407557,0.00362742091086099,0.0018137104554305505,0.0069499793901424,1.91595614650983,tp,112884.33025967774,113500.78487016114,0.0,0.0,True,False
BTCUSDT,5m,SHORT,112750.3,112164.14286706828,113043.37856646588,3.0,1.5,195.38571097724102,195.3857109772507,0.005198719053800538,0.002599359526900491,0.004585353653161,0.8820160515904133,time,112164.14286706828,113043.37856646588,0.0,0.0,False,False
BTCUSDT,5m,SHORT,112902.3,112284.19230104909,113211.35384947548,3.0,1.5,206.0358996503055,206.0358996503152,0.005474713083355454,0.002737356541677727,0.0010779231246838,0.19689125407520724,sl,112284.19230104909,113211.35384947548,0.0,0.0,False,False
BTCUSDT,5m,LONG,113688.6,113935.4606336193,113565.16968319035,3.0,1.5,82.28687787309657,82.28687787310143,0.0021713754379883987,0.0010856877189943104,0.0024083329375151,1.1091278345426172,tp,113935.4606336193,113565.16968319035,0.0,0.0,True,False
BTCUSDT,5m,LONG,113665.6,114004.71916430068,113496.04041784968,3.0,1.5,113.03972143355834,113.03972143354865,0.0029834810558397873,0.0014917405279197826,0.0033053096099435,1.1078701517054295,tp,114004.71916430068,113496.04041784968,0.0,0.0,True,False
BTCUSDT,5m,LONG,116051.4,116565.46891470606,115794.36554264696,3.0,1.5,171.3563049020207,171.3563049020207,0.004429665774872804,0.002214832887436402,0.0001034024578764,0.023343173758830407,sl,116565.46891470606,115794.36554264696,0.0,0.0,False,False
BTCUSDT,5m,LONG,116145.6,116756.9818703333,115839.90906483337,3.0,1.5,203.79395677776483,203.79395677775997,0.005263926229950089,0.0026319631149750444,0.0061422903665743,1.1668648264154227,tp,116756.9818703333,115839.90906483337,0.0,0.0,True,False
BTCUSDT,5m,LONG,116842.5,117227.71020820232,116649.89489589883,3.0,1.5,128.40340273410644,128.4034027341113,0.0032968329863047874,0.0016484164931525047,0.006412906262704,1.9451717115618354,tp,117227.71020820232,116649.89489589883,0.0,0.0,True,False
BTCUSDT,5m,LONG,116923.0,117462.74988962233,116653.12505518884,3.0,1.5,179.91662987410868,179.91662987410868,0.00461628498774691,0.002308142493873455,0.0018319748894571,0.3968504748558082,sl,117462.74988962233,116653.12505518884,0.0,0.0,False,False
BTCUSDT,5m,SHORT,116421.3,115969.29827760144,116647.30086119928,3.0,1.5,150.6672407995211,150.6672407995211,0.003882465858039419,0.0019412329290195984,0.0013949337449419,0.3592906662793729,sl,115969.29827760144,116647.30086119928,0.0,0.0,False,False
BTCUSDT,5m,LONG,116680.1,116856.70210636864,116591.79894681567,3.0,1.5,58.86736878954495,58.867368789554654,0.0015135580649026092,0.0007567790324514156,0.0001019882567806,0.06738311475824516,sl,116856.70210636864,116591.79894681567,0.0,0.0,False,False
BTCUSDT,5m,LONG,117042.3,117393.8242905638,116866.53785471812,3.0,1.5,117.17476352126687,117.17476352125716,0.0030033952730235125,0.0015016976365116452,0.001348230511533,0.4489021220892243,sl,117393.8242905638,116866.53785471812,0.0,0.0,False,False
BTCUSDT,5m,LONG,117802.9,118250.95049439825,117578.87475280088,3.0,1.5,149.35016479941746,149.35016479940774,0.00380339104044336,0.001901695520221569,0.0033827690150242,0.8894086826869824,sl,118250.95049439825,117578.87475280088,0.0,0.0,False,False
BTCUSDT,5m,LONG,118433.3,118781.54908534334,118259.17545732833,3.0,1.5,116.08302844778034,116.08302844778518,0.0029404659444880465,0.0014702329722441343,0.002186884938611,0.7437205462999336,sl,118781.54908534334,118259.17545732833,0.0,0.0,False,False
BTCUSDT,5m,LONG,121318.3,121851.5042993442,121051.6978503279,3.0,1.5,177.734766448067,177.73476644807184,0.0043950854845822285,0.0021975427422912253,0.0041411724364749,0.9422279614360074,sl,121851.5042993442,121051.6978503279,0.0,0.0,False,False
BTCUSDT,5m,SHORT,119052.3,118606.38395331992,119275.25802334004,3.0,1.5,148.63868222669407,148.6386822266892,0.0037455475171843666,0.0018727737585921833,0.0029390444367728,0.7846768525265332,time,118606.38395331992,119275.25802334004,0.0,0.0,False,False
BTCUSDT,5m,LONG,119665.3,119853.37218119054,119539.91854587298,1.5,1.0,125.38145412702579,125.38145412702579,0.0015716517753312509,0.00104776785022076,6.601746705180348e-05,0.042005149033658706,sl,119853.37218119054,119539.91854587298,0.0,0.0,False,False
BTCUSDT,5m,LONG,123161.2,123386.6825157459,123010.87832283608,1.5,1.0,150.3216771639321,150.32167716391268,0.0018307918057465233,0.0012205278704974232,0.0021841294173814,1.192997155944119,tp,123386.6825157459,123010.87832283608,0.0,0.0,True,False
BTCUSDT,5m,LONG,118061.2,118141.07585006268,118007.94943329152,1.5,1.0,53.250566708457576,53.25056670847698,0.0006765630881500062,0.00045104205876678183,0.0010477616693714,1.5486533151496618,tp,118141.07585006268,118007.94943329152,0.0,0.0,True,False
BTCUSDT,5m,LONG,113995.2,114133.0416228074,113903.30558479506,1.5,1.0,91.8944152049371,91.8944152049371,0.0012091879553473017,0.0008061253035648308,0.00191060676239,1.5800742588783374,tp,114133.0416228074,113903.30558479506,0.0,0.0,True,False
BTCUSDT,5m,LONG,111623.6,111914.04710104842,111429.96859930106,1.5,1.0,193.63140069894143,193.63140069894143,0.002602022341587462,0.001734681561058271,0.0036515575559289,1.4033536521062802,tp,111914.04710104842,111429.96859930106,0.0,0.0,True,False
BTCUSDT,5m,SHORT,110290.6,110108.929593754,110411.71360416402,1.5,1.0,121.11360416400323,121.11360416401294,0.0016471975512509784,0.0010981317008340596,0.0006102061281741,0.37045108991976927,sl,110108.929593754,110411.71360416402,0.0,0.0,False,False
BTCUSDT,5m,LONG,108972.0,109090.70924132252,108892.860505785,1.5,1.0,79.13949421501214,79.13949421499274,0.0010893554428892394,0.0007262369619259745,0.0,0.0,sl,109090.70924132252,108892.860505785,0.0,0.0,False,False
BTCUSDT,5m,LONG,108826.0,109090.97521961112,108649.3498535926,1.5,1.0,176.65014640741478,176.65014640739537,0.0024348521457291383,0.0016232347638193145,8.821421351520612e-05,0.03622980297589675,sl,109090.97521961112,108649.3498535926,0.0,0.0,False,False
BTCUSDT,5m,SHORT,110045.9,109815.07833924927,110199.78110716716,1.5,1.0,153.88110716714678,153.8811071671662,0.0020975035030902367,0.0013983356687270465,0.0025698367681121,1.2251883080652681,tp,109815.07833924927,110199.78110716716,0.0,0.0,True,False
BTCUSDT,5m,LONG,112132.1,112320.79837430413,112006.30108379728,1.5,1.0,125.79891620274672,125.79891620272247,0.0016828220848812414,0.0011218813899206426,0.0020458013361026,1.2156967480296494,tp,112320.79837430413,112006.30108379728,0.0,0.0,True,False
BTCUSDT,5m,LONG,112194.4,112646.79042042552,111892.80638638296,1.5,1.0,301.5936136170155,301.59361361703486,0.004032201432740967,0.002688134288494237,0.0003315673509552,0.0822298579289504,sl,112646.79042042552,111892.80638638296,0.0,0.0,False,False
BTCUSDT,5m,SHORT,111139.4,110880.34234692388,111312.10510205074,1.5,1.0,172.70510205074484,172.7051020507497,0.0023309254240720945,0.0015539502827148777,0.000938461067812,0.4026130815341666,sl,110880.34234692388,111312.10510205074,0.0,0.0,False,False
BTCUSDT,5m,SHORT,110816.9,110745.68522867167,110864.37651421886,1.5,1.0,47.47651421887955,47.47651421886985,0.0006426345740434547,0.00042842304936230313,0.0007264234967771,1.130383465375113,tp,110745.68522867167,110864.37651421886,0.0,0.0,True,False
BTCUSDT,5m,LONG,112658.7,112798.407290131,112565.56180657932,1.5,1.0,93.13819342066806,93.1381934206729,0.0012400932207721205,0.0008267288138481543,0.0019528008045539,1.5747209740716313,tp,112798.407290131,112565.56180657932,0.0,0.0,True,False
BTCUSDT,5m,LONG,115800.0,115939.2581393764,115707.16124041572,1.5,1.0,92.83875958426506,92.83875958427961,0.0012025746060138065,0.0008017164040092783,0.0003756476683937,0.31236953326236067,sl,115939.2581393764,115707.16124041572,0.0,0.0,False,False
BTCUSDT,5m,LONG,115761.8,115992.0505679598,115608.29962136014,1.5,1.0,153.50037863986412,153.50037863985926,0.0019890030040981,0.0013260020027320296,0.0006772527725034,0.34049861720067925,sl,115992.0505679598,115608.29962136014,0.0,0.0,False,False
BTCUSDT,5m,LONG,116705.3,116855.15990671204,116605.39339552532,1.5,1.0,99.90660447469175,99.9066044746869,0.0012840882694447053,0.0008560588462964702,0.0011190580033639,0.871480590542135,sl,116855.15990671204,116605.39339552532,0.0,0.0,False,False
BTCUSDT,5m,SHORT,115979.3,115772.5760706219,116117.11595291871,1.5,1.0,137.81595291873478,137.81595291871054,0.001782420909404503,0.0011882806062695206,0.0020486414386015,1.1493589576919516,tp,115772.5760706219,116117.11595291871,0.0,0.0,True,False
BTCUSDT,5m,LONG,116907.0,117099.57612379082,116778.6159174728,1.5,1.0,128.38408252721032,128.38408252720546,0.0016472591358158706,0.0010981727572104694,0.0022111592975613,1.3423263222432429,tp,117099.57612379082,116778.6159174728,0.0,0.0,True,False
BTCUSDT,5m,LONG,117250.1,117419.13257104647,117137.41161930237,1.5,1.0,112.68838069764509,112.68838069764024,0.0014416411674400553,0.0009610941116267036,0.0004486136898816,0.3111826299176863,sl,117419.13257104647,117137.41161930237,0.0,0.0,False,False
BTCUSDT,5m,SHORT,115530.1,115431.67796103732,115595.7146926418,1.5,1.0,65.6146926417908,65.6146926418005,0.0008519168507833408,0.0005679445671888939,0.0003704662248193,0.4348619521713356,sl,115431.67796103732,115595.7146926418,0.0,0.0,False,False
BTCUSDT,5m,SHORT,115623.9,115587.26340578524,115648.32439614316,1.5,1.0,24.424396143168753,24.424396143163904,0.0003168600454988013,0.0002112400303324602,8.648730927712078e-07,0.0027295113570084987,sl,115587.26340578524,115648.32439614316,0.0,0.0,False,False
BTCUSDT,5m,SHORT,112727.1,112507.47144435567,112873.51903709622,1.5,1.0,146.41903709622179,146.41903709621693,0.001948320817659055,0.0012988805451059626,0.0001516937808211,0.07785872811407056,sl,112507.47144435567,112873.51903709622,0.0,0.0,False,False
BTCUSDT,5m,LONG,113278.1,113430.90515847792,113176.22989434809,1.5,1.0,101.87010565194457,101.87010565192031,0.0013489382191078647,0.0008992921460716508,0.0014195153343849,1.052320494947287,tp,113430.90515847792,113176.22989434809,0.0,0.0,True,False
BTCUSDT,5m,SHORT,109457.3,109159.04272252864,109656.13818498093,1.5,1.0,198.8381849809084,198.83818498092296,0.002724873329338129,0.0018165822195588266,0.0029134648853937,1.0692111277339194,tp,109159.04272252864,109656.13818498093,0.0,0.0,True,False
BTCUSDT,5m,SHORT,109385.4,109295.2138056833,109445.52412954444,1.5,1.0,60.124129544458505,60.124129544448806,0.0008244810945216008,0.0005496540630143265,0.000891343817365,1.0810967325845062,tp,109295.2138056833,109445.52412954444,0.0,0.0,True,False
BTCUSDT,5m,SHORT,113355.5,113152.67789478115,113490.71473681256,1.5,1.0,135.2147368125637,135.21473681255884,0.0017892568531641118,0.0011928379021093338,0.0010921393315719,0.6103871166627457,sl,113152.67789478115,113490.71473681256,0.0,0.0,False,False
BTCUSDT,5m,LONG,116800.3,117094.56462575764,116604.12358282824,1.5,1.0,196.17641717176107,196.17641717176593,0.0025193824481413163,0.0016795882987609145,0.0026566712585498,1.0544930407488426,tp,117094.56462575764,116604.12358282824,0.0,0.0,True,False
BTCUSDT,5m,LONG,118515.6,118874.21335137064,118276.52443241958,1.5,1.0,239.07556758041997,239.07556758042483,0.003025874664353223,0.002017249776235519,0.004077944169375,1.3476910386989396,tp,118874.21335137064,118276.52443241958,0.0,0.0,True,False
BTCUSDT,5m,LONG,110799.9,111020.91869150284,110652.55420566478,1.5,1.0,147.3457943352308,147.3457943352114,0.0019947553337398283,0.0013298368891597745,0.0025135401746752,1.2600744222414175,tp,111020.91869150284,110652.55420566478,0.0,0.0,True,False
BTCUSDT,5m,SHORT,107430.4,106882.36453981574,107795.75697345615,1.5,1.0,365.35697345617035,365.35697345616063,0.005101307080530804,0.0034008713870203877,0.0034450211485761,0.6753212645684598,time,106882.36453981574,107795.75697345615,0.0,0.0,False,False
BTCUSDT,5m,LONG,105865.9,106074.31976593783,105726.95348937478,1.5,1.0,138.94651062522703,138.94651062521734,0.00196871481693206,0.0013124765446211883,0.0025088342894171,1.274351301590107,tp,106074.31976593783,105726.95348937478,0.0,0.0,True,False
BTCUSDT,5m,LONG,102771.2,103108.80513286674,102546.12991142216,1.5,1.0,225.07008857782543,225.07008857783512,0.0032850169392468764,0.002190011292831362,0.0012318626229917,0.3749942985907759,sl,103108.80513286674,102546.12991142216,0.0,0.0,False,False
BTCUSDT,5m,SHORT,99412.1,98989.58767683031,99693.77488211314,1.5,1.0,281.6748821131284,281.6748821131332,0.0042501096261893245,0.0028334064174595497,0.0009012987352646,0.21206482056621917,sl,98989.58767683031,99693.77488211314,0.0,0.0,False,False
BTCUSDT,5m,SHORT,99740.5,99335.35718028818,100010.59521314122,1.5,1.0,270.09521314121474,270.0952131412196,0.004061969006690536,0.0027079793377937644,0.0023160100460695,0.5701693051460417,sl,99335.35718028818,100010.59521314122,0.0,0.0,False,False
BTCUSDT,5m,SHORT,96492.6,95776.85960317036,96969.7602645531,1.5,1.0,477.16026455309475,477.16026455309475,0.007417567739180453,0.004945045159453709,0.0071062444166704,0.9580289208731311,sl,95776.85960317036,96969.7602645531,0.0,0.0,False,False
BTCUSDT,5m,LONG,95909.5,96109.18106033592,95776.37929310938,1.5,1.0,133.1207068906127,133.1207068906224,0.002081973739159526,0.0013879824927730544,0.00157023026916,0.7542027258201094,sl,96109.18106033592,95776.37929310938,0.0,0.0,False,False
BTCUSDT,5m,SHORT,95152.0,94652.22268025036,95485.18487983308,1.5,1.0,333.18487983309507,333.1848798330757,0.00525241003604382,0.0035016066906956578,0.0055963090633933,1.0654745202658453,tp,94652.22268025036,95485.18487983308,0.0,0.0,True,False
BTCUSDT,5m,SHORT,90696.3,90355.35922650552,90923.59384899632,1.5,1.0,227.29384899632228,227.2938489963126,0.003759147545098096,0.0025060983633986567,0.0011940950182091,0.317650478967284,sl,90355.35922650552,90923.59384899632,0.0,0.0,False,False
BTCUSDT,5m,SHORT,91681.3,91346.1325232095,91904.744984527,1.5,1.0,223.44498452700404,223.44498452699918,0.0036557888772356106,0.0024371925848236664,0.00059117835371,0.1617102008792778,sl,91346.1325232095,91904.744984527,0.0,0.0,False,False
BTCUSDT,5m,SHORT,91792.0,91466.00297138897,92009.33135240736,1.5,1.0,217.33135240735524,217.3313524073601,0.003551475385774716,0.002367650257183218,0.0037465138574167,1.0549175907070065,tp,91466.00297138897,92009.33135240736,0.0,0.0,True,False
BTCUSDT,5m,SHORT,89743.0,89346.46934836007,90007.35376775995,1.5,1.0,264.35376775995246,264.35376775995246,0.004418513439933269,0.0029456756266221795,0.0021260711141816,0.48117339532494646,sl,89346.46934836007,90007.35376775995,0.0,0.0,False,False
BTCUSDT,5m,LONG,91888.2,92154.00487209624,91710.99675193585,1.5,1.0,177.2032480641598,177.2032480641501,0.002892698650057701,0.0019284657667051341,6.529674104028817e-06,0.00225729496707117,sl,92154.00487209624,91710.99675193585,0.0,0.0,False,False
BTCUSDT,5m,SHORT,87861.3,87467.46606084165,88123.85595943891,1.5,1.0,262.5559594389051,262.5559594389051,0.004482450625683421,0.0029883004171222805,0.001426111382372,0.31815439844461574,sl,87467.46606084165,88123.85595943891,0.0,0.0,False,False
BTCUSDT,5m,SHORT,84116.8,83324.24607006462,84645.1692866236,1.5,1.0,528.3692866235893,528.3692866235942,0.009422064675967068,0.00628137645064486,0.0104913643885644,1.1134888954142719,tp,83324.24607006462,84645.1692866236,0.0,0.0,True,False
BTCUSDT,5m,LONG,85899.9,86111.14124647825,85759.07250234783,1.5,1.0,140.82749765216917,140.8274976521643,0.002459155906796795,0.0016394372711977523,1.1641457092013002e-06,0.00047339239695366574,sl,86111.14124647825,85759.07250234783,0.0,0.0,False,False
BTCUSDT,5m,LONG,87053.7,87401.56901901985,86821.78732065343,1.5,1.0,231.91267934656935,231.91267934656935,0.003996027957684278,0.0026640186384561115,0.0,0.0,sl,87401.56901901985,86821.78732065343,0.0,0.0,False,False
BTCUSDT,5m,LONG,87029.6,87372.40007252223,86801.06661831852,1.5,1.0,228.53338168148184,228.53338168148184,0.003938890590353461,0.0026259270602355667,1.1490343514306497e-06,0.0002917152241406989,sl,87372.40007252223,86801.06661831852,0.0,0.0,False,False
BTCUSDT,5m,LONG,88281.9,88502.13920162528,88135.07386558314,1.5,1.0,146.8261344168568,146.8261344168568,0.0024947265705119737,0.0016631510470079824,0.0012018318590787,0.48174893123940926,sl,88502.13920162528,88135.07386558314,0.0,0.0,False,False
BTCUSDT,5m,LONG,91000.9,91134.87046230248,90911.586358465,1.5,1.0,89.3136415349921,89.31364153498725,0.0014721883223405285,0.0009814588815604264,0.002391185142125,1.624238628875566,tp,91134.87046230248,90911.586358465,0.0,0.0,True,False
BTCUSDT,5m,SHORT,86489.0,86262.92063745321,86639.7195750312,1.5,1.0,150.71957503119484,150.71957503119484,0.0026139666610411894,0.0017426444406940522,0.0017285435142041,0.6612722112972896,sl,86262.92063745321,86639.7195750312,0.0,0.0,False,False
BTCUSDT,5m,LONG,90929.9,91314.39697990174,90673.5686800655,1.5,1.0,256.3313199344945,256.33131993449933,0.004228498875526565,0.0028189992503511174,0.0017826919418145,0.4215897873669188,sl,91314.39697990174,90673.5686800655,0.0,0.0,False,False
BTCUSDT,5m,LONG,91199.0,91424.81589104184,91048.45607263876,1.5,1.0,150.54392736122827,150.54392736124282,0.0024760785868467305,0.0016507190578980424,0.0027434511343325,1.1079822542410767,tp,91424.81589104184,91048.45607263876,0.0,0.0,True,False
BTCUSDT,5m,LONG,92899.1,93216.92736764364,92687.2150882376,1.5,1.0,211.88491176242437,211.88491176240495,0.0034212104061679405,0.0022808069374450346,0.0017718147969139,0.5178912099997058,sl,93216.92736764364,92687.2150882376,0.0,0.0,False,False
BTCUSDT,5m,LONG,90951.9,91142.74478981255,90824.67014012494,1.5,1.0,127.22985987503974,127.22985987504944,0.0020983045963036684,0.0013988697308692233,0.0002869648682436,0.13676034868775086,sl,91142.74478981255,90824.67014012494,0.0,0.0,False,False
BTCUSDT,5m,LONG,90619.9,90849.52463674132,90466.8169088391,1.5,1.0,153.08309116088398,153.08309116089367,0.0025339316942671886,0.0016892877961782737,0.0006157587902878,0.2430052837181458,sl,90849.52463674132,90466.8169088391,0.0,0.0,False,False
BTCUSDT,5m,LONG,90215.7,90479.2350184147,90040.00998772352,1.5,1.0,175.69001227647337,175.69001227647823,0.002921165810548576,0.0019474438736991617,0.0005520103485313,0.1889691939218048,sl,90479.2350184147,90040.00998772352,0.0,0.0,False,False
BTCUSDT,5m,LONG,91675.4,91837.87849875452,91567.08100083032,1.5,1.0,108.31899916968541,108.31899916967086,0.001772323859557945,0.0011815492397052596,0.0024684920927533,1.3927996734011097,tp,91837.87849875452,91567.08100083032,0.0,0.0,True,False
BTCUSDT,5m,LONG,92883.0,93244.00531696492,92642.32978869004,1.5,1.0,240.67021130994544,240.67021130996,0.0038866672799642288,0.0025911115199762635,0.0039146022415297,1.0071873817729333,time,93244.00531696492,92642.32978869004,0.0,0.0,True,True
BTCUSDT,5m,SHORT,90363.8,90194.94316937515,90476.37122041656,1.5,1.0,112.57122041656596,112.57122041656112,0.0018686335747816196,0.0012457557165210797,0.0012327945482594,0.6597304923216272,sl,90194.94316937515,90476.37122041656,0.0,0.0,False,False
BTCUSDT,5m,LONG,91521.0,91882.45505302344,91280.02996465104,1.5,1.0,240.97003534896066,240.97003534896066,0.003949422023616922,0.0026329480157445406,0.0050797084822062,1.2861903467976687,tp,91882.45505302344,91280.02996465104,0.0,0.0,True,False
BTCUSDT,5m,SHORT,86394.7,86163.6312529237,86548.74583138419,1.5,1.0,154.04583138419548,154.04583138419548,0.002674570859975134,0.0017830472399833486,0.0037699071818062,1.4095372226710232,tp,86163.6312529237,86548.74583138419,0.0,0.0,True,False
BTCUSDT,5m,LONG,87575.3,88048.92451443501,87259.55032371,1.5,1.0,315.749676290007,315.7496762899973,0.005408197453334651,0.0036054649688895823,9.363370722106676e-05,0.0173132930202711,sl,88048.92451443501,87259.55032371,0.0,0.0,False,False
BTCUSDT,5m,SHORT,85748.4,85503.89056122756,85911.40629251496,1.5,1.0,163.00629251495897,163.00629251496866,0.0028514752318694603,0.0019009834879131216,0.0007475358140792,0.2621575687294702,sl,85503.89056122756,85911.40629251496,0.0,0.0,False,False
BTCUSDT,5m,LONG,88854.1,89141.08090706868,88567.11909293133,2.0,2.0,143.49045353433758,143.49045353433758,0.0032297992672107867,0.0032297992672107867,0.0011175623859786,0.34601605038560573,sl,89141.08090706868,88567.11909293133,0.0,0.0,False,False
BTCUSDT,5m,LONG,88433.0,88746.37623612006,88119.62376387994,2.0,2.0,156.68811806003214,156.68811806003214,0.0035436571881544143,0.0035436571881545254,0.0048929698189589,1.3807683867714153,tp,88746.37623612006,88119.62376387994,0.0,0.0,True,False
BTCUSDT,5m,LONG,88571.5,88933.29379543006,88209.70620456994,2.0,2.0,180.8968977150289,180.8968977150289,0.004084765363915777,0.004084765363915666,0.0035733842150127,0.8748077053775124,time,88933.29379543006,88209.70620456994,0.0,0.0,False,False
BTCUSDT,5m,LONG,89750.3,89972.36570986424,89528.23429013576,2.0,2.0,111.03285493212024,111.03285493212024,0.0024742614772790272,0.0024742614772790272,0.000769913861012,0.3111691581839939,sl,89972.36570986424,89528.23429013576,0.0,0.0,False,False
BTCUSDT,5m,LONG,89615.1,89857.02259317557,89373.17740682444,2.0,2.0,120.96129658778227,120.96129658778227,0.0026995739911639394,0.0026995739911640504,0.0019684182687961,0.7291588507071826,time,89857.02259317557,89373.17740682444,0.0,0.0,False,False
BTCUSDT,5m,SHORT,87333.5,87110.77766961163,87556.22233038837,2.0,2.0,111.36116519418283,111.36116519418283,0.002550250824578937,0.002550250824578937,0.0026095370047003,1.0232471957463838,tp,87110.77766961163,87556.22233038837,0.0,0.0,True,False
BTCUSDT,5m,LONG,88595.9,88826.30282144267,88365.49717855731,2.0,2.0,115.20141072133993,115.20141072133993,0.0026006036559556023,0.0026006036559556023,0.0007743021968285,0.2977394094849027,sl,88826.30282144267,88365.49717855731,0.0,0.0,False,False
BTCUSDT,5m,LONG,89268.5,89465.01991433869,89071.98008566131,2.0,2.0,98.25995716934267,98.25995716934267,0.00220144747966744,0.002201447479667329,1.3442591731653266e-05,0.006106251389510306,sl,89465.01991433869,89071.98008566131,0.0,0.0,False,False
BTCUSDT,5m,LONG,89807.6,90291.35973041462,89323.84026958539,2.0,2.0,241.8798652073092,241.8798652073092,0.005386623519775924,0.005386623519775813,0.0034885688961734,0.6476355519122152,time,90291.35973041462,89323.84026958539,0.0,0.0,False,False
BTCUSDT,5m,LONG,90079.2,90221.93272108484,89936.46727891515,2.0,2.0,71.36636054242263,71.36636054242263,0.00158452474139259,0.001584524741392479,0.0008747857441007,0.5520808361325288,sl,90221.93272108484,89936.46727891515,0.0,0.0,False,False
BTCUSDT,5m,LONG,91260.0,91479.75596604832,91040.24403395168,2.0,2.0,109.87798302416195,109.87798302416195,0.0024080206667578263,0.0024080206667578263,0.0024983563445101,1.0375144943726342,tp,91479.75596604832,91040.24403395168,0.0,0.0,True,False
BTCUSDT,5m,LONG,91200.0,91316.75933732488,91083.24066267512,2.0,2.0,58.37966866244096,58.37966866244096,0.0012802558917202056,0.0012802558917202056,0.0002127192982455,0.16615373506282513,sl,91316.75933732488,91083.24066267512,0.0,0.0,False,False
BTCUSDT,5m,LONG,92594.1,92843.3287484284,92344.8712515716,2.0,2.0,124.61437421419396,124.61437421420123,0.0026916266633445485,0.0026916266633446595,0.0004211931429756,0.15648275026828418,sl,92843.3287484284,92344.8712515716,0.0,0.0,False,False
BTCUSDT,5m,LONG,92500.0,92781.63599136197,92218.36400863803,2.0,2.0,140.81799568098359,140.81799568098359,0.0030447134201294634,0.0030447134201293524,0.0020313513513512,0.6671732511576822,sl,92781.63599136197,92218.36400863803,0.0,0.0,False,False
BTCUSDT,5m,LONG,92672.1,92882.5422468128,92461.6577531872,2.0,2.0,105.22112340639433,105.2211234064016,0.0022708263524058303,0.0022708263524059413,0.0030138520655082,1.3272049896352356,sl,92882.5422468128,92461.6577531872,0.0,0.0,True,True
BTCUSDT,5m,SHORT,92475.0,92131.2318320002,92818.7681679998,2.0,2.0,171.88408399990294,171.88408399990294,0.003717417334412554,0.003717417334412554,0.0014814814814814,0.3985243915896012,sl,92131.2318320002,92818.7681679998,0.0,0.0,False,False
BTCUSDT,5m,SHORT,90589.2,90294.29556831474,90884.10443168523,2.0,2.0,147.45221584262617,147.4522158426189,0.0032554038636531946,0.0032554038636529725,0.0038989195179999,1.1976761352198422,tp,90294.29556831474,90884.10443168523,0.0,0.0,True,False
BTCUSDT,5m,SHORT,90282.5,89761.71155086454,90803.28844913546,2.0,2.0,260.3942245677317,260.3942245677317,0.005768431857064882,0.005768431857064993,0.0010677595325782,0.18510395182539296,sl,89761.71155086454,90803.28844913546,0.0,0.0,False,False
BTCUSDT,5m,SHORT,90589.5,90400.86732773612,90778.13267226388,2.0,2.0,94.31633613193844,94.31633613193844,0.002082279649008756,0.002082279649008756,0.0026780145601863,1.286097456439694,sl,90400.86732773612,90778.13267226388,0.0,0.0,True,True
BTCUSDT,5m,LONG,91866.1,92057.60668921728,91674.59331078271,2.0,2.0,95.75334460863814,95.75334460864542,0.002084628488825402,0.002084628488825513,0.0007206140241067,0.345679831187923,sl,92057.60668921728,91674.59331078271,0.0,0.0,False,False
BTCUSDT,5m,LONG,92015.9,92259.60447678964,91772.19552321034,2.0,2.0,121.85223839482205,121.85223839482933,0.0026485039736572347,0.0026485039736573457,0.0022909084190884,0.8649820585033738,time,92259.60447678964,91772.19552321034,0.0,0.0,False,False
BTCUSDT,5m,LONG,95182.0,95389.21760015193,94974.78239984807,2.0,2.0,103.60880007596279,103.60880007596279,0.002177067094113694,0.002177067094113694,0.000575739110336,0.26445630081528987,sl,95389.21760015193,94974.78239984807,0.0,0.0,False,False
BTCUSDT,5m,LONG,96548.9,96728.64501738966,96369.15498261031,2.0,2.0,89.8725086948325,89.87250869483978,0.0018616992776683272,0.0018616992776684382,0.0020507742708617,1.1015604375321981,tp,96728.64501738966,96369.15498261031,0.0,0.0,True,False
BTCUSDT,5m,SHORT,95774.6,95508.97152813563,96040.22847186438,2.0,2.0,132.81423593218642,132.81423593218642,0.0027734751370861455,0.0027734751370862565,0.0034309723037215,1.23706618380799,tp,95508.97152813563,96040.22847186438,0.0,0.0,True,False
BTCUSDT,5m,SHORT,95552.3,95340.8622416562,95763.7377583438,2.0,2.0,105.71887917190179,105.71887917190179,0.002212796116302873,0.002212796116302762,0.0002438455170624,0.11019791442413396,sl,95340.8622416562,95763.7377583438,0.0,0.0,False,False
BTCUSDT,5m,SHORT,92664.6,92517.02634075136,92812.17365924866,2.0,2.0,73.78682962432504,73.78682962432504,0.0015925570201420491,0.0015925570201420491,0.0003194315844454,0.20057780060955563,sl,92517.02634075136,92812.17365924866,0.0,0.0,False,False
BTCUSDT,5m,SHORT,91243.4,91009.37687402988,91477.4231259701,2.0,2.0,117.0115629850552,117.0115629850552,0.002564822507382547,0.002564822507382658,0.0024736035702308,0.9644346004882662,time,91009.37687402988,91477.4231259701,0.0,0.0,False,False
BTCUSDT,5m,LONG,89506.6,89854.99651049898,89158.20348950103,2.0,2.0,174.19825524948828,174.19825524948828,0.003892411403169982,0.003892411403169982,0.004821990780568,1.2388183778931918,tp,89854.99651049898,89158.20348950103,0.0,0.0,True,False
BTCUSDT,5m,LONG,89711.8,89994.23564985355,89429.36435014645,2.0,2.0,141.21782492677448,141.21782492677448,0.0031482553003456815,0.0031482553003456815,0.0037219184098412,1.1822161974705576,tp,89994.23564985355,89429.36435014645,0.0,0.0,True,False
BTCUSDT,5m,SHORT,89470.1,89028.5707013882,89911.6292986118,2.0,2.0,220.7646493059001,220.7646493059001,0.004934936907545651,0.004934936907545762,0.004527769612418,0.9174929076590461,time,89028.5707013882,89911.6292986118,0.0,0.0,False,False
BTCUSDT,5m,SHORT,89365.9,89217.51011620375,89514.28988379624,2.0,2.0,74.19494189812394,74.19494189812394,0.0016604754587180581,0.001660475458717947,0.0018273189214229,1.1004793306813765,tp,89217.51011620375,89514.28988379624,0.0,0.0,True,False
BTCUSDT,5m,SHORT,88574.0,88418.30341411957,88729.69658588043,2.0,2.0,77.8482929402162,77.8482929402162,0.0017578136459958094,0.0017578136459956983,0.0019644590963488,1.1175582240038449,tp,88418.30341411957,88729.69658588043,0.0,0.0,True,False
BTCUSDT,5m,SHORT,86980.3,86537.15860145887,87423.44139854114,2.0,2.0,221.57069927056727,221.57069927056727,0.005094732928503709,0.00509473292850382,0.0059450243330961,1.1668961683614918,tp,86537.15860145887,87423.44139854114,0.0,0.0,True,False
BTCUSDT,5m,LONG,87734.7,87989.82009735808,87479.57990264191,2.0,2.0,127.56004867904267,127.56004867904267,0.0029078585480784014,0.0029078585480782904,0.0023833215364047,0.8196139863748425,time,87989.82009735808,87479.57990264191,0.0,0.0,False,False
BTCUSDT,5m,LONG,89758.5,90077.96746353972,89439.03253646028,2.0,2.0,159.73373176986206,159.73373176986206,0.0035591889741888316,0.0035591889741888316,0.0001403766774178,0.03944063617745753,sl,90077.96746353972,89439.03253646028,0.0,0.0,False,False
BTCUSDT,5m,LONG,89691.8,90047.84308214168,89335.75691785832,2.0,2.0,178.0215410708406,178.0215410708406,0.003969628016626814,0.003969628016626703,0.0014326839242829,0.36091137967640635,sl,90047.84308214168,89335.75691785832,0.0,0.0,False,False
BTCUSDT,5m,LONG,83946.9,84162.3233587643,83731.47664123568,2.0,2.0,107.71167938215513,107.71167938215513,0.0025661859909575924,0.0025661859909574813,0.002860141351259,1.114549514858709,tp,84162.3233587643,83731.47664123568,0.0,0.0,True,False
BTCUSDT,5m,SHORT,68983.2,68721.1884588461,69245.2115411539,2.0,2.0,131.00577057695045,131.00577057695045,0.0037981934899207204,0.0037981934899207204,0.000788597803523,0.2076244418868351,sl,68721.1884588461,69245.2115411539,0.0,0.0,False,False
BTCUSDT,5m,LONG,69800.0,70128.97767085509,69471.02232914491,2.0,2.0,164.4888354275463,164.4888354275463,0.0047131471469210595,0.0047131471469210595,0.0010200573065902,0.21642806277681553,sl,70128.97767085509,69471.02232914491,0.0,0.0,False,False
BTCUSDT,5m,LONG,69624.6,70009.84788778874,69239.35211221127,2.0,2.0,192.62394389436668,192.62394389436668,0.005533215096226618,0.005533215096226507,0.0015712837129404,0.2839730040518285,sl,70009.84788778874,69239.35211221127,0.0,0.0,False,False
BTCUSDT,5m,LONG,69447.2,69747.8978199467,69146.5021800533,2.0,2.0,150.34890997334878,150.34890997334878,0.004329876797721122,0.004329876797721122,0.0045790183045536,1.0575400914325335,tp,69747.8978199467,69146.5021800533,0.0,0.0,True,False
BTCUSDT,5m,LONG,69706.6,69946.39621789384,69466.80378210617,2.0,2.0,119.89810894691618,119.89810894691618,0.0034400791014599363,0.0034400791014600474,0.0042090705901592,1.2235388972227152,tp,69946.39621789384,69466.80378210617,0.0,0.0,True,False
BTCUSDT,5m,LONG,70235.7,70567.10026116011,69904.29973883988,2.0,2.0,165.7001305800586,165.7001305800586,0.004718401911850023,0.004718401911849912,0.0055427652888773,1.1747124116232937,tp,70567.10026116011,69904.29973883988,0.0,0.0,True,False
BTCUSDT,5m,LONG,70262.1,70499.93609773688,70024.26390226313,2.0,2.0,118.91804886843602,118.91804886843602,0.003384984191148188,0.003384984191148188,0.003593687066,1.0616554946984906,tp,70499.93609773688,70024.26390226313,0.0,0.0,True,False
BTCUSDT,5m,SHORT,68149.0,67876.39517597794,68421.60482402206,2.0,2.0,136.30241201102763,136.30241201102763,0.0040001294813137855,0.0040001294813138966,0.0041526654829858,1.0381327660478419,tp,67876.39517597794,68421.60482402206,0.0,0.0,True,False
BTCUSDT,5m,SHORT,68199.9,67961.31677898121,68438.48322101877,2.0,2.0,119.29161050939001,119.29161050939001,0.003498292827684213,0.003498292827684102,0.0019164250973974,0.5478172330890974,sl,67961.31677898121,68438.48322101877,0.0,0.0,False,False
BTCUSDT,5m,LONG,68606.9,68861.0606638677,68352.73933613229,2.0,2.0,127.080331933852,127.080331933852,0.0037045933261479203,0.0037045933261480313,0.0008293626442822,0.22387413982213833,sl,68861.0606638677,68352.73933613229,0.0,0.0,False,False
BTCUSDT,5m,SHORT,68080.0,67845.71383199931,68314.28616800069,2.0,2.0,117.14308400034497,117.14308400034497,0.0034413361927245756,0.0034413361927245756,0.0037323736780259,1.084571070364068,tp,67845.71383199931,68314.28616800069,0.0,0.0,True,False
BTCUSDT,5m,SHORT,67899.1,67361.83961907412,68436.3603809259,2.0,2.0,268.6301904629436,268.6301904629436,0.007912628899733432,0.00791262889973332,0.0127866201466589,1.6159762208852824,tp,67361.83961907412,68436.3603809259,0.0,0.0,True,False
BTCUSDT,5m,SHORT,67754.2,67268.59923347391,68239.80076652608,2.0,2.0,242.80038326304202,242.80038326304202,0.0071670946823382264,0.0071670946823383375,0.0048380764587288,0.6750401206016164,time,67268.59923347391,68239.80076652608,0.0,0.0,False,False
BTCUSDT,5m,SHORT,67470.2,67272.73796574147,67667.66203425852,2.0,2.0,98.73101712926291,98.73101712926291,0.002926655534717937,0.002926655534717826,0.0004698370539882,0.16053718943506676,sl,67272.73796574147,67667.66203425852,0.0,0.0,False,False
BTCUSDT,5m,LONG,67893.5,68074.73455352084,67712.26544647916,2.0,2.0,90.6172767604221,90.6172767604221,0.002669394765637989,0.002669394765637989,0.0003667508671668,0.1373910190758713,sl,68074.73455352084,67712.26544647916,0.0,0.0,False,False
BTCUSDT,5m,LONG,67813.8,68005.04610274648,67622.55389725353,2.0,2.0,95.6230513732371,95.6230513732371,0.002820164962684224,0.002820164962684224,1.4746261084214252e-06,0.0005228864722217813,sl,68005.04610274648,67622.55389725353,0.0,0.0,False,False
BTCUSDT,5m,LONG,66931.8,67124.48929447267,66739.11070552733,2.0,2.0,96.34464723633573,96.34464723633573,0.0028788900712766186,0.0028788900712766186,0.0036156206765692,1.2559078627708367,tp,67124.48929447267,66739.11070552733,0.0,0.0,True,False
BTCUSDT,5m,SHORT,66568.0,66080.33658458013,67055.66341541987,2.0,2.0,243.83170770993456,243.83170770993456,0.0073257934055381835,0.0073257934055381835,0.008532628289869,1.1647377720778298,tp,66080.33658458013,67055.66341541987,0.0,0.0,True,False
BTCUSDT,5m,LONG,66739.6,66944.45846709823,66534.74153290178,2.0,2.0,102.42923354911181,102.42923354911181,0.003069518952738992,0.003069518952739103,0.0035406265545491,1.153479294007854,tp,66944.45846709823,66534.74153290178,0.0,0.0,True,False
BTCUSDT,5m,LONG,68226.0,68451.29466189875,68000.70533810125,2.0,2.0,112.64733094937401,112.64733094937401,0.0033021818939809044,0.0033021818939810155,0.0043634391580921,1.32138061990032,tp,68451.29466189875,68000.70533810125,0.0,0.0,True,False
BTCUSDT,5m,LONG,68356.0,68505.05822952278,68206.94177047722,2.0,2.0,74.52911476138979,74.52911476138979,0.0021806166177480435,0.0021806166177479325,0.0004856925507636,0.22273174789669456,sl,68505.05822952278,68206.94177047722,0.0,0.0,False,False
BTCUSDT,5m,SHORT,65157.6,64924.839736653616,65390.36026334638,2.0,2.0,116.3801316731915,116.3801316731915,0.0035722657578913797,0.0035722657578913797,0.0002563016440138,0.07174764180061691,sl,64924.839736653616,65390.36026334638,0.0,0.0,False,False
BTCUSDT,5m,SHORT,65269.5,65024.94270925042,65514.05729074958,2.0,2.0,122.27864537479036,122.27864537479036,0.003746884697287123,0.003746884697287012,0.0004182658056213,0.11163028473337844,sl,65024.94270925042,65514.05729074958,0.0,0.0,False,False
BTCUSDT,5m,SHORT,64750.1,64441.73191481034,65058.468085189656,2.0,2.0,154.1840425948285,154.1840425948285,0.0047624341149998806,0.0047624341149998806,0.0041065573643901,0.862281191766199,time,64441.73191481034,65058.468085189656,0.0,0.0,False,False
BTCUSDT,5m,LONG,64142.7,64415.244389079766,63870.15561092023,2.0,2.0,136.27219453988437,136.27219453988437,0.004249032065687386,0.004249032065687386,0.0013064619980138,0.30747284977301,sl,64415.244389079766,63870.15561092023,0.0,0.0,False,False
BTCUSDT,5m,LONG,65373.4,65740.33597914026,65006.46402085974,2.0,2.0,183.46798957013016,183.46798957013016,0.005612924815601827,0.005612924815601716,0.0038869020121333,0.6924913730055975,sl,65740.33597914026,65006.46402085974,0.0,0.0,False,False
BTCUSDT,5m,LONG,68630.1,69073.36301798774,68186.83698201228,2.0,2.0,221.63150899386528,221.63150899386528,0.00645872609813658,0.006458726098136691,0.0,0.0,sl,69073.36301798774,68186.83698201228,0.0,0.0,False,False
BTCUSDT,5m,SHORT,67490.8,67007.82052346658,67973.77947653343,2.0,2.0,241.48973826671136,241.48973826671136,0.007156226871416926,0.007156226871416926,0.0049028904680342,0.6851222796774513,time,67007.82052346658,67973.77947653343,0.0,0.0,False,False
BTCUSDT,5m,SHORT,67474.1,67174.65329699179,67773.54670300822,2.0,2.0,149.723351504108,149.723351504108,0.004437950309944316,0.004437950309944316,0.0061090107167048,1.3765387825582598,tp,67174.65329699179,67773.54670300822,0.0,0.0,True,False
BTCUSDT,5m,SHORT,65639.5,65387.06172963893,65891.93827036108,2.0,2.0,126.21913518053407,126.2191351805377,0.003845828660502759,0.003845828660502759,0.0041590810411413,1.0814525056344007,tp,65387.06172963893,65891.93827036108,0.0,0.0,True,False
BTCUSDT,5m,SHORT,65793.4,65475.03931875437,66111.76068124562,2.0,2.0,159.18034062281367,159.18034062281367,0.004838793575732914,0.004838793575733025,0.0019926010815673,0.41179708338053833,time,65475.03931875437,66111.76068124562,0.0,0.0,False,False
BTCUSDT,5m,SHORT,64116.1,63773.30191875448,64458.89808124552,2.0,2.0,171.39904062276037,171.39904062276037,0.005346521096035506,0.005346521096035506,0.005928308178445,1.1088160080095626,tp,63773.30191875448,64458.89808124552,0.0,0.0,True,False
BTCUSDT,5m,LONG,67080.5,67348.82090106231,66812.17909893769,2.0,2.0,134.16045053115522,134.16045053115522,0.003999983617628322,0.003999983617628211,0.000858669807172,0.21466833098709642,sl,67348.82090106231,66812.17909893769,0.0,0.0,False,False
BTCUSDT,5m,LONG,68971.4,69290.13213870735,68652.66786129263,2.0,2.0,159.36606935368036,159.36606935368036,0.004621221821035304,0.004621221821035415,0.0001406380035784,0.030433077879583915,sl,69290.13213870735,68652.66786129263,0.0,0.0,False,False
BTCUSDT,5m,SHORT,67210.4,66861.15240993573,67559.64759006425,2.0,2.0,174.62379503213015,174.62379503213015,0.00519633256258345,0.00519633256258345,0.0005951459893111,0.1145319284597929,sl,66861.15240993573,67559.64759006425,0.0,0.0,False,False
BTCUSDT,5m,SHORT,67503.5,67066.94797544782,67940.05202455218,2.0,2.0,218.2760122760883,218.2760122760883,0.006467102069554587,0.006467102069554587,0.0067196515736221,1.0390514176753836,tp,67066.94797544782,67940.05202455218,0.0,0.0,True,False
BTCUSDT,5m,LONG,68009.0,68468.5084451717,67549.4915548283,2.0,2.0,229.75422258584877,229.75422258584877,0.006756582881261242,0.006756582881261242,0.0070064256201385,1.036977676921595,tp,68468.5084451717,67549.4915548283,0.0,0.0,True,False
BTCUSDT,5m,SHORT,71430.5,71085.3936452832,71775.6063547168,2.0,2.0,172.55317735840072,172.55317735840072,0.004831358519355233,0.004831358519355122,0.0051350613533435,1.0628607528858771,tp,71085.3936452832,71775.6063547168,0.0,0.0,True,False
BTCUSDT,5m,SHORT,71217.0,70878.34477458535,71555.65522541465,2.0,2.0,169.3276127073259,169.3276127073259,0.004755258230684456,0.004755258230684456,0.0036788968925958,0.7736481835743065,time,70878.34477458535,71555.65522541465,0.0,0.0,False,False
BTCUSDT,5m,SHORT,68313.0,68061.4323577776,68564.5676422224,2.0,2.0,125.783821111203,125.783821111203,0.003682573481217477,0.003682573481217366,0.0037079326043359,1.006886250402813,time,68061.4323577776,68564.5676422224,0.0,0.0,True,True
BTCUSDT,5m,SHORT,68320.1,68164.04893527037,68476.15106472964,2.0,2.0,78.02553236481617,78.02553236481617,0.002284116456645058,0.0022841164566449468,0.0002707841469787,0.11855093736176286,sl,68164.04893527037,68476.15106472964,0.0,0.0,False,False
BTCUSDT,5m,SHORT,67939.5,67741.15028664774,68137.84971335226,2.0,2.0,99.17485667613073,99.17485667613073,0.0029195050501146236,0.0029195050501145126,0.0038931696582989,1.3335033135654446,tp,67741.15028664774,68137.84971335226,0.0,0.0,True,False
BTCUSDT,5m,SHORT,68027.0,67826.34004497009,68227.65995502991,2.0,2.0,100.32997751495714,100.32997751495714,0.002949710483042267,0.002949710483042267,0.0030429094330192,1.0315959652693811,tp,67826.34004497009,68227.65995502991,0.0,0.0,True,False
BTCUSDT,5m,SHORT,67146.7,66915.82129109034,67377.57870890966,2.0,2.0,115.4393544548293,115.4393544548293,0.0034384222740605486,0.0034384222740604375,0.0021490259387282,0.6250034950449361,sl,66915.82129109034,67377.57870890966,0.0,0.0,False,False
BTCUSDT,5m,LONG,67526.7,67770.87669324742,67282.52330675257,2.0,2.0,122.08834662371373,122.08834662371373,0.0036160021628099948,0.0036160021628101058,0.0038873512255152,1.0750411782094567,tp,67770.87669324742,67282.52330675257,0.0,0.0,True,False
BTCUSDT,5m,LONG,67463.9,67717.67221762062,67210.12778237936,2.0,2.0,126.88610881031491,126.88610881031491,0.003761600168692203,0.003761600168692092,0.0023582982899003,0.6269401808114579,sl,67717.67221762062,67210.12778237936,0.0,0.0,False,False
BTCUSDT,5m,SHORT,67116.8,66874.21616614828,67359.38383385172,2.0,2.0,121.29191692586028,121.29191692586028,0.0036143533936617844,0.0036143533936618955,0.0007047415848193,0.19498413908699452,sl,66874.21616614828,67359.38383385172,0.0,0.0,False,False
BTCUSDT,5m,SHORT,66576.7,66180.94287466328,66972.45712533672,2.0,2.0,197.87856266836025,197.87856266836025,0.00594437881926746,0.00594437881926746,0.001499022931446,0.2521748658728194,sl,66180.94287466328,66972.45712533672,0.0,0.0,False,False
BTCUSDT,5m,LONG,67148.1,67459.17474184494,66837.02525815507,2.0,2.0,155.53737092246593,155.53737092246593,0.004632666327787804,0.004632666327787804,0.0020536694262383,0.4433018225206326,sl,67459.17474184494,66837.02525815507,0.0,0.0,False,False
BTCUSDT,5m,LONG,67571.2,67901.97685245662,67240.42314754338,2.0,2.0,165.38842622830998,165.38842622830998,0.0048952342485648614,0.00489523424856475,0.005864924701648,1.1980886723382895,tp,67901.97685245662,67240.42314754338,0.0,0.0,True,False
BTCUSDT,5m,LONG,68711.5,69029.58477131279,68393.41522868721,2.0,2.0,159.0423856563939,159.0423856563939,0.004629279979520007,0.004629279979520007,0.0018672274655625,0.4033515954582868,sl,69029.58477131279,68393.41522868721,0.0,0.0,False,False
BTCUSDT,5m,LONG,70450.1,70720.3521032518,70179.84789674821,2.0,2.0,135.12605162589898,135.12605162589898,0.0038360783483883942,0.0038360783483883942,0.0053626609472518,1.3979539676254922,tp,70720.3521032518,70179.84789674821,0.0,0.0,True,False
BTCUSDT,5m,LONG,70633.8,71154.70367387291,70112.8963261271,2.0,2.0,260.4518369364523,260.4518369364523,0.007374708338966585,0.007374708338966696,0.0041339981708473,0.5605642936418277,sl,71154.70367387291,70112.8963261271,0.0,0.0,False,False
BTCUSDT,5m,SHORT,70017.1,69717.37476523069,70316.82523476932,2.0,2.0,149.86261738465691,149.86261738465691,0.004280743343687665,0.004280743343687776,0.0037262325917527,0.8704639107241409,time,69717.37476523069,70316.82523476932,0.0,0.0,False,False
BTCUSDT,5m,SHORT,69942.4,69715.80457888063,70168.99542111935,2.0,2.0,113.29771055968013,113.29771055968013,0.003239743290469832,0.003239743290469832,0.0009493526101476,0.293033282278956,sl,69715.80457888063,70168.99542111935,0.0,0.0,False,False
BTCUSDT,5m,LONG,70388.2,70677.3174715276,70099.0825284724,2.0,2.0,144.55873576379963,144.55873576379963,0.004107470734123098,0.004107470734122987,0.0043274298817132,1.0535509956925015,tp,70677.3174715276,70099.0825284724,0.0,0.0,True,False
BTCUSDT,5m,LONG,70331.7,70599.3767309498,70064.02326905019,2.0,2.0,133.838365474905,133.838365474905,0.003805918681758058,0.003805918681758169,0.0019095230173592,0.5017245971417179,time,70599.3767309498,70064.02326905019,0.0,0.0,False,False
BTCUSDT,5m,LONG,71089.2,71445.81398142758,70732.58601857242,2.0,2.0,178.30699071379058,178.30699071379058,0.005016429801257827,0.005016429801257827,0.0052567759941031,1.0479118022911451,tp,71445.81398142758,70732.58601857242,0.0,0.0,True,False
BTCUSDT,5m,LONG,71209.5,71457.81603616859,70961.18396383141,2.0,2.0,124.15801808429387,124.15801808429387,0.0034871195018724155,0.0034871195018725265,0.0037129877333781,1.0647721511649957,tp,71457.81603616859,70961.18396383141,0.0,0.0,True,False
BTCUSDT,5m,LONG,72338.5,72924.04643499674,71752.95356500326,2.0,2.0,292.77321749836847,292.77321749836847,0.008094533823575834,0.008094533823575834,0.0067695625427676,0.8363128365775466,sl,72924.04643499674,71752.95356500326,0.0,0.0,False,False
BTCUSDT,5m,SHORT,70965.6,70777.60962170179,71153.59037829822,2.0,2.0,93.99518914910732,93.99518914910732,0.0026490352832669872,0.0026490352832670983,0.0006876571183785,0.2595877535955014,sl,70777.60962170179,71153.59037829822,0.0,0.0,False,False
BTCUSDT,5m,LONG,71540.6,71689.86322714284,71391.33677285718,2.0,2.0,74.63161357141507,74.63161357141507,0.002086412850085484,0.002086412850085595,0.0015292016002101,0.7329333694179682,sl,71689.86322714284,71391.33677285718,0.0,0.0,False,False
BTCUSDT,5m,LONG,73327.9,73651.22364135092,73004.57635864906,2.0,2.0,161.6618206754647,161.6618206754647,0.0044092854336608145,0.0044092854336607035,0.0001786495999477,0.040516678413213075,sl,73651.22364135092,73004.57635864906,0.0,0.0,False,False
BTCUSDT,5m,SHORT,74079.2,73807.48362434769,74350.9163756523,2.0,2.0,135.85818782615388,135.85818782615388,0.00366791725143234,0.003667917251432451,0.0046072311796024,1.256089181892872,tp,73807.48362434769,74350.9163756523,0.0,0.0,True,False
BTCUSDT,5m,SHORT,74031.3,73605.73955698818,74456.86044301183,2.0,2.0,212.78022150591278,212.78022150591278,0.005748385385800692,0.005748385385800692,0.0002134232412506,0.037127510931640906,sl,73605.73955698818,74456.86044301183,0.0,0.0,False,False
BTCUSDT,5m,LONG,74330.1,74551.07528097979,74109.12471902023,2.0,2.0,110.4876404898896,110.4876404898896,0.002972890941620898,0.002972890941620898,0.0003484456498779,0.11720767990497434,sl,74551.07528097979,74109.12471902023,0.0,0.0,False,False
BTCUSDT,5m,SHORT,74098.3,73918.82530203616,74277.77469796385,2.0,2.0,89.73734898192197,89.73734898192197,0.002422116269386043,0.002422116269386043,0.0037558216585266,1.5506364025533026,tp,73918.82530203616,74277.77469796385,0.0,0.0,True,False
BTCUSDT,5m,SHORT,71886.9,71514.94427684126,72258.85572315873,2.0,2.0,185.97786157936935,185.97786157936935,0.005174179484144337,0.005174179484144448,0.0062653974507176,1.2108968136720368,tp,71514.94427684126,72258.85572315873,0.0,0.0,True,False
BTCUSDT,5m,SHORT,71287.3,71057.57025145434,71517.02974854567,2.0,2.0,114.86487427283282,114.86487427283282,0.0032225901183754457,0.0032225901183753347,0.0033512280588549,1.0399175618847558,tp,71057.57025145434,71517.02974854567,0.0,0.0,True,False
BTCUSDT,5m,SHORT,71221.0,70995.23867180539,71446.76132819461,2.0,2.0,112.88066409730527,112.88066409730527,0.003169870237635153,0.003169870237635042,0.0030875724856431,0.9740375012784592,sl,70995.23867180539,71446.76132819461,0.0,0.0,False,False
BTCUSDT,5m,SHORT,70413.5,70050.53870927988,70776.46129072012,2.0,2.0,181.48064536006132,181.48064536006132,0.0051547116777339586,0.0051547116777339586,0.0053782300269124,1.0433619498339626,tp,70050.53870927988,70776.46129072012,0.0,0.0,True,False
BTCUSDT,5m,SHORT,70041.3,69596.11990235279,70486.48009764722,2.0,2.0,222.5900488236075,222.5900488236075,0.006355965660934548,0.006355965660934659,0.0068859372969948,1.083381765152949,tp,69596.11990235279,70486.48009764722,0.0,0.0,True,False
BTCUSDT,5m,LONG,70191.7,70434.6780234432,69948.7219765568,2.0,2.0,121.48901172159822,121.48901172159822,0.003461634686767745,0.003461634686767745,0.0001168229292066,0.03374790807740659,sl,70434.6780234432,69948.7219765568,0.0,0.0,False,False
BTCUSDT,5m,LONG,70446.7,70656.68793928593,70236.71206071407,2.0,2.0,104.99396964296466,104.99396964296466,0.002980805904122308,0.002980805904122308,0.0009510736485882,0.31906594363387164,sl,70656.68793928593,70236.71206071407,0.0,0.0,False,False
BTCUSDT,5m,LONG,70611.2,70872.47922020718,70349.92077979281,2.0,2.0,130.63961010359344,130.63961010359344,0.003700251804348076,0.003700251804348187,0.0015663237560047,0.42330193695579066,sl,70872.47922020718,70349.92077979281,0.0,0.0,False,False
BTCUSDT,5m,SHORT,70106.5,69742.2202126818,70470.7797873182,2.0,2.0,182.13989365909947,182.13989365909947,0.00519609147965161,0.00519609147965161,0.0057797779093236,1.1123318232478703,tp,69742.2202126818,70470.7797873182,0.0,0.0,True,False
BTCUSDT,5m,LONG,70440.1,70606.37046880323,70273.82953119678,2.0,2.0,83.13523440161225,83.13523440161225,0.002360451913089534,0.002360451913089645,0.0032552480760247,1.3790783273208014,tp,70606.37046880323,70273.82953119678,0.0,0.0,True,False
BTCUSDT,5m,SHORT,69314.7,68991.54684860856,69637.85315139143,2.0,2.0,161.57657569571893,161.57657569571893,0.0046621157040488415,0.0046621157040489525,0.0033816780567468,0.7253526663463032,time,68991.54684860856,69637.85315139143,0.0,0.0,False,False
BTCUSDT,5m,SHORT,68787.9,68535.81211398079,69039.9878860192,2.0,2.0,126.04394300960121,126.04394300960121,0.0036647126314250933,0.0036647126314250933,0.0041722454094397,1.1384918352567368,tp,68535.81211398079,69039.9878860192,0.0,0.0,True,False
BTCUSDT,5m,SHORT,68235.9,67889.43690726973,68582.36309273026,2.0,2.0,173.2315463651321,173.2315463651321,0.005077431274890021,0.005077431274890021,0.0032929880019168,0.6485539288738335,time,67889.43690726973,68582.36309273026,0.0,0.0,False,False
BTCUSDT,5m,LONG,70647.1,70961.54106157251,70332.6589384275,2.0,2.0,157.22053078625322,157.22053078625322,0.00445087005089384,0.004450870050893951,0.0046130697509167,1.0364422457111024,tp,70961.54106157251,70332.6589384275,0.0,0.0,True,False
BTCUSDT,5m,LONG,70577.5,70804.35414979611,70350.64585020389,2.0,2.0,113.42707489805616,113.42707489805616,0.0032142559568717477,0.0032142559568717477,0.003720732528072,1.1575719475972215,tp,70804.35414979611,70350.64585020389,0.0,0.0,True,False
BTCUSDT,5m,LONG,70876.4,71126.4500590449,70626.34994095509,2.0,2.0,125.02502952245413,125.02502952245413,0.003527973472762458,0.003527973472762569,0.00215586570424,0.6110776401478789,sl,71126.4500590449,70626.34994095509,0.0,0.0,False,False
BTCUSDT,5m,LONG,70877.5,71089.77016122632,70665.22983877368,2.0,2.0,106.13508061315952,106.13508061315952,0.002994887816674119,0.002994887816674119,0.0032746640330147,1.0934179286392363,tp,71089.77016122632,70665.22983877368,0.0,0.0,True,False
BTCUSDT,5m,LONG,71190.2,71523.12867070708,70857.27132929291,2.0,2.0,166.464335353543,166.464335353543,0.004676608166672924,0.004676608166673035,0.0104382344760937,2.232009632639325,tp,71523.12867070708,70857.27132929291,0.0,0.0,True,False
BTCUSDT,5m,LONG,71315.3,71720.10912255151,70910.4908774485,2.0,2.0,202.40456127575453,202.40456127575453,0.005676329238627709,0.005676329238627709,0.0030105741685163,0.5303734230264852,sl,71720.10912255151,70910.4908774485,0.0,0.0,False,False
BTCUSDT,5m,SHORT,69762.3,69308.10154237019,69989.39922881492,3.0,1.5,151.39948587660425,151.3994858766091,0.006510657728168501,0.003255328864084417,0.007816542745867,1.2005765119626177,tp,69308.10154237019,69989.39922881492,0.0,0.0,True,False
BTCUSDT,5m,SHORT,69169.2,68587.05931680779,69460.2703415961,3.0,1.5,194.04689439740227,194.04689439740227,0.008416183549791012,0.0042080917748954505,0.0090603910410991,1.0765438975394122,tp,68587.05931680779,69460.2703415961,0.0,0.0,True,False
BTCUSDT,5m,LONG,67390.6,67889.01755791288,67141.39122104357,3.0,1.5,166.13918597095957,166.13918597095957,0.007395950739611745,0.0036979753698058726,0.0011782058625386,0.1593041792758683,sl,67889.01755791288,67141.39122104357,0.0,0.0,False,False
BTCUSDT,5m,SHORT,66778.1,66433.68174362105,66950.30912818949,3.0,1.5,114.8060854596503,114.80608545965515,0.005157652828980619,0.002578826414490365,0.0052277617961578,1.0135931923884527,tp,66433.68174362105,66950.30912818949,0.0,0.0,True,False
BTCUSDT,5m,SHORT,66980.0,66833.90037784836,67053.04981107582,3.0,1.5,48.69987405054659,48.69987405054659,0.0021812424925595764,0.0010906212462797882,0.0007748581666168,0.3552370583554622,sl,66833.90037784836,67053.04981107582,0.0,0.0,False,False
BTCUSDT,5m,LONG,68813.9,69128.84702478148,68656.42648760925,3.0,1.5,104.98234159382991,104.98234159382991,0.004576793711466465,0.0022883968557332324,0.005477091110953,1.1967091934318508,tp,69128.84702478148,68656.42648760925,0.0,0.0,True,False
BTCUSDT,5m,LONG,69370.0,69654.22405198682,69227.88797400659,3.0,1.5,94.74135066227366,94.74135066227366,0.004097218566913918,0.002048609283456959,0.0021824996396135,0.5326783533682433,sl,69654.22405198682,69227.88797400659,0.0,0.0,False,False
BTCUSDT,5m,LONG,69309.9,69887.2749702297,69021.21251488513,3.0,1.5,192.45832340990214,192.45832340990697,0.008330339103500561,0.004165169551750281,0.0093118010558377,1.1178177670972256,tp,69887.2749702297,69021.21251488513,0.0,0.0,True,False
BTCUSDT,5m,LONG,71775.1,72366.31848771467,71479.49075614267,3.0,1.5,197.07282923822154,197.0728292382264,0.008237097373805957,0.00411854868690309,0.0080097415398932,0.972398549683806,time,72366.31848771467,71479.49075614267,0.0,0.0,False,False
BTCUSDT,5m,LONG,72821.1,73156.13945556869,72653.58027221567,3.0,1.5,111.67981852289329,111.67981852289329,0.00460085683364686,0.00230042841682343,0.0014267842699436,0.31011272933104117,sl,73156.13945556869,72653.58027221567,0.0,0.0,False,False
BTCUSDT,5m,LONG,73064.5,73404.059563669,72894.7202181655,3.0,1.5,113.18652122299925,113.18652122299925,0.0046473946125547005,0.0023236973062773503,0.0002162472883548,0.046530864362285686,sl,73404.059563669,72894.7202181655,0.0,0.0,False,False
BTCUSDT,5m,SHORT,71078.8,70839.00063864859,71198.69968067571,3.0,1.5,79.9331204504706,79.9331204504706,0.00337371144914389,0.001686855724571945,0.0009679398076501,0.2869065189009343,sl,70839.00063864859,71198.69968067571,0.0,0.0,False,False
BTCUSDT,5m,LONG,74188.1,74386.82433761202,74088.737831194,3.0,1.5,66.24144587067228,66.24144587067228,0.0026786551699264916,0.0013393275849632458,0.0031258382409037,1.1669431272818442,tp,74386.82433761202,74088.737831194,0.0,0.0,True,False
BTCUSDT,5m,LONG,74597.1,75236.9434294113,74277.17828529436,3.0,1.5,213.2811431370986,213.2811431370986,0.008577323105205092,0.004288661552602546,0.0040966739993912,0.47761684492276624,sl,75236.9434294113,74277.17828529436,0.0,0.0,False,False
BTCUSDT,5m,SHORT,74098.9,73770.85520312694,74262.92239843652,3.0,1.5,109.34826562435289,109.34826562435289,0.004427121008180435,0.002213560504090273,0.0045736171522113,1.0330906121066423,tp,73770.85520312694,74262.92239843652,0.0,0.0,True,False
BTCUSDT,5m,LONG,77159.2,77853.61904210589,76811.99047894705,3.0,1.5,231.47301403529613,231.47301403530096,0.008999821694702481,0.004499910847351352,0.0059539238353949,0.6615601994536767,time,77853.61904210589,76811.99047894705,0.0,0.0,False,False
BTCUSDT,5m,SHORT,75395.7,75137.93404977265,75524.58297511368,3.0,1.5,85.92198340911516,85.92198340912,0.0034188415284605034,0.0017094207642303072,0.0016592458190585,0.4853239921318186,sl,75137.93404977265,75524.58297511368,0.0,0.0,False,False
BTCUSDT,5m,SHORT,74559.9,74135.12579572955,74772.28710213522,3.0,1.5,141.59140142348284,141.59140142348284,0.005697086560878528,0.002848543280439264,0.004090670722466,0.718028535946133,time,74135.12579572955,74772.28710213522,0.0,0.0,False,False
BTCUSDT,5m,LONG,75956.9,76326.85797858074,75771.92101070963,3.0,1.5,123.31932619358122,123.31932619357637,0.004870630299298018,0.002435315149648898,0.0005740097344679,0.11785122236656506,sl,76326.85797858074,75771.92101070963,0.0,0.0,False,False
BTCUSDT,5m,LONG,75841.6,76204.27869738275,75660.26065130864,3.0,1.5,120.89289912758007,120.89289912758007,0.004782054932685131,0.0023910274663425657,0.0034783021455242,0.7273655770347096,sl,76204.27869738275,75660.26065130864,0.0,0.0,False,False
BTCUSDT,5m,LONG,78721.5,79033.38189049193,78565.55905475403,3.0,1.5,103.96063016397723,103.96063016397723,0.0039618387669433375,0.0019809193834716687,0.0001765718386971,0.04456815359836812,sl,79033.38189049193,78565.55905475403,0.0,0.0,False,False
BTCUSDT,5m,LONG,76932.2,77170.36216384664,76813.11891807667,3.0,1.5,79.38738794888195,79.3873879488868,0.0030957409751266596,0.0015478704875634408,0.0034900860757914,1.127383105961766,tp,77170.36216384664,76813.11891807667,0.0,0.0,True,False
BTCUSDT,5m,LONG,77097.4,77466.49903879789,76912.85048060105,3.0,1.5,123.03301293263212,123.03301293263212,0.004787438211896866,0.002393719105948433,0.0016641287514235,0.34760318102656895,sl,77466.49903879789,76912.85048060105,0.0,0.0,False,False
BTCUSDT,5m,LONG,78306.8,78423.39525027841,78248.50237486081,3.0,1.5,38.86508342613524,38.86508342613039,0.0014889543472393907,0.0007444771736195843,0.0016013934932853,1.0755155094273898,tp,78423.39525027841,78248.50237486081,0.0,0.0,True,False
BTCUSDT,5m,LONG,78617.4,78888.53243649137,78481.8337817543,3.0,1.5,90.37747883045813,90.37747883045813,0.003448758627115245,0.0017243793135576224,0.0067555019626699,1.958821330537887,tp,78888.53243649137,78481.8337817543,0.0,0.0,True,False
BTCUSDT,5m,LONG,79770.0,80113.9937365619,79598.00313171906,3.0,1.5,114.6645788539657,114.66457885396085,0.004312319625948247,0.0021561598129740123,1.253604111894456e-06,0.0002907029674589109,sl,80113.9937365619,79598.00313171906,0.0,0.0,False,False
BTCUSDT,5m,LONG,79680.1,80053.1864938872,79493.5567530564,3.0,1.5,124.36216462906548,124.36216462907032,0.004682304538864646,0.002341152269432434,0.0032442228360657,0.6928688232765722,time,80053.1864938872,79493.5567530564,0.0,0.0,False,False
BTCUSDT,5m,LONG,81083.7,81538.20772416888,80856.44613791555,3.0,1.5,151.50257472296167,151.50257472296167,0.005605414209870707,0.0028027071049353536,0.0060887699993956,1.0862301645208914,tp,81538.20772416888,80856.44613791555,0.0,0.0,True,False
BTCUSDT,5m,LONG,81910.1,82361.29618386543,81684.5019080673,3.0,1.5,150.39872795514142,150.39872795514142,0.00550843160813419,0.002754215804067095,0.001341714880094,0.2435747551286135,sl,82361.29618386543,81684.5019080673,0.0,0.0,False,False
BTCUSDT,5m,LONG,81296.0,81720.43068409049,80871.56931590951,2.0,2.0,212.21534204524505,212.21534204524505,0.00522080648605705,0.00522080648605705,0.0052708620350324,1.0095877043343842,time,81720.43068409049,80871.56931590951,0.0,0.0,True,True
BTCUSDT,5m,SHORT,79550.0,79349.15264016476,79750.84735983524,2.0,2.0,100.42367991762148,100.42367991762148,0.00252479396398797,0.002524793963987859,0.0004776869893148,0.18919840435624394,sl,79349.15264016476,79750.84735983524,0.0,0.0,False,False
BTCUSDT,5m,SHORT,79723.7,79527.75251863145,79919.64748136855,2.0,2.0,97.97374068427598,97.97374068427598,0.0024578322552585297,0.0024578322552584186,0.0027043401146709,1.1002948264207075,tp,79527.75251863145,79919.64748136855,0.0,0.0,True,False
BTCUSDT,5m,SHORT,78189.9,78024.57528495097,78355.22471504901,2.0,2.0,82.6623575245103,82.6623575245103,0.0021143998783604845,0.0021143998783605955,0.0019938636575822,0.942992703503299,time,78024.57528495097,78355.22471504901,0.0,0.0,False,False
BTCUSDT,5m,SHORT,78090.1,77970.53165331118,78209.66834668884,2.0,2.0,59.78417334441474,59.78417334441474,0.0015311588368925877,0.0015311588368926987,0.0009886016281194,0.6456558289705063,sl,77970.53165331118,78209.66834668884,0.0,0.0,False,False
BTCUSDT,5m,SHORT,77135.2,76946.5562603545,77323.8437396455,2.0,2.0,94.32186982275016,94.32186982275016,0.0024456245611017557,0.0024456245611017557,4.5374874246777086e-05,0.0185534913937631,sl,76946.5562603545,77323.8437396455,0.0,0.0,False,False
BTCUSDT,5m,SHORT,75629.9,75519.80161155738,75739.9983884426,2.0,2.0,55.04919422130479,55.04919422130479,0.0014557521356316494,0.0014557521356317604,0.0018749198399044,1.2879389245002715,tp,75519.80161155738,75739.9983884426,0.0,0.0,True,False
BTCUSDT,5m,SHORT,74915.1,74811.66550456385,75018.53449543616,2.0,2.0,51.71724771807931,51.71724771807931,0.0013806895463819302,0.0013806895463819302,0.0006340510791549,0.459227840767259,sl,74811.66550456385,75018.53449543616,0.0,0.0,False,False
BTCUSDT,5m,LONG,77318.2,77437.81879903827,77198.58120096172,2.0,2.0,59.809399519137514,59.809399519137514,0.001547097566139355,0.001547097566139355,0.0013062901102198,0.8443488884023852,time,77437.81879903827,77198.58120096172,0.0,0.0,False,False
BTCUSDT,5m,LONG,77409.2,77525.23842314407,77293.16157685593,2.0,2.0,58.01921157203469,58.01921157203469,0.0014990262545546695,0.0014990262545546695,0.0010644729567029,0.7101096151375503,sl,77525.23842314407,77293.16157685593,0.0,0.0,False,False
BTCUSDT,5m,SHORT,75244.9,75046.76515810678,75443.03484189321,2.0,2.0,99.06742094660876,99.06742094660876,0.0026331996174254746,0.0026331996174253636,0.0050156223212469,1.9047634247155032,tp,75046.76515810678,75443.03484189321,0.0,0.0,True,False
BTCUSDT,5m,SHORT,73381.2,73174.92771680941,73587.47228319058,2.0,2.0,103.13614159529243,103.13614159529243,0.002810969065517921,0.002810969065518032,0.0029135527900879,1.036494078084448,tp,73174.92771680941,73587.47228319058,0.0,0.0,True,False
BTCUSDT,5m,SHORT,71707.3,71403.11126359932,72011.48873640069,2.0,2.0,152.0943682003417,152.0943682003417,0.004242088830574864,0.004242088830574975,0.0048976882409461,1.1545463653768875,tp,71403.11126359932,72011.48873640069,0.0,0.0,True,False
BTCUSDT,5m,LONG,63949.2,64122.26900986181,63776.13099013819,2.0,2.0,86.53450493090713,86.5345049309035,0.0027063514455507587,0.0027063514455506477,0.0028929212562471,1.0689377615767761,tp,64122.26900986181,63776.13099013819,0.0,0.0,True,False
BTCUSDT,5m,LONG,66380.1,66638.66314855222,66121.53685144779,2.0,2.0,129.28157427610859,129.28157427610859,0.0038951907055309043,0.0038951907055310153,0.0042844165646028,1.0999247247430586,tp,66638.66314855222,66121.53685144779,0.0,0.0,True,False
BTCUSDT,5m,SHORT,66075.3,65827.58864140642,66323.01135859359,2.0,2.0,123.85567929679382,123.85567929679382,0.003748925220068422,0.003748925220068422,0.0046658887663015,1.2445937148397808,tp,65827.58864140642,66323.01135859359,0.0,0.0,True,False
BTCUSDT,5m,SHORT,64217.8,64039.43783985936,64396.16216014064,2.0,2.0,89.1810800703206,89.18108007031697,0.0027774567197980105,0.0027774567197977884,9.810364104660872e-05,0.03532139325423702,sl,64039.43783985936,64396.16216014064,0.0,0.0,False,False
BTCUSDT,5m,SHORT,64311.9,64123.88777195231,64499.912228047695,2.0,2.0,94.00611402384675,94.00611402384675,0.002923443842394513,0.002923443842394624,0.0034394878708295,1.1765192205684065,tp,64123.88777195231,64499.912228047695,0.0,0.0,True,False
BTCUSDT,5m,LONG,64205.1,64325.02047020315,64085.17952979685,2.0,2.0,59.96023510157465,59.96023510157465,0.0018677717222330692,0.0018677717222330692,0.0020964066717441,1.1224105423534732,tp,64325.02047020315,64085.17952979685,0.0,0.0,True,False
BTCUSDT,5m,SHORT,62702.5,62381.68307743522,63023.31692256478,2.0,2.0,160.4084612823899,160.4084612823899,0.005116493322671056,0.005116493322671056,0.0054750608029983,1.0700807091330384,tp,62381.68307743522,63023.31692256478,0.0,0.0,True,False
BTCUSDT,5m,LONG,61559.3,61687.77119155769,61430.82880844232,2.0,2.0,64.23559577884225,64.23559577884225,0.0020869501693112635,0.0020869501693112635,0.0004044880302406,0.19381777111337994,sl,61687.77119155769,61430.82880844232,0.0,0.0,False,False
BTCUSDT,5m,LONG,58920.5,59112.9439798161,58728.0560201839,2.0,2.0,96.22198990804827,96.22198990804827,0.0032661633865309625,0.0032661633865309625,0.000605901171918,0.1855085310234697,sl,59112.9439798161,58728.0560201839,0.0,0.0,False,False
BTCUSDT,5m,LONG,60117.7,60376.29854239082,59859.10145760918,2.0,2.0,129.29927119541026,129.29927119541026,0.004301537523737853,0.004301537523737964,0.000949803468862,0.22080557559257585,sl,60376.29854239082,59859.10145760918,0.0,0.0,False,False
BTCUSDT,5m,LONG,60380.1,60587.86050784792,60172.33949215208,2.0,2.0,103.8802539239623,103.88025392395866,0.0034408771739020683,0.0034408771739019572,0.0040311294615279,1.171541225621973,tp,60587.86050784792,60172.33949215208,0.0,0.0,True,False
BTCUSDT,5m,LONG,61739.3,61970.03274858892,61508.567251411085,2.0,2.0,115.36637429445909,115.36637429445909,0.0037372103115669297,0.0037372103115668187,0.0049174512830563,1.3158080153628073,tp,61970.03274858892,61508.567251411085,0.0,0.0,True,False
BTCUSDT,5m,SHORT,63002.7,62864.18947537985,63141.21052462015,2.0,2.0,69.25526231007461,69.25526231007825,0.002198485535066741,0.002198485535066963,0.0030411395067195,1.3832883856691731,tp,62864.18947537985,63141.21052462015,0.0,0.0,True,False
BTCUSDT,5m,LONG,63653.8,63904.31272543243,63403.28727456758,2.0,2.0,125.2563627162126,125.2563627162126,0.003935550201754179,0.00393555020175429,0.0014798802271034,0.3760288018797926,sl,63904.31272543243,63403.28727456758,0.0,0.0,False,False
BTCUSDT,5m,SHORT,64128.1,63960.78975557565,64295.41024442435,2.0,2.0,83.65512221217432,83.65512221217432,0.002609000491583968,0.002609000491583968,0.001966376674188,0.7536896526202567,time,63960.78975557565,64295.41024442435,0.0,0.0,False,False
BTCUSDT,5m,SHORT,63014.9,62839.425194036936,63190.37480596307,2.0,2.0,87.7374029815328,87.7374029815328,0.002784655787172019,0.002784655787172019,0.0017837051237088,0.6405477947851705,sl,62839.425194036936,63190.37480596307,0.0,0.0,False,False
BTCUSDT,5m,LONG,64503.3,64725.031155945726,64281.56884405428,2.0,2.0,110.8655779728615,110.8655779728615,0.003437516467308166,0.003437516467308277,0.0035129985597635,1.0219583217049844,tp,64725.031155945726,64281.56884405428,0.0,0.0,True,False
BTCUSDT,5m,LONG,64648.9,64744.49143148368,64553.30856851632,2.0,2.0,47.79571574183865,47.79571574184229,0.0014786242532149885,0.0014786242532152105,0.0019536295281125,1.3212481290393436,tp,64744.49143148368,64553.30856851632,0.0,0.0,True,False
BTCUSDT,5m,LONG,65076.6,65305.88987993874,64847.31012006126,2.0,2.0,114.64493996937017,114.64493996937017,0.003523384441392663,0.003523384441392774,0.0055119658986487,1.564395254146614,tp,65305.88987993874,64847.31012006126,0.0,0.0,True,False
BTCUSDT,5m,LONG,66330.0,66487.6900879834,66172.3099120166,2.0,2.0,78.84504399169964,78.84504399169964,0.002377356972461886,0.002377356972461886,0.0027709935172622,1.1655773825134395,tp,66487.6900879834,66172.3099120166,0.0,0.0,True,False
BTCUSDT,5m,SHORT,66004.1,65800.53633319796,66207.66366680205,2.0,2.0,101.7818334010226,101.7818334010226,0.003084106393421715,0.003084106393421715,0.0049602979208868,1.6083420246029554,tp,65800.53633319796,66207.66366680205,0.0,0.0,True,False
BTCUSDT,5m,SHORT,65027.8,64867.55985476959,65188.040145230414,2.0,2.0,80.12007261520557,80.12007261520557,0.002464179093101926,0.002464179093101926,0.0007366080353326,0.29892633915879574,sl,64867.55985476959,65188.040145230414,0.0,0.0,False,False
BTCUSDT,5m,LONG,64254.0,64312.10200067047,64195.89799932953,2.0,2.0,29.051000335235585,29.051000335235585,0.0009042549984510373,0.0009042549984510373,0.0012901920503003,1.426801126353033,tp,64312.10200067047,64195.89799932953,0.0,0.0,True,False
BTCUSDT,5m,LONG,65217.9,65364.85637405883,65070.94362594117,2.0,2.0,73.47818702941368,73.47818702941731,0.0022533134930566856,0.0022533134930569076,0.0013109897742797,0.5818053183985972,sl,65364.85637405883,65070.94362594117,0.0,0.0,False,False
BTCUSDT,5m,SHORT,63429.8,63304.28419199037,63555.31580800963,2.0,2.0,62.75790400481492,62.75790400481492,0.0019788145005916746,0.0019788145005916746,0.0005328725614774,0.2692887894838393,sl,63304.28419199037,63555.31580800963,0.0,0.0,False,False
BTCUSDT,5m,SHORT,63514.3,63374.68661996616,63653.913380033846,2.0,2.0,69.8066900169215,69.8066900169215,0.0021981408916392775,0.0021981408916391665,0.0023443539486383,1.0665166903337042,tp,63374.68661996616,63653.913380033846,0.0,0.0,True,False
BTCUSDT,5m,LONG,63770.1,63884.52757242548,63655.67242757452,2.0,2.0,57.21378621274198,57.21378621273834,0.0017943765561836411,0.00179437655618353,0.0008750182295464,0.4876447067539866,sl,63884.52757242548,63655.67242757452,0.0,0.0,False,False
BTCUSDT,5m,SHORT,63037.9,62853.441717352805,63222.3582826472,2.0,2.0,92.22914132359801,92.22914132359801,0.002926148914338733,0.002926148914338844,0.0004425908858004,0.15125371221936568,sl,62853.441717352805,63222.3582826472,0.0,0.0,False,False
BTCUSDT,5m,SHORT,63215.6,63040.28155318668,63390.91844681332,2.0,2.0,87.6592234066593,87.6592234066593,0.002773341498195414,0.002773341498195414,0.0031305563816526,1.1288030643502152,tp,63040.28155318668,63390.91844681332,0.0,0.0,True,False
BTCUSDT,5m,SHORT,62728.0,62602.63838518212,62853.361614817884,2.0,2.0,62.68080740893856,62.6808074089422,0.0019984953261362737,0.0019984953261364957,0.0007524550439994,0.37651078496847656,time,62602.63838518212,62853.361614817884,0.0,0.0,False,False
BTCUSDT,5m,LONG,64154.3,64254.75465881291,64053.84534118709,2.0,2.0,50.22732940645437,50.22732940645801,0.0015658289282698412,0.0015658289282700633,0.0,0.0,sl,64254.75465881291,64053.84534118709,0.0,0.0,False,False
ETHUSDT,5m,LONG,1803.56,1807.9046720819647,1799.2153279180347,2.0,2.0,2.1723360409823727,2.1723360409826,0.002408942359535926,0.002408942359536259,0.0008483222071902,0.3521554610188457,sl,1807.9046720819647,1799.2153279180347,0.0,0.0,False,False
ETHUSDT,5m,LONG,1595.19,1605.785417888304,1584.594582111696,2.0,2.0,5.297708944151964,5.2977089441520775,0.006642104005356142,0.006642104005356253,0.0011660053034434,0.1755475828898708,sl,1605.785417888304,1584.594582111696,0.0,0.0,False,False
ETHUSDT,5m,LONG,1590.39,1594.4207455325843,1586.359254467416,2.0,2.0,2.015372766292103,2.015372766292103,0.002534438428677399,0.002534438428677399,0.0003269638264828,0.12900839206949155,sl,1594.4207455325843,1586.359254467416,0.0,0.0,False,False
ETHUSDT,5m,LONG,1596.59,1600.8184022518708,1592.361597748129,2.0,2.0,2.1142011259354376,2.1142011259354376,0.0026483958009702047,0.0026483958009700936,0.0029187205231149,1.1020711186921779,tp,1600.8184022518708,1592.361597748129,0.0,0.0,True,False
ETHUSDT,5m,LONG,1597.71,1602.036192514152,1593.383807485848,2.0,2.0,2.1630962570759493,2.163096257076063,0.002707745782496218,0.002707745782496329,0.0016523649473307,0.6102363663576338,sl,1602.036192514152,1593.383807485848,0.0,0.0,False,False
ETHUSDT,5m,LONG,1599.14,1604.9600121522035,1593.3199878477965,2.0,2.0,2.910006076101695,2.9100060761018085,0.00363946380692326,0.003639463806923482,0.0038583238490687,1.060135243474357,tp,1604.9600121522035,1593.3199878477965,0.0,0.0,True,False
ETHUSDT,5m,SHORT,1777.5,1768.4549660987798,1786.5450339012202,2.0,2.0,4.522516950610111,4.522516950610111,0.005088626667353102,0.005088626667353102,5.625879043595446e-06,0.0011055790513556775,sl,1768.4549660987798,1786.5450339012202,0.0,0.0,False,False
ETHUSDT,5m,SHORT,1781.71,1772.038108523948,1791.381891476052,2.0,2.0,4.835945738025998,4.835945738025998,0.0054284319423767435,0.0054284319423767435,0.0018746036111376,0.3453305910503573,sl,1772.038108523948,1791.381891476052,0.0,0.0,False,False
ETHUSDT,5m,SHORT,1777.37,1766.956140551447,1787.783859448553,2.0,2.0,5.206929724276392,5.206929724276506,0.005859139880020958,0.005859139880020958,0.0003319511412929,0.05665526819470857,sl,1766.956140551447,1787.783859448553,0.0,0.0,False,False
ETHUSDT,5m,SHORT,1803.12,1797.027548026325,1809.212451973675,2.0,2.0,3.0462259868374986,3.0462259868374986,0.0033788388868599695,0.0033788388868600805,0.000388215981188,0.11489626886257895,sl,1797.027548026325,1809.212451973675,0.0,0.0,False,False
ETHUSDT,5m,LONG,1804.24,1809.9070884151672,1798.5729115848328,2.0,2.0,2.8335442075836,2.8335442075836,0.0031409836912867917,0.0031409836912867917,0.0039518024209638,1.258141655407588,tp,1809.9070884151672,1798.5729115848328,0.0,0.0,True,False
ETHUSDT,5m,SHORT,1829.3,1824.0446105461292,1834.5553894538705,2.0,2.0,2.627694726935374,2.6276947269352604,0.00287289643791111,0.002872896437910999,0.0007926529273492,0.2759072401250704,sl,1824.0446105461292,1834.5553894538705,0.0,0.0,False,False
ETHUSDT,5m,SHORT,1833.0,1827.150607864163,1838.849392135837,2.0,2.0,2.9246960679184895,2.9246960679184895,0.0031911577391363632,0.0031911577391363632,0.0046044735406437,1.4428849706093905,tp,1827.150607864163,1838.849392135837,0.0,0.0,True,False
ETHUSDT,5m,LONG,1816.41,1822.4846713177217,1810.3353286822785,2.0,2.0,3.0373356588607976,3.0373356588607976,0.0033443282726486334,0.0033443282726485224,0.0009744496011362,0.29137378920175727,sl,1822.4846713177217,1810.3353286822785,0.0,0.0,False,False
ETHUSDT,5m,LONG,1822.8,1831.8900328042075,1813.7099671957928,2.0,2.0,4.5450164021037835,4.545016402103556,0.00498685143965738,0.004986851439657158,0.0054860653938994,1.1001060409123231,tp,1831.8900328042075,1813.7099671957928,0.0,0.0,True,False
ETHUSDT,5m,SHORT,1805.47,1796.440308989885,1814.4996910101156,2.0,2.0,4.514845505057565,4.514845505057792,0.005001296620888218,0.005001296620888551,0.00435897577916,0.8715691368823184,sl,1796.440308989885,1814.4996910101156,0.0,0.0,False,False
ETHUSDT,5m,LONG,2598.18,2611.568779367504,2589.2541470883307,1.5,1.0,8.925852911669304,8.925852911669153,0.005153137722368806,0.0034354251482457965,0.006065784510696,1.1771050644281376,tp,2611.568779367504,2589.2541470883307,0.0,0.0,True,False
ETHUSDT,5m,LONG,2539.84,2558.010406727411,2527.7263955150597,1.5,1.0,12.113604484940575,12.113604484940424,0.00715415409136444,0.0047694360609095154,0.0024529104195539,0.3428651924781342,sl,2558.010406727411,2527.7263955150597,0.0,0.0,False,False
ETHUSDT,5m,LONG,2529.47,2548.0432411006277,2517.087839266248,1.5,1.0,12.38216073375194,12.382160733751789,0.007342740218554855,0.004895160145703126,0.0002095300596568,0.028535676521324375,sl,2548.0432411006277,2517.087839266248,0.0,0.0,False,False
ETHUSDT,5m,SHORT,2453.6,2431.663087349856,2468.224608433429,1.5,1.0,14.624608433429179,14.624608433428875,0.008940704536250288,0.005960469690833525,0.0079067492663841,0.8843541618365764,sl,2431.663087349856,2468.224608433429,0.0,0.0,False,False
ETHUSDT,5m,LONG,2544.15,2555.1971244062747,2536.785250395817,1.5,1.0,7.364749604183089,7.364749604183089,0.004342167091671012,0.002894778061113934,0.0023072538961931,0.5313599977805532,sl,2555.1971244062747,2536.785250395817,0.0,0.0,False,False
ETHUSDT,5m,LONG,2538.2,2550.0195434841785,2530.3203043438807,1.5,1.0,7.879695656119111,7.879695656119111,0.00465666357425687,0.003104442382837913,0.004617445433772,0.9915780601584196,sl,2550.0195434841785,2530.3203043438807,0.0,0.0,False,False
ETHUSDT,5m,LONG,2546.99,2565.675272692691,2534.5331515382054,1.5,1.0,12.456848461794229,12.45684846179438,0.007336217532338596,0.004890811688225805,0.0066706190444407,0.9092722530426766,time,2565.675272692691,2534.5331515382054,0.0,0.0,False,False
ETHUSDT,5m,LONG,2683.69,2699.959948619124,2672.8433675872507,1.5,1.0,10.846632412749386,10.846632412749386,0.006062529062270228,0.004041686041513559,0.0068376004680122,1.1278462169469143,tp,2699.959948619124,2672.8433675872507,0.0,0.0,True,False
ETHUSDT,5m,LONG,2667.11,2678.703816577665,2659.380788948224,1.5,1.0,7.729211051776474,7.729211051776019,0.004346958534767964,0.002897972356511791,0.003625647236147,0.8340652912026301,sl,2678.703816577665,2659.380788948224,0.0,0.0,False,False
ETHUSDT,5m,LONG,2724.28,2740.5686268113336,2713.4209154591117,1.5,1.0,10.859084540888944,10.859084540888489,0.005979057516603881,0.003986038344402365,-3.6706946423342232e-06,-0.0006139252937675681,sl,2740.5686268113336,2713.4209154591117,0.0,0.0,False,False
ETHUSDT,5m,SHORT,2669.26,2655.599847362256,2678.366768425163,1.5,1.0,9.106768425162954,9.106768425162954,0.005117580392222765,0.003411720261481843,0.0058180919056218,1.1368833432423668,tp,2655.599847362256,2678.366768425163,0.0,0.0,True,False
ETHUSDT,5m,SHORT,2523.51,2516.1353259938383,2528.426449337441,1.5,1.0,4.916449337441311,4.9164493374410085,0.002922387470690402,0.0019482583137935272,0.0030790446639801,1.0536058941057151,tp,2516.1353259938383,2528.426449337441,0.0,0.0,True,False
ETHUSDT,5m,LONG,2517.3,2526.6651120910838,2511.056591939278,1.5,1.0,6.243408060722383,6.243408060722231,0.003720300357956452,0.0024802002386374866,0.0008342271481348,0.2242365045474549,sl,2526.6651120910838,2511.056591939278,0.0,0.0,False,False
ETHUSDT,5m,SHORT,2510.77,2502.345271154528,2516.3864858969814,1.5,1.0,5.61648589698143,5.61648589698143,0.0033554363185286373,0.0022369575456857582,0.004273589376964,1.2736314956613375,tp,2502.345271154528,2516.3864858969814,0.0,0.0,True,False
ETHUSDT,5m,SHORT,2496.96,2489.111400670152,2502.192399553232,1.5,1.0,5.232399553232123,5.232399553231971,0.0031432619384564875,0.0020955079589708436,0.0033160322952711,1.0549653068046414,tp,2489.111400670152,2502.192399553232,0.0,0.0,True,False
ETHUSDT,5m,LONG,2603.79,2614.9459535423657,2596.352697638423,1.5,1.0,7.437302361577167,7.437302361577167,0.0042845058711975526,0.002856337247465146,0.0005722427691942,0.13356097211608062,sl,2614.9459535423657,2596.352697638423,0.0,0.0,False,False
ETHUSDT,5m,LONG,2602.98,2615.075005860509,2594.9166627596605,1.5,1.0,8.063337240339328,8.063337240339479,0.004646599612947,0.003097733075298148,0.0005224780828128,0.11244310384673538,sl,2615.075005860509,2594.9166627596605,0.0,0.0,False,False
ETHUSDT,5m,LONG,2589.07,2600.7207153336512,2581.3028564442325,1.5,1.0,7.767143555767386,7.767143555767689,0.00449996150496168,0.0029999743366412313,0.0048820618986739,1.0849119249777834,tp,2600.7207153336512,2581.3028564442325,0.0,0.0,True,False
ETHUSDT,5m,LONG,2599.07,2606.235831875981,2594.2927787493463,1.5,1.0,4.77722125065399,4.777221250653838,0.0027570753677204074,0.0018380502451468272,8.079813163940808e-05,0.029305739184857044,sl,2606.235831875981,2594.2927787493463,0.0,0.0,False,False
ETHUSDT,5m,SHORT,2440.93,2430.1382112325023,2448.1245258449985,1.5,1.0,7.194525844998377,7.1945258449986795,0.004421179127421793,0.0029474527516146765,0.0009094894159192,0.20571195821454266,sl,2430.1382112325023,2448.1245258449985,0.0,0.0,False,False
ETHUSDT,5m,LONG,2669.91,2679.883958280271,2663.260694479819,1.5,1.0,6.64930552018086,6.64930552018086,0.003735690821140558,0.0024904605474269648,0.0037791536044286,1.0116344701338993,sl,2679.883958280271,2663.260694479819,0.0,0.0,True,True
ETHUSDT,5m,LONG,2719.99,2739.3416687422878,2707.088887505141,1.5,1.0,12.901112494858657,12.901112494858808,0.0071146102530847966,0.004743073502056605,0.0084154721157064,1.182843728095656,tp,2739.3416687422878,2707.088887505141,0.0,0.0,True,False
ETHUSDT,5m,LONG,2703.57,2723.6060117123097,2690.2126588584606,1.5,1.0,13.357341141539715,13.357341141539564,0.00741094616093152,0.0049406307739542354,0.0116253694189533,1.5686754655214024,tp,2723.6060117123097,2690.2126588584606,0.0,0.0,True,False
ETHUSDT,5m,LONG,2817.95,2838.41054436198,2804.309637092013,1.5,1.0,13.640362907986855,13.640362907986855,0.007260790419269414,0.004840526946179646,0.0031654216717827,0.4359610302732312,sl,2838.41054436198,2804.309637092013,0.0,0.0,False,False
ETHUSDT,5m,SHORT,2531.88,2517.751544291385,2541.2989704724105,1.5,1.0,9.418970472410061,9.418970472410365,0.005580223276227536,0.0037201488508185054,0.0069355577673507,1.2428817672757042,tp,2517.751544291385,2541.2989704724105,0.0,0.0,True,False
ETHUSDT,5m,LONG,2612.65,2619.914566421716,2607.8069557188564,1.5,1.0,4.8430442811438,4.843044281143648,0.002780535633060577,0.0018536904220403105,0.0015884255449448,0.5712660273288411,sl,2619.914566421716,2607.8069557188564,0.0,0.0,False,False
ETHUSDT,5m,SHORT,2507.64,2493.8899694745564,2516.8066870169623,1.5,1.0,9.16668701696229,9.166687016962442,0.005483255381730778,0.003655503587820519,0.0029589574261058,0.5396351656288916,sl,2493.8899694745564,2516.8066870169623,0.0,0.0,False,False
ETHUSDT,5m,SHORT,2536.0,2520.770105246845,2546.1532631687696,1.5,1.0,10.15326316876993,10.153263168769627,0.006005479003609926,0.00400365266907321,0.0102208201892744,1.70191589765456,tp,2520.770105246845,2546.1532631687696,0.0,0.0,True,False
ETHUSDT,5m,SHORT,2514.03,2503.9593650237634,2520.7437566508247,1.5,1.0,6.713756650824507,6.713756650824507,0.004005773589112582,0.002670515726075129,0.0003858346956879,0.0963196464065199,sl,2503.9593650237634,2520.7437566508247,0.0,0.0,False,False
ETHUSDT,5m,LONG,2535.93,2544.9889935373967,2529.8906709750686,1.5,1.0,6.039329024931249,6.039329024931249,0.0035722569382423686,0.0023815046254949124,0.0002957494883533,0.08279065405043778,sl,2544.9889935373967,2529.8906709750686,0.0,0.0,False,False
ETHUSDT,5m,SHORT,2275.52,2264.531292062429,2282.845805291714,1.5,1.0,7.325805291713853,7.325805291714005,0.004829097497526136,0.0032193983316841646,0.0036738855294614,0.760780980575246,sl,2264.531292062429,2282.845805291714,0.0,0.0,False,False
ETHUSDT,5m,LONG,2401.72,2412.34675533728,2394.6354964418133,1.5,1.0,7.08450355818665,7.084503558186498,0.004424643729194155,0.002949762486129326,0.0015863631064405,0.3585290033576147,sl,2412.34675533728,2394.6354964418133,0.0,0.0,False,False
ETHUSDT,5m,LONG,2391.79,2402.992535066201,2384.321643289199,1.5,1.0,7.468356710800738,7.46835671080089,0.0046837452561474535,0.0031224968374317097,0.0017643689454342,0.37670044994835095,sl,2402.992535066201,2384.321643289199,0.0,0.0,False,False
ETHUSDT,5m,LONG,2475.81,2484.2456680713167,2470.1862212857886,1.5,1.0,5.62377871421116,5.623778714211312,0.0034072356405849824,0.002271490427056766,0.0006826048848659,0.20033979356611353,sl,2484.2456680713167,2470.1862212857886,0.0,0.0,False,False
ETHUSDT,5m,LONG,2472.2,2481.447030122717,2466.035313251521,1.5,1.0,6.164686748478137,6.1646867484787435,0.003740405356652765,0.0024936035711021765,0.0007280964323275,0.1946570927219137,sl,2481.447030122717,2466.035313251521,0.0,0.0,False,False
ETHUSDT,5m,SHORT,2417.99,2408.834639370836,2424.093573752776,1.5,1.0,6.103573752775749,6.103573752776356,0.003786351733945814,0.0025242344892975055,0.0004797373024701,0.12670172666979318,sl,2408.834639370836,2424.093573752776,0.0,0.0,False,False
ETHUSDT,5m,SHORT,2428.33,2420.050208432334,2432.4698957838327,3.0,1.5,2.7599305225553508,2.7599305225551993,0.003409664900432041,0.0017048324502157985,0.000205902822104,0.060387993576116496,sl,2420.050208432334,2432.4698957838327,0.0,0.0,False,False
ETHUSDT,5m,LONG,2435.49,2443.195526435997,2431.6372367820013,3.0,1.5,2.568508811999133,2.5685088119989814,0.0031638505746265366,0.0015819252873132683,0.0024142985600434,0.7630886804217629,sl,2443.195526435997,2431.6372367820013,0.0,0.0,False,False
ETHUSDT,5m,SHORT,2429.77,2422.1081424743497,2433.6009287628253,3.0,1.5,2.5539525085500827,2.553952508550234,0.0031533262513119276,0.0015766631256559638,0.0027368845610901,0.8679357424406786,time,2422.1081424743497,2433.6009287628253,0.0,0.0,False,False
ETHUSDT,5m,LONG,2432.7,2437.790499586157,2430.154750206921,3.0,1.5,1.6968331953856552,1.696833195385807,0.00209253076259186,0.00104626538129593,0.002828133349776,1.3515372869706368,tp,2437.790499586157,2430.154750206921,0.0,0.0,True,False
ETHUSDT,5m,LONG,2442.76,2448.6932630999104,2439.7933684500454,3.0,1.5,1.9777543666367212,1.9777543666365698,0.0024289177405516504,0.0012144588702758252,9.41557909903402e-05,0.03876450380281538,sl,2448.6932630999104,2439.7933684500454,0.0,0.0,False,False
ETHUSDT,5m,LONG,2445.42,2452.8948617833985,2441.682569108301,3.0,1.5,2.4916205944661365,2.4916205944661365,0.003056678109853772,0.001528339054926886,0.0005602309623704,0.18328098093299097,sl,2452.8948617833985,2441.682569108301,0.0,0.0,False,False
ETHUSDT,5m,LONG,2454.79,2465.8170947932854,2449.276452603357,3.0,1.5,3.6756982644284713,3.675698264428623,0.004492072557442883,0.0022460362787215526,0.0012628371469656,0.2811257233308073,sl,2465.8170947932854,2449.276452603357,0.0,0.0,False,False
ETHUSDT,5m,LONG,2458.39,2468.775855149717,2453.197072425141,3.0,1.5,3.461951716572306,3.461951716572609,0.004224657255243125,0.0021123286276216735,0.0015253885673143,0.3610680050840042,sl,2468.775855149717,2453.197072425141,0.0,0.0,False,False
ETHUSDT,5m,LONG,2440.2,2449.3205492490392,2435.63972537548,3.0,1.5,3.040183083013138,3.0401830830132894,0.0037376236575032973,0.0018688118287517597,0.0006188017375625,0.16556020462901677,sl,2449.3205492490392,2435.63972537548,0.0,0.0,False,False
ETHUSDT,5m,SHORT,2431.09,2424.671912141882,2434.2990439290597,3.0,1.5,2.1393626193727564,2.1393626193730597,0.0026400042195551254,0.0013200021097776737,0.0101353713766254,3.8391496883036575,tp,2424.671912141882,2434.2990439290597,0.0,0.0,True,False
ETHUSDT,5m,LONG,2443.79,2459.395801450316,2435.987099274842,3.0,1.5,5.201933816771998,5.201933816771998,0.006385901182309528,0.003192950591154764,0.0119854815675651,1.8768661188757114,tp,2459.395801450316,2435.987099274842,0.0,0.0,True,False
ETHUSDT,5m,LONG,2478.0,2499.1881274876023,2467.405936256199,3.0,1.5,7.062709162534095,7.062709162534095,0.008550495354157528,0.004275247677078764,0.0128490718321227,1.5027283566530523,tp,2499.1881274876023,2467.405936256199,0.0,0.0,True,False
ETHUSDT,5m,SHORT,2449.71,2437.655158236833,2455.737420881584,3.0,1.5,4.018280587722377,4.018280587722681,0.004920926053764374,0.002460463026882298,0.0001592025178489,0.032352145939505514,sl,2437.655158236833,2455.737420881584,0.0,0.0,False,False
ETHUSDT,5m,SHORT,2447.25,2434.61500947805,2453.567495260975,3.0,1.5,4.2116635073166435,4.211663507316795,0.0051629341186841815,0.0025814670593422573,0.0004086219225661,0.07914529087003745,sl,2434.61500947805,2453.567495260975,0.0,0.0,False,False
ETHUSDT,5m,SHORT,2444.92,2432.4121621316604,2451.17391893417,3.0,1.5,4.169279289446574,4.169279289446725,0.005115847499443604,0.0025579237497219687,0.0002617672561882,0.05116791620873562,sl,2432.4121621316604,2451.17391893417,0.0,0.0,False,False
ETHUSDT,5m,SHORT,2440.21,2427.2116099101668,2446.7091950449167,3.0,1.5,4.332796696611088,4.332796696611088,0.005326750603363295,0.002663375301681592,0.0081386438052463,1.5278815193839905,tp,2427.2116099101668,2446.7091950449167,0.0,0.0,True,False
ETHUSDT,5m,LONG,2450.39,2468.5682238084487,2441.3008880957755,3.0,1.5,6.059407936149607,6.059407936149607,0.007418502282676931,0.0037092511413384655,0.0020037626663511,0.2701033968851259,sl,2468.5682238084487,2441.3008880957755,0.0,0.0,False,False
ETHUSDT,5m,SHORT,2415.85,2392.284740392898,2427.632629803551,3.0,1.5,7.855086535700593,7.855086535700745,0.009754438233790075,0.004877219116895093,0.0044704762298982,0.4583017620032847,sl,2392.284740392898,2427.632629803551,0.0,0.0,False,False
ETHUSDT,5m,SHORT,2438.71,2427.813233854623,2444.1583830726886,3.0,1.5,3.6322553817923713,3.6322553817923713,0.004468250077039548,0.0022341250385198297,0.0033993381746907,0.7607761687642471,sl,2427.813233854623,2444.1583830726886,0.0,0.0,False,False
ETHUSDT,5m,LONG,2448.96,2463.1325154264005,2441.8737422868,3.0,1.5,4.724171808800141,4.724171808800141,0.005787156763034318,0.002893578381517159,0.0092896576505945,1.6052196321918457,tp,2463.1325154264005,2441.8737422868,0.0,0.0,True,False
ETHUSDT,5m,LONG,2490.66,2514.146885382356,2478.916557308822,3.0,1.5,7.828961794118641,7.828961794118489,0.009429984575315853,0.004714992287657815,0.0198100101981001,2.100746829422738,tp,2514.146885382356,2478.916557308822,0.0,0.0,True,False
ETHUSDT,5m,SHORT,2486.72,2464.950421876791,2497.604789061604,3.0,1.5,7.256526041069567,7.256526041069567,0.008754334272941366,0.004377167136470739,0.0054891584094709,0.6270217972413109,time,2464.950421876791,2497.604789061604,0.0,0.0,False,False
ETHUSDT,5m,SHORT,2515.28,2508.135190646404,2518.8524046767984,3.0,1.5,2.3816031178653247,2.381603117865476,0.002840562225118415,0.0014202811125594295,0.0031169492064502,1.0973000974552718,tp,2508.135190646404,2518.8524046767984,0.0,0.0,True,False
ETHUSDT,5m,SHORT,2506.28,2498.87205020075,2509.983974899625,3.0,1.5,2.469316599750073,2.4693165997499213,0.0029557550629818463,0.0014778775314907566,0.0016079608024642,0.5440101659986823,sl,2498.87205020075,2509.983974899625,0.0,0.0,False,False
ETHUSDT,5m,LONG,2514.73,2520.8651671160846,2511.6624164419577,3.0,1.5,2.0450557053615435,2.0450557053615435,0.0024396921801086435,0.0012198460900543218,9.941425123174256e-05,0.04074868626554169,sl,2520.8651671160846,2511.6624164419577,0.0,0.0,False,False
ETHUSDT,5m,LONG,2517.99,2524.875038197776,2514.547480901112,3.0,1.5,2.295012732592113,2.2950127325918097,0.0027343389758403003,0.0013671694879200391,0.0031294802600487,1.1445107163741348,tp,2524.875038197776,2514.547480901112,0.0,0.0,True,False
ETHUSDT,5m,LONG,2533.68,2544.6157363224397,2528.2121318387804,3.0,1.5,3.645245440813293,3.64524544081299,0.004316147391320024,0.002158073695659901,0.0051032490290803,1.1823620850722507,tp,2544.6157363224397,2528.2121318387804,0.0,0.0,True,False
ETHUSDT,5m,LONG,2565.09,2583.6165977464143,2555.826701126793,3.0,1.5,6.175532582138051,6.175532582138051,0.00722259170103734,0.00361129585051867,0.0016802529345948,0.2326385048670929,sl,2583.6165977464143,2555.826701126793,0.0,0.0,False,False
ETHUSDT,5m,SHORT,2537.44,2524.999461755709,2543.6602691221456,3.0,1.5,4.14684608143034,4.14684608143034,0.004902791098229331,0.0024513955491145545,0.005812945330727,1.185640018973351,tp,2524.999461755709,2543.6602691221456,0.0,0.0,True,False
ETHUSDT,5m,LONG,2546.35,2558.612442833807,2540.2187785830965,3.0,1.5,4.0874809446024,4.087480944602248,0.004815694163727402,0.00240784708186359,0.0088950851218411,1.8471034121810184,tp,2558.612442833807,2540.2187785830965,0.0,0.0,True,False
ETHUSDT,5m,LONG,2580.07,2600.9350947238754,2569.6374526380623,3.0,1.5,6.955031574625082,6.955031574625234,0.00808702660155558,0.00404351330077779,0.0086780591224268,1.0730840332289164,tp,2600.9350947238754,2569.6374526380623,0.0,0.0,True,False
ETHUSDT,5m,LONG,2552.5,2572.84420545513,2542.3278972724347,3.0,1.5,6.7814018183767075,6.781401818376859,0.007970305761069607,0.0039851528805349146,0.0013516160626835,0.16958145687275547,sl,2572.84420545513,2542.3278972724347,0.0,0.0,False,False
ETHUSDT,5m,SHORT,2525.49,2509.942946771371,2533.2635266143143,3.0,1.5,5.182351076209518,5.18235107620967,0.006156054163203417,0.003078027081601764,0.0013660715346328,0.22190700380744202,sl,2509.942946771371,2533.2635266143143,0.0,0.0,False,False
ETHUSDT,5m,LONG,2543.39,2555.146010474528,2537.511994762736,3.0,1.5,3.918670158176004,3.918670158176004,0.00462218160585981,0.002311090802929905,0.0041008260628532,0.8872057423391464,sl,2555.146010474528,2537.511994762736,0.0,0.0,False,False
ETHUSDT,5m,LONG,2547.23,2556.0903377324585,2542.7998311337706,3.0,1.5,2.9534459108194824,2.953445910819634,0.0034784207678373313,0.0017392103839187767,0.0046835189598111,1.346449803634028,tp,2556.0903377324585,2542.7998311337706,0.0,0.0,True,False
ETHUSDT,5m,LONG,2561.64,2571.541850852604,2556.689074573698,3.0,1.5,3.3006169508680614,3.3006169508680614,0.0038654341955171034,0.0019327170977585517,0.000140534969785,0.03635683927771528,sl,2571.541850852604,2556.689074573698,0.0,0.0,False,False
ETHUSDT,5m,SHORT,2544.79,2534.4116880423894,2549.979155978805,3.0,1.5,3.4594373192035164,3.459437319203365,0.004078258700171977,0.0020391293500858776,0.0005422844321142,0.13296960099449606,sl,2534.4116880423894,2549.979155978805,0.0,0.0,False,False
ETHUSDT,5m,LONG,2559.39,2569.317189565312,2554.4264052173435,3.0,1.5,3.309063188437449,3.3090631884376003,0.0038787326532152555,0.0019393663266076278,0.0100023833804148,2.578776181473445,tp,2569.317189565312,2554.4264052173435,0.0,0.0,True,False
ETHUSDT,5m,SHORT,3608.82,3561.9350796438584,3632.2624601780713,3.0,1.5,15.628306785380573,15.628306785380724,0.012991759177831463,0.006495879588915843,0.0020339058196308,0.156553534574545,sl,3561.9350796438584,3632.2624601780713,0.0,0.0,False,False
ETHUSDT,5m,SHORT,3582.92,3527.896831726509,3610.4315841367456,3.0,1.5,18.34105609116371,18.34105609116371,0.015357074194648823,0.007678537097324467,0.0016969399260937,0.1104989078378614,sl,3527.896831726509,3610.4315841367456,0.0,0.0,False,False
ETHUSDT,5m,LONG,3652.96,3697.69100551084,3630.59449724458,3.0,1.5,14.910335170280026,14.910335170280026,0.012245139697899754,0.006122569848949877,0.0015056283123822,0.12295721809041021,sl,3697.69100551084,3630.59449724458,0.0,0.0,False,False
ETHUSDT,5m,SHORT,3599.58,3554.9610760463474,3621.889461976826,3.0,1.5,14.872974651217495,14.872974651217495,0.012395591695045671,0.00619779584752278,0.0003028131059735,0.02442909652263956,sl,3554.9610760463474,3621.889461976826,0.0,0.0,False,False
ETHUSDT,5m,SHORT,3608.98,3559.6646082631623,3633.637695868418,3.0,1.5,16.43846391227923,16.438463912278774,0.01366463425589437,0.006832317127946963,4.987558811626451e-05,0.0036499760756311646,sl,3559.6646082631623,3633.637695868418,0.0,0.0,False,False
ETHUSDT,5m,LONG,3661.07,3685.519559601436,3648.845220199282,3.0,1.5,8.149853200478598,8.149853200478901,0.006678255155305957,0.0033391275776530893,0.0083636751004487,1.2523742962716327,tp,3685.519559601436,3648.845220199282,0.0,0.0,True,False
ETHUSDT,5m,LONG,3692.68,3720.792613540624,3678.623693229688,3.0,1.5,9.370871180208118,9.370871180207965,0.007613065183179835,0.0038065325915898063,0.0089013941094273,1.169226046966454,tp,3720.792613540624,3678.623693229688,0.0,0.0,True,False
ETHUSDT,5m,SHORT,3721.12,3674.550487467004,3744.404756266498,3.0,1.5,15.52317084433192,15.523170844332222,0.012514918232412797,0.006257459116206565,0.0002875478350603,0.02297640541634307,sl,3674.550487467004,3744.404756266498,0.0,0.0,False,False
ETHUSDT,5m,LONG,3786.77,3821.3546729812,3769.4776635094,3.0,1.5,11.52822432706671,11.52822432706671,0.009133027086725587,0.0045665135433627935,0.0010087752887025,0.1104535527074814,sl,3821.3546729812,3769.4776635094,0.0,0.0,False,False
ETHUSDT,5m,SHORT,3745.5,3711.278320100124,3762.610839949938,3.0,1.5,11.407226633292035,11.407226633292035,0.009136745401114976,0.004568372700557433,0.0014684287812041,0.16071683260703581,sl,3711.278320100124,3762.610839949938,0.0,0.0,False,False
ETHUSDT,5m,SHORT,3774.69,3748.686603087372,3787.691698456314,3.0,1.5,8.667798970875992,8.667798970875992,0.006888882772526528,0.0034444413862633194,0.0055633707668709,0.8075867960851524,sl,3748.686603087372,3787.691698456314,0.0,0.0,False,False
ETHUSDT,5m,LONG,3808.17,3842.1778038333337,3791.1660980833335,3.0,1.5,11.335934611111194,11.335934611111043,0.008930222083923134,0.004465111041961456,0.0002205783880446,0.024700213048643217,sl,3842.1778038333337,3791.1660980833335,0.0,0.0,False,False
ETHUSDT,5m,LONG,3813.18,3849.852244058818,3794.843877970591,3.0,1.5,12.224081352939416,12.224081352939114,0.009617233925180102,0.00480861696258994,0.003883897429442,0.40384766136062,sl,3849.852244058818,3794.843877970591,0.0,0.0,False,False
ETHUSDT,5m,SHORT,3771.82,3742.4234671466343,3786.518266426682,3.0,1.5,9.7988442844553,9.798844284454693,0.007793726331947415,0.0038968631659734854,0.0079059976350939,1.0144053432677347,tp,3742.4234671466343,3786.518266426682,0.0,0.0,True,False
ETHUSDT,5m,LONG,3793.51,3827.423175361269,3776.5534123193656,3.0,1.5,11.304391787089571,11.304391787089722,0.008939788048869968,0.004469894024435095,0.0098668515438208,1.103700836069376,tp,3827.423175361269,3776.5534123193656,0.0,0.0,True,False
ETHUSDT,5m,SHORT,3759.06,3711.3535552643457,3782.913222367827,3.0,1.5,15.902148245218086,15.902148245218086,0.01269105700245654,0.006345528501228159,0.0142801657861273,1.1252148487996834,tp,3711.3535552643457,3782.913222367827,0.0,0.0,True,False
ETHUSDT,5m,SHORT,3687.18,3630.2191090146025,3715.660445492698,3.0,1.5,18.98696366179911,18.986963661798654,0.015448361887783424,0.00772418094389149,0.0014021555768906,0.09076402968002877,sl,3630.2191090146025,3715.660445492698,0.0,0.0,False,False
ETHUSDT,5m,LONG,3814.53,3849.620858507248,3796.984570746376,3.0,1.5,11.69695283574932,11.696952835749471,0.009199261378793233,0.004599630689396617,0.0006449025174791,0.07010372799774701,sl,3849.620858507248,3796.984570746376,0.0,0.0,False,False
ETHUSDT,5m,SHORT,3753.05,3714.323330275904,3772.413334862049,3.0,1.5,12.908889908032052,12.908889908032506,0.010318719368006324,0.005159359684003384,0.0018784721759635,0.1820450880549956,sl,3714.323330275904,3772.413334862049,0.0,0.0,False,False
ETHUSDT,5m,SHORT,3737.85,3701.6261917455527,3755.961904127224,3.0,1.5,12.074602751482416,12.07460275148272,0.009691081304612825,0.004845540652306468,0.0061131399066307,0.6308006005192555,sl,3701.6261917455527,3755.961904127224,0.0,0.0,False,False
ETHUSDT,5m,SHORT,3543.43,3521.507007964301,3554.391496017849,3.0,1.5,7.307664011899608,7.307664011899457,0.006186940911969141,0.003093470455984404,0.0070750656849436,1.1435482875319383,tp,3521.507007964301,3554.391496017849,0.0,0.0,True,False
ETHUSDT,5m,LONG,3555.27,3575.7083771362763,3545.050811431862,3.0,1.5,6.812792378758786,6.812792378758786,0.005748755266484995,0.0028743776332424975,0.0021714243925214,0.3777207920435775,sl,3575.7083771362763,3545.050811431862,0.0,0.0,False,False
ETHUSDT,5m,LONG,3570.52,3592.92737784232,3559.31631107884,3.0,1.5,7.4691259474399585,7.4691259474399585,0.006275662324344955,0.0031378311621724775,0.0008710215878919,0.13879357155865074,sl,3592.92737784232,3559.31631107884,0.0,0.0,False,False
ETHUSDT,5m,SHORT,3546.64,3519.6767642566683,3560.1216178716654,3.0,1.5,8.987745247777184,8.987745247777033,0.007602473254497699,0.0038012366272488496,0.0004624094918006,0.06082356048106239,sl,3519.6767642566683,3560.1216178716654,0.0,0.0,False,False
ETHUSDT,5m,LONG,3604.66,3630.082249467783,3591.948875266108,3.0,1.5,8.474083155927778,8.474083155927778,0.007052606755639568,0.003526303377819784,0.0053597287955036,0.7599642204944619,sl,3630.082249467783,3591.948875266108,0.0,0.0,False,False
ETHUSDT,5m,SHORT,3570.01,3541.787197886388,3584.121401056806,3.0,1.5,9.407600704537344,9.407600704537193,0.007905524666208752,0.003952762333104376,0.0001988789947367,0.02515696340646247,sl,3541.787197886388,3584.121401056806,0.0,0.0,False,False
ETHUSDT,5m,LONG,3598.0,3621.3646079334176,3586.317696033291,3.0,1.5,7.788202644472524,7.788202644472524,0.00649377652401828,0.00324688826200914,0.0123818788215675,1.9067300477266387,tp,3621.3646079334176,3586.317696033291,0.0,0.0,True,False
ETHUSDT,5m,LONG,3657.27,3693.324091575429,3639.242954212285,3.0,1.5,12.018030525143027,12.018030525143331,0.009858197938743762,0.004929098969371992,0.0001421825569345,0.014422773595943687,sl,3693.324091575429,3639.242954212285,0.0,0.0,False,False
ETHUSDT,5m,SHORT,3610.86,3585.7463764809618,3623.41681175952,3.0,1.5,8.371207839679451,8.371207839679906,0.006955025539355786,0.003477512769678004,0.0007920550782916,0.11388241118737354,sl,3585.7463764809618,3623.41681175952,0.0,0.0,False,False
ETHUSDT,5m,SHORT,3592.65,3569.7483234070346,3604.100838296483,3.0,1.5,7.633892197655162,7.633892197655162,0.006374591622608783,0.0031872958113043914,0.0029588186992888,0.46415815701742347,sl,3569.7483234070346,3604.100838296483,0.0,0.0,False,False
ETHUSDT,5m,LONG,3612.13,3646.551173082931,3594.9194134585346,3.0,1.5,11.47372436097703,11.47372436097703,0.009529328424760841,0.004764664212380421,0.0032363176297641,0.3396165485654696,sl,3646.551173082931,3594.9194134585346,0.0,0.0,False,False
ETHUSDT,5m,LONG,3634.99,3673.252693214145,3615.858653392928,3.0,1.5,12.754231071381733,12.754231071381279,0.010526216912328579,0.005263108456164067,0.0119477632675744,1.1350481723002372,tp,3673.252693214145,3615.858653392928,0.0,0.0,True,False
ETHUSDT,5m,SHORT,4452.03,4433.639561501823,4470.420438498177,2.0,2.0,9.195219249088495,9.195219249088495,0.004130798421883242,0.004130798421883242,0.0040026684456303,0.9689817891925777,time,4433.639561501823,4470.420438498177,0.0,0.0,False,False
ETHUSDT,5m,LONG,4519.68,4537.020677125299,4502.339322874702,2.0,2.0,8.670338562649249,8.670338562649249,0.0038367046174283548,0.0038367046174283548,0.0047414861229112,1.2358225601660462,tp,4537.020677125299,4502.339322874702,0.0,0.0,True,False
ETHUSDT,5m,LONG,4526.21,4548.631177363141,4503.788822636859,2.0,2.0,11.210588681570698,11.210588681570698,0.004953631705807204,0.004953631705807204,0.0008373451519041,0.16903661831025302,sl,4548.631177363141,4503.788822636859,0.0,0.0,False,False
ETHUSDT,5m,SHORT,4494.39,4475.153660203325,4513.626339796676,2.0,2.0,9.618169898337783,9.618169898337783,0.004280078007621868,0.004280078007621757,0.0016353720972146,0.38208932040546123,sl,4475.153660203325,4513.626339796676,0.0,0.0,False,False
ETHUSDT,5m,SHORT,4316.41,4278.09127313584,4354.728726864159,2.0,2.0,19.159363432079772,19.159363432079772,0.008877452990832535,0.008877452990832646,0.0113775104774568,1.2816187806576949,tp,4278.09127313584,4354.728726864159,0.0,0.0,True,False
ETHUSDT,5m,LONG,4188.29,4207.722656953795,4168.857343046205,2.0,2.0,9.716328476897615,9.716328476897615,0.004639759174697833,0.004639759174697833,0.0009598189237136,0.20686826354001636,sl,4207.722656953795,4168.857343046205,0.0,0.0,False,False
ETHUSDT,5m,LONG,4296.68,4315.952061847481,4277.40793815252,2.0,2.0,9.636030923740236,9.636030923740236,0.004485337946386725,0.004485337946386614,0.001401081765456,0.3123692756717866,sl,4315.952061847481,4277.40793815252,0.0,0.0,False,False
ETHUSDT,5m,LONG,4834.89,4900.6231582662185,4769.156841733782,2.0,2.0,32.8665791331091,32.8665791331091,0.013595585063200577,0.013595585063200688,0.0032079323417904,0.2359539752704994,sl,4900.6231582662185,4769.156841733782,0.0,0.0,False,False
ETHUSDT,5m,SHORT,4612.12,4583.748605025365,4640.491394974635,2.0,2.0,14.185697487317611,14.185697487317611,0.006151486729450983,0.006151486729450983,0.0021942187107013,0.3566973005397563,sl,4583.748605025365,4640.491394974635,0.0,0.0,False,False
ETHUSDT,5m,SHORT,4497.61,4478.4448503098665,4516.775149690133,2.0,2.0,9.582574845066574,9.582574845066574,0.0042611853162308755,0.0042611853162308755,0.0014674460435652,0.3443750822044023,time,4478.4448503098665,4516.775149690133,0.0,0.0,False,False
ETHUSDT,5m,SHORT,4407.2,4375.837897645552,4438.562102354448,2.0,2.0,15.681051177223708,15.681051177224163,0.007116105998014044,0.007116105998014266,0.0115243238337266,1.6194705133598062,tp,4375.837897645552,4438.562102354448,0.0,0.0,True,False
ETHUSDT,5m,LONG,4429.3,4448.52412729405,4410.07587270595,2.0,2.0,9.612063647025025,9.612063647025025,0.004340217933770596,0.004340217933770596,4.289616869473728e-05,0.009883413540359003,sl,4448.52412729405,4410.07587270595,0.0,0.0,False,False
ETHUSDT,5m,LONG,4400.0,4437.575539837535,4362.424460162465,2.0,2.0,18.78776991876748,18.78776991876748,0.008539895417621679,0.008539895417621568,0.0002249999999999,0.026346926864657255,sl,4437.575539837535,4362.424460162465,0.0,0.0,False,False
ETHUSDT,5m,SHORT,4319.92,4302.095906545459,4337.744093454541,2.0,2.0,8.912046727270535,8.912046727270535,0.004126023966772752,0.004126023966772863,0.0018333672845793,0.44434237400062976,sl,4302.095906545459,4337.744093454541,0.0,0.0,False,False
ETHUSDT,5m,SHORT,4324.09,4310.618341071232,4337.561658928768,2.0,2.0,6.735829464384096,6.735829464384096,0.0031154899478892384,0.0031154899478891274,0.0044148017270686,1.4170489396249384,tp,4310.618341071232,4337.561658928768,0.0,0.0,True,False
ETHUSDT,5m,LONG,4327.62,4348.293916448907,4306.946083551093,2.0,2.0,10.33695822445361,10.33695822445361,0.004777202353466237,0.004777202353466126,0.0031426049422085,0.6578337507366194,sl,4348.293916448907,4306.946083551093,0.0,0.0,False,False
ETHUSDT,5m,LONG,4372.0,4395.550870667464,4348.449129332536,2.0,2.0,11.77543533373182,11.77543533373182,0.0053867499239395045,0.0053867499239395045,0.0054094236047574,1.004209157866626,sl,4395.550870667464,4348.449129332536,0.0,0.0,True,True
ETHUSDT,5m,LONG,4413.37,4426.752595677735,4399.987404322265,2.0,2.0,6.69129783886774,6.6912978388672855,0.003032285006182356,0.003032285006182245,0.0034055608299326,1.1231005076993728,tp,4426.752595677735,4399.987404322265,0.0,0.0,True,False
ETHUSDT,5m,SHORT,4622.63,4605.131833239305,4640.128166760695,2.0,2.0,8.749083380347656,8.749083380347656,0.003785327132107774,0.003785327132107774,0.004019356946154,1.0618255188728989,tp,4605.131833239305,4640.128166760695,0.0,0.0,True,False
ETHUSDT,5m,LONG,4629.37,4644.596944198212,4614.143055801787,2.0,2.0,7.613472099106275,7.613472099106275,0.0032892044053969283,0.0032892044053969283,0.0024042148283675,0.7309411432207323,sl,4644.596944198212,4614.143055801787,0.0,0.0,False,False
ETHUSDT,5m,SHORT,4481.0,4461.437792916169,4500.562207083831,2.0,2.0,9.7811035419154,9.7811035419154,0.004365589619243604,0.004365589619243604,0.0001941530908279,0.04447350936791433,sl,4461.437792916169,4500.562207083831,0.0,0.0,False,False
ETHUSDT,5m,LONG,4589.39,4603.218289250921,4575.56171074908,2.0,2.0,6.914144625460267,6.914144625460267,0.0030130996169253077,0.0030130996169251967,0.0006231765005806,0.20682240211377917,sl,4603.218289250921,4575.56171074908,0.0,0.0,False,False
ETHUSDT,5m,SHORT,4195.74,4177.706737061276,4213.773262938724,2.0,2.0,9.016631469361982,9.016631469361982,0.004297993426361946,0.004297993426362057,0.0010367658625175,0.24122090465714713,sl,4177.706737061276,4213.773262938724,0.0,0.0,False,False
ETHUSDT,5m,SHORT,4184.24,4164.000630366029,4204.47936963397,2.0,2.0,10.119684816985227,10.119684816985227,0.004837047978598408,0.004837047978598408,0.0024520581993385,0.5069327842493333,time,4164.000630366029,4204.47936963397,0.0,0.0,False,False
ETHUSDT,5m,LONG,4101.03,4129.883348906354,4086.603325546823,3.0,1.5,9.617782968784619,9.617782968784619,0.00703563468356827,0.003517817341784135,0.0007924838394257,0.11263857136820173,sl,4129.883348906354,4086.603325546823,0.0,0.0,False,False
ETHUSDT,5m,LONG,4116.12,4151.344881625749,4098.5075591871255,3.0,1.5,11.74162720858294,11.74162720858294,0.008557787825852703,0.0042788939129263515,0.0067709396227514,0.7912020910703917,time,4151.344881625749,4098.5075591871255,0.0,0.0,False,False
ETHUSDT,5m,LONG,4193.86,4221.3575041331205,4180.11124793344,3.0,1.5,9.165834711040285,9.165834711039983,0.006556609932883095,0.0032783049664414365,0.0071795434277731,1.0950084725592462,tp,4221.3575041331205,4180.11124793344,0.0,0.0,True,False
ETHUSDT,5m,LONG,4270.65,4312.236215298456,4249.856892350772,3.0,1.5,13.862071766152136,13.862071766151834,0.009737678175091968,0.004868839087545873,0.0136630255347547,1.403109169257964,tp,4312.236215298456,4249.856892350772,0.0,0.0,True,False
ETHUSDT,5m,SHORT,4074.78,4039.190939939792,4092.5745300301046,3.0,1.5,11.863020020069447,11.863020020069598,0.00873398319914409,0.004366991599572101,0.0038726017110126,0.44339468289704353,sl,4039.190939939792,4092.5745300301046,0.0,0.0,False,False
ETHUSDT,5m,LONG,4139.03,4169.963911406588,4123.563044296706,3.0,1.5,10.311303802195956,10.311303802195956,0.007473710363681274,0.003736855181840637,0.0095940353174536,1.2837044587754043,tp,4169.963911406588,4123.563044296706,0.0,0.0,True,False
ETHUSDT,5m,LONG,4201.23,4246.206433814863,4178.741783092568,3.0,1.5,14.99214460495447,14.99214460495447,0.01070553952410691,0.005352769762053455,0.0001785191479638,0.01667539945668386,sl,4246.206433814863,4178.741783092568,0.0,0.0,False,False
ETHUSDT,5m,LONG,3951.84,3979.1877431167295,3938.166128441635,3.0,1.5,9.11591437224312,9.115914372243424,0.006920255657296259,0.0034601278286482406,0.0092108992266892,1.331005627946395,tp,3979.1877431167295,3938.166128441635,0.0,0.0,True,False
ETHUSDT,5m,SHORT,3891.39,3859.818379232664,3907.175810383668,3.0,1.5,10.523873589111949,10.523873589111949,0.008113198822871981,0.0040565994114361015,0.0098910672022078,1.219132849835236,tp,3859.818379232664,3907.175810383668,0.0,0.0,True,False
ETHUSDT,5m,SHORT,3954.68,3909.039432929995,3977.500283535002,3.0,1.5,15.213522356668213,15.21352235666806,0.011540900166386314,0.005770450083192991,0.0171113718429808,1.482672200286324,tp,3909.039432929995,3977.500283535002,0.0,0.0,True,False
ETHUSDT,5m,SHORT,3827.57,3793.8559067010015,3844.4270466495,3.0,1.5,11.238031099666236,11.238031099666538,0.00880822383365909,0.004404111916829656,0.0020535222086075,0.23313692378710035,sl,3793.8559067010015,3844.4270466495,0.0,0.0,False,False
ETHUSDT,5m,LONG,3869.86,3894.499233362115,3857.540383318943,3.0,1.5,8.21307778737158,8.213077787371427,0.006366957296159326,0.003183478648079552,0.0009922839585927,0.155849004860024,sl,3894.499233362115,3857.540383318943,0.0,0.0,False,False
ETHUSDT,5m,LONG,3892.39,3914.398526008005,3881.385736995997,3.0,1.5,7.336175336001664,7.3361753360019675,0.005654244823361632,0.002827122411681038,0.0007193523773311,0.12722342236737844,sl,3914.398526008005,3881.385736995997,0.0,0.0,False,False
ETHUSDT,5m,LONG,3897.58,3916.828866309958,3887.955566845021,3.0,1.5,6.416288769985992,6.41628876998584,0.004938671254973048,0.002469335627486524,0.0055726886940101,1.128378141873408,tp,3916.828866309958,3887.955566845021,0.0,0.0,True,False
ETHUSDT,5m,LONG,3950.71,3982.1948573687714,3934.9675713156144,3.0,1.5,10.494952456257124,10.494952456257124,0.007969417489203545,0.003984708744601773,0.009438809732934,1.184378876589298,tp,3982.1948573687714,3934.9675713156144,0.0,0.0,True,False
ETHUSDT,5m,SHORT,4018.66,3974.087290251925,4040.946354874037,3.0,1.5,14.857569916024962,14.857569916024659,0.0110914358885984,0.005545717944299033,0.0117377434269134,1.0582708627454973,tp,3974.087290251925,4040.946354874037,0.0,0.0,True,False
ETHUSDT,5m,SHORT,3945.92,3883.829045524415,3976.9654772377926,3.0,1.5,20.696984825195006,20.696984825195006,0.015735482340134888,0.007867741170067388,0.0016979563701241,0.10790621688114994,sl,3883.829045524415,3976.9654772377926,0.0,0.0,False,False
ETHUSDT,5m,SHORT,3861.2,3849.518682831163,3867.0406585844185,3.0,1.5,3.893772389612271,3.8937723896124226,0.0030253074611097386,0.0015126537305549803,0.0004791256604164,0.15837255107970014,sl,3849.518682831163,3867.0406585844185,0.0,0.0,False,False
ETHUSDT,5m,LONG,3895.37,3914.790884568261,3885.6595577158696,3.0,1.5,6.4736281894203485,6.473628189420197,0.004985632832891662,0.00249281641644572,0.0005981460041022,0.1199739379434558,sl,3914.790884568261,3885.6595577158696,0.0,0.0,False,False
ETHUSDT,5m,LONG,3883.58,3897.462303281076,3876.638848359462,3.0,1.5,4.62743442702534,4.62743442702534,0.003574614989539482,0.001787307494769741,0.0001287471868739,0.03601707799319851,sl,3897.462303281076,3876.638848359462,0.0,0.0,False,False
ETHUSDT,5m,LONG,3891.58,3904.6554853861353,3885.042257306932,3.0,1.5,4.35849512871179,4.358495128712093,0.0033599425904480285,0.0016799712952241252,0.0062699469110233,1.8660875125807552,tp,3904.6554853861353,3885.042257306932,0.0,0.0,True,False
ETHUSDT,5m,SHORT,3886.37,3868.893525217775,3895.108237391112,3.0,1.5,5.8254915940750225,5.8254915940748715,0.00449686334091326,0.002248431670456519,0.005640224682673,1.2542575246521805,tp,3868.893525217775,3895.108237391112,0.0,0.0,True,False
ETHUSDT,5m,SHORT,3861.06,3837.888464119553,3872.6457679402233,3.0,1.5,7.723845293482252,7.723845293482252,0.006001340533544397,0.0030006702667721985,0.0025433430197925,0.4237958178804427,sl,3837.888464119553,3872.6457679402233,0.0,0.0,False,False
ETHUSDT,5m,SHORT,3850.63,3828.630342010559,3861.62982899472,3.0,1.5,7.333219329813649,7.333219329813194,0.0057132619829588505,0.0028566309914792587,0.0035292926092613,0.617736876024283,sl,3828.630342010559,3861.62982899472,0.0,0.0,False,False
ETHUSDT,5m,LONG,3874.1,3893.760551719801,3864.2697241400992,3.0,1.5,6.553517239933626,6.553517239933778,0.005074869445755414,0.002537434722877707,0.0066880049559898,1.3178673909697523,tp,3893.760551719801,3864.2697241400992,0.0,0.0,True,False
ETHUSDT,5m,LONG,3909.2,3935.769064412567,3895.915467793716,3.0,1.5,8.856354804189019,8.856354804189323,0.006796547736766412,0.003398273868383317,0.0014836795252225,0.21829899276605227,sl,3935.769064412567,3895.915467793716,0.0,0.0,False,False
ETHUSDT,5m,SHORT,3457.13,3417.8358274693533,3476.777086265324,3.0,1.5,13.098057510215616,13.098057510216071,0.011366125234123947,0.005683062617062085,0.004075634992031,0.35857734347277165,sl,3417.8358274693533,3476.777086265324,0.0,0.0,False,False
ETHUSDT,5m,SHORT,3497.0,3453.907481460611,3518.5462592696945,3.0,1.5,14.364172846462983,14.364172846462983,0.01232271047737743,0.0061613552386887704,0.0037289104947097,0.30260473144730593,sl,3453.907481460611,3518.5462592696945,0.0,0.0,False,False
ETHUSDT,5m,SHORT,3465.87,3411.425658311669,3493.0921708441656,3.0,1.5,18.148113896110317,18.14811389611047,0.015708708546001704,0.007854354273000963,0.0013272280841462,0.08448995538108801,sl,3411.425658311669,3493.0921708441656,0.0,0.0,False,False
ETHUSDT,5m,SHORT,3454.83,3395.353822288618,3484.5680888556903,3.0,1.5,19.825392570460583,19.82539257046028,0.017215370282005704,0.00860768514100263,0.0245540301548845,1.4262853341324584,tp,3395.353822288618,3484.5680888556903,0.0,0.0,True,False
ETHUSDT,5m,SHORT,3474.62,3448.863664123661,3487.498167938169,3.0,1.5,8.585445292113036,8.585445292112732,0.007412705814258569,0.0037063529071290624,0.0098399249414324,1.3274403690087095,tp,3448.863664123661,3487.498167938169,0.0,0.0,True,False
ETHUSDT,5m,SHORT,3437.93,3401.8078972593594,3455.99105137032,3.0,1.5,12.04070091354682,12.040700913546667,0.010506933748110181,0.005253466874054924,0.0135750291599886,1.2920067343558017,tp,3401.8078972593594,3455.99105137032,0.0,0.0,True,False
ETHUSDT,5m,LONG,3003.73,3018.4749128983294,2996.357543550835,3.0,1.5,4.914970966109801,4.914970966109952,0.004908867607384515,0.0024544338036923685,0.0018676778538683,0.3804702027528125,sl,3018.4749128983294,2996.357543550835,0.0,0.0,False,False
ETHUSDT,5m,SHORT,2978.9,2960.8135203671955,2987.943239816402,3.0,1.5,6.028826544268213,6.028826544268061,0.006071529636041739,0.003035764818020814,0.0063412669106045,1.0444265762883786,tp,2960.8135203671955,2987.943239816402,0.0,0.0,True,False
ETHUSDT,5m,LONG,3013.72,3026.001417731372,3007.5792911343137,3.0,1.5,4.093805910457377,4.093805910457377,0.0040751688051219315,0.0020375844025609657,0.000195771339076,0.048040056360350546,sl,3026.001417731372,3007.5792911343137,0.0,0.0,False,False
ETHUSDT,5m,LONG,3024.9,3038.953625460932,3017.8731872695344,3.0,1.5,4.684541820310642,4.68454182031049,0.00464598018477691,0.002322990092388455,0.0076366160864821,1.6437039726308678,tp,3038.953625460932,3017.8731872695344,0.0,0.0,True,False
ETHUSDT,5m,SHORT,3026.88,3015.1025414791225,3032.7687292604387,3.0,1.5,3.9258195069592148,3.9258195069590633,0.003890956536393153,0.0019454782681964655,0.0043543186383339,1.1190869385475777,tp,3015.1025414791225,3032.7687292604387,0.0,0.0,True,False
ETHUSDT,5m,SHORT,3006.65,2988.753722916729,3015.5981385416358,3.0,1.5,5.9654256944236295,5.965425694423781,0.005952231581085599,0.0029761157905427993,0.0061097899655762,1.0264704728544625,tp,2988.753722916729,3015.5981385416358,0.0,0.0,True,False
ETHUSDT,5m,SHORT,2985.85,2963.5359989667327,2997.007000516633,3.0,1.5,7.43800034442241,7.4380003444221074,0.0074732491696727354,0.0037366245848362567,0.0252323458981528,3.3763554948158863,tp,2963.5359989667327,2997.007000516633,0.0,0.0,True,False
ETHUSDT,5m,SHORT,2873.91,2819.978948115344,2900.875525942328,3.0,1.5,17.977017294885325,17.977017294885325,0.018765741406187364,0.009382870703093626,0.0212776322153441,1.133855132860806,tp,2819.978948115344,2900.875525942328,0.0,0.0,True,False
ETHUSDT,5m,SHORT,2989.52,2943.9156693164587,3012.322165341771,3.0,1.5,15.20144356118044,15.201443561180591,0.01525473342996242,0.007627366714981321,0.0003211217854371,0.02105063237659546,sl,2943.9156693164587,3012.322165341771,0.0,0.0,False,False
ETHUSDT,5m,SHORT,3062.5,3027.470171924434,3080.014914037783,3.0,1.5,11.676609358522,11.676609358522,0.01143831120834804,0.00571915560417402,0.0137012244897959,1.1978363099437541,tp,3027.470171924434,3080.014914037783,0.0,0.0,True,False
ETHUSDT,5m,LONG,3130.28,3167.865440948274,3111.4872795258634,3.0,1.5,12.528480316091342,12.52848031609119,0.012007053985034544,0.006003526992517161,0.0010893594183267,0.09072661950920394,sl,3167.865440948274,3111.4872795258634,0.0,0.0,False,False
ETHUSDT,5m,LONG,3156.2,3173.076640304001,3147.7616798479994,3.0,1.5,5.6255467680004285,5.625546768000277,0.005347139060896344,0.002673569530448172,0.0056238514669539,1.0517496184232715,tp,3173.076640304001,3147.7616798479994,0.0,0.0,True,False
ETHUSDT,5m,SHORT,3137.44,3118.9289096935345,3146.695545153233,3.0,1.5,6.170363435488525,6.170363435488677,0.005900061931531919,0.0029500309657659596,0.0076718598602682,1.300301581457509,tp,3118.9289096935345,3146.695545153233,0.0,0.0,True,False
ETHUSDT,5m,SHORT,3089.76,3052.233881115212,3108.5230594423942,3.0,1.5,12.508706294929349,12.508706294929349,0.012145318369319313,0.006072659184659601,0.0194254569934235,1.5994193320197174,tp,3052.233881115212,3108.5230594423942,0.0,0.0,True,False
ETHUSDT,5m,LONG,2969.09,2987.314534502132,2959.977732748934,3.0,1.5,6.074844834043991,6.074844834043991,0.0061380875965808546,0.0030690437982904273,0.0002424985433246,0.03950718192090983,sl,2987.314534502132,2959.977732748934,0.0,0.0,False,False
ETHUSDT,5m,SHORT,2966.89,2948.9541883059333,2975.857905847033,3.0,1.5,5.978603898022205,5.978603898022205,0.006045324125284912,0.003022662062642567,0.0004887272531168,0.08084384608472364,sl,2948.9541883059333,2975.857905847033,0.0,0.0,False,False
ETHUSDT,5m,SHORT,2953.07,2931.0619557567825,2964.074022121609,3.0,1.5,7.3360147477392275,7.336014747739076,0.007452598225987761,0.003726299112993825,0.0027327493083469,0.3666841047217065,sl,2931.0619557567825,2964.074022121609,0.0,0.0,False,False
ETHUSDT,5m,LONG,2973.33,2985.2855839066456,2967.3522080466773,3.0,1.5,3.9851946355485475,3.985194635548396,0.004020940799253969,0.0020104703996268736,9.080727668976596e-05,0.02258358956854426,sl,2985.2855839066456,2967.3522080466773,0.0,0.0,False,False
ETHUSDT,5m,SHORT,2941.73,2933.464893697552,2945.8625531512243,3.0,1.5,2.7550354341494008,2.7550354341495527,0.0028096073747244654,0.0014048036873623992,0.0053471936581535,1.9031818133228997,tp,2933.464893697552,2945.8625531512243,0.0,0.0,True,False
ETHUSDT,5m,SHORT,2914.36,2899.7738880443712,2921.6530559778143,3.0,1.5,4.862037318542964,4.862037318542813,0.005004910839988552,0.002502455419994165,0.0041209733869529,0.8233859740371171,sl,2899.7738880443712,2921.6530559778143,0.0,0.0,False,False
ETHUSDT,5m,SHORT,2895.04,2872.3631698500008,2906.378415075,3.0,1.5,7.558943383333069,7.55894338333322,0.007832993723747905,0.003916496861874119,0.0021277771637006,0.2716429042001719,sl,2872.3631698500008,2906.378415075,0.0,0.0,False,False
ETHUSDT,5m,LONG,2983.42,2995.8001460700134,2977.2299269649934,3.0,1.5,4.126715356671109,4.126715356671109,0.004149649083941664,0.002074824541970832,0.0031708576063712,0.7641266869147568,sl,2995.8001460700134,2977.2299269649934,0.0,0.0,False,False
ETHUSDT,5m,LONG,2980.55,2990.337648713329,2975.656175643336,3.0,1.5,3.262549571109654,3.2625495711093513,0.0032838397991408197,0.0016419198995701878,0.0014695274362113,0.4475027790928734,sl,2990.337648713329,2975.656175643336,0.0,0.0,False,False
ETHUSDT,5m,SHORT,2960.72,2945.9937650329757,2968.083117483512,3.0,1.5,4.908744989008028,4.90874498900818,0.004973869520597751,0.002486934760298931,0.0107034775324919,2.1519417604677282,tp,2945.9937650329757,2968.083117483512,0.0,0.0,True,False
ETHUSDT,5m,SHORT,2921.65,2897.9433935049005,2933.50330324755,3.0,1.5,7.9022021650331835,7.9022021650331835,0.008114115823284584,0.004057057911642348,0.009806102715931,1.2085238773386775,tp,2897.9433935049005,2933.50330324755,0.0,0.0,True,False
ETHUSDT,5m,LONG,2935.33,2939.6080534594785,2933.1909732702607,3.0,1.5,1.4260178198261808,1.4260178198261808,0.0014574352660445822,0.0007287176330222911,0.0002452875826568,0.16830084215163815,sl,2939.6080534594785,2933.1909732702607,0.0,0.0,False,False
ETHUSDT,5m,SHORT,2921.79,2914.035940278276,2925.667029860862,3.0,1.5,2.584686573907978,2.584686573907978,0.00265387304416953,0.0013269365220847096,0.0024505525722245,0.9233872651174032,sl,2914.035940278276,2925.667029860862,0.0,0.0,False,False
ETHUSDT,5m,SHORT,2920.26,2913.727382268386,2923.526308865808,3.0,1.5,2.177539243871403,2.1775392438718577,0.002236998668479595,0.0011184993342401306,0.0015478073870136,0.6919125204779792,sl,2913.727382268386,2923.526308865808,0.0,0.0,False,False
ETHUSDT,5m,LONG,2929.06,2933.1838495262914,2926.998075236854,3.0,1.5,1.3746165087638171,1.3746165087638171,0.0014079088602798606,0.0007039544301399303,0.001655821321516,1.1760855892240496,tp,2933.1838495262914,2926.998075236854,0.0,0.0,True,False
ETHUSDT,5m,LONG,2944.71,2952.8283651852057,2940.650817407397,3.0,1.5,2.7061217284018917,2.7061217284020436,0.0027569319848832485,0.0013784659924417353,0.0028050300369135,1.0174462236623834,sl,2952.8283651852057,2940.650817407397,0.0,0.0,True,True
ETHUSDT,5m,SHORT,2935.64,2929.344726967949,2938.787636516025,3.0,1.5,2.0984243440169243,2.0984243440167725,0.0021444295049974915,0.0010722147524986347,0.0026842528375412,1.251732841432034,tp,2929.344726967949,2938.787636516025,0.0,0.0,True,False
ETHUSDT,5m,SHORT,2931.05,2919.437940453242,2936.8560297733798,3.0,1.5,3.870686515586082,3.870686515586385,0.003961740518502954,0.0019808702592516436,0.0004230565838181,0.10678553576193396,sl,2919.437940453242,2936.8560297733798,0.0,0.0,False,False
ETHUSDT,5m,LONG,2950.0,2960.228264177707,2944.8858679111468,3.0,1.5,3.409421392568978,3.409421392568826,0.003467208195832905,0.0017336040979163414,0.0015254237288135,0.43995734973366873,sl,2960.228264177707,2944.8858679111468,0.0,0.0,False,False
ETHUSDT,5m,LONG,2966.63,2983.69187892712,2958.0990605364404,3.0,1.5,5.687292975706593,5.687292975706441,0.005751266227038698,0.002875633113519238,0.0034348739141719,0.597237856599885,sl,2983.69187892712,2958.0990605364404,0.0,0.0,False,False
ETHUSDT,5m,LONG,2987.04,3009.438104034346,2975.840947982827,3.0,1.5,7.466034678115345,7.466034678115345,0.007498427886585501,0.0037492139432927507,0.010428383952006,1.3907427143044364,tp,3009.438104034346,2975.840947982827,0.0,0.0,True,False
ETHUSDT,5m,SHORT,2927.81,2916.2594052513778,2933.5852973743117,3.0,1.5,3.8501982495407296,3.8501982495411844,0.003945131258046852,0.0019725656290237037,0.0015540625928594,0.3939191097101246,sl,2916.2594052513778,2933.5852973743117,0.0,0.0,False,False
ETHUSDT,5m,LONG,2946.93,2962.6106331750107,2939.089683412494,3.0,1.5,5.226877725003608,5.22687772500376,0.0053210063269268915,0.0026605031634635568,0.0035867835340507,0.6740799227957732,sl,2962.6106331750107,2939.089683412494,0.0,0.0,False,False
ETHUSDT,5m,LONG,2973.69,2988.3531461207644,2966.358426939618,3.0,1.5,4.887715373588132,4.887715373588132,0.00493095989183967,0.002465479945919835,0.00985644098746,1.998888898644581,tp,2988.3531461207644,2966.358426939618,0.0,0.0,True,False
ETHUSDT,5m,LONG,2987.54,3000.450804877675,2981.0845975611624,3.0,1.5,4.30360162589174,4.30360162589174,0.0043215504654916526,0.0021607752327458263,0.0007899475822918,0.1827926316260036,sl,3000.450804877675,2981.0845975611624,0.0,0.0,False,False
ETHUSDT,5m,LONG,2999.28,3028.7077664944827,2984.5661167527587,3.0,1.5,9.809255498160837,9.809255498160988,0.009811610284629069,0.004905805142314645,0.0014003360806592,0.14272235036209863,sl,3028.7077664944827,2984.5661167527587,0.0,0.0,False,False
ETHUSDT,5m,LONG,2980.8,2994.158335104131,2974.120832447935,3.0,1.5,4.452778368043558,4.452778368043558,0.004481459710188762,0.002240729855094381,0.0010634728931829,0.23730502156809657,sl,2994.158335104131,2974.120832447935,0.0,0.0,False,False
ETHUSDT,5m,SHORT,2965.81,2957.164248673922,2970.1328756630387,3.0,1.5,2.8819171086926567,2.8819171086925053,0.0029151399874158823,0.0014575699937078301,0.0008125941985494,0.2787496319412509,sl,2957.164248673922,2970.1328756630387,0.0,0.0,False,False
ETHUSDT,5m,LONG,2985.46,2994.0206536780543,2981.179673160973,3.0,1.5,2.8535512260180744,2.8535512260180744,0.0028674487945088423,0.0014337243972544211,0.0032122353004227,1.1202415563877282,tp,2994.0206536780543,2981.179673160973,0.0,0.0,True,False
ETHUSDT,5m,LONG,2998.63,3009.389869058034,2993.250065470984,3.0,1.5,3.5866230193446427,3.586623019344188,0.003588261658835412,0.001794130829417484,0.0011271814128452,0.3141302168056028,sl,3009.389869058034,2993.250065470984,0.0,0.0,False,False
ETHUSDT,5m,LONG,2984.7,2992.870250917477,2980.614874541261,3.0,1.5,2.7234169724923354,2.723416972492487,0.002737377598243329,0.0013686887991217755,0.0012664589405971,0.4626540895964923,sl,2992.870250917477,2980.614874541261,0.0,0.0,False,False
ETHUSDT,5m,SHORT,2972.41,2964.8093079775967,2976.2103460112016,3.0,1.5,2.533564007467703,2.5335640074678545,0.002557080625621322,0.0012785403128108275,0.0001042924764752,0.04078575991316618,sl,2964.8093079775967,2976.2103460112016,0.0,0.0,False,False
ETHUSDT,5m,LONG,2985.7,2990.919227430171,2983.0903862849145,3.0,1.5,1.739742476723677,1.7397424767235254,0.0017480749674017027,0.0008740374837007403,0.0,0.0,sl,2990.919227430171,2983.0903862849145,0.0,0.0,False,False
ETHUSDT,5m,LONG,2987.05,2992.3148161028307,2984.417591948585,3.0,1.5,1.7549387009435122,1.7549387009433606,0.001762547028951733,0.0008812735144758665,0.0003180395373361,0.18044314966463765,sl,2992.3148161028307,2984.417591948585,0.0,0.0,False,False
ETHUSDT,5m,SHORT,2978.58,2971.8758802967486,2981.9320598516256,3.0,1.5,2.234706567750436,2.234706567750436,0.0022507771163612356,0.0011253885581805623,0.0004330922788711,0.19241899863068956,sl,2971.8758802967486,2981.9320598516256,0.0,0.0,False,False
ETHUSDT,5m,LONG,2997.64,3005.387286108795,2993.766356945602,3.0,1.5,2.5824287029316415,2.582428702931793,0.002584461812891181,0.0012922309064455906,0.0016512990218973,0.6389334188111016,sl,3005.387286108795,2993.766356945602,0.0,0.0,False,False
ETHUSDT,5m,LONG,3003.93,3014.925877371022,2998.4320613144887,3.0,1.5,3.6652924570074297,3.6652924570074297,0.0036604972056679674,0.0018302486028339837,0.001541314211716,0.42106690023677834,sl,3014.925877371022,2998.4320613144887,0.0,0.0,False,False
ETHUSDT,5m,LONG,3098.77,3102.7424687036405,3096.78376564818,3.0,1.5,1.3241562345468385,1.3241562345465354,0.0012819501620451312,0.0006409750810224546,0.0007196403734384,0.5613637680659421,sl,3102.7424687036405,3096.78376564818,0.0,0.0,False,False
ETHUSDT,5m,LONG,3101.99,3108.4110312013245,3098.779484399337,3.0,1.5,2.1403437337748983,2.1403437337752016,0.002069971599303999,0.0010349857996521106,0.002082534115197,1.0060689315240967,time,3108.4110312013245,3098.779484399337,0.0,0.0,True,True
ETHUSDT,5m,LONG,3108.66,3114.602374671994,3105.688812664003,3.0,1.5,1.9807915573313342,1.9807915573313342,0.0019115550339998677,0.0009557775169999339,0.0023225441186878,1.2150024861319064,tp,3114.602374671994,3105.688812664003,0.0,0.0,True,False
ETHUSDT,5m,LONG,3117.72,3127.0115101311258,3113.074244934437,3.0,1.5,3.0971700437086533,3.097170043708502,0.0029802259763949124,0.0014901129881973452,0.0032972813466251,1.1063863521563286,tp,3127.0115101311258,3113.074244934437,0.0,0.0,True,False
ETHUSDT,5m,SHORT,3103.75,3089.762056617517,3110.7439716912413,3.0,1.5,4.662647794161027,4.6626477941608755,0.00450678804107385,0.002253394020536925,0.0012049939589205,0.2673731153847167,sl,3089.762056617517,3110.7439716912413,0.0,0.0,False,False
ETHUSDT,5m,SHORT,3094.39,3078.2511203907,3102.4594398046497,3.0,1.5,5.379626536433231,5.379626536433231,0.00521552862092356,0.0026077643104618353,0.0011924805858343,0.22864040685163317,sl,3078.2511203907,3102.4594398046497,0.0,0.0,False,False
ETHUSDT,5m,LONG,3133.61,3160.9978036408256,3119.916098179588,3.0,1.5,9.129267880275165,9.12926788027471,0.008740016671131778,0.004370008335565667,0.0006510063473118,0.07448571001724401,sl,3160.9978036408256,3119.916098179588,0.0,0.0,False,False
ETHUSDT,5m,LONG,3141.68,3167.568951757089,3128.7355241214555,3.0,1.5,8.629650585696405,8.629650585696254,0.008240480175284892,0.004120240087642446,0.0089060629981411,1.0807699076629593,tp,3167.568951757089,3128.7355241214555,0.0,0.0,True,False
ETHUSDT,5m,SHORT,3074.87,3052.144113919448,3086.232943040276,3.0,1.5,7.575295360183948,7.5752953601841,0.007390844517183415,0.003695422258591874,0.0025204317580905,0.34102080651684635,sl,3052.144113919448,3086.232943040276,0.0,0.0,False,False
ETHUSDT,5m,LONG,3142.18,3173.898055061759,3126.3209724691205,3.0,1.5,10.572685020586354,10.572685020586201,0.010094283287958916,0.005047141643979458,0.0011934389500283,0.11822919131385064,sl,3173.898055061759,3126.3209724691205,0.0,0.0,False,False
ETHUSDT,5m,SHORT,3085.97,3068.4369063714835,3094.736546814258,3.0,1.5,5.844364542838775,5.844364542838775,0.00568155025114192,0.0028407751255710156,0.000537918385467,0.09467810046366924,sl,3068.4369063714835,3094.736546814258,0.0,0.0,False,False
ETHUSDT,5m,LONG,3114.99,3130.312647441968,3107.328676279016,3.0,1.5,5.1075491473226675,5.1075491473226675,0.004919003734191074,0.002459501867095537,0.0056789909437911,1.1545002302635994,tp,3130.312647441968,3107.328676279016,0.0,0.0,True,False
ETHUSDT,5m,LONG,3140.62,3156.0088033746383,3132.925598312681,3.0,1.5,5.129601124879476,5.129601124879325,0.004899925293298191,0.0024499626466490954,0.0016206990976304,0.3307599607379913,sl,3156.0088033746383,3132.925598312681,0.0,0.0,False,False
ETHUSDT,5m,LONG,3149.45,3164.988521574651,3141.6807392126743,3.0,1.5,5.179507191550329,5.179507191550329,0.004933725436076397,0.0024668627180381986,0.0020003492673324,0.40544397803441634,sl,3164.988521574651,3141.6807392126743,0.0,0.0,False,False
ETHUSDT,5m,LONG,3291.59,3307.5886067697406,3283.5906966151297,3.0,1.5,5.3328689232468305,5.3328689232469815,0.004860449439249903,0.0024302247196249516,0.0020446045831953,0.4206616299069736,sl,3307.5886067697406,3283.5906966151297,0.0,0.0,False,False
ETHUSDT,5m,LONG,3315.69,3325.845535511559,3310.6122322442206,3.0,1.5,3.3851785038529365,3.3851785038529365,0.003062872437278097,0.0015314362186390484,0.0002533409335613,0.08271351117268147,sl,3325.845535511559,3310.6122322442206,0.0,0.0,False,False
ETHUSDT,5m,SHORT,3303.09,3296.358277811571,3306.4558610942145,3.0,1.5,2.2439073961430345,2.2439073961428826,0.002038007498563199,0.001019003749281433,0.0004632026375303,0.22728210659522063,sl,3296.358277811571,3306.4558610942145,0.0,0.0,False,False
ETHUSDT,5m,LONG,2950.83,2966.401739885033,2943.0441300574835,3.0,1.5,5.190579961677638,5.190579961677638,0.005277071157956614,0.002638535578978307,0.0007353863150368,0.13935501209378348,sl,2966.401739885033,2943.0441300574835,0.0,0.0,False,False
ETHUSDT,5m,SHORT,2927.05,2915.953878135936,2932.598060932032,3.0,1.5,3.6987072880213723,3.698707288021069,0.0037908890740042667,0.0018954445370018558,0.001311901060795,0.34606685534305437,sl,2915.953878135936,2932.598060932032,0.0,0.0,False,False
ETHUSDT,5m,LONG,2965.01,2997.6892019038323,2948.670399048084,3.0,1.5,10.89306730127737,10.89306730127737,0.011021616083531693,0.005510808041765847,0.0110050219054909,0.9984943970180935,sl,2997.6892019038323,2948.670399048084,0.0,0.0,False,False
ETHUSDT,5m,LONG,2966.88,2983.5033039954487,2958.568348002276,3.0,1.5,5.541101331816208,5.541101331816208,0.005602957988003698,0.002801478994001849,0.00020897373672,0.03729703795163671,sl,2983.5033039954487,2958.568348002276,0.0,0.0,False,False
ETHUSDT,5m,SHORT,2936.54,2922.139339142309,2943.740330428845,3.0,1.5,4.800220285897012,4.800220285896709,0.004903955286728934,0.002451977643364245,0.0003711851362488,0.07569097076665847,sl,2922.139339142309,2943.740330428845,0.0,0.0,False,False
ETHUSDT,5m,SHORT,2923.31,2905.545101535382,2932.1924492323087,3.0,1.5,5.921632821539333,5.921632821539181,0.006076980704960433,0.00303849035248005,0.0003762857856333,0.061919858545239535,sl,2905.545101535382,2932.1924492323087,0.0,0.0,False,False
ETHUSDT,5m,SHORT,2916.85,2902.8356938497222,2923.8571530751387,3.0,1.5,4.671435383425887,4.671435383425887,0.0048046029621947595,0.0024023014810974352,0.0057562096096816,1.1980614537714358,tp,2902.8356938497222,2923.8571530751387,0.0,0.0,True,False
ETHUSDT,5m,SHORT,2894.46,2872.084876161244,2905.647561919378,3.0,1.5,7.458374612918608,7.458374612918608,0.0077303275356217505,0.0038651637678108752,0.0190640050302992,2.4661316021153405,tp,2872.084876161244,2905.647561919378,0.0,0.0,True,False
ETHUSDT,5m,LONG,2054.24,2091.045775458264,2035.837112270868,3.0,1.5,12.268591819421394,12.26859181942124,0.017916979251822562,0.00895848962591117,0.0091323311784407,0.5097026150494501,time,2091.045775458264,2035.837112270868,0.0,0.0,False,False
ETHUSDT,5m,SHORT,1984.33,1971.5000651557827,1990.7449674221089,3.0,1.5,4.276644948072392,4.27664494807262,0.006465625598674252,0.0032328127993372924,0.0067377905892668,1.0420941464115019,tp,1971.5000651557827,1990.7449674221089,0.0,0.0,True,False
ETHUSDT,5m,LONG,2004.32,2014.6678545271293,1999.1460727364351,3.0,1.5,3.449284842376452,3.449284842376528,0.005162775668121622,0.002581387834060811,0.0018260557196456,0.35369650688502136,sl,2014.6678545271293,1999.1460727364351,0.0,0.0,False,False
ETHUSDT,5m,LONG,2010.81,2023.020987700643,2004.7045061496783,3.0,1.5,4.070329233547682,4.070329233547757,0.006072671063224844,0.003036335531612422,0.0091952994067067,1.514210025698907,tp,2023.020987700643,2004.7045061496783,0.0,0.0,True,False
ETHUSDT,5m,LONG,2031.11,2047.2389274283437,2023.045536285828,3.0,1.5,5.376309142781262,5.376309142781338,0.007940942355826985,0.003970471177913604,0.0035251660422134,0.44392288525135404,sl,2047.2389274283437,2023.045536285828,0.0,0.0,False,False
ETHUSDT,5m,SHORT,1978.88,1962.613442306604,1987.0132788466983,3.0,1.5,5.422185897798727,5.422185897798802,0.008220082922358207,0.004110041461179215,0.001859637774903,0.22623102375827375,sl,1962.613442306604,1987.0132788466983,0.0,0.0,False,False
ETHUSDT,5m,SHORT,1958.7,1951.1909010585332,1962.4545494707331,3.0,1.5,2.5030329804889484,2.503032980488721,0.003833715699937179,0.001916857849968423,0.0018532700260377,0.4834135264824328,sl,1951.1909010585332,1962.4545494707331,0.0,0.0,False,False
ETHUSDT,5m,LONG,1966.42,1971.4360205150908,1963.9119897424548,3.0,1.5,1.6720068383635862,1.6720068383635105,0.002550838841697489,0.0012754194208486336,0.0027562779060423,1.0805378454281724,tp,1971.4360205150908,1963.9119897424548,0.0,0.0,True,False
ETHUSDT,5m,LONG,1975.73,1982.9239025235656,1972.1330487382168,3.0,1.5,2.397967507855204,2.397967507855507,0.0036411364526356405,0.0018205682263180423,0.0003897293658546,0.10703508943546841,sl,1982.9239025235656,1972.1330487382168,0.0,0.0,False,False
ETHUSDT,5m,LONG,1979.39,1986.4535833556536,1975.858208322173,3.0,1.5,2.354527785217821,2.3545277852181243,0.0035685657478583543,0.0017842828739293992,0.004450866175943,1.2472423069728087,tp,1986.4535833556536,1975.858208322173,0.0,0.0,True,False
ETHUSDT,5m,LONG,1989.61,2001.243725045019,1983.7931374774903,3.0,1.5,3.877908348339664,3.8779083483397394,0.0058472389287442805,0.0029236194643722513,0.0022064625730671,0.37735119087068797,sl,2001.243725045019,1983.7931374774903,0.0,0.0,False,False
ETHUSDT,5m,LONG,1979.86,1985.19260071566,1977.1936996421696,3.0,1.5,1.7775335718867307,1.777533571886882,0.0026934231287365495,0.0013467115643683858,0.0014192922731911,0.5269473845562735,sl,1985.19260071566,1977.1936996421696,0.0,0.0,False,False
ETHUSDT,5m,SHORT,1962.9,1953.388141385219,1967.6559293073908,3.0,1.5,3.1706195382604014,3.170619538260477,0.004845819254562733,0.002422909627281422,0.0012073972184014,0.24916266063050893,sl,1953.388141385219,1967.6559293073908,0.0,0.0,False,False
ETHUSDT,5m,SHORT,1951.58,1939.835217787981,1957.4523911060091,3.0,1.5,3.914927404006297,3.914927404006145,0.006018089041709196,0.003009044520854598,0.0047858658112913,0.7952467599136864,sl,1939.835217787981,1957.4523911060091,0.0,0.0,False,False
ETHUSDT,5m,SHORT,1935.5,1925.1306557868063,1940.684672106597,3.0,1.5,3.456448071064566,3.456448071064642,0.00535744986473452,0.0026787249323674267,0.0008731593903384,0.16298041276801906,sl,1925.1306557868063,1940.684672106597,0.0,0.0,False,False
ETHUSDT,5m,SHORT,1884.68,1867.451740786162,1893.2941296069191,3.0,1.5,5.742753071279367,5.742753071279367,0.009141211884159728,0.004570605942079808,0.0040431266846361,0.442296572475494,sl,1867.451740786162,1893.2941296069191,0.0,0.0,False,False
ETHUSDT,5m,LONG,1913.38,1927.4218307496235,1906.3590846251884,3.0,1.5,4.680610249874462,4.680610249874462,0.007338756937787183,0.0036693784688935915,0.0075834387314595,1.0333410406893915,tp,1927.4218307496235,1906.3590846251884,0.0,0.0,True,False
ETHUSDT,5m,SHORT,1925.12,1901.649365846196,1936.8553170769017,3.0,1.5,7.823544717934662,7.82354471793451,0.012191777215863953,0.006095888607931865,0.0099318484042552,0.8146349977041797,time,1901.649365846196,1936.8553170769017,0.0,0.0,False,False
ETHUSDT,5m,LONG,1980.15,2008.2011146141572,1966.124442692921,3.0,1.5,9.350371538052363,9.350371538052665,0.014166156409442188,0.007083078204721316,0.0013988839229351,0.09874830423322871,sl,2008.2011146141572,1966.124442692921,0.0,0.0,False,False
ETHUSDT,5m,LONG,1979.92,1997.5567826796776,1971.1016086601608,3.0,1.5,5.878927559892493,5.8789275598928725,0.008907825911995237,0.004453912955997841,5.050709119555793e-06,0.000566996837326438,sl,1997.5567826796776,1971.1016086601608,0.0,0.0,False,False
ETHUSDT,5m,SHORT,1925.48,1904.3399727733408,1936.0500136133296,3.0,1.5,7.046675742219729,7.046675742219729,0.010979094681149215,0.0054895473405744966,0.0006959303654153,0.06338686254434003,sl,1904.3399727733408,1936.0500136133296,0.0,0.0,False,False
ETHUSDT,5m,SHORT,1924.32,1905.0363935401087,1933.9618032299452,3.0,1.5,6.42786881996373,6.427868819963503,0.01002099778617449,0.005010498893087023,0.0021150328427704,0.21106010478202217,sl,1905.0363935401087,1933.9618032299452,0.0,0.0,False,False
ETHUSDT,5m,LONG,2003.88,2040.2570241274905,1985.691487936255,3.0,1.5,12.125674709163453,12.125674709163377,0.018153294672081266,0.009076647336040633,0.0205201908297901,1.1303838339245924,tp,2040.2570241274905,1985.691487936255,0.0,0.0,True,False
ETHUSDT,5m,SHORT,1943.74,1923.9044905288165,1953.657754735592,3.0,1.5,6.611836490394505,6.611836490394732,0.010204816215740542,0.0051024081078705485,0.0002778149340961,0.027223903715931794,sl,1923.9044905288165,1953.657754735592,0.0,0.0,False,False
ETHUSDT,5m,SHORT,1936.3,1903.9325075805891,1952.4837462097053,3.0,1.5,10.789164139803612,10.789164139803537,0.016716155771012153,0.00835807788550591,0.0051541599958684,0.30833404919606816,sl,1903.9325075805891,1952.4837462097053,0.0,0.0,False,False
ETHUSDT,5m,LONG,1998.37,2036.7772358459983,1979.1663820770004,3.0,1.5,12.802411948666153,12.802411948666304,0.019219281637533836,0.009609640818767029,0.0074861011724555,0.38950993661676186,sl,2036.7772358459983,1979.1663820770004,0.0,0.0,False,False
ETHUSDT,5m,LONG,1993.78,2014.1314291718388,1983.6042854140808,3.0,1.5,6.783809723946281,6.78380972394613,0.010207459785853468,0.005103729892926623,0.0006119030183871,0.059946649923141235,sl,2014.1314291718388,1983.6042854140808,0.0,0.0,False,False
ETHUSDT,5m,SHORT,1946.53,1922.8605320892607,1958.3647339553695,3.0,1.5,7.889822636913095,7.88982263691302,0.012159826928297646,0.006079913464148712,0.0016079896020096,0.13223786913180316,sl,1922.8605320892607,1958.3647339553695,0.0,0.0,False,False
ETHUSDT,5m,LONG,1982.3,2001.238691407122,1972.830654296439,3.0,1.5,6.312897135707317,6.312897135707317,0.009553897698189928,0.004776948849094964,0.0139736669525299,1.4626142537801443,tp,2001.238691407122,1972.830654296439,0.0,0.0,True,False
ETHUSDT,5m,LONG,2049.09,2077.4832109818203,2034.89339450909,3.0,1.5,9.464403660606726,9.464403660606726,0.013856497753549135,0.006928248876774568,0.0150847449355566,1.0886405211369423,tp,2077.4832109818203,2034.89339450909,0.0,0.0,True,False
ETHUSDT,5m,SHORT,2037.38,2021.521716900711,2045.309141549645,3.0,1.5,5.286094366429704,5.286094366429855,0.007783664853531991,0.003891832426766051,0.0003141289302928,0.040357458370045035,sl,2021.521716900711,2045.309141549645,0.0,0.0,False,False
ETHUSDT,5m,SHORT,2018.52,1991.8241602978533,2031.867919851073,3.0,1.5,8.898613234048904,8.898613234048753,0.013225452164034368,0.0066127260820170175,0.0177407209242414,1.3414075151612561,tp,1991.8241602978533,2031.867919851073,0.0,0.0,True,False
ETHUSDT,5m,LONG,2014.53,2036.9244487158796,2003.3327756420604,3.0,1.5,7.464816238626554,7.464816238626402,0.011116463252411002,0.00555823162620539,0.0019607551140961,0.1763829978631774,sl,2036.9244487158796,2003.3327756420604,0.0,0.0,False,False
ETHUSDT,5m,LONG,2023.91,2045.0132348282705,2013.3583825858648,3.0,1.5,7.034411609423462,7.034411609423539,0.01042696307062596,0.00521348153531298,0.0001334051415329,0.012794247052501673,sl,2045.0132348282705,2013.3583825858648,0.0,0.0,False,False
ETHUSDT,5m,LONG,2027.1,2053.246921867233,2014.0265390663835,3.0,1.5,8.715640622411078,8.715640622410925,0.012898683768552743,0.006449341884276261,0.001425682008781,0.11052926285834234,sl,2053.246921867233,2014.0265390663835,0.0,0.0,False,False
ETHUSDT,5m,LONG,2031.76,2044.4287987986768,2025.4256006006613,3.0,1.5,4.222932932892263,4.2229329328924905,0.0062353815404756485,0.0031176907702379353,0.0006890577627279,0.11050771444458188,sl,2044.4287987986768,2025.4256006006613,0.0,0.0,False,False
ETHUSDT,5m,LONG,2039.62,2056.4693256236337,2031.195337188183,3.0,1.5,5.61644187454461,5.61644187454461,0.008261012160909242,0.004130506080454621,0.0124434943764035,1.5062917393204656,tp,2056.4693256236337,2031.195337188183,0.0,0.0,True,False
ETHUSDT,5m,LONG,2079.3,2102.841674279899,2067.5291628600507,3.0,1.5,7.8472247599662905,7.8472247599662905,0.011321922897080228,0.005660961448540114,0.0010580483816668,0.09345129721203599,sl,2102.841674279899,2067.5291628600507,0.0,0.0,False,False
ETHUSDT,5m,LONG,2038.51,2049.2236124840256,2033.1531937579875,3.0,1.5,3.571204161341863,3.5712041613416354,0.005255609481447543,0.0026278047407235494,0.0066568228755316,1.266612920733624,tp,2049.2236124840256,2033.1531937579875,0.0,0.0,True,False
ETHUSDT,5m,LONG,2060.29,2076.0795533936684,2052.395223303166,3.0,1.5,5.263184464556161,5.2631844645560095,0.007663752866668538,0.003831876433334158,0.0022472564541885,0.29323185302103705,sl,2076.0795533936684,2052.395223303166,0.0,0.0,False,False
ETHUSDT,5m,LONG,2065.92,2081.768735402155,2057.995632298923,3.0,1.5,5.282911800718314,5.282911800718163,0.007671514580503969,0.0038357572902518733,0.0047097661090458,0.6139291087336236,sl,2081.768735402155,2057.995632298923,0.0,0.0,False,False
ETHUSDT,5m,LONG,2077.84,2082.3103657247707,2075.604817137614,3.0,1.5,1.4901219082568484,1.4901219082573032,0.0021514484872611206,0.0010757242436308934,4.812690101145194e-06,0.0022369534430600937,sl,2082.3103657247707,2075.604817137614,0.0,0.0,False,False
ETHUSDT,5m,LONG,2082.73,2087.9630645624616,2080.113467718769,3.0,1.5,1.74435485415385,1.7443548541541531,0.0025125986385472476,0.0012562993192738459,0.0050558641782661,2.012205252642076,tp,2087.9630645624616,2080.113467718769,0.0,0.0,True,False
ETHUSDT,5m,LONG,2095.96,2104.638047532953,2091.620976233524,3.0,1.5,2.8926825109842866,2.892682510984135,0.0041403688681811435,0.0020701844340904607,0.0003769155899921,0.09103430201321129,sl,2104.638047532953,2091.620976233524,0.0,0.0,False,False
ETHUSDT,5m,LONG,2102.73,2114.536671144934,2096.8266644275327,3.0,1.5,3.93555704831139,3.935557048311542,0.005614924952292544,0.002807462476146383,0.0020306934318718,0.36165994187378747,sl,2114.536671144934,2096.8266644275327,0.0,0.0,False,False
ETHUSDT,5m,SHORT,2147.04,2141.6046474733425,2149.7576762633284,3.0,1.5,1.811784175552475,1.8117841755523234,0.0025315562479774067,0.0012657781239886479,0.0125940830166182,4.974838314052977,tp,2141.6046474733425,2149.7576762633284,0.0,0.0,True,False
ETHUSDT,5m,SHORT,2088.19,2069.930647052727,2097.3196764736363,3.0,1.5,6.086450982424291,6.0864509824241395,0.008744105156749615,0.004372052578374586,0.0092951311901694,1.0630168580480124,tp,2069.930647052727,2097.3196764736363,0.0,0.0,True,False
ETHUSDT,5m,SHORT,2054.271813,2046.980801508129,2061.5628244918707,2.0,2.0,3.645505745935452,3.645505745935452,0.0035491951190350646,0.0035491951190349535,0.0041483375987887,1.1688108034805726,tp,2046.980801508129,2061.5628244918707,0.0,0.0,True,False
ETHUSDT,5m,LONG,2063.5894920000005,2067.3106320200063,2059.8683519799947,2.0,2.0,1.8605700100029026,1.8605700100029026,0.0018032365615505697,0.0018032365615504586,0.0013522592602926,0.749906744975167,sl,2067.3106320200063,2059.8683519799947,0.0,0.0,False,False
ETHUSDT,5m,SHORT,2042.5235755,2038.436387602051,2046.610763397949,2.0,2.0,2.0435939489746033,2.0435939489744896,0.002001048089223967,0.002001048089223856,0.0007018648485606,0.3507486163577371,sl,2038.436387602051,2046.610763397949,0.0,0.0,False,False
ETHUSDT,5m,LONG,2053.768019,2063.1678254374388,2044.3682125625608,2.0,2.0,4.699903218719328,4.699903218719669,0.004576858900556591,0.004576858900556924,0.0087117828471745,1.90344142925513,tp,2063.1678254374388,2044.3682125625608,0.0,0.0,True,False
ETHUSDT,5m,SHORT,2077.408342,2066.007295903034,2088.809388096965,2.0,2.0,5.700523048483092,5.70052304848241,0.005488110289376236,0.0054881102893755696,0.000480570901645,0.08756582435584043,sl,2066.007295903034,2088.809388096965,0.0,0.0,False,False
ETHUSDT,5m,SHORT,2355.4966225,2349.2827618121287,2361.710483187871,2.0,2.0,3.1069303439355735,3.1069303439355735,0.002638025726089177,0.002638025726089177,0.0031783626554529,1.2048262547328386,tp,2349.2827618121287,2361.710483187871,0.0,0.0,True,False
ETHUSDT,5m,LONG,2320.988096,2329.9318658508346,2312.044326149165,2.0,2.0,4.471884925417271,4.471884925417498,0.003853432021580838,0.0038534320215811713,0.003365766508438,0.873446447112157,sl,2329.9318658508346,2312.044326149165,0.0,0.0,False,False
ETHUSDT,5m,SHORT,2329.4205345,2320.832066514508,2338.009002485492,2.0,2.0,4.294233992746058,4.294233992746058,0.0036869546989443114,0.0036869546989442004,0.0045721819406413,1.2400971300109698,tp,2320.832066514508,2338.009002485492,0.0,0.0,True,False
ETHUSDT,5m,SHORT,2327.6508,2316.283971433071,2339.0176285669286,2.0,2.0,5.683414283464344,5.683414283464344,0.004883390827751577,0.004883390827751688,0.0023073907821567,0.47249766884193345,sl,2316.283971433071,2339.0176285669286,0.0,0.0,False,False
ETHUSDT,5m,LONG,2315.3572515000005,2318.1451460507024,2312.5693569492987,2.0,2.0,1.3939472753509108,1.3939472753509108,0.0012040882887061066,0.0012040882887061066,0.0006490352618482,0.5390263055756838,sl,2318.1451460507024,2312.5693569492987,0.0,0.0,False,False
ETHUSDT,5m,LONG,2329.7294070000003,2333.141061215459,2326.3177527845414,2.0,2.0,1.7058271077294194,1.7058271077294194,0.0014643993440646152,0.0014643993440646152,0.0014982825857421,1.023137979277864,sl,2333.141061215459,2326.3177527845414,0.0,0.0,True,True
ETHUSDT,5m,SHORT,2324.6612485,2314.2652812447345,2335.0572157552656,2.0,2.0,5.197983627632766,5.197983627632766,0.004472035339331049,0.004472035339331049,0.0045259275977474,1.012050946454375,tp,2314.2652812447345,2335.0572157552656,0.0,0.0,True,False
ETHUSDT,5m,LONG,2324.3486000000003,2332.241650675872,2316.4555493241287,2.0,2.0,3.946525337935782,3.946525337935782,0.0033958119173138623,0.0033958119173137513,0.0009471040617573,0.27890356851873976,sl,2332.241650675872,2316.4555493241287,0.0,0.0,False,False
ETHUSDT,5m,LONG,2275.5112755000005,2281.0455313913435,2269.977019608657,2.0,2.0,2.7671279456715183,2.7671279456717457,0.002432093372126687,0.002432093372126909,0.0033788997588288,1.3892968903057372,tp,2281.0455313913435,2269.977019608657,0.0,0.0,True,False
ETHUSDT,5m,LONG,2280.3520015000004,2284.722483448736,2275.981519551265,2.0,2.0,2.1852409743678436,2.185240974367616,0.0019165821530451321,0.00191658215304491,0.0020295105742251,1.0589217743682646,tp,2284.722483448736,2275.981519551265,0.0,0.0,True,False
ETHUSDT,5m,SHORT,2351.2572585000003,2343.857619717476,2358.6568972825244,2.0,2.0,3.6998193912620536,3.6998193912620536,0.003147098751433375,0.003147098751433486,0.003231147281964,1.0267066708638692,tp,2343.857619717476,2358.6568972825244,0.0,0.0,True,False
ETHUSDT,5m,SHORT,2353.6568985000004,2346.9052299856653,2360.4085670143354,2.0,2.0,3.3758342571675257,3.3758342571675257,0.002868586546593943,0.002868586546593832,0.0032531923004071,1.134075004384938,tp,2346.9052299856653,2360.4085670143354,0.0,0.0,True,False
ETHUSDT,5m,LONG,2313.0969125,2318.057184063965,2308.1366409360357,2.0,2.0,2.480135781982426,2.4801357819821988,0.002144428768703799,0.002144428768703577,0.002119706906141,0.988471586035594,time,2318.057184063965,2308.1366409360357,0.0,0.0,False,False
ETHUSDT,5m,LONG,2314.0970625,2317.9441677583004,2310.2499572417,2.0,2.0,1.9235526291502083,1.923552629149981,0.0016624649504304312,0.0016624649504303202,0.0001827656699685,0.10993655530673285,sl,2317.9441677583004,2310.2499572417,0.0,0.0,False,False
ETHUSDT,5m,LONG,2327.15,2332.4111603092,2324.5194198454005,3.0,1.5,1.753720103066674,1.753720103066371,0.002260774040865554,0.001130387020432555,0.0003093913155575,0.13685194095693315,sl,2332.4111603092,2324.5194198454005,0.0,0.0,False,False
ETHUSDT,5m,SHORT,2331.66,2314.006025408413,2340.4869872957934,3.0,1.5,5.884658197195677,5.884658197195677,0.007571418899662508,0.003785709449831254,0.0026676273556178,0.35232859137363387,sl,2314.006025408413,2340.4869872957934,0.0,0.0,False,False
ETHUSDT,5m,LONG,2303.55,2312.9379149358647,2298.856042532068,3.0,1.5,3.1293049786215,3.1293049786215,0.0040754118364543235,0.0020377059182271617,0.0001649627748473,0.0404775717074082,sl,2312.9379149358647,2298.856042532068,0.0,0.0,False,False
ETHUSDT,5m,LONG,2299.7,2309.6990695110258,2294.7004652444866,3.0,1.5,3.333023170341979,3.3330231703421305,0.004347988655488022,0.002173994327744122,0.003156933513067,0.7260675597859082,sl,2309.6990695110258,2294.7004652444866,0.0,0.0,False,False
ETHUSDT,5m,LONG,2296.42,2311.2874579460668,2288.9862710269667,3.0,1.5,4.955819315355559,4.955819315355559,0.006474189366956651,0.0032370946834783254,0.0024385783088459,0.37666156651086846,sl,2311.2874579460668,2288.9862710269667,0.0,0.0,False,False
ETHUSDT,5m,LONG,2138.93,2145.251082833988,2135.769458583006,3.0,1.5,2.1070276113294617,2.10702761132931,0.0029552546525544177,0.0014776273262770978,0.0003506426110251,0.11865055714302554,sl,2145.251082833988,2135.769458583006,0.0,0.0,False,False
ETHUSDT,5m,LONG,2133.0,2140.2199552725247,2129.390022363738,3.0,1.5,2.4066517575082194,2.4066517575080675,0.0033848829219524923,0.0016924414609761351,0.0010032817627753,0.2964007281517967,sl,2140.2199552725247,2129.390022363738,0.0,0.0,False,False
ETHUSDT,5m,LONG,2133.52,2139.4496598891265,2130.555170055437,3.0,1.5,1.9765532963754897,1.9765532963753383,0.0027792848856005303,0.0013896424428001541,0.0003843413701301,0.1382878639470793,sl,2139.4496598891265,2130.555170055437,0.0,0.0,False,False
ETHUSDT,5m,LONG,2116.76,2124.589065029756,2112.8454674851228,3.0,1.5,2.609688343251946,2.609688343251643,0.003698607791982056,0.001849303895990806,0.0029526257109922,0.7983073299615556,sl,2124.589065029756,2112.8454674851228,0.0,0.0,False,False
ETHUSDT,5m,LONG,2112.41,2119.1575186954537,2109.036240652273,3.0,1.5,2.2491728984846304,2.249172898484479,0.003194227775599412,0.001597113887799595,0.0044688294412543,1.399032803919471,tp,2119.1575186954537,2109.036240652273,0.0,0.0,True,False
ETHUSDT,5m,SHORT,2096.19,2088.80530545045,2099.882347274775,3.0,1.5,2.461564849850068,2.4615648498499163,0.0035229127844089714,0.0017614563922043747,0.000186051836904,0.052811933842754316,sl,2088.80530545045,2099.882347274775,0.0,0.0,False,False
ETHUSDT,5m,LONG,2111.2,2123.13348797614,2105.23325601193,3.0,1.5,3.9778293253799952,3.9778293253799952,0.005652466832199776,0.002826233416099888,0.0079291398256916,1.402775117674739,tp,2123.13348797614,2105.23325601193,0.0,0.0,True,False
ETHUSDT,5m,LONG,2112.62,2132.2644479992923,2102.7977760003537,3.0,1.5,6.5481493330974745,6.5481493330974745,0.009298618776349965,0.0046493093881749825,0.0023714629228163,0.25503389050079783,sl,2132.2644479992923,2102.7977760003537,0.0,0.0,False,False
ETHUSDT,5m,LONG,2020.65,2027.8963514678148,2017.0268242660927,3.0,1.5,2.4154504892715827,2.4154504892715827,0.0035861487480834953,0.0017930743740417476,0.0039739687724247,1.108143875668421,tp,2027.8963514678148,2017.0268242660927,0.0,0.0,True,False
ETHUSDT,5m,LONG,2022.79,2027.3796613255963,2020.4951693372016,3.0,1.5,1.5298871085321177,1.5298871085322692,0.0022689756848690568,0.0011344878424346394,0.0013842267363393,0.6100668004378302,sl,2027.3796613255963,2020.4951693372016,0.0,0.0,False,False
ETHUSDT,5m,LONG,2029.0,2033.63515679911,2026.682421600445,3.0,1.5,1.5450522663700212,1.5450522663700212,0.002284453819176857,0.0011422269095884285,0.0005914243469689,0.2588909182598422,sl,2033.63515679911,2026.682421600445,0.0,0.0,False,False
ETHUSDT,5m,SHORT,1666.09,1660.4991696537636,1668.885415173118,3.0,1.5,1.8636101154121054,1.8636101154120297,0.003355659265847799,0.001677829632923844,0.0006542263623213,0.19496209552015148,sl,1660.4991696537636,1668.885415173118,0.0,0.0,False,False
ETHUSDT,5m,SHORT,1666.55,1659.269060734696,1670.190469632652,3.0,1.5,2.426979755101305,2.426979755101305,0.004368869380038998,0.002184434690019499,0.0045303171221985,1.0369541243089446,tp,1659.269060734696,1670.190469632652,0.0,0.0,True,False
ETHUSDT,5m,SHORT,1665.66,1660.0979047047442,1668.441047647628,3.0,1.5,1.854031765085286,1.854031765085286,0.003339274098709155,0.001669637049354522,0.0024194613546581,0.7245470971051398,sl,1660.0979047047442,1668.441047647628,0.0,0.0,False,False
ETHUSDT,5m,SHORT,1766.33,1748.4059781692,1775.2920109153995,3.0,1.5,5.97467394360001,5.974673943599707,0.01014760652358282,0.005073803261791188,0.0013361036725866,0.1316668782418321,sl,1748.4059781692,1775.2920109153995,0.0,0.0,False,False
ETHUSDT,5m,LONG,1724.21,1729.961540028669,1721.3342299856654,3.0,1.5,1.9171800095563565,1.9171800095564322,0.0033357537821199212,0.0016678768910600716,0.0011889503018773,0.3564262770982169,sl,1729.961540028669,1721.3342299856654,0.0,0.0,False,False
ETHUSDT,5m,LONG,1727.06,1736.7766788272588,1722.2016605863705,3.0,1.5,3.238892942419625,3.238892942419625,0.0056261385402121,0.00281306927010605,0.0025129410674789,0.4466546725641357,sl,1736.7766788272588,1722.2016605863705,0.0,0.0,False,False
ETHUSDT,5m,LONG,1725.43,1736.6690640354368,1719.8104679822816,3.0,1.5,3.7463546784789137,3.746354678478989,0.006513775717031045,0.0032568878585155225,0.0035237592947844,0.5409703139718351,time,1736.6690640354368,1719.8104679822816,0.0,0.0,False,False
ETHUSDT,5m,SHORT,1727.81,1721.066071616862,1731.1819641915688,3.0,1.5,2.247976127712642,2.2479761277125667,0.0039031655003374244,0.0019515827501686012,0.0009896921536511,0.253561411517278,sl,1721.066071616862,1731.1819641915688,0.0,0.0,False,False
ETHUSDT,5m,SHORT,1728.08,1720.5188590897396,1731.86057045513,3.0,1.5,2.5203803034200973,2.5203803034200973,0.004375457681507933,0.002187728840753911,0.0042011943891486,0.9601725567828424,time,1720.5188590897396,1731.86057045513,0.0,0.0,False,False
ETHUSDT,5m,SHORT,1732.36,1722.420181591214,1737.3299092043928,3.0,1.5,3.3132728029286227,3.3132728029286227,0.005737732577977939,0.0028688662889890804,0.0061303655129418,1.068429981639582,tp,1722.420181591214,1737.3299092043928,0.0,0.0,True,False
ETHUSDT,5m,LONG,1587.92,1597.2333349893674,1583.2633325053164,3.0,1.5,3.104444996455792,3.104444996455792,0.005865115994110104,0.002932557997055052,0.0005856718222579,0.09985681832141875,sl,1597.2333349893674,1583.2633325053164,0.0,0.0,False,False
ETHUSDT,5m,SHORT,1786.5,1776.3208716375643,1791.5895641812178,3.0,1.5,3.3930427874785587,3.3930427874785587,0.005697804848830534,0.002848902424415156,0.0020598936467954,0.3615240783857646,sl,1776.3208716375643,1791.5895641812178,0.0,0.0,False,False
ETHUSDT,5m,SHORT,1861.87,1849.230004672371,1868.1899976638144,3.0,1.5,4.213331775876289,4.213331775876365,0.006788871042354705,0.0033944355211774635,0.0046566086783716,0.6859179750682767,sl,1849.230004672371,1868.1899976638144,0.0,0.0,False,False
ETHUSDT,5m,SHORT,1922.82,1914.7435778993051,1926.8582110503476,3.0,1.5,2.6921407002315996,2.6921407002317514,0.004200300652528521,0.002100150326264316,0.0001144152858822,0.027239784802862533,sl,1914.7435778993051,1926.8582110503476,0.0,0.0,False,False
ETHUSDT,5m,LONG,1880.23,1885.277481685475,1877.7062591572624,3.0,1.5,1.682493895158359,1.6824938951584347,0.002684502260614341,0.0013422511303072815,0.0004999388372699,0.1862314830591688,sl,1885.277481685475,1877.7062591572624,0.0,0.0,False,False
ETHUSDT,5m,LONG,1883.12,1888.6467277247016,1880.3566361376488,3.0,1.5,1.8422425749005622,1.8422425749007136,0.002934878140905317,0.0014674390704527696,0.0035738561536174,1.2177187542495302,tp,1888.6467277247016,1880.3566361376488,0.0,0.0,True,False
ETHUSDT,5m,SHORT,1887.36,1878.228931315684,1891.925534342158,3.0,1.5,3.0436895614386685,3.0436895614387445,0.00483801112893989,0.002419005564469945,0.005245422177009,1.0842104404498099,tp,1878.228931315684,1891.925534342158,0.0,0.0,True,False
ETHUSDT,5m,LONG,1912.38,1920.8618449870755,1908.1390775064624,3.0,1.5,2.827281662358473,2.827281662358473,0.004435229916164962,0.002217614958082481,0.0006902393875693,0.1556265178167209,sl,1920.8618449870755,1908.1390775064624,0.0,0.0,False,False
ETHUSDT,5m,LONG,1909.79,1921.9689496176252,1903.7005251911876,3.0,1.5,4.0596498725417405,4.059649872541589,0.006377114561090691,0.0031885572805452345,0.0033406814361789,0.5238547001431846,sl,1921.9689496176252,1903.7005251911876,0.0,0.0,False,False
ETHUSDT,5m,LONG,1912.11,1920.127280127332,1908.101359936334,3.0,1.5,2.6724267091106717,2.6724267091106717,0.004192896918761013,0.0020964484593805066,0.0002981000047069,0.07109643057835716,sl,1920.127280127332,1908.101359936334,0.0,0.0,False,False
ETHUSDT,5m,LONG,1911.55,1919.9117364363217,1907.369131781839,3.0,1.5,2.7872454787739116,2.7872454787739116,0.0043743226367720656,0.0021871613183860328,0.0024848944573775,0.5680638269542854,sl,1919.9117364363217,1907.369131781839,0.0,0.0,False,False
ETHUSDT,5m,SHORT,1897.44,1881.327784579988,1905.4961077100063,3.0,1.5,5.370738473337345,5.3707384733374965,0.008491554631509857,0.00424577731575515,8.432414200189826e-05,0.009930353823432313,sl,1881.327784579988,1905.4961077100063,0.0,0.0,False,False
ETHUSDT,5m,LONG,1905.65,1914.4167125387737,1901.2666437306132,3.0,1.5,2.9222375129245393,2.922237512924615,0.0046003791560746965,0.0023001895780373482,0.0012646603521107,0.2749035045167407,sl,1914.4167125387737,1901.2666437306132,0.0,0.0,False,False
ETHUSDT,5m,LONG,1914.26,1928.40942141266,1907.18528929367,3.0,1.5,4.716473804220034,4.716473804220034,0.007391588087647394,0.003695794043823697,0.0058194811572096,0.7873113447616145,time,1928.40942141266,1907.18528929367,0.0,0.0,False,False
ETHUSDT,5m,SHORT,1910.01,1903.281936262101,1913.3740318689493,3.0,1.5,2.2426879126329973,2.242687912632846,0.003522528017077864,0.001761264008538932,0.0036701378526813,1.0419045171217367,tp,1903.281936262101,1913.3740318689493,0.0,0.0,True,False
ETHUSDT,5m,LONG,1879.86,1890.9298212522333,1874.3250893738832,3.0,1.5,3.689940417411132,3.689940417411132,0.005888641309583331,0.0029443206547916656,0.0028193588884279,0.47877918524933766,sl,1890.9298212522333,1874.3250893738832,0.0,0.0,False,False
ETHUSDT,5m,LONG,1865.99,1873.2696989342824,1862.3501505328588,3.0,1.5,2.4265663114274503,2.4265663114274503,0.0039012529189772494,0.0019506264594886247,0.0013290532103601,0.3406734292706467,sl,1873.2696989342824,1862.3501505328588,0.0,0.0,False,False
ETHUSDT,5m,LONG,1865.43,1877.839877448968,1859.2250612755165,3.0,1.5,4.136625816322673,4.136625816322369,0.006652555951693673,0.0033262779758466143,9.113180339109232e-05,0.013698765414801374,sl,1877.839877448968,1859.2250612755165,0.0,0.0,False,False
SOLUSDT,5m,SHORT,128.19,127.3849876143592,128.9950123856408,2.0,2.0,0.4025061928203968,0.4025061928203968,0.006279837628838436,0.006279837628838436,0.0074888836882751,1.1925282357436202,tp,127.3849876143592,128.9950123856408,0.0,0.0,True,False
SOLUSDT,5m,SHORT,127.16,126.33411845428178,127.9858815457182,2.0,2.0,0.412940772859109,0.4129407728591019,0.0064948218442766326,0.0064948218442766326,0.0066058508965083,1.017095011209508,tp,126.33411845428178,127.9858815457182,0.0,0.0,True,False
SOLUSDT,5m,LONG,127.74,128.85618074661028,126.62381925338973,2.0,2.0,0.5580903733051414,0.5580903733051343,0.008737910964539575,0.008737910964539464,0.0007045561296383,0.0806321021692197,sl,128.85618074661028,126.62381925338973,0.0,0.0,False,False
SOLUSDT,5m,LONG,128.44,129.78428876826,127.09571123173998,2.0,2.0,0.6721443841300072,0.6721443841300072,0.010466278170819132,0.010466278170819132,0.0133136094674556,1.2720481197007614,tp,129.78428876826,127.09571123173998,0.0,0.0,True,False
SOLUSDT,5m,LONG,130.6,132.16763551933605,129.03236448066394,2.0,2.0,0.7838177596680254,0.7838177596680254,0.01200333475755011,0.01200333475755011,0.0088820826952526,0.7399679234694142,time,132.16763551933605,129.03236448066394,0.0,0.0,False,False
SOLUSDT,5m,SHORT,147.7,147.00301564219805,148.39698435780193,2.0,2.0,0.34849217890096895,0.34849217890096895,0.004718919145578426,0.004718919145578537,0.0073121191604602,1.5495326228065538,tp,147.00301564219805,148.39698435780193,0.0,0.0,True,False
SOLUSDT,5m,SHORT,147.28,146.04139311602697,148.51860688397304,2.0,2.0,0.6193034419865171,0.6193034419865171,0.008409878353972222,0.008409878353972333,0.0095057034220532,1.130302130656074,tp,146.04139311602697,148.51860688397304,0.0,0.0,True,False
SOLUSDT,5m,SHORT,147.76,147.05770304151048,148.4622969584895,2.0,2.0,0.3511484792447561,0.3511484792447561,0.004752957217714626,0.004752957217714515,0.0003383865728206,0.07119495449262787,sl,147.05770304151048,148.4622969584895,0.0,0.0,False,False
SOLUSDT,5m,SHORT,146.99,146.2631803416738,147.71681965832622,2.0,2.0,0.3634098291631034,0.3634098291631034,0.004944687790504165,0.004944687790504165,0.0008844139057078,0.17886142526657367,sl,146.2631803416738,147.71681965832622,0.0,0.0,False,False
SOLUSDT,5m,SHORT,146.83,145.99846422240373,147.6615357775963,2.0,2.0,0.4157678887981433,0.4157678887981433,0.005663255312921667,0.005663255312921667,0.0076959749370021,1.3589313057178338,tp,145.99846422240373,147.6615357775963,0.0,0.0,True,False
SOLUSDT,5m,SHORT,145.45,144.52076641966295,146.37923358033703,2.0,2.0,0.4646167901685203,0.4646167901685203,0.0063886805110831,0.0063886805110831,0.0045376418013062,0.7102627519773898,sl,144.52076641966295,146.37923358033703,0.0,0.0,False,False
SOLUSDT,5m,LONG,146.71,147.69270602230472,145.7272939776953,2.0,2.0,0.49135301115235563,0.49135301115235563,0.006698289293877169,0.006698289293877058,0.0017040419875945,0.25439958067385143,sl,147.69270602230472,145.7272939776953,0.0,0.0,False,False
SOLUSDT,5m,LONG,148.48,149.02880096238022,147.93119903761976,2.0,2.0,0.2744004811901135,0.2744004811901135,0.0036961271712030452,0.0036961271712030452,0.0035021551724138,0.9475202043099319,time,149.02880096238022,147.93119903761976,0.0,0.0,False,False
SOLUSDT,5m,LONG,147.9,148.35889613505773,147.44110386494228,2.0,2.0,0.22944806752886393,0.22944806752886393,0.0031027460112085237,0.0031027460112084126,0.0027045300878972,0.8716569381210104,sl,148.35889613505773,147.44110386494228,0.0,0.0,False,False
SOLUSDT,5m,SHORT,145.25,144.59441708244998,145.90558291755002,2.0,2.0,0.32779145877501037,0.32779145877501037,0.004513479638898588,0.004513479638898588,0.0048192771084336,1.0677520436559753,tp,144.59441708244998,145.90558291755002,0.0,0.0,True,False
SOLUSDT,5m,SHORT,144.16,143.47540821588234,144.84459178411765,2.0,2.0,0.3422958920588286,0.3422958920588286,0.00474883313067187,0.004748833130671981,0.0032602663706992,0.6865405207948282,time,143.47540821588234,144.84459178411765,0.0,0.0,False,False
SOLUSDT,5m,LONG,149.32,150.2480510044643,148.3919489955357,2.0,2.0,0.4640255022321469,0.4640255022321469,0.006215182189018842,0.006215182189018842,0.0010045539780337,0.16162904762608155,sl,150.2480510044643,148.3919489955357,0.0,0.0,False,False
SOLUSDT,5m,LONG,172.74,173.51753191376727,171.96246808623275,2.0,2.0,0.38876595688363125,0.38876595688363125,0.004501168888313423,0.004501168888313423,0.0098992705800624,2.1992666406640065,tp,173.51753191376727,171.96246808623275,0.0,0.0,True,False
SOLUSDT,5m,LONG,173.6,175.25156151960834,171.94843848039164,2.0,2.0,0.8257807598041751,0.8257807598041751,0.009513603223550327,0.009513603223550438,0.0036866359447005,0.387512055955252,sl,175.25156151960834,171.94843848039164,0.0,0.0,False,False
SOLUSDT,5m,SHORT,167.28,165.1923895688251,169.3676104311749,2.0,2.0,1.0438052155874544,1.0438052155874544,0.012479737154321602,0.01247973715432149,0.0088474414155905,0.7089445319388578,time,165.1923895688251,169.3676104311749,0.0,0.0,False,False
SOLUSDT,5m,SHORT,166.41,165.25645234020033,167.56354765979967,2.0,2.0,0.5767738298998353,0.5767738298998353,0.006931961179013735,0.006931961179013735,0.0009614806802475,0.13870254830023404,sl,165.25645234020033,167.56354765979967,0.0,0.0,False,False
SOLUSDT,5m,SHORT,165.45,164.39919341742035,166.50080658257963,2.0,2.0,0.5254032912898197,0.5254032912898197,0.006351203279417628,0.006351203279417517,0.0019341190692051,0.3045279743246462,sl,164.39919341742035,166.50080658257963,0.0,0.0,False,False
SOLUSDT,5m,SHORT,165.02,163.912189260477,166.12781073952303,2.0,2.0,0.5539053697615088,0.5539053697615088,0.006713190761865384,0.006713190761865384,0.0037571203490486,0.5596623844493009,sl,163.912189260477,166.12781073952303,0.0,0.0,False,False
SOLUSDT,5m,LONG,166.98,168.21774556488458,165.7422544351154,2.0,2.0,0.6188727824422955,0.6188727824422955,0.007412537818209275,0.007412537818209275,0.0017966223499821,0.24237614620577128,sl,168.21774556488458,165.7422544351154,0.0,0.0,False,False
SOLUSDT,5m,SHORT,165.22,163.9136090891479,166.5263909108521,2.0,2.0,0.6531954554260437,0.6531954554260437,0.007906978034451617,0.007906978034451617,0.0046604527296938,0.5894101019868361,sl,163.9136090891479,166.5263909108521,0.0,0.0,False,False
SOLUSDT,5m,LONG,167.77,169.01708777965732,166.5229122203427,2.0,2.0,0.6235438898286532,0.6235438898286532,0.007433318112042064,0.007433318112042064,0.007867914406628,1.0584659889480426,tp,169.01708777965732,166.5229122203427,0.0,0.0,True,False
SOLUSDT,5m,LONG,169.21,170.59031553133445,167.8296844686656,2.0,2.0,0.6901577656672231,0.6901577656672089,0.008157411094701583,0.008157411094701361,0.0007091779445659,0.08693664403238505,sl,170.59031553133445,167.8296844686656,0.0,0.0,False,False
SOLUSDT,5m,SHORT,166.76,165.43939667645773,168.08060332354225,2.0,2.0,0.660301661771129,0.660301661771129,0.007919185197542977,0.007919185197542866,0.0035380187095226,0.44676549686201467,sl,165.43939667645773,168.08060332354225,0.0,0.0,False,False
SOLUSDT,5m,SHORT,167.11,165.93875869944952,168.2812413005505,2.0,2.0,0.5856206502752457,0.5856206502752457,0.007008804383642486,0.007008804383642486,0.0023936329363892,0.34151801154210915,sl,165.93875869944952,168.2812413005505,0.0,0.0,False,False
SOLUSDT,5m,LONG,170.93,172.15883596096853,169.70116403903148,2.0,2.0,0.6144179804842622,0.6144179804842622,0.007189118124194316,0.007189118124194205,0.0045047680336978,0.6266092663768338,sl,172.15883596096853,169.70116403903148,0.0,0.0,False,False
SOLUSDT,5m,LONG,176.8,177.78860471456284,175.8113952854372,2.0,2.0,0.4943023572814127,0.4943023572814127,0.005591655625355241,0.005591655625355352,0.0001131221719455,0.020230532694565446,sl,177.78860471456284,175.8113952854372,0.0,0.0,False,False
SOLUSDT,5m,SHORT,173.4,172.1065778745195,174.6934221254805,2.0,2.0,0.6467110627402519,0.6467110627402519,0.007459181807845994,0.007459181807845994,0.0105536332179931,1.414851318799092,tp,172.1065778745195,174.6934221254805,0.0,0.0,True,False
SOLUSDT,5m,SHORT,173.13,172.26284200298295,173.99715799701704,2.0,2.0,0.4335789985085228,0.4335789985085228,0.0050087102005258455,0.0050087102005258455,0.0062380869866573,1.2454477773544148,tp,172.26284200298295,173.99715799701704,0.0,0.0,True,False
SOLUSDT,5m,SHORT,171.96,170.89178728777583,173.0282127122242,2.0,2.0,0.5341063561120905,0.5341063561120905,0.00621198367192477,0.00621198367192477,0.0050593161200279,0.8144445296747346,sl,170.89178728777583,173.0282127122242,0.0,0.0,False,False
SOLUSDT,5m,LONG,173.27,174.2126918270363,172.3273081729637,2.0,2.0,0.4713459135181495,0.4713459135181495,0.005440594604007032,0.005440594604007032,0.0050787787845558,0.9334970079952745,time,174.2126918270363,172.3273081729637,0.0,0.0,False,False
SOLUSDT,5m,LONG,176.1,177.11506999724455,175.08493000275544,2.0,2.0,0.5075349986222761,0.5075349986222761,0.005764168070667486,0.005764168070667486,0.0014764338444066,0.2561399713377251,sl,177.11506999724455,175.08493000275544,0.0,0.0,False,False
SOLUSDT,5m,LONG,177.5,178.3882463490009,176.6117536509991,2.0,2.0,0.44412317450044725,0.44412317450044725,0.005004204783103594,0.005004204783103594,0.0051267605633802,1.0244905605562764,tp,178.3882463490009,176.6117536509991,0.0,0.0,True,False
SOLUSDT,5m,LONG,178.81,179.86006955602627,177.75993044397373,2.0,2.0,0.5250347780131364,0.5250347780131364,0.005872543795236718,0.005872543795236718,0.0031318158939656,0.5332980056284721,sl,179.86006955602627,177.75993044397373,0.0,0.0,False,False
SOLUSDT,5m,SHORT,173.12,172.43769911918758,173.80230088081242,2.0,2.0,0.34115044040621,0.34115044040621,0.003941201945543038,0.003941201945543149,0.0023105360443623,0.5862516248311511,sl,172.43769911918758,173.80230088081242,0.0,0.0,False,False
SOLUSDT,5m,LONG,174.07,174.81918430437906,173.32081569562092,2.0,2.0,0.37459215218953545,0.37459215218953545,0.004303925457454394,0.004303925457454283,0.0046533003963922,1.0811758805749503,tp,174.81918430437906,173.32081569562092,0.0,0.0,True,False
SOLUSDT,5m,SHORT,172.77,171.794233896347,173.745766103653,2.0,2.0,0.4878830518265005,0.4878830518265005,0.005647775097835317,0.005647775097835206,0.0057301614863692,1.0145874060327686,tp,171.794233896347,173.745766103653,0.0,0.0,True,False
SOLUSDT,5m,SHORT,158.95,157.86431551722674,160.03568448277323,2.0,2.0,0.542842241386623,0.542842241386623,0.006830352203669343,0.006830352203669454,0.0052217678515255,0.764494669648266,time,157.86431551722674,160.03568448277323,0.0,0.0,False,False
SOLUSDT,5m,LONG,152.77,153.5193440694768,152.02065593052322,2.0,2.0,0.3746720347383956,0.3746720347383956,0.004905047257163009,0.004905047257163009,0.0067421614191267,1.3745354663568004,tp,153.5193440694768,152.02065593052322,0.0,0.0,True,False
SOLUSDT,5m,LONG,153.84,154.75830062597424,152.92169937402576,2.0,2.0,0.45915031298711995,0.45915031298711995,0.005969192836545956,0.005969192836546067,0.0055252210088403,0.925622803641479,time,154.75830062597424,152.92169937402576,0.0,0.0,False,False
SOLUSDT,5m,LONG,151.95,152.64583966175448,151.2541603382455,2.0,2.0,0.3479198308772453,0.3479198308772453,0.00457939889275738,0.00457939889275738,0.0059230009871668,1.293401410507046,tp,152.64583966175448,151.2541603382455,0.0,0.0,True,False
SOLUSDT,5m,LONG,153.58,154.41944596824877,152.74055403175126,2.0,2.0,0.4197229841243768,0.4197229841243768,0.005465854722286556,0.005465854722286445,0.0055345748144289,1.0125726159281445,tp,154.41944596824877,152.74055403175126,0.0,0.0,True,False
SOLUSDT,5m,SHORT,157.38,156.58405823584337,158.17594176415662,2.0,2.0,0.39797088207831166,0.39797088207831166,0.005057451799190593,0.005057451799190593,0.0010801880798067,0.21358346509196113,sl,156.58405823584337,158.17594176415662,0.0,0.0,False,False
SOLUSDT,5m,SHORT,149.74,148.9035670190539,150.57643298094612,2.0,2.0,0.418216490473057,0.418216490473057,0.005585902103286466,0.005585902103286466,0.0046079871777747,0.8249316032702382,sl,148.9035670190539,150.57643298094612,0.0,0.0,False,False
SOLUSDT,5m,LONG,148.4,149.1221086994596,147.6778913005404,2.0,2.0,0.3610543497297982,0.3610543497297982,0.0048659615866548656,0.004865961586654977,0.0023584905660376,0.48469157103621086,time,149.1221086994596,147.6778913005404,0.0,0.0,False,False
SOLUSDT,5m,SHORT,146.42,145.67319417723914,147.16680582276084,2.0,2.0,0.37340291138042403,0.37340291138042403,0.00510043588827247,0.00510043588827247,0.005258844420161,1.0310578419881253,tp,145.67319417723914,147.16680582276084,0.0,0.0,True,False
SOLUSDT,5m,SHORT,145.31,144.32953179876213,146.29046820123787,2.0,2.0,0.4902341006189346,0.4902341006189346,0.006747424136245739,0.006747424136245739,0.0079829330397081,1.1831082318992618,tp,144.32953179876213,146.29046820123787,0.0,0.0,True,False
SOLUSDT,5m,SHORT,143.91,142.76793203753977,145.05206796246023,2.0,2.0,0.5710339812301157,0.5710339812301157,0.007935987509278264,0.007935987509278153,0.0114654992703773,1.4447476457054083,tp,142.76793203753977,145.05206796246023,0.0,0.0,True,False
SOLUSDT,5m,LONG,143.23,144.34038184222604,142.11961815777394,2.0,2.0,0.5551909211130237,0.5551909211130237,0.007752439029714786,0.007752439029714786,0.0033512532290722,0.43228372596378783,sl,144.34038184222604,142.11961815777394,0.0,0.0,False,False
SOLUSDT,5m,SHORT,141.48,140.4358460302942,142.5241539697058,2.0,2.0,0.5220769848529017,0.5220769848529017,0.007380223139000552,0.007380223139000552,0.0161153519932145,2.18358600948709,tp,140.4358460302942,142.5241539697058,0.0,0.0,True,False
SOLUSDT,5m,LONG,142.54,143.1665481322847,141.91345186771528,2.0,2.0,0.3132740661423554,0.3132740661423554,0.004395595147219877,0.004395595147219766,0.0052616809316683,1.1970349305249834,tp,143.1665481322847,141.91345186771528,0.0,0.0,True,False
SOLUSDT,5m,LONG,145.17,145.67012879488794,144.66987120511203,2.0,2.0,0.25006439744397824,0.25006439744397824,0.003445124990617554,0.003445124990617554,0.0035820073017841,1.0397321756218805,tp,145.67012879488794,144.66987120511203,0.0,0.0,True,False
SOLUSDT,5m,LONG,145.78,146.31414976021958,145.24585023978042,2.0,2.0,0.26707488010978864,0.26707488010978864,0.0036640812197803463,0.0036640812197803463,0.0067910550144053,1.8534127949304597,tp,146.31414976021958,145.24585023978042,0.0,0.0,True,False
SOLUSDT,5m,SHORT,148.19,147.48025272836753,148.89974727163246,2.0,2.0,0.354873635816233,0.354873635816233,0.004789441066417877,0.004789441066417988,0.0002024428099062,0.04226856685337841,sl,147.48025272836753,148.89974727163246,0.0,0.0,False,False
SOLUSDT,5m,SHORT,147.6,146.90203560115214,148.29796439884785,2.0,2.0,0.3489821994239293,0.3489821994239293,0.004728756089755093,0.004728756089755093,0.000542005420054,0.11461902660368997,sl,146.90203560115214,148.29796439884785,0.0,0.0,False,False
SOLUSDT,5m,LONG,148.91,149.87134528135766,147.94865471864233,2.0,2.0,0.48067264067883286,0.48067264067883286,0.006455881279683551,0.00645588127968344,0.0019474850580887,0.30166060584437515,sl,149.87134528135766,147.94865471864233,0.0,0.0,False,False
SOLUSDT,5m,LONG,152.05,152.62581305184597,151.47418694815406,2.0,2.0,0.2879065259229776,0.2879065259229776,0.003786998039105205,0.003786998039105316,0.0030253206182175,0.7988703946972007,sl,152.62581305184597,151.47418694815406,0.0,0.0,False,False
SOLUSDT,5m,LONG,152.55,153.2124665662182,151.8875334337818,2.0,2.0,0.33123328310909983,0.33123328310909983,0.00434261924757906,0.004342619247579171,0.0055719436250409,1.2830836201325198,tp,153.2124665662182,151.8875334337818,0.0,0.0,True,False
SOLUSDT,5m,SHORT,149.73,148.84612157223998,150.61387842776,2.0,2.0,0.4419392138800049,0.4419392138800049,0.0059031485190677024,0.0059031485190677024,0.0054097375275496,0.9164156229638573,sl,148.84612157223998,150.61387842776,0.0,0.0,False,False
SOLUSDT,5m,LONG,150.83,151.5537279656172,150.1062720343828,2.0,2.0,0.3618639828086003,0.3618639828086003,0.00479830249696489,0.004798302496964779,0.0005303984618443,0.11053877119664658,sl,151.5537279656172,150.1062720343828,0.0,0.0,False,False
SOLUSDT,5m,SHORT,150.04,149.46072858056124,150.61927141943875,2.0,2.0,0.28963570971937713,0.28963570971937713,0.0038607799216126004,0.0038607799216126004,0.0012663289789389,0.3279982295416543,sl,149.46072858056124,150.61927141943875,0.0,0.0,False,False
SOLUSDT,5m,SHORT,149.51,148.76707473703132,150.25292526296866,2.0,2.0,0.37146263148433434,0.37146263148433434,0.004969067373210234,0.004969067373210345,0.0054176978128553,1.090284636119802,tp,148.76707473703132,150.25292526296866,0.0,0.0,True,False
SOLUSDT,5m,SHORT,148.43,147.48948384955105,149.37051615044896,2.0,2.0,0.4702580752244785,0.4702580752244785,0.006336428959435092,0.006336428959435203,0.0070066698106853,1.105775801408174,tp,147.48948384955105,149.37051615044896,0.0,0.0,True,False
SOLUSDT,5m,LONG,151.99,152.8528734399661,151.12712656003393,2.0,2.0,0.43143671998304,0.43143671998304,0.00567717244533239,0.005677172445332501,0.0079610500690833,1.4022913951871674,tp,152.8528734399661,151.12712656003393,0.0,0.0,True,False
SOLUSDT,5m,SHORT,147.68,146.92537927408446,148.43462072591555,2.0,2.0,0.37731036295777187,0.37731036295777187,0.005109836984801941,0.005109836984801941,6.771397616481125e-05,0.013251690096222487,sl,146.92537927408446,148.43462072591555,0.0,0.0,False,False
SOLUSDT,5m,LONG,148.87,149.39234748016742,148.3476525198326,2.0,2.0,0.26117374008370575,0.26117374008370575,0.00350874911108634,0.003508749111086229,0.0054409887821589,1.5506918875924762,tp,149.39234748016742,148.3476525198326,0.0,0.0,True,False
SOLUSDT,5m,SHORT,147.83,147.01276836930435,148.64723163069567,2.0,2.0,0.4086158153478294,0.4086158153478294,0.005528185285095466,0.005528185285095466,0.0005411621457079,0.0978914630750396,sl,147.01276836930435,148.64723163069567,0.0,0.0,False,False
SOLUSDT,5m,LONG,149.03,149.52706337497133,148.53293662502867,2.0,2.0,0.24853168748566645,0.24853168748566645,0.0033353242633786806,0.0033353242633786806,0.0034221297725289,1.0260261078970132,tp,149.52706337497133,148.53293662502867,0.0,0.0,True,False
SOLUSDT,5m,LONG,149.9,150.39259823974285,149.40740176025716,2.0,2.0,0.2462991198714235,0.2462991198714235,0.003286179050986382,0.003286179050986271,0.0039359573048699,1.1977306299510613,tp,150.39259823974285,149.40740176025716,0.0,0.0,True,False
SOLUSDT,5m,LONG,150.96,151.5264369321542,150.3935630678458,2.0,2.0,0.283218466077102,0.283218466077102,0.0037522319300093976,0.0037522319300092866,0.0039083200847906,1.04159874914257,tp,151.5264369321542,150.3935630678458,0.0,0.0,True,False
SOLUSDT,5m,LONG,151.66,152.19327074439406,151.12672925560594,2.0,2.0,0.2666353721970296,0.2666353721970296,0.0035162254015168593,0.0035162254015169703,0.0040880917842542,1.1626364403404412,tp,152.19327074439406,151.12672925560594,0.0,0.0,True,False
SOLUSDT,5m,LONG,152.34,152.95899357450395,151.72100642549606,2.0,2.0,0.30949678725197316,0.30949678725197316,0.004063237327714075,0.004063237327713964,0.001115924904818,0.27463936137981015,sl,152.95899357450395,151.72100642549606,0.0,0.0,False,False
SOLUSDT,5m,SHORT,150.9,150.0817520710954,151.71824792890462,2.0,2.0,0.4091239644523057,0.4091239644523057,0.00542245148379461,0.00542245148379461,0.0066269052352551,1.2221234722081122,tp,150.0817520710954,151.71824792890462,0.0,0.0,True,False
SOLUSDT,5m,SHORT,149.79,149.0557263286162,150.52427367138378,2.0,2.0,0.3671368356918947,0.3671368356918947,0.00490202063811862,0.0049020206381187315,0.0028039254956938,0.5719938169762454,sl,149.0557263286162,150.52427367138378,0.0,0.0,False,False
SOLUSDT,5m,LONG,151.03,151.77666884287848,150.28333115712152,2.0,2.0,0.3733344214392389,0.3733344214392389,0.00494384455325747,0.00494384455325747,0.0060915049990067,1.2321392659874475,tp,151.77666884287848,150.28333115712152,0.0,0.0,True,False
SOLUSDT,5m,LONG,152.08,152.8774930898953,151.28250691010473,2.0,2.0,0.3987465449476417,0.3987465449476417,0.005243905115039915,0.005243905115040026,0.004537085744345,0.8652112585584922,sl,152.8774930898953,151.28250691010473,0.0,0.0,False,False
SOLUSDT,5m,LONG,151.32,151.8798983102311,150.76010168976887,2.0,2.0,0.27994915511555973,0.27994915511555973,0.0037000945693306253,0.0037000945693307363,0.00350251123447,0.9466004635399442,time,151.8798983102311,150.76010168976887,0.0,0.0,False,False
SOLUSDT,5m,LONG,160.08,160.86947170660775,159.29052829339227,2.0,2.0,0.39473585330387095,0.39473585330387095,0.004931732300148317,0.004931732300148317,0.0039980009995001,0.8106686973621549,time,160.86947170660775,159.29052829339227,0.0,0.0,False,False
SOLUSDT,5m,LONG,160.52,161.22753422259274,159.81246577740728,2.0,2.0,0.3537671112963636,0.3537671112963636,0.004407763659311836,0.004407763659311836,0.0006852728631945,0.15546951156212593,sl,161.22753422259274,159.81246577740728,0.0,0.0,False,False
SOLUSDT,5m,SHORT,160.93,160.17375579132826,161.68624420867175,2.0,2.0,0.3781221043358727,0.3781221043358727,0.0046992121336714154,0.0046992121336715265,0.0044118560864972,0.9388501648786582,sl,160.17375579132826,161.68624420867175,0.0,0.0,False,False
SOLUSDT,5m,SHORT,160.2,159.00421635969093,161.39578364030905,2.0,2.0,0.5978918201545298,0.5978918201545298,0.00746431735523756,0.00746431735523756,0.0105493133583021,1.413299147965602,tp,159.00421635969093,161.39578364030905,0.0,0.0,True,False
SOLUSDT,5m,SHORT,158.37,157.02471480797504,159.71528519202496,2.0,2.0,0.67264259601248,0.67264259601248,0.008494570891109166,0.008494570891109277,0.0020837279787839,0.2453011465199298,sl,157.02471480797504,159.71528519202496,0.0,0.0,False,False
SOLUSDT,5m,LONG,160.26,161.25641977100273,159.26358022899726,2.0,2.0,0.49820988550136747,0.49820988550136747,0.006217520098606766,0.006217520098606877,0.0033071259203793,0.5319043393394687,time,161.25641977100273,159.26358022899726,0.0,0.0,False,False
SOLUSDT,5m,LONG,162.98,163.67065998760663,162.28934001239332,2.0,2.0,0.3453299938033183,0.3453299938033325,0.004237697800997919,0.00423769780099803,0.0049699349613449,1.1727912642035374,tp,163.67065998760663,162.28934001239332,0.0,0.0,True,False
SOLUSDT,5m,LONG,186.96,187.5518776653034,186.3681223346966,2.0,2.0,0.29593883265170007,0.29593883265170007,0.0031657983809552093,0.0031657983809553203,0.0040650406504064,1.2840491279737987,tp,187.5518776653034,186.3681223346966,0.0,0.0,True,False
SOLUSDT,5m,LONG,187.77,188.38638631121884,187.1536136887812,2.0,2.0,0.3081931556094162,0.30819315560940197,0.0032826666199010646,0.0032826666199009535,0.0048463545827341,1.4763468679253708,tp,188.38638631121884,187.1536136887812,0.0,0.0,True,False
SOLUSDT,5m,LONG,186.25,186.78945776822923,185.7105422317708,2.0,2.0,0.26972888411461327,0.26972888411459905,0.0028964175475394427,0.0028964175475393317,0.0026845637583892,0.9268566131529564,sl,186.78945776822923,185.7105422317708,0.0,0.0,False,False
SOLUSDT,5m,SHORT,185.3,184.4940514508554,186.1059485491446,2.0,2.0,0.4029742745723013,0.4029742745723013,0.004349425521557482,0.004349425521557482,0.005990286022666,1.3772591329534811,tp,184.4940514508554,186.1059485491446,0.0,0.0,True,False
SOLUSDT,5m,LONG,185.77,186.55384314988865,184.9861568501114,2.0,2.0,0.3919215749443197,0.39192157494430546,0.0042194280555991615,0.004219428055598939,0.0046832104214888,1.109915931680409,tp,186.55384314988865,184.9861568501114,0.0,0.0,True,False
SOLUSDT,5m,LONG,187.08,187.77022289150923,186.3897771084908,2.0,2.0,0.34511144575461117,0.34511144575461117,0.003689453129726461,0.003689453129726461,0.0027795595467178,0.7533798232378897,sl,187.77022289150923,186.3897771084908,0.0,0.0,False,False
SOLUSDT,5m,LONG,187.58,188.21918546861895,186.94081453138105,2.0,2.0,0.31959273430946666,0.3195927343094809,0.0034075352842464213,0.0034075352842465323,0.0037850517112697,1.1107887066550997,tp,188.21918546861895,186.94081453138105,0.0,0.0,True,False
SOLUSDT,5m,LONG,187.73,188.384549835731,187.07545016426897,2.0,2.0,0.327274917865509,0.327274917865509,0.0034866554931605176,0.0034866554931605176,0.0036754913972193,1.0541596106725215,tp,188.384549835731,187.07545016426897,0.0,0.0,True,False
SOLUSDT,5m,SHORT,185.37,184.377372586223,186.362627413777,2.0,2.0,0.4963137068885004,0.4963137068885004,0.00535484390018337,0.00535484390018337,0.0030749312186437,0.5742335866295566,sl,184.377372586223,186.362627413777,0.0,0.0,False,False
SOLUSDT,5m,LONG,187.19,188.1787067465788,186.20129325342123,2.0,2.0,0.49435337328939966,0.49435337328938544,0.005281835282754388,0.005281835282754277,0.0053955873711202,1.0215364702373855,tp,188.1787067465788,186.20129325342123,0.0,0.0,True,False
SOLUSDT,5m,LONG,188.21,189.24973223107656,187.17026776892345,2.0,2.0,0.519866115538278,0.519866115538278,0.005524319808068334,0.005524319808068445,0.007916688805058,1.4330612781496794,tp,189.24973223107656,187.17026776892345,0.0,0.0,True,False
SOLUSDT,5m,SHORT,182.78,181.18060765147123,184.3793923485288,2.0,2.0,0.7996961742643833,0.7996961742643975,0.008750368467714043,0.008750368467714154,0.0009847904584747,0.11254274172661988,sl,181.18060765147123,184.3793923485288,0.0,0.0,False,False
SOLUSDT,5m,SHORT,182.94,181.57437537199905,184.3056246280009,2.0,2.0,0.682812314000472,0.6828123140004578,0.007464877161916128,0.007464877161915906,0.0048103203236033,0.6443937682115266,sl,181.57437537199905,184.3056246280009,0.0,0.0,False,False
SOLUSDT,5m,LONG,168.36,169.6039931428299,167.1160068571701,2.0,2.0,0.6219965714149396,0.6219965714149538,0.00738888775736446,0.007388887757364571,0.0081373247802326,1.101292244170603,tp,169.6039931428299,167.1160068571701,0.0,0.0,True,False
SOLUSDT,5m,LONG,168.96,170.4865052196696,167.43349478033042,2.0,2.0,0.7632526098347938,0.7632526098347938,0.009034713658082394,0.009034713658082283,0.0029000946969695,0.3209946442934686,sl,170.4865052196696,167.43349478033042,0.0,0.0,False,False
SOLUSDT,5m,LONG,169.08,170.0565956533666,168.10340434663345,2.0,2.0,0.4882978266832936,0.48829782668327937,0.005775938333135722,0.0057759383331355,0.0047314880529925,0.8191721898844796,sl,170.0565956533666,168.10340434663345,0.0,0.0,False,False
SOLUSDT,5m,SHORT,178.2,176.91423972341906,179.48576027658092,2.0,2.0,0.6428801382904652,0.6428801382904652,0.007215265300678619,0.00721526530067873,0.0093714927048259,1.2988424284197118,tp,176.91423972341906,179.48576027658092,0.0,0.0,True,False
SOLUSDT,5m,SHORT,175.78,174.54452915353087,177.01547084646913,2.0,2.0,0.6177354232345635,0.6177354232345635,0.0070285063515139745,0.0070285063515140855,0.0072818295596768,1.0360422535733014,tp,174.54452915353087,177.01547084646913,0.0,0.0,True,False
SOLUSDT,5m,LONG,186.43,187.90899459194247,184.95100540805757,2.0,2.0,0.7394972959712334,0.7394972959712192,0.007933243533457368,0.007933243533457257,0.0013946253285414,0.17579509851925745,sl,187.90899459194247,184.95100540805757,0.0,0.0,False,False
SOLUSDT,5m,LONG,185.09,186.73780288574983,183.44219711425012,2.0,2.0,0.823901442874913,0.8239014428749414,0.00890271157679945,0.008902711576799893,0.0018369441893133,0.20633535900459743,sl,186.73780288574983,183.44219711425012,0.0,0.0,False,False
SOLUSDT,5m,LONG,183.86,185.59109615325585,182.1289038467442,2.0,2.0,0.8655480766279169,0.8655480766279027,0.00941529507916794,0.00941529507916783,0.0033177417600347,0.35237788429758904,sl,185.59109615325585,182.1289038467442,0.0,0.0,False,False
SOLUSDT,5m,SHORT,186.7,185.26771121420936,188.1322887857906,2.0,2.0,0.7161443928953162,0.716144392895302,0.007671605708573281,0.007671605708573059,0.0050883770755221,0.6632740613657535,time,185.26771121420936,188.1322887857906,0.0,0.0,False,False
SOLUSDT,5m,SHORT,187.29,186.0934638407643,188.4865361592357,2.0,2.0,0.5982680796178528,0.5982680796178528,0.006388681505877014,0.006388681505876903,0.0038976987559399,0.6100943915194968,time,186.0934638407643,188.4865361592357,0.0,0.0,False,False
SOLUSDT,5m,SHORT,184.7,183.87453995612384,185.5254600438761,2.0,2.0,0.4127300219380743,0.4127300219380601,0.004469193523964021,0.004469193523963799,0.0046561992420139,1.0418432804592475,tp,183.87453995612384,185.5254600438761,0.0,0.0,True,False
SOLUSDT,5m,LONG,182.25,183.0902297492088,181.4097702507912,2.0,2.0,0.4201148746043941,0.4201148746043941,0.004610314124602333,0.004610314124602444,0.0009876543209876,0.21422712081962333,sl,183.0902297492088,181.4097702507912,0.0,0.0,False,False
SOLUSDT,5m,LONG,181.28,182.12908948911976,180.43091051088024,2.0,2.0,0.42454474455988134,0.42454474455988134,0.0046838564051179254,0.004683856405117814,0.001323918799647,0.2826557189499638,sl,182.12908948911976,180.43091051088024,0.0,0.0,False,False
SOLUSDT,5m,LONG,180.32,181.18217447967928,179.4578255203207,2.0,2.0,0.43108723983964126,0.43108723983964126,0.00478135802838997,0.00478135802838997,0.0008873114463176,0.1855772860030699,sl,181.18217447967928,179.4578255203207,0.0,0.0,False,False
SOLUSDT,5m,LONG,202.45,204.62693716612787,200.2730628338721,2.0,2.0,1.0884685830639427,1.0884685830639427,0.010752962045581071,0.010752962045581071,0.0098789824648061,0.9187219691588018,time,204.62693716612787,200.2730628338721,0.0,0.0,False,False
SOLUSDT,5m,SHORT,205.02,204.0098832658173,206.03011673418268,2.0,2.0,0.5050583670913511,0.5050583670913369,0.0049269180284006175,0.0049269180284006175,0.0030240952102234,0.6137904452218146,time,204.0098832658173,206.03011673418268,0.0,0.0,False,False
SOLUSDT,5m,LONG,202.35,203.40327766386895,201.296722336131,2.0,2.0,0.526638831934477,0.5266388319344912,0.005205226903231885,0.005205226903231885,0.0001482579688658,0.028482517980867993,sl,203.40327766386895,201.296722336131,0.0,0.0,False,False
SOLUSDT,5m,LONG,200.6,201.80038302752192,199.39961697247807,2.0,2.0,0.6001915137609615,0.6001915137609615,0.0059839632478659865,0.0059839632478659865,0.002542372881356,0.4248643877053667,sl,201.80038302752192,199.39961697247807,0.0,0.0,False,False
SOLUSDT,5m,LONG,199.95,201.3677688479994,198.53223115200055,2.0,2.0,0.7088844239997059,0.7088844239997201,0.007090616894220636,0.007090616894220747,0.0024006001500376,0.33856012612869585,sl,201.3677688479994,198.53223115200055,0.0,0.0,False,False
SOLUSDT,5m,LONG,198.93,200.43683454986757,197.42316545013247,2.0,2.0,0.7534172749337813,0.7534172749337671,0.00757469738032257,0.007574697380322348,0.0119137385009802,1.5728335935808502,tp,200.43683454986757,197.42316545013247,0.0,0.0,True,False
SOLUSDT,5m,LONG,201.12,202.17151746422837,200.0684825357717,2.0,2.0,0.5257587321141841,0.5257587321141557,0.005228308791907166,0.005228308791906833,0.0017899761336514,0.3423623593966144,sl,202.17151746422837,200.0684825357717,0.0,0.0,False,False
SOLUSDT,5m,LONG,198.83,200.11346591891183,197.54653408108817,2.0,2.0,0.6417329594559078,0.641732959455922,0.006455091882069164,0.006455091882069275,0.0002514711059698,0.03895701417795955,sl,200.11346591891183,197.54653408108817,0.0,0.0,False,False
SOLUSDT,5m,LONG,197.86,199.33101116029496,196.38898883970504,2.0,2.0,0.7355055801474748,0.735505580147489,0.007434606086601292,0.007434606086601514,0.0084908521176588,1.142071552783554,tp,199.33101116029496,196.38898883970504,0.0,0.0,True,False
SOLUSDT,5m,SHORT,206.34,204.5556344131901,208.1243655868099,2.0,2.0,0.892182793404956,0.8921827934049418,0.008647695971745195,0.008647695971745195,0.0095958127362604,1.1096380778895336,tp,204.5556344131901,208.1243655868099,0.0,0.0,True,False
SOLUSDT,5m,LONG,204.02,205.50787542023457,202.53212457976545,2.0,2.0,0.7439377101172795,0.7439377101172795,0.007292791982328017,0.007292791982328017,0.0051955690618566,0.7124252377479801,time,205.50787542023457,202.53212457976545,0.0,0.0,False,False
SOLUSDT,5m,SHORT,207.81,206.8867347019408,208.7332652980592,2.0,2.0,0.4616326490295961,0.4616326490295961,0.0044428338292632485,0.0044428338292632485,0.0143400221356045,3.2276746524149194,sl,206.8867347019408,208.7332652980592,0.0,0.0,True,True
SOLUSDT,5m,LONG,202.03,204.33004465531275,199.72995534468728,2.0,2.0,1.150022327656373,1.1500223276563588,0.011384668887357119,0.011384668887356897,0.0114834430530118,1.008676068371595,tp,204.33004465531275,199.72995534468728,0.0,0.0,True,False
SOLUSDT,5m,LONG,202.94,204.88070982933857,200.99929017066145,2.0,2.0,0.9703549146692865,0.9703549146692723,0.0095629734371665,0.009562973437166389,0.0051739430373509,0.5410391518230478,time,204.88070982933857,200.99929017066145,0.0,0.0,False,False
SOLUSDT,5m,SHORT,204.67,204.02654868360543,205.3134513163945,2.0,2.0,0.3217256581972805,0.3217256581972521,0.003143847737306693,0.003143847737306471,0.0002931548346116,0.09324714779690418,sl,204.02654868360543,205.3134513163945,0.0,0.0,False,False
SOLUSDT,5m,LONG,202.96,203.71835948304857,202.20164051695144,2.0,2.0,0.3791797415242826,0.3791797415242826,0.0037364972558562304,0.0037364972558561194,0.0006405202995663,0.1714226602367791,sl,203.71835948304857,202.20164051695144,0.0,0.0,False,False
SOLUSDT,5m,LONG,201.71,202.59199554819887,200.82800445180115,2.0,2.0,0.4409977740994293,0.4409977740994293,0.004372592078721205,0.004372592078721205,0.004610579544891,1.0544270908159803,tp,202.59199554819887,200.82800445180115,0.0,0.0,True,False
SOLUSDT,5m,LONG,202.06,202.9287581958587,201.1912418041413,2.0,2.0,0.4343790979293516,0.4343790979293516,0.004299506066805403,0.004299506066805403,0.0037612590319706,0.8748118908377938,time,202.9287581958587,201.1912418041413,0.0,0.0,False,False
SOLUSDT,5m,SHORT,203.51,202.78376608962887,204.2362339103711,2.0,2.0,0.36311695518556064,0.36311695518556064,0.00356854164596887,0.003568541645968759,0.0004913763451427,0.13769668225611803,sl,202.78376608962887,204.2362339103711,0.0,0.0,False,False
SOLUSDT,5m,SHORT,204.68,203.8340977036861,205.52590229631392,2.0,2.0,0.42295114815695456,0.42295114815695456,0.004132803870988466,0.004132803870988466,0.0021008403361344,0.5083329385364542,sl,203.8340977036861,205.52590229631392,0.0,0.0,False,False
SOLUSDT,5m,SHORT,205.21,204.2926386150417,206.12736138495828,2.0,2.0,0.4586806924791489,0.4586806924791347,0.004470354197935289,0.004470354197935178,0.0028751035524584,0.6431489374569731,sl,204.2926386150417,206.12736138495828,0.0,0.0,False,False
SOLUSDT,5m,SHORT,206.53,205.4040991463652,207.65590085363485,2.0,2.0,0.5629504268173946,0.562950426817423,0.005451512388683466,0.005451512388683799,9.683823173393808e-05,0.017763553456277552,sl,205.4040991463652,207.65590085363485,0.0,0.0,False,False
SOLUSDT,5m,SHORT,207.49,206.2860553296517,208.69394467034832,2.0,2.0,0.6019723351741533,0.6019723351741533,0.005802422624455628,0.005802422624455739,0.0063617523736084,1.0963958996704843,tp,206.2860553296517,208.69394467034832,0.0,0.0,True,False
SOLUSDT,5m,LONG,233.1,235.5331552594808,230.6668447405192,2.0,2.0,1.2165776297403994,1.2165776297403994,0.010438246501419224,0.010438246501419113,0.0119691119691119,1.146659256177226,tp,235.5331552594808,230.6668447405192,0.0,0.0,True,False
SOLUSDT,5m,LONG,234.0,235.0663441936387,232.9336558063613,2.0,2.0,0.5331720968193565,0.5331720968193565,0.004557026468541503,0.004557026468541503,0.0056410256410256,1.237874232236144,tp,235.0663441936387,232.9336558063613,0.0,0.0,True,False
SOLUSDT,5m,LONG,233.91,235.0319473230432,232.7880526769568,2.0,2.0,0.5609736615216008,0.5609736615216008,0.004796491484088783,0.004796491484088783,0.0032063614210593,0.6684805824623351,time,235.0319473230432,232.7880526769568,0.0,0.0,False,False
SOLUSDT,5m,LONG,237.83,239.41134127355397,236.24865872644608,2.0,2.0,0.79067063677698,0.7906706367769658,0.006649040379909765,0.006649040379909765,0.0001681873607198,0.02529498260049407,sl,239.41134127355397,236.24865872644608,0.0,0.0,False,False
SOLUSDT,5m,LONG,236.78,238.56972793485005,234.99027206514995,2.0,2.0,0.8948639674250245,0.8948639674250245,0.007558611094053758,0.007558611094053758,0.0076864600050679,1.0169143390794004,tp,238.56972793485005,234.99027206514995,0.0,0.0,True,False
SOLUSDT,5m,LONG,236.5,237.7509030672437,235.24909693275623,2.0,2.0,0.625451533621856,0.6254515336218844,0.005289230728303229,0.005289230728303451,0.0028752642706131,0.5436072688656327,sl,237.7509030672437,235.24909693275623,0.0,0.0,False,False
SOLUSDT,5m,SHORT,241.45,240.77764386524055,242.1223561347594,2.0,2.0,0.3361780673797199,0.3361780673797057,0.0027846599078875656,0.0027846599078873435,0.0031890660592254,1.145226406353017,tp,240.77764386524055,242.1223561347594,0.0,0.0,True,False
SOLUSDT,5m,LONG,239.09,239.684955144692,238.495044855308,2.0,2.0,0.29747757234599703,0.29747757234599703,0.002488415009795464,0.002488415009795464,0.000209126270442,0.08403994897104772,sl,239.684955144692,238.495044855308,0.0,0.0,False,False
SOLUSDT,5m,LONG,238.64,239.29769091557625,237.9823090844237,2.0,2.0,0.3288454577881339,0.3288454577881481,0.0027559961262833,0.002755996126283522,0.0013409319477037,0.4865507374685839,sl,239.29769091557625,237.9823090844237,0.0,0.0,False,False
SOLUSDT,5m,LONG,238.06,238.70957646594516,237.41042353405487,2.0,2.0,0.32478823297257975,0.32478823297256554,0.002728624993468598,0.002728624993468598,8.401243384025133e-05,0.03078929279081903,sl,238.70957646594516,237.41042353405487,0.0,0.0,False,False
SOLUSDT,5m,LONG,237.56,238.3031552180853,236.81684478191468,2.0,2.0,0.3715776090426459,0.37157760904266013,0.0031282842990625337,0.0031282842990626447,0.0036201380703821,1.1572279640526797,tp,238.3031552180853,236.81684478191468,0.0,0.0,True,False
SOLUSDT,5m,SHORT,239.64,238.91403347837456,240.3659665216254,2.0,2.0,0.3629832608127117,0.3629832608127117,0.003029404613693165,0.003029404613693165,0.0025037556334501,0.8264843930496814,time,238.91403347837456,240.3659665216254,0.0,0.0,False,False
SOLUSDT,5m,LONG,237.87,238.65721660734624,237.08278339265377,2.0,2.0,0.39360830367311905,0.39360830367311905,0.003309440481549686,0.003309440481549797,0.0020179089418589,0.6097432339722845,sl,238.65721660734624,237.08278339265377,0.0,0.0,False,False
SOLUSDT,5m,LONG,237.08,237.99794221999585,236.16205778000415,2.0,2.0,0.45897110999791835,0.45897110999793256,0.003871866964719972,0.003871866964720194,0.0002530791294076,0.06536359118575853,sl,237.99794221999585,236.16205778000415,0.0,0.0,False,False
SOLUSDT,5m,LONG,236.17,237.13126058940628,235.2087394105937,2.0,2.0,0.4806302947031469,0.4806302947031469,0.004070206162536616,0.004070206162536727,0.0045729770927722,1.123524684047515,tp,237.13126058940628,235.2087394105937,0.0,0.0,True,False
SOLUSDT,5m,LONG,212.97,214.8849859000404,211.05501409995964,2.0,2.0,0.9574929500201961,0.9574929500201819,0.00899181058384002,0.008991810583839799,0.0020190637178945,0.22454473424108137,sl,214.8849859000404,211.05501409995964,0.0,0.0,False,False
SOLUSDT,5m,SHORT,210.09,208.5687602811982,211.6112397188018,2.0,2.0,0.7606198594009044,0.7606198594009044,0.007240895420066673,0.007240895420066673,0.002189537817126,0.3023849524270355,time,208.5687602811982,211.6112397188018,0.0,0.0,False,False
SOLUSDT,5m,LONG,220.21,221.57139033506823,218.84860966493176,2.0,2.0,0.6806951675341111,0.6806951675341253,0.006182236660770224,0.006182236660770446,0.0014985695472502,0.24239925280755886,sl,221.57139033506823,218.84860966493176,0.0,0.0,False,False
SOLUSDT,5m,LONG,220.77,221.65716504261857,219.88283495738145,2.0,2.0,0.4435825213092812,0.4435825213092812,0.004018503612893687,0.004018503612893798,0.0086968338089413,2.164197085959266,tp,221.65716504261857,219.88283495738145,0.0,0.0,True,False
SOLUSDT,5m,LONG,222.36,223.6705836113973,221.0494163886028,2.0,2.0,0.6552918056986385,0.6552918056986101,0.0058939719886548225,0.0058939719886544895,0.0064759848893685,1.098747144003056,tp,223.6705836113973,221.0494163886028,0.0,0.0,True,False
SOLUSDT,5m,LONG,229.78,230.51920048422028,229.04079951577967,2.0,2.0,0.3696002421101383,0.36960024211016673,0.003216992271826369,0.003216992271826702,0.0001305596657672,0.04058438899919332,sl,230.51920048422028,229.04079951577967,0.0,0.0,False,False
SOLUSDT,5m,SHORT,227.98,227.16963840863292,228.79036159136703,2.0,2.0,0.4051807956835347,0.4051807956835205,0.0035545293068123263,0.0035545293068122152,0.0008334064391613,0.23446323471410405,sl,227.16963840863292,228.79036159136703,0.0,0.0,False,False
SOLUSDT,5m,LONG,229.61,230.5754611987462,228.64453880125384,2.0,2.0,0.4827305993730988,0.4827305993730846,0.0042047872424815225,0.0042047872424814114,0.0003919689908975,0.09321969657284568,sl,230.5754611987462,228.64453880125384,0.0,0.0,False,False
SOLUSDT,5m,SHORT,227.6,226.74806540705745,228.4519345929425,2.0,2.0,0.42596729647127063,0.4259672964712564,0.003743122113104347,0.003743122113104125,0.005140597539543,1.3733448667213428,tp,226.74806540705745,228.4519345929425,0.0,0.0,True,False
SOLUSDT,5m,SHORT,226.3,225.24352421829929,227.35647578170077,2.0,2.0,0.5282378908503631,0.5282378908503773,0.004668474510387655,0.004668474510387766,0.0101634997790544,2.1770494315519904,tp,225.24352421829929,227.35647578170077,0.0,0.0,True,False
SOLUSDT,5m,LONG,230.99,232.26780542783445,229.7121945721656,2.0,2.0,0.6389027139172185,0.6389027139172043,0.0055318647033830715,0.005531864703382849,0.0015585090263647,0.2817330339644021,sl,232.26780542783445,229.7121945721656,0.0,0.0,False,False
SOLUSDT,5m,SHORT,228.4,227.21384844169907,229.5861515583009,2.0,2.0,0.5930757791504675,0.5930757791504533,0.005193308048603074,0.0051933080486028516,0.0052977232924693,1.020105728928272,tp,227.21384844169907,229.5861515583009,0.0,0.0,True,False
SOLUSDT,5m,SHORT,232.51,231.24101062284572,233.77898937715423,2.0,2.0,0.634494688577135,0.6344946885771208,0.005457784083068518,0.005457784083068518,0.005720184078104,1.0480781194421958,tp,231.24101062284572,233.77898937715423,0.0,0.0,True,False
SOLUSDT,5m,SHORT,233.03,231.9484361329758,234.1115638670242,2.0,2.0,0.5407819335121076,0.5407819335120934,0.004641307415458207,0.004641307415458096,0.0065656782388533,1.4146182640231584,tp,231.9484361329758,234.1115638670242,0.0,0.0,True,False
SOLUSDT,5m,SHORT,231.37,230.2092194500709,232.53078054992915,2.0,2.0,0.5803902749645573,0.5803902749645715,0.005016988157190316,0.005016988157190427,0.0096814625923845,1.929735986820915,tp,230.2092194500709,232.53078054992915,0.0,0.0,True,False
SOLUSDT,5m,SHORT,228.37,226.93159487557784,229.8084051244222,2.0,2.0,0.7192025622110805,0.7192025622110947,0.006298573036835675,0.006298573036835897,0.0011822918947322,0.1877078963469746,sl,226.93159487557784,229.8084051244222,0.0,0.0,False,False
SOLUSDT,5m,SHORT,219.84,218.55023818906216,221.12976181093785,2.0,2.0,0.6448809054689235,0.6448809054689235,0.005866820464600853,0.005866820464600853,0.009188500727802,1.5661806566680299,tp,218.55023818906216,221.12976181093785,0.0,0.0,True,False
SOLUSDT,5m,LONG,221.82,223.4690061488538,220.1709938511462,2.0,2.0,0.8245030744269002,0.8245030744269002,0.007433983179396808,0.007433983179396808,0.0039220989991885,0.5275905129915478,sl,223.4690061488538,220.1709938511462,0.0,0.0,False,False
SOLUSDT,5m,SHORT,218.23,216.81789426890063,219.64210573109932,2.0,2.0,0.7060528655496796,0.7060528655496654,0.006470722316360589,0.006470722316360478,0.0047197910461439,0.7294071380887989,sl,216.81789426890063,219.64210573109932,0.0,0.0,False,False
SOLUSDT,5m,SHORT,219.9,218.54028541544963,221.2597145845504,2.0,2.0,0.6798572922751873,0.6798572922752015,0.0061833314440672416,0.006183331444067353,0.0053660754888586,0.8678291851890328,sl,218.54028541544963,221.2597145845504,0.0,0.0,False,False
SOLUSDT,5m,LONG,223.46,225.27953218058477,221.64046781941528,2.0,2.0,0.9097660902923792,0.909766090292365,0.00814254086004107,0.008142540860040848,0.0028192965183925,0.3462428456733934,sl,225.27953218058477,221.64046781941528,0.0,0.0,False,False
SOLUSDT,5m,SHORT,220.18,218.0777799842064,222.2822200157936,2.0,2.0,1.0511100078968099,1.0511100078967957,0.009547733744180276,0.009547733744180276,0.0115360159869198,1.2082465112678138,tp,218.0777799842064,222.2822200157936,0.0,0.0,True,False
SOLUSDT,5m,SHORT,217.16,214.99962932800045,219.32037067199957,2.0,2.0,1.0801853359997722,1.0801853359997864,0.009948290071834287,0.009948290071834398,0.0025326947872535,0.2545859407964083,sl,214.99962932800045,219.32037067199957,0.0,0.0,False,False
SOLUSDT,5m,SHORT,220.3,219.3137552268265,221.28624477317356,2.0,2.0,0.4931223865867622,0.49312238658677643,0.004476826024391811,0.004476826024391922,0.0003631411711303,0.08111576575719931,sl,219.3137552268265,221.28624477317356,0.0,0.0,False,False
SOLUSDT,5m,SHORT,219.52,218.42925853840245,220.6107414615976,2.0,2.0,0.5453707307987798,0.5453707307987941,0.004968756658152107,0.004968756658152218,0.0004555393586006,0.09168075434992548,sl,218.42925853840245,220.6107414615976,0.0,0.0,False,False
SOLUSDT,5m,SHORT,219.6,218.36029019843323,220.8397098015668,2.0,2.0,0.6198549007833805,0.6198549007834089,0.005645308750304001,0.005645308750304334,0.0070582877959926,1.250292607222326,tp,218.36029019843323,220.8397098015668,0.0,0.0,True,False
SOLUSDT,5m,SHORT,217.63,216.29277609770477,218.96722390229525,2.0,2.0,0.6686119511476107,0.668611951147625,0.006144483307885973,0.006144483307886084,0.0017920323484813,0.2916489896199025,sl,216.29277609770477,218.96722390229525,0.0,0.0,False,False
SOLUSDT,5m,LONG,219.92,221.21222741465297,218.627772585347,2.0,2.0,0.6461137073264922,0.6461137073264922,0.005875897665755581,0.005875897665755692,0.0032284467078938,0.5494388928365815,sl,221.21222741465297,218.627772585347,0.0,0.0,False,False
SOLUSDT,5m,LONG,223.95,225.19781508926732,222.70218491073263,2.0,2.0,0.623907544633667,0.6239075446336813,0.0055718467928882465,0.0055718467928884685,0.0017861129716454,0.32056031654085426,sl,225.19781508926732,222.70218491073263,0.0,0.0,False,False
SOLUSDT,5m,SHORT,219.69,217.5800700541403,221.7999299458597,2.0,2.0,1.0549649729298523,1.0549649729298523,0.00960412374645958,0.00960412374645947,0.0114251900405115,1.1896129560724609,tp,217.5800700541403,221.7999299458597,0.0,0.0,True,False
SOLUSDT,5m,SHORT,213.42,210.50341662070105,216.33658337929896,2.0,2.0,1.4582916896494709,1.458291689649485,0.013665932805261627,0.013665932805261738,0.021928591509699,1.6046172494903606,tp,210.50341662070105,216.33658337929896,0.0,0.0,True,False
SOLUSDT,5m,LONG,210.2,211.65408791445572,208.74591208554423,2.0,2.0,0.7270439572278633,0.7270439572278775,0.006917639935564823,0.006917639935564934,0.005185537583254,0.7496107966814267,sl,211.65408791445572,208.74591208554423,0.0,0.0,False,False
SOLUSDT,5m,SHORT,207.58,205.9228622198606,209.23713778013945,2.0,2.0,0.8285688900697039,0.8285688900697181,0.007983128336734757,0.007983128336734868,0.0084304846324308,1.0560377181508547,tp,205.9228622198606,209.23713778013945,0.0,0.0,True,False
SOLUSDT,5m,SHORT,205.34,203.5544193316916,207.1255806683084,2.0,2.0,0.8927903341541992,0.8927903341541992,0.008695727419442911,0.0086957274194428,0.0124184279731178,1.4281068591629547,tp,203.5544193316916,207.1255806683084,0.0,0.0,True,False
SOLUSDT,5m,LONG,206.86,208.57895119415264,205.1410488058474,2.0,2.0,0.8594755970763117,0.8594755970763117,0.008309732157752325,0.008309732157752214,0.009620032872474,1.157682665319034,tp,208.57895119415264,205.1410488058474,0.0,0.0,True,False
SOLUSDT,5m,SHORT,205.06,203.2813162002942,206.8386837997058,2.0,2.0,0.8893418998528944,0.8893418998528944,0.008673967617798595,0.008673967617798706,0.0153613576514191,1.7709724463229812,tp,203.2813162002942,206.8386837997058,0.0,0.0,True,False
SOLUSDT,5m,LONG,194.96,197.83738120587145,192.08261879412856,2.0,2.0,1.438690602935722,1.438690602935722,0.014758828507752675,0.014758828507752564,0.0152338941321296,1.032188572699207,tp,197.83738120587145,192.08261879412856,0.0,0.0,True,False
SOLUSDT,5m,SHORT,195.0,192.9795156888569,197.02048431114304,2.0,2.0,1.0102421555715466,1.0102421555715182,0.010361458005861968,0.010361458005861746,0.0176410256410256,1.7025620941613848,tp,192.9795156888569,197.02048431114304,0.0,0.0,True,False
SOLUSDT,5m,SHORT,190.97,188.3268045988067,193.6131954011933,2.0,2.0,1.321597700596655,1.321597700596655,0.013840893340280158,0.01384089334028027,0.0177514792899407,1.2825385510543488,tp,188.3268045988067,193.6131954011933,0.0,0.0,True,False
SOLUSDT,5m,SHORT,187.49,184.6574179722046,190.32258202779545,2.0,2.0,1.4162910138977054,1.4162910138977196,0.015107909903437022,0.015107909903437244,0.0065603498853273,0.43423279111790525,sl,184.6574179722046,190.32258202779545,0.0,0.0,False,False
SOLUSDT,5m,SHORT,191.57,190.4600978256206,192.67990217437935,2.0,2.0,0.5549510871896928,0.5549510871896786,0.005793716001354032,0.005793716001353921,0.0035496163282351,0.6126666076496552,time,190.4600978256206,192.67990217437935,0.0,0.0,False,False
SOLUSDT,5m,LONG,186.29,187.2383481802036,185.3416518197964,2.0,2.0,0.4741740901017977,0.4741740901017977,0.005090709003186422,0.005090709003186422,0.0019324708787375,0.3796074137272255,sl,187.2383481802036,185.3416518197964,0.0,0.0,False,False
SOLUSDT,5m,LONG,186.71,187.60798805440092,185.81201194559907,2.0,2.0,0.448994027200456,0.4489940272004702,0.004809533792517362,0.004809533792517473,0.0049274275614588,1.024512514939568,tp,187.60798805440092,185.81201194559907,0.0,0.0,True,False
SOLUSDT,5m,SHORT,184.24,182.6178968143424,185.86210318565765,2.0,2.0,0.8110515928288038,0.811051592828818,0.008804294320764239,0.00880429432076446,0.0,0.0,sl,182.6178968143424,185.86210318565765,0.0,0.0,False,False
SOLUSDT,5m,LONG,188.42,190.2768644726014,186.56313552739857,2.0,2.0,0.9284322363007078,0.9284322363007078,0.009854922368121244,0.009854922368121355,0.0100307822948732,1.0178448819973285,tp,190.2768644726014,186.56313552739857,0.0,0.0,True,False
SOLUSDT,5m,LONG,192.64,194.80232594958665,190.47767405041333,2.0,2.0,1.0811629747933296,1.0811629747933296,0.011224698658568677,0.011224698658568677,0.0115759966777409,1.031296877524997,tp,194.80232594958665,190.47767405041333,0.0,0.0,True,False
SOLUSDT,5m,SHORT,182.87,181.734151718626,184.00584828137403,2.0,2.0,0.5679241406869977,0.5679241406870119,0.006211233561404295,0.006211233561404406,0.000656203860666,0.10564791263744383,sl,181.734151718626,184.00584828137403,0.0,0.0,False,False
SOLUSDT,5m,LONG,185.42,186.89610009991932,183.94389990008065,2.0,2.0,0.7380500499596678,0.7380500499596678,0.007960846186599868,0.007960846186599757,0.0074425628303312,0.9348959464709831,time,186.89610009991932,183.94389990008065,0.0,0.0,False,False
SOLUSDT,5m,SHORT,183.02,181.04681877414072,184.9931812258593,2.0,2.0,0.9865906129296462,0.9865906129296462,0.010781232793461326,0.010781232793461326,0.0103267402469676,0.9578441023210843,sl,181.04681877414072,184.9931812258593,0.0,0.0,False,False
SOLUSDT,5m,LONG,186.22,187.19566328607888,185.24433671392111,2.0,2.0,0.48783164303944204,0.48783164303944204,0.005239304511217346,0.005239304511217346,0.0068735903769734,1.3119280168306784,tp,187.19566328607888,185.24433671392111,0.0,0.0,True,False
SOLUSDT,5m,LONG,188.17,189.32722306095025,187.01277693904973,2.0,2.0,0.5786115304751291,0.5786115304751291,0.006149880751183723,0.006149880751183834,0.0036137535207525,0.5876135923541166,time,189.32722306095025,187.01277693904973,0.0,0.0,False,False
SOLUSDT,5m,LONG,192.3,193.35076100426707,191.24923899573292,2.0,2.0,0.5253805021335296,0.5253805021335438,0.005464175789220205,0.005464175789220427,0.0088403536141445,1.6178750382783917,tp,193.35076100426707,191.24923899573292,0.0,0.0,True,False
SOLUSDT,5m,LONG,194.23,195.45139135691667,193.0086086430833,2.0,2.0,0.6106956784583417,0.6106956784583417,0.006288376445022337,0.006288376445022337,0.0016475312773517,0.2619962866020576,sl,195.45139135691667,193.0086086430833,0.0,0.0,False,False
SOLUSDT,5m,LONG,192.73,193.59504903285875,191.86495096714123,2.0,2.0,0.43252451642938183,0.43252451642938183,0.004488398447874076,0.004488398447874076,0.0211176256939761,4.704935611048176,tp,193.59504903285875,191.86495096714123,0.0,0.0,True,False
SOLUSDT,5m,SHORT,191.63,190.1931999653896,193.0668000346104,2.0,2.0,0.7184000173051999,0.7184000173051999,0.007497782365028405,0.007497782365028405,0.0115326410269791,1.5381402747524813,tp,190.1931999653896,193.0668000346104,0.0,0.0,True,False
SOLUSDT,5m,SHORT,189.12,187.6497108306199,190.5902891693801,2.0,2.0,0.7351445846900475,0.7351445846900475,0.007774371665503876,0.007774371665503876,0.0024323181049069,0.31286362545535124,sl,187.6497108306199,190.5902891693801,0.0,0.0,False,False
SOLUSDT,5m,LONG,193.75,194.49740405861573,193.00259594138427,2.0,2.0,0.37370202930786434,0.37370202930786434,0.003857569334790867,0.003857569334790867,0.0038193548387097,0.9900936333829399,time,194.49740405861573,193.00259594138427,0.0,0.0,False,False
SOLUSDT,5m,SHORT,193.69,193.01879148025327,194.36120851974675,2.0,2.0,0.33560425987336373,0.33560425987337794,0.0034653751858471082,0.0034653751858473303,0.0076927048376271,2.2198764708204677,tp,193.01879148025327,194.36120851974675,0.0,0.0,True,False
SOLUSDT,5m,SHORT,192.15,191.3654404977196,192.9345595022804,2.0,2.0,0.3922797511402081,0.39227975114019387,0.004083057519023714,0.004083057519023603,0.0059849076242519,1.4657906719087639,tp,191.3654404977196,192.9345595022804,0.0,0.0,True,False
SOLUSDT,5m,LONG,193.87,194.54794506308545,193.1920549369146,2.0,2.0,0.3389725315427228,0.33897253154270857,0.00349690546802206,0.003496905468021949,0.0035590859854541,1.0177815837461601,tp,194.54794506308545,193.1920549369146,0.0,0.0,True,False
SOLUSDT,5m,LONG,194.73,195.36363539185348,194.0963646081465,2.0,2.0,0.31681769592674414,0.31681769592674414,0.0032539176904098355,0.0032539176904097245,0.000616237867817,0.1893833607510164,sl,195.36363539185348,194.0963646081465,0.0,0.0,False,False
SOLUSDT,5m,SHORT,192.74,192.0179723628857,193.46202763711432,2.0,2.0,0.3610138185571543,0.3610138185571543,0.003746122429772236,0.0037461224297723472,0.0051364532530871,1.3711386505324108,tp,192.0179723628857,193.46202763711432,0.0,0.0,True,False
SOLUSDT,5m,LONG,195.26,195.87878015868475,194.64121984131523,2.0,2.0,0.3093900793423785,0.3093900793423785,0.0031690062413436415,0.0031690062413436415,0.0043019563658711,1.3575095907817125,tp,195.87878015868475,194.64121984131523,0.0,0.0,True,False
SOLUSDT,5m,LONG,196.24,197.1045484946013,195.3754515053988,2.0,2.0,0.43227424730064,0.4322742473006116,0.004405567135147059,0.004405567135146837,0.0058092132083162,1.3186073506793323,tp,197.1045484946013,195.3754515053988,0.0,0.0,True,False
SOLUSDT,5m,LONG,197.9,198.9774061475605,196.82259385243955,2.0,2.0,0.5387030737802405,0.5387030737802263,0.005444194783024159,0.005444194783024048,0.0020717534108135,0.38054358695496115,sl,198.9774061475605,196.82259385243955,0.0,0.0,False,False
SOLUSDT,5m,LONG,198.63,199.67718878716795,197.58281121283204,2.0,2.0,0.5235943935839771,0.5235943935839771,0.00527205752991966,0.005272057529919771,0.0060413834768162,1.1459251805448836,tp,199.67718878716795,197.58281121283204,0.0,0.0,True,False
SOLUSDT,5m,SHORT,197.11,196.44218047408052,197.77781952591948,2.0,2.0,0.33390976295974895,0.33390976295973473,0.003388055024704517,0.003388055024704295,0.0015219927959008,0.44922316337927176,sl,196.44218047408052,197.77781952591948,0.0,0.0,False,False
SOLUSDT,5m,LONG,200.66,201.9505360696016,199.3694639303984,2.0,2.0,0.6452680348008073,0.6452680348007931,0.00643145654142141,0.006431456541421188,0.001744243994817,0.2712051280426605,sl,201.9505360696016,199.3694639303984,0.0,0.0,False,False
SOLUSDT,5m,LONG,202.06,203.27883107278365,200.8411689272164,2.0,2.0,0.6094155363918219,0.6094155363918077,0.006032025501255367,0.006032025501255145,0.0062852618034247,1.041981968099543,tp,203.27883107278365,200.8411689272164,0.0,0.0,True,False
SOLUSDT,5m,SHORT,199.27,197.8184138076648,200.7215861923352,2.0,2.0,0.7257930961676067,0.7257930961675925,0.007284519457696703,0.007284519457696481,0.0034124554624379,0.4684530643723322,sl,197.8184138076648,200.7215861923352,0.0,0.0,False,False
SOLUSDT,5m,LONG,200.45,201.581049121096,199.318950878904,2.0,2.0,0.565524560547999,0.565524560547999,0.005642549868276392,0.005642549868276392,0.0071339486156149,1.264312905008331,tp,201.581049121096,199.318950878904,0.0,0.0,True,False
SOLUSDT,5m,LONG,202.51,203.8095715370862,201.21042846291377,2.0,2.0,0.6497857685431114,0.6497857685431114,0.0064173203154720415,0.0064173203154719305,0.0033578588711668,0.5232493791950924,sl,203.8095715370862,201.21042846291377,0.0,0.0,False,False
SOLUSDT,5m,SHORT,200.67,199.4078716089596,201.9321283910404,2.0,2.0,0.6310641955201959,0.6310641955202101,0.006289571889372514,0.006289571889372736,0.007773957243235,1.2360073753780685,tp,199.4078716089596,201.9321283910404,0.0,0.0,True,False
SOLUSDT,5m,SHORT,198.08,196.86564613743596,199.2943538625641,2.0,2.0,0.6071769312820265,0.6071769312820408,0.006130623296466298,0.006130623296466409,0.0018174474959612,0.29645395061359914,sl,196.86564613743596,199.2943538625641,0.0,0.0,False,False
SOLUSDT,5m,SHORT,197.47,196.29091760501845,198.64908239498155,2.0,2.0,0.5895411974907745,0.5895411974907745,0.005970944421844093,0.005970944421844093,0.0006076872436319,0.10177405795450682,sl,196.29091760501845,198.64908239498155,0.0,0.0,False,False
SOLUSDT,5m,LONG,200.29,201.4747610296716,199.1052389703284,2.0,2.0,0.5923805148358099,0.5923805148357957,0.005915228067659983,0.005915228067659872,0.006640371461381,1.1225892536055466,tp,201.4747610296716,199.1052389703284,0.0,0.0,True,False
SOLUSDT,5m,LONG,201.87,203.0340538326954,200.7059461673046,2.0,2.0,0.5820269163477008,0.5820269163477008,0.0057663537558596545,0.0057663537558597655,0.0001486104919007,0.025772003972126225,sl,203.0340538326954,200.7059461673046,0.0,0.0,False,False
SOLUSDT,5m,LONG,202.29,203.61288446200655,200.9671155379934,2.0,2.0,0.6614422310032779,0.6614422310032921,0.006539544525218988,0.00653954452521921,0.007464531118691,1.1414451098092397,tp,203.61288446200655,200.9671155379934,0.0,0.0,True,False
SOLUSDT,5m,LONG,200.63,201.63473780470704,199.62526219529295,2.0,2.0,0.502368902353524,0.502368902353524,0.00500791409413881,0.005007914094138699,0.0054827294023824,1.0948129898632462,tp,201.63473780470704,199.62526219529295,0.0,0.0,True,False
SOLUSDT,5m,LONG,202.21,203.4445787286609,200.97542127133912,2.0,2.0,0.6172893643304462,0.6172893643304462,0.006105428656648426,0.006105428656648537,0.0036595618416496,0.599394743179018,sl,203.4445787286609,200.97542127133912,0.0,0.0,False,False
SOLUSDT,5m,SHORT,198.37,196.37217250678685,200.3678274932132,2.0,2.0,0.9989137466065756,0.998913746606604,0.010071217891884587,0.01007121789188492,0.001310682058779,0.13014136650098207,sl,196.37217250678685,200.3678274932132,0.0,0.0,False,False
SOLUSDT,5m,SHORT,194.8,193.1917373312082,196.40826266879185,2.0,2.0,0.8041313343959047,0.8041313343959189,0.008255968525625268,0.008255968525625379,0.0096509240246407,1.1689632772564118,tp,193.1917373312082,196.40826266879185,0.0,0.0,True,False
SOLUSDT,5m,SHORT,193.85,193.0486241625117,194.65137583748827,2.0,2.0,0.4006879187441541,0.4006879187441399,0.0041339996775254795,0.0041339996775253685,0.0008769667268505,0.21213517059958573,sl,193.0486241625117,194.65137583748827,0.0,0.0,False,False
SOLUSDT,5m,LONG,196.26,197.2396172295876,195.2803827704124,2.0,2.0,0.48980861479380167,0.48980861479380167,0.004991425810596084,0.004991425810596195,0.0059614796698258,1.1943440403682712,tp,197.2396172295876,195.2803827704124,0.0,0.0,True,False
SOLUSDT,5m,LONG,198.21,199.9978788483737,196.4221211516264,2.0,2.0,0.8939394241868399,0.8939394241867973,0.009020124354844228,0.009020124354843784,0.0014630946975429,0.16220338434216264,sl,199.9978788483737,196.4221211516264,0.0,0.0,False,False
SOLUSDT,5m,LONG,195.98,198.49970326218207,193.4602967378179,2.0,2.0,1.2598516310910384,1.2598516310910384,0.01285694082142097,0.01285694082142097,0.0051025614858659,0.39687212974991015,time,198.49970326218207,193.4602967378179,0.0,0.0,False,False
SOLUSDT,5m,LONG,195.28,196.69294421891377,193.86705578108624,2.0,2.0,0.7064721094568824,0.7064721094568824,0.007235478384441718,0.007235478384441607,0.0081421548545678,1.1253098167048206,tp,196.69294421891377,193.86705578108624,0.0,0.0,True,False
SOLUSDT,5m,LONG,195.34,197.42373498278724,193.2562650172128,2.0,2.0,1.0418674913936172,1.041867491393603,0.01066722116713037,0.010667221167130148,0.0039930377802805,0.37432783268659675,time,197.42373498278724,193.2562650172128,0.0,0.0,False,False
SOLUSDT,5m,SHORT,191.09,189.84495304950823,192.33504695049177,2.0,2.0,0.6225234752458846,0.6225234752458846,0.006515500290395937,0.006515500290396048,0.0066460829975404,1.020041854243633,tp,189.84495304950823,192.33504695049177,0.0,0.0,True,False
SOLUSDT,5m,SHORT,189.27,187.76426816682564,190.7757318331744,2.0,2.0,0.7528659165871829,0.7528659165871971,0.007955470138819476,0.007955470138819587,0.0173825751571829,2.1849840240569773,tp,187.76426816682564,190.7757318331744,0.0,0.0,True,False
SOLUSDT,5m,SHORT,185.95,183.71514221882788,188.1848577811721,2.0,2.0,1.117428890586055,1.117428890586055,0.012018595220070538,0.012018595220070427,0.004732454961011,0.3937610739321683,time,183.71514221882788,188.1848577811721,0.0,0.0,False,False
SOLUSDT,5m,SHORT,183.89,182.55591693865023,185.22408306134972,2.0,2.0,0.6670415306748794,0.6670415306748652,0.007254788522213063,0.0072547885222129516,0.0015770297460437,0.2173777693471111,sl,182.55591693865023,185.22408306134972,0.0,0.0,False,False
SOLUSDT,5m,LONG,186.32,187.6609890640385,184.9790109359615,2.0,2.0,0.6704945320192479,0.6704945320192479,0.007197236281872632,0.007197236281872521,0.0033812795191068,0.4698024889947107,time,187.6609890640385,184.9790109359615,0.0,0.0,False,False
SOLUSDT,5m,LONG,187.63,188.5558915395206,186.7041084604794,2.0,2.0,0.4629457697602959,0.4629457697602959,0.004934666841766244,0.004934666841766244,0.008314235463412,1.68486257127667,tp,188.5558915395206,186.7041084604794,0.0,0.0,True,False
SOLUSDT,5m,LONG,188.98,190.4850265404285,187.47497345957152,2.0,2.0,0.7525132702142514,0.7525132702142372,0.007963946134133204,0.007963946134133093,0.0067732035135993,0.8504833407360176,sl,190.4850265404285,187.47497345957152,0.0,0.0,False,False
SOLUSDT,5m,SHORT,186.62,185.0924605215277,188.1475394784723,2.0,2.0,0.7637697392361531,0.7637697392361531,0.00818529352948405,0.008185293529483939,0.0103954560068588,1.2700162760704399,tp,185.0924605215277,188.1475394784723,0.0,0.0,True,False
SOLUSDT,5m,LONG,186.32,187.86949977628552,184.7705002237145,2.0,2.0,0.7747498881427646,0.7747498881427504,0.008316336283198389,0.008316336283198278,0.0094997853155861,1.142304133946417,tp,187.86949977628552,184.7705002237145,0.0,0.0,True,False
SOLUSDT,5m,LONG,188.42,189.92621785455543,186.91378214544451,2.0,2.0,0.7531089272777223,0.7531089272777365,0.007993938300368653,0.007993938300368764,0.0028659377985352,0.3585138752450758,sl,189.92621785455543,186.91378214544451,0.0,0.0,False,False
SOLUSDT,5m,SHORT,185.32,184.65750899929367,185.98249100070632,2.0,2.0,0.33124550035316247,0.33124550035316247,0.0035748489138048845,0.0035748489138049955,0.0009173321821713,0.25660725929671224,sl,184.65750899929367,185.98249100070632,0.0,0.0,False,False
SOLUSDT,5m,SHORT,185.0,184.35478282380924,185.6452171761908,2.0,2.0,0.3226085880953775,0.32260858809540593,0.0034876604118418975,0.0034876604118421195,0.0059459459459459,1.7048523204143424,tp,184.35478282380924,185.6452171761908,0.0,0.0,True,False
SOLUSDT,5m,LONG,186.45,187.43779626023075,185.4622037397692,2.0,2.0,0.4938981301153831,0.4938981301153973,0.005297915045485491,0.005297915045485602,0.0029498525073746,0.5567949810535856,sl,187.43779626023075,185.4622037397692,0.0,0.0,False,False
SOLUSDT,5m,SHORT,185.05,184.40505646021987,185.69494353978016,2.0,2.0,0.32247176989007187,0.32247176989007187,0.003485239339530599,0.003485239339530599,0.0010267495271548,0.2945994312382246,sl,184.40505646021987,185.69494353978016,0.0,0.0,False,False
SOLUSDT,5m,LONG,186.23,186.85276420110813,185.60723579889185,2.0,2.0,0.31138210055407,0.31138210055407,0.003344059502272234,0.003344059502272123,0.0013961230736187,0.4174934903730203,sl,186.85276420110813,185.60723579889185,0.0,0.0,False,False
SOLUSDT,5m,SHORT,185.23,184.5566825717301,185.90331742826987,2.0,2.0,0.3366587141349413,0.3366587141349413,0.0036350344343242247,0.0036350344343243357,0.0036711115909948,1.0099248459189032,time,184.5566825717301,185.90331742826987,0.0,0.0,True,True
SOLUSDT,5m,LONG,185.84,186.56160373039847,185.11839626960156,2.0,2.0,0.3608018651992353,0.3608018651992211,0.0038829301033065367,0.0038829301033063146,0.0005380972879896,0.1385802148566567,sl,186.56160373039847,185.11839626960156,0.0,0.0,False,False
SOLUSDT,5m,LONG,187.11,187.81810278239087,186.4018972176092,2.0,2.0,0.3540513911954264,0.3540513911954122,0.0037844197658642997,0.0037844197658640777,0.0040083373416706,1.0591682714021446,tp,187.81810278239087,186.4018972176092,0.0,0.0,True,False
SOLUSDT,5m,LONG,186.18,187.054181706526,185.305818293474,2.0,2.0,0.4370908532630011,0.4370908532630011,0.004695357753389251,0.004695357753389251,0.0012353636265978,0.2631031950027828,sl,187.054181706526,185.305818293474,0.0,0.0,False,False
SOLUSDT,5m,SHORT,182.75,181.5915065870965,183.90849341290348,2.0,2.0,0.5792467064517552,0.579246706451741,0.006339225241606128,0.006339225241605906,0.0045964432284541,0.7250796514195998,sl,181.5915065870965,183.90849341290348,0.0,0.0,False,False
SOLUSDT,5m,LONG,186.3,187.19287396920035,185.40712603079967,2.0,2.0,0.4464369846001688,0.4464369846001688,0.00479266757488106,0.00479266757488106,0.007192699946323,1.5007717171999984,tp,187.19287396920035,185.40712603079967,0.0,0.0,True,False
SOLUSDT,5m,LONG,187.65,188.6203765674554,186.67962343254464,2.0,2.0,0.4851882837276946,0.4851882837276804,0.0051712047293119845,0.0051712047293117624,0.0068745003996802,1.3293808231403816,tp,188.6203765674554,186.67962343254464,0.0,0.0,True,False
SOLUSDT,5m,SHORT,185.66,184.4230727068729,186.89692729312708,2.0,2.0,0.6184636465635549,0.6184636465635407,0.006662325181121975,0.006662325181121753,0.0075406657330604,1.131836938014861,tp,184.4230727068729,186.89692729312708,0.0,0.0,True,False
SOLUSDT,5m,SHORT,183.73,182.39252218321772,185.06747781678223,2.0,2.0,0.6687389083911341,0.6687389083911199,0.007279583175215043,0.007279583175215043,0.0094159908561475,1.293479397035579,tp,182.39252218321772,185.06747781678223,0.0,0.0,True,False
SOLUSDT,5m,SHORT,180.6,178.96582412616476,182.23417587383523,2.0,2.0,0.8170879369176163,0.8170879369176163,0.009048592878378892,0.009048592878379003,0.0101328903654484,1.1198305086374674,tp,178.96582412616476,182.23417587383523,0.0,0.0,True,False
SOLUSDT,5m,SHORT,178.44,176.74819973975687,180.13180026024312,2.0,2.0,0.8459001301215636,0.8459001301215636,0.009481059517166157,0.009481059517166157,0.0108720017933198,1.1467074722645965,tp,176.74819973975687,180.13180026024312,0.0,0.0,True,False
SOLUSDT,5m,SHORT,158.23,157.3774455081233,159.0825544918767,2.0,2.0,0.42627724593835126,0.42627724593835126,0.005388071110893677,0.005388071110893566,0.0054983252227768,1.0204626311743008,tp,157.3774455081233,159.0825544918767,0.0,0.0,True,False
SOLUSDT,5m,LONG,168.54,169.97861766086487,167.1013823391351,2.0,2.0,0.7193088304324391,0.7193088304324391,0.00853576397807565,0.00853576397807565,0.0006526640560105,0.07646228945492003,sl,169.97861766086487,167.1013823391351,0.0,0.0,False,False
SOLUSDT,5m,LONG,169.49,170.5302159797557,168.44978402024432,2.0,2.0,0.5201079898778431,0.5201079898778431,0.006137329516524126,0.006137329516524237,0.0011800106200955,0.1922677635148061,sl,170.5302159797557,168.44978402024432,0.0,0.0,False,False
SOLUSDT,5m,SHORT,167.3,166.34814814856983,168.2518518514302,2.0,2.0,0.47592592571508874,0.47592592571508874,0.005689491042619066,0.005689491042619066,0.0028690974297669,0.5042801558654282,sl,166.34814814856983,168.2518518514302,0.0,0.0,False,False
SOLUSDT,5m,LONG,169.38,170.43310781010146,168.32689218989853,2.0,2.0,0.5265539050507329,0.5265539050507329,0.00621742714666107,0.006217427146661181,0.006021962451293,0.9685618036597277,sl,170.43310781010146,168.32689218989853,0.0,0.0,False,False
SOLUSDT,5m,SHORT,167.61,166.36262031158796,168.85737968841207,2.0,2.0,0.6236898442060266,0.6236898442060266,0.007442155530171579,0.007442155530171579,0.0108585406598652,1.4590585504217293,tp,166.36262031158796,168.85737968841207,0.0,0.0,True,False
SOLUSDT,5m,SHORT,165.48,163.9693562244706,166.99064377552938,2.0,2.0,0.7553218877646941,0.7553218877646941,0.009128860137354255,0.009128860137354255,0.0004834421078074,0.052957554451865244,sl,163.9693562244706,166.99064377552938,0.0,0.0,False,False
SOLUSDT,5m,SHORT,161.37,160.18147930321285,161.9642603483936,2.0,1.0,0.5942603483935756,0.5942603483935898,0.007365189916261672,0.003682594958130947,0.0011774183553324,0.1598625926444567,sl,160.18147930321285,161.9642603483936,0.0,0.0,False,False
SOLUSDT,5m,SHORT,160.92,159.52527540157294,161.6173622992135,2.0,1.0,0.6973622992135233,0.6973622992135233,0.008667192383961297,0.004333596191980593,0.010315684812329,1.1901991273919625,tp,159.52527540157294,161.6173622992135,0.0,0.0,True,False
SOLUSDT,5m,LONG,140.07,140.64582920849003,139.782085395755,2.0,1.0,0.28791460424501736,0.28791460424500315,0.00411101026979388,0.002055505134896829,0.0106375383736703,2.5875728046292745,tp,140.64582920849003,139.782085395755,0.0,0.0,True,False
SOLUSDT,5m,SHORT,136.37,135.1051328561523,137.00243357192386,2.0,1.0,0.6324335719238547,0.6324335719238547,0.009275259542771197,0.0046376297713857095,0.0036664955635403,0.39529843306625684,sl,135.1051328561523,137.00243357192386,0.0,0.0,False,False
SOLUSDT,5m,SHORT,136.57,135.91320896689882,136.89839551655058,2.0,1.0,0.32839551655058585,0.32839551655058585,0.004809189669042757,0.0024045948345214896,0.0073954748480631,1.5377798250854033,tp,135.91320896689882,136.89839551655058,0.0,0.0,True,False
SOLUSDT,5m,SHORT,135.15,134.33812321438654,135.55593839280672,2.0,1.0,0.40593839280673194,0.40593839280671773,0.006007227418523553,0.003003613709261721,0.0112467628560859,1.8722052741679143,tp,134.33812321438654,135.55593839280672,0.0,0.0,True,False
SOLUSDT,5m,SHORT,133.38,132.4210549782814,133.8594725108593,2.0,1.0,0.47947251085929565,0.47947251085929565,0.007189571312929854,0.0035947856564648717,0.0077222971959814,1.0740970302490054,tp,132.4210549782814,133.8594725108593,0.0,0.0,True,False
SOLUSDT,5m,LONG,140.62,141.36560224791705,140.2471988760415,2.0,1.0,0.37280112395852427,0.37280112395851006,0.0053022489540395235,0.0026511244770196507,0.0003555681979802,0.06705988365735073,sl,141.36560224791705,140.2471988760415,0.0,0.0,False,False
SOLUSDT,5m,SHORT,138.27,137.47225614022767,138.66887192988617,2.0,1.0,0.3988719298861696,0.3988719298861554,0.005769464524281065,0.002884732262140366,0.0076661604107904,1.3287473002957209,tp,137.47225614022767,138.66887192988617,0.0,0.0,True,False
SOLUSDT,5m,SHORT,136.92,136.029488809773,137.3652555951135,2.0,1.0,0.445255595113494,0.4452555951135082,0.00650387956636711,0.0032519397831836105,0.0063540753724801,0.9769669483639153,sl,136.029488809773,137.3652555951135,0.0,0.0,False,False
SOLUSDT,5m,LONG,136.45,137.1060086624935,136.12199566875324,2.0,1.0,0.32800433124675976,0.32800433124674555,0.004807685324247135,0.0024038426621234565,0.0085745694393551,1.7835130340394822,tp,137.1060086624935,136.12199566875324,0.0,0.0,True,False
SOLUSDT,5m,LONG,138.43,139.3640577730497,137.96297111347516,2.0,1.0,0.46702888652484376,0.46702888652484376,0.006747509738132429,0.0033737548690662145,0.0005779094126994,0.08564780713593358,sl,139.3640577730497,137.96297111347516,0.0,0.0,False,False
SOLUSDT,5m,LONG,134.11,134.8560146707852,133.7369926646074,2.0,1.0,0.3730073353926002,0.3730073353926002,0.005562707261093092,0.002781353630546546,0.0008202222056519,0.1474501833646237,sl,134.8560146707852,133.7369926646074,0.0,0.0,False,False
SOLUSDT,5m,SHORT,132.35,131.56374257922477,132.7431287103876,2.0,1.0,0.39312871038761443,0.3931287103876002,0.005940743640160395,0.0029703718200801976,0.000755572346052,0.12718480914480265,sl,131.56374257922477,132.7431287103876,0.0,0.0,False,False
SOLUSDT,5m,LONG,138.88,139.65874230727593,138.49062884636203,2.0,1.0,0.3893711536379669,0.3893711536379669,0.005607303479809422,0.002803651739904711,0.0070564516129033,1.2584393975307238,tp,139.65874230727593,138.49062884636203,0.0,0.0,True,False
SOLUSDT,5m,SHORT,131.69,131.07923186753715,131.99538406623142,2.0,1.0,0.3053840662314258,0.3053840662314258,0.0046379233993686375,0.0023189616996843743,0.0003796795504594,0.08186412705977118,sl,131.07923186753715,131.99538406623142,0.0,0.0,False,False
SOLUSDT,5m,LONG,133.76,134.6303215527907,133.32483922360464,2.0,1.0,0.43516077639534956,0.43516077639534956,0.006506590556150549,0.0032532952780752744,0.0122607655502393,1.8843610097225876,tp,134.6303215527907,133.32483922360464,0.0,0.0,True,False
SOLUSDT,5m,SHORT,131.08,129.56986431808872,131.83506784095567,2.0,1.0,0.7550678409556468,0.755067840955661,0.011520717744211928,0.0057603588721060195,0.0120537076594447,1.0462636032811887,tp,129.56986431808872,131.83506784095567,0.0,0.0,True,False
SOLUSDT,5m,LONG,132.77,134.5300431562126,131.88997842189372,2.0,1.0,0.8800215781062946,0.8800215781062946,0.013256331672912403,0.006628165836456201,0.0089628681177976,0.6761197847902418,sl,134.5300431562126,131.88997842189372,0.0,0.0,False,False
SOLUSDT,5m,SHORT,124.87,124.57226991794394,125.01886504102804,2.0,1.0,0.14886504102803144,0.14886504102803144,0.0023843203496121124,0.0011921601748059452,0.0004804997197085,0.2015248159865217,sl,124.57226991794394,125.01886504102804,0.0,0.0,False,False
SOLUSDT,5m,LONG,126.23,126.73258692776416,125.97870653611794,2.0,1.0,0.25129346388207807,0.25129346388206386,0.00398151729196039,0.001990758645980084,0.0026142755287966,0.6566028318087254,sl,126.73258692776416,125.97870653611794,0.0,0.0,False,False
SOLUSDT,5m,SHORT,125.45,124.98079500821171,125.68460249589414,2.0,1.0,0.23460249589414417,0.23460249589413706,0.003740175303214688,0.001870087651607344,0.0015942606616181,0.4262529246283804,sl,124.98079500821171,125.68460249589414,0.0,0.0,False,False
SOLUSDT,5m,SHORT,125.18,124.71352178923162,125.4132391053842,2.0,1.0,0.23323910538419312,0.23323910538420023,0.0037264595843455872,0.0018632297921727936,0.001198274484742,0.3215584276764488,sl,124.71352178923162,125.4132391053842,0.0,0.0,False,False
SOLUSDT,5m,SHORT,124.48,123.8447197996211,124.79764010018944,2.0,1.0,0.31764010018945044,0.3176401001894362,0.005103472046745661,0.002551736023372664,0.0024903598971722,0.4879736529095387,sl,123.8447197996211,124.79764010018944,0.0,0.0,False,False
SOLUSDT,5m,SHORT,123.87,123.10189676645273,124.25405161677364,2.0,1.0,0.38405161677363964,0.38405161677363253,0.006200881840213723,0.0031004409201067507,0.0046015984499879,0.7420877495432648,sl,123.10189676645273,124.25405161677364,0.0,0.0,False,False
SOLUSDT,5m,LONG,125.35,126.04502123978334,125.00248938010832,2.0,1.0,0.347510619891672,0.3475106198916791,0.005544644912511609,0.0027723224562559157,0.005903470283207,1.0647156628345475,tp,126.04502123978334,125.00248938010832,0.0,0.0,True,False
SOLUSDT,5m,LONG,125.45,125.91508650737576,125.21745674631212,2.0,1.0,0.23254325368787931,0.23254325368787931,0.003707345614792912,0.001853672807396456,0.0065364687126344,1.763112855341252,tp,125.91508650737576,125.21745674631212,0.0,0.0,True,False
SOLUSDT,5m,LONG,127.54,128.24690254236515,127.18654872881744,2.0,1.0,0.35345127118257125,0.35345127118256414,0.005542594812334434,0.002771297406167217,0.0076054571114943,1.372183493292563,sl,128.24690254236515,127.18654872881744,0.0,0.0,True,True
SOLUSDT,5m,SHORT,125.93,124.9669871284673,126.41150643576636,2.0,1.0,0.4815064357663559,0.4815064357663488,0.00764720774662675,0.003823603873313264,0.0121496069244818,1.588763811188613,tp,124.9669871284673,126.41150643576636,0.0,0.0,True,False
SOLUSDT,5m,LONG,126.8,127.42120592205828,126.48939703897086,2.0,1.0,0.3106029610291401,0.310602961029133,0.004899100331689832,0.002449550165844916,0.0041009463722397,0.8370815240734564,sl,127.42120592205828,126.48939703897086,0.0,0.0,False,False
SOLUSDT,5m,SHORT,125.58,124.85984114444412,125.94007942777792,2.0,1.0,0.36007942777794,0.3600794277779187,0.005734662012708114,0.002867331006353835,0.0015926102882624,0.27771650443097556,sl,124.85984114444412,125.94007942777792,0.0,0.0,False,False
SOLUSDT,5m,SHORT,125.3,124.68209899422736,125.60895050288632,2.0,1.0,0.30895050288631865,0.30895050288631865,0.00493137275157729,0.0024656863757885894,0.0039106145251396,0.793007286640175,sl,124.68209899422736,125.60895050288632,0.0,0.0,False,False
SOLUSDT,5m,SHORT,124.31,123.71644606923076,124.60677696538464,2.0,1.0,0.2967769653846233,0.2967769653846375,0.004774788277445485,0.002387394138722909,0.0058724157348564,1.2298798174142596,tp,123.71644606923076,124.60677696538464,0.0,0.0,True,False
SOLUSDT,5m,SHORT,121.76,121.28188468804326,121.99905765597838,2.0,1.0,0.23905765597837103,0.23905765597837103,0.003926702627765621,0.0019633513138828107,0.0038600525624178,0.9830264545941064,sl,121.28188468804326,121.99905765597838,0.0,0.0,False,False
SOLUSDT,5m,SHORT,122.29,121.7239892457229,122.57300537713856,2.0,1.0,0.2830053771385508,0.2830053771385508,0.004628430405406059,0.0023142152027029184,0.000408864175321,0.08833754415826196,sl,121.7239892457229,122.57300537713856,0.0,0.0,False,False
SOLUSDT,5m,LONG,124.05,124.59942332299131,123.77528833850434,2.0,1.0,0.2747116614956582,0.2747116614956582,0.004429047343742942,0.002214523671871471,0.000161225312374,0.03640180378784349,sl,124.59942332299131,123.77528833850434,0.0,0.0,False,False
SOLUSDT,5m,LONG,124.93,125.4084091004244,124.6907954497878,2.0,1.0,0.2392045502121931,0.23920455021220732,0.0038294172770703128,0.0019147086385352674,0.001520851676939,0.397149635806345,sl,125.4084091004244,124.6907954497878,0.0,0.0,False,False
SOLUSDT,5m,SHORT,123.78,123.18578567610024,124.07710716194988,2.0,1.0,0.2971071619498815,0.2971071619498815,0.004800568136207439,0.002400284068103664,0.0085635805461302,1.7838681387606816,tp,123.18578567610024,124.07710716194988,0.0,0.0,True,False
SOLUSDT,5m,SHORT,122.29,121.46506965393304,122.70246517303347,2.0,1.0,0.41246517303348185,0.41246517303346764,0.006745689312838032,0.0033728446564189607,0.0125930165998855,1.8668242807920532,tp,121.46506965393304,122.70246517303347,0.0,0.0,True,False
SOLUSDT,5m,LONG,122.97,123.30740210346715,122.80129894826642,2.0,1.0,0.16870105173357786,0.16870105173357786,0.002743775745849941,0.0013718878729249706,0.0,0.0,sl,123.30740210346715,122.80129894826642,0.0,0.0,False,False
SOLUSDT,5m,LONG,123.5,123.89444557922783,123.30277721038608,2.0,1.0,0.19722278961391737,0.19722278961391737,0.0031938913297799854,0.0015969456648899927,0.0016194331983805,0.5070407948075228,sl,123.89444557922783,123.30277721038608,0.0,0.0,False,False
SOLUSDT,5m,SHORT,122.73,122.45241393271822,122.8687930336409,2.0,1.0,0.13879303364089424,0.13879303364089424,0.002261762138693002,0.0011308810693464455,0.0005703576957549,0.2521740398769302,sl,122.45241393271822,122.8687930336409,0.0,0.0,False,False
SOLUSDT,5m,LONG,123.39,123.68061736267452,123.24469131866276,2.0,1.0,0.14530868133726216,0.14530868133724084,0.0023552748413528946,0.0011776374206762252,0.0019450522732798,0.8258281535256163,sl,123.68061736267452,123.24469131866276,0.0,0.0,False,False
SOLUSDT,5m,SHORT,122.9,122.57819584804156,123.06090207597924,2.0,1.0,0.160902075979223,0.16090207597923722,0.0026184227173184915,0.0013092113586594678,0.0016273393002441,0.621496021051424,sl,122.57819584804156,123.06090207597924,0.0,0.0,False,False
SOLUSDT,5m,LONG,123.56,123.87172615609369,123.40413692195315,2.0,1.0,0.15586307804684196,0.15586307804684907,0.002522872742745985,0.0012614363713729926,0.0029135642602784,1.154859779850478,tp,123.87172615609369,123.40413692195315,0.0,0.0,True,False
SOLUSDT,5m,LONG,124.29,124.5920878410569,124.13895607947155,2.0,1.0,0.15104392052844418,0.15104392052845128,0.002430508013974375,0.0012152540069872986,0.0035401078123742,1.456529989623611,tp,124.5920878410569,124.13895607947155,0.0,0.0,True,False
SOLUSDT,5m,LONG,124.45,124.83140327651296,124.25929836174352,2.0,1.0,0.19070163825647768,0.19070163825648478,0.0030647109402406336,0.0015323554701204278,0.0084371233427078,2.752991556862892,tp,124.83140327651296,124.25929836174352,0.0,0.0,True,False
SOLUSDT,5m,LONG,123.3,123.68797374409088,123.10601312795455,2.0,1.0,0.19398687204544274,0.19398687204544274,0.0031465834881660992,0.0015732917440830496,0.0007299270072992,0.23197446056790252,sl,123.68797374409088,123.10601312795455,0.0,0.0,False,False
SOLUSDT,5m,SHORT,123.67,123.19387086388842,123.9080645680558,2.0,1.0,0.23806456805579046,0.23806456805580467,0.003849997057585375,0.0019249985287927984,0.0001617207083366,0.04200541089193126,sl,123.19387086388842,123.9080645680558,0.0,0.0,False,False
SOLUSDT,5m,LONG,125.11,125.87810030680524,124.72594984659736,2.0,1.0,0.38405015340261883,0.38405015340264015,0.006139399782633115,0.0030696998913167794,0.0011190152665654,0.1822678610588001,sl,125.87810030680524,124.72594984659736,0.0,0.0,False,False
SOLUSDT,5m,LONG,125.97,126.82949440774333,125.54025279612831,2.0,1.0,0.42974720387166343,0.42974720387168475,0.0068230087143235085,0.0034115043571618653,0.0041279669762641,0.6050068450884841,sl,126.82949440774333,125.54025279612831,0.0,0.0,False,False
SOLUSDT,5m,SHORT,124.66,123.87779722104584,125.05110138947708,2.0,1.0,0.39110138947707895,0.39110138947708606,0.006274689386765231,0.003137344693382671,0.007700946574683,1.2273032336749727,tp,123.87779722104584,125.05110138947708,0.0,0.0,True,False
SOLUSDT,5m,LONG,125.22,125.71211192255284,124.97394403872356,2.0,1.0,0.2460559612764186,0.24605596127643992,0.003929978618054886,0.001964989309027665,0.00487142628973,1.2395554182788602,tp,125.71211192255284,124.97394403872356,0.0,0.0,True,False
SOLUSDT,5m,LONG,125.99,126.57671753390564,125.69664123304716,2.0,1.0,0.2933587669528208,0.293358766952835,0.00465685795623183,0.002328428978116026,0.0004762282720851,0.10226386043143296,sl,126.57671753390564,125.69664123304716,0.0,0.0,False,False
SOLUSDT,5m,SHORT,125.15,124.6277791954614,125.41111040226932,2.0,1.0,0.2611104022693027,0.2611104022693098,0.004172759125358416,0.002086379562679319,0.0005593288054335,0.13404291707958504,sl,124.6277791954614,125.41111040226932,0.0,0.0,False,False
SOLUSDT,5m,SHORT,123.64,122.9488853578403,123.98555732107984,2.0,1.0,0.34555732107985193,0.3455573210798377,0.00558973343707303,0.0027948667185364595,0.0010514396635392,0.1881019328338077,sl,122.9488853578403,123.98555732107984,0.0,0.0,False,False
SOLUSDT,5m,LONG,124.92,125.19011614290017,124.78494192854993,2.0,1.0,0.1350580714500822,0.1350580714500751,0.002162313023536422,0.0010811565117681,0.0024015369836695,1.1106333622973015,tp,125.19011614290017,124.78494192854993,0.0,0.0,True,False
SOLUSDT,5m,SHORT,124.48,124.20405934602888,124.61797032698556,2.0,1.0,0.13797032698555967,0.13797032698555256,0.0022167468988681938,0.0011083734494341524,0.001124678663239,0.507355469320033,sl,124.20405934602888,124.61797032698556,0.0,0.0,False,False
SOLUSDT,5m,SHORT,124.48,124.06560555488576,124.68719722255712,2.0,1.0,0.20719722255712014,0.20719722255711304,0.0033290042184627167,0.0016645021092314138,0.0022493573264781,0.6756847329910621,sl,124.06560555488576,124.68719722255712,0.0,0.0,False,False
SOLUSDT,5m,LONG,125.23,125.70805835409278,124.9909708229536,2.0,1.0,0.23902917704639037,0.23902917704640458,0.0038174427381041376,0.0019087213690521798,0.0013575021959594,0.3556051234009022,sl,125.70805835409278,124.9909708229536,0.0,0.0,False,False
SOLUSDT,5m,LONG,126.02,126.34798000291784,125.85600999854108,2.0,1.0,0.16399000145892018,0.16399000145891307,0.0026026027846202116,0.0013013013923101058,0.0016664021583876,0.6402829383857637,sl,126.34798000291784,125.85600999854108,0.0,0.0,False,False
SOLUSDT,5m,LONG,126.8,127.27340813950916,126.56329593024542,2.0,1.0,0.23670406975458036,0.23670406975458036,0.003733502677516931,0.0018667513387584656,0.0032334384858043,0.8660603098736191,sl,127.27340813950916,126.56329593024542,0.0,0.0,False,False
SOLUSDT,5m,SHORT,126.33,125.83255906726042,126.5787204663698,2.0,1.0,0.2487204663697895,0.24872046636980372,0.0039376310673598924,0.0019688155336801128,0.0041162035937623,1.0453502431659087,tp,125.83255906726042,126.5787204663698,0.0,0.0,True,False
SOLUSDT,5m,LONG,137.01,137.29944562883014,136.86527718558492,2.0,1.0,0.14472281441507562,0.14472281441507562,0.002112587612803196,0.001056293806401598,0.0001459747463689,0.06909760593323079,sl,137.29944562883014,136.86527718558492,0.0,0.0,False,False
SOLUSDT,5m,LONG,137.38,137.72360015376577,137.2081999231171,2.0,1.0,0.17180007688288867,0.17180007688290289,0.0025010929812621097,0.0012505464906311659,0.0026932595719901,1.076833045459597,tp,137.72360015376577,137.2081999231171,0.0,0.0,True,False
SOLUSDT,5m,LONG,137.88,138.26300267725532,137.68849866137234,2.0,1.0,0.19150133862765983,0.19150133862765983,0.002777797195063325,0.0013888985975316626,0.0011604293588627,0.4177516490134715,sl,138.26300267725532,137.68849866137234,0.0,0.0,False,False
SOLUSDT,5m,LONG,138.09,138.50171898029518,137.8841405098524,2.0,1.0,0.20585949014758853,0.20585949014761695,0.0029815263979664497,0.0014907631989834469,0.0037656600767616,1.2629973960082892,tp,138.50171898029518,137.8841405098524,0.0,0.0,True,False
SOLUSDT,5m,LONG,139.16,139.73276479581213,138.87361760209393,2.0,1.0,0.2863823979060669,0.2863823979060669,0.0041158723470260394,0.0020579361735130197,0.0024432308134521,0.5936119022781352,sl,139.73276479581213,138.87361760209393,0.0,0.0,False,False
SOLUSDT,5m,SHORT,142.21,141.38020913230426,142.62489543384788,2.0,1.0,0.41489543384787453,0.41489543384787453,0.005834968481089553,0.002917484240544832,0.0018986006609943,0.32538319052578285,sl,141.38020913230426,142.62489543384788,0.0,0.0,False,False
SOLUSDT,5m,SHORT,141.31,140.2801127783063,141.82494361084687,2.0,1.0,0.5149436108468564,0.5149436108468706,0.007288141120187608,0.0036440705600939705,0.0080673696129078,1.1069173167574633,tp,140.2801127783063,141.82494361084687,0.0,0.0,True,False
SOLUSDT,5m,LONG,144.14,144.41343214657977,144.00328392671008,2.0,1.0,0.13671607328988955,0.13671607328990376,0.0018969900553613694,0.0009484950276807957,0.0004856389621203,0.2560050121231593,sl,144.41343214657977,144.00328392671008,0.0,0.0,False,False
SOLUSDT,5m,SHORT,143.63,143.29012006836328,143.79993996581837,2.0,1.0,0.16993996581835802,0.16993996581837223,0.002366357527234686,0.0011831787636173985,6.962333774274807e-05,0.029422154911692304,sl,143.29012006836328,143.79993996581837,0.0,0.0,False,False
SOLUSDT,5m,LONG,144.05,144.41127669974327,143.86936165012838,2.0,1.0,0.18063834987162863,0.18063834987162863,0.0025079951387938504,0.0012539975693969252,0.0011801457827142,0.4705534570062037,sl,144.41127669974327,143.86936165012838,0.0,0.0,False,False
SOLUSDT,5m,LONG,144.25,144.67660492378928,144.03669753810536,2.0,1.0,0.2133024618946422,0.2133024618946422,0.002957399818296569,0.0014786999091482844,6.93240901212541e-05,0.023440892128404892,sl,144.67660492378928,144.03669753810536,0.0,0.0,False,False
SOLUSDT,5m,SHORT,143.83,143.5643554027437,143.96282229862817,2.0,1.0,0.13282229862815598,0.13282229862815598,0.0018469345564646744,0.0009234672782323372,0.002989640547869,1.6187041048122712,tp,143.5643554027437,143.96282229862817,0.0,0.0,True,False
SOLUSDT,5m,SHORT,143.46,143.0887580255797,143.64562098721018,2.0,1.0,0.1856209872101573,0.1856209872101715,0.002587773417121908,0.0012938867085610095,0.0031367628607278,1.212147415988403,tp,143.0887580255797,143.64562098721018,0.0,0.0,True,False
SOLUSDT,5m,SHORT,142.78,142.30918153812425,143.01540923093788,2.0,1.0,0.2354092309378757,0.2354092309378757,0.003297509888469996,0.001648754944234998,0.0062333660176496,1.8903251933967073,tp,142.30918153812425,143.01540923093788,0.0,0.0,True,False
SOLUSDT,5m,SHORT,123.63,122.59227543281796,124.148862283591,2.0,1.0,0.5188622835910195,0.5188622835910053,0.008393792503292419,0.004196896251646098,0.0012941842594839,0.15418349440688023,sl,122.59227543281796,124.148862283591,0.0,0.0,False,False
SOLUSDT,5m,LONG,85.98,86.65438192830932,85.64280903584535,3.0,1.5,0.22479397610310534,0.22479397610310534,0.00784347439299049,0.003921737196495245,0.0025587345894393,0.3262246373528005,sl,86.65438192830932,85.64280903584535,0.0,0.0,False,False
SOLUSDT,5m,SHORT,84.95,84.23631998892616,85.30684000553693,3.0,1.5,0.2378933370246159,0.2378933370246159,0.00840117729339429,0.004200588646697145,0.0064743967039434,0.7706535022221366,sl,84.23631998892616,85.30684000553693,0.0,0.0,False,False
SOLUSDT,5m,LONG,86.23,87.17269718905656,85.75865140547172,3.0,1.5,0.3142323963521865,0.3142323963521865,0.010932357521240332,0.005466178760620166,0.0075379798214077,0.689510913520918,sl,87.17269718905656,85.75865140547172,0.0,0.0,False,False
SOLUSDT,5m,SHORT,84.94,83.66225024061626,85.57887487969187,3.0,1.5,0.425916586461246,0.425916586461246,0.015042968676521551,0.00752148433826072,0.0182481751824817,1.213070077780771,tp,83.66225024061626,85.57887487969187,0.0,0.0,True,False
SOLUSDT,5m,SHORT,85.98,85.09729183029329,86.42135408485336,3.0,1.5,0.2942360565689057,0.2942360565689057,0.01026643602822419,0.005133218014112151,0.0004652244708072,0.04531508982554591,sl,85.09729183029329,86.42135408485336,0.0,0.0,False,False
SOLUSDT,5m,LONG,87.34,88.3946938264003,86.81265308679986,3.0,1.5,0.3515646088000987,0.3515646088000987,0.01207572505610588,0.00603786252805294,0.0036638424547743,0.3034055874700246,sl,88.3946938264003,86.81265308679986,0.0,0.0,False,False
SOLUSDT,5m,SHORT,85.2,84.55457837935714,85.52271081032143,3.0,1.5,0.215140540214288,0.21514054021428328,0.007575371134305953,0.00378768556715281,0.0062206572769953,0.8211686485991858,sl,84.55457837935714,85.52271081032143,0.0,0.0,False,False
SOLUSDT,5m,SHORT,84.58,83.82490446339351,84.95754776830324,3.0,1.5,0.25169851220216327,0.25169851220216327,0.008927589697404703,0.004463794848702296,0.0031922440293213,0.35757064756787627,sl,83.82490446339351,84.95754776830324,0.0,0.0,False,False
SOLUSDT,5m,SHORT,83.78,82.61679851478866,84.36160074260567,3.0,1.5,0.3877338284037819,0.3877338284037819,0.01388399958476183,0.006941999792380971,0.0109811410837909,0.79092058572539,sl,82.61679851478866,84.36160074260567,0.0,0.0,False,False
SOLUSDT,5m,SHORT,85.04,84.48461580437416,85.31769209781292,3.0,1.5,0.18512806520861602,0.18512806520861128,0.006530858368130832,0.0032654291840652494,0.0079962370649107,1.2243776566845481,tp,84.48461580437416,85.31769209781292,0.0,0.0,True,False
SOLUSDT,5m,LONG,83.72,84.35884974727733,83.40057512636133,3.0,1.5,0.21294991575911126,0.21294991575911126,0.0076307901012582224,0.0038153950506291112,0.0016722408026755,0.21914386065995556,sl,84.35884974727733,83.40057512636133,0.0,0.0,False,False
SOLUSDT,5m,LONG,84.16,84.85756213337328,83.81121893331336,3.0,1.5,0.23252071112442727,0.23252071112442727,0.00828852344787645,0.004144261723938225,0.0077233840304183,0.9318166352532982,sl,84.85756213337328,83.81121893331336,0.0,0.0,False,False
SOLUSDT,5m,SHORT,83.65,82.89344244654772,84.02827877672614,3.0,1.5,0.2521858511507607,0.252185851150756,0.009044322217002798,0.0045221611085013436,0.0100418410041841,1.110292265495144,tp,82.89344244654772,84.02827877672614,0.0,0.0,True,False
SOLUSDT,5m,SHORT,82.5,81.59515431278435,82.95242284360783,3.0,1.5,0.301615229071885,0.3016152290718897,0.010967826511704915,0.005483913255852624,0.0095757575757576,0.8730770463535604,sl,81.59515431278435,82.95242284360783,0.0,0.0,False,False
SOLUSDT,5m,LONG,84.06,85.41695984657494,83.38152007671253,3.0,1.5,0.45231994885831267,0.45231994885831267,0.016142753349690064,0.008071376674845032,0.0014275517487509,0.088432977809099,sl,85.41695984657494,83.38152007671253,0.0,0.0,False,False
SOLUSDT,5m,SHORT,83.05,82.34441114012085,83.40279442993958,3.0,1.5,0.2351962866263809,0.23519628662638561,0.008495952557244335,0.0042479762786222786,0.0001204093919324,0.014172559359424535,sl,82.34441114012085,83.40279442993958,0.0,0.0,False,False
SOLUSDT,5m,LONG,84.9,86.13662196711122,84.2816890164444,3.0,1.5,0.41220732237040636,0.41220732237040164,0.01456562976573883,0.007282814882869304,0.0146054181389869,1.002731661719266,sl,86.13662196711122,84.2816890164444,0.0,0.0,True,True
SOLUSDT,5m,SHORT,83.74,82.45159454659314,84.38420272670342,3.0,1.5,0.42946848446895086,0.42946848446895086,0.01538578282071712,0.007692891410358671,0.00035825173155,0.023284595637708485,sl,82.45159454659314,84.38420272670342,0.0,0.0,False,False
SOLUSDT,5m,SHORT,82.44,81.47869516949575,82.92065241525212,3.0,1.5,0.3204349435014156,0.3204349435014156,0.01166066024386525,0.005830330121932681,0.0014556040756914,0.12483033080885818,sl,81.47869516949575,82.92065241525212,0.0,0.0,False,False
SOLUSDT,5m,LONG,83.34,84.37101928089767,82.82449035955116,3.0,1.5,0.34367309363255555,0.34367309363256027,0.012371241671438327,0.006185620835719274,0.0112790976721861,0.9117191282606922,time,84.37101928089767,82.82449035955116,0.0,0.0,False,False
SOLUSDT,5m,SHORT,83.0,82.07105728141481,83.4644713592926,3.0,1.5,0.3096475728617302,0.30964757286173494,0.011192080946809568,0.005596040473404784,0.0033734939759036,0.3014179393390872,sl,82.07105728141481,83.4644713592926,0.0,0.0,False,False
SOLUSDT,5m,LONG,84.74,86.07459666590242,84.07270166704879,3.0,1.5,0.44486555530080807,0.44486555530080335,0.015749311610838035,0.007874655805419017,0.0181732357800331,1.1539066740877117,tp,86.07459666590242,84.07270166704879,0.0,0.0,True,False
SOLUSDT,5m,SHORT,83.74,82.67739305024567,84.27130347487716,3.0,1.5,0.3542023165847752,0.3542023165847752,0.012689359323552973,0.006344679661776542,0.0074038691187006,0.5834706804273507,sl,82.67739305024567,84.27130347487716,0.0,0.0,False,False
SOLUSDT,5m,SHORT,82.93,81.47392039494164,83.65803980252919,3.0,1.5,0.48535986835278777,0.48535986835278777,0.01755793566933994,0.008778967834669915,0.0063909321114192,0.36399108823363485,sl,81.47392039494164,83.65803980252919,0.0,0.0,False,False
SOLUSDT,5m,LONG,84.78,86.4920878097435,83.92395609512826,3.0,1.5,0.5706959365811647,0.5706959365811599,0.020194477586028547,0.010097238793014163,0.0213493748525595,1.0571887666621276,tp,86.4920878097435,83.92395609512826,0.0,0.0,True,False
SOLUSDT,5m,LONG,87.22,89.10686335289728,86.27656832355136,3.0,1.5,0.6289544509657597,0.6289544509657597,0.021633379418680043,0.010816689709340022,0.0010318734235267,0.047698207642754856,sl,89.10686335289728,86.27656832355136,0.0,0.0,False,False
SOLUSDT,5m,SHORT,84.57,83.86835345742473,84.92082327128762,3.0,1.5,0.23388218085842047,0.23388218085841572,0.008296636426336268,0.0041483182131680785,0.0031926214969846,0.38480913624829494,sl,83.86835345742473,84.92082327128762,0.0,0.0,False,False
SOLUSDT,5m,LONG,85.97,86.86850717252177,85.5207464137391,3.0,1.5,0.29950239084059166,0.29950239084059643,0.010451403658506164,0.005225701829253193,0.0110503664068861,1.057309311548067,tp,86.86850717252177,85.5207464137391,0.0,0.0,True,False
SOLUSDT,5m,LONG,87.25,88.31680020528486,86.71659989735757,3.0,1.5,0.35560006842828784,0.35560006842828784,0.012226936450256298,0.006113468225128149,0.0011461318051575,0.09373826467655151,sl,88.31680020528486,86.71659989735757,0.0,0.0,False,False
SOLUSDT,5m,SHORT,85.08,83.58507182404753,85.82746408797622,3.0,1.5,0.4983093919841555,0.4983093919841508,0.01757085303188133,0.008785426515940609,0.0044663845792195,0.2541928141516804,sl,83.58507182404753,85.82746408797622,0.0,0.0,False,False
SOLUSDT,5m,LONG,85.71,86.2948036978821,85.41759815105894,3.0,1.5,0.19493456596070283,0.19493456596070283,0.006823050961172639,0.0034115254805863193,0.0033835025084588,0.49589289713839346,sl,86.2948036978821,85.41759815105894,0.0,0.0,False,False
SOLUSDT,5m,LONG,86.43,87.1114889368118,86.08925553159412,3.0,1.5,0.22716297893726298,0.22716297893725823,0.007884865634754101,0.00394243281737694,0.0027768136063866,0.352170060342848,sl,87.1114889368118,86.08925553159412,0.0,0.0,False,False
SOLUSDT,5m,LONG,86.83,87.60383159855147,86.44308420072427,3.0,1.5,0.2579438661838225,0.25794386618381776,0.008912030387555836,0.004456015193777807,0.0095589082114476,1.0725847866042986,tp,87.60383159855147,86.44308420072427,0.0,0.0,True,False
SOLUSDT,5m,SHORT,85.91,84.6956668388391,86.51716658058045,3.0,1.5,0.40477772038696475,0.4047777203869695,0.014134945421498069,0.007067472710749145,0.0102432778489116,0.7246775663761977,sl,84.6956668388391,86.51716658058045,0.0,0.0,False,False
SOLUSDT,5m,LONG,87.02,88.42016207884046,86.31991896057977,3.0,1.5,0.46672069294682217,0.46672069294681745,0.01609011812043737,0.008045059060218684,0.0,0.0,sl,88.42016207884046,86.31991896057977,0.0,0.0,False,False
SOLUSDT,5m,LONG,86.97,87.68557127850089,86.61221436074955,3.0,1.5,0.23852375950029625,0.238523759500301,0.008227794394628951,0.004113897197314587,0.0250661147522134,3.0465169096321114,tp,87.68557127850089,86.61221436074955,0.0,0.0,True,False
SOLUSDT,5m,LONG,89.95,91.35552662691826,89.24723668654087,3.0,1.5,0.46850887563941984,0.46850887563941984,0.015625643434333147,0.007812821717166574,0.0133407448582546,0.8537725127492607,sl,91.35552662691826,89.24723668654087,0.0,0.0,False,False
SOLUSDT,5m,SHORT,86.6,86.12996904171638,86.8350154791418,3.0,1.5,0.1566769860945385,0.1566769860945385,0.005427609218055629,0.0027138046090278145,0.0003464203233256,0.06382558312657974,sl,86.12996904171638,86.8350154791418,0.0,0.0,False,False
SOLUSDT,5m,LONG,88.58,89.20489464980913,88.26755267509543,3.0,1.5,0.20829821660304523,0.20829821660304523,0.007054579474025102,0.003527289737012551,0.0001128923007451,0.016002697419565323,sl,89.20489464980913,88.26755267509543,0.0,0.0,False,False
SOLUSDT,5m,SHORT,87.79,87.34655892754576,88.01172053622713,3.0,1.5,0.14781369081808293,0.14781369081808293,0.005051156993441719,0.0025255784967208594,0.0054675931199453,1.0824437108259097,tp,87.34655892754576,88.01172053622713,0.0,0.0,True,False
SOLUSDT,5m,LONG,88.68,89.2640062118764,88.3879968940618,3.0,1.5,0.1946687372921332,0.19466873729213793,0.006585545916513391,0.0032927729582566956,0.0005638249887234,0.08561552768307291,sl,89.2640062118764,88.3879968940618,0.0,0.0,False,False
SOLUSDT,5m,LONG,88.88,89.51590718908577,88.56204640545711,3.0,1.5,0.2119690630285902,0.2119690630285902,0.007154671344349328,0.003577335672174664,0.0009000900090008,0.12580452206399112,sl,89.51590718908577,88.56204640545711,0.0,0.0,False,False
SOLUSDT,5m,SHORT,89.77,88.5855292961143,90.36223535194284,3.0,1.5,0.39482356796189794,0.39482356796189794,0.013194504889001868,0.006597252444500823,0.0140358694441349,1.0637662846928302,tp,88.5855292961143,90.36223535194284,0.0,0.0,True,False
SOLUSDT,5m,LONG,90.28,90.62064471937408,90.10967764031297,3.0,1.5,0.11354823979136104,0.11354823979135631,0.0037732024742367365,0.0018866012371182572,0.0007753655294638,0.20549269082641666,sl,90.62064471937408,90.10967764031297,0.0,0.0,False,False
SOLUSDT,5m,SHORT,89.6,89.15898508619107,89.82050745690447,3.0,1.5,0.1470049712696427,0.14700497126964743,0.004922041448760406,0.0024610207243802584,0.003236607142857,0.6575741339342287,sl,89.15898508619107,89.82050745690447,0.0,0.0,False,False
SOLUSDT,5m,SHORT,89.44,88.97432482533556,89.67283758733222,3.0,1.5,0.1552250582214801,0.15522505822148483,0.005206565011901199,0.002603282505950766,0.0002236135957065,0.04294839211560072,sl,88.97432482533556,89.67283758733222,0.0,0.0,False,False
SOLUSDT,5m,SHORT,89.65,89.32295647519553,89.81352176240225,3.0,1.5,0.10901450826816017,0.10901450826816017,0.0036480036230281954,0.0018240018115140977,0.0108198549916341,2.9659660761664965,tp,89.32295647519553,89.81352176240225,0.0,0.0,True,False
SOLUSDT,5m,SHORT,87.77,86.99656579896934,88.15671710051532,3.0,1.5,0.25781140034355116,0.25781140034355116,0.008812056523079148,0.004406028261539463,0.0181155292241083,2.0557663442878473,tp,86.99656579896934,88.15671710051532,0.0,0.0,True,False
SOLUSDT,5m,SHORT,86.92,86.39525011143967,87.44474988856034,2.0,2.0,0.26237494428016817,0.26237494428016817,0.0060371593253605305,0.0060371593253605305,0.0077082374597331,1.2767987466146218,tp,86.39525011143967,87.44474988856034,0.0,0.0,True,False
SOLUSDT,5m,LONG,83.65,84.27725239638575,83.02274760361426,2.0,2.0,0.3136261981928712,0.3136261981928712,0.007498534326189299,0.00749853432618941,0.0015540944411236,0.2072530942074622,sl,84.27725239638575,83.02274760361426,0.0,0.0,False,False
SOLUSDT,5m,LONG,84.73,85.03985215033323,84.42014784966678,2.0,2.0,0.15492607516661394,0.15492607516661394,0.0036569355639470835,0.0036569355639469725,0.0022424170895786,0.6131956799255893,time,85.03985215033323,84.42014784966678,0.0,0.0,False,False
SOLUSDT,5m,LONG,85.7,85.95920846377435,85.44079153622566,2.0,2.0,0.1296042318871713,0.1296042318871713,0.0030246028445080064,0.0030246028445081174,0.0023337222870478,0.7715797435307287,sl,85.95920846377435,85.44079153622566,0.0,0.0,False,False
SOLUSDT,5m,LONG,85.1,85.39069958115385,84.80930041884614,2.0,2.0,0.14534979057692965,0.14534979057692965,0.0034159762767786983,0.0034159762767785873,0.0043478260869565,1.2727916515440634,tp,85.39069958115385,84.80930041884614,0.0,0.0,True,False
SOLUSDT,5m,SHORT,85.27,84.92461697383472,85.61538302616528,2.0,2.0,0.17269151308263986,0.17269151308263986,0.004050463541283911,0.004050463541283911,0.0011727453969742,0.28953362621860923,sl,84.92461697383472,85.61538302616528,0.0,0.0,False,False
SOLUSDT,5m,SHORT,84.47,84.0533083677003,84.8866916322997,2.0,2.0,0.20834581614985126,0.20834581614985126,0.0049330132863703025,0.0049330132863703025,0.0053273351485734,1.079935292956253,tp,84.0533083677003,84.8866916322997,0.0,0.0,True,False
SOLUSDT,5m,SHORT,84.47,84.10141038473652,84.83858961526347,2.0,2.0,0.184294807631737,0.184294807631737,0.004363556472871677,0.004363556472871677,0.0022493192849532,0.5154784403358282,sl,84.10141038473652,84.83858961526347,0.0,0.0,False,False
SOLUSDT,5m,LONG,88.08,88.57184813624919,87.58815186375081,2.0,2.0,0.24592406812459444,0.24592406812459444,0.0055841069056448145,0.0055841069056447035,0.0042007266121708,0.7522647189874545,sl,88.57184813624919,87.58815186375081,0.0,0.0,False,False
SOLUSDT,5m,LONG,87.24,87.56262048728108,86.91737951271891,2.0,2.0,0.1613102436405427,0.1613102436405427,0.00369807986337789,0.00369807986337789,-0.0001146263182025,-0.03099617164508674,sl,87.56262048728108,86.91737951271891,0.0,0.0,False,False
SOLUSDT,5m,SHORT,85.66,85.2602378322856,86.0597621677144,2.0,2.0,0.19988108385719983,0.19988108385719983,0.004666847626831672,0.004666847626831672,0.0057202895166938,1.2257287947018984,tp,85.2602378322856,86.0597621677144,0.0,0.0,True,False
SOLUSDT,5m,SHORT,84.34,84.09914298266882,84.58085701733118,2.0,2.0,0.12042850866559007,0.12042850866559007,0.0028557863093571223,0.0028557863093572333,0.0037941664690539,1.328589067263937,tp,84.09914298266882,84.58085701733118,0.0,0.0,True,False
SOLUSDT,5m,LONG,84.52,84.7395107764935,84.30048922350649,2.0,2.0,0.10975538824675368,0.10975538824675368,0.002597145959459368,0.002597145959459368,0.0035494557501182,1.3666754989993202,tp,84.7395107764935,84.30048922350649,0.0,0.0,True,False
SOLUSDT,5m,LONG,84.42,84.64534282390572,84.19465717609428,2.0,2.0,0.11267141195286001,0.11267141195286001,0.002669306134869931,0.002669306134869931,0.0030798389007344,1.1537975582873612,tp,84.64534282390572,84.19465717609428,0.0,0.0,True,False
SOLUSDT,5m,SHORT,82.87,82.48923136211106,83.25076863788895,2.0,2.0,0.19038431894447427,0.19038431894447427,0.004594770579087082,0.004594770579087193,0.0014480511644745,0.31515200586189185,time,82.48923136211106,83.25076863788895,0.0,0.0,False,False
SOLUSDT,5m,LONG,85.07,85.34286063498624,84.79713936501375,2.0,2.0,0.1364303174931223,0.1364303174931223,0.003207483660353283,0.003207483660353172,0.0001175502527331,0.03664874561516944,sl,85.34286063498624,84.79713936501375,0.0,0.0,False,False
SOLUSDT,5m,LONG,84.7,85.0192692474726,84.38073075252741,2.0,2.0,0.1596346237362951,0.1596346237362951,0.003769412602982136,0.003769412602982136,0.0034238488783942,0.9083242507560604,time,85.0192692474726,84.38073075252741,0.0,0.0,False,False
SOLUSDT,5m,LONG,85.1,85.46396058841674,84.73603941158325,2.0,2.0,0.18198029420837258,0.18198029420837258,0.004276857678222612,0.004276857678222612,0.0047003525264395,1.099020093741554,tp,85.46396058841674,84.73603941158325,0.0,0.0,True,False
SOLUSDT,5m,SHORT,91.02,90.6175116570431,91.4224883429569,2.0,2.0,0.20124417147845008,0.20124417147845008,0.004421976960633955,0.004421976960633955,0.0003295978905735,0.07453632018160657,sl,90.6175116570431,91.4224883429569,0.0,0.0,False,False
SOLUSDT,5m,SHORT,91.54,91.1059717830856,91.9740282169144,2.0,2.0,0.2170141084572066,0.21701410845719948,0.004741405035114887,0.004741405035114665,0.0051343674896221,1.082878904374743,tp,91.1059717830856,91.9740282169144,0.0,0.0,True,False
SOLUSDT,5m,LONG,85.04,85.35276434388076,84.72723565611925,2.0,2.0,0.15638217194037907,0.15638217194037907,0.0036778497634144536,0.0036778497634143426,0.0031749764816556,0.8632697597489696,sl,85.35276434388076,84.72723565611925,0.0,0.0,False,False
SOLUSDT,5m,SHORT,84.4,84.09972496087866,84.70027503912135,2.0,2.0,0.15013751956067267,0.15013751956067267,0.0035577611270302123,0.0035577611270301013,0.002132701421801,0.59945042560551,sl,84.09972496087866,84.70027503912135,0.0,0.0,False,False
SOLUSDT,5m,LONG,81.92,82.33245486168093,81.50754513831907,2.0,2.0,0.2062274308404639,0.2062274308404639,0.005034849385753493,0.005034849385753493,0.0054931640625,1.0910284780401467,tp,82.33245486168093,81.50754513831907,0.0,0.0,True,False
SOLUSDT,5m,LONG,82.04,82.38500370676013,81.69499629323988,2.0,2.0,0.1725018533800622,0.1725018533800622,0.0042053109063886485,0.0042053109063886485,0.0045099951243294,1.0724522454398984,tp,82.38500370676013,81.69499629323988,0.0,0.0,True,False
SOLUSDT,5m,SHORT,80.36,79.87411695970083,80.84588304029917,2.0,2.0,0.2429415201495857,0.2429415201495857,0.006046329520895566,0.006046329520895677,0.0013688402190144,0.22639193154852252,sl,79.87411695970083,80.84588304029917,0.0,0.0,False,False
SOLUSDT,5m,SHORT,69.38,68.91246142625559,69.8475385737444,2.0,2.0,0.233769286872203,0.233769286872203,0.0067388090767426245,0.0067388090767426245,0.0023061400980109,0.34221775268422233,sl,68.91246142625559,69.8475385737444,0.0,0.0,False,False
SOLUSDT,5m,LONG,73.06,73.36133701289093,72.75866298710908,2.0,2.0,0.15066850644546292,0.15066850644546292,0.004124514274444602,0.004124514274444602,0.0047905830823979,1.1614902419129074,tp,73.36133701289093,72.75866298710908,0.0,0.0,True,False
SOLUSDT,5m,SHORT,73.41,73.00410828300551,73.81589171699449,2.0,2.0,0.20294585849724456,0.20294585849724456,0.005529106620276392,0.005529106620276281,0.0073559460563954,1.3304040890475155,tp,73.00410828300551,73.81589171699449,0.0,0.0,True,False
SOLUSDT,5m,SHORT,69.48,68.98722865178732,69.97277134821269,2.0,2.0,0.24638567410634238,0.24638567410634238,0.007092276168864209,0.007092276168864098,0.0107944732297063,1.522004074953412,tp,68.98722865178732,69.97277134821269,0.0,0.0,True,False
SOLUSDT,5m,LONG,68.79,69.0492487561534,68.53075124384661,2.0,2.0,0.12962437807669858,0.12962437807669858,0.003768698301401363,0.003768698301401363,0.0008722197993892,0.23143794743794469,sl,69.0492487561534,68.53075124384661,0.0,0.0,False,False
SOLUSDT,5m,LONG,71.85,72.53983660556473,71.16016339443526,2.0,2.0,0.3449183027823679,0.3449183027823679,0.009601066187400642,0.009601066187400642,0.0072372999304107,0.7538016913067548,time,72.53983660556473,71.16016339443526,0.0,0.0,False,False
SOLUSDT,5m,LONG,72.49,72.9422471206721,72.03775287932788,2.0,2.0,0.22612356033605607,0.22612356033605607,0.00623875183711009,0.00623875183711009,0.0099324044695819,1.592049937056445,tp,72.9422471206721,72.03775287932788,0.0,0.0,True,False
SOLUSDT,5m,LONG,72.31,72.8035317092958,71.81646829070421,2.0,2.0,0.24676585464789724,0.24676585464789724,0.006825220706621504,0.006825220706621393,0.0092656617341999,1.3575622140996548,tp,72.8035317092958,71.81646829070421,0.0,0.0,True,False
SOLUSDT,5m,SHORT,73.38,72.73341522928438,74.02658477071562,2.0,2.0,0.32329238535781,0.32329238535781,0.008811457763908681,0.008811457763908681,0.0094031071136549,1.067145456018593,tp,72.73341522928438,74.02658477071562,0.0,0.0,True,False
SOLUSDT,5m,SHORT,77.0,76.70614236422368,77.29385763577632,2.0,2.0,0.1469288178881598,0.1469288178881598,0.0038163329321599937,0.0038163329321601047,0.0044155844155844,1.1570228525856727,tp,76.70614236422368,77.29385763577632,0.0,0.0,True,False
SOLUSDT,5m,SHORT,74.96,74.67696074960868,75.2430392503913,2.0,2.0,0.14151962519565586,0.14151962519565586,0.0037758704694679235,0.0037758704694679235,0.0024012806830308,0.6359541998190357,sl,74.67696074960868,75.2430392503913,0.0,0.0,False,False
SOLUSDT,5m,LONG,77.49,77.8808830733308,77.09911692666918,2.0,2.0,0.1954415366654061,0.1954415366654061,0.0050443034369700435,0.0050443034369700435,0.0049038585623952,0.9721577267645096,time,77.8808830733308,77.09911692666918,0.0,0.0,False,False
SOLUSDT,5m,LONG,77.46,77.70526385533809,77.2147361446619,2.0,2.0,0.12263192766904751,0.12263192766904751,0.0031663291419841144,0.0031663291419842254,0.0034856700232379,1.1008552386482717,tp,77.70526385533809,77.2147361446619,0.0,0.0,True,False
SOLUSDT,5m,LONG,78.17,78.44014624307262,77.89985375692739,2.0,2.0,0.13507312153630835,0.13507312153630835,0.0034558813236871266,0.0034558813236870156,0.0037098631188434,1.0734926264439244,tp,78.44014624307262,77.89985375692739,0.0,0.0,True,False
SOLUSDT,5m,SHORT,76.12,75.84856631294255,76.39143368705746,2.0,2.0,0.13571684352872637,0.13571684352872637,0.003565865568279758,0.003565865568279758,0.0040725170782974,1.1420837382442492,tp,75.84856631294255,76.39143368705746,0.0,0.0,True,False
SOLUSDT,5m,SHORT,73.95,73.77847107373923,74.12152892626078,2.0,2.0,0.08576446313038844,0.08576446313038844,0.0023195257100848687,0.0023195257100849798,0.001893171061528,0.8161888671019435,sl,73.77847107373923,74.12152892626078,0.0,0.0,False,False
SOLUSDT,5m,SHORT,73.09,72.94049002545574,73.23950997454426,2.0,2.0,0.07475498727212937,0.07475498727212937,0.0020455599198830887,0.0020455599198831997,0.0023258995758653,1.1370478827128339,tp,72.94049002545574,73.23950997454426,0.0,0.0,True,False
SOLUSDT,5m,SHORT,71.91,71.67977244176562,72.14022755823437,2.0,2.0,0.11511377911718768,0.11511377911718768,0.0032016069842076833,0.0032016069842077943,0.0016687526074258,0.5212234404963275,time,71.67977244176562,72.14022755823437,0.0,0.0,False,False
BTCUSDT,15m,SHORT,81861.1,81397.09363105644,82325.10636894357,2.0,2.0,232.00318447178142,232.00318447178142,0.005668215659740294,0.005668215659740294,0.0012606720408107,0.22241074025550775,sl,81397.09363105644,82325.10636894357,0.0,0.0,False,False
BTCUSDT,15m,SHORT,81325.8,80689.44665993973,81962.15334006028,2.0,2.0,318.17667003013776,318.17667003013776,0.007824741226772791,0.00782474122677268,0.0012763477272895,0.16311692493068072,sl,80689.44665993973,81962.15334006028,0.0,0.0,False,False
BTCUSDT,15m,LONG,82458.3,83013.15565629347,81903.44434370653,2.0,2.0,277.4278281467341,277.4278281467341,0.006728924271946823,0.006728924271946823,0.008788684704875,1.306105456040783,tp,83013.15565629347,81903.44434370653,0.0,0.0,True,False
BTCUSDT,15m,LONG,83287.5,84180.01680537795,82394.98319462205,2.0,2.0,446.25840268897446,446.25840268897446,0.010716095517069757,0.010716095517069757,0.0073036169893441,0.681555794058583,sl,84180.01680537795,82394.98319462205,0.0,0.0,False,False
BTCUSDT,15m,LONG,84865.8,85706.3673210466,84025.23267895341,2.0,2.0,420.2836605232951,420.2836605232951,0.009904665024622394,0.009904665024622283,0.0071783922380982,0.7247486129266516,time,85706.3673210466,84025.23267895341,0.0,0.0,False,False
BTCUSDT,15m,SHORT,84211.1,83774.1157025268,84648.08429747321,2.0,2.0,218.49214873660094,218.49214873660094,0.00518915318138824,0.005189153181388129,0.0043355329641817,0.8354991291704029,sl,83774.1157025268,84648.08429747321,0.0,0.0,False,False
BTCUSDT,15m,LONG,85427.7,86080.99382275691,84774.40617724309,2.0,2.0,326.6469113784551,326.6469113784551,0.007647330113732531,0.007647330113732531,0.0078698127188254,1.029092847017726,tp,86080.99382275691,84774.40617724309,0.0,0.0,True,False
BTCUSDT,15m,LONG,86147.5,86989.75366297836,85305.24633702164,2.0,2.0,421.1268314891786,421.1268314891786,0.00977687876001454,0.00977687876001454,0.0132389216169941,1.3541051231133823,tp,86989.75366297836,85305.24633702164,0.0,0.0,True,False
BTCUSDT,15m,LONG,87712.4,88764.87436288252,86659.92563711747,2.0,2.0,526.2371814412618,526.2371814412618,0.011999151350122972,0.011999151350122972,0.0089793461357801,0.7483317672868653,sl,88764.87436288252,86659.92563711747,0.0,0.0,False,False
BTCUSDT,15m,SHORT,81912.3,81300.64210153386,82523.95789846615,2.0,2.0,305.8289492330732,305.8289492330732,0.007467228956654193,0.007467228956654193,0.0019203465169455,0.25716989904725523,sl,81300.64210153386,82523.95789846615,0.0,0.0,False,False
BTCUSDT,15m,SHORT,81744.9,80988.46252511008,82501.33747488991,2.0,2.0,378.2187374449568,378.2187374449568,0.009253635087814849,0.009253635087814738,0.0070059416550756,0.7571015702035837,time,80988.46252511008,82501.33747488991,0.0,0.0,False,False
BTCUSDT,15m,LONG,83483.4,83948.81338235833,83017.98661764165,2.0,2.0,232.70669117916987,232.70669117916987,0.00557492127007686,0.005574921270076971,0.0060323369675888,1.0820488174365974,tp,83948.81338235833,83017.98661764165,0.0,0.0,True,False
BTCUSDT,15m,SHORT,81932.5,81461.54438683914,82403.45561316086,2.0,2.0,235.47780658042757,235.47780658042757,0.00574809279786237,0.00574809279786237,0.0113813199890153,1.9800167445535748,tp,81461.54438683914,82403.45561316086,0.0,0.0,True,False
BTCUSDT,15m,SHORT,80261.2,79566.89385360762,80955.50614639238,2.0,2.0,347.15307319619023,347.15307319619023,0.008650582677462881,0.00865058267746277,0.0149001011696809,1.7224390223446697,tp,79566.89385360762,80955.50614639238,0.0,0.0,True,False
BTCUSDT,15m,SHORT,78440.5,77504.91063994395,79376.08936005605,2.0,2.0,467.79468002802605,467.79468002802605,0.011927376292298675,0.011927376292298675,0.013774771960913,1.154887011471849,tp,77504.91063994395,79376.08936005605,0.0,0.0,True,False
BTCUSDT,15m,LONG,80804.9,82374.99435205561,79234.80564794438,2.0,2.0,785.0471760278087,785.0471760278087,0.01943068244692614,0.01943068244692614,0.0203589138777475,1.0477714271414178,tp,82374.99435205561,79234.80564794438,0.0,0.0,True,False
BTCUSDT,15m,SHORT,80874.2,80076.45475013946,81671.94524986054,2.0,2.0,398.87262493027083,398.87262493027083,0.009864026473962562,0.00986402647396245,0.0033038966691478,0.33494401884148267,sl,80076.45475013946,81671.94524986054,0.0,0.0,False,False
BTCUSDT,15m,SHORT,80200.2,79290.7346969498,81109.66530305019,2.0,2.0,454.732651525097,454.732651525097,0.011339938093049562,0.011339938093049673,0.0134313879516509,1.1844322113083865,tp,79290.7346969498,81109.66530305019,0.0,0.0,True,False
BTCUSDT,15m,SHORT,78731.7,77702.16103971691,79761.23896028308,2.0,2.0,514.7694801415419,514.7694801415419,0.013076549347760591,0.013076549347760702,0.0040098206948407,0.3066421108659982,sl,77702.16103971691,79761.23896028308,0.0,0.0,False,False
BTCUSDT,15m,LONG,81408.6,82141.79843495811,80675.4015650419,2.0,2.0,366.59921747905173,366.59921747905173,0.009006400244668367,0.009006400244668256,0.0092606923592838,1.028234600695874,tp,82141.79843495811,80675.4015650419,0.0,0.0,True,False
BTCUSDT,15m,LONG,83912.2,84900.05250498278,82924.34749501721,2.0,2.0,493.9262524913938,493.9262524913938,0.011772453886118805,0.011772453886118917,0.0046214972316302,0.3925687266509086,time,84900.05250498278,82924.34749501721,0.0,0.0,False,False
BTCUSDT,15m,LONG,84131.2,84671.15158481653,83591.24841518347,2.0,2.0,269.975792408266,269.975792408266,0.006417970798188177,0.006417970798188177,0.0073444810011031,1.1443618601655965,tp,84671.15158481653,83591.24841518347,0.0,0.0,True,False
BTCUSDT,15m,LONG,84856.7,85524.6498658316,84188.7501341684,2.0,2.0,333.9749329158003,333.9749329158003,0.00787150414559612,0.007871504145596009,0.006261143787114,0.7954189785464231,time,85524.6498658316,84188.7501341684,0.0,0.0,False,False
BTCUSDT,15m,LONG,85755.7,86333.25443790886,85178.14556209113,2.0,2.0,288.7772189544339,288.7772189544339,0.006734881038914731,0.006734881038914842,0.0004885972594242,0.07254727390150507,sl,86333.25443790886,85178.14556209113,0.0,0.0,False,False
BTCUSDT,15m,SHORT,84054.3,83525.49343528145,84583.10656471856,2.0,2.0,264.4032823592788,264.4032823592788,0.006291249403285182,0.006291249403285182,0.0071775031140584,1.1408708595005679,tp,83525.49343528145,84583.10656471856,0.0,0.0,True,False
BTCUSDT,15m,LONG,85262.4,86236.30282849984,84288.49717150014,2.0,2.0,486.9514142499247,486.9514142499247,0.01142241865699134,0.011422418656991229,0.0025052074536959,0.2193237289689547,sl,86236.30282849984,84288.49717150014,0.0,0.0,False,False
BTCUSDT,15m,LONG,85617.3,86130.4810242216,85104.1189757784,2.0,2.0,256.5905121108008,256.5905121108008,0.0059938940403587715,0.0059938940403586605,0.0041767259654297,0.6968301303470652,time,86130.4810242216,85104.1189757784,0.0,0.0,False,False
BTCUSDT,15m,LONG,86012.0,86510.58329444451,85513.41670555549,2.0,2.0,249.29164722225687,249.29164722225687,0.005796671330099423,0.005796671330099423,0.0050109287076221,0.8644493403658533,sl,86510.58329444451,85513.41670555549,0.0,0.0,False,False
BTCUSDT,15m,SHORT,83954.6,83416.37881457825,84492.82118542177,2.0,2.0,269.11059271088016,269.11059271088016,0.006410859981725414,0.006410859981725414,0.0082675636594064,1.2896185040655457,tp,83416.37881457825,84492.82118542177,0.0,0.0,True,False
BTCUSDT,15m,SHORT,84800.0,84467.13673516837,85132.86326483163,2.0,2.0,166.4316324158135,166.4316324158135,0.003925274349429575,0.003925274349429575,0.0002617924528301,0.06669405231971721,sl,84467.13673516837,85132.86326483163,0.0,0.0,False,False
BTCUSDT,15m,LONG,88312.1,89044.52005031062,87579.6799496894,2.0,2.0,366.21002515530563,366.21002515530563,0.008293541318920239,0.008293541318920239,0.0012014208698467,0.1448622275632572,sl,89044.52005031062,87579.6799496894,0.0,0.0,False,False
BTCUSDT,15m,LONG,88947.2,89427.24157771876,88467.15842228124,2.0,2.0,240.02078885937954,240.02078885937954,0.005396927364984538,0.005396927364984649,0.0081036839833069,1.501536603194606,tp,89427.24157771876,88467.15842228124,0.0,0.0,True,False
BTCUSDT,15m,LONG,90116.1,90774.34903288928,89457.85096711075,2.0,2.0,329.12451644463727,329.12451644463,0.0073044553957535285,0.0073044553957535285,0.0075092020182852,1.0280303748107904,tp,90774.34903288928,89457.85096711075,0.0,0.0,True,False
BTCUSDT,15m,SHORT,94135.3,93788.49579135134,94482.10420864869,2.0,2.0,173.40210432433378,173.40210432434105,0.003684103717188636,0.003684103717188858,0.0032113351739464,0.871673389368362,time,93788.49579135134,94482.10420864869,0.0,0.0,False,False
BTCUSDT,15m,LONG,94530.1,94810.79956620898,94249.40043379104,2.0,2.0,140.34978310448787,140.3497831044806,0.0029694199647412045,0.0029694199647409825,0.0033862230125641,1.1403651395801204,tp,94810.79956620898,94249.40043379104,0.0,0.0,True,False
BTCUSDT,15m,LONG,94910.0,95233.58254415626,94586.41745584374,2.0,2.0,161.79127207813144,161.79127207813144,0.0034093619656123675,0.0034093619656122565,0.0035507322726793,1.0414653265017992,tp,95233.58254415626,94586.41745584374,0.0,0.0,True,False
BTCUSDT,15m,SHORT,94200.4,93650.15123813997,94750.64876186004,2.0,2.0,275.124380930014,275.1243809300213,0.005841257169396652,0.005841257169396652,0.0055381930437662,0.9481166268079658,sl,93650.15123813997,94750.64876186004,0.0,0.0,False,False
BTCUSDT,15m,LONG,96586.4,97060.0114780056,96112.7885219944,2.0,2.0,236.80573900280433,236.80573900279705,0.004903500679242612,0.004903500679242612,6.52265743417594e-05,0.013302042481175757,sl,97060.0114780056,96112.7885219944,0.0,0.0,False,False
BTCUSDT,15m,LONG,97326.4,98042.82565293748,96609.9743470625,2.0,2.0,358.2128264687417,358.212826468749,0.007361061879793018,0.007361061879793129,0.0003976310641307,0.054018166213524725,sl,98042.82565293748,96609.9743470625,0.0,0.0,False,False
BTCUSDT,15m,LONG,97308.0,97895.96130179185,96720.03869820815,2.0,2.0,293.98065089592274,293.98065089592274,0.0060422709519447615,0.0060422709519447615,0.0057282032309778,0.948021576082106,sl,97895.96130179185,96720.03869820815,0.0,0.0,False,False
BTCUSDT,15m,SHORT,96433.4,96116.6797292613,96750.12027073868,2.0,2.0,158.3601353693448,158.3601353693448,0.0032843420509770516,0.0032843420509769405,0.0038295860148038,1.1660131482543192,tp,96116.6797292613,96750.12027073868,0.0,0.0,True,False
BTCUSDT,15m,SHORT,93912.1,93392.69834145137,94431.50165854866,2.0,2.0,259.7008292743194,259.7008292743267,0.005530721371885372,0.005530721371885594,0.0049727351427558,0.8991114916824386,sl,93392.69834145137,94431.50165854866,0.0,0.0,False,False
BTCUSDT,15m,LONG,95146.1,95638.2083016383,94653.99169836171,2.0,2.0,246.05415081914543,246.05415081914543,0.005172133189256245,0.005172133189256245,0.0,0.0,sl,95638.2083016383,94653.99169836171,0.0,0.0,False,False
BTCUSDT,15m,SHORT,93896.1,93575.36752624808,94216.83247375194,2.0,2.0,160.36623687596148,160.36623687596875,0.003415823167862375,0.003415823167862486,0.0060609546083384,1.77437598800858,tp,93575.36752624808,94216.83247375194,0.0,0.0,True,False
BTCUSDT,15m,LONG,97409.0,97851.28550708263,96966.71449291737,2.0,2.0,221.14275354131678,221.14275354131678,0.004540499410553789,0.004540499410553789,0.0003880544918847,0.08546515631798537,sl,97851.28550708263,96966.71449291737,0.0,0.0,False,False
BTCUSDT,15m,LONG,97725.1,98336.29542855408,97113.90457144592,2.0,2.0,305.59771427703527,305.59771427704254,0.006254231804869725,0.006254231804869836,0.0063944677467712,1.0224225686346136,tp,98336.29542855408,97113.90457144592,0.0,0.0,True,False
BTCUSDT,15m,LONG,98561.6,99250.2702557108,97872.9297442892,2.0,2.0,344.3351278553964,344.3351278554037,0.006987206535920665,0.006987206535920776,0.0080497881527896,1.1520753124165273,tp,99250.2702557108,97872.9297442892,0.0,0.0,True,False
BTCUSDT,15m,LONG,99433.2,99918.61259746664,98947.78740253334,2.0,2.0,242.70629873331927,242.70629873332655,0.004881795994362337,0.004881795994362559,0.004325517030529,0.8860503461275837,time,99918.61259746664,98947.78740253334,0.0,0.0,False,False
BTCUSDT,15m,LONG,100597.4,101288.732779626,99906.067220374,2.0,2.0,345.6663898130064,345.6663898129991,0.006872272838323923,0.006872272838323812,0.0089048027086187,1.295758029128321,tp,101288.732779626,99906.067220374,0.0,0.0,True,False
BTCUSDT,15m,SHORT,103530.1,102883.9634530434,104176.2365469566,2.0,2.0,323.06827347830404,323.06827347829676,0.006241050157940631,0.006241050157940409,0.0001671011618843,0.026774526346610653,sl,102883.9634530434,104176.2365469566,0.0,0.0,False,False
BTCUSDT,15m,LONG,105570.6,106258.6031980193,104882.59680198072,2.0,2.0,344.00159900964354,344.00159900964354,0.006516996190409907,0.006516996190409907,0.0014019054547383,0.21511527915288264,sl,106258.6031980193,104882.59680198072,0.0,0.0,False,False
BTCUSDT,15m,SHORT,102906.9,101956.45756908316,103857.34243091682,2.0,2.0,475.22121545841946,475.2212154584122,0.009235944634585658,0.009235944634585547,0.0114929125257878,1.244367845466561,tp,101956.45756908316,103857.34243091682,0.0,0.0,True,False
BTCUSDT,15m,LONG,103834.0,104597.3260991107,103070.6739008893,2.0,2.0,381.66304955534724,381.66304955534724,0.007351408008077209,0.007351408008077209,0.0114952712984186,1.5636829415247264,tp,104597.3260991107,103070.6739008893,0.0,0.0,True,False
BTCUSDT,15m,LONG,104857.5,105493.4120766084,104221.5879233916,2.0,2.0,317.95603830419714,317.95603830419714,0.006064535933131943,0.006064535933132054,0.0049037980115871,0.8086023507250627,sl,105493.4120766084,104221.5879233916,0.0,0.0,False,False
BTCUSDT,15m,SHORT,108908.1,108357.10263860038,109459.09736139965,2.0,2.0,275.4986806998131,275.4986806998204,0.005059287246766964,0.005059287246767186,0.0037857606550844,0.7482794453909717,time,108357.10263860038,109459.09736139965,0.0,0.0,False,False
BTCUSDT,15m,SHORT,104070.0,103693.91737994044,104446.08262005956,2.0,2.0,188.04131002978102,188.04131002978102,0.003613746709518195,0.0036137467095183062,0.0013183434226962,0.3648134550282216,sl,103693.91737994044,104446.08262005956,0.0,0.0,False,False
BTCUSDT,15m,SHORT,102678.8,102139.98437131736,103217.61562868264,2.0,2.0,269.4078143413208,269.4078143413208,0.005247584006461303,0.005247584006461414,0.0005726595947751,0.10912823769376334,sl,102139.98437131736,103217.61562868264,0.0,0.0,False,False
BTCUSDT,15m,LONG,105609.9,105962.86715151588,105256.93284848412,2.0,2.0,176.48357575794216,176.4835757579349,0.0033421786358653893,0.0033421786358652783,0.0030290720850981,0.906316632089231,sl,105962.86715151588,105256.93284848412,0.0,0.0,False,False
BTCUSDT,15m,SHORT,108234.1,107596.40561662432,108871.7943833757,2.0,2.0,318.8471916878407,318.84719168784795,0.005891806587532744,0.005891806587532855,0.0066439319955541,1.1276561606100373,tp,107596.40561662432,108871.7943833757,0.0,0.0,True,False
BTCUSDT,15m,LONG,107100.2,107861.9487200621,106338.4512799379,2.0,2.0,380.8743600310481,380.8743600310481,0.007112486438513699,0.007112486438513588,0.0003902887202825,0.05487373841152222,sl,107861.9487200621,106338.4512799379,0.0,0.0,False,False
BTCUSDT,15m,LONG,105235.0,105779.50534055654,104690.49465944346,2.0,2.0,272.25267027827067,272.25267027827067,0.005174184829729089,0.005174184829729089,0.0018026322041145,0.3483896040507085,sl,105779.50534055654,104690.49465944346,0.0,0.0,False,False
BTCUSDT,15m,LONG,107073.1,107205.75342619022,106940.4465738098,2.0,2.0,66.32671309510624,66.32671309510624,0.0012389052543562151,0.0012389052543562151,0.001397176321597,1.1277507433956513,tp,107205.75342619022,106940.4465738098,0.0,0.0,True,False
BTCUSDT,15m,SHORT,107686.9,107179.71783090087,107940.49108454956,3.0,1.5,169.06072303304003,169.06072303304487,0.004709785211563511,0.002354892605781922,0.0044861538404391,0.9525177134245212,sl,107179.71783090087,107940.49108454956,0.0,0.0,False,False
BTCUSDT,15m,SHORT,108175.2,107743.95583292445,108390.82208353776,3.0,1.5,143.74805569185023,143.7480556918405,0.003986534502136818,0.001993267251068298,0.0043521990252849,1.0917249111859142,tp,107743.95583292445,108390.82208353776,0.0,0.0,True,False
BTCUSDT,15m,SHORT,107504.5,107008.694163098,107752.402918451,3.0,1.5,165.26861230066666,165.26861230066666,0.004611954261468099,0.002305977130734105,0.0017162072285346,0.37212147632797404,sl,107008.694163098,107752.402918451,0.0,0.0,False,False
BTCUSDT,15m,SHORT,105619.6,104683.55277279494,106087.62361360254,3.0,1.5,312.01574240168947,312.01574240168947,0.008862438668628458,0.004431219334314118,0.0001486466527047,0.01677265798531099,sl,104683.55277279494,106087.62361360254,0.0,0.0,False,False
BTCUSDT,15m,LONG,106012.1,106639.32872211988,105698.48563894008,3.0,1.5,209.07624070662618,209.07624070661646,0.005916576712657218,0.002958288356328387,0.0070557983475471,1.1925474290653186,tp,106639.32872211988,105698.48563894008,0.0,0.0,True,False
BTCUSDT,15m,SHORT,108922.0,108231.3820930232,109267.3089534884,3.0,1.5,230.2059689922656,230.20596899227044,0.006340481325873504,0.0031702406629368074,0.0040524411964524,0.6391377859462603,sl,108231.3820930232,109267.3089534884,0.0,0.0,False,False
BTCUSDT,15m,LONG,109290.4,109893.46972299863,108988.86513850068,3.0,1.5,201.02324099954663,201.0232409995418,0.005518048456210511,0.0027590242281052557,0.0061743757914693,1.1189419303703465,tp,109893.46972299863,108988.86513850068,0.0,0.0,True,False
BTCUSDT,15m,LONG,110217.1,110886.50216469484,109882.3989176526,3.0,1.5,223.13405489827952,223.13405489827468,0.006073487368972952,0.003036743684486476,0.0001143198287742,0.018822765542942405,sl,110886.50216469484,109882.3989176526,0.0,0.0,False,False
BTCUSDT,15m,SHORT,108908.9,108114.60946409056,109306.04526795472,3.0,1.5,264.76351196980977,264.7635119698146,0.007293164616568815,0.0036465823082845183,0.0018630249685745,0.25544808961832943,sl,108114.60946409056,109306.04526795472,0.0,0.0,False,False
BTCUSDT,15m,LONG,109902.8,110600.0951544272,109554.1524227864,3.0,1.5,232.43171814239759,232.43171814240245,0.006344653224733099,0.0031723266123665494,0.0005486666399764,0.08647700993925965,sl,110600.0951544272,109554.1524227864,0.0,0.0,False,False
BTCUSDT,15m,SHORT,109443.5,108950.26081025036,109690.11959487482,3.0,1.5,164.4130632498806,164.4130632498806,0.004506792909123369,0.0022533964545616847,0.0011430555492103,0.25362948159795506,sl,108950.26081025036,109690.11959487482,0.0,0.0,False,False
BTCUSDT,15m,SHORT,109300.7,108790.35596082958,109555.8720195852,3.0,1.5,170.11467972347359,170.11467972346387,0.004669174480771088,0.0023345872403854884,0.0050466282466625,1.0808395075930164,tp,108790.35596082958,109555.8720195852,0.0,0.0,True,False
BTCUSDT,15m,SHORT,108703.4,108197.04852473269,108956.57573763366,3.0,1.5,168.7838250891024,168.78382508910727,0.004658101542981297,0.002329050771490593,0.0022722380348728,0.48780345681741266,sl,108197.04852473269,108956.57573763366,0.0,0.0,False,False
BTCUSDT,15m,SHORT,108774.3,108261.71149423,109030.594252885,3.0,1.5,170.862835256669,170.86283525666417,0.004712404545651028,0.002356202272825403,0.0015012737383738,0.3185791295781878,sl,108261.71149423,109030.594252885,0.0,0.0,False,False
BTCUSDT,15m,SHORT,110900.7,110473.93603717396,111114.081981413,3.0,1.5,142.2546542753456,142.25465427533103,0.0038481629315778587,0.0019240814657888183,0.0009080195165584,0.23596181676904351,sl,110473.93603717396,111114.081981413,0.0,0.0,False,False
BTCUSDT,15m,SHORT,110760.2,110302.23868255038,110989.1806587248,3.0,1.5,152.65377248320632,152.65377248320146,0.004134710098479544,0.0020673550492398274,0.0029613525436032,0.7162176967841537,sl,110302.23868255038,110989.1806587248,0.0,0.0,False,False
BTCUSDT,15m,LONG,111277.4,112094.1117983472,110869.0441008264,3.0,1.5,272.23726611573755,272.23726611572783,0.007339422006150453,0.0036697110030751157,0.0110768224275549,1.5092227178478763,tp,112094.1117983472,110869.0441008264,0.0,0.0,True,False
BTCUSDT,15m,LONG,112585.9,113567.13680840522,112095.28159579738,3.0,1.5,327.0789361350762,327.0789361350762,0.00871545023315723,0.004357725116578615,0.0101096140813371,1.159964638760243,tp,113567.13680840522,112095.28159579738,0.0,0.0,True,False
BTCUSDT,15m,LONG,115690.1,117418.34489704468,114825.97755147768,3.0,1.5,576.0816323482237,576.081632348214,0.01493857207353666,0.007469286036768219,0.0151689729717581,1.0154232209803766,tp,117418.34489704468,114825.97755147768,0.0,0.0,True,False
BTCUSDT,15m,LONG,117925.2,118292.7456958909,117741.42715205454,3.0,1.5,122.51523196363512,122.51523196363512,0.0031167697480343204,0.0015583848740171602,0.0009802824163114,0.31451871506698337,sl,118292.7456958909,117741.42715205454,0.0,0.0,False,False
BTCUSDT,15m,LONG,118150.8,118518.09268267534,117967.15365866233,3.0,1.5,122.43089422511305,122.43089422511791,0.003108677069265209,0.0015543385346327154,0.0042970508875098,1.3822763805201177,tp,118518.09268267534,117967.15365866233,0.0,0.0,True,False
BTCUSDT,15m,SHORT,119413.7,118034.95860535972,120103.07069732012,3.0,1.5,459.58046488009376,459.5804648800792,0.011545923077840192,0.00577296153891993,0.0017895769078422,0.15499643430648619,sl,118034.95860535972,120103.07069732012,0.0,0.0,False,False
BTCUSDT,15m,SHORT,119374.4,118378.81742044711,119872.19128977644,3.0,1.5,331.86085985095997,331.8608598509648,0.008340000699922911,0.004170000349961622,0.009886541838116,1.1854365717508135,tp,118378.81742044711,119872.19128977644,0.0,0.0,True,False
BTCUSDT,15m,SHORT,117932.6,116630.94666201327,118583.42666899336,3.0,1.5,433.88444599557744,433.8844459955678,0.01103726482742462,0.005518632413712199,0.014462498070932,1.3103335198587065,tp,116630.94666201327,118583.42666899336,0.0,0.0,True,False
BTCUSDT,15m,SHORT,118624.8,117409.5743921616,119232.4128039192,3.0,1.5,405.07520261280297,405.07520261279814,0.010244279508487386,0.005122139754243582,0.0081028587614056,0.7909642405493115,time,117409.5743921616,119232.4128039192,0.0,0.0,False,False
BTCUSDT,15m,SHORT,119666.6,118591.5914243862,120204.1042878069,3.0,1.5,358.3361918712665,358.3361918712617,0.008983363575248204,0.004491681787624158,0.0107130978903052,1.1925486261986458,tp,118591.5914243862,120204.1042878069,0.0,0.0,True,False
BTCUSDT,15m,SHORT,119151.7,118237.61298396744,119608.74350801628,3.0,1.5,304.69567201085255,304.6956720108574,0.007671623787428583,0.0038358118937142915,0.0079872968660958,1.0411481437846977,tp,118237.61298396744,119608.74350801628,0.0,0.0,True,False
BTCUSDT,15m,SHORT,115190.4,114124.92482649126,115723.13758675435,3.0,1.5,355.15839116957795,355.1583911695731,0.009249687243978122,0.004624843621988894,0.0009584132011,0.10361574135644007,sl,114124.92482649126,115723.13758675435,0.0,0.0,False,False
BTCUSDT,15m,LONG,116200.0,117517.91352817958,115541.0432359102,3.0,1.5,439.3045093931917,439.30450939320144,0.011341768745090963,0.005670884372545593,0.004815834767642,0.42461055906526296,sl,117517.91352817958,115541.0432359102,0.0,0.0,False,False
BTCUSDT,15m,SHORT,115070.0,113722.06677444624,115743.96661277689,3.0,1.5,449.3110751845864,449.3110751845913,0.011714028205038307,0.0058570141025191536,0.0019457721386981,0.16610615107288254,sl,113722.06677444624,115743.96661277689,0.0,0.0,False,False
BTCUSDT,15m,LONG,116628.1,117668.61819673017,116107.84090163492,3.0,1.5,346.83939891005383,346.83939891005866,0.008921676651940436,0.004460838325970218,0.0095388675627914,1.0691788029234086,tp,117668.61819673017,116107.84090163492,0.0,0.0,True,False
BTCUSDT,15m,LONG,119694.8,120393.191657908,119345.604171046,3.0,1.5,232.79721930266533,232.7972193026702,0.0058347702482313135,0.0029173851241156568,0.000594846225567,0.10194852586480418,sl,120393.191657908,119345.604171046,0.0,0.0,False,False
BTCUSDT,15m,SHORT,118867.9,118222.30782051028,119190.69608974484,3.0,1.5,215.1973931632383,215.19739316323344,0.005431173424361946,0.002715586712180862,0.0055347154277983,1.0190643891008726,tp,118222.30782051028,119190.69608974484,0.0,0.0,True,False
BTCUSDT,15m,SHORT,118060.7,117138.09531227704,118522.00234386147,3.0,1.5,307.53489590765093,307.53489590765093,0.007814663878182637,0.003907331939091208,0.0056979164107954,0.7291313484004249,time,117138.09531227704,118522.00234386147,0.0,0.0,False,False
BTCUSDT,15m,SHORT,115248.3,114133.90971890988,115805.49514054506,3.0,1.5,371.46342703004,371.4634270300351,0.009669472617731656,0.004834736308865661,8.676917577597307e-07,8.973516882074598e-05,sl,114133.90971890988,115805.49514054506,0.0,0.0,False,False
BTCUSDT,15m,SHORT,114936.7,113969.390757048,115420.354621476,3.0,1.5,322.4364143173346,322.4364143173346,0.008416017189914138,0.004208008594956958,0.0076659587407676,0.9108772674507584,sl,113969.390757048,115420.354621476,0.0,0.0,False,False
BTCUSDT,15m,LONG,115818.6,116834.51683630598,115310.64158184704,3.0,1.5,338.63894543532416,338.6389454353096,0.008771620761310883,0.004385810380655331,0.0011863379457185,0.13524729100819066,sl,116834.51683630598,115310.64158184704,0.0,0.0,False,False
BTCUSDT,15m,SHORT,114304.7,113111.15079114624,114901.47460442688,3.0,1.5,397.84973628458584,397.84973628459073,0.01044182092996837,0.005220910464984296,0.0037933698264375,0.36328623636423446,sl,113111.15079114624,114901.47460442688,0.0,0.0,False,False
BTCUSDT,15m,SHORT,113348.0,111931.06149931275,114056.46925034362,3.0,1.5,472.31283356241573,472.31283356241573,0.012500780787373822,0.0062503903936868,0.0060698027314112,0.4855538893652059,time,111931.06149931275,114056.46925034362,0.0,0.0,False,False
BTCUSDT,15m,LONG,113960.4,114632.67928753624,113624.26035623188,3.0,1.5,224.09309584541674,224.09309584540702,0.005899235941048353,0.0029496179705240655,0.0003036142379283,0.05146670534325921,sl,114632.67928753624,113624.26035623188,0.0,0.0,False,False
BTCUSDT,15m,SHORT,113387.8,112869.59793072294,113646.90103463852,3.0,1.5,172.7340230923534,172.7340230923437,0.004570174827248308,0.0022850874136239874,8.819290964796985e-07,0.00019297491448717864,sl,112869.59793072294,113646.90103463852,0.0,0.0,False,False
BTCUSDT,15m,SHORT,113230.0,112724.76397477846,113482.61801261076,3.0,1.5,168.41200840718133,168.41200840717647,0.0044620332528618745,0.0022310166264307707,0.0005475580676499,0.12271492313480749,sl,112724.76397477846,113482.61801261076,0.0,0.0,False,False
BTCUSDT,15m,SHORT,112949.7,112380.19432786082,113234.45283606958,3.0,1.5,189.8352240463913,189.8352240463913,0.005042117616418373,0.0025210588082091867,0.0006436493412554,0.1276545670334067,sl,112380.19432786082,113234.45283606958,0.0,0.0,False,False
BTCUSDT,15m,SHORT,112798.6,112192.71241832724,113101.54379083638,3.0,1.5,201.9625272242556,201.96252722425075,0.00537141047559786,0.0026857052377988744,0.0010984178881653,0.20449338086437,sl,112192.71241832724,113101.54379083638,0.0,0.0,False,False
BTCUSDT,15m,SHORT,112442.0,111653.5030336651,112836.24848316744,3.0,1.5,262.8323221116346,262.83232211162493,0.007012477244578541,0.0035062386222890485,0.0047313281514025,0.6747013910184686,sl,111653.5030336651,112836.24848316744,0.0,0.0,False,False
BTCUSDT,15m,LONG,113152.7,114216.46986393676,112620.8150680316,3.0,1.5,354.5899546455864,354.58995464559604,0.009401188517258241,0.0047005942586292315,0.0052760561612758,0.5612116118712305,time,114216.46986393676,112620.8150680316,0.0,0.0,False,False
BTCUSDT,15m,LONG,114175.9,114582.68100135456,113972.50949932272,3.0,1.5,135.59366711818925,135.59366711817952,0.0035627571261060975,0.0017813785630528267,2.627524722818038e-05,0.007374975699479638,sl,114582.68100135456,113972.50949932272,0.0,0.0,False,False
BTCUSDT,15m,LONG,114080.0,114573.76160097244,113833.11919951378,3.0,1.5,164.58720032414809,164.58720032414809,0.004328204777107603,0.0021641023885538013,0.0045170056100982,1.0436210490754014,tp,114573.76160097244,113833.11919951378,0.0,0.0,True,False
BTCUSDT,15m,LONG,117407.6,118334.92404522675,116943.93797738662,3.0,1.5,309.10801507558307,309.1080150755879,0.007898330646625595,0.003949165323312798,0.0003611350542894,0.045722959755260154,sl,118334.92404522675,116943.93797738662,0.0,0.0,False,False
BTCUSDT,15m,LONG,117500.1,118288.63518382052,117105.83240808974,3.0,1.5,262.84506127350323,262.84506127350807,0.006710932023211047,0.0033554660116056345,0.0001991487666818,0.02967527699476105,sl,118288.63518382052,117105.83240808974,0.0,0.0,False,False
BTCUSDT,15m,SHORT,116700.1,115968.07377986904,117066.11311006547,3.0,1.5,244.00874004365565,244.00874004364596,0.006272712877974929,0.0031363564389874643,0.0038054808864774,0.6066722581611219,time,115968.07377986904,117066.11311006547,0.0,0.0,False,False
BTCUSDT,15m,SHORT,115880.3,115109.5040481574,116265.6979759213,3.0,1.5,256.9319839475356,256.9319839475308,0.006651656509713999,0.003325828254856944,0.0002442175244627,0.036715294018271644,sl,115109.5040481574,116265.6979759213,0.0,0.0,False,False
BTCUSDT,15m,LONG,116926.0,117532.42821925592,116622.78589037203,3.0,1.5,202.14273975197284,202.1427397519777,0.005186427477686051,0.0025932137388431364,0.0001325624754117,0.025559496586433205,sl,117532.42821925592,116622.78589037203,0.0,0.0,False,False
BTCUSDT,15m,SHORT,116381.4,116002.66340315936,116570.76829842031,3.0,1.5,126.2455322802125,126.2455322802125,0.003254270844315621,0.001627135422157755,0.0006650547252395,0.2043636676403811,sl,116002.66340315936,116570.76829842031,0.0,0.0,False,False
BTCUSDT,15m,LONG,116930.4,117428.50340664868,116681.34829667566,3.0,1.5,166.03446888289668,166.03446888289182,0.0042598281255232795,0.0021299140627616397,1.7104191896345308e-06,0.0004015230519246412,sl,117428.50340664868,116681.34829667566,0.0,0.0,False,False
BTCUSDT,15m,LONG,117373.5,117956.82343358806,117081.83828320596,3.0,1.5,194.44114452935173,194.44114452936142,0.004969805225098156,0.002484902612549189,0.0045427630598047,0.9140726555767542,sl,117956.82343358806,117081.83828320596,0.0,0.0,False,False
BTCUSDT,15m,LONG,118653.3,119368.27865277074,118295.81067361464,3.0,1.5,238.32621759024428,238.32621759023945,0.0060257797530345325,0.0030128898765171552,0.0004610069842136,0.07650578068032453,sl,119368.27865277074,118295.81067361464,0.0,0.0,False,False
BTCUSDT,15m,LONG,118783.9,119531.62962996014,118410.03518501992,3.0,1.5,249.24320998671465,249.24320998671465,0.006294873547342261,0.0031474367736711306,0.002610623156842,0.4147220968313531,sl,119531.62962996014,118410.03518501992,0.0,0.0,False,False
BTCUSDT,15m,SHORT,118261.1,117673.03531546226,118555.13234226887,3.0,1.5,196.0215615125829,196.02156151257805,0.0049725960991209295,0.0024862980495603537,0.0021232679215735,0.4269938437084922,sl,117673.03531546226,118555.13234226887,0.0,0.0,False,False
BTCUSDT,15m,LONG,118825.1,119607.68423254768,118433.80788372616,3.0,1.5,260.8614108492232,260.8614108492329,0.006586017874570915,0.0032930089372855686,0.0082044955148364,1.245744495549358,tp,119607.68423254768,118433.80788372616,0.0,0.0,True,False
BTCUSDT,15m,LONG,120050.1,120917.4270291664,119616.43648541682,3.0,1.5,289.1090097221313,289.1090097221216,0.007224708927076273,0.0036123544635380256,0.0104114865377037,1.4410942562245295,tp,120917.4270291664,119616.43648541682,0.0,0.0,True,False
BTCUSDT,15m,LONG,121462.4,122666.45493841388,120860.37253079306,3.0,1.5,401.35164613796223,401.3516461379574,0.009912984910670941,0.0049564924553354706,0.0081309112943594,0.8202283537834091,sl,122666.45493841388,120860.37253079306,0.0,0.0,False,False
BTCUSDT,15m,SHORT,120500.1,119570.04839546746,120965.12580226628,3.0,1.5,310.0172015108498,310.0172015108498,0.007718264171835076,0.0038591320859175937,0.0078265495215357,1.0140297542672576,tp,119570.04839546746,120965.12580226628,0.0,0.0,True,False
BTCUSDT,15m,SHORT,119140.0,118126.05343999634,119646.97328000182,3.0,1.5,337.9821866678879,337.98218666788307,0.008510546919621165,0.004255273459810471,0.0091489004532482,1.075007345550884,tp,118126.05343999634,119646.97328000182,0.0,0.0,True,False
BTCUSDT,15m,LONG,119126.3,119943.8288292883,118717.53558535586,3.0,1.5,272.50960976276355,272.50960976276355,0.006862706466064017,0.0034313532330320085,8.39445193809166e-07,0.00012231984537881813,sl,119943.8288292883,118717.53558535586,0.0,0.0,False,False
BTCUSDT,15m,LONG,121777.3,122564.03807818308,120990.56192181692,2.0,2.0,393.36903909153625,393.3690390915435,0.006460465769754009,0.006460465769754231,0.0036213645728719,0.5605423357904098,sl,122564.03807818308,120990.56192181692,0.0,0.0,False,False
BTCUSDT,15m,LONG,122329.5,123203.40419423116,121455.59580576884,2.0,2.0,436.9520971155798,436.9520971155798,0.0071438548692766,0.007143854869276489,0.0109523867914117,1.533120001991412,tp,123203.40419423116,121455.59580576884,0.0,0.0,True,False
BTCUSDT,15m,LONG,123887.2,124726.87584039678,123047.5241596032,2.0,2.0,419.83792019839166,419.83792019839893,0.00677774491954608,0.006777744919546191,0.005314511910835,0.7841121160385782,sl,124726.87584039678,123047.5241596032,0.0,0.0,False,False
BTCUSDT,15m,SHORT,122766.0,122123.9647052155,123408.0352947845,2.0,2.0,321.01764739224745,321.01764739224745,0.005229748422075242,0.005229748422075353,0.0054852320675105,1.0488519953190938,tp,122123.9647052155,123408.0352947845,0.0,0.0,True,False
BTCUSDT,15m,SHORT,121781.6,121090.32203256505,122472.87796743496,2.0,2.0,345.6389837174793,345.6389837174793,0.0056763744887154965,0.005676374488715608,0.0083247387125805,1.4665591090104946,tp,121090.32203256505,122472.87796743496,0.0,0.0,True,False
BTCUSDT,15m,SHORT,119478.5,118350.947666475,120606.052333525,2.0,2.0,563.7761667625018,563.7761667625018,0.00943728230204599,0.009437282302046102,0.012248228760823,1.2978555021256066,tp,118350.947666475,120606.052333525,0.0,0.0,True,False
BTCUSDT,15m,LONG,118567.5,119245.5453697292,117889.4546302708,2.0,2.0,339.022684864598,339.022684864598,0.005718644398584827,0.005718644398584716,0.0051995698652666,0.9092311923702266,time,119245.5453697292,117889.4546302708,0.0,0.0,False,False
BTCUSDT,15m,SHORT,118429.9,117923.63076147008,118936.1692385299,2.0,2.0,253.13461926495802,253.13461926495074,0.004274843080420698,0.004274843080420476,0.0044304689947386,1.0364050589437277,tp,117923.63076147008,118936.1692385299,0.0,0.0,True,False
BTCUSDT,15m,SHORT,117721.9,117162.42925763477,118281.37074236522,2.0,2.0,279.7353711826145,279.7353711826145,0.004752478021211259,0.004752478021211148,0.0069774612880015,1.4681732891471977,tp,117162.42925763477,118281.37074236522,0.0,0.0,True,False
BTCUSDT,15m,SHORT,116785.0,116020.18807932892,117549.81192067108,2.0,2.0,382.40596033554175,382.40596033554175,0.0065488883047573054,0.0065488883047573054,0.0004170056085969,0.06367578575038069,sl,116020.18807932892,117549.81192067108,0.0,0.0,False,False
BTCUSDT,15m,SHORT,117315.7,116951.71318736786,117679.68681263214,2.0,2.0,181.993406316069,181.993406316069,0.0031026266103525435,0.0031026266103526545,0.0019264258747976,0.6209016155439682,sl,116951.71318736786,117679.68681263214,0.0,0.0,False,False
BTCUSDT,15m,LONG,117699.3,118003.42192457142,117395.1780754286,2.0,2.0,152.06096228570823,152.06096228570095,0.002583888982954141,0.00258388898295403,0.0007366229026,0.2850830308343296,time,118003.42192457142,117395.1780754286,0.0,0.0,False,False
BTCUSDT,15m,SHORT,117440.0,117250.8905692286,117629.1094307714,2.0,2.0,94.55471538569691,94.55471538569691,0.0016102642265956035,0.0016102642265956035,0.0025766348773842,1.600131726723932,tp,117250.8905692286,117629.1094307714,0.0,0.0,True,False
BTCUSDT,15m,LONG,117559.1,117801.21988167278,117316.98011832724,2.0,2.0,121.05994083638507,121.05994083638507,0.0020595588233729423,0.0020595588233728312,0.0049957850987289,2.4256578846081687,tp,117801.21988167278,117316.98011832724,0.0,0.0,True,False
BTCUSDT,15m,SHORT,115124.6,114516.08873886244,115733.11126113756,2.0,2.0,304.2556305687831,304.2556305687758,0.005285675356418773,0.005285675356418551,0.0045133707304955,0.8538872378937522,time,114516.08873886244,115733.11126113756,0.0,0.0,False,False
BTCUSDT,15m,LONG,115475.0,115986.8767945823,114963.1232054177,2.0,2.0,255.9383972911528,255.9383972911528,0.0044327931983745295,0.0044327931983746405,0.0018445550985061,0.4161157572571813,sl,115986.8767945823,114963.1232054177,0.0,0.0,False,False
BTCUSDT,15m,LONG,116099.4,116772.47910850104,115426.32089149897,2.0,2.0,336.5395542505212,336.5395542505139,0.005797438302876934,0.005797438302876934,0.0056985651949967,0.9829453798876706,time,116772.47910850104,115426.32089149897,0.0,0.0,False,False
BTCUSDT,15m,LONG,116847.7,117377.80252742716,116317.59747257284,2.0,2.0,265.05126371358347,265.0512637135762,0.004536696292928077,0.004536696292927855,0.0007787915380448,0.17166490497915873,sl,117377.80252742716,116317.59747257284,0.0,0.0,False,False
BTCUSDT,15m,SHORT,115875.0,115391.53520058063,116358.46479941937,2.0,2.0,241.7323997096828,241.7323997096828,0.004172296003619125,0.004172296003619014,0.0035486515641855,0.8505272782916973,sl,115391.53520058063,116358.46479941937,0.0,0.0,False,False
BTCUSDT,15m,SHORT,114918.3,114285.54828148516,115551.05171851483,2.0,2.0,316.37585925742314,316.37585925741587,0.005506100582020834,0.005506100582020723,0.0053472771525509,0.9711550075949315,time,114285.54828148516,115551.05171851483,0.0,0.0,False,False
BTCUSDT,15m,LONG,115701.8,116128.62951805576,115274.97048194424,2.0,2.0,213.4147590278808,213.4147590278808,0.003689048208893597,0.003689048208893597,0.001258407388649,0.3411198003905771,sl,116128.62951805576,115274.97048194424,0.0,0.0,False,False
BTCUSDT,15m,SHORT,114753.8,114149.8659434517,115357.7340565483,2.0,2.0,301.9670282741499,301.9670282741499,0.00526286760480521,0.00526286760480521,0.0059588440644231,1.1322428211917084,tp,114149.8659434517,115357.7340565483,0.0,0.0,True,False
BTCUSDT,15m,SHORT,113879.6,113163.72522675172,114595.47477324828,2.0,2.0,357.937386624144,357.9373866241367,0.0062862424283918195,0.006286242428391597,0.0076273538017345,1.2133407021157105,tp,113163.72522675172,114595.47477324828,0.0,0.0,True,False
BTCUSDT,15m,SHORT,112958.1,112327.75403205522,113588.4459679448,2.0,2.0,315.1729839723921,315.1729839723994,0.005580352076962947,0.005580352076963058,0.0025806028961181,0.4624444587952537,time,112327.75403205522,113588.4459679448,0.0,0.0,False,False
BTCUSDT,15m,SHORT,112637.9,112042.84746438658,113232.9525356134,2.0,2.0,297.52626780670835,297.52626780670107,0.005282880234924625,0.005282880234924514,0.0,0.0,sl,112042.84746438658,113232.9525356134,0.0,0.0,False,False
BTCUSDT,15m,LONG,113566.9,114100.88366538154,113032.91633461844,2.0,2.0,266.99183269077184,266.9918326907791,0.004701930451403991,0.004701930451404102,0.0036198927680513,0.769873737066954,time,114100.88366538154,113032.91633461844,0.0,0.0,False,False
BTCUSDT,15m,SHORT,113139.0,112711.83416772792,113566.16583227208,2.0,2.0,213.58291613603797,213.58291613603797,0.0037755843013644874,0.0037755843013644874,0.0005656758500605,0.14982471715863055,sl,112711.83416772792,113566.16583227208,0.0,0.0,False,False
BTCUSDT,15m,SHORT,112632.7,112049.42183762844,113215.97816237155,2.0,2.0,291.6390811857782,291.6390811857782,0.005178586346341274,0.005178586346341385,0.0029378679548656,0.5673107984269172,sl,112049.42183762844,113215.97816237155,0.0,0.0,False,False
BTCUSDT,15m,LONG,114227.6,115048.13921251436,113407.06078748564,2.0,2.0,410.26960625717766,410.26960625718493,0.007183370853579563,0.007183370853579785,0.0001243132132689,0.017305693358007985,sl,115048.13921251436,113407.06078748564,0.0,0.0,False,False
BTCUSDT,15m,LONG,114527.6,115124.0442404133,113931.1557595867,2.0,2.0,298.2221202066503,298.2221202066503,0.005207864658067551,0.005207864658067551,0.0001728840908216,0.03319673266734834,sl,115124.0442404133,113931.1557595867,0.0,0.0,False,False
BTCUSDT,15m,LONG,114684.0,115232.07239708368,114135.92760291632,2.0,2.0,274.03619854184217,274.03619854184217,0.0047789787335956735,0.0047789787335956735,0.0008109239301035,0.1696856117820315,sl,115232.07239708368,114135.92760291632,0.0,0.0,False,False
BTCUSDT,15m,SHORT,113641.7,113144.34582822277,114139.05417177724,2.0,2.0,248.6770858886157,248.67708588862297,0.0043765111906741705,0.0043765111906741705,0.0040627692123577,0.9283123098176882,time,113144.34582822277,114139.05417177724,0.0,0.0,False,False
BTCUSDT,15m,SHORT,113100.2,112669.66184082396,113530.73815917602,2.0,2.0,215.26907958801894,215.26907958801166,0.0038066967094314563,0.0038066967094312343,0.0017480075189964,0.4591927469991354,sl,112669.66184082396,113530.73815917602,0.0,0.0,False,False
BTCUSDT,15m,LONG,113780.8,114351.7981663019,113209.8018336981,2.0,2.0,285.49908315094945,285.49908315094945,0.005018405269622717,0.005018405269622828,0.0013640262680522,0.27180472575797915,sl,114351.7981663019,113209.8018336981,0.0,0.0,False,False
BTCUSDT,15m,SHORT,112655.0,111933.55059798656,113376.44940201344,2.0,2.0,360.72470100672217,360.72470100672217,0.006404060201619544,0.006404060201619544,0.0063113044250144,0.9855160985866924,time,111933.55059798656,113376.44940201344,0.0,0.0,False,False
BTCUSDT,15m,LONG,112864.1,113389.2565600944,112338.94343990562,2.0,2.0,262.5782800472007,262.5782800471934,0.0046529991387376235,0.0046529991387375125,0.0055092806304217,1.1840278637825816,tp,113389.2565600944,112338.94343990562,0.0,0.0,True,False
BTCUSDT,15m,SHORT,112721.0,112251.75748295111,113190.24251704889,2.0,2.0,234.62125852444296,234.62125852444296,0.004162866875283999,0.004162866875283999,0.0042902387310262,1.0305971484455676,tp,112251.75748295111,113190.24251704889,0.0,0.0,True,False
BTCUSDT,15m,SHORT,112197.0,111764.28784553602,112629.71215446398,2.0,2.0,216.35607723199064,216.35607723199064,0.003856717688208944,0.003856717688208944,0.0050901539256843,1.3198150181555455,tp,111764.28784553602,112629.71215446398,0.0,0.0,True,False
BTCUSDT,15m,LONG,115127.9,116107.92863862588,114147.87136137411,2.0,2.0,490.01431931294064,490.01431931294064,0.008512520758442443,0.008512520758442443,0.01342072599257,1.5765865803334174,tp,116107.92863862588,114147.87136137411,0.0,0.0,True,False
BTCUSDT,15m,SHORT,116260.9,115781.22115778536,116740.5788422146,2.0,2.0,239.83942110731732,239.83942110730277,0.004125882753484911,0.004125882753484689,0.0071055703164175,1.7221939499894436,tp,115781.22115778536,116740.5788422146,0.0,0.0,True,False
BTCUSDT,15m,SHORT,115431.9,114839.35446845448,116024.44553154553,2.0,2.0,296.27276577275916,296.27276577276643,0.00513329098408255,0.005133290984082661,0.0001524708507786,0.029702358828164195,time,114839.35446845448,116024.44553154553,0.0,0.0,False,False
BTCUSDT,15m,SHORT,115560.1,115238.31273168468,115881.88726831532,2.0,2.0,160.89363415766275,160.89363415765547,0.0027845880049889304,0.0027845880049888194,0.0032891975690571,1.1812151611527808,tp,115238.31273168468,115881.88726831532,0.0,0.0,True,False
BTCUSDT,15m,SHORT,112257.1,111639.2163871674,112874.9836128326,2.0,2.0,308.94180641630373,308.94180641629646,0.005504182923241396,0.005504182923241396,0.0078623089319072,1.4284243531784935,tp,111639.2163871674,112874.9836128326,0.0,0.0,True,False
BTCUSDT,15m,SHORT,110785.6,110054.54648060794,111516.65351939209,2.0,2.0,365.52675969603297,365.52675969604024,0.006598813558730265,0.0065988135587304875,0.0022873008766483,0.3466230491725575,sl,110054.54648060794,111516.65351939209,0.0,0.0,False,False
BTCUSDT,15m,LONG,112212.5,113031.7246310608,111393.2753689392,2.0,2.0,409.61231553040125,409.61231553040125,0.007300653947294622,0.007300653947294622,0.0061062715829341,0.8364006330140987,sl,113031.7246310608,111393.2753689392,0.0,0.0,False,False
BTCUSDT,15m,SHORT,110650.4,109790.4160073566,111510.3839926434,2.0,2.0,429.9919963216962,429.9919963217035,0.007772082094989141,0.007772082094989363,0.0120144165768943,1.5458427265764858,tp,109790.4160073566,111510.3839926434,0.0,0.0,True,False
BTCUSDT,15m,SHORT,109157.3,108196.83613021544,110117.76386978455,2.0,2.0,480.2319348922829,480.2319348922756,0.008798897277457085,0.008798897277456863,0.005474668208173,0.6221993547076845,sl,108196.83613021544,110117.76386978455,0.0,0.0,False,False
BTCUSDT,15m,LONG,110190.0,110886.42035197125,109493.57964802875,2.0,2.0,348.2101759856232,348.2101759856232,0.006320177438708052,0.006320177438708163,0.0028904619293946,0.457338730981176,time,110886.42035197125,109493.57964802875,0.0,0.0,False,False
BTCUSDT,15m,SHORT,109625.1,109119.0326025592,110131.16739744082,2.0,2.0,253.0336987204064,253.0336987204064,0.004616346050683728,0.004616346050683839,0.0008720630585514,0.1889076444826398,sl,109119.0326025592,110131.16739744082,0.0,0.0,False,False
BTCUSDT,15m,LONG,110842.6,111603.95213189376,110081.24786810623,2.0,2.0,380.6760659468782,380.6760659468855,0.006868768252402457,0.006868768252402679,0.0088738445326976,1.2919120585548707,tp,111603.95213189376,110081.24786810623,0.0,0.0,True,False
BTCUSDT,15m,LONG,112270.0,112921.27704274056,111618.72295725944,2.0,2.0,325.6385213702815,325.6385213702815,0.0058009890686787635,0.0058009890686787635,6.234969270508595e-05,0.010748114152072821,sl,112921.27704274056,111618.72295725944,0.0,0.0,False,False
BTCUSDT,15m,SHORT,110996.6,110472.91540085482,111520.2845991452,2.0,2.0,261.8422995725923,261.8422995725996,0.004718023787622205,0.004718023787622316,0.001166702403497,0.24728624865306073,sl,110472.91540085482,111520.2845991452,0.0,0.0,False,False
BTCUSDT,15m,SHORT,110557.6,110119.76190680884,110995.43809319116,2.0,2.0,218.9190465955835,218.91904659557622,0.003960271326359899,0.003960271326359788,0.0022675962575165,0.5725860858126535,sl,110119.76190680884,110995.43809319116,0.0,0.0,False,False
BTCUSDT,15m,LONG,113281.6,113787.63938246777,112775.56061753225,2.0,2.0,253.0196912338797,253.0196912338797,0.004467092471043488,0.004467092471043488,0.0003230886569397,0.07232638657785123,sl,113787.63938246777,112775.56061753225,0.0,0.0,False,False
BTCUSDT,15m,LONG,110502.6,111119.5114615157,109885.6885384843,2.0,2.0,308.4557307578507,308.4557307578507,0.005582777794510774,0.005582777794510774,0.0021936135439346,0.3929251037165504,sl,111119.5114615157,109885.6885384843,0.0,0.0,False,False
BTCUSDT,15m,SHORT,109056.4,108273.51100642486,109839.28899357512,2.0,2.0,391.4444967875679,391.44449678756064,0.00717875332007234,0.007178753320072229,0.0074860347489922,1.0428042886026851,tp,108273.51100642486,109839.28899357512,0.0,0.0,True,False
BTCUSDT,15m,SHORT,108154.5,107214.16687980272,109094.83312019728,2.0,2.0,470.166560098638,470.166560098638,0.008694350398709916,0.008694350398710027,0.0063464765682425,0.7299540825021502,time,107214.16687980272,109094.83312019728,0.0,0.0,False,False
BTCUSDT,15m,SHORT,107404.9,106874.90542273015,107934.89457726984,2.0,2.0,264.99728863492055,264.99728863492055,0.004934547467292827,0.004934547467292827,0.0005986691482417,0.12132199603100376,sl,106874.90542273015,107934.89457726984,0.0,0.0,False,False
BTCUSDT,15m,LONG,108581.2,109054.15524561824,108108.24475438175,2.0,2.0,236.47762280912139,236.47762280912139,0.004355774716233052,0.004355774716233052,2.9471031817635924e-05,0.0067659678788720675,sl,109054.15524561824,108108.24475438175,0.0,0.0,False,False
BTCUSDT,15m,LONG,108678.6,109054.81324004296,108302.38675995708,2.0,2.0,188.10662002147728,188.10662002146273,0.0034617048806568906,0.0034617048806565576,9.201443521656411e-07,0.000265806700423011,sl,109054.81324004296,108302.38675995708,0.0,0.0,False,False
BTCUSDT,15m,SHORT,108222.1,107889.08620868014,108555.11379131988,2.0,2.0,166.50689565993525,166.50689565993525,0.0030771329637834244,0.0030771329637835354,0.0005377829482149,0.1747675367117319,sl,107889.08620868014,108555.11379131988,0.0,0.0,False,False
BTCUSDT,15m,LONG,108719.6,109040.27232331206,108398.92767668796,2.0,2.0,160.3361616560287,160.33616165602143,0.0029495355328024164,0.0029495355328021944,0.0014716757603964,0.49895169731965544,time,109040.27232331206,108398.92767668796,0.0,0.0,False,False
BTCUSDT,15m,LONG,109152.2,109393.70507563918,108910.6949243608,2.0,2.0,120.75253781959327,120.75253781960055,0.0022125534404180414,0.0022125534404180414,0.0026357691370398,1.191279310542572,tp,109393.70507563918,108910.6949243608,0.0,0.0,True,False
BTCUSDT,15m,SHORT,108532.5,108218.218516905,108846.781483095,2.0,2.0,157.14074154749687,157.14074154749687,0.0028957361444267304,0.0028957361444266194,0.0007140718218045,0.2465942289593049,sl,108218.218516905,108846.781483095,0.0,0.0,False,False
BTCUSDT,15m,SHORT,108171.9,107844.28381894184,108499.51618105816,2.0,2.0,163.80809052907716,163.80809052908444,0.003028662536741611,0.003028662536741722,0.0001673262649541,0.05524757642167625,sl,107844.28381894184,108499.51618105816,0.0,0.0,False,False
BTCUSDT,15m,LONG,108664.7,109003.96985069037,108325.43014930964,2.0,2.0,169.63492534518446,169.63492534517718,0.003122171695963516,0.003122171695963405,0.0039111137287453,1.252690149552558,tp,109003.96985069037,108325.43014930964,0.0,0.0,True,False
BTCUSDT,15m,LONG,109093.9,109415.2178096135,108772.58219038649,2.0,2.0,160.65890480675444,160.65890480675444,0.0029453325035910805,0.0029453325035909694,0.0009404742153319,0.31931003178256856,sl,109415.2178096135,108772.58219038649,0.0,0.0,False,False
BTCUSDT,15m,SHORT,107270.5,106709.37031115808,107831.62968884192,2.0,2.0,280.56484442095825,280.56484442095825,0.005230978590030966,0.005230978590030855,0.0005500114197286,0.10514503362273254,sl,106709.37031115808,107831.62968884192,0.0,0.0,False,False
BTCUSDT,15m,LONG,108389.7,108955.45584577162,107823.94415422836,2.0,2.0,282.87792288581113,282.8779228858184,0.005219645831399333,0.005219645831399444,0.0092315044695206,1.7686074434375423,tp,108955.45584577162,107823.94415422836,0.0,0.0,True,False
BTCUSDT,15m,LONG,109473.6,110133.43141150156,108813.76858849844,2.0,2.0,329.9157057507764,329.9157057507837,0.006027310799147534,0.006027310799147645,0.0036648105113926,0.6080341023580413,sl,110133.43141150156,108813.76858849844,0.0,0.0,False,False
BTCUSDT,15m,LONG,111356.1,112075.65277525454,110636.54722474547,2.0,2.0,359.77638762726565,359.77638762726565,0.006461727514294413,0.006461727514294524,0.0033837391934522,0.5236586015066107,time,112075.65277525454,110636.54722474547,0.0,0.0,False,False
BTCUSDT,15m,SHORT,110730.7,110260.53236893464,111200.86763106535,2.0,2.0,235.08381553267827,235.08381553267827,0.004246045866822423,0.004246045866822534,0.0022017380907011,0.5185384613729563,sl,110260.53236893464,111200.86763106535,0.0,0.0,False,False
BTCUSDT,15m,LONG,111261.2,111673.15735870508,110849.24264129491,2.0,2.0,205.9786793525418,205.9786793525418,0.0037026147363599105,0.0037026147363599105,0.0051248773157218,1.3841238369726079,tp,111673.15735870508,110849.24264129491,0.0,0.0,True,False
BTCUSDT,15m,LONG,112442.2,113202.34193851986,111682.05806148011,2.0,2.0,380.0709692599339,380.0709692599412,0.006760290518327272,0.006760290518327494,0.0001974347709311,0.029205071941191093,sl,113202.34193851986,111682.05806148011,0.0,0.0,False,False
BTCUSDT,15m,SHORT,111605.8,111178.94606758415,112032.65393241584,2.0,2.0,213.42696620792412,213.42696620791685,0.0038246572527220746,0.0038246572527218525,0.0004462133688392,0.11666754413656864,sl,111178.94606758415,112032.65393241584,0.0,0.0,False,False
BTCUSDT,15m,SHORT,111367.5,110904.81345853822,111830.18654146178,2.0,2.0,231.34327073088934,231.34327073088934,0.004154592151765835,0.004154592151765835,0.0046162480077222,1.111119416561779,tp,110904.81345853822,111830.18654146178,0.0,0.0,True,False
BTCUSDT,15m,SHORT,110734.0,110274.46873302094,111193.53126697906,2.0,2.0,229.76563348952914,229.76563348952914,0.004149866048179018,0.004149866048179129,0.0044864269330106,1.0811016261547204,tp,110274.46873302094,111193.53126697906,0.0,0.0,True,False
BTCUSDT,15m,SHORT,110958.9,110024.5255353554,111893.27446464458,2.0,2.0,467.1872323222997,467.1872323222924,0.008420905980904614,0.008420905980904614,0.0072603459479139,0.8621810959981718,time,110024.5255353554,111893.27446464458,0.0,0.0,False,False
BTCUSDT,15m,LONG,110238.4,110409.62753944774,110067.17246055225,2.0,2.0,85.6137697238737,85.6137697238737,0.001553247683636183,0.001553247683636072,0.0018287638427263,1.1773806985149518,tp,110409.62753944774,110067.17246055225,0.0,0.0,True,False
BTCUSDT,15m,LONG,110448.9,110649.31497965258,110248.4850203474,2.0,2.0,100.20748982629448,100.20748982629448,0.0018145493495416165,0.0018145493495416165,0.0021865315091413,1.20499974811578,tp,110649.31497965258,110248.4850203474,0.0,0.0,True,False
BTCUSDT,15m,LONG,112539.5,113094.23590351216,111984.76409648784,2.0,2.0,277.3679517560813,277.3679517560813,0.0049292550927644285,0.0049292550927644285,0.0029154208078053,0.5914526136179882,sl,113094.23590351216,111984.76409648784,0.0,0.0,False,False
BTCUSDT,15m,SHORT,111867.5,111474.4041982039,112260.5958017961,2.0,2.0,196.54790089804737,196.54790089804737,0.003513941062382675,0.003513941062382786,0.000183252508548,0.05215013720911505,sl,111474.4041982039,112260.5958017961,0.0,0.0,False,False
BTCUSDT,15m,SHORT,111612.6,111241.86588582426,111983.33411417576,2.0,2.0,185.36705708787485,185.36705708787485,0.0033216152493155127,0.0033216152493154016,0.0035175240071461,1.05897996701182,tp,111241.86588582426,111983.33411417576,0.0,0.0,True,False
BTCUSDT,15m,SHORT,111180.0,110784.21365401307,111575.78634598693,2.0,2.0,197.89317299346294,197.89317299346294,0.003559869994485765,0.0035598699944856538,0.0011692750494693,0.32846004243989413,sl,110784.21365401307,111575.78634598693,0.0,0.0,False,False
BTCUSDT,15m,LONG,112650.1,113117.21723218836,112182.98276781164,2.0,2.0,233.5586160941748,233.55861609418207,0.0041466206615736745,0.0041466206615738965,0.0042742971377744,1.0307904885980748,tp,113117.21723218836,112182.98276781164,0.0,0.0,True,False
BTCUSDT,15m,LONG,113186.3,113687.6852124318,112684.9147875682,2.0,2.0,250.69260621589638,250.69260621590365,0.004429734097075366,0.004429734097075366,0.0004567690612732,0.1031143294977393,sl,113687.6852124318,112684.9147875682,0.0,0.0,False,False
BTCUSDT,15m,SHORT,112563.6,112175.46995481916,112951.73004518086,2.0,2.0,194.06502259042463,194.06502259042463,0.003448095522716521,0.003448095522716521,0.0054973366168104,1.5943109988088209,tp,112175.46995481916,112951.73004518086,0.0,0.0,True,False
BTCUSDT,15m,SHORT,111525.6,110901.70166291868,112149.49833708131,2.0,2.0,311.94916854066105,311.9491685406538,0.005594216368989047,0.005594216368988825,0.0068647915814844,1.227123001451759,tp,110901.70166291868,112149.49833708131,0.0,0.0,True,False
BTCUSDT,15m,SHORT,113190.5,112620.30131708022,113760.69868291978,2.0,2.0,285.09934145989246,285.09934145989246,0.005037513598047383,0.005037513598047383,0.0004585190453261,0.09102090473836714,sl,112620.30131708022,113760.69868291978,0.0,0.0,False,False
BTCUSDT,15m,LONG,114354.4,114749.94618652176,113958.85381347824,2.0,2.0,197.7730932608829,197.7730932608756,0.0034589503029334168,0.0034589503029333057,4.459819648396407e-05,0.0128935638208337,sl,114749.94618652176,113958.85381347824,0.0,0.0,False,False
BTCUSDT,15m,SHORT,113865.3,113514.86068596091,114215.73931403908,2.0,2.0,175.21965701954468,175.2196570195374,0.0030776655753692594,0.0030776655753690374,0.0012567481049977,0.40834459567521886,sl,113514.86068596091,114215.73931403908,0.0,0.0,False,False
BTCUSDT,15m,SHORT,113435.2,112897.87666334788,113972.52333665211,2.0,2.0,268.66166832605813,268.66166832605813,0.004736830689698768,0.004736830689698657,0.0008330747422316,0.17587175831369609,sl,112897.87666334788,113972.52333665211,0.0,0.0,False,False
BTCUSDT,15m,LONG,114577.5,115258.81267151046,113896.18732848954,2.0,2.0,340.6563357552295,340.6563357552295,0.005946304217760545,0.005946304217760545,0.0004582051449891,0.07705713132209471,sl,115258.81267151046,113896.18732848954,0.0,0.0,False,False
BTCUSDT,15m,LONG,114992.7,115396.76163110128,114588.63836889873,2.0,2.0,202.03081555064273,202.03081555063545,0.0035138024509493437,0.0035138024509492327,0.0038811159317069,1.1045344710993406,tp,115396.76163110128,114588.63836889873,0.0,0.0,True,False
BTCUSDT,15m,LONG,115450.0,115838.78665151294,115061.21334848706,2.0,2.0,194.3933257564713,194.3933257564713,0.0033675760200342353,0.0033675760200341243,0.0034647033347769,1.0288419071061319,tp,115838.78665151294,115061.21334848706,0.0,0.0,True,False
BTCUSDT,15m,LONG,115962.0,116396.59053115148,115527.40946884852,2.0,2.0,217.2952655757399,217.2952655757399,0.0037476977902370923,0.0037476977902370923,0.002742277642676,0.7317232594954018,sl,116396.59053115148,115527.40946884852,0.0,0.0,False,False
BTCUSDT,15m,SHORT,114900.0,114562.38399161196,115237.61600838804,2.0,2.0,168.8080041940193,168.8080041940193,0.00293834646116653,0.00293834646116653,0.0019016536118363,0.647184951457814,sl,114562.38399161196,115237.61600838804,0.0,0.0,False,False
BTCUSDT,15m,LONG,115787.4,116271.55390974288,115303.2460902571,2.0,2.0,242.0769548714452,242.0769548714452,0.0041814041056529305,0.0041814041056530415,0.0054790072149474,1.3103271237382228,tp,116271.55390974288,115303.2460902571,0.0,0.0,True,False
BTCUSDT,15m,LONG,116423.9,116897.90338771636,115949.89661228364,2.0,2.0,237.001693858183,237.0016938581757,0.004071358094999145,0.0040713580949989225,0.0015615350456392,0.38354156259485894,sl,116897.90338771636,115949.89661228364,0.0,0.0,False,False
BTCUSDT,15m,LONG,116074.0,116300.14614243852,115847.85385756148,2.0,2.0,113.07307121925987,113.07307121925987,0.0019482928342136052,0.0019482928342137162,7.75367438013681e-05,0.03979727402357586,sl,116300.14614243852,115847.85385756148,0.0,0.0,False,False
BTCUSDT,15m,SHORT,115788.4,115592.56921490518,115984.2307850948,2.0,2.0,97.91539254740928,97.915392547402,0.0016912815540660597,0.0016912815540659487,0.0019207450832725,1.1356743521826866,tp,115592.56921490518,115984.2307850948,0.0,0.0,True,False
BTCUSDT,15m,SHORT,115500.1,115211.7053229361,115788.4946770639,2.0,2.0,144.19733853195066,144.19733853195066,0.002496921449106071,0.002496921449106182,0.0040528103438871,1.623122884117182,tp,115211.7053229361,115788.4946770639,0.0,0.0,True,False
BTCUSDT,15m,SHORT,115702.0,115486.26367898389,115917.73632101611,2.0,2.0,107.86816050805646,107.86816050805646,0.0018645859277809373,0.0018645859277810484,0.0001633506767384,0.08760694495469314,sl,115486.26367898389,115917.73632101611,0.0,0.0,False,False
BTCUSDT,15m,LONG,116069.1,116301.12549626564,115837.07450373436,2.0,2.0,116.01274813281634,116.01274813282362,0.0019990289945008843,0.0019990289945011064,0.0,0.0,sl,116301.12549626564,115837.07450373436,0.0,0.0,False,False
BTCUSDT,15m,SHORT,115659.8,115392.85275409093,115926.74724590908,2.0,2.0,133.47362295453786,133.47362295453786,0.0023080382804490096,0.0023080382804490096,0.0021935019773507,0.950375041840282,sl,115392.85275409093,115926.74724590908,0.0,0.0,False,False
BTCUSDT,15m,SHORT,116512.9,116153.79934820958,116872.0006517904,2.0,2.0,179.55032589520852,179.55032589520124,0.003082067752072204,0.003082067752072204,0.0005398543852225,0.17515980460180774,sl,116153.79934820958,116872.0006517904,0.0,0.0,False,False
BTCUSDT,15m,SHORT,116320.1,115952.54205966054,116687.65794033949,2.0,2.0,183.77897016973293,183.7789701697402,0.0031598832905015417,0.0031598832905015417,0.0018302941624019,0.5792284062843956,sl,115952.54205966054,116687.65794033949,0.0,0.0,False,False
BTCUSDT,15m,SHORT,116346.6,116009.99242893344,116683.20757106657,2.0,2.0,168.30378553328046,168.30378553328046,0.002893144888347021,0.0028931448883471322,0.0038264977231823,1.3226083970404066,tp,116009.99242893344,116683.20757106657,0.0,0.0,True,False
BTCUSDT,15m,SHORT,115610.3,115158.54937730586,116062.05062269417,2.0,2.0,225.87531134707388,225.87531134708115,0.003907529196742421,0.003907529196742532,0.0024634483259709,0.6304363197144109,sl,115158.54937730586,116062.05062269417,0.0,0.0,False,False
BTCUSDT,15m,LONG,117638.9,118121.24044954998,117156.55955045,2.0,2.0,241.17022477499268,241.17022477499995,0.00410017816853081,0.004100178168531032,0.0020086893026031,0.4899029310530816,sl,118121.24044954998,117156.55955045,0.0,0.0,False,False
BTCUSDT,15m,SHORT,116715.4,116312.13889335922,117118.66110664076,2.0,2.0,201.63055332038493,201.63055332038493,0.0034550805347089986,0.0034550805347088875,0.0011378104346126,0.3293151702782034,sl,116312.13889335922,117118.66110664076,0.0,0.0,False,False
BTCUSDT,15m,SHORT,112937.0,112179.31991368585,113694.68008631415,2.0,2.0,378.84004315707716,378.84004315707716,0.006708873852804276,0.006708873852804276,0.0068117623099604,1.0153361740604374,tp,112179.31991368585,113694.68008631415,0.0,0.0,True,False
BTCUSDT,15m,LONG,113087.1,113685.44725772024,112488.75274227976,2.0,2.0,299.1736288601169,299.17362886012415,0.005291030168075972,0.005291030168076194,0.0028862708478685,0.5455026254212537,sl,113685.44725772024,112488.75274227976,0.0,0.0,False,False
BTCUSDT,15m,SHORT,111938.4,111404.5167104264,112472.28328957358,2.0,2.0,266.94164478679886,266.9416447867916,0.0047694382765306464,0.004769438276530424,0.0006441042573414,0.13504824258045123,sl,111404.5167104264,112472.28328957358,0.0,0.0,False,False
BTCUSDT,15m,SHORT,112212.1,111783.3497610371,112640.85023896291,2.0,2.0,214.37511948145402,214.37511948145402,0.0038208913206588813,0.0038208913206589923,0.0055297066893855,1.4472295140893847,tp,111783.3497610371,112640.85023896291,0.0,0.0,True,False
BTCUSDT,15m,LONG,112794.4,113324.0052975392,112264.7947024608,2.0,2.0,264.8026487696043,264.802648769597,0.004695315525763855,0.0046953155257636325,0.0039150879830914,0.8338285172974561,time,113324.0052975392,112264.7947024608,0.0,0.0,False,False
BTCUSDT,15m,SHORT,112345.0,111793.89921327891,112896.10078672109,2.0,2.0,275.55039336054324,275.55039336054324,0.004905432255294717,0.004905432255294828,0.00564333081134,1.150424777602183,tp,111793.89921327891,112896.10078672109,0.0,0.0,True,False
BTCUSDT,15m,SHORT,111686.3,111086.21110994669,112286.38889005332,2.0,2.0,300.04444502665865,300.04444502665865,0.005372985675533348,0.005372985675533348,0.00244255562231,0.45459931773734724,sl,111086.21110994669,112286.38889005332,0.0,0.0,False,False
BTCUSDT,15m,LONG,112348.3,112762.74767503786,111933.85232496216,2.0,2.0,207.2238375189263,207.22383751891903,0.003688953682769114,0.003688953682769003,0.0010529754344302,0.28544013424418596,sl,112762.74767503786,111933.85232496216,0.0,0.0,False,False
BTCUSDT,15m,SHORT,111727.4,111257.09350168292,112197.70649831706,2.0,2.0,235.15324915853853,235.15324915853125,0.004209410568196126,0.004209410568196015,0.007092262059262,1.68485870987426,tp,111257.09350168292,112197.70649831706,0.0,0.0,True,False
BTCUSDT,15m,LONG,112595.9,113138.58680375088,112053.2131962491,2.0,2.0,271.3434018754415,271.34340187544876,0.004819774110343955,0.004819774110344177,0.0046706851670443,0.9690672342963775,time,113138.58680375088,112053.2131962491,0.0,0.0,False,False
BTCUSDT,15m,SHORT,111316.1,110857.71674393804,111774.48325606198,2.0,2.0,229.19162803098152,229.1916280309888,0.00411785227888839,0.004117852278888501,0.0046111928103841,1.1198053009392768,tp,110857.71674393804,111774.48325606198,0.0,0.0,True,False
BTCUSDT,15m,SHORT,110672.4,109948.270646716,111396.529353284,2.0,2.0,362.0646766419959,362.0646766420032,0.006542998555050694,0.006542998555050916,0.0005159371261488,0.07885331500654788,sl,109948.270646716,111396.529353284,0.0,0.0,False,False
BTCUSDT,15m,SHORT,110088.7,109294.79139998688,110882.60860001312,2.0,2.0,396.9543000065605,396.9543000065605,0.007211535788987589,0.0072115357889877,0.0137207542645157,1.9026119631088907,tp,109294.79139998688,110882.60860001312,0.0,0.0,True,False
BTCUSDT,15m,SHORT,108870.1,108325.6580807504,109414.5419192496,2.0,2.0,272.22095962479943,272.22095962479943,0.005000839709429883,0.005000839709429883,9.185258395631194e-07,0.00018367432130069917,sl,108325.6580807504,109414.5419192496,0.0,0.0,False,False
BTCUSDT,15m,LONG,109627.1,110121.05530282494,109133.14469717508,2.0,2.0,246.97765141246782,246.97765141246055,0.00450577733813029,0.004505777338130068,0.0002417285506959,0.05364857882573649,sl,110121.05530282494,109133.14469717508,0.0,0.0,False,False
BTCUSDT,15m,SHORT,108778.9,108262.94090798248,109294.8590920175,2.0,2.0,257.9795460087553,257.9795460087553,0.004743190931490449,0.00474319093149056,0.0019571810341894,0.4126296121025845,sl,108262.94090798248,109294.8590920175,0.0,0.0,False,False
BTCUSDT,15m,LONG,109127.3,109327.18271793723,108927.41728206276,2.0,2.0,99.94135896861553,99.94135896862281,0.001831647240765788,0.00183164724076601,0.0029497660072227,1.6104443811950606,tp,109327.18271793723,108927.41728206276,0.0,0.0,True,False
BTCUSDT,15m,SHORT,109567.6,109438.04115434553,109697.15884565449,2.0,2.0,64.77942282723961,64.77942282723961,0.0011824558140771657,0.0011824558140771657,0.0015360380258397,1.2990236147119658,tp,109438.04115434553,109697.15884565449,0.0,0.0,True,False
BTCUSDT,15m,SHORT,109728.1,109537.70100738984,109918.49899261018,2.0,2.0,95.199496305082,95.19949630508927,0.0017351890045500529,0.0017351890045500529,0.0019147328715252,1.103472224930162,tp,109537.70100738984,109918.49899261018,0.0,0.0,True,False
BTCUSDT,15m,SHORT,112053.7,111591.08496863996,112516.31503136003,2.0,2.0,231.3075156800187,231.3075156800187,0.004128511877430574,0.004128511877430574,0.0042408238192937,1.027203976928613,tp,111591.08496863996,112516.31503136003,0.0,0.0,True,False
BTCUSDT,15m,SHORT,113240.4,112683.29529026532,113797.50470973464,2.0,2.0,278.55235486733727,278.5523548673227,0.004919663916187811,0.004919663916187478,0.002018714169148,0.4103357878788349,sl,112683.29529026532,113797.50470973464,0.0,0.0,False,False
BTCUSDT,15m,SHORT,114012.5,113345.18239236952,114679.81760763048,2.0,2.0,333.6588038152404,333.6588038152404,0.005853021446161399,0.005853021446161399,0.0053327486021269,0.9111103813952859,time,113345.18239236952,114679.81760763048,0.0,0.0,False,False
BTCUSDT,15m,SHORT,114190.3,113716.32902810926,114664.27097189074,2.0,2.0,236.98548594536987,236.98548594536987,0.004150711329164891,0.004150711329165002,0.0020115543964767,0.48462883514508776,sl,113716.32902810926,114664.27097189074,0.0,0.0,False,False
BTCUSDT,15m,SHORT,114714.7,114243.3287001448,115186.0712998552,2.0,2.0,235.6856499275964,235.68564992760366,0.004109074947283964,0.004109074947284075,0.0043996105119918,1.0707058324404317,tp,114243.3287001448,115186.0712998552,0.0,0.0,True,False
BTCUSDT,15m,LONG,113580.4,113947.83664125478,113212.9633587452,2.0,2.0,183.71832062739122,183.7183206273985,0.0032350356333907815,0.0032350356333908925,0.0015372370585066,0.47518396478846664,sl,113947.83664125478,113212.9633587452,0.0,0.0,False,False
BTCUSDT,15m,LONG,113216.5,113589.61844022184,112843.38155977816,2.0,2.0,186.55922011091752,186.55922011091752,0.003295618926762778,0.003295618926762778,0.0007384082708792,0.22405754041609538,sl,113589.61844022184,112843.38155977816,0.0,0.0,False,False
BTCUSDT,15m,LONG,112815.1,113251.54701646043,112378.65298353958,2.0,2.0,218.22350823021407,218.22350823021407,0.0038686932552507436,0.0038686932552506326,0.0042981834878486,1.1110168742416926,tp,113251.54701646043,112378.65298353958,0.0,0.0,True,False
BTCUSDT,15m,SHORT,114144.4,113613.38489290062,114675.41510709935,2.0,2.0,265.50755354968715,265.50755354967987,0.004652134551492493,0.004652134551492271,0.0006956101219156,0.14952493618062596,sl,113613.38489290062,114675.41510709935,0.0,0.0,False,False
BTCUSDT,15m,SHORT,114323.7,113735.17015482984,114912.22984517016,2.0,2.0,294.2649225850764,294.2649225850837,0.005147925103632489,0.0051479251036326,0.0053663413622897,1.0424280179412657,tp,113735.17015482984,114912.22984517016,0.0,0.0,True,False
BTCUSDT,15m,SHORT,115586.3,115057.15970960492,116115.4402903951,2.0,2.0,264.5701451975401,264.5701451975474,0.004577880686509439,0.00457788068650955,0.0013868425583309,0.30294423409019544,sl,115057.15970960492,116115.4402903951,0.0,0.0,False,False
BTCUSDT,15m,SHORT,116200.0,115524.87189246544,116875.12810753456,2.0,2.0,337.5640537672807,337.5640537672807,0.005810052560538348,0.005810052560538459,0.0010697074010327,0.184113205498021,sl,115524.87189246544,116875.12810753456,0.0,0.0,False,False
BTCUSDT,15m,SHORT,117085.0,116499.58659997195,117670.41340002805,2.0,2.0,292.7067000140232,292.7067000140232,0.004999900926916712,0.004999900926916823,0.0007259683136183,0.1451965397374349,sl,116499.58659997195,117670.41340002805,0.0,0.0,False,False
BTCUSDT,15m,SHORT,117821.5,117204.54408983262,118438.45591016738,2.0,2.0,308.4779550836902,308.4779550836902,0.00523636102211722,0.005236361022117109,0.0060676531872365,1.1587537913463353,tp,117204.54408983262,118438.45591016738,0.0,0.0,True,False
BTCUSDT,15m,SHORT,118312.1,117765.2419735577,118858.95802644231,2.0,2.0,273.4290132211536,273.4290132211536,0.004622164820354824,0.004622164820354824,0.0024629771595636,0.5328622529247081,sl,117765.2419735577,118858.95802644231,0.0,0.0,False,False
BTCUSDT,15m,LONG,119473.2,119871.15161500276,119075.24838499723,2.0,2.0,198.9758075013815,198.9758075013815,0.0033308860481076064,0.0033308860481074953,0.003443450079181,1.0337940204040739,tp,119871.15161500276,119075.24838499723,0.0,0.0,True,False
BTCUSDT,15m,LONG,121689.8,122043.2999223426,121336.3000776574,2.0,2.0,176.74996117129922,176.74996117129922,0.002904926479808445,0.002904926479808445,0.0030043602668423,1.0342293644004414,tp,122043.2999223426,121336.3000776574,0.0,0.0,True,False
BTCUSDT,15m,SHORT,122343.2,122069.62159603076,122616.77840396923,2.0,2.0,136.78920198461856,136.78920198461856,0.0022361553725032124,0.0022361553725032124,0.0020851179305428,0.9324566424061415,sl,122069.62159603076,122616.77840396923,0.0,0.0,False,False
BTCUSDT,15m,SHORT,123643.1,123112.44463935512,124173.7553606449,2.0,2.0,265.3276803224435,265.3276803224435,0.004291831575275018,0.004291831575275129,0.0027458062762903,0.6397749371407592,sl,123112.44463935512,124173.7553606449,0.0,0.0,False,False
BTCUSDT,15m,LONG,122864.9,123477.8069150406,122251.99308495938,2.0,2.0,306.4534575202997,306.453457520307,0.004988462246260816,0.004988462246260816,0.0035005929276791,0.701737881308619,sl,123477.8069150406,122251.99308495938,0.0,0.0,False,False
BTCUSDT,15m,LONG,124112.0,124691.3729719163,123532.6270280837,2.0,2.0,289.6864859581474,289.6864859581474,0.004668146286550101,0.00466814628654999,0.0041889583601907,0.897349419460131,sl,124691.3729719163,123532.6270280837,0.0,0.0,False,False
BTCUSDT,15m,LONG,123627.1,124131.07059820477,123123.12940179525,2.0,2.0,251.98529910237994,251.98529910237994,0.004076538220218362,0.004076538220218362,0.0042579660931947,1.0445053776453053,tp,124131.07059820477,123123.12940179525,0.0,0.0,True,False
BTCUSDT,15m,LONG,119188.0,120139.95159762607,118236.04840237393,2.0,2.0,475.9757988130368,475.9757988130368,0.007986975178928102,0.00798697517892799,0.003128670671544,0.39172159690671354,sl,120139.95159762607,118236.04840237393,0.0,0.0,False,False
BTCUSDT,15m,LONG,117857.1,119021.19623335564,116693.00376664438,2.0,2.0,582.048116677819,582.0481166778118,0.009877183753508545,0.009877183753508434,0.0029187889401656,0.2955082149938535,sl,119021.19623335564,116693.00376664438,0.0,0.0,False,False
BTCUSDT,15m,LONG,116001.3,117100.44719884044,114902.15280115957,2.0,2.0,549.5735994202187,549.5735994202187,0.00947530069784075,0.00947530069784075,0.0096628227442278,1.019790616927839,tp,117100.44719884044,114902.15280115957,0.0,0.0,True,False
BTCUSDT,15m,LONG,116970.0,118066.59652692902,115873.40347307098,2.0,2.0,548.2982634645086,548.2982634645086,0.009375023740523458,0.009375023740523347,0.0006010088056766,0.06410744359811535,sl,118066.59652692902,115873.40347307098,0.0,0.0,False,False
BTCUSDT,15m,SHORT,114171.5,112963.78202418127,115379.21797581873,2.0,2.0,603.8589879093633,603.8589879093633,0.010578103780879866,0.010578103780879866,0.0067573781547934,0.638808078911789,sl,112963.78202418127,115379.21797581873,0.0,0.0,False,False
BTCUSDT,15m,SHORT,114864.5,113851.80367460614,115877.19632539386,2.0,2.0,506.34816269692965,506.34816269692965,0.008816443073306868,0.008816443073306868,0.0057850771996569,0.656169064049436,sl,113851.80367460614,115877.19632539386,0.0,0.0,False,False
BTCUSDT,15m,LONG,111714.1,112502.86625541856,110925.33374458144,2.0,2.0,394.38312770927587,394.38312770928314,0.007060579241282339,0.007060579241282561,0.0011126616962405,0.15758787745556396,sl,112502.86625541856,110925.33374458144,0.0,0.0,False,False
BTCUSDT,15m,LONG,110824.2,111699.44782783873,109948.95217216128,2.0,2.0,437.623913919364,437.6239139193567,0.00789762369445235,0.007897623694452238,0.0022657506212542,0.2868901721470683,sl,111699.44782783873,109948.95217216128,0.0,0.0,False,False
BTCUSDT,15m,SHORT,113372.6,112398.02964281716,114347.17035718284,2.0,2.0,487.2851785914245,487.2851785914172,0.00859617188970574,0.008596171889705628,0.0090930260045196,1.0577994625036364,tp,112398.02964281716,114347.17035718284,0.0,0.0,True,False
BTCUSDT,15m,LONG,110216.2,111211.74570695794,109220.65429304204,2.0,2.0,497.77285347897123,497.7728534789785,0.00903266223076038,0.009032662230760602,0.0100783732336988,1.115769966397868,tp,111211.74570695794,109220.65429304204,0.0,0.0,True,False
BTCUSDT,15m,LONG,108474.0,109780.27973592076,107167.72026407924,2.0,2.0,653.1398679603808,653.1398679603808,0.01204233029039914,0.01204233029039914,0.0068090049228387,0.5654225352270269,time,109780.27973592076,107167.72026407924,0.0,0.0,False,False
BTCUSDT,15m,SHORT,111088.9,110324.69825557571,111853.10174442426,2.0,2.0,382.10087221214053,382.10087221213325,0.006879190850069494,0.006879190850069383,0.0048303655900813,0.7021706033977096,time,110324.69825557571,111853.10174442426,0.0,0.0,False,False
BTCUSDT,15m,SHORT,111009.5,110478.32976943025,111540.67023056975,2.0,2.0,265.58511528487725,265.58511528487725,0.0047849078733780415,0.0047849078733779304,0.0043834086271896,0.9160904960318511,sl,110478.32976943025,111540.67023056975,0.0,0.0,False,False
BTCUSDT,15m,SHORT,112657.5,111237.7325841639,114077.2674158361,2.0,2.0,709.8837079180521,709.8837079180521,0.012602511291623819,0.012602511291623708,0.0136040654195238,1.079472583259311,tp,111237.7325841639,114077.2674158361,0.0,0.0,True,False
BTCUSDT,15m,LONG,109008.0,110351.03228797238,107664.96771202762,2.0,2.0,671.5161439861913,671.5161439861913,0.012320492881003009,0.01232049288100312,0.0032933362688976,0.2673055616123606,time,110351.03228797238,107664.96771202762,0.0,0.0,False,False
BTCUSDT,15m,SHORT,108831.4,108220.65622591497,109442.14377408504,2.0,2.0,305.3718870425146,305.37188704252185,0.005611834214068967,0.005611834214069189,0.0025158180451596,0.4483058389095672,sl,108220.65622591497,109442.14377408504,0.0,0.0,False,False
BTCUSDT,15m,SHORT,109967.9,109293.71954124718,110642.0804587528,2.0,2.0,337.0902293764084,337.0902293764011,0.006130702311791136,0.006130702311790914,0.0074212565666889,1.2105067558761824,tp,109293.71954124718,110642.0804587528,0.0,0.0,True,False
BTCUSDT,15m,SHORT,111274.4,110728.7645150165,111820.03548498348,2.0,2.0,272.81774249174487,272.81774249174487,0.004903513161908624,0.004903513161908624,0.0056257324236302,1.147286086092703,tp,110728.7645150165,111820.03548498348,0.0,0.0,True,False
BTCUSDT,15m,SHORT,111588.0,111269.97849079302,111906.02150920698,2.0,2.0,159.0107546034924,159.0107546034924,0.0028499615478992935,0.0028499615478991824,0.0023299996415385,0.8175547642935543,time,111269.97849079302,111906.02150920698,0.0,0.0,False,False
BTCUSDT,15m,SHORT,112630.8,112293.4559600423,112968.14403995773,2.0,2.0,168.67201997885422,168.6720199788615,0.002995131349130986,0.002995131349131208,0.0042679267127641,1.4249547733532306,tp,112293.4559600423,112968.14403995773,0.0,0.0,True,False
BTCUSDT,15m,SHORT,112649.5,112236.70080379715,113062.29919620285,2.0,2.0,206.39959810142318,206.39959810142318,0.003664456532899374,0.003664456532899374,0.0002396814899311,0.06540710410377289,sl,112236.70080379715,113062.29919620285,0.0,0.0,False,False
BTCUSDT,15m,SHORT,113235.2,112715.06089715162,113755.33910284836,2.0,2.0,260.06955142418883,260.06955142418155,0.004593440050870923,0.004593440050870701,0.0001209871135477,0.026339107990483227,sl,112715.06089715162,113755.33910284836,0.0,0.0,False,False
BTCUSDT,15m,SHORT,113596.9,113026.15863070729,114167.64136929272,2.0,2.0,285.37068464635377,285.37068464636104,0.005024268877871774,0.005024268877871885,0.0032791387793152,0.6526598912246527,time,113026.15863070729,114167.64136929272,0.0,0.0,False,False
BTCUSDT,15m,SHORT,115217.8,114530.52497737006,115905.07502262994,2.0,2.0,343.63751131496974,343.63751131496974,0.0059650073394036385,0.0059650073394035275,0.0038926277016224,0.6525771855984962,sl,114530.52497737006,115905.07502262994,0.0,0.0,False,False
BTCUSDT,15m,SHORT,115832.5,115257.89147983762,116407.10852016238,2.0,2.0,287.30426008118957,287.30426008118957,0.004960684783306801,0.004960684783306801,0.0066837890920078,1.347352106406643,tp,115257.89147983762,116407.10852016238,0.0,0.0,True,False
BTCUSDT,15m,LONG,114120.7,114692.36123693394,113549.03876306606,2.0,2.0,285.8306184669709,285.8306184669709,0.005009268580844051,0.005009268580844162,0.0042227220828474,0.8429817676367994,sl,114692.36123693394,113549.03876306606,0.0,0.0,False,False
BTCUSDT,15m,SHORT,115011.5,114571.50128881636,115451.49871118364,2.0,2.0,219.99935559181904,219.99935559181904,0.00382569318010495,0.003825693180104839,0.0017659103654852,0.4615922611537698,sl,114571.50128881636,115451.49871118364,0.0,0.0,False,False
BTCUSDT,15m,SHORT,115739.0,115212.08667329792,116265.91332670208,2.0,2.0,263.45666335104033,263.45666335104033,0.004552599613804165,0.004552599613804276,0.0107802901355636,2.3679416267743254,tp,115212.08667329792,116265.91332670208,0.0,0.0,True,False
BTCUSDT,15m,LONG,112879.0,113840.11600590395,111917.88399409605,2.0,2.0,480.55800295197696,480.55800295197696,0.008514568749758089,0.0085145687497582,0.0031361014892052,0.3683218236148837,time,113840.11600590395,111917.88399409605,0.0,0.0,False,False
BTCUSDT,15m,LONG,110987.7,111753.42630902232,110221.97369097768,2.0,2.0,382.8631545111639,382.8631545111566,0.006899199722332439,0.006899199722332439,0.007213411936638,1.0455432842867947,tp,111753.42630902232,110221.97369097768,0.0,0.0,True,False
BTCUSDT,15m,LONG,109689.1,110845.04200728102,108533.157992719,2.0,2.0,577.9710036405086,577.9710036405013,0.010538348908697648,0.010538348908697426,0.0142302197757114,1.3503272570494158,tp,110845.04200728102,108533.157992719,0.0,0.0,True,False
BTCUSDT,15m,LONG,108328.9,109333.20369472312,107324.59630527688,2.0,2.0,502.15184736156516,502.1518473615579,0.009270875036330395,0.009270875036330284,0.0100176407219127,1.080549644198191,tp,109333.20369472312,107324.59630527688,0.0,0.0,True,False
BTCUSDT,15m,LONG,108441.1,109303.8932219467,107578.30677805332,2.0,2.0,431.39661097334465,431.39661097334465,0.007956330412977053,0.007956330412977053,0.0022214824453089,0.27920942570278184,sl,109303.8932219467,107578.30677805332,0.0,0.0,False,False
BTCUSDT,15m,LONG,107582.2,108578.69061394852,106585.70938605149,2.0,2.0,498.24530697426235,498.2453069742551,0.009262597473824963,0.00926259747382474,0.0068663775234192,0.7413015131903113,sl,108578.69061394852,106585.70938605149,0.0,0.0,False,False
BTCUSDT,15m,LONG,106495.1,107510.54597429828,105479.65402570172,2.0,2.0,507.7229871491363,507.7229871491436,0.009535142690116905,0.009535142690117127,0.0103751252405039,1.0880933382630582,tp,107510.54597429828,105479.65402570172,0.0,0.0,True,False
BTCUSDT,15m,SHORT,109276.3,108408.20793032182,110144.3920696782,2.0,2.0,434.0460348390916,434.04603483909887,0.007944010454949413,0.007944010454949524,0.006996942612442,0.8807821505424436,sl,108408.20793032182,110144.3920696782,0.0,0.0,False,False
BTCUSDT,15m,SHORT,109771.9,108859.13010068536,110684.66989931464,2.0,2.0,456.3849496573166,456.3849496573239,0.008315150774602875,0.008315150774603097,0.0055833961150348,0.6714726246562208,time,108859.13010068536,110684.66989931464,0.0,0.0,False,False
BTCUSDT,15m,LONG,107562.9,108328.37590329068,106797.4240967093,2.0,2.0,382.73795164534386,382.73795164534386,0.00711654207250545,0.0071165420725053385,0.0029610581343567,0.4160810270196618,sl,108328.37590329068,106797.4240967093,0.0,0.0,False,False
BTCUSDT,15m,LONG,104885.5,105795.60747800765,103975.39252199235,2.0,2.0,455.05373900382256,455.05373900382256,0.00867715249493628,0.008677152494936391,0.0029031658332181,0.3345758686288271,sl,105795.60747800765,103975.39252199235,0.0,0.0,False,False
BTCUSDT,15m,SHORT,103865.0,102911.8856016605,104818.1143983395,2.0,2.0,476.5571991697507,476.5571991697507,0.009176473290709142,0.009176473290709142,0.0060126125258749,0.6552204028057772,time,102911.8856016605,104818.1143983395,0.0,0.0,False,False
BTCUSDT,15m,LONG,100557.4,101710.40173706452,99404.39826293549,2.0,2.0,576.5008685322609,576.5008685322537,0.01146610529970471,0.011466105299704488,0.0139373134150246,1.215522886867569,tp,101710.40173706452,99404.39826293549,0.0,0.0,True,False
BTCUSDT,15m,SHORT,102644.5,101460.74172305292,103828.25827694708,2.0,2.0,591.8791384735378,591.8791384735378,0.011532603080993908,0.011532603080993908,0.0039807296055804,0.34517182093440524,sl,101460.74172305292,103828.25827694708,0.0,0.0,False,False
BTCUSDT,15m,SHORT,103410.8,102426.55529042528,104395.04470957474,2.0,2.0,492.12235478735965,492.12235478736693,0.009517813512464057,0.00951781351246428,0.0089236327346853,0.9375717146589763,time,102426.55529042528,104395.04470957474,0.0,0.0,False,False
BTCUSDT,15m,SHORT,104200.3,103479.539701712,104921.060298288,2.0,2.0,360.38014914400264,360.38014914399537,0.0069170654814622035,0.0069170654814620924,0.0009625692056549,0.13915860826163842,sl,103479.539701712,104921.060298288,0.0,0.0,False,False
BTCUSDT,15m,SHORT,104451.9,103721.59757200822,105182.20242799175,2.0,2.0,365.1512139958868,365.1512139958795,0.006991758196756348,0.006991758196756237,0.0043311801891587,0.6194693905701777,sl,103721.59757200822,105182.20242799175,0.0,0.0,False,False
BTCUSDT,15m,SHORT,105448.3,104568.25224733556,106328.34775266446,2.0,2.0,440.0238763322195,440.0238763322268,0.008345774684508367,0.008345774684508367,0.0002911379320481,0.03488447065177993,sl,104568.25224733556,106328.34775266446,0.0,0.0,False,False
BTCUSDT,15m,SHORT,106263.5,105326.10229132517,107200.89770867483,2.0,2.0,468.6988543374173,468.6988543374173,0.008821445827352115,0.008821445827352115,0.0066353922089899,0.7521887385416967,time,105326.10229132517,107200.89770867483,0.0,0.0,False,False
BTCUSDT,15m,LONG,104846.5,105550.15781968807,104142.84218031193,2.0,2.0,351.8289098440364,351.8289098440364,0.006711314347050967,0.006711314347050856,0.0070407691243865,1.0490894570420917,tp,105550.15781968807,104142.84218031193,0.0,0.0,True,False
BTCUSDT,15m,SHORT,102948.4,101782.81709555432,103531.19145222282,3.0,1.5,388.5276348152256,388.5276348152159,0.011322010875794875,0.005661005437897382,0.0053269404866903,0.4704942032937515,time,101782.81709555432,103531.19145222282,0.0,0.0,False,False
BTCUSDT,15m,SHORT,103948.5,102841.48417116592,104502.00791441704,3.0,1.5,369.0052762780251,369.00527627802995,0.0106496565975851,0.00532482829879255,0.0128929229378009,1.21064212912973,tp,102841.48417116592,104502.00791441704,0.0,0.0,True,False
BTCUSDT,15m,SHORT,102124.9,100676.41455155844,102849.14272422076,3.0,1.5,482.82848281385185,482.82848281384213,0.014183469931834058,0.007091734965916974,0.0138448115983466,0.976123026656026,time,100676.41455155844,102849.14272422076,0.0,0.0,False,False
BTCUSDT,15m,LONG,88621.0,89863.30292399612,87999.84853800194,3.0,1.5,414.10097466537263,414.10097466537263,0.014018155109918773,0.0070090775549593864,0.0147436837769829,1.051756358905657,tp,89863.30292399612,87999.84853800194,0.0,0.0,True,False
BTCUSDT,15m,LONG,90297.0,91641.96018097286,89624.51990951358,3.0,1.5,448.3200603242876,448.3200603242828,0.01489484900907967,0.007447424504539724,0.0002635746481057,0.017695691171157827,sl,91641.96018097286,89624.51990951358,0.0,0.0,False,False
BTCUSDT,15m,SHORT,90381.2,89858.58822424806,90642.50588787596,3.0,1.5,174.20392525064622,174.2039252506414,0.005782306229082379,0.002891153114541023,0.0031920355118099,0.552035016021014,sl,89858.58822424806,90642.50588787596,0.0,0.0,False,False
BTCUSDT,15m,LONG,91432.2,91980.12815247876,91158.2359237606,3.0,1.5,182.6427174929219,182.6427174929316,0.005992726331410125,0.0029963631657052847,0.0016164983452219,0.26974339488009424,sl,91980.12815247876,91158.2359237606,0.0,0.0,False,False
BTCUSDT,15m,LONG,91808.9,92422.93588304294,91501.88205847851,3.0,1.5,204.67862768098226,204.67862768098712,0.0066881956220252725,0.0033440978110126363,0.0004879701205439,0.07295990549931557,sl,92422.93588304294,91501.88205847851,0.0,0.0,False,False
BTCUSDT,15m,SHORT,90615.6,89956.46456336882,90945.1677183156,3.0,1.5,219.71181221039538,219.71181221039538,0.007273973097691622,0.003636986548845922,0.0199568286255347,2.743593955807721,tp,89956.46456336882,90945.1677183156,0.0,0.0,True,False
BTCUSDT,15m,SHORT,88338.3,87262.39647528053,88876.25176235974,3.0,1.5,358.6345082398232,358.6345082398232,0.012179355101009093,0.006089677550504602,0.0158334493645451,1.3000236246690315,tp,87262.39647528053,88876.25176235974,0.0,0.0,True,False
BTCUSDT,15m,LONG,91718.3,93443.05965414124,90855.9201729294,3.0,1.5,574.919884713745,574.9198847137353,0.018804967538007533,0.009402483769003545,0.0060500467191388,0.3217259858019318,sl,93443.05965414124,90855.9201729294,0.0,0.0,False,False
BTCUSDT,15m,SHORT,90773.1,89964.88792771622,91177.2060361419,3.0,1.5,269.4040240945954,269.4040240945954,0.008903651767801057,0.004451825883900584,0.0100260980400581,1.1260658324841757,tp,89964.88792771622,91177.2060361419,0.0,0.0,True,False
BTCUSDT,15m,SHORT,89328.0,88024.39624099483,89979.80187950259,3.0,1.5,434.534586335057,434.534586335057,0.01459345064263351,0.007296725321316755,0.0018124216371125,0.12419418008086902,sl,88024.39624099483,89979.80187950259,0.0,0.0,False,False
BTCUSDT,15m,LONG,90745.7,91968.60755045291,90134.24622477354,3.0,1.5,407.63585015097243,407.63585015097243,0.01347620383613668,0.00673810191806834,0.0065292349940548,0.4845010563395116,sl,91968.60755045291,90134.24622477354,0.0,0.0,False,False
BTCUSDT,15m,LONG,92026.5,93276.47386343176,91401.51306828413,3.0,1.5,416.65795447725395,416.6579544772491,0.01358276000317038,0.006791380001585079,0.0159084611497775,1.1712244894310342,tp,93276.47386343176,91401.51306828413,0.0,0.0,True,False
BTCUSDT,15m,SHORT,90196.0,88813.75475102059,90887.12262448973,3.0,1.5,460.74841632646957,460.7484163264841,0.015324906303820662,0.007662453151910498,0.0097010953922568,0.6330280394496255,time,88813.75475102059,90887.12262448973,0.0,0.0,False,False
BTCUSDT,15m,SHORT,89221.2,88469.56238478873,89597.01880760564,3.0,1.5,250.5458717370881,250.54587173709297,0.008424428445383603,0.004212214222691912,0.0159289496218387,1.8908047857617458,tp,88469.56238478873,89597.01880760564,0.0,0.0,True,False
BTCUSDT,15m,LONG,90153.2,91684.94493330216,89387.32753334893,3.0,1.5,510.581644434055,510.5816444340453,0.01699046659799275,0.008495233298996263,0.0013055554323085,0.07684046961151368,sl,91684.94493330216,89387.32753334893,0.0,0.0,False,False
BTCUSDT,15m,LONG,88727.5,89708.17716129794,88237.16141935103,3.0,1.5,326.89238709931186,326.89238709931186,0.011052685596888656,0.005526342798444328,0.0081192414978444,0.7345944500701238,sl,89708.17716129794,88237.16141935103,0.0,0.0,False,False
BTCUSDT,15m,SHORT,86349.7,84462.3870600038,87293.35646999809,3.0,1.5,629.1043133320636,629.1043133320636,0.021856624168887562,0.010928312084443892,0.0222328508379299,1.0172133933463472,tp,84462.3870600038,87293.35646999809,0.0,0.0,True,False
BTCUSDT,15m,LONG,88579.0,88931.37014439034,88402.81492780484,3.0,1.5,117.45671479678033,117.45671479677549,0.00397803254033513,0.001989016270167454,0.0053172873931744,1.336662618834798,tp,88931.37014439034,88402.81492780484,0.0,0.0,True,False
BTCUSDT,15m,LONG,89450.0,90160.00769758734,89094.99615120633,3.0,1.5,236.6692325291127,236.6692325291127,0.007937481247482836,0.003968740623741418,0.0016769144773616,0.21126531516447858,sl,90160.00769758734,89094.99615120633,0.0,0.0,False,False
BTCUSDT,15m,LONG,87734.2,88097.5493560448,87552.52532197759,3.0,1.5,121.11645201493229,121.11645201493714,0.004141479104440515,0.0020707395522202576,0.0056055677261547,1.353518292569527,tp,88097.5493560448,87552.52532197759,0.0,0.0,True,False
BTCUSDT,15m,LONG,88475.9,89024.14663863045,88201.77668068476,3.0,1.5,182.7488795434862,182.7488795434862,0.006196564698753626,0.003098282349376813,0.0013348267720362,0.21541399742097206,sl,89024.14663863045,88201.77668068476,0.0,0.0,False,False
BTCUSDT,15m,SHORT,87015.0,86611.21218819807,87418.78781180193,2.0,2.0,201.89390590096446,201.89390590096446,0.004640439140400243,0.004640439140400243,0.0021858300293052,0.4710394777673282,sl,86611.21218819807,87418.78781180193,0.0,0.0,False,False
BTCUSDT,15m,SHORT,87580.8,87408.8241013525,87752.77589864751,2.0,2.0,85.98794932375313,85.98794932375313,0.0019636255737274233,0.0019636255737274233,0.0001050458547991,0.0534958681556068,sl,87408.8241013525,87752.77589864751,0.0,0.0,False,False
BTCUSDT,15m,SHORT,87748.4,87549.57801269236,87947.22198730762,2.0,2.0,99.41099365381524,99.41099365381524,0.0022658189472130053,0.0022658189472131163,0.0034188657570964,1.5088874427948717,tp,87549.57801269236,87947.22198730762,0.0,0.0,True,False
BTCUSDT,15m,LONG,87868.7,88119.35561531603,87618.04438468396,2.0,2.0,125.32780765801726,125.32780765801726,0.0028526154969408246,0.0028526154969407136,0.001760581412949,0.6171814655136896,sl,88119.35561531603,87618.04438468396,0.0,0.0,False,False
BTCUSDT,15m,LONG,88148.9,88486.31880832462,87811.48119167537,2.0,2.0,168.70940416231315,168.70940416231315,0.003827827781454074,0.003827827781454185,0.0127182528653222,3.322577083259197,tp,88486.31880832462,87811.48119167537,0.0,0.0,True,False
BTCUSDT,15m,LONG,89460.1,90023.07402752091,88897.1259724791,2.0,2.0,281.4870137604521,281.4870137604521,0.006293018088744606,0.006293018088744606,0.0077844759842655,1.2370020035678022,tp,90023.07402752091,88897.1259724791,0.0,0.0,True,False
BTCUSDT,15m,LONG,88831.4,89355.49032741804,88307.30967258195,2.0,2.0,262.04516370902275,262.04516370902275,0.005899831899734087,0.005899831899734198,0.0022593362257041,0.3829492541653486,sl,89355.49032741804,88307.30967258195,0.0,0.0,False,False
BTCUSDT,15m,LONG,89167.1,89844.15659804195,88490.04340195806,2.0,2.0,338.5282990209744,338.5282990209744,0.007593121207731812,0.007593121207731923,0.000593268144865,0.07813231589940847,sl,89844.15659804195,88490.04340195806,0.0,0.0,False,False
BTCUSDT,15m,SHORT,87900.3,87392.41055869339,88408.18944130662,2.0,2.0,253.94472065330774,253.94472065330774,0.005778017154738024,0.005778017154737913,0.0006154700268372,0.10651924533185389,sl,87392.41055869339,88408.18944130662,0.0,0.0,False,False
BTCUSDT,15m,SHORT,87432.7,86910.45360609528,87954.94639390471,2.0,2.0,261.12319695235783,261.12319695235783,0.005973124402022578,0.005973124402022467,0.0027849992051028,0.4662550145715637,time,86910.45360609528,87954.94639390471,0.0,0.0,False,False
BTCUSDT,15m,LONG,88308.5,88544.65978744131,88072.34021255869,2.0,2.0,118.0798937206564,118.0798937206564,0.0026742588475776596,0.0026742588475776596,0.0013452838628218,0.503049233263398,sl,88544.65978744131,88072.34021255869,0.0,0.0,False,False
BTCUSDT,15m,LONG,88603.5,88860.09102900683,88346.90897099317,2.0,2.0,128.29551450341387,128.29551450341387,0.0028959468757647766,0.0028959468757647766,0.0031364449485629,1.0830464380444174,tp,88860.09102900683,88346.90897099317,0.0,0.0,True,False
BTCUSDT,15m,LONG,88926.7,89285.87032881398,88567.52967118601,2.0,2.0,179.58516440699168,179.58516440699168,0.0040389481315958875,0.0040389481315958875,0.0018138534320963,0.4490905485779541,sl,89285.87032881398,88567.52967118601,0.0,0.0,False,False
BTCUSDT,15m,LONG,93488.6,94276.50674345889,92700.69325654114,2.0,2.0,393.9533717294398,393.95337172943255,0.008427837655702097,0.008427837655701986,0.0027254659926449,0.3233885255016638,sl,94276.50674345889,92700.69325654114,0.0,0.0,False,False
BTCUSDT,15m,SHORT,91238.1,90609.51537390304,91866.68462609696,2.0,2.0,314.2923130484851,314.2923130484778,0.006889497108082843,0.006889497108082621,0.0066200414081398,0.9608889160245218,time,90609.51537390304,91866.68462609696,0.0,0.0,False,False
BTCUSDT,15m,LONG,90649.9,90788.88653097527,90510.91346902472,2.0,2.0,69.49326548763929,69.49326548763929,0.0015332232134319668,0.0015332232134318557,0.001854387042898,1.2094697149459015,tp,90788.88653097527,90510.91346902472,0.0,0.0,True,False
BTCUSDT,15m,LONG,90889.3,91031.25776837392,90747.34223162608,2.0,2.0,70.97888418695948,70.97888418695948,0.0015618754724033845,0.0015618754724034956,0.0027924079072014,1.7878556623368287,tp,91031.25776837392,90747.34223162608,0.0,0.0,True,False
BTCUSDT,15m,SHORT,90644.7,90400.74691383244,90888.65308616756,2.0,2.0,121.97654308377969,121.97654308377969,0.0026913110878800106,0.0026913110878801216,0.0036383815049308,1.3518992736721536,tp,90400.74691383244,90888.65308616756,0.0,0.0,True,False
BTCUSDT,15m,LONG,91108.0,91525.39000450866,90690.60999549134,2.0,2.0,208.69500225433148,208.69500225433148,0.004581266239064297,0.004581266239064186,0.0013302893269525,0.2903759042880262,sl,91525.39000450866,90690.60999549134,0.0,0.0,False,False
BTCUSDT,15m,LONG,91491.2,92036.35314865362,90946.04685134636,2.0,2.0,272.576574326813,272.57657432682026,0.005958530969684794,0.005958530969684905,0.0097091304956105,1.6294503704029775,tp,92036.35314865362,90946.04685134636,0.0,0.0,True,False
BTCUSDT,15m,LONG,92389.9,92991.43710588502,91788.36289411497,2.0,2.0,300.76855294251436,300.76855294251436,0.006510853522788018,0.006510853522788018,0.0010618043747206,0.16308220896143336,sl,92991.43710588502,91788.36289411497,0.0,0.0,False,False
BTCUSDT,15m,LONG,91281.3,91887.75270939936,90674.84729060064,2.0,2.0,303.22635469967645,303.2263546996837,0.006643778182380711,0.006643778182380933,0.0099034522952674,1.4906356027254701,tp,91887.75270939936,90674.84729060064,0.0,0.0,True,False
BTCUSDT,15m,SHORT,94673.2,94111.93591874524,95234.46408125474,2.0,2.0,280.6320406273808,280.6320406273735,0.005928436783110391,0.00592843678311028,0.0046338351296882,0.7816284965523457,sl,94111.93591874524,95234.46408125474,0.0,0.0,False,False
BTCUSDT,15m,SHORT,94901.6,94709.36210238046,95093.83789761957,2.0,2.0,96.11894880977343,96.1189488097807,0.0020256549691421988,0.002025654969142421,0.0007955608756859,0.3927425389837219,sl,94709.36210238046,95093.83789761957,0.0,0.0,False,False
BTCUSDT,15m,LONG,95327.8,95555.40011446772,95100.19988553227,2.0,2.0,113.80005723385693,113.80005723386421,0.0023875523663372533,0.0023875523663372533,0.0017014973596369,0.7126534201413848,sl,95555.40011446772,95100.19988553227,0.0,0.0,False,False
BTCUSDT,15m,SHORT,94561.1,94225.15469057768,94897.04530942232,2.0,2.0,167.97265471116407,167.9726547111568,0.003552679795627678,0.003552679795627567,0.0106893849585083,3.0088230781912415,tp,94225.15469057768,94897.04530942232,0.0,0.0,True,False
BTCUSDT,15m,SHORT,92399.1,91706.5854064137,93091.61459358632,2.0,2.0,346.25729679315555,346.25729679315555,0.007494819685324949,0.00749481968532506,0.0033788207893801,0.4508208244150181,time,91706.5854064137,93091.61459358632,0.0,0.0,False,False
BTCUSDT,15m,LONG,90945.1,91727.97220924,90162.22779076002,2.0,2.0,391.43610461999924,391.43610461999197,0.008608184599720126,0.008608184599719904,0.0027478115918284,0.3192091851652134,sl,91727.97220924,90162.22779076002,0.0,0.0,False,False
BTCUSDT,15m,SHORT,89180.7,89009.24551066567,89352.15448933432,2.0,2.0,85.72724466716318,85.72724466716318,0.0019225515087269995,0.0019225515087268885,0.002771900198137,1.4417820201719274,tp,89009.24551066567,89352.15448933432,0.0,0.0,True,False
BTCUSDT,15m,SHORT,88886.5,88696.13658731357,89076.86341268643,2.0,2.0,95.18170634321723,95.18170634321723,0.002141645949457316,0.002141645949457205,0.0024548159731792,1.1462286629595522,tp,88696.13658731357,89076.86341268643,0.0,0.0,True,False
BTCUSDT,15m,SHORT,87637.2,87227.20134420732,88047.19865579267,2.0,2.0,204.9993278963375,204.9993278963375,0.004678363249769224,0.004678363249769113,0.0012232248405927,0.2614642718589754,sl,87227.20134420732,88047.19865579267,0.0,0.0,False,False
BTCUSDT,15m,LONG,88709.3,89320.01568698988,88098.58431301013,2.0,2.0,305.3578434949377,305.3578434949377,0.006884460670864012,0.006884460670864012,0.0014316424546242,0.20795273922953883,sl,89320.01568698988,88098.58431301013,0.0,0.0,False,False
BTCUSDT,15m,SHORT,87329.1,86600.0620539328,88058.13794606722,2.0,2.0,364.518973033606,364.518973033606,0.008348167404304108,0.008348167404303997,0.0007294246705853,0.08737542448049457,sl,86600.0620539328,88058.13794606722,0.0,0.0,False,False
BTCUSDT,15m,LONG,89108.1,89832.32798282991,88383.8720171701,2.0,2.0,362.1139914149535,362.1139914149535,0.008127521323312958,0.008127521323312958,0.0043868065866065,0.5397471642459303,time,89832.32798282991,88383.8720171701,0.0,0.0,False,False
BTCUSDT,15m,LONG,69594.1,69955.38031101557,69413.45984449222,2.0,1.0,180.64015550778277,180.64015550779004,0.005191249129101072,0.002595624564550536,0.0039945914955434,0.7694856086082527,sl,69955.38031101557,69413.45984449222,0.0,0.0,False,False
BTCUSDT,15m,SHORT,68548.9,68020.80354205906,68812.94822897046,2.0,1.0,264.0482289704669,264.0482289704669,0.0077039377428511635,0.0038519688714255818,0.0017914218900666,0.23253327711908658,sl,68020.80354205906,68812.94822897046,0.0,0.0,False,False
BTCUSDT,15m,SHORT,67790.9,67401.66571846357,67985.5171407682,2.0,1.0,194.61714076821227,194.61714076821227,0.00574168924643903,0.002870844623219515,0.0032290469664806,0.5623862295374554,sl,67401.66571846357,67985.5171407682,0.0,0.0,False,False
BTCUSDT,15m,SHORT,66830.3,66393.94616881688,67048.47691559156,2.0,1.0,218.17691559156083,218.17691559155355,0.006529281346681404,0.0032646406733405353,0.0032889273278737,0.5037196520173453,sl,66393.94616881688,67048.47691559156,0.0,0.0,False,False
BTCUSDT,15m,SHORT,66976.5,66230.55865637635,67349.47067181183,2.0,1.0,372.970671811825,372.970671811825,0.011137359277114345,0.005568679638557228,0.0053496375594425,0.48033267369179944,sl,66230.55865637635,67349.47067181183,0.0,0.0,False,False
BTCUSDT,15m,LONG,68070.1,68387.82372934416,67911.23813532792,2.0,1.0,158.8618646720788,158.86186467208609,0.004667596042082556,0.002333798021041389,0.001189949772367,0.2549384654624217,sl,68387.82372934416,67911.23813532792,0.0,0.0,False,False
BTCUSDT,15m,SHORT,66247.6,65729.6723151578,66506.5638424211,2.0,1.0,258.9638424211007,258.9638424211007,0.007818059595248728,0.003909029797624308,0.0006928552883426,0.08862241070196872,sl,65729.6723151578,66506.5638424211,0.0,0.0,False,False
BTCUSDT,15m,SHORT,66332.1,65810.78428440295,66592.75785779853,2.0,1.0,260.6578577985274,260.6578577985201,0.007859177013799568,0.003929588506899728,0.012544454344126,1.596153684043478,tp,65810.78428440295,66592.75785779853,0.0,0.0,True,False
BTCUSDT,15m,SHORT,64122.4,63470.4239471952,64448.3880264024,2.0,1.0,325.98802640239956,325.9880264023959,0.01016768013681335,0.005083840068406564,0.0071363517273214,0.7018662695223221,sl,63470.4239471952,64448.3880264024,0.0,0.0,False,False
BTCUSDT,15m,LONG,67670.3,68563.36312301044,67223.76843849478,2.0,1.0,446.5315615052168,446.5315615052241,0.013197268565536602,0.006598634282768412,0.0147139882636843,1.114926788874212,tp,68563.36312301044,67223.76843849478,0.0,0.0,True,False
BTCUSDT,15m,LONG,67800.0,68305.22992403187,67547.38503798407,2.0,1.0,252.614962015934,252.61496201592672,0.007451768791030489,0.0037258843955151333,0.0085825958702064,1.1517528402836466,tp,68305.22992403187,67547.38503798407,0.0,0.0,True,False
BTCUSDT,15m,LONG,67318.4,67821.6776884136,67066.7611557932,2.0,1.0,251.63884420680552,251.63884420679824,0.007476079176177874,0.003738039588088826,0.0009299092075867,0.12438461199686139,sl,67821.6776884136,67066.7611557932,0.0,0.0,False,False
BTCUSDT,15m,SHORT,65969.4,65504.09380463152,66202.05309768423,2.0,1.0,232.65309768423685,232.65309768423322,0.007053364065285894,0.003526682032642947,0.0080097742286574,1.1355963132654119,tp,65504.09380463152,66202.05309768423,0.0,0.0,True,False
BTCUSDT,15m,SHORT,65069.5,64405.91902268969,65401.29048865516,2.0,1.0,331.79048865515506,331.79048865516233,0.010198034060662997,0.005099017030331554,0.0127586657343301,1.2510907159590945,tp,64405.91902268969,65401.29048865516,0.0,0.0,True,False
BTCUSDT,15m,SHORT,65124.3,64386.46635599932,65493.21682200034,2.0,1.0,368.9168220003412,368.9168220003339,0.011329621109181676,0.005664810554590671,0.0049797080352495,0.43952997079609996,sl,64386.46635599932,65493.21682200034,0.0,0.0,False,False
BTCUSDT,15m,LONG,66535.0,67152.94759678026,66226.02620160987,2.0,1.0,308.97379839012865,308.97379839012865,0.00928755687653493,0.004643778438267465,0.0031622454347335,0.3404819455504959,sl,67152.94759678026,66226.02620160987,0.0,0.0,False,False
BTCUSDT,15m,LONG,66380.1,66990.37274863706,66074.96362568148,2.0,1.0,305.1363743185284,305.1363743185211,0.009193609961977378,0.004596804980988578,0.0143552058523562,1.5614329857070266,tp,66990.37274863706,66074.96362568148,0.0,0.0,True,False
BTCUSDT,15m,LONG,68420.8,69092.77904574208,68084.81047712897,2.0,1.0,335.9895228710375,335.9895228710375,0.00982126847014464,0.00491063423507232,0.0026044711549703,0.2651868404664376,sl,69092.77904574208,68084.81047712897,0.0,0.0,False,False
BTCUSDT,15m,LONG,68050.1,68592.76457136362,67778.76771431821,2.0,1.0,271.33228568180493,271.33228568179766,0.00797448602373274,0.003987243011866259,0.0005363695277449,0.0672607019623107,sl,68592.76457136362,67778.76771431821,0.0,0.0,False,False
BTCUSDT,15m,SHORT,67456.1,67098.1126828618,67635.09365856911,2.0,1.0,178.993658569103,178.993658569103,0.005306967303745802,0.00265348365187279,0.0008123801998633,0.15307804879255613,sl,67098.1126828618,67635.09365856911,0.0,0.0,False,False
BTCUSDT,15m,SHORT,67422.4,66616.30346292657,67825.4482685367,2.0,1.0,403.04826853670966,403.0482685367024,0.01195591579465305,0.005977957897326469,0.0060899641662116,0.5093682718086027,sl,66616.30346292657,67825.4482685367,0.0,0.0,False,False
BTCUSDT,15m,LONG,68383.5,68885.93902134564,68132.28048932718,2.0,1.0,251.2195106728177,251.2195106728177,0.007347372119672624,0.003673686059836312,0.009015332646033,1.227014570542086,tp,68885.93902134564,68132.28048932718,0.0,0.0,True,False
BTCUSDT,15m,LONG,69880.9,70512.89873522279,69564.9006323886,2.0,1.0,315.9993676113954,315.9993676113954,0.009043940979907017,0.0045219704899535085,0.0051816733900108,0.5729441845676523,sl,70512.89873522279,69564.9006323886,0.0,0.0,False,False
BTCUSDT,15m,LONG,69762.0,70529.11801067219,69378.4409946639,2.0,1.0,383.55900533609383,383.55900533609383,0.01099621585780497,0.005498107928902485,0.0249118431237635,2.2654923699120912,tp,70529.11801067219,69378.4409946639,0.0,0.0,True,False
BTCUSDT,15m,LONG,70010.0,70949.17840202153,69540.41079898924,2.0,1.0,469.58920101076365,469.58920101076365,0.013414917897750733,0.006707458948875367,0.0052192543922295,0.38906346143979065,sl,70949.17840202153,69540.41079898924,0.0,0.0,False,False
BTCUSDT,15m,LONG,69864.2,70356.11604354772,69618.24197822614,2.0,1.0,245.95802177386213,245.95802177385485,0.007041031652086804,0.003520515826043291,0.001352624090736,0.19210595230531488,sl,70356.11604354772,69618.24197822614,0.0,0.0,False,False
BTCUSDT,15m,LONG,71800.0,72664.98364008339,71367.5081799583,2.0,1.0,432.49182004169415,432.49182004170143,0.012047125906453848,0.006023562953227035,0.001591922005571,0.13214122753694976,sl,72664.98364008339,71367.5081799583,0.0,0.0,False,False
BTCUSDT,15m,LONG,71166.6,72087.1849281843,70706.30753590786,2.0,1.0,460.2924640921483,460.292464092141,0.012935631717467144,0.006467815858733461,0.0040117133599188,0.3101289096304229,sl,72087.1849281843,70706.30753590786,0.0,0.0,False,False
BTCUSDT,15m,LONG,72871.4,73520.73637762538,72546.7318111873,2.0,1.0,324.66818881269137,324.66818881269137,0.00891071638016272,0.00445535819008136,0.0122338805073046,1.3729401751064594,tp,73520.73637762538,72546.7318111873,0.0,0.0,True,False
BTCUSDT,15m,LONG,73888.7,74656.66121343698,73504.71939328151,2.0,1.0,383.9806067184909,383.9806067184836,0.010393486601293356,0.005196743300646567,0.0071702438938566,0.6898785911711611,time,74656.66121343698,73504.71939328151,0.0,0.0,False,False
BTCUSDT,15m,LONG,73911.2,74424.864237634,73654.367881183,2.0,1.0,256.8321188170012,256.8321188169939,0.006949748314653226,0.003474874157326502,0.0015775687581855,0.22699653091886343,sl,74424.864237634,73654.367881183,0.0,0.0,False,False
BTCUSDT,15m,SHORT,70316.3,69533.32736593856,70707.78631703072,2.0,1.0,391.4863170307217,391.4863170307217,0.011135009010164731,0.005567504505082255,0.0090903531613579,0.8163759142951441,time,69533.32736593856,70707.78631703072,0.0,0.0,False,False
BTCUSDT,15m,SHORT,70470.6,69889.89537205122,70760.9523139744,2.0,1.0,290.352313974392,290.352313974392,0.008240381491697035,0.004120190745848573,0.0018745405885575,0.22748225800544275,sl,69889.89537205122,70760.9523139744,0.0,0.0,False,False
BTCUSDT,15m,SHORT,68504.5,68007.44982534638,68753.02508732681,2.0,1.0,248.52508732680872,248.52508732680872,0.007255730275436134,0.003627865137718178,1.4597581181648033e-06,0.00020118693263815665,sl,68007.44982534638,68753.02508732681,0.0,0.0,False,False
BTCUSDT,15m,SHORT,68659.9,68164.94551267111,68907.37724366444,2.0,1.0,247.47724366444163,247.47724366444163,0.0072087854385002315,0.0036043927192501712,0.0145485210435784,2.0181653577700573,tp,68164.94551267111,68907.37724366444,0.0,0.0,True,False
BTCUSDT,15m,LONG,70569.9,71040.55235001957,70334.5738249902,2.0,1.0,235.32617500978813,235.32617500978813,0.006669307311184758,0.003334653655592379,0.0025917565420952,0.38860955436086986,sl,71040.55235001957,70334.5738249902,0.0,0.0,False,False
BTCUSDT,15m,LONG,70788.1,71396.59028177468,70483.85485911266,2.0,1.0,304.2451408873385,304.24514088734577,0.008595940303167904,0.004297970151584063,0.0134782541133324,1.5679790270722556,tp,71396.59028177468,70483.85485911266,0.0,0.0,True,False
BTCUSDT,15m,SHORT,69470.0,69007.20233890385,69932.79766109615,2.0,2.0,231.39883054807433,231.39883054807433,0.006661834764591146,0.006661834764591257,0.0095465668633942,1.4330236640115912,tp,69007.20233890385,69932.79766109615,0.0,0.0,True,False
BTCUSDT,15m,LONG,67865.1,68350.14239746868,67380.05760253133,2.0,2.0,242.52119873433548,242.52119873433548,0.007147155127873894,0.007147155127873894,0.000808957770636,0.11318598185746184,sl,68350.14239746868,67380.05760253133,0.0,0.0,False,False
BTCUSDT,15m,LONG,68432.9,69347.62720339537,67518.17279660462,2.0,2.0,457.36360169768886,457.36360169768886,0.01336677538720954,0.01336677538720965,0.0024418079607908,0.1826774139653254,sl,69347.62720339537,67518.17279660462,0.0,0.0,False,False
BTCUSDT,15m,LONG,66981.5,67097.79321935041,66865.20678064959,2.0,2.0,58.14660967520467,58.14660967520467,0.001736199090053292,0.001736199090053403,0.0025200988332599,1.45150337176052,tp,67097.79321935041,66865.20678064959,0.0,0.0,True,False
BTCUSDT,15m,LONG,67351.2,67552.47873450174,67149.92126549825,2.0,2.0,100.63936725087115,100.63936725087115,0.0029884951493328593,0.0029884951493327483,0.0025626863366949,0.8575173151166013,time,67552.47873450174,67149.92126549825,0.0,0.0,False,False
BTCUSDT,15m,SHORT,66970.4,66805.98869453598,67134.81130546401,2.0,2.0,82.20565273200918,82.20565273200918,0.0024549846717956125,0.0024549846717956125,0.0002299523371518,0.09366752460560555,sl,66805.98869453598,67134.81130546401,0.0,0.0,False,False
BTCUSDT,15m,SHORT,66620.2,66412.45171802057,66827.94828197942,2.0,2.0,103.87414098971203,103.87414098971203,0.003118397752925106,0.003118397752925217,0.000670967664462,0.2151642342073335,sl,66412.45171802057,66827.94828197942,0.0,0.0,False,False
BTCUSDT,15m,LONG,67478.2,67752.5479102647,67203.8520897353,2.0,2.0,137.17395513234806,137.17395513234806,0.004065726564500771,0.004065726564500771,0.0051927881893709,1.2772103846606124,tp,67752.5479102647,67203.8520897353,0.0,0.0,True,False
BTCUSDT,15m,LONG,67937.4,68334.9623238019,67539.83767619809,2.0,2.0,198.7811619009517,198.7811619009517,0.005851891944671284,0.005851891944671173,0.0060423272012175,1.0325425107549409,tp,68334.9623238019,67539.83767619809,0.0,0.0,True,False
BTCUSDT,15m,LONG,68577.9,69025.89914654348,68129.90085345651,2.0,2.0,223.99957327174343,223.99957327174343,0.006532704363118258,0.006532704363118258,0.0077298954911131,1.1832611827276058,tp,69025.89914654348,68129.90085345651,0.0,0.0,True,False
BTCUSDT,15m,SHORT,67865.1,67359.28530768055,68370.91469231946,2.0,2.0,252.90734615972906,252.90734615972906,0.007453237265095836,0.007453237265095947,0.0022706811011846,0.30465702625869684,sl,67359.28530768055,68370.91469231946,0.0,0.0,False,False
BTCUSDT,15m,LONG,69399.8,69966.38360541582,68833.21639458419,2.0,2.0,283.29180270790675,283.29180270790675,0.008164052424010082,0.008164052424010082,0.0115302925945031,1.4123246637408977,tp,69966.38360541582,68833.21639458419,0.0,0.0,True,False
BTCUSDT,15m,SHORT,74930.3,74608.21952140624,75252.38047859377,2.0,2.0,161.04023929688265,161.04023929688265,0.004298401028606125,0.004298401028606014,0.0008901605892408,0.2070910981354988,sl,74608.21952140624,75252.38047859377,0.0,0.0,False,False
BTCUSDT,15m,LONG,75999.0,76395.21035496716,75602.78964503284,2.0,2.0,198.1051774835796,198.1051774835796,0.005213362741183003,0.005213362741182892,0.0015500203950052,0.2973168129585154,sl,76395.21035496716,75602.78964503284,0.0,0.0,False,False
BTCUSDT,15m,SHORT,74742.4,74179.17090333531,75305.62909666468,2.0,2.0,281.61454833234166,281.61454833234166,0.007535603575275607,0.007535603575275607,0.0132762662156953,1.7618052864743134,tp,74179.17090333531,75305.62909666468,0.0,0.0,True,False
BTCUSDT,15m,LONG,76237.3,76911.11922187022,75563.48077812979,2.0,2.0,336.9096109351085,336.9096109351085,0.008838445509878001,0.00883844550987789,0.0038524449318115,0.43587358518032837,sl,76911.11922187022,75563.48077812979,0.0,0.0,False,False
BTCUSDT,15m,SHORT,74824.7,74077.34608099987,75572.05391900013,2.0,2.0,373.676959500066,373.676959500066,0.009988064355755943,0.009988064355755943,0.0005840317435285,0.05847296560438489,sl,74077.34608099987,75572.05391900013,0.0,0.0,False,False
BTCUSDT,15m,LONG,77195.8,77768.32576270415,76623.27423729586,2.0,2.0,286.2628813520714,286.2628813520714,0.007416540313127662,0.007416540313127662,0.0162146127120905,2.186277162599628,tp,77768.32576270415,76623.27423729586,0.0,0.0,True,False
BTCUSDT,15m,SHORT,77241.8,76913.7590764033,77569.84092359671,2.0,2.0,164.02046179835452,164.02046179835452,0.004246935255220685,0.004246935255220796,-1.294635805888377e-06,-0.00030484001476050365,sl,76913.7590764033,77569.84092359671,0.0,0.0,False,False
BTCUSDT,15m,LONG,77776.5,77940.06060545114,77612.93939454886,2.0,2.0,81.78030272557226,81.78030272557226,0.002102956618659224,0.002102956618659113,0.0009064434629997,0.4310328872012674,sl,77940.06060545114,77612.93939454886,0.0,0.0,False,False
BTCUSDT,15m,SHORT,77289.3,77096.43805327259,77482.16194672741,2.0,2.0,96.43097336370556,96.43097336370556,0.002495325313172869,0.002495325313172758,0.002449239416064,0.9815311066394505,sl,77096.43805327259,77482.16194672741,0.0,0.0,False,False
BTCUSDT,15m,LONG,77727.0,77929.90625389187,77524.09374610813,2.0,2.0,101.45312694593304,101.45312694593304,0.0026104989757982366,0.0026104989757982366,0.0050510118748955,1.9348836838179586,tp,77929.90625389187,77524.09374610813,0.0,0.0,True,False
BTCUSDT,15m,LONG,78359.9,78620.13583850405,78099.66416149594,2.0,2.0,130.1179192520285,130.1179192520285,0.003321033315561328,0.003321033315561328,0.0015058722637471,0.45343485616089774,sl,78620.13583850405,78099.66416149594,0.0,0.0,False,False
BTCUSDT,15m,SHORT,76823.1,76265.52833864755,77380.67166135246,2.0,2.0,278.7858306762282,278.7858306762282,0.007257864644260037,0.007257864644260037,0.0055074580432188,0.758826226881268,time,76265.52833864755,77380.67166135246,0.0,0.0,False,False
BTCUSDT,15m,LONG,77605.5,77929.85003684249,77281.14996315751,2.0,2.0,162.1750184212433,162.1750184212433,0.004179472290526842,0.004179472290526953,0.0034494977804407,0.8253428999300471,sl,77929.85003684249,77281.14996315751,0.0,0.0,False,False
BTCUSDT,15m,SHORT,76226.6,75714.58100576053,76738.61899423948,2.0,2.0,256.00949711973954,256.00949711973954,0.006717064571153397,0.006717064571153397,0.0072336953242045,1.0769131735415776,tp,75714.58100576053,76738.61899423948,0.0,0.0,True,False
BTCUSDT,15m,SHORT,75146.9,74471.39171529359,75822.4082847064,2.0,2.0,337.75414235320204,337.75414235320204,0.008989170341110575,0.008989170341110686,0.0031990674266003,0.35588016526618277,sl,74471.39171529359,75822.4082847064,0.0,0.0,False,False
BTCUSDT,15m,LONG,76644.1,76920.89864571099,76367.30135428903,2.0,2.0,138.39932285549003,138.39932285549003,0.003611480149300128,0.003611480149300239,0.0101390713701379,2.8074559324665707,tp,76920.89864571099,76367.30135428903,0.0,0.0,True,False
BTCUSDT,15m,SHORT,80573.6,80183.79897201787,80963.40102798214,2.0,2.0,194.90051399106596,194.90051399106596,0.004837825639938287,0.004837825639938398,0.000125351231669,0.025910655116251572,sl,80183.79897201787,80963.40102798214,0.0,0.0,False,False
BTCUSDT,15m,SHORT,80116.0,79613.34553642439,80618.65446357561,2.0,2.0,251.32723178780725,251.32723178780725,0.0062740833738031965,0.0062740833738030855,0.0063782515352738,1.0166029291076282,tp,79613.34553642439,80618.65446357561,0.0,0.0,True,False
BTCUSDT,15m,LONG,80571.1,80771.3446354692,80470.97768226541,2.0,1.0,100.12231773459644,100.12231773459644,0.0024853158945228326,0.0012426579472614163,0.0028161462360572,1.1331140006240072,tp,80771.3446354692,80470.97768226541,0.0,0.0,True,False
BTCUSDT,15m,LONG,80757.0,81106.15310575221,80582.4234471239,2.0,1.0,174.57655287610396,174.57655287609668,0.004323502677813895,0.0021617513389068366,0.0001163985784513,0.026922286656280027,sl,81106.15310575221,80582.4234471239,0.0,0.0,False,False
BTCUSDT,15m,LONG,80799.4,81232.52870748454,80582.83564625772,2.0,1.0,216.56435374227294,216.56435374227294,0.00536054361151872,0.00268027180575936,0.0073527773721092,1.3716477105623344,tp,81232.52870748454,80582.83564625772,0.0,0.0,True,False
BTCUSDT,15m,LONG,81355.0,81725.75312094075,81169.62343952962,2.0,1.0,185.37656047037308,185.37656047038035,0.004557225996444592,0.002278612998222407,0.0009858029623255,0.21631645283657058,sl,81725.75312094075,81169.62343952962,0.0,0.0,False,False
BTCUSDT,15m,SHORT,79771.5,79368.72784437709,79972.88607781146,2.0,1.0,201.38607781145402,201.3860778114613,0.0050490733610739635,0.002524536680537093,0.0069260324802717,1.371743285345828,tp,79368.72784437709,79972.88607781146,0.0,0.0,True,False
BTCUSDT,15m,SHORT,79836.3,79488.16445763144,80010.36777118428,2.0,1.0,174.06777118428,174.06777118427271,0.0043606171925372195,0.0021803085962686097,0.0014567308354721,0.33406528735545876,sl,79488.16445763144,80010.36777118428,0.0,0.0,False,False
BTCUSDT,15m,LONG,80906.9,81381.39736745723,80669.65131627138,2.0,1.0,237.24868372861965,237.24868372861238,0.00586473301359014,0.002932366506794959,0.0052158715758482,0.8893621523369681,sl,81381.39736745723,80669.65131627138,0.0,0.0,False,False
BTCUSDT,15m,SHORT,78202.0,77952.81333187278,78326.59333406361,2.0,1.0,124.59333406361111,124.59333406361111,0.0031864487881029246,0.0015932243940515178,0.0029666760440909,0.9310289420521747,sl,77952.81333187278,78326.59333406361,0.0,0.0,False,False
BTCUSDT,15m,SHORT,78336.4,78080.23032066628,78464.48483966685,2.0,1.0,128.0848396668589,128.0848396668589,0.0032701232036922434,0.0016350616018461217,0.0055529740963332,1.6980932369959107,tp,78080.23032066628,78464.48483966685,0.0,0.0,True,False
BTCUSDT,15m,SHORT,77328.5,76947.92672817719,77518.7866359114,2.0,1.0,190.28663591140503,190.28663591139775,0.004921513695762991,0.0024607568478813846,0.0019397764084393,0.3941422351642106,sl,76947.92672817719,77518.7866359114,0.0,0.0,False,False
BTCUSDT,15m,SHORT,77686.5,77259.65375842016,77899.92312078993,2.0,1.0,213.4231207899211,213.42312078992836,0.005494471260512945,0.0027472356302566947,0.0057371615402933,1.0441699061244516,tp,77259.65375842016,77899.92312078993,0.0,0.0,True,False
BTCUSDT,15m,SHORT,77022.0,76490.87289673794,77287.56355163103,2.0,1.0,265.56355163102853,265.56355163102853,0.006895784363714963,0.0034478921818574815,0.0034847186518136,0.5053404323589201,sl,76490.87289673794,77287.56355163103,0.0,0.0,False,False
BTCUSDT,15m,LONG,77591.7,77879.72049851644,77447.68975074177,2.0,1.0,144.01024925822276,144.01024925822276,0.00371200139340222,0.00185600069670111,0.0075819965279791,2.0425629530892637,tp,77879.72049851644,77447.68975074177,0.0,0.0,True,False
BTCUSDT,15m,SHORT,75180.7,74906.60011511025,75317.74994244486,2.0,1.0,137.0499424448717,137.04994244486443,0.0036458809892664368,0.0018229404946330519,0.0015269876444353,0.4188254221492115,sl,74906.60011511025,75317.74994244486,0.0,0.0,False,False
BTCUSDT,15m,SHORT,75438.6,75152.00654260104,75581.89672869949,2.0,1.0,143.29672869948263,143.29672869948263,0.0037990293748686454,0.0018995146874343227,0.0009809301869334,0.2582054756992545,sl,75152.00654260104,75581.89672869949,0.0,0.0,False,False
BTCUSDT,15m,SHORT,75601.9,75289.26788622231,75758.21605688884,2.0,1.0,156.31605688884156,156.31605688884156,0.004135241492312813,0.0020676207461562957,0.003552820762441,0.859156779367178,sl,75289.26788622231,75758.21605688884,0.0,0.0,False,False
BTCUSDT,15m,LONG,76765.0,77068.49413206383,76613.25293396808,2.0,1.0,151.7470660319159,151.74706603192317,0.003953548258501138,0.001976774129250569,0.0005992314205692,0.15156800458441336,sl,77068.49413206383,76613.25293396808,0.0,0.0,False,False
BTCUSDT,15m,LONG,76473.7,76825.82118160657,76297.63940919671,2.0,1.0,176.0605908032885,176.0605908032885,0.004604474238941947,0.0023022371194709734,0.0039660693807152,0.8613511934049946,time,76825.82118160657,76297.63940919671,0.0,0.0,False,False
BTCUSDT,15m,LONG,77238.8,77478.65572562795,77118.87213718603,2.0,1.0,119.92786281397275,119.92786281397275,0.0031053787167583113,0.0015526893583791557,0.0024754398048648,0.7971458654965276,sl,77478.65572562795,77118.87213718603,0.0,0.0,False,False
BTCUSDT,15m,SHORT,73605.9,73096.46302077093,73860.61848961453,2.0,1.0,254.7184896145336,254.7184896145336,0.006921143267442753,0.0034605716337214876,0.0053473974233042,0.772617646633397,sl,73096.46302077093,73860.61848961453,0.0,0.0,False,False
BTCUSDT,15m,SHORT,73793.2,73178.9088394398,74100.34558028009,2.0,1.0,307.14558028009924,307.14558028009196,0.008324495489560046,0.004162247744779801,0.003587051381428,0.4309031563446228,sl,73178.9088394398,74100.34558028009,0.0,0.0,False,False
BTCUSDT,15m,LONG,73863.4,74043.14978885121,73773.52510557439,2.0,1.0,89.87489442560764,89.87489442560764,0.0024335433902475945,0.0012167716951237972,0.0018344674087572,0.7538256421105181,sl,74043.14978885121,73773.52510557439,0.0,0.0,False,False
BTCUSDT,15m,SHORT,64202.7,63170.57242810354,64718.76378594822,2.0,1.0,516.0637859482304,516.0637859482231,0.0160760773596198,0.00803803867980979,0.0178746376710013,1.1118780577592364,tp,63170.57242810354,64718.76378594822,0.0,0.0,True,False
BTCUSDT,15m,SHORT,61586.2,60397.020755246514,62180.78962237674,2.0,1.0,594.5896223767413,594.5896223767413,0.01930918362804468,0.009654591814022284,0.0183190390054914,0.9487215699209991,time,60397.020755246514,62180.78962237674,0.0,0.0,False,False
BTCUSDT,15m,SHORT,61374.8,60596.00680558587,61764.19659720707,2.0,1.0,389.3965972070655,389.3965972070655,0.0126891361668654,0.0063445680834326446,0.0141963802733369,1.1187822470064828,tp,60596.00680558587,61764.19659720707,0.0,0.0,True,False
BTCUSDT,15m,LONG,62683.9,63328.67837486815,62361.51081256592,2.0,1.0,322.3891874340734,322.3891874340843,0.010286187918558731,0.005143093959279588,0.0152527203955082,1.48283509073256,tp,63328.67837486815,62361.51081256592,0.0,0.0,True,False
BTCUSDT,15m,SHORT,62186.8,61626.8104561328,62466.79477193361,2.0,1.0,279.99477193360144,279.9947719336051,0.00900495834915449,0.004502479174577356,0.0092270385355091,1.0246619892889857,tp,61626.8104561328,62466.79477193361,0.0,0.0,True,False
BTCUSDT,15m,SHORT,61723.9,61324.95409471444,61923.37295264279,2.0,1.0,199.47295264278,199.47295264279091,0.006463394330001204,0.003231697165000824,0.0083776300590208,1.2961657035428378,tp,61324.95409471444,61923.37295264279,0.0,0.0,True,False
BTCUSDT,15m,SHORT,61660.0,61095.540884279006,61942.2295578605,2.0,1.0,282.22955786049715,282.22955786049715,0.009154380728527367,0.004577190364263739,0.0041063898799869,0.44857101771945646,sl,61095.540884279006,61942.2295578605,0.0,0.0,False,False
BTCUSDT,15m,LONG,62433.0,62901.45029594812,62198.77485202594,2.0,1.0,234.22514797405893,234.22514797405893,0.0075032482172587844,0.0037516241086293922,0.0095398266942161,1.2714262434065329,tp,62901.45029594812,62198.77485202594,0.0,0.0,True,False
BTCUSDT,15m,LONG,63121.0,63461.65194867944,62950.67402566028,2.0,1.0,170.32597433972114,170.32597433972114,0.005396808489717353,0.0026984042448586765,0.0,0.0,sl,63461.65194867944,62950.67402566028,0.0,0.0,False,False
BTCUSDT,15m,LONG,62955.9,63307.164180238906,62780.26790988055,2.0,1.0,175.6320901194522,175.63209011944855,0.005579527577858512,0.002789763788929256,0.0057722945744561,1.0345489817744702,tp,63307.164180238906,62780.26790988055,0.0,0.0,True,False
BTCUSDT,15m,LONG,63107.8,63490.37742923956,62916.51128538022,2.0,1.0,191.28871461977906,191.2887146197827,0.006062284364841686,0.003031142182420954,0.0067218315327106,1.1087951551223774,tp,63490.37742923956,62916.51128538022,0.0,0.0,True,False
BTCUSDT,15m,LONG,64300.0,64478.11824717165,64210.94087641418,2.0,1.0,89.05912358582646,89.05912358582282,0.002770112708734951,0.0013850563543673644,0.0023343701399688,0.8426986138895609,sl,64478.11824717165,64210.94087641418,0.0,0.0,False,False
BTCUSDT,15m,LONG,64243.3,64453.2349460994,64138.332526950304,2.0,1.0,104.96747304969904,104.96747304969904,0.0032678107460140104,0.0016339053730070052,0.0017854001895917,0.5463597277686549,sl,64453.2349460994,64138.332526950304,0.0,0.0,False,False
BTCUSDT,15m,LONG,66379.4,66753.07183845842,66192.56408077078,2.0,1.0,186.83591922921187,186.83591922921187,0.005629334378714157,0.0028146671893570785,0.0010063363031302,0.1787664820436667,sl,66753.07183845842,66192.56408077078,0.0,0.0,False,False
BTCUSDT,15m,LONG,66263.6,66645.99713868616,66072.40143065693,2.0,1.0,191.1985693430761,191.1985693430761,0.005770847625033326,0.002885423812516663,0.0024643997609545,0.4270429443092891,sl,66645.99713868616,66072.40143065693,0.0,0.0,False,False
BTCUSDT,15m,LONG,66173.9,66582.74309160348,65969.47845419825,2.0,1.0,204.42154580174247,204.42154580174247,0.006178313377381173,0.0030891566886905863,0.001000394415321,0.1619203096727737,sl,66582.74309160348,65969.47845419825,0.0,0.0,False,False
BTCUSDT,15m,SHORT,65466.5,64980.774839618025,65709.36258019098,2.0,1.0,242.8625801909875,242.86258019098022,0.0074194459820209335,0.0037097229910103557,0.000403259682433,0.05435172429453537,sl,64980.774839618025,65709.36258019098,0.0,0.0,False,False
BTCUSDT,15m,SHORT,64470.3,64112.19900171757,64649.35049914122,2.0,1.0,179.05049914121628,179.05049914121628,0.005554511120352101,0.0027772555601759397,0.0078625351518451,1.4155224431968896,tp,64112.19900171757,64649.35049914122,0.0,0.0,True,False
BTCUSDT,15m,SHORT,64368.9,64030.5492926404,64538.07535367981,2.0,1.0,169.17535367980236,169.175353679806,0.005256431403357853,0.0026282157016790375,0.0081436842947448,1.5492800475894244,tp,64030.5492926404,64538.07535367981,0.0,0.0,True,False
BTCUSDT,15m,SHORT,63062.3,62661.67858985056,63262.61070507472,2.0,1.0,200.31070507472032,200.31070507472032,0.0063527878011020444,0.0031763939005511332,0.0002457886883288,0.03868989426754692,sl,62661.67858985056,63262.61070507472,0.0,0.0,False,False
BTCUSDT,15m,SHORT,63060.3,62633.946845330334,63273.47657733484,2.0,1.0,213.1765773348343,213.17657733483793,0.006761039111289779,0.0033805195556448897,0.0013875607949851,0.20522892593064737,sl,62633.946845330334,63273.47657733484,0.0,0.0,False,False
BTCUSDT,15m,LONG,64022.5,64199.60663832977,63933.94668083511,2.0,1.0,88.55331916488649,88.55331916488649,0.002766318689988223,0.0013831593449941115,0.0003483150454918,0.12591284104481934,sl,64199.60663832977,63933.94668083511,0.0,0.0,False,False
BTCUSDT,15m,LONG,63987.9,64176.98174427414,63893.35912786293,2.0,1.0,94.54087213706953,94.54087213706953,0.0029549609265835386,0.0014774804632917693,0.003697574072598,1.2513106482504506,tp,64176.98174427414,63893.35912786293,0.0,0.0,True,False
BTCUSDT,15m,LONG,63985.9,64253.20088766682,63852.24955616659,2.0,1.0,133.65044383340864,133.65044383340864,0.004177496724541152,0.002088748362270576,0.0044963030917748,1.076315168689609,tp,64253.20088766682,63852.24955616659,0.0,0.0,True,False
BTCUSDT,15m,LONG,64312.9,64723.76230009714,64107.46884995143,2.0,1.0,205.431150048571,205.431150048571,0.00638848971352779,0.003194244856763895,0.0050409793369603,0.789072153671297,sl,64723.76230009714,64107.46884995143,0.0,0.0,False,False
BTCUSDT,15m,SHORT,62714.5,62390.81253267799,62876.34373366101,2.0,1.0,161.84373366100408,161.84373366100772,0.005161285943793059,0.0025806429718966406,0.0039990751740028,0.774821472313905,sl,62390.81253267799,62876.34373366101,0.0,0.0,False,False
BTCUSDT,15m,SHORT,62819.3,62513.038171682376,62972.43091415882,2.0,1.0,153.13091415881354,153.13091415881354,0.004875282410304216,0.002437641205152108,0.0008994051191274,0.18448267062979792,sl,62513.038171682376,62972.43091415882,0.0,0.0,False,False
BTCUSDT,15m,SHORT,62887.7,62533.25893230961,63064.92053384519,2.0,1.0,177.22053384519313,177.2205338451895,0.005636095256948304,0.0028180476284740408,0.0148661820992021,2.637674031657776,tp,62533.25893230961,63064.92053384519,0.0,0.0,True,False
BTCUSDT,15m,SHORT,60926.5,60212.96130565953,61283.26934717023,2.0,1.0,356.76934717023323,356.7693471702296,0.011711467002707643,0.005855733501353821,0.0048156385152602,0.4111900340193798,time,60212.96130565953,61283.26934717023,0.0,0.0,False,False
BTCUSDT,15m,SHORT,61323.2,60920.963494184274,61524.318252907855,2.0,1.0,201.11825290786146,201.11825290785782,0.006559287607556752,0.0032796438037783204,0.0013257625172853,0.2021198942028293,sl,60920.963494184274,61524.318252907855,0.0,0.0,False,False
BTCUSDT,15m,SHORT,60015.0,59253.59077587018,60395.70461206491,2.0,1.0,380.7046120649102,380.7046120649102,0.012686981989999513,0.0063434909949997564,0.0058118803632425,0.45809794384698443,sl,59253.59077587018,60395.70461206491,0.0,0.0,False,False
BTCUSDT,15m,SHORT,59111.2,58600.647531657305,59366.47623417134,2.0,1.0,255.276234171346,255.276234171346,0.008637152829627737,0.004318576414813924,0.0048603310370961,0.5627237508665899,sl,58600.647531657305,59366.47623417134,0.0,0.0,False,False
BTCUSDT,15m,SHORT,58989.1,58568.24447838368,59199.52776080815,2.0,1.0,210.42776080815747,210.42776080815383,0.007134462495890226,0.003567231247945113,0.0013985634634195,0.19602926838919346,sl,58568.24447838368,59199.52776080815,0.0,0.0,False,False
BTCUSDT,15m,LONG,59752.6,60204.16942379301,59526.81528810349,2.0,1.0,225.78471189650736,225.78471189650736,0.007557318406111513,0.0037786592030557564,0.0091276362869565,1.207787709404316,tp,60204.16942379301,59526.81528810349,0.0,0.0,True,False
BTCUSDT,15m,LONG,60138.4,60534.09517817453,59940.55241091274,2.0,1.0,197.84758908726508,197.84758908726508,0.006579742363856278,0.003289871181928139,0.0067145118593111,1.0204824882194683,tp,60534.09517817453,59940.55241091274,0.0,0.0,True,False
BTCUSDT,15m,LONG,62836.7,63117.4076221773,62696.34618891135,2.0,1.0,140.35381108865113,140.35381108864385,0.004467255953563898,0.002233627976781838,0.0010487501730676,0.23476384249506133,sl,63117.4076221773,62696.34618891135,0.0,0.0,False,False
BTCUSDT,15m,LONG,62977.4,63356.8206465501,62787.68967672496,2.0,1.0,189.71032327504872,189.71032327504508,0.006024711190841359,0.0030123555954206793,0.0039537992994312,0.6562637069543988,sl,63356.8206465501,62787.68967672496,0.0,0.0,False,False
BTCUSDT,15m,LONG,63544.1,63979.28006065959,63326.50996967021,2.0,1.0,217.59003032979672,217.59003032978944,0.006848473118032938,0.003424236559016358,0.0007475123575595,0.10915022146924995,sl,63979.28006065959,63326.50996967021,0.0,0.0,False,False
BTCUSDT,15m,LONG,63300.0,63742.82390425259,63078.5880478737,2.0,1.0,221.41195212629464,221.41195212629827,0.006995638297829121,0.0034978191489146715,0.0008025276461295,0.11471828759050329,sl,63742.82390425259,63078.5880478737,0.0,0.0,False,False
BTCUSDT,15m,LONG,63376.3,63825.89595166082,63151.5020241696,2.0,1.0,224.79797583041,224.79797583040636,0.0070940706803777065,0.0035470353401887422,0.0057418940518773,0.8093934090281135,sl,63825.89595166082,63151.5020241696,0.0,0.0,False,False
BTCUSDT,15m,SHORT,62278.9,61846.114173056914,62495.292913471545,2.0,1.0,216.39291347154358,216.39291347154358,0.006949156567362058,0.00347457828368114,0.005651994495728,0.8133353221991847,time,61846.114173056914,62495.292913471545,0.0,0.0,False,False
BTCUSDT,15m,SHORT,62374.7,62012.320291731296,62555.88985413435,2.0,1.0,181.18985413435075,181.1898541343544,0.005809722664296579,0.0029048613321482897,0.0092761969195843,1.5966677680831136,tp,62012.320291731296,62555.88985413435,0.0,0.0,True,False
BTCUSDT,15m,SHORT,62420.4,62046.93175832708,62607.13412083646,2.0,1.0,186.73412083645962,186.73412083645962,0.005983111958156595,0.0029915559790782975,0.0034523969727845,0.5770236286616619,sl,62046.93175832708,62607.13412083646,0.0,0.0,False,False
BTCUSDT,15m,LONG,63897.9,64330.21499916055,63681.74250041973,2.0,1.0,216.157499580273,216.157499580273,0.006765715292060381,0.0033828576460301907,0.004854619635387,0.7175323562733912,sl,64330.21499916055,63681.74250041973,0.0,0.0,False,False
BTCUSDT,15m,LONG,64169.1,64345.55446987878,64080.87276506061,2.0,1.0,88.22723493938975,88.22723493938975,0.00274983551084218,0.00137491775542109,0.0008430849115851,0.30659467021243464,sl,64345.55446987878,64080.87276506061,0.0,0.0,False,False
BTCUSDT,15m,SHORT,62520.7,62151.85355478456,62705.12322260771,2.0,1.0,184.42322260771834,184.4232226077147,0.0058995891795107225,0.0029497945897554168,0.0038659196074259,0.6552862393965061,sl,62151.85355478456,62705.12322260771,0.0,0.0,False,False
BTCUSDT,15m,LONG,64781.6,65078.85805117848,64632.97097441076,2.0,1.0,148.6290255892418,148.62902558923815,0.004588618545674716,0.002294309272837358,0.0025948726181508,0.5655019244510433,sl,65078.85805117848,64632.97097441076,0.0,0.0,False,False
BTCUSDT,15m,LONG,64556.0,64701.60110782192,64483.19944608904,2.0,1.0,72.80055391096175,72.80055391095812,0.002255423319628358,0.001127711659814068,0.0003826135448292,0.1696415663966115,sl,64701.60110782192,64483.19944608904,0.0,0.0,False,False
BTCUSDT,15m,LONG,64495.2,64641.9285062342,64421.83574688289,2.0,1.0,73.36425311710263,73.36425311710627,0.0022750298663187785,0.0011375149331595003,0.0025071633237823,1.1020353450740128,tp,64641.9285062342,64421.83574688289,0.0,0.0,True,False
BTCUSDT,15m,LONG,66181.1,66554.88603212468,65994.20698393766,2.0,1.0,186.89301606233494,186.8930160623422,0.005647927159335042,0.002823963579667632,0.0054955266684899,0.973016562263334,time,66554.88603212468,65994.20698393766,0.0,0.0,False,False
BTCUSDT,15m,SHORT,65293.3,65000.71912980121,65439.5904350994,2.0,1.0,146.29043509939584,146.29043509939947,0.004481024396052802,0.0022405121980264564,0.0008101903258068,0.18080471209227783,sl,65000.71912980121,65439.5904350994,0.0,0.0,False,False
BTCUSDT,15m,SHORT,64088.2,63986.80398637361,64138.89800681319,2.0,1.0,50.69800681319248,50.698006813196116,0.0015821323367856133,0.0007910661683929732,0.0002496559429036,0.15779713055534975,sl,63986.80398637361,64138.89800681319,0.0,0.0,False,False
BTCUSDT,15m,SHORT,64136.9,64024.81414136862,64192.94292931569,2.0,1.0,56.04292931569216,56.04292931569216,0.0017476033084135034,0.0008738016542066962,0.0008996381178386,0.5147839406731857,sl,64024.81414136862,64192.94292931569,0.0,0.0,False,False
BTCUSDT,15m,LONG,65061.5,65291.008435281525,64946.745782359234,2.0,1.0,114.75421764076236,114.754217640766,0.003527561388555922,0.001763780694277961,0.0009268153977391,0.26273544118774655,sl,65291.008435281525,64946.745782359234,0.0,0.0,False,False
BTCUSDT,15m,SHORT,63722.3,63258.76021125494,63954.06989437254,2.0,1.0,231.76989437252996,231.7698943725336,0.007274373158926428,0.003637186579463325,0.0008662587508612,0.1190836285045686,sl,63258.76021125494,63954.06989437254,0.0,0.0,False,False
BTCUSDT,15m,SHORT,63791.9,63337.94522016294,64018.87738991853,2.0,1.0,226.97738991853112,226.97738991853112,0.007116182145963101,0.0035580910729815507,0.0007132566987344,0.10023024763904045,sl,63337.94522016294,64018.87738991853,0.0,0.0,False,False
BTCUSDT,15m,LONG,64461.8,64859.33970375019,64263.0301481249,2.0,1.0,198.7698518750949,198.76985187510581,0.006167058688249405,0.0030835293441248135,1.5513063550590396e-06,0.0002515472015881524,sl,64859.33970375019,64263.0301481249,0.0,0.0,False,False
BTCUSDT,15m,SHORT,63073.9,62948.677490895,63136.5112545525,2.0,1.0,62.611254552499304,62.611254552495666,0.0019853300510195293,0.0009926650255096536,0.0018613087188203,0.9375311263054018,time,62948.677490895,63136.5112545525,0.0,0.0,False,False
BTCUSDT,15m,SHORT,62896.0,62730.9452817325,62978.52735913375,2.0,1.0,82.52735913375,82.52735913375363,0.0026242482553342494,0.0013121241276672357,0.0018077461205799,0.6888624644811465,sl,62730.9452817325,62978.52735913375,0.0,0.0,False,False
BTCUSDT,15m,SHORT,62957.9,62780.34984472673,63046.67507763664,2.0,1.0,88.77507763663743,88.77507763663743,0.002820141003325616,0.0014100705016628634,0.0005130412545526,0.18192042665512206,sl,62780.34984472673,63046.67507763664,0.0,0.0,False,False
BTCUSDT,15m,SHORT,62901.5,62584.02622901537,63060.23688549231,2.0,1.0,158.7368854923152,158.73688549231156,0.00504715739663808,0.0025235786983188735,0.0019554382645882,0.3874335811066088,sl,62584.02622901537,63060.23688549231,0.0,0.0,False,False
BTCUSDT,15m,LONG,63440.3,63698.2868451779,63311.30657741106,2.0,1.0,128.9934225889483,128.99342258894467,0.004066608215564926,0.002033304107782352,0.0005390895061971,0.1325648987118398,sl,63698.2868451779,63311.30657741106,0.0,0.0,False,False
BTCUSDT,15m,LONG,63535.8,63746.16721001833,63430.61639499084,2.0,1.0,105.18360500916242,105.18360500916606,0.0033110027735281378,0.0016555013867640689,0.0008530623679877,0.2576447156154732,sl,63746.16721001833,63430.61639499084,0.0,0.0,False,False
BTCUSDT,15m,LONG,64488.9,64702.11446855054,64382.29276572473,2.0,1.0,106.60723427527046,106.6072342752741,0.003306219652537745,0.0016531098262688726,0.0074865597025223,2.2643866679504683,tp,64702.11446855054,64382.29276572473,0.0,0.0,True,False
BTCUSDT,15m,LONG,64565.2,64771.72147224988,64461.93926387506,2.0,1.0,103.26073612494292,103.26073612493929,0.0031986499267389057,0.0015993249633694528,0.0014063303451395,0.4396637260562255,sl,64771.72147224988,64461.93926387506,0.0,0.0,False,False
ETHUSDT,15m,SHORT,1893.74,1878.2435516697944,1909.2364483302056,2.0,2.0,7.7482241651027834,7.7482241651027834,0.008182986223138067,0.008182986223138178,0.0096317340289585,1.177043901372335,tp,1878.2435516697944,1909.2364483302056,0.0,0.0,True,False
ETHUSDT,15m,LONG,1933.11,1963.232533803133,1902.9874661968668,2.0,2.0,15.061266901566569,15.061266901566569,0.015582420970939648,0.015582420970939648,0.0128601062536535,0.8252957789830532,sl,1963.232533803133,1902.9874661968668,0.0,0.0,False,False
ETHUSDT,15m,SHORT,1870.06,1827.096488710564,1913.023511289436,2.0,2.0,21.481755644717964,21.481755644718078,0.022974402580364206,0.022974402580364428,0.0289081633744371,1.2582770443460571,tp,1827.096488710564,1913.023511289436,0.0,0.0,True,False
ETHUSDT,15m,LONG,1841.47,1865.991803815995,1816.9481961840052,2.0,2.0,12.260901907997436,12.260901907997436,0.013316428622782261,0.013316428622782261,0.0019006554546096,0.14273011994806814,sl,1865.991803815995,1816.9481961840052,0.0,0.0,False,False
ETHUSDT,15m,SHORT,1812.34,1791.919836677253,1832.7601633227468,2.0,2.0,10.210081661373465,10.210081661373465,0.011267291635535748,0.011267291635535859,0.0128287186730966,1.1385805114546153,tp,1791.919836677253,1832.7601633227468,0.0,0.0,True,False
ETHUSDT,15m,LONG,1811.5,1833.3695949207272,1789.6304050792728,2.0,2.0,10.934797460363598,10.934797460363598,0.012072644173738434,0.012072644173738434,0.0061772012144631,0.5116692851678953,sl,1833.3695949207272,1789.6304050792728,0.0,0.0,False,False
ETHUSDT,15m,LONG,1814.78,1832.188717475988,1797.3712825240118,2.0,2.0,8.70435873799397,8.704358737994085,0.009592742633260265,0.009592742633260376,0.0109765371009158,1.1442543098005775,tp,1832.188717475988,1797.3712825240118,0.0,0.0,True,False
ETHUSDT,15m,SHORT,1788.0,1767.6030123598862,1808.3969876401136,2.0,2.0,10.19849382005691,10.198493820056797,0.011407711208117344,0.011407711208117233,0.013831096196868,1.2124339356545297,tp,1767.6030123598862,1808.3969876401136,0.0,0.0,True,False
ETHUSDT,15m,LONG,1820.36,1852.9267270208768,1787.793272979123,2.0,2.0,16.28336351043845,16.28336351043845,0.017890267321231557,0.017890267321231446,0.0041914786086269,0.23428820449499918,time,1852.9267270208768,1787.793272979123,0.0,0.0,False,False
ETHUSDT,15m,LONG,1805.15,1817.9649652096325,1792.3350347903677,2.0,2.0,6.4074826048162095,6.4074826048162095,0.007099113763195497,0.007099113763195497,0.006221089660139,0.8763191952763868,time,1817.9649652096325,1792.3350347903677,0.0,0.0,False,False
ETHUSDT,15m,SHORT,1777.19,1766.452642731171,1787.9273572688292,2.0,2.0,5.36867863441455,5.36867863441455,0.006041761020953884,0.006041761020953995,0.0127842267849808,2.115976904853215,tp,1766.452642731171,1787.9273572688292,0.0,0.0,True,False
ETHUSDT,15m,SHORT,1747.57,1731.0824692587714,1764.0575307412284,2.0,2.0,8.243765370614256,8.243765370614256,0.009434546679805922,0.009434546679806033,0.0021515590219561,0.2280511290024546,sl,1731.0824692587714,1764.0575307412284,0.0,0.0,False,False
ETHUSDT,15m,SHORT,1730.25,1707.8853293740892,1752.6146706259108,2.0,2.0,11.182335312955388,11.182335312955388,0.012925687401191044,0.012925687401190933,0.0298685161103887,2.310787440800746,tp,1707.8853293740892,1752.6146706259108,0.0,0.0,True,False
ETHUSDT,15m,LONG,1665.32,1722.4516100456767,1608.1883899543232,2.0,2.0,28.56580502283839,28.56580502283839,0.03430668582955643,0.034306685829556316,0.0136190041553575,0.3969781349040788,time,1722.4516100456767,1608.1883899543232,0.0,0.0,False,False
ETHUSDT,15m,LONG,1656.36,1681.1862409479236,1631.5337590520762,2.0,2.0,12.41312047396184,12.41312047396184,0.014988433038665372,0.014988433038665261,0.0064056123065034,0.42737037887676216,sl,1681.1862409479236,1631.5337590520762,0.0,0.0,False,False
ETHUSDT,15m,SHORT,1616.24,1596.4214288224714,1636.0585711775286,2.0,2.0,9.909285588764305,9.909285588764305,0.012262146202005053,0.012262146202004942,0.01239296144137,1.0106682172280377,tp,1596.4214288224714,1636.0585711775286,0.0,0.0,True,False
ETHUSDT,15m,LONG,1642.69,1661.4701542473656,1623.9098457526345,2.0,2.0,9.390077123682772,9.390077123682772,0.011432561376379935,0.011432561376379935,0.0160590251356006,1.4046742988652656,tp,1661.4701542473656,1623.9098457526345,0.0,0.0,True,False
ETHUSDT,15m,LONG,1678.4,1700.9316286584688,1655.8683713415314,2.0,2.0,11.265814329234331,11.265814329234331,0.013424468933787237,0.013424468933787348,0.0078467588179217,0.5845116746609369,sl,1700.9316286584688,1655.8683713415314,0.0,0.0,False,False
ETHUSDT,15m,SHORT,1636.14,1607.841671058644,1664.4383289413563,2.0,2.0,14.149164470678102,14.149164470678102,0.01729578699949652,0.01729578699949652,0.0202549904042441,1.1710938857441828,tp,1607.841671058644,1664.4383289413563,0.0,0.0,True,False
ETHUSDT,15m,LONG,1638.69,1657.4182956260574,1619.961704373943,2.0,2.0,9.364147813028694,9.36414781302858,0.011428821574585468,0.011428821574585246,0.007994190481421,0.6994763571423552,time,1657.4182956260574,1619.961704373943,0.0,0.0,False,False
ETHUSDT,15m,SHORT,1628.63,1613.0641856448472,1644.195814355153,2.0,2.0,7.782907177576476,7.782907177576476,0.009557612444295427,0.009557612444295538,0.0044884350650547,0.469618860485777,sl,1613.0641856448472,1644.195814355153,0.0,0.0,False,False
ETHUSDT,15m,SHORT,1611.67,1586.9862694953908,1636.3537305046093,2.0,2.0,12.341865252304615,12.341865252304615,0.015315623238385756,0.015315623238385756,0.0108334832813169,0.7073485102561672,time,1586.9862694953908,1636.3537305046093,0.0,0.0,False,False
ETHUSDT,15m,SHORT,1565.67,1545.0540451604058,1586.2859548395943,2.0,2.0,10.307977419797112,10.307977419797112,0.013167496879670781,0.013167496879670892,0.0063551067594065,0.4826359039597048,time,1545.0540451604058,1586.2859548395943,0.0,0.0,False,False
ETHUSDT,15m,LONG,1594.22,1612.3130107211473,1576.1269892788528,2.0,2.0,9.046505360573633,9.046505360573633,0.011349130434411325,0.011349130434411325,0.0130032241472318,1.145746295046989,tp,1612.3130107211473,1576.1269892788528,0.0,0.0,True,False
ETHUSDT,15m,SHORT,1545.02,1514.7497928234209,1575.290207176579,2.0,2.0,15.135103588289553,15.135103588289553,0.019592113484989904,0.019592113484989904,0.0016763537041591,0.08556267834215048,sl,1514.7497928234209,1575.290207176579,0.0,0.0,False,False
ETHUSDT,15m,LONG,1599.91,1614.4830575302572,1585.336942469743,2.0,2.0,7.286528765128537,7.286528765128537,0.009108673319284888,0.009108673319284888,0.0062441012306942,0.6855116010664457,time,1614.4830575302572,1585.336942469743,0.0,0.0,False,False
ETHUSDT,15m,LONG,1604.36,1623.754862369528,1584.965137630472,2.0,2.0,9.697431184764014,9.6974311847639,0.012088846873225423,0.012088846873225312,0.0077601037173701,0.6419225753084279,sl,1623.754862369528,1584.965137630472,0.0,0.0,False,False
ETHUSDT,15m,SHORT,1573.99,1563.6380872529471,1584.341912747053,2.0,2.0,5.175956373526446,5.175956373526446,0.006576860556326891,0.00657686055632678,0.000724273978869,0.11012457580117824,sl,1563.6380872529471,1584.341912747053,0.0,0.0,False,False
ETHUSDT,15m,LONG,1586.4,1595.579472301137,1577.2205276988632,2.0,2.0,4.589736150568456,4.589736150568456,0.005786354198901167,0.005786354198901278,0.0064485627836611,1.1144431471004121,tp,1595.579472301137,1577.2205276988632,0.0,0.0,True,False
ETHUSDT,15m,SHORT,1607.46,1600.1373502810416,1614.7826497189585,2.0,2.0,3.6613248594792367,3.6613248594792367,0.0045554164451734325,0.0045554164451733214,0.004796386846329,1.0528975570193766,tp,1600.1373502810416,1614.7826497189585,0.0,0.0,True,False
ETHUSDT,15m,LONG,1585.34,1592.7983485838804,1577.8816514161194,2.0,2.0,3.7291742919402395,3.7291742919402395,0.004704573519800581,0.00470457351980047,0.0048759256689416,1.036422461764033,tp,1592.7983485838804,1577.8816514161194,0.0,0.0,True,False
ETHUSDT,15m,LONG,1608.96,1621.1994307862108,1596.7205692137893,2.0,2.0,6.119715393105366,6.119715393105366,0.007607044790554518,0.007607044790554629,0.0127784407319013,1.679816680949214,tp,1621.1994307862108,1596.7205692137893,0.0,0.0,True,False
ETHUSDT,15m,LONG,1647.53,1663.5531618057692,1631.5068381942308,2.0,2.0,8.011580902884589,8.011580902884589,0.009725566032648292,0.009725566032648403,0.0063549677395859,0.653429087649249,sl,1663.5531618057692,1631.5068381942308,0.0,0.0,False,False
ETHUSDT,15m,SHORT,1623.83,1610.478027605318,1637.181972394682,2.0,2.0,6.67598619734099,6.67598619734099,0.008222518610126683,0.008222518610126572,0.0099764137871574,1.213303886581741,tp,1610.478027605318,1637.181972394682,0.0,0.0,True,False
ETHUSDT,15m,SHORT,1588.88,1568.454375098798,1609.3056249012022,2.0,2.0,10.212812450601064,10.212812450601064,0.012855360317457709,0.012855360317457709,0.0133616132118221,1.0393806849331866,tp,1568.454375098798,1609.3056249012022,0.0,0.0,True,False
ETHUSDT,15m,SHORT,1560.33,1543.535118702286,1577.124881297714,2.0,2.0,8.397440648857014,8.397440648857014,0.010763672619070297,0.010763672619070297,0.004479821576205,0.4161982377899506,sl,1543.535118702286,1577.124881297714,0.0,0.0,False,False
ETHUSDT,15m,LONG,1590.0,1603.3022707639884,1576.6977292360116,2.0,2.0,6.651135381994209,6.651135381994209,0.008366208027665634,0.008366208027665634,0.0210691823899371,2.518367021267566,tp,1603.3022707639884,1576.6977292360116,0.0,0.0,True,False
ETHUSDT,15m,LONG,1669.02,1693.5353364097853,1644.5046635902147,2.0,2.0,12.257668204892639,12.257668204892639,0.014688461737897285,0.014688461737897285,0.0340978538303915,2.32140399987676,tp,1693.5353364097853,1644.5046635902147,0.0,0.0,True,False
ETHUSDT,15m,SHORT,1793.1,1774.3171926064758,1811.882807393524,2.0,2.0,9.39140369676204,9.39140369676204,0.010475047344556399,0.01047504734455651,0.0015057721264847,0.14374847931042617,sl,1774.3171926064758,1811.882807393524,0.0,0.0,False,False
ETHUSDT,15m,SHORT,1795.23,1782.774326373709,1807.685673626291,2.0,2.0,6.227836813145473,6.227836813145473,0.006938204924322178,0.006938204924322289,0.0083443347092016,1.2026647814840656,tp,1782.774326373709,1807.685673626291,0.0,0.0,True,False
ETHUSDT,15m,SHORT,1812.82,1795.1042739285288,1830.5357260714711,2.0,2.0,8.85786303573559,8.85786303573559,0.009772468348468788,0.009772468348468788,0.0031277236570645,0.32005462136437324,sl,1795.1042739285288,1830.5357260714711,0.0,0.0,False,False
ETHUSDT,15m,SHORT,1795.25,1778.5993222235652,1811.9006777764348,2.0,2.0,8.325338888217402,8.325338888217402,0.00927485184594612,0.00927485184594623,0.0088511349394235,0.9543155067530464,sl,1778.5993222235652,1811.9006777764348,0.0,0.0,False,False
ETHUSDT,15m,LONG,1869.91,1892.4135289653848,1847.406471034616,2.0,2.0,11.251764482692352,11.25176448269201,0.012034551911795033,0.0120345519117947,0.0013583541453866,0.11287118584409285,sl,1892.4135289653848,1847.406471034616,0.0,0.0,False,False
ETHUSDT,15m,SHORT,1835.21,1821.0325098886933,1849.3874901113068,2.0,2.0,7.088745055653362,7.088745055653362,0.007725268558533727,0.007725268558533838,0.0010952425063071,0.14177403646339765,sl,1821.0325098886933,1849.3874901113068,0.0,0.0,False,False
ETHUSDT,15m,SHORT,1831.06,1819.0342892980705,1843.0857107019292,2.0,2.0,6.012855350964742,6.012855350964628,0.00656762241648523,0.00656762241648523,0.0070505608773059,1.0735332256020775,tp,1819.0342892980705,1843.0857107019292,0.0,0.0,True,False
ETHUSDT,15m,LONG,1860.91,1880.511634780388,1841.3083652196128,2.0,2.0,9.80081739019397,9.800817390193629,0.010533359904771222,0.01053335990477089,0.003482167326738,0.33058467176847406,sl,1880.511634780388,1841.3083652196128,0.0,0.0,False,False
ETHUSDT,15m,SHORT,1827.78,1817.1224151841425,1838.4375848158577,2.0,2.0,5.328792407928745,5.328792407928859,0.005830890378414,0.005830890378414111,0.0009738589983477,0.1670172023732316,sl,1817.1224151841425,1838.4375848158577,0.0,0.0,False,False
ETHUSDT,15m,SHORT,1824.9,1816.918136952106,1832.8818630478945,2.0,2.0,3.990931523947097,3.9909315239472107,0.00437386325162703,0.004373863251627252,0.0047509452572744,1.0862125731770647,tp,1816.918136952106,1832.8818630478945,0.0,0.0,True,False
ETHUSDT,15m,SHORT,1795.59,1782.099231409061,1809.0807685909388,2.0,2.0,6.745384295469421,6.745384295469421,0.007513278972894111,0.007513278972894,0.0047616660819006,0.63376670812829,time,1782.099231409061,1809.0807685909388,0.0,0.0,False,False
ETHUSDT,15m,SHORT,1784.22,1772.933822196672,1795.506177803328,2.0,2.0,5.643088901663987,5.643088901663987,0.006325552792440403,0.006325552792440403,0.0090908071874544,1.4371561641725166,tp,1772.933822196672,1795.506177803328,0.0,0.0,True,False
ETHUSDT,15m,LONG,1789.04,1805.416904672773,1772.663095327227,2.0,2.0,8.18845233638649,8.18845233638649,0.009154018173306966,0.009154018173306855,0.0052374457809775,0.5721471906457258,sl,1805.416904672773,1772.663095327227,0.0,0.0,False,False
ETHUSDT,15m,LONG,1799.91,1819.32369853216,1780.49630146784,2.0,2.0,9.706849266079985,9.706849266079985,0.010785927369790782,0.010785927369790671,0.0112561183614736,1.0435930055490388,tp,1819.32369853216,1780.49630146784,0.0,0.0,True,False
ETHUSDT,15m,SHORT,1828.75,1817.668202312604,1839.8317976873964,2.0,2.0,5.54089884369796,5.540898843698187,0.0060597663362383924,0.0060597663362387255,0.0071907040328093,1.1866305784445375,tp,1817.668202312604,1839.8317976873964,0.0,0.0,True,False
ETHUSDT,15m,SHORT,1803.44,1789.507113227965,1817.3728867720351,2.0,2.0,6.966443386017545,6.966443386017545,0.007725727926648607,0.007725727926648496,0.0088386638867941,1.1440558055774404,tp,1789.507113227965,1817.3728867720351,0.0,0.0,True,False
ETHUSDT,15m,SHORT,2377.4733255,2322.0262353383296,2432.92041566167,2.0,2.0,27.723545080835265,27.723545080835038,0.023321855840384487,0.023321855840384265,0.0055745422494753,0.23902652891895232,sl,2322.0262353383296,2432.92041566167,0.0,0.0,False,False
ETHUSDT,15m,LONG,2480.111961,2534.640902676602,2425.5830193233983,2.0,2.0,27.264470838300895,27.264470838300895,0.02198648389027369,0.0219864838902738,0.0134139262755646,0.6100987471443131,sl,2534.640902676602,2425.5830193233983,0.0,0.0,False,False
ETHUSDT,15m,SHORT,2465.2801525,2431.450344114128,2499.109960885872,2.0,2.0,16.914904192936092,16.914904192936092,0.013722500605688137,0.013722500605688026,0.0077436036957669,0.5642997525215693,sl,2431.450344114128,2499.109960885872,0.0,0.0,False,False
ETHUSDT,15m,SHORT,2525.9010580000004,2491.2167294928804,2560.5853865071203,2.0,2.0,17.342164253559986,17.342164253559986,0.013731467587484558,0.01373146758748467,0.0050243686148376,0.36590179329535194,sl,2491.2167294928804,2560.5853865071203,0.0,0.0,False,False
ETHUSDT,15m,LONG,2564.3946015000006,2597.935647036841,2530.85355596316,2.0,2.0,16.77052276842028,16.77052276842028,0.01307951807308494,0.013079518073084828,0.0197299582795893,1.508462174932091,tp,2597.935647036841,2530.85355596316,0.0,0.0,True,False
ETHUSDT,15m,SHORT,2474.82872,2420.846760371581,2528.8106796284187,2.0,2.0,26.990979814209595,26.990979814209368,0.021812402285528387,0.021812402285528165,0.0097415711257788,0.44660698066447835,sl,2420.846760371581,2528.8106796284187,0.0,0.0,False,False
ETHUSDT,15m,LONG,2560.0339475000005,2607.5947582042404,2512.4731367957606,2.0,2.0,23.780405352119942,23.780405352119942,0.018578195320685165,0.018578195320685276,0.0190021122757003,1.0228179835391837,tp,2607.5947582042404,2512.4731367957606,0.0,0.0,True,False
ETHUSDT,15m,SHORT,2544.1883145,2499.745048973577,2588.631580026423,2.0,2.0,22.221632763211574,22.221632763211346,0.01746854400404607,0.01746854400404585,0.018547492821605,1.061765240268967,tp,2499.745048973577,2588.631580026423,0.0,0.0,True,False
ETHUSDT,15m,SHORT,2485.207163,2457.9997562000567,2512.414569799944,2.0,2.0,13.603703399971664,13.603703399971891,0.010947741985058546,0.010947741985058768,0.004767072611242,0.4354388893845042,sl,2457.9997562000567,2512.414569799944,0.0,0.0,False,False
ETHUSDT,15m,LONG,2543.7014980000004,2566.683291978652,2520.7197040213487,2.0,2.0,11.490896989325847,11.490896989325847,0.009034784150860897,0.009034784150861008,0.0117578662525911,1.3013997961944368,tp,2566.683291978652,2520.7197040213487,0.0,0.0,True,False
ETHUSDT,15m,SHORT,2554.7467305,2535.0615553775438,2574.4319056224567,2.0,2.0,9.842587561228129,9.842587561228356,0.00770533332617418,0.007705333326174291,0.0085670842587657,1.1118382419180033,tp,2535.0615553775438,2574.4319056224567,0.0,0.0,True,False
ETHUSDT,15m,LONG,2637.7055965000004,2669.413279695994,2605.997913304007,2.0,2.0,15.853841597996734,15.853841597996734,0.012020933358926289,0.012020933358926289,0.0147076320994565,1.2235016749789376,tp,2669.413279695994,2605.997913304007,0.0,0.0,True,False
ETHUSDT,15m,LONG,2673.4109515000005,2696.185350942852,2650.636552057149,2.0,2.0,11.387199721425759,11.387199721425759,0.008518854697618927,0.008518854697618927,0.0058797726145245,0.6902069378138276,sl,2696.185350942852,2650.636552057149,0.0,0.0,False,False
ETHUSDT,15m,LONG,2702.1152565,2731.235673347437,2672.9948396525638,2.0,2.0,14.56020842371845,14.560208423718223,0.010776896646946144,0.010776896646946033,0.0180505784802002,1.6749328746059011,tp,2731.235673347437,2672.9948396525638,0.0,0.0,True,False
ETHUSDT,15m,SHORT,2658.8511125,2628.298235698813,2689.403989301187,2.0,2.0,15.276438400593406,15.276438400593406,0.01149100702087047,0.01149100702087047,0.0145142058983943,1.2630925968483846,tp,2628.298235698813,2689.403989301187,0.0,0.0,True,False
ETHUSDT,15m,SHORT,2538.9091065,2502.6611699913283,2575.1570430086717,2.0,2.0,18.12396825433575,18.123968254335978,0.01427697289984553,0.014276972899845752,0.0007637557780369,0.05349563828374034,sl,2502.6611699913283,2575.1570430086717,0.0,0.0,False,False
ETHUSDT,15m,SHORT,2525.141172,2495.5594811070664,2554.722862892934,2.0,2.0,14.790845446466847,14.790845446466847,0.011714866171028349,0.01171486617102846,0.020252797177076,1.7288116553275297,tp,2495.5594811070664,2554.722862892934,0.0,0.0,True,False
ETHUSDT,15m,SHORT,2495.7155865,2475.6173209338267,2515.813852066173,2.0,2.0,10.049132783086634,10.049132783086407,0.008053107363230949,0.008053107363230616,0.0018774521124704,0.2331338733968097,sl,2475.6173209338267,2515.813852066173,0.0,0.0,False,False
ETHUSDT,15m,SHORT,2490.82632,2474.2946327556087,2507.3580072443906,2.0,2.0,8.265843622195689,8.265843622195234,0.006637029290902707,0.006637029290902374,0.0103685751963628,1.5622313450650092,tp,2474.2946327556087,2507.3580072443906,0.0,0.0,True,False
ETHUSDT,15m,LONG,2512.6568420000003,2532.105576374044,2493.208107625957,2.0,2.0,9.724367187021926,9.724367187021699,0.0077403066144772215,0.007740306614476999,0.0112323965327215,1.4511565358034764,tp,2532.105576374044,2493.208107625957,0.0,0.0,True,False
ETHUSDT,15m,LONG,2538.0306475,2560.046962268561,2516.0143327314395,2.0,2.0,11.008157384280366,11.008157384280366,0.008674566160281394,0.008674566160281505,0.0032975773985408,0.3801432068890728,sl,2560.046962268561,2516.0143327314395,0.0,0.0,False,False
ETHUSDT,15m,SHORT,2482.187616,2459.8658301855653,2504.509401814435,2.0,2.0,11.16089290721743,11.16089290721743,0.008992787519585654,0.008992787519585654,0.0038061651500884,0.4232464229582698,sl,2459.8658301855653,2504.509401814435,0.0,0.0,False,False
ETHUSDT,15m,LONG,2524.3786000000005,2551.547093007576,2497.2101069924247,2.0,2.0,13.584246503787881,13.584246503787881,0.010762447838678302,0.010762447838678302,0.0126610960812295,1.1764141644178565,tp,2551.547093007576,2497.2101069924247,0.0,0.0,True,False
ETHUSDT,15m,LONG,2614.492115,2640.089815257165,2588.894414742835,2.0,2.0,12.798850128582444,12.798850128582444,0.009790697057491471,0.00979069705749136,0.0105136614649916,1.073841975015144,tp,2640.089815257165,2588.894414742835,0.0,0.0,True,False
ETHUSDT,15m,LONG,2636.7854585,2661.6803850578603,2611.89053194214,2.0,2.0,12.447463278930172,12.447463278929945,0.009441392540150861,0.00944139254015075,0.0051746877835718,0.5480852280599188,sl,2661.6803850578603,2611.89053194214,0.0,0.0,False,False
ETHUSDT,15m,SHORT,2594.6607425,2566.187029419076,2623.1344555809246,2.0,2.0,14.236856540461986,14.236856540462213,0.01097396380749538,0.01097396380749549,0.0047215199657264,0.4302474519281294,sl,2566.187029419076,2623.1344555809246,0.0,0.0,False,False
ETHUSDT,15m,SHORT,2612.7180335000003,2592.625890439693,2632.810176560308,2.0,2.0,10.04607153015354,10.046071530153768,0.007690130661896055,0.007690130661896166,0.0074703941450023,0.9714261660100874,sl,2592.625890439693,2632.810176560308,0.0,0.0,False,False
ETHUSDT,15m,LONG,2667.3100365,2695.7068343940987,2638.9132386059014,2.0,2.0,14.198398947049327,14.198398947049327,0.010646230661419676,0.010646230661419676,0.0046226210419014,0.4342026007996499,sl,2695.7068343940987,2638.9132386059014,0.0,0.0,False,False
ETHUSDT,15m,SHORT,2611.6981865,2590.251329574828,2633.145043425173,2.0,2.0,10.723428462585844,10.723428462586526,0.008211843556821252,0.008211843556821696,0.0056469719878945,0.6876619054930467,time,2590.251329574828,2633.145043425173,0.0,0.0,False,False
ETHUSDT,15m,SHORT,2472.02914,2433.036001083283,2511.0222789167174,2.0,2.0,19.496569458358636,19.496569458358636,0.015773737568772095,0.015773737568772095,0.0281061169044309,1.7818298790562936,tp,2433.036001083283,2511.0222789167174,0.0,0.0,True,False
ETHUSDT,15m,SHORT,2409.478524,2353.092574218649,2465.864473781351,2.0,2.0,28.192974890675487,28.192974890675487,0.023401723327147184,0.023401723327147295,0.0123921104515311,0.5295383710974664,time,2353.092574218649,2465.864473781351,0.0,0.0,False,False
ETHUSDT,15m,LONG,2507.7461055000003,2534.2251505282848,2481.267060471716,2.0,2.0,13.239522514142209,13.239522514142209,0.01055890186419206,0.01055890186419206,0.0087424697627547,0.8279714950664191,sl,2534.2251505282848,2481.267060471716,0.0,0.0,False,False
ETHUSDT,15m,LONG,2515.077205,2530.230913580977,2499.923496419023,2.0,2.0,7.576854290488427,7.576854290488427,0.006025146484907484,0.006025146484907595,0.0039055640043463,0.6482106309165145,time,2530.230913580977,2499.923496419023,0.0,0.0,False,False
ETHUSDT,15m,LONG,2639.055799,2663.836241214165,2614.275356785835,2.0,2.0,12.390221107082425,12.390221107082652,0.009389889453476075,0.009389889453476186,0.010425774631376,1.1103192090846659,tp,2663.836241214165,2614.275356785835,0.0,0.0,True,False
ETHUSDT,15m,SHORT,2549.297548,2501.7250649232374,2596.870031076762,2.0,2.0,23.78624153838132,23.78624153838109,0.01866101629214867,0.018661016292148558,0.0224405142682857,1.2025344127547435,tp,2501.7250649232374,2596.870031076762,0.0,0.0,True,False
ETHUSDT,15m,SHORT,2491.6262,2428.539101677545,2554.713298322455,2.0,2.0,31.543549161227475,31.543549161227475,0.02531964799633868,0.02531964799633868,0.0232082163849456,0.9166089666136591,time,2428.539101677545,2554.713298322455,0.0,0.0,False,False
ETHUSDT,15m,SHORT,2517.842267,2501.4530979045617,2534.2314360954383,2.0,2.0,8.19458454771916,8.19458454771916,0.006509211998798503,0.006509211998798392,0.0106608215104683,1.6378052385505524,tp,2501.4530979045617,2534.2314360954383,0.0,0.0,True,False
ETHUSDT,15m,LONG,2530.7495555,2553.5114492682483,2507.987661731752,2.0,2.0,11.380946884124114,11.380946884124114,0.008994131291569563,0.008994131291569563,0.003615705268075,0.40200717010481,time,2553.5114492682483,2507.987661731752,0.0,0.0,False,False
ETHUSDT,15m,LONG,2532.439809,2547.7646204712223,2517.1149975287776,2.0,2.0,7.662405735611173,7.662405735611173,0.0060514020577151495,0.0060514020577151495,0.0064207610945827,1.0610369354646731,tp,2547.7646204712223,2517.1149975287776,0.0,0.0,True,False
ETHUSDT,15m,SHORT,2535.559609,2517.858395471975,2553.2608225280246,2.0,2.0,8.850606764012355,8.850606764012355,0.006981186111812976,0.006981186111812976,0.0098122753303411,1.405531262622779,tp,2517.858395471975,2553.2608225280246,0.0,0.0,True,False
ETHUSDT,15m,SHORT,2501.704688,2480.1802971322904,2523.229078867709,2.0,2.0,10.762195433854686,10.762195433854686,0.008603889568163714,0.008603889568163714,0.0042229956440006,0.49082401750327126,sl,2480.1802971322904,2523.229078867709,0.0,0.0,False,False
ETHUSDT,15m,LONG,2572.945884,2599.35186754847,2546.5399004515302,2.0,2.0,13.202991774234988,13.202991774234988,0.010262937791531979,0.010262937791531868,0.0185756398131844,1.809972952239006,tp,2599.35186754847,2546.5399004515302,0.0,0.0,True,False
ETHUSDT,15m,LONG,2632.334791,2655.822752022135,2608.8468299778656,2.0,2.0,11.74398051106732,11.74398051106732,0.008922862358709205,0.008922862358709205,0.0091839416029661,1.0292595843980568,tp,2655.822752022135,2608.8468299778656,0.0,0.0,True,False
ETHUSDT,15m,LONG,2652.2877835,2676.3964974791884,2628.1790695208115,2.0,2.0,12.054356989594226,12.054356989594226,0.009089780577043571,0.009089780577043682,0.010448419915968,1.149468881829304,tp,2676.3964974791884,2628.1790695208115,0.0,0.0,True,False
ETHUSDT,15m,SHORT,2568.2647025,2531.6038863116687,2604.9255186883315,2.0,2.0,18.330408094165705,18.330408094165705,0.014274547383159142,0.014274547383159142,0.0172352571200748,1.207411811908562,tp,2531.6038863116687,2604.9255186883315,0.0,0.0,True,False
ETHUSDT,15m,SHORT,2460.63085,2426.115083678054,2495.146616321946,2.0,2.0,17.25788316097305,17.25788316097305,0.0140272021388117,0.0140272021388117,0.0035197681114988,0.250924459251927,sl,2426.115083678054,2495.146616321946,0.0,0.0,False,False
ETHUSDT,15m,SHORT,2469.3395435,2447.053765097828,2491.6253219021723,2.0,2.0,11.142889201086064,11.142889201086064,0.009024995554311133,0.009024995554311133,0.0017573701078991,0.19472254554847127,sl,2447.053765097828,2491.6253219021723,0.0,0.0,False,False
ETHUSDT,15m,LONG,2528.0491505000005,2566.1979356891966,2489.9003653108043,2.0,2.0,19.074392594598066,19.074392594598066,0.015090207079894391,0.015090207079894391,0.0072153856250745,0.47815020608219494,time,2566.1979356891966,2489.9003653108043,0.0,0.0,False,False
ETHUSDT,15m,SHORT,2498.265204,2480.36672183497,2516.163686165029,2.0,2.0,8.949241082514845,8.949241082514618,0.007164364350258801,0.0071643643502585785,0.0058781605637733,0.82047203023126,sl,2480.36672183497,2516.163686165029,0.0,0.0,False,False
ETHUSDT,15m,LONG,2523.078405,2541.717875311881,2504.4389346881194,2.0,2.0,9.319735155940407,9.319735155940407,0.007387590601601213,0.007387590601601102,0.0034765447568402,0.4705925036082375,time,2541.717875311881,2504.4389346881194,0.0,0.0,False,False
ETHUSDT,15m,SHORT,2397.7102895000003,2379.0811285597574,2416.339450440243,2.0,2.0,9.314580470121427,9.314580470121427,0.007769562912509964,0.007769562912510075,0.0082204633254964,1.058034205793022,tp,2379.0811285597574,2416.339450440243,0.0,0.0,True,False
ETHUSDT,15m,LONG,2360.55403,2406.4304592945614,2314.677600705439,2.0,2.0,22.9382146472808,22.938214647280347,0.0194346025176817,0.019434602517681254,0.0207434226786157,1.06734483814337,tp,2406.4304592945614,2314.677600705439,0.0,0.0,True,False
ETHUSDT,15m,LONG,2394.5691315000004,2447.642976682471,2341.49528631753,2.0,2.0,26.536922591235225,26.536922591235225,0.022164256811088245,0.022164256811088245,0.0151471377555422,0.6834038192503008,time,2447.642976682471,2341.49528631753,0.0,0.0,False,False
ETHUSDT,15m,LONG,2478.2316790000004,2511.305296099716,2445.158061900285,2.0,2.0,16.536808549857824,16.536808549857824,0.013345651812933568,0.013345651812933568,0.0012300387513526,0.0921677538567687,sl,2511.305296099716,2445.158061900285,0.0,0.0,False,False
ETHUSDT,15m,SHORT,2418.677144,2395.6393314181983,2441.714956581802,2.0,2.0,11.518906290900986,11.518906290900986,0.009524963941116238,0.009524963941116127,0.0030955532939042,0.3249937021327379,sl,2395.6393314181983,2441.714956581802,0.0,0.0,False,False
ETHUSDT,15m,SHORT,2420.096931,2392.171903700392,2448.0219582996087,2.0,2.0,13.962513649804123,13.96251364980435,0.011538805302343635,0.011538805302343746,0.010196670506831,0.8836851164097521,time,2392.171903700392,2448.0219582996087,0.0,0.0,False,False
ETHUSDT,15m,LONG,2500.0249475000005,2528.332931661253,2471.7169633387475,2.0,2.0,14.153992080626267,14.153992080626494,0.011323080671479024,0.011323080671479135,0.0079899412683758,0.7056331664668914,sl,2528.332931661253,2471.7169633387475,0.0,0.0,False,False
ETHUSDT,15m,SHORT,2423.616403,2394.881853059178,2452.350952940822,2.0,2.0,14.367274970411017,14.367274970411017,0.011856063486471613,0.011856063486471724,0.0064393040832211,0.543123279541197,sl,2394.881853059178,2452.350952940822,0.0,0.0,False,False
ETHUSDT,15m,SHORT,2412.4380800000004,2383.4183849363403,2441.4577750636604,2.0,2.0,14.509847531830019,14.509847531830019,0.012029197890815913,0.012029197890816024,0.0146897366169913,1.221173410756395,tp,2383.4183849363403,2441.4577750636604,0.0,0.0,True,False
ETHUSDT,15m,LONG,2443.1264140000003,2455.369220891179,2437.005010554411,3.0,1.5,4.080935630392863,4.080935630392863,0.005011122969741821,0.0025055614848709107,0.0060510933512421,1.2075324009767534,tp,2455.369220891179,2437.005010554411,0.0,0.0,True,False
ETHUSDT,15m,LONG,2452.8578735,2470.7192108731024,2443.927204813449,3.0,1.5,5.953779124367429,5.953779124367429,0.007281847662708563,0.0036409238313542813,0.0037842088611335,0.5196770155619984,sl,2470.7192108731024,2443.927204813449,0.0,0.0,False,False
ETHUSDT,15m,SHORT,2430.6853425000004,2410.7574089272966,2440.649309286352,3.0,1.5,6.6426445242345835,6.642644524234432,0.008198483458252803,0.004099241729126346,0.0037747964903442,0.46042618852202394,sl,2410.7574089272966,2440.649309286352,0.0,0.0,False,False
ETHUSDT,15m,LONG,2492.3237925,2522.520893540507,2477.225241979746,3.0,1.5,10.06570034683576,10.06570034683591,0.012116042518784065,0.006058021259392143,0.0007848930006153,0.06478130127048035,sl,2522.520893540507,2477.225241979746,0.0,0.0,False,False
ETHUSDT,15m,LONG,2506.2658835,2541.413230825744,2488.6922098371283,3.0,1.5,11.715782441914598,11.715782441914598,0.014023790355658816,0.007011895177829408,0.0072395018499239,0.5162300395486623,sl,2541.413230825744,2488.6922098371283,0.0,0.0,False,False
ETHUSDT,15m,SHORT,2437.7642805,2414.2308983929925,2449.530971553504,3.0,1.5,7.844460702335861,7.844460702336012,0.00965367418632479,0.0048268370931625615,0.0071435456821232,0.7399820570123042,sl,2414.2308983929925,2449.530971553504,0.0,0.0,False,False
ETHUSDT,15m,SHORT,2418.177219,2382.576409996333,2435.977623501833,3.0,1.5,11.866936334555703,11.866936334555248,0.014722167062011016,0.007361083531005175,0.0144105315053835,0.9788322225040049,time,2382.576409996333,2435.977623501833,0.0,0.0,False,False
ETHUSDT,15m,LONG,2458.7987645000003,2485.398014068987,2445.499139715507,3.0,1.5,8.866416522995527,8.866416522995374,0.01081798557613789,0.005408992788068834,0.0179645590105792,1.6606196120472825,tp,2485.398014068987,2445.499139715507,0.0,0.0,True,False
ETHUSDT,15m,SHORT,2481.9476520000003,2448.7175998257326,2498.5626780871344,3.0,1.5,11.076684058089237,11.07668405808939,0.013388699857344033,0.0066943499286720165,0.0035768893001616,0.2671573295594933,sl,2448.7175998257326,2498.5626780871344,0.0,0.0,False,False
ETHUSDT,15m,SHORT,2506.5539605,2493.0945424423053,2513.283669528847,3.0,1.5,4.486472685898207,4.486472685898055,0.0053696901282787035,0.0026848450641392407,0.001717082723063,0.3197731492959398,sl,2493.0945424423053,2513.283669528847,0.0,0.0,False,False
ETHUSDT,15m,LONG,2541.3411440000004,2557.750935182025,2533.136248408988,3.0,1.5,5.469930394008164,5.469930394008164,0.0064571382794345045,0.0032285691397172522,0.001046241275508,0.16202863098660888,sl,2557.750935182025,2533.136248408988,0.0,0.0,False,False
ETHUSDT,15m,LONG,2553.9430340000004,2576.433211090624,2542.6979454546886,3.0,1.5,7.496725696874516,7.496725696874516,0.008806060586010522,0.004403030293005261,0.0050263321574148,0.5707810102283112,sl,2576.433211090624,2542.6979454546886,0.0,0.0,False,False
ETHUSDT,15m,LONG,2587.228026,2619.4800947620693,2571.1019916189657,3.0,1.5,10.750689587356343,10.750689587356343,0.012465877934977554,0.006232938967488777,0.0067724892525571,0.5432821729751114,sl,2619.4800947620693,2571.1019916189657,0.0,0.0,False,False
ETHUSDT,15m,LONG,2565.3347425,2584.7494856448225,2555.627370927589,3.0,1.5,6.471581048274099,6.47158104827425,0.007568112973007857,0.0037840564865040394,0.0076618685173401,1.0123882326633638,tp,2584.7494856448225,2555.627370927589,0.0,0.0,True,False
ETHUSDT,15m,SHORT,3593.7108625,3514.5738450651947,3633.2793712174025,3.0,1.5,26.379005811601775,26.379005811601626,0.02202097510419987,0.01101048755209999,0.0046945519952775,0.21318547308026106,sl,3514.5738450651947,3633.2793712174025,0.0,0.0,False,False
ETHUSDT,15m,SHORT,3748.9275765,3677.369884950156,3784.706422274922,3.0,1.5,23.85256384994803,23.852563849947728,0.019087509718352713,0.009543754859176135,0.0054862560239698,0.28742649538481935,sl,3677.369884950156,3784.706422274922,0.0,0.0,False,False
ETHUSDT,15m,SHORT,3749.6474685,3695.6048334212655,3776.668786039368,3.0,1.5,18.01421169291143,18.014211692912188,0.01441272427147755,0.007206362135738997,0.0020395166650318,0.1415080609755337,sl,3695.6048334212655,3776.668786039368,0.0,0.0,False,False
ETHUSDT,15m,SHORT,3713.8928325,3639.4682957293753,3751.105100885312,3.0,1.5,24.808178923541618,24.808178923541163,0.020039494979322336,0.010019747489661057,0.0118185511751703,0.589762925032054,sl,3639.4682957293753,3751.105100885312,0.0,0.0,False,False
ETHUSDT,15m,SHORT,3774.2437785,3713.1496622327622,3804.790836633619,3.0,1.5,20.36470542241265,20.36470542241265,0.016187114519539247,0.008093557259769568,0.0177529016227536,1.0967304643038334,tp,3713.1496622327622,3804.790836633619,0.0,0.0,True,False
ETHUSDT,15m,LONG,3646.726927,3698.391915924667,3620.8944325376665,3.0,1.5,17.22166297488896,17.221662974889114,0.014167495937835284,0.007083747968917642,0.0040236281174118,0.28400418359509966,sl,3698.391915924667,3620.8944325376665,0.0,0.0,False,False
ETHUSDT,15m,LONG,3649.8373935,3708.9398704270247,3620.286155036488,3.0,1.5,19.700825642341595,19.700825642341442,0.016193180833831144,0.008096590416915572,0.0130286917945128,0.8045789106049489,time,3708.9398704270247,3620.286155036488,0.0,0.0,False,False
ETHUSDT,15m,SHORT,4397.100336,4326.26431002583,4432.518348987085,3.0,1.5,23.612008658056766,23.612008658056464,0.016109713347730703,0.008054856673865185,0.0207182754630688,1.2860735021078002,tp,4326.26431002583,4432.518348987085,0.0,0.0,True,False
ETHUSDT,15m,SHORT,4250.792285500001,4161.763955876637,4295.306450311683,3.0,1.5,29.676109874454596,29.676109874454898,0.0209439378929549,0.010471968946477617,0.0114783979604078,0.5480534758589449,time,4161.763955876637,4295.306450311683,0.0,0.0,False,False
ETHUSDT,15m,LONG,4330.009404,4394.7684797021975,4297.629866148902,3.0,1.5,21.58635856739905,21.58635856739905,0.014955874147149384,0.007477937073574692,0.0053026665435851,0.35455410305092716,sl,4394.7684797021975,4297.629866148902,0.0,0.0,False,False
ETHUSDT,15m,LONG,4576.8364225000005,4717.972903124572,4506.268182187715,3.0,1.5,47.04549354152399,47.04549354152368,0.030837125821394196,0.015418562910696987,0.04273117049553,1.3857053586324815,tp,4717.972903124572,4506.268182187715,0.0,0.0,True,False
ETHUSDT,15m,SHORT,4540.9687525,4447.480939662367,4587.7126589188165,3.0,1.5,31.162604279211035,31.162604279211035,0.020587636236466977,0.010293818118233489,0.0050581172767054,0.24568713079095175,sl,4447.480939662367,4587.7126589188165,0.0,0.0,False,False
ETHUSDT,15m,SHORT,4504.6142065,4401.993187544164,4555.924715977918,3.0,1.5,34.207006318612,34.2070063186117,0.022781311395714487,0.011390655697857133,0.0087941396719031,0.3860242950525408,sl,4401.993187544164,4555.924715977918,0.0,0.0,False,False
ETHUSDT,15m,LONG,4599.669847,4660.1238556867565,4569.442842656622,3.0,1.5,20.151336228918808,20.151336228918808,0.01314311911455679,0.006571559557278395,0.0046264522689338,0.35200565623800273,sl,4660.1238556867565,4569.442842656622,0.0,0.0,False,False
ETHUSDT,15m,SHORT,4519.062039,4446.009561747676,4555.588277626161,3.0,1.5,24.350825750774675,24.350825750773463,0.016165407029572365,0.008082703514785683,0.0191548684777857,1.184929550041303,tp,4446.009561747676,4555.588277626161,0.0,0.0,True,False
ETHUSDT,15m,LONG,4478.6616985,4526.266675367441,4454.859210066279,3.0,1.5,15.86832562248037,15.868325622480674,0.010629286173453378,0.0053146430867268,0.0024981349905815,0.2350237776851457,sl,4526.266675367441,4454.859210066279,0.0,0.0,False,False
ETHUSDT,15m,LONG,4465.4197125,4538.399280178799,4428.929928660601,3.0,1.5,24.326522559599653,24.32652255959935,0.016343271714080565,0.008171635857040171,0.0051373194407197,0.3143384954123743,time,4538.399280178799,4428.929928660601,0.0,0.0,False,False
ETHUSDT,15m,SHORT,4349.3375015,4276.381940815708,4385.815281842146,3.0,1.5,24.31852022809744,24.31852022809714,0.01677394790795872,0.008386973953979249,0.0187011243601924,1.1148910478802248,tp,4276.381940815708,4385.815281842146,0.0,0.0,True,False
ETHUSDT,15m,LONG,4432.224734000001,4481.36489880233,4407.654651598837,3.0,1.5,16.380054934109467,16.38005493410977,0.011087020120024604,0.005543510060012413,0.0140392849493083,1.2662811826192613,sl,4481.36489880233,4407.654651598837,0.0,0.0,True,True
ETHUSDT,15m,SHORT,4270.35935,4173.061966652845,4319.008041673577,3.0,1.5,32.432461115718375,32.432461115718375,0.022784354985759037,0.011392177492879574,0.0041891907761812,0.18386260128055326,sl,4173.061966652845,4319.008041673577,0.0,0.0,False,False
ETHUSDT,15m,SHORT,4271.579167000001,4243.3059596125295,4285.715770693736,3.0,1.5,9.424402462490434,9.42440246249013,0.0066189121826174535,0.0033094560913087268,0.0009690015889154,0.1463989190641003,sl,4243.3059596125295,4285.715770693736,0.0,0.0,False,False
ETHUSDT,15m,LONG,4326.998952500001,4356.33653051124,4312.330163494381,3.0,1.5,9.779192670413067,9.779192670413371,0.006780121357387703,0.0033900606786939624,0.0020917609639747,0.3085137940334198,sl,4356.33653051124,4312.330163494381,0.0,0.0,False,False
ETHUSDT,15m,LONG,4339.020755500001,4382.582823255301,4317.239721622351,3.0,1.5,14.520689251766877,14.520689251766575,0.010039608061354066,0.005019804030676922,0.0052360303810948,0.5215373298535525,sl,4382.582823255301,4317.239721622351,0.0,0.0,False,False
ETHUSDT,15m,LONG,4370.995551000001,4427.375374329396,4342.805639335304,3.0,1.5,18.79327444313185,18.793274443131548,0.012898622904454093,0.006449311452226936,0.0021744357524739,0.16857890711131915,sl,4427.375374329396,4342.805639335304,0.0,0.0,False,False
ETHUSDT,15m,LONG,4344.7816195000005,4382.191101495712,4326.076878502145,3.0,1.5,12.46982733190392,12.46982733190392,0.008610209964940996,0.004305104982470498,0.0082831275888479,0.9620122648083023,sl,4382.191101495712,4326.076878502145,0.0,0.0,False,False
ETHUSDT,15m,LONG,4324.008504,4358.892181831332,4306.566665084334,3.0,1.5,11.627892610443874,11.627892610444178,0.008067439691448852,0.004033719845724537,0.0020817479872375,0.2580432041461761,sl,4358.892181831332,4306.566665084334,0.0,0.0,False,False
ETHUSDT,15m,LONG,4378.126620500001,4408.488537951792,4362.945661774105,3.0,1.5,10.12063915059692,10.120639150597222,0.006934910769740066,0.003467455384870144,0.0038540181595003,0.5557415643063502,sl,4408.488537951792,4362.945661774105,0.0,0.0,False,False
ETHUSDT,15m,LONG,4435.0451570000005,4493.36904644997,4405.883212275016,3.0,1.5,19.441296483323033,19.44129648332273,0.013150686720272642,0.00657534336013621,0.0041746684294245,0.31744870197454983,sl,4493.36904644997,4405.883212275016,0.0,0.0,False,False
ETHUSDT,15m,SHORT,4556.8463705,4496.786260988137,4586.87642525593,3.0,1.5,20.020036503954543,20.02003650395333,0.01318019187582875,0.006590095937913931,0.013414182864649,1.0177532308349295,tp,4496.786260988137,4586.87642525593,0.0,0.0,True,False
ETHUSDT,15m,LONG,4617.5025215000005,4687.332474729268,4582.587544885367,3.0,1.5,23.276651076422542,23.276651076422542,0.015122883616007998,0.007561441808003999,0.0054352928630013,0.35940849648858564,sl,4687.332474729268,4582.587544885367,0.0,0.0,False,False
ETHUSDT,15m,SHORT,4510.783281,4477.499299105758,4527.4252719471215,3.0,1.5,11.09466063141402,11.094660631414323,0.0073787588143368055,0.0036893794071686248,0.0011047484859204,0.14972009706753014,sl,4477.499299105758,4527.4252719471215,0.0,0.0,False,False
ETHUSDT,15m,SHORT,4460.1808725,4415.556894725077,4482.492861387462,3.0,1.5,14.874659258307778,14.874659258307778,0.010004970437423322,0.005002485218711605,0.0016279322986133,0.16271235470362444,sl,4415.556894725077,4482.492861387462,0.0,0.0,False,False
ETHUSDT,15m,SHORT,4358.3561485,4319.206693135557,4377.930876182221,3.0,1.5,13.049818454814462,13.049818454814158,0.008982619600263142,0.004491309800131349,0.0033283531693462,0.3705325748458386,sl,4319.206693135557,4377.930876182221,0.0,0.0,False,False
ETHUSDT,15m,SHORT,4339.1590285,4279.368426680659,4369.054329409671,3.0,1.5,19.930200606447215,19.930200606446913,0.013779306410903858,0.006889653205451873,0.019558865656357,1.419437602525455,tp,4279.368426680659,4369.054329409671,0.0,0.0,True,False
ETHUSDT,15m,LONG,4121.49,4167.592097282192,4098.438951358904,3.0,1.5,15.36736576073084,15.367365760730536,0.011185784093178164,0.005592892046588971,0.0054591907295662,0.4880472110037935,sl,4167.592097282192,4098.438951358904,0.0,0.0,False,False
ETHUSDT,15m,LONG,4270.65,4329.761391183536,4241.094304408231,3.0,1.5,19.7037970611788,19.7037970611788,0.013841310147995278,0.006920655073997639,0.0157680915083184,1.1392051286851763,tp,4329.761391183536,4241.094304408231,0.0,0.0,True,False
ETHUSDT,15m,LONG,3970.25,4033.963384246127,3938.393307876937,3.0,1.5,21.237794748709046,21.23779474870874,0.016047700836503198,0.008023850418251488,0.0150494301366412,0.9377935375271164,time,4033.963384246127,3938.393307876937,0.0,0.0,False,False
ETHUSDT,15m,SHORT,3856.16,3803.362355110474,3882.558822444763,3.0,1.5,17.599214963175353,17.599214963175353,0.0136917671698078,0.0068458835849039,0.0046548898385958,0.3399772856830682,sl,3803.362355110474,3882.558822444763,0.0,0.0,False,False
ETHUSDT,15m,SHORT,3950.55,3858.426276229974,3996.611861885013,3.0,1.5,30.707907923342038,30.707907923341736,0.023319214734663807,0.011659607367331848,0.024047284555315,1.0312218841387024,tp,3858.426276229974,3996.611861885013,0.0,0.0,True,False
ETHUSDT,15m,SHORT,3840.29,3773.137734088499,3873.8661329557503,3.0,1.5,22.384088637166922,22.384088637166922,0.01748624867171511,0.008743124335857555,0.0060958937996869,0.34861072343934557,sl,3773.137734088499,3873.8661329557503,0.0,0.0,False,False
ETHUSDT,15m,SHORT,3999.17,3918.751045080847,4039.3794774595767,3.0,1.5,26.80631830638443,26.80631830638443,0.020108911328889034,0.010054455664444628,0.0185438478484285,0.9221706508689946,time,3918.751045080847,4039.3794774595767,0.0,0.0,False,False
ETHUSDT,15m,LONG,3891.72,3922.066600501876,3876.546699749062,3.0,1.5,10.115533500625437,10.115533500625133,0.007797734806685996,0.003898867403342887,0.0040830275559393,0.5236171346117591,sl,3922.066600501876,3876.546699749062,0.0,0.0,False,False
ETHUSDT,15m,LONG,3907.21,3933.920187848972,3893.854906075514,3.0,1.5,8.903395949657352,8.903395949657352,0.006836128042509104,0.003418064021254552,0.0002021903097094,0.029576729466171455,sl,3933.920187848972,3893.854906075514,0.0,0.0,False,False
ETHUSDT,15m,SHORT,3841.37,3805.214235368549,3859.4478823157256,3.0,1.5,12.051921543816965,12.051921543817116,0.009412205705633947,0.004706102852817029,0.000346230641672,0.036785282058248436,sl,3805.214235368549,3859.4478823157256,0.0,0.0,False,False
ETHUSDT,15m,LONG,3899.5,3938.034783741308,3880.232608129346,3.0,1.5,12.844927913769274,12.844927913769425,0.00988198070042512,0.004940990350212671,0.0039748685728939,0.40223399472161514,sl,3938.034783741308,3880.232608129346,0.0,0.0,False,False
ETHUSDT,15m,SHORT,3458.1,3387.9840247409143,3493.1579876295427,3.0,1.5,23.37199175302855,23.37199175302855,0.020275866880392623,0.010137933440196312,0.0159278216361585,0.7855556425832123,time,3387.9840247409143,3493.1579876295427,0.0,0.0,False,False
ETHUSDT,15m,SHORT,3456.96,3380.3840159160764,3495.247992041962,3.0,1.5,25.525328027974563,25.525328027974563,0.022151249677150986,0.011075624838575493,0.0251550495232805,1.135604080578259,tp,3380.3840159160764,3495.247992041962,0.0,0.0,True,False
ETHUSDT,15m,SHORT,3466.79,3409.735388252405,3495.317305873797,3.0,1.5,19.01820391586504,19.018203915864735,0.016457475574694458,0.008228737787347118,0.0217867248953642,1.3238193668574643,tp,3409.735388252405,3495.317305873797,0.0,0.0,True,False
ETHUSDT,15m,SHORT,3390.24,3303.039496377736,3433.840251811132,3.0,1.5,29.066834540754524,29.066834540754826,0.025721041466758576,0.0128605207333794,0.0289301052432865,1.1247641461437423,tp,3303.039496377736,3433.840251811132,0.0,0.0,True,False
ETHUSDT,15m,SHORT,2983.51,2955.3527391223765,2997.5886304388123,3.0,1.5,9.385753625874562,9.385753625874713,0.009437629127311054,0.004718814563655638,0.0078766285348465,0.8345982267996465,sl,2955.3527391223765,2997.5886304388123,0.0,0.0,False,False
ETHUSDT,15m,LONG,3024.9,3049.021846902858,3012.839076548571,3.0,1.5,8.040615634286041,8.040615634286041,0.007974427882858404,0.003987213941429202,0.0090283976329795,1.1321686979434196,tp,3049.021846902858,3012.839076548571,0.0,0.0,True,False
ETHUSDT,15m,SHORT,3019.43,2992.9576796518368,3032.6661601740816,3.0,1.5,8.824106782721023,8.824106782721174,0.008767323749238498,0.00438366187461936,0.002116293472609,0.2413842049340102,sl,2992.9576796518368,3032.6661601740816,0.0,0.0,False,False
ETHUSDT,15m,SHORT,3006.65,2975.3526204943155,3022.298689752842,3.0,1.5,10.432459835228201,10.43245983522805,0.010409385696933282,0.0052046928484665855,0.0354713717925265,3.4076335362399672,tp,2975.3526204943155,3022.298689752842,0.0,0.0,True,False
ETHUSDT,15m,SHORT,2891.76,2833.9509132636963,2920.6645433681524,3.0,1.5,19.269695578767976,19.269695578768125,0.019990969767997302,0.009995484883998706,0.0213572357318727,1.068344156373174,tp,2833.9509132636963,2920.6645433681524,0.0,0.0,True,False
ETHUSDT,15m,LONG,3144.01,3176.2288599372887,3127.900570031356,3.0,1.5,10.739619979096156,10.739619979096156,0.010247696393232975,0.005123848196616487,0.0104929691699453,1.0239344304612976,tp,3176.2288599372887,3127.900570031356,0.0,0.0,True,False
ETHUSDT,15m,SHORT,3046.75,2988.9519814829505,3075.6490092585245,3.0,1.5,19.266006172349837,19.266006172349687,0.018970384349569103,0.009485192174784496,0.0190301140559612,1.0031485765017436,tp,2988.9519814829505,3075.6490092585245,0.0,0.0,True,False
ETHUSDT,15m,SHORT,2952.04,2915.3884686462548,2970.3657656768723,3.0,1.5,12.217177117915071,12.21717711791492,0.012415662170480513,0.006207831085240256,0.0014803322448204,0.11923103451864525,sl,2915.3884686462548,2970.3657656768723,0.0,0.0,False,False
ETHUSDT,15m,SHORT,2938.85,2917.6145429442754,2949.467728527862,3.0,1.5,7.078485685241503,7.078485685241503,0.0072257709837945105,0.003612885491897311,0.0124198240808479,1.7188233765922383,tp,2917.6145429442754,2949.467728527862,0.0,0.0,True,False
ETHUSDT,15m,SHORT,2896.7,2864.8427491925554,2912.6286254037223,3.0,1.5,10.619083602481473,10.619083602481624,0.01099777360701637,0.005498886803508185,0.0026996237097385,0.24547002022447448,sl,2864.8427491925554,2912.6286254037223,0.0,0.0,False,False
ETHUSDT,15m,LONG,2975.96,2995.904194348081,2965.98790282596,3.0,1.5,6.648064782693685,6.64806478269323,0.0067017682858911964,0.003350884142945376,0.0030141534160404,0.449754943390971,sl,2995.904194348081,2965.98790282596,0.0,0.0,False,False
ETHUSDT,15m,SHORT,2916.38,2883.4893760808686,2932.825311959566,3.0,1.5,10.963541306377161,10.963541306377314,0.01127789379954991,0.005638946899775066,0.0080167879357285,0.7108408784669034,sl,2883.4893760808686,2932.825311959566,0.0,0.0,False,False
ETHUSDT,15m,LONG,2933.75,2943.6646777417964,2928.792661129102,3.0,1.5,3.304892580598789,3.304892580598789,0.003379523729628131,0.0016897618648140655,0.002069024286323,0.6122236302659922,sl,2943.6646777417964,2928.792661129102,0.0,0.0,False,False
ETHUSDT,15m,SHORT,2920.26,2908.791472353232,2925.994263823384,3.0,1.5,3.8228425489226843,3.822842548922381,0.003927228276512373,0.0019636141382559646,0.0015478073870136,0.3941220825564412,sl,2908.791472353232,2925.994263823384,0.0,0.0,False,False
ETHUSDT,15m,LONG,2931.19,2940.726257474837,2926.421871262581,3.0,1.5,3.1787524916123098,3.178752491612613,0.0032533740476861084,0.0016266870238431652,0.0060419147172308,1.8571226759271595,tp,2940.726257474837,2926.421871262581,0.0,0.0,True,False
ETHUSDT,15m,SHORT,2936.98,2923.3999087444827,2943.770045627759,3.0,1.5,4.526697085172448,4.5266970851726,0.004623828305101663,0.0023119141525509423,0.0031392791234532,0.6789350547444641,sl,2923.3999087444827,2943.770045627759,0.0,0.0,False,False
ETHUSDT,15m,LONG,2948.38,2963.376018452708,2940.8819907736465,3.0,1.5,4.9986728175693615,4.998672817569059,0.005086189179382528,0.0025430945896911528,0.0039377556488646,0.7742055023880671,sl,2963.376018452708,2940.8819907736465,0.0,0.0,False,False
ETHUSDT,15m,SHORT,2935.66,2916.3446149898523,2945.317692505074,3.0,1.5,6.438461670049189,6.43846167004934,0.006579571547845275,0.0032897857739226932,0.0036312106987865,0.551891665343418,sl,2916.3446149898523,2945.317692505074,0.0,0.0,False,False
ETHUSDT,15m,LONG,2967.45,2992.429417674736,2954.960291162632,3.0,1.5,8.326472558245465,8.326472558245163,0.008417805750639884,0.004208902875319831,0.0031575932197679,0.37510882447339366,sl,2992.429417674736,2954.960291162632,0.0,0.0,False,False
ETHUSDT,15m,LONG,3011.16,3047.678229101657,2992.9008854491717,3.0,1.5,12.172743033885732,12.17274303388543,0.012127628256770606,0.006063814128385081,0.0121979569335405,1.0057990462175184,tp,3047.678229101657,2992.9008854491717,0.0,0.0,True,False
ETHUSDT,15m,LONG,2950.6,2978.5306218237997,2936.6346890881005,3.0,1.5,9.310207274599938,9.310207274599634,0.009466082093065653,0.0047330410465327155,0.0023385074222192,0.24704068686793512,sl,2978.5306218237997,2936.6346890881005,0.0,0.0,False,False
ETHUSDT,15m,LONG,2987.91,3020.936539431007,2971.396730284496,3.0,1.5,11.008846477002407,11.008846477002711,0.011053391645333033,0.005526695822666738,0.003460612936802,0.3130815452705995,sl,3020.936539431007,2971.396730284496,0.0,0.0,False,False
ETHUSDT,15m,LONG,2995.2,3034.2295483043804,2975.6852258478093,3.0,1.5,13.009849434793523,13.009849434793674,0.013030698552477515,0.006515349276238869,0.002076655982906,0.15936643569359274,sl,3034.2295483043804,2975.6852258478093,0.0,0.0,False,False
ETHUSDT,15m,LONG,2984.67,3000.313652515677,2976.8481737421616,3.0,1.5,5.214550838558959,5.214550838558959,0.0052413340555830246,0.0026206670277915123,0.005809687503141,1.1084367913837834,tp,3000.313652515677,2976.8481737421616,0.0,0.0,True,False
ETHUSDT,15m,LONG,2984.7,3003.788376742604,2975.155811628698,3.0,1.5,6.362792247534799,6.362792247534647,0.006395408832581051,0.0031977044162904145,0.0012664589405971,0.19802626755387334,sl,3003.788376742604,2975.155811628698,0.0,0.0,False,False
ETHUSDT,15m,LONG,2983.38,2994.382736823364,2977.878631588318,3.0,1.5,3.6675789411213677,3.6675789411213677,0.003688010519398821,0.0018440052596994105,0.0028692288612244,0.7779882530519762,sl,2994.382736823364,2977.878631588318,0.0,0.0,False,False
ETHUSDT,15m,LONG,2997.64,3012.7968368635297,2990.061581568235,3.0,1.5,5.052278954509954,5.052278954509954,0.005056256542990356,0.002528128271495178,0.0016512990218973,0.32658529247028545,sl,3012.7968368635297,2990.061581568235,0.0,0.0,False,False
ETHUSDT,15m,LONG,3003.36,3021.096201173146,2994.4918994134277,3.0,1.5,5.912067057715224,5.912067057714921,0.005905452950410783,0.0029527264752052806,0.0017313941718607,0.29318566863533546,sl,3021.096201173146,2994.4918994134277,0.0,0.0,False,False
ETHUSDT,15m,LONG,3098.77,3107.8320304617446,3094.238984769128,3.0,1.5,3.020676820581533,3.020676820581381,0.0029243959576685796,0.0014621979788341788,0.0007196403734384,0.246081715285956,sl,3107.8320304617446,3094.238984769128,0.0,0.0,False,False
ETHUSDT,15m,LONG,3101.99,3112.9895357053047,3096.490232147348,3.0,1.5,3.6665119017682932,3.66651190176799,0.003545961046071966,0.001772980523035872,0.0044777707213757,1.262780572938314,tp,3112.9895357053047,3096.490232147348,0.0,0.0,True,False
ETHUSDT,15m,LONG,3124.35,3140.599280998836,3116.225359500582,3.0,1.5,5.416426999612061,5.416426999612061,0.0052008516967805285,0.0026004258483902642,0.0016803495126986,0.32309121864382,sl,3140.599280998836,3116.225359500582,0.0,0.0,False,False
ETHUSDT,15m,LONG,3135.23,3159.526371688045,3123.0818141559776,3.0,1.5,8.098790562681643,8.098790562681643,0.007749470274284409,0.0038747351371422045,0.000947298922248,0.12224047434461244,sl,3159.526371688045,3123.0818141559776,0.0,0.0,False,False
ETHUSDT,15m,SHORT,3104.33,3079.061823483422,3116.964088258289,3.0,1.5,8.422725505526008,8.422725505526008,0.008139655422129133,0.004069827711064455,0.0013916046296623,0.17096603695028292,sl,3079.061823483422,3116.964088258289,0.0,0.0,False,False
ETHUSDT,15m,LONG,3141.68,3180.573441005117,3122.2332794974413,3.0,1.5,12.964480335038994,12.964480335038994,0.012379822580631084,0.006189911290315542,0.0092943902625347,0.7507692619986563,sl,3180.573441005117,3122.2332794974413,0.0,0.0,False,False
ETHUSDT,15m,SHORT,3076.38,3043.0568053881057,3093.041597305947,3.0,1.5,11.10773153729815,11.107731537298,0.010831950088056264,0.005415975044028132,0.0010401835924041,0.09602920840182301,sl,3043.0568053881057,3093.041597305947,0.0,0.0,False,False
ETHUSDT,15m,LONG,3126.02,3171.5658967376576,3103.247051631171,3.0,1.5,15.181965579219195,15.181965579219346,0.014569931330464136,0.007284965665232179,0.0063691211188667,0.4371414644590371,sl,3171.5658967376576,3103.247051631171,0.0,0.0,False,False
ETHUSDT,15m,LONG,3113.37,3141.9505300516657,3099.079734974167,3.0,1.5,9.526843350555282,9.526843350555282,0.009179933657633255,0.004589966828816627,0.0103874579635572,1.1315395460314543,tp,3141.9505300516657,3099.079734974167,0.0,0.0,True,False
ETHUSDT,15m,LONG,3183.11,3226.786129006164,3161.2719354969186,3.0,1.5,14.558709668721349,14.558709668721045,0.013721212589625775,0.006860606294812777,0.0629949954604145,4.591066208539269,tp,3226.786129006164,3161.2719354969186,0.0,0.0,True,False
ETHUSDT,15m,LONG,3291.59,3324.1168302200663,3275.326584889967,3.0,1.5,10.842276740022044,10.842276740022195,0.009881798832803046,0.004940899416401634,0.0022086590371218,0.22350779190020179,time,3324.1168302200663,3275.326584889967,0.0,0.0,False,False
ETHUSDT,15m,LONG,3314.63,3331.1077576388,3306.3911211806003,3.0,1.5,5.492585879600028,5.4925858795998765,0.004971220811613941,0.0024856104058069706,0.0006214871644798,0.12501701051537678,sl,3331.1077576388,3306.3911211806003,0.0,0.0,False,False
ETHUSDT,15m,LONG,2950.83,2983.9343809566426,2934.2778095216786,3.0,1.5,11.034793652214224,11.034793652214224,0.011218667614414368,0.005609333807207184,0.0007353863150368,0.06555023647299567,sl,2983.9343809566426,2934.2778095216786,0.0,0.0,False,False
ETHUSDT,15m,SHORT,2923.82,2897.631481239975,2936.914259380013,3.0,1.5,8.729506253341697,8.729506253341848,0.008956953150339286,0.004478476575169754,0.0085265166802334,0.9519438738953792,sl,2897.631481239975,2936.914259380013,0.0,0.0,False,False
ETHUSDT,15m,LONG,2973.0,3019.678432096907,2949.660783951547,3.0,1.5,15.559477365635606,15.559477365635454,0.015700784425464853,0.007850392212732316,0.0082879246552303,0.5278669161133278,sl,3019.678432096907,2949.660783951547,0.0,0.0,False,False
ETHUSDT,15m,SHORT,2941.18,2911.493703327033,2956.0231483364832,3.0,1.5,9.895432224322272,9.895432224322272,0.010093328756814235,0.005046664378407062,0.0128723845531384,1.2753359038709566,tp,2911.493703327033,2956.0231483364832,0.0,0.0,True,False
ETHUSDT,15m,SHORT,2874.79,2840.4676047174435,2891.951197641278,3.0,1.5,11.440798427518834,11.440798427518834,0.01193909651924363,0.005969548259621815,0.0225233843167674,1.8865233462568833,tp,2840.4676047174435,2891.951197641278,0.0,0.0,True,False
ETHUSDT,15m,LONG,2050.16,2097.8127231516905,2026.3336384241543,3.0,1.5,15.88424105056356,15.88424105056371,0.023243416685376106,0.011621708342688164,0.011140593904866,0.4793010449223349,time,2097.8127231516905,2026.3336384241543,0.0,0.0,False,False
ETHUSDT,15m,SHORT,1980.39,1953.0247498993683,1994.072625050316,3.0,1.5,9.121750033543927,9.121750033543927,0.013818111634896102,0.006909055817448051,0.00662495771035,0.4794401641407649,sl,1953.0247498993683,1994.072625050316,0.0,0.0,False,False
ETHUSDT,15m,LONG,2004.32,2024.881675204829,1994.0391623975852,3.0,1.5,6.853891734943015,6.853891734943166,0.010258678856085446,0.005129339428042834,0.0169384130278598,1.6511300592875016,tp,2024.881675204829,1994.0391623975852,0.0,0.0,True,False
ETHUSDT,15m,SHORT,1984.05,1957.8583015683464,1997.145849215827,3.0,1.5,8.730566143884516,8.730566143884667,0.013201128213328084,0.0066005641066642085,0.015549003301328,1.1778541235308555,tp,1957.8583015683464,1997.145849215827,0.0,0.0,True,False
ETHUSDT,15m,SHORT,1959.8,1942.9257171801723,1968.2371414099136,3.0,1.5,5.624760939942537,5.624760939942462,0.00861020656180611,0.004305103280902944,0.0024135115828145,0.28030820927346395,sl,1942.9257171801723,1968.2371414099136,0.0,0.0,False,False
ETHUSDT,15m,LONG,1974.92,1987.3250857705395,1968.7174571147305,3.0,1.5,4.135028590179824,4.135028590179748,0.00628131051918035,0.003140655259590064,0.0067243230105523,1.070528672323902,tp,1987.3250857705395,1968.7174571147305,0.0,0.0,True,False
ETHUSDT,15m,LONG,1980.97,1991.037298658311,1975.9363506708448,3.0,1.5,3.3557662194370246,3.355766219436797,0.005082004602952717,0.0025410023014761363,0.0008581654442016,0.1688635708245903,sl,1991.037298658311,1975.9363506708448,0.0,0.0,False,False
ETHUSDT,15m,SHORT,1963.21,1949.76998956116,1969.93000521942,3.0,1.5,4.480003479613363,4.480003479613363,0.006845936216115511,0.0034229681080577556,0.0092756251241589,1.3549096619281724,tp,1949.76998956116,1969.93000521942,0.0,0.0,True,False
ETHUSDT,15m,SHORT,1937.82,1919.367159079537,1947.0464204602315,3.0,1.5,6.150946973487635,6.15094697348771,0.009522474182567464,0.004761237091283732,0.0014036391408902,0.1474027772592762,sl,1919.367159079537,1947.0464204602315,0.0,0.0,False,False
ETHUSDT,15m,LONG,1925.28,1950.3188758544743,1912.7605620727627,3.0,1.5,8.346291951491443,8.346291951491517,0.013005316553682755,0.006502658276841489,0.0162885398487493,1.25245239372023,tp,1950.3188758544743,1912.7605620727627,0.0,0.0,True,False
ETHUSDT,15m,SHORT,1935.32,1895.5752458696236,1955.1923770651883,3.0,1.5,13.248251376792117,13.248251376792268,0.020536528393431785,0.010268264196716004,0.0260008680734968,1.2660790361146277,tp,1895.5752458696236,1955.1923770651883,0.0,0.0,True,False
ETHUSDT,15m,LONG,1980.15,2030.9093374352208,1954.7703312823896,3.0,1.5,16.919779145073562,16.919779145073637,0.025634087031396913,0.012817043515698567,0.0013988839229351,0.054571240287267946,sl,2030.9093374352208,1954.7703312823896,0.0,0.0,False,False
ETHUSDT,15m,SHORT,1928.64,1887.7140423460385,1949.102978826981,3.0,1.5,13.641985884653877,13.641985884653877,0.021220112438797067,0.010610056219398478,0.0065538410486146,0.30885043929513345,sl,1887.7140423460385,1949.102978826981,0.0,0.0,False,False
ETHUSDT,15m,LONG,2027.71,2081.7656720113696,2000.6821639943155,3.0,1.5,18.018557337123184,18.01855733712303,0.02665848272749538,0.01332924136374758,0.0272672127671116,1.0228343843060648,tp,2081.7656720113696,2000.6821639943155,0.0,0.0,True,False
ETHUSDT,15m,SHORT,1936.3,1892.9829950024127,1957.9585024987928,3.0,1.5,14.439001665862406,14.439001665861875,0.022371019468877318,0.011185509734438215,0.0051541599958684,0.23039450674292672,sl,1892.9829950024127,1957.9585024987928,0.0,0.0,False,False
ETHUSDT,15m,LONG,1994.5,2048.0223784062387,1967.738810796881,3.0,1.5,17.84079280207955,17.840792802079402,0.026834985413004997,0.013417492706502387,0.0094409626472799,0.35181545665027797,sl,2048.0223784062387,1967.738810796881,0.0,0.0,False,False
ETHUSDT,15m,SHORT,1949.92,1910.7388680535917,1969.5105659732044,3.0,1.5,13.060377315469472,13.060377315469546,0.02009371253508263,0.010046856267541315,0.0017949454336588,0.0893287106862365,sl,1910.7388680535917,1969.5105659732044,0.0,0.0,False,False
ETHUSDT,15m,LONG,1992.19,2025.6198219017251,1975.4750890491373,3.0,1.5,11.143273967241688,11.14327396724184,0.016780438563452904,0.008390219281726563,0.0189791134379752,1.131026067418221,tp,2025.6198219017251,1975.4750890491373,0.0,0.0,True,False
ETHUSDT,15m,LONG,2063.26,2108.1751637029165,2040.802418148542,3.0,1.5,14.971721234305429,14.971721234305429,0.021769027511276517,0.010884513755638259,0.0144140825683625,0.6621371837072602,sl,2108.1751637029165,2040.802418148542,0.0,0.0,False,False
ETHUSDT,15m,SHORT,2042.96,2015.322848253047,2056.7785758734767,3.0,1.5,9.21238391565104,9.212383915651117,0.013527994550531108,0.006763997275265554,0.0038571484512668,0.2851234480365287,sl,2015.322848253047,2056.7785758734767,0.0,0.0,False,False
ETHUSDT,15m,SHORT,2018.52,1980.1529883955357,2037.7035058022325,3.0,1.5,12.789003868154774,12.789003868155001,0.01900749638570054,0.00950374819285038,0.0239383310544358,1.2594152627299595,tp,1980.1529883955357,2037.7035058022325,0.0,0.0,True,False
ETHUSDT,15m,LONG,2014.94,2053.847373187092,1995.486313406454,3.0,1.5,12.969124395697387,12.969124395697387,0.019309445039104034,0.009654722519552017,0.0009925853871579,0.051404138500500185,sl,2053.847373187092,1995.486313406454,0.0,0.0,False,False
ETHUSDT,15m,LONG,2027.1,2063.716527616359,2008.7917361918203,3.0,1.5,12.205509205453078,12.205509205453078,0.01806350333795037,0.009031751668975185,0.001425682008781,0.07892610763858442,sl,2063.716527616359,2008.7917361918203,0.0,0.0,False,False
ETHUSDT,15m,LONG,2031.61,2054.412255966742,2020.208872016629,3.0,1.5,7.600751988914074,7.6007519889139985,0.011223736822885355,0.0056118684114426776,0.0007629417063315,0.06797573021988998,sl,2054.412255966742,2020.208872016629,0.0,0.0,False,False
ETHUSDT,15m,LONG,2062.0,2096.9888902524644,2044.505554873768,3.0,1.5,11.662963417488148,11.662963417487996,0.016968423982766545,0.008484211991383162,0.0027788554801164,0.16376626862569316,sl,2096.9888902524644,2044.505554873768,0.0,0.0,False,False
ETHUSDT,15m,LONG,2060.29,2085.054440067227,2047.9077799663864,3.0,1.5,8.254813355742348,8.254813355742348,0.012019880729036814,0.006009940364518407,0.0022472564541885,0.18696162672893502,sl,2085.054440067227,2047.9077799663864,0.0,0.0,False,False
ETHUSDT,15m,LONG,2070.04,2097.6821335578943,2056.218933221053,3.0,1.5,9.214044519298113,9.214044519298113,0.01335342967183939,0.006676714835919695,0.0027100925585979,0.20295104892139623,sl,2097.6821335578943,2056.218933221053,0.0,0.0,False,False
ETHUSDT,15m,LONG,2082.73,2093.219281927661,2077.485359036169,3.0,1.5,3.496427309220356,3.496427309220659,0.005036313841765949,0.0025181569208831966,0.0076102039150537,1.5110662588067056,tp,2093.219281927661,2077.485359036169,0.0,0.0,True,False
ETHUSDT,15m,LONG,2102.73,2121.103577996615,2093.5432110016927,3.0,1.5,6.12452599887168,6.124525998871529,0.008737963502977175,0.0043689817514884766,0.0020306934318718,0.2323989372557928,sl,2121.103577996615,2093.5432110016927,0.0,0.0,False,False
ETHUSDT,15m,SHORT,2179.87,2133.524766821674,2203.042616589163,3.0,1.5,15.448411059442,15.44841105944215,0.02126054910537145,0.010630274552685837,0.0077252313211336,0.36335991525175754,sl,2133.524766821674,2203.042616589163,0.0,0.0,False,False
ETHUSDT,15m,SHORT,2145.2,2134.29979330557,2150.650103347215,3.0,1.5,3.633402231476642,3.6334022314767935,0.005081207670347698,0.002540603835174071,0.0356237180682452,7.010876228526108,tp,2134.29979330557,2150.650103347215,0.0,0.0,True,False
ETHUSDT,15m,SHORT,2082.49,2063.0061357377112,2101.9738642622883,2.0,2.0,9.741932131144267,9.741932131144267,0.009356042171769663,0.009356042171769552,0.0103193772839244,1.1029639557484514,tp,2063.0061357377112,2101.9738642622883,0.0,0.0,True,False
ETHUSDT,15m,LONG,2058.7,2078.177367700365,2039.222632299635,2.0,2.0,9.738683850182497,9.738683850182383,0.009461003400381252,0.00946100340038114,0.0137416816437557,1.4524549946998169,tp,2078.177367700365,2039.222632299635,0.0,0.0,True,False
ETHUSDT,15m,SHORT,2033.67,2018.25774917834,2049.08225082166,2.0,2.0,7.7061254108300545,7.7061254108300545,0.007578540678507384,0.007578540678507384,0.0083494372243284,1.1017209748582952,tp,2018.25774917834,2049.08225082166,0.0,0.0,True,False
ETHUSDT,15m,LONG,2077.69,2087.161230994848,2068.218769005152,2.0,2.0,4.735615497424078,4.735615497424078,0.004558539048100663,0.004558539048100663,0.0027289922943269,0.5986550220435093,sl,2087.161230994848,2068.218769005152,0.0,0.0,False,False
ETHUSDT,15m,SHORT,2047.74,2041.1323765356856,2054.3476234643144,2.0,2.0,3.3038117321572145,3.3038117321572145,0.003226788295542571,0.003226788295542571,0.0085313565198707,2.6439157882330764,tp,2041.1323765356856,2054.3476234643144,0.0,0.0,True,False
ETHUSDT,15m,SHORT,2023.59,2014.4519497789995,2032.7280502210003,2.0,2.0,4.569025110500206,4.569025110500206,0.004515761701234133,0.004515761701234133,0.0009389253751994,0.2079218163666158,sl,2014.4519497789995,2032.7280502210003,0.0,0.0,False,False
ETHUSDT,15m,LONG,2084.99,2102.2206866428014,2067.759313357198,2.0,2.0,8.615343321400815,8.615343321400815,0.008264157930158778,0.008264157930158667,0.015832210226428,1.915768110947006,tp,2102.2206866428014,2067.759313357198,0.0,0.0,True,False
ETHUSDT,15m,SHORT,2066.41,2045.087257305359,2087.732742694641,2.0,2.0,10.661371347320483,10.661371347320483,0.010318737663213451,0.010318737663213451,0.0023615836160295,0.22886361618132833,sl,2045.087257305359,2087.732742694641,0.0,0.0,False,False
ETHUSDT,15m,LONG,2141.09,2165.503633123049,2116.676366876951,2.0,2.0,12.20681656152442,12.206816561524647,0.011402431996342388,0.01140243199634261,0.0236888687537655,2.0775277380618706,tp,2165.503633123049,2116.676366876951,0.0,0.0,True,False
ETHUSDT,15m,SHORT,2200.47,2189.105484812294,2211.8345151877056,2.0,2.0,5.68225759385291,5.68225759385291,0.005164585378444553,0.005164585378444553,0.0069121596749783,1.3383764946219312,tp,2189.105484812294,2211.8345151877056,0.0,0.0,True,False
ETHUSDT,15m,SHORT,2297.13,2278.572600259608,2315.6873997403923,2.0,2.0,9.278699870196078,9.278699870196078,0.008078515251810803,0.008078515251810803,0.0019459064136554,0.24087426377256937,sl,2278.572600259608,2315.6873997403923,0.0,0.0,False,False
ETHUSDT,15m,LONG,2354.24,2376.887120041097,2331.5928799589024,2.0,2.0,11.323560020548712,11.323560020548712,0.009619715934270578,0.00961971593427069,0.0105978999592226,1.1016853337079535,tp,2376.887120041097,2331.5928799589024,0.0,0.0,True,False
ETHUSDT,15m,SHORT,2306.65,2288.186193559321,2325.1138064406787,2.0,2.0,9.231903220339518,9.23190322033929,0.008004598201148405,0.008004598201148294,0.0001994234062385,0.02491360605831397,sl,2288.186193559321,2325.1138064406787,0.0,0.0,False,False
ETHUSDT,15m,SHORT,2306.65,2299.3485695007957,2313.951430499205,2.0,2.0,3.6507152496021718,3.650715249602399,0.003165382914271486,0.0031653829142717083,0.0033251685344547,1.0504790808918574,tp,2299.3485695007957,2313.951430499205,0.0,0.0,True,False
ETHUSDT,15m,LONG,2327.21,2335.865888156887,2318.554111843113,2.0,2.0,4.327944078443579,4.327944078443579,0.0037194271925984346,0.0037194271925985456,0.0040477653499254,1.0882765383821333,tp,2335.865888156887,2318.554111843113,0.0,0.0,True,False
ETHUSDT,15m,LONG,2348.88,2358.6412873555296,2339.11871264447,2.0,2.0,4.880643677764738,4.880643677764965,0.004155719898645049,0.0041557198986452715,0.0004768229964918,0.11473896415570876,sl,2358.6412873555296,2339.11871264447,0.0,0.0,False,False
ETHUSDT,15m,SHORT,2275.23,2254.1997832337115,2296.2602167662885,2.0,2.0,10.515108383144252,10.515108383144252,0.00924311685688417,0.00924311685688406,0.0029667330335834,0.32096673443804946,time,2254.1997832337115,2296.2602167662885,0.0,0.0,False,False
ETHUSDT,15m,SHORT,2272.58,2251.7945765801637,2293.3654234198366,2.0,2.0,10.392711709918103,10.39271170991833,0.009146178977125663,0.009146178977125885,0.0206329370143184,2.2559078568132986,tp,2251.7945765801637,2293.3654234198366,0.0,0.0,True,False
ETHUSDT,15m,SHORT,2222.79,2195.291507683874,2250.288492316126,2.0,2.0,13.749246158062988,13.749246158062988,0.012371160710695106,0.012371160710695106,0.0008052942473197,0.06509447788706743,sl,2195.291507683874,2250.288492316126,0.0,0.0,False,False
ETHUSDT,15m,LONG,2304.0,2316.2003878950827,2291.7996121049173,2.0,2.0,6.1001939475413565,6.1001939475413565,0.005295307246129699,0.005295307246129699,0.0056423611111111,1.0655398919930585,tp,2316.2003878950827,2291.7996121049173,0.0,0.0,True,False
ETHUSDT,15m,LONG,2317.06,2333.330635170013,2300.789364829988,2.0,2.0,8.135317585006533,8.135317585006078,0.00702210351480459,0.0070221035148041455,0.0032713870163051,0.4658699504227026,sl,2333.330635170013,2300.789364829988,0.0,0.0,False,False
ETHUSDT,15m,SHORT,2327.89,2314.1452653346005,2341.6347346653997,2.0,2.0,6.872367332699696,6.872367332699923,0.005904374633423193,0.005904374633423304,0.0070493021577479,1.193911734164624,tp,2314.1452653346005,2341.6347346653997,0.0,0.0,True,False
ETHUSDT,15m,SHORT,2307.05,2300.281754249607,2313.818245750393,2.0,2.0,3.384122875196681,3.3841228751964536,0.0029337230447512574,0.0029337230447510354,0.0045035868316682,1.5351097438204317,tp,2300.281754249607,2313.818245750393,0.0,0.0,True,False
ETHUSDT,15m,LONG,2340.71,2349.3425237656143,2332.077476234386,2.0,2.0,4.316261882807112,4.316261882807112,0.003687993713708426,0.003687993713708315,0.0048233228379423,1.307844647352247,tp,2349.3425237656143,2332.077476234386,0.0,0.0,True,False
ETHUSDT,15m,SHORT,2311.86,2297.2137639105176,2326.5062360894826,2.0,2.0,7.32311804474125,7.32311804474125,0.006335260824393507,0.006335260824393618,0.0040443625479051,0.6383892723615335,sl,2297.2137639105176,2326.5062360894826,0.0,0.0,False,False
ETHUSDT,15m,SHORT,2261.13,2243.2199702136795,2279.0400297863207,2.0,2.0,8.955014893160296,8.955014893160296,0.007920831525087269,0.00792083152508738,0.0124406823137104,1.570628320310516,tp,2243.2199702136795,2279.0400297863207,0.0,0.0,True,False
ETHUSDT,15m,SHORT,2245.51,2228.437790239759,2262.5822097602413,2.0,2.0,8.536104880120547,8.536104880120547,0.0076028206332819925,0.0076028206332821036,0.0021687723501566,0.2852589130753151,sl,2228.437790239759,2262.5822097602413,0.0,0.0,False,False
ETHUSDT,15m,SHORT,2117.11,2105.3202356527154,2128.899764347285,2.0,2.0,5.894882173642372,5.894882173642372,0.005568801029367743,0.005568801029367743,0.0027254134173472,0.48940757677898783,sl,2105.3202356527154,2128.899764347285,0.0,0.0,False,False
ETHUSDT,15m,LONG,2117.61,2129.074036100527,2106.1459638994734,2.0,2.0,5.7320180502633775,5.7320180502633775,0.005413667342204942,0.005413667342205053,0.0056667658350687,1.0467517630591379,tp,2129.074036100527,2106.1459638994734,0.0,0.0,True,False
ETHUSDT,15m,SHORT,2095.36,2083.620727945632,2107.099272054368,2.0,2.0,5.869636027184015,5.869636027184015,0.005602508425458175,0.005602508425458064,0.0056935323762982,1.016246999366642,tp,2083.620727945632,2107.099272054368,0.0,0.0,True,False
ETHUSDT,15m,LONG,2120.48,2133.2732045596717,2107.6867954403288,2.0,2.0,6.396602279835861,6.3966022798356335,0.006033164453176587,0.006033164453176254,0.0077152342865766,1.278803909035559,tp,2133.2732045596717,2107.6867954403288,0.0,0.0,True,False
ETHUSDT,15m,LONG,2137.18,2153.22658639728,2121.1334136027194,2.0,2.0,8.023293198639976,8.023293198640204,0.007508298972140892,0.007508298972141003,0.0004632272433768,0.06169536470185562,sl,2153.22658639728,2121.1334136027194,0.0,0.0,False,False
ETHUSDT,15m,LONG,2030.35,2037.7037204775595,2022.9962795224403,2.0,2.0,3.6768602387797955,3.6768602387797955,0.0036218979375770566,0.0036218979375770566,3.44768143424354e-05,0.009518991130241338,sl,2037.7037204775595,2022.9962795224403,0.0,0.0,False,False
ETHUSDT,15m,SHORT,1655.29,1647.022369409921,1663.5576305900788,2.0,2.0,4.133815295039426,4.133815295039426,0.0049946719850170185,0.0049946719850171295,0.000356433011738,0.07136264659765951,sl,1647.022369409921,1663.5576305900788,0.0,0.0,False,False
ETHUSDT,15m,LONG,1700.32,1713.065620136529,1687.5743798634708,2.0,2.0,6.3728100682645845,6.3728100682645845,0.007496012595587409,0.007496012595587409,0.0144443398889621,1.9269364485146254,tp,1713.065620136529,1687.5743798634708,0.0,0.0,True,False
ETHUSDT,15m,SHORT,1709.59,1697.8403689997024,1721.3396310002977,2.0,2.0,5.87481550014877,5.874815500148884,0.00687277709877665,0.006872777098776872,0.0048374171584999,0.7038518911607008,sl,1697.8403689997024,1721.3396310002977,0.0,0.0,False,False
ETHUSDT,15m,LONG,1751.74,1770.8377571488988,1732.6422428511012,2.0,2.0,9.548878574449418,9.548878574449418,0.010902164218947297,0.010902164218947408,0.0014271524312968,0.13090542415573744,sl,1770.8377571488988,1732.6422428511012,0.0,0.0,False,False
ETHUSDT,15m,SHORT,1712.86,1701.3657432194366,1724.3542567805632,2.0,2.0,5.7471283902816594,5.7471283902816594,0.006710564074450476,0.006710564074450476,0.0191842882664081,2.858819028261658,tp,1701.3657432194366,1724.3542567805632,0.0,0.0,True,False
ETHUSDT,15m,SHORT,1634.25,1621.1066974406535,1647.3933025593465,2.0,2.0,6.571651279673233,6.571651279673233,0.008042406338899522,0.008042406338899522,0.0008933761664372,0.11108319186959219,sl,1621.1066974406535,1647.3933025593465,0.0,0.0,False,False
ETHUSDT,15m,LONG,1593.73,1606.799876972996,1580.660123027004,2.0,2.0,6.534938486497936,6.534938486498049,0.008200810032437111,0.008200810032437222,0.0035012204074717,0.42693592384449,sl,1606.799876972996,1580.660123027004,0.0,0.0,False,False
ETHUSDT,15m,LONG,1602.08,1616.7218353602268,1587.438164639773,2.0,2.0,7.320917680113439,7.320917680113439,0.009139266054271289,0.009139266054271289,0.0140879356836114,1.541473418100934,tp,1616.7218353602268,1587.438164639773,0.0,0.0,True,False
ETHUSDT,15m,LONG,1767.96,1779.6502752661322,1756.269724733868,2.0,2.0,5.845137633066088,5.845137633065974,0.006612296243202476,0.006612296243202254,0.0,0.0,sl,1779.6502752661322,1756.269724733868,0.0,0.0,False,False
ETHUSDT,15m,LONG,1778.94,1795.518581542474,1762.361418457526,2.0,2.0,8.289290771237006,8.289290771237006,0.009319359586312137,0.009319359586312026,0.0028443904797238,0.3052130839442568,sl,1795.518581542474,1762.361418457526,0.0,0.0,False,False
ETHUSDT,15m,LONG,1807.51,1817.3540008259065,1797.6659991740937,2.0,2.0,4.922000412953253,4.922000412953139,0.005446166729869528,0.005446166729869417,0.001250338863962,0.2295814516850008,sl,1817.3540008259065,1797.6659991740937,0.0,0.0,False,False
ETHUSDT,15m,SHORT,1785.24,1771.4373794562637,1799.0426205437363,2.0,2.0,6.901310271868169,6.901310271868169,0.00773152099646901,0.00773152099646901,0.0065481391857677,0.8469406199321245,time,1771.4373794562637,1799.0426205437363,0.0,0.0,False,False
ETHUSDT,15m,LONG,1906.11,1917.2934610868492,1894.9265389131504,2.0,2.0,5.59173054342466,5.591730543424774,0.005867164584860918,0.005867164584861029,0.0031897424597741,0.5436599593617355,sl,1917.2934610868492,1894.9265389131504,0.0,0.0,False,False
ETHUSDT,15m,SHORT,1861.94,1857.4285351750436,1866.4514648249567,2.0,2.0,2.25573241247821,2.2557324124783236,0.0024229915168890725,0.0024229915168891836,0.0002470541478243,0.10196244852788333,sl,1857.4285351750436,1866.4514648249567,0.0,0.0,False,False
ETHUSDT,15m,LONG,1947.28,1959.639965292101,1934.920034707899,2.0,2.0,6.179982646050462,6.179982646050462,0.006347297405663754,0.006347297405663754,0.0155601659751037,2.45146319459038,tp,1959.639965292101,1934.920034707899,0.0,0.0,True,False
ETHUSDT,15m,SHORT,1891.59,1879.7660860371132,1903.4139139628865,2.0,2.0,5.911956981443382,5.911956981443268,0.006250780540649314,0.006250780540649092,0.0172183189803286,2.7545870261092236,tp,1879.7660860371132,1903.4139139628865,0.0,0.0,True,False
ETHUSDT,15m,SHORT,1858.27,1845.141825488625,1871.398174511375,2.0,2.0,6.564087255687468,6.564087255687468,0.007064729297343697,0.007064729297343808,0.0041974524692321,0.594142010623156,sl,1845.141825488625,1871.398174511375,0.0,0.0,False,False
SOLUSDT,15m,SHORT,117.07,115.4447092506918,118.6952907493082,2.0,2.0,0.812645374654096,0.8126453746541031,0.013883067816760852,0.013883067816760963,0.014948321517041,1.0767304254607242,tp,115.4447092506918,118.6952907493082,0.0,0.0,True,False
SOLUSDT,15m,SHORT,106.5,102.70041668209564,110.29958331790436,2.0,2.0,1.8997916589521822,1.8997916589521822,0.03567683866576865,0.03567683866576865,0.016338028169014,0.4579449519637533,sl,102.70041668209564,110.29958331790436,0.0,0.0,False,False
SOLUSDT,15m,LONG,115.01,116.81524383104852,113.20475616895148,2.0,2.0,0.9026219155242572,0.9026219155242643,0.015696407538896784,0.015696407538896895,0.016520302582384,1.0524894018867403,tp,116.81524383104852,113.20475616895148,0.0,0.0,True,False
SOLUSDT,15m,LONG,114.52,116.10178292775396,112.93821707224602,2.0,2.0,0.7908914638769815,0.7908914638769886,0.01381228543271007,0.013812285432710292,0.0129235068110374,0.9356530368560241,sl,116.10178292775396,112.93821707224602,0.0,0.0,False,False
SOLUSDT,15m,LONG,129.59,131.67816061645507,127.50183938354492,2.0,2.0,1.0440803082275352,1.0440803082275423,0.016113593768462664,0.016113593768462775,0.014970290917509,0.9290473082924976,time,131.67816061645507,127.50183938354492,0.0,0.0,False,False
SOLUSDT,15m,LONG,127.77,130.0649155750277,125.4750844249723,2.0,2.0,1.1474577875138507,1.1474577875138507,0.017961302144695157,0.017961302144695157,0.0158096579791813,0.8802066716443862,sl,130.0649155750277,125.4750844249723,0.0,0.0,False,False
SOLUSDT,15m,LONG,139.17,140.2636165349721,138.07638346502787,2.0,2.0,0.5468082674860568,0.5468082674860568,0.007858134188202248,0.007858134188202248,0.0040957102823886,0.521206457448597,sl,140.2636165349721,138.07638346502787,0.0,0.0,False,False
SOLUSDT,15m,SHORT,146.9,145.94061017077806,147.85938982922195,2.0,2.0,0.4796949146109739,0.4796949146109739,0.006530904215261701,0.006530904215261701,0.0068754254594963,1.0527524570685796,tp,145.94061017077806,147.85938982922195,0.0,0.0,True,False
SOLUSDT,15m,LONG,178.39,181.2909550096912,175.48904499030877,2.0,2.0,1.4504775048456082,1.4504775048456082,0.01626187011430691,0.01626187011430691,0.0196199338527944,1.2064992350131443,tp,181.2909550096912,175.48904499030877,0.0,0.0,True,False
SOLUSDT,15m,SHORT,171.14864,169.1571981903936,172.1443609048032,3.0,1.5,0.6638139365354713,0.6638139365354618,0.011635744284070326,0.005817872142034997,0.0060686430228133,0.5215517696724781,sl,169.1571981903936,172.1443609048032,0.0,0.0,False,False
SOLUSDT,15m,SHORT,172.24831,170.25070137760818,173.2471143111959,3.0,1.5,0.6658695407972743,0.6658695407972649,0.011597261084255739,0.005798630542127814,0.0001643557489766,0.014171945236252965,sl,170.25070137760818,173.2471143111959,0.0,0.0,False,False
SOLUSDT,15m,LONG,168.100415,171.9229375472444,166.18915372637778,3.0,1.5,1.2741741824148012,1.2741741824148107,0.022739518800381386,0.011369759400190804,0.0014847375599875,0.06529327084804443,sl,171.9229375472444,166.18915372637778,0.0,0.0,False,False
SOLUSDT,15m,LONG,165.27956899999998,169.46953216145985,163.18458741927003,3.0,1.5,1.3966543871532906,1.3966543871533001,0.025350762872934807,0.012675381436467514,0.0088966289596267,0.3509412716382193,sl,169.46953216145985,163.18458741927003,0.0,0.0,False,False
SOLUSDT,15m,LONG,166.059803,168.8562232683496,164.66159286582518,3.0,1.5,0.9321400894498689,0.9321400894498689,0.016839838527025197,0.008419919263512599,0.0038552195560535,0.22893447284939822,sl,168.8562232683496,164.66159286582518,0.0,0.0,False,False
SOLUSDT,15m,LONG,174.622371,178.5122271778021,172.67744291109892,3.0,1.5,1.296618725934034,1.2966187259340434,0.022275818129866565,0.011137909064933393,0.0187698115724245,0.842609302293533,time,178.5122271778021,172.67744291109892,0.0,0.0,False,False
SOLUSDT,15m,LONG,171.25135999999998,174.42264194968553,169.6657190251572,3.0,1.5,1.0570939832285167,1.0570939832285262,0.01851828767774788,0.00925914383887394,0.0179189233884041,0.9676339249193113,time,174.42264194968553,169.6657190251572,0.0,0.0,False,False
SOLUSDT,15m,LONG,172.111618,174.60226796468947,170.86629301765527,3.0,1.5,0.8302166548964939,0.8302166548964843,0.014471132127114705,0.007235566063557242,0.0156780932708447,1.083404749063724,tp,174.60226796468947,170.86629301765527,0.0,0.0,True,False
SOLUSDT,15m,SHORT,176.05716700000002,173.91833201944087,177.12658449027958,3.0,1.5,0.7129449935197177,0.7129449935197082,0.012148525487514772,0.0060742627437573304,0.0037326909844006,0.30725465310475286,sl,173.91833201944087,177.12658449027958,0.0,0.0,False,False
SOLUSDT,15m,SHORT,177.04687,174.88039914260884,178.1301054286956,3.0,1.5,0.7221569524637251,0.7221569524637251,0.012236708038900534,0.006118354019450267,0.0046703452029398,0.381666800261374,sl,174.88039914260884,178.1301054286956,0.0,0.0,False,False
SOLUSDT,15m,SHORT,178.12654600000002,175.5578595262589,179.4108892368706,3.0,1.5,0.85622882458037,0.8562288245803794,0.01442057083249737,0.007210285416248796,0.0176085264685927,1.221070002923264,tp,175.5578595262589,179.4108892368706,0.0,0.0,True,False
SOLUSDT,15m,LONG,174.412308,176.6782471968127,173.27933840159363,3.0,1.5,0.7553130656042318,0.7553130656042413,0.01299185374470646,0.006495926872353341,0.0049176116630485,0.37851501099696294,sl,176.6782471968127,173.27933840159363,0.0,0.0,False,False
SOLUSDT,15m,SHORT,160.76175700000002,157.91111793802878,162.18707653098565,3.0,1.5,0.9502130206570788,0.9502130206570882,0.01773207207464922,0.00886603603732472,0.0164327452579409,0.9267244791675582,time,157.91111793802878,162.18707653098565,0.0,0.0,False,False
SOLUSDT,15m,SHORT,152.88412100000002,150.98300154508794,153.83468072745606,3.0,1.5,0.6337064849706925,0.6337064849706925,0.01243503538809032,0.006217517694045105,0.0021854526017127,0.1757496085460136,sl,150.98300154508794,153.83468072745606,0.0,0.0,False,False
SOLUSDT,15m,SHORT,153.603905,151.54287630702112,154.63441934648944,3.0,1.5,0.6870095643262933,0.6870095643262933,0.013417814429775632,0.006708907214887816,0.0011972677387336,0.08922971360199534,sl,151.54287630702112,154.63441934648944,0.0,0.0,False,False
SOLUSDT,15m,SHORT,151.824439,148.78405305050086,153.34463197474955,3.0,1.5,1.0134619831663845,1.013461983166356,0.02002566892079316,0.010012834460396247,0.003849439549057,0.19222526669558734,sl,148.78405305050086,153.34463197474955,0.0,0.0,False,False
SOLUSDT,15m,LONG,149.54485,151.91299021989468,148.36077989005267,3.0,1.5,0.789380073298228,0.7893800732982186,0.01583565211302629,0.007917826056513033,0.0077913080925221,0.49201056179511726,sl,151.91299021989468,148.36077989005267,0.0,0.0,False,False
SOLUSDT,15m,SHORT,148.435456,146.6030316424641,149.35166817876794,3.0,1.5,0.6108081191786331,0.6108081191786331,0.012344923557454535,0.006172461778727323,0.0171485712955266,1.3891192777108259,tp,146.6030316424641,149.35166817876794,0.0,0.0,True,False
SOLUSDT,15m,LONG,143.99318499999998,146.28193029448778,142.84881235275608,3.0,1.5,0.7629150981625988,0.7629150981625988,0.01589481678933491,0.007947408394667455,0.0023391037568898,0.14716141669901409,sl,146.28193029448778,142.84881235275608,0.0,0.0,False,False
SOLUSDT,15m,SHORT,141.577514,137.64518908839807,143.54367645580098,3.0,1.5,1.3107749705339795,1.3107749705339795,0.027775066820299843,0.013887533410150033,0.0103654454619113,0.37319245814867136,sl,137.64518908839807,143.54367645580098,0.0,0.0,False,False
SOLUSDT,15m,LONG,142.632777,144.83619286937142,141.53106906531428,3.0,1.5,0.7344719564571373,0.7344719564571468,0.015448173384238428,0.007724086692119325,0.0075524225402973,0.4888877378864054,sl,144.83619286937142,141.53106906531428,0.0,0.0,False,False
SOLUSDT,15m,SHORT,143.38697100000002,142.02817835244045,144.06636732377982,3.0,1.5,0.45293088251985597,0.45293088251986546,0.00947640247982895,0.004738201239914641,4.861669056403581e-05,0.005130289755792786,sl,142.02817835244045,144.06636732377982,0.0,0.0,False,False
SOLUSDT,15m,SHORT,144.18673099999998,142.828389246383,144.86590187680846,3.0,1.5,0.45278058453898967,0.45278058453898967,0.009420712600918701,0.004710356300459351,0.0008789366339124,0.09329831735092807,sl,142.828389246383,144.86590187680846,0.0,0.0,False,False
SOLUSDT,15m,SHORT,146.476044,145.09392105624434,147.16710547187782,3.0,1.5,0.4607076479185537,0.4607076479185442,0.009435829272912755,0.004717914636456211,0.0062538827168215,0.6627804018004433,sl,145.09392105624434,147.16710547187782,0.0,0.0,False,False
SOLUSDT,15m,SHORT,148.19,146.23151314458656,149.16924342770673,3.0,1.5,0.6528289518044801,0.6528289518044895,0.013216052739141948,0.0066080263695711405,0.01012214049531,0.7658974048530605,sl,146.23151314458656,149.16924342770673,0.0,0.0,False,False
SOLUSDT,15m,LONG,153.29,155.1896364469984,152.34018177650077,3.0,1.5,0.6332121489994714,0.633212148999481,0.012392435560039328,0.006196217780019664,0.003587970513406,0.2895290837723439,sl,155.1896364469984,152.34018177650077,0.0,0.0,False,False
SOLUSDT,15m,SHORT,149.33,146.9882987739879,150.5008506130061,3.0,1.5,0.7805670753373685,0.7805670753373875,0.0156813850265326,0.007840692513266356,0.0027455969999332,0.1750863839697643,sl,146.9882987739879,150.5008506130061,0.0,0.0,False,False
SOLUSDT,15m,SHORT,148.43,146.38869516427206,149.45065241786398,3.0,1.5,0.6804349452426474,0.6804349452426474,0.013752643237404438,0.006876321618702219,0.0140133396213704,1.018956092982687,tp,146.38869516427206,149.45065241786398,0.0,0.0,True,False
SOLUSDT,15m,LONG,153.05,155.2988692499118,151.9255653750441,3.0,1.5,0.7496230833039306,0.74962308330394,0.014693689970021406,0.007346844985010814,0.0005880431231622,0.04002011233134404,sl,155.2988692499118,151.9255653750441,0.0,0.0,False,False
SOLUSDT,15m,LONG,149.45,150.98088168189034,148.68455915905483,3.0,1.5,0.5102938939634498,0.5102938939634404,0.010243437148814705,0.005121718574407241,0.0109066577450654,1.0647459038031428,tp,150.98088168189034,148.68455915905483,0.0,0.0,True,False
SOLUSDT,15m,LONG,151.18,152.68560874236687,150.42719562881658,3.0,1.5,0.5018695807889534,0.5018695807889534,0.009959047111832708,0.004979523555916354,0.010914142082286,1.0959022444344608,tp,152.68560874236687,150.42719562881658,0.0,0.0,True,False
SOLUSDT,15m,SHORT,150.26,148.40665768634264,151.18667115682865,3.0,1.5,0.6177807712191168,0.6177807712191073,0.012334236081840477,0.006167118040920183,0.0059230666844135,0.4802135004642848,sl,148.40665768634264,151.18667115682865,0.0,0.0,False,False
SOLUSDT,15m,SHORT,160.68,158.41007318754166,161.8149634062292,3.0,1.5,0.7566422708194503,0.7566422708194599,0.014127002815897183,0.007063501407948758,0.0028628329599203,0.20264970547742375,sl,158.41007318754166,161.8149634062292,0.0,0.0,False,False
SOLUSDT,15m,SHORT,159.3,156.47212142638094,160.7139392868095,3.0,1.5,0.942626191206358,0.9426261912063296,0.01775190567243612,0.008875952836217893,0.0079096045197741,0.4455636857092793,sl,156.47212142638094,160.7139392868095,0.0,0.0,False,False
SOLUSDT,15m,LONG,187.17,188.88078259322265,186.31460870338867,3.0,1.5,0.5702608644075534,0.570260864407544,0.009140260689334045,0.004570130344666912,0.009403216327403,1.0287689429225801,tp,188.88078259322265,186.31460870338867,0.0,0.0,True,False
SOLUSDT,15m,SHORT,184.5,182.49448346394985,185.50275826802508,3.0,1.5,0.6685055120167173,0.6685055120167173,0.010870008325475133,0.005435004162737567,0.0008672086720867,0.07977994552720767,sl,182.49448346394985,185.50275826802508,0.0,0.0,False,False
SOLUSDT,15m,LONG,187.07,188.91599496543037,186.1470025172848,3.0,1.5,0.6153316551434594,0.615331655143469,0.009867936951036382,0.004933968475518302,0.0065750788474903,0.6663073426710282,sl,188.91599496543037,186.1470025172848,0.0,0.0,False,False
SOLUSDT,15m,LONG,188.77,191.3647032984071,187.47264835079645,3.0,1.5,0.8649010994690324,0.8649010994690419,0.013745315984569073,0.006872657992284648,0.0043968850982676,0.3198824314554633,sl,191.3647032984071,187.47264835079645,0.0,0.0,False,False
SOLUSDT,15m,SHORT,182.78,178.67498853560926,184.83250573219536,3.0,1.5,1.368337154796914,1.3683371547969045,0.022458756233672994,0.011229378116836441,0.0009847904584747,0.04384884221674654,sl,178.67498853560926,184.83250573219536,0.0,0.0,False,False
SOLUSDT,15m,LONG,169.47,172.75517157278782,167.8274142136061,3.0,1.5,1.0950571909292723,1.0950571909292723,0.0193849741711678,0.0096924870855839,0.001298164866938,0.06696758300915472,sl,172.75517157278782,167.8274142136061,0.0,0.0,False,False
SOLUSDT,15m,LONG,168.96,172.52755198723702,167.17622400638152,3.0,1.5,1.18918399574567,1.1891839957456607,0.021114772651734226,0.010557386325867002,0.0029000946969695,0.13734908468130277,sl,172.52755198723702,167.17622400638152,0.0,0.0,False,False
SOLUSDT,15m,LONG,169.7,172.72808112664595,168.185959436677,3.0,1.5,1.0093603755486527,1.0093603755486622,0.017843730858255524,0.008921865429127873,0.0008249852681202,0.046233899999590884,sl,172.72808112664595,168.185959436677,0.0,0.0,False,False
SOLUSDT,15m,LONG,191.13,192.50089133316732,190.2160724445551,1.5,1.0,0.913927555444881,0.9139275554449,0.007172559687999458,0.004781706458666379,0.0102024799874431,1.4224322182376616,tp,192.50089133316732,190.2160724445551,0.0,0.0,True,False
SOLUSDT,15m,SHORT,184.9,183.1328613602868,186.07809242647548,1.5,1.0,1.178092426475473,1.178092426475473,0.009557266845393264,0.00637151123026225,0.0109248242293131,1.143090844489606,tp,183.1328613602868,186.07809242647548,0.0,0.0,True,False
SOLUSDT,15m,SHORT,181.18,179.31514336784645,182.42323775476905,1.5,1.0,1.2432377547690407,1.2432377547690407,0.010292839342938342,0.006861892895292154,0.007892703388895,0.7668149794167326,time,179.31514336784645,182.42323775476905,0.0,0.0,False,False
SOLUSDT,15m,LONG,184.55,185.9823705644962,183.5950862903359,1.5,1.0,0.9549137096641213,0.9549137096641118,0.007761422728237211,0.005174281818824733,0.0042264968843132,0.5445518215283617,sl,185.9823705644962,183.5950862903359,0.0,0.0,False,False
SOLUSDT,15m,LONG,204.93,206.62854609916613,203.79763593388927,1.5,1.0,1.1323640661107486,1.132364066110739,0.008288420920149031,0.005525613946765873,0.0027326404137998,0.32969373058223805,sl,206.62854609916613,203.79763593388927,0.0,0.0,False,False
SOLUSDT,15m,LONG,207.4,210.44872067820023,205.3675195478665,1.5,1.0,2.032480452133484,2.0324804521335125,0.014699713973964412,0.00979980931597646,0.015380906460945,1.0463405266379395,tp,210.44872067820023,205.3675195478665,0.0,0.0,True,False
SOLUSDT,15m,SHORT,202.76,201.5477432828389,203.56817114477408,1.5,1.0,0.8081711447740645,0.8081711447740929,0.00597877647051237,0.003985850980341654,0.0021207338725585,0.3547103463422771,sl,201.5477432828389,203.56817114477408,0.0,0.0,False,False
SOLUSDT,15m,SHORT,199.78,197.9991943323272,200.9672037784485,1.5,1.0,1.187203778448539,1.1872037784484917,0.008913833555274864,0.005942555703516428,0.0022024226649314,0.24707917769320376,sl,197.9991943323272,200.9672037784485,0.0,0.0,False,False
SOLUSDT,15m,SHORT,202.17,201.299088133956,202.750607910696,1.5,1.0,0.5806079106959979,0.5806079106960169,0.004307819488766906,0.0028718796591780116,0.0005935598753523,0.1377866173130211,sl,201.299088133956,202.750607910696,0.0,0.0,False,False
SOLUSDT,15m,LONG,214.42,216.38045569209825,213.11302953860115,1.5,1.0,1.306970461398843,1.3069704613988335,0.009143063576617205,0.0060953757177447665,0.0062494170319933,0.6835145550093057,sl,216.38045569209825,213.11302953860115,0.0,0.0,False,False
SOLUSDT,15m,LONG,239.94,241.3834876376189,238.97767490825407,1.5,1.0,0.9623250917459435,0.9623250917459245,0.0060160358323702035,0.004010690554913432,0.0003750937734433,0.06234899257498607,sl,241.3834876376189,238.97767490825407,0.0,0.0,False,False
SOLUSDT,15m,SHORT,239.68,238.7320700088013,240.3119533274658,1.5,1.0,0.6319533274658132,0.6319533274657942,0.003954981605468588,0.0026366544036455775,0.0,0.0,sl,238.7320700088013,240.3119533274658,0.0,0.0,False,False
SOLUSDT,15m,LONG,207.99,209.53489750376485,206.4451024962352,2.0,2.0,0.7724487518824219,0.7724487518824077,0.0074277489483380865,0.0074277489483379755,0.0077407567671521,1.0421403336315032,tp,209.53489750376485,206.4451024962352,0.0,0.0,True,False
SOLUSDT,15m,LONG,206.79,208.29560850241663,205.28439149758336,2.0,2.0,0.7528042512083175,0.7528042512083175,0.007280857403243024,0.007280857403243024,0.0055128391121428,0.7571689440981612,sl,208.29560850241663,205.28439149758336,0.0,0.0,False,False
SOLUSDT,15m,LONG,210.42,212.7071404905127,208.13285950948728,2.0,2.0,1.143570245256356,1.143570245256356,0.01086940638015732,0.01086940638015732,0.0054652599562779,0.5028112635713964,time,212.7071404905127,208.13285950948728,0.0,0.0,False,False
SOLUSDT,15m,LONG,230.31,232.5580995773689,228.0619004226311,2.0,2.0,1.1240497886844452,1.1240497886844452,0.009761189602574216,0.009761189602574327,0.0049498502019017,0.5070949754522059,sl,232.5580995773689,228.0619004226311,0.0,0.0,False,False
SOLUSDT,15m,LONG,229.25,231.56465956374208,226.93534043625792,2.0,2.0,1.1573297818710415,1.1573297818710415,0.010096661128645934,0.010096661128645934,0.0106870229007633,1.058470990022871,tp,231.56465956374208,226.93534043625792,0.0,0.0,True,False
SOLUSDT,15m,LONG,230.55,232.84187270352376,228.25812729647623,2.0,2.0,1.1459363517618755,1.1459363517618897,0.009940892229554299,0.00994089222955441,0.0019518542615484,0.19634598348682747,sl,232.84187270352376,228.25812729647623,0.0,0.0,False,False
SOLUSDT,15m,SHORT,228.08,226.64496916402035,229.51503083597967,2.0,2.0,0.71751541798983,0.71751541798983,0.0062917872499984595,0.0062917872499985705,0.0074535250789197,1.1846435333492125,tp,226.64496916402035,229.51503083597967,0.0,0.0,True,False
SOLUSDT,15m,LONG,231.95,234.5553267445537,229.34467325544628,2.0,2.0,1.3026633722768537,1.3026633722768537,0.011232277407000169,0.01123227740700028,0.0052166415175684,0.4644331090253602,sl,234.5553267445537,229.34467325544628,0.0,0.0,False,False
SOLUSDT,15m,LONG,232.9,235.16519365127905,230.63480634872096,2.0,2.0,1.1325968256395242,1.1325968256395242,0.009726035428420099,0.009726035428420099,0.0097466723915842,1.0021218268549381,time,235.16519365127905,230.63480634872096,0.0,0.0,True,True
SOLUSDT,15m,SHORT,222.43,220.33609938146407,224.5239006185359,2.0,2.0,1.0469503092679702,1.0469503092679417,0.009413750926295594,0.009413750926295483,0.0133525153981027,1.4184054265558361,tp,220.33609938146407,224.5239006185359,0.0,0.0,True,False
SOLUSDT,15m,SHORT,221.4,219.1892499439494,223.61075005605065,2.0,2.0,1.105375028025307,1.1053750280253212,0.009985320939704723,0.009985320939704723,0.0089430894308943,0.8956236344225865,time,219.1892499439494,223.61075005605065,0.0,0.0,False,False
SOLUSDT,15m,SHORT,178.68,175.02548583021303,182.33451416978696,2.0,2.0,1.827257084893489,1.8272570848934748,0.020452844021641936,0.020452844021641825,0.0008394895903291,0.04104512748646613,sl,175.02548583021303,182.33451416978696,0.0,0.0,False,False
SOLUSDT,15m,LONG,194.32,197.0181442319262,191.62185576807377,2.0,2.0,1.3490721159630965,1.3490721159631107,0.013885056771954396,0.013885056771954618,-5.1461506792872094e-05,-0.003706251089791447,sl,197.0181442319262,191.62185576807377,0.0,0.0,False,False
SOLUSDT,15m,LONG,192.51,195.80666517956905,189.21333482043093,2.0,2.0,1.6483325897845305,1.6483325897845305,0.017124643808472673,0.01712464380847256,0.0227520648278011,1.3286153617130523,tp,195.80666517956905,189.21333482043093,0.0,0.0,True,False
SOLUSDT,15m,LONG,204.21,207.2329608773095,201.1870391226905,2.0,2.0,1.5114804386547434,1.5114804386547576,0.014803197087848163,0.014803197087848385,0.0041134126634347,0.2778732620408986,sl,207.2329608773095,201.1870391226905,0.0,0.0,False,False
SOLUSDT,15m,LONG,203.39,206.64116684758528,200.1388331524147,2.0,2.0,1.6255834237926479,1.6255834237926479,0.015984890346552483,0.01598489034655237,0.0018683317763903,0.11688111309398187,sl,206.64116684758528,200.1388331524147,0.0,0.0,False,False
SOLUSDT,15m,LONG,202.48,205.42303912600312,199.5369608739969,2.0,2.0,1.4715195630015643,1.47151956300155,0.014534962099975957,0.014534962099975846,0.0088897668905571,0.6116126639622821,sl,205.42303912600312,199.5369608739969,0.0,0.0,False,False
SOLUSDT,15m,SHORT,195.33,191.8010559488962,198.85894405110383,2.0,2.0,1.7644720255519104,1.7644720255519104,0.018066574776551603,0.018066574776551603,0.020785337633748,1.1504857943922524,tp,191.8010559488962,198.85894405110383,0.0,0.0,True,False
SOLUSDT,15m,SHORT,182.65,178.20313090140567,187.09686909859437,2.0,2.0,2.223434549297167,2.223434549297181,0.02434639528384519,0.024346395283845412,0.0074459348480701,0.3058331535843738,time,178.20313090140567,187.09686909859437,0.0,0.0,False,False
SOLUSDT,15m,LONG,190.4,192.37709579667933,188.42290420332068,2.0,2.0,0.988547898339661,0.988547898339661,0.010383906495164519,0.010383906495164519,0.0002100840336134,0.020231695432853712,sl,192.37709579667933,188.42290420332068,0.0,0.0,False,False
SOLUSDT,15m,SHORT,186.18,184.56124738024775,187.79875261975224,2.0,2.0,0.8093763098761286,0.8093763098761144,0.008694556986530544,0.008694556986530433,0.0125684821140831,1.4455575060988124,tp,184.56124738024775,187.79875261975224,0.0,0.0,True,False
SOLUSDT,15m,LONG,189.64,192.81537066157992,186.46462933842005,2.0,2.0,1.5876853307899665,1.5876853307899665,0.01674420302457258,0.016744203024572468,0.0095443999156296,0.5700121947651333,sl,192.81537066157992,186.46462933842005,0.0,0.0,False,False
SOLUSDT,15m,SHORT,186.0,183.82044011327883,188.1795598867212,2.0,2.0,1.0897799433605826,1.0897799433605968,0.01171806390710306,0.011718063907103282,0.0206451612903225,1.761823578877067,tp,183.82044011327883,188.1795598867212,0.0,0.0,True,False
SOLUSDT,15m,SHORT,182.18,180.1858647001889,184.17413529981116,2.0,2.0,0.99706764990556,0.9970676499055742,0.010945961685207561,0.010945961685207672,0.0008782522779668,0.08023527792479627,sl,180.1858647001889,184.17413529981116,0.0,0.0,False,False
SOLUSDT,15m,LONG,188.75,191.0118117012824,186.4881882987176,2.0,2.0,1.1309058506411986,1.1309058506411986,0.011983108351165006,0.011983108351165006,0.0138278145695364,1.1539422130145431,tp,191.0118117012824,186.4881882987176,0.0,0.0,True,False
SOLUSDT,15m,LONG,190.26,192.68345241249483,187.83654758750515,2.0,2.0,1.2117262062474197,1.2117262062474197,0.01273758232153277,0.012737582321532881,0.0129822348365394,1.0192071390653976,tp,192.68345241249483,187.83654758750515,0.0,0.0,True,False
SOLUSDT,15m,LONG,192.52,193.8327441108841,191.2072558891159,2.0,2.0,0.6563720554420485,0.6563720554420485,0.006818741485996815,0.006818741485996815,0.0009349677955535,0.1371173547895282,sl,193.8327441108841,191.2072558891159,0.0,0.0,False,False
SOLUSDT,15m,LONG,191.64,193.06027425887456,190.21972574112544,2.0,2.0,0.7101371294372854,0.7101371294372711,0.007411157685632386,0.007411157685632164,0.0086620747234399,1.1687883446647749,tp,193.06027425887456,190.21972574112544,0.0,0.0,True,False
SOLUSDT,15m,LONG,192.74,193.9330901790436,191.54690982095644,2.0,2.0,0.596545089521797,0.5965450895217828,0.006190153466035131,0.006190153466034909,0.0063816540417141,1.0309363211638802,tp,193.9330901790436,191.54690982095644,0.0,0.0,True,False
SOLUSDT,15m,LONG,197.38,198.63464840429856,196.12535159570143,2.0,2.0,0.627324202149282,0.627324202149282,0.006356512333055786,0.006356512333055897,0.0261931300030399,4.1206763442946075,tp,198.63464840429856,196.12535159570143,0.0,0.0,True,False
SOLUSDT,15m,LONG,201.56,203.51785308110803,199.602146918892,2.0,2.0,0.9789265405540135,0.9789265405539993,0.009713500104723272,0.00971350010472316,0.0010914864060329,0.11236798211410484,sl,203.51785308110803,199.602146918892,0.0,0.0,False,False
SOLUSDT,15m,LONG,199.39,201.64306539694,197.13693460306,2.0,2.0,1.126532698470001,1.1265326984699868,0.011299791348312382,0.011299791348312271,0.0074727920156477,0.6613212390655122,time,201.64306539694,197.13693460306,0.0,0.0,False,False
SOLUSDT,15m,LONG,199.6,201.4689297012957,197.73107029870428,2.0,2.0,0.9344648506478563,0.9344648506478563,0.009363375256992601,0.009363375256992601,0.0101703406813627,1.08618317670943,tp,201.4689297012957,197.73107029870428,0.0,0.0,True,False
SOLUSDT,15m,SHORT,195.8,194.4384488602037,197.16155113979636,2.0,2.0,0.6807755698981595,0.6807755698981737,0.006953785187928108,0.006953785187928219,0.0073033707865168,1.050272706035783,tp,194.4384488602037,197.16155113979636,0.0,0.0,True,False
SOLUSDT,15m,SHORT,196.26,194.59736096682096,197.92263903317905,2.0,2.0,0.8313195165895166,0.8313195165895308,0.008471614354320978,0.008471614354321089,0.0029043106083766,0.34282847246171516,sl,194.59736096682096,197.92263903317905,0.0,0.0,False,False
SOLUSDT,15m,SHORT,184.55,182.119881683067,186.98011831693304,2.0,2.0,1.2150591584665023,1.2150591584665165,0.013167804480807344,0.013167804480807455,0.0053102140341371,0.403272545691043,time,182.119881683067,186.98011831693304,0.0,0.0,False,False
SOLUSDT,15m,SHORT,186.81,185.6320307872825,187.9879692127175,2.0,2.0,0.5889846063587498,0.5889846063587498,0.006305707471321087,0.006305707471321087,0.0086719126385097,1.3752481665142766,tp,185.6320307872825,187.9879692127175,0.0,0.0,True,False
SOLUSDT,15m,SHORT,186.23,185.0754388651356,187.3845611348644,2.0,2.0,0.5772805674321972,0.5772805674322115,0.0061996516934135215,0.0061996516934137436,0.0010202437845674,0.16456469411842958,sl,185.0754388651356,187.3845611348644,0.0,0.0,False,False
SOLUSDT,15m,SHORT,185.43,184.1459664247168,186.7140335752832,2.0,2.0,0.6420167876416087,0.6420167876415945,0.006924626949701862,0.00692462694970164,0.0064714447500405,0.934555001597469,sl,184.1459664247168,186.7140335752832,0.0,0.0,False,False
SOLUSDT,15m,SHORT,164.34,161.4242956799114,167.2557043200886,2.0,2.0,1.4578521600442969,1.4578521600442969,0.017741902884803373,0.017741902884803373,0.0191067299501035,1.0769267577532031,tp,161.4242956799114,167.2557043200886,0.0,0.0,True,False
SOLUSDT,15m,SHORT,158.18,154.5380674107043,161.82193258929573,2.0,2.0,1.8209662946478602,1.8209662946478602,0.023023976414816794,0.023023976414816794,0.0288911366797319,1.254828278104879,tp,154.5380674107043,161.82193258929573,0.0,0.0,True,False
SOLUSDT,15m,SHORT,160.77,158.63122681937165,162.90877318062837,2.0,2.0,1.0693865903141813,1.0693865903141813,0.01330331019859654,0.01330331019859643,0.0146793556011694,1.103436316377711,tp,158.63122681937165,162.90877318062837,0.0,0.0,True,False
SOLUSDT,15m,SHORT,157.19,153.9173410380194,160.4626589619806,2.0,2.0,1.6363294809902982,1.6363294809902982,0.020819765646546196,0.020819765646546085,0.0054074686684903,0.25972764344671423,sl,153.9173410380194,160.4626589619806,0.0,0.0,False,False
SOLUSDT,15m,LONG,160.14,162.17758882406102,158.10241117593895,2.0,2.0,1.0187944120305161,1.0187944120305161,0.01272379682815683,0.01272379682815683,0.0134257524665917,1.0551687242350092,tp,162.17758882406102,158.10241117593895,0.0,0.0,True,False
SOLUSDT,15m,SHORT,158.32,156.9927062895824,159.6472937104176,2.0,2.0,0.6636468552087962,0.6636468552088104,0.008383613633259124,0.008383613633259346,0.0035371399696816,0.4219111381337047,sl,156.9927062895824,159.6472937104176,0.0,0.0,False,False
SOLUSDT,15m,LONG,166.09,168.30179048142637,163.87820951857364,2.0,2.0,1.1058952407131812,1.1058952407131812,0.013316819082583864,0.013316819082583864,0.0138479137816845,1.0398814984124263,tp,168.30179048142637,163.87820951857364,0.0,0.0,True,False
SOLUSDT,15m,SHORT,162.24,159.3874328577457,163.66628357112717,3.0,1.5,0.9508557140847719,0.9508557140847719,0.01758239116281013,0.008791195581405065,0.0259492110453649,1.4758635958601625,tp,159.3874328577457,163.66628357112717,0.0,0.0,True,False
SOLUSDT,15m,LONG,141.4,143.26808306901498,140.46595846549252,3.0,1.5,0.6226943563383239,0.6226943563383239,0.013211337121746602,0.006605668560873301,0.0082743988684581,0.6263104780543352,sl,143.26808306901498,140.46595846549252,0.0,0.0,False,False
SOLUSDT,15m,SHORT,135.7,133.78688091580256,136.6565595420987,3.0,1.5,0.6377063613991444,0.6377063613991444,0.014098150952081334,0.007049075476040612,0.0187177597641856,1.3276748013130237,tp,133.78688091580256,136.6565595420987,0.0,0.0,True,False
SOLUSDT,15m,SHORT,138.11,136.31597753118473,139.00701123440766,3.0,1.5,0.5980074896050951,0.5980074896050951,0.012989808622223431,0.006494904311111771,0.0028962421258417,0.2229626478781762,sl,136.31597753118473,139.00701123440766,0.0,0.0,False,False
SOLUSDT,15m,SHORT,136.76,134.57803047398383,137.85098476300809,3.0,1.5,0.7273231753387203,0.7273231753387298,0.01595473476174436,0.007977367380872291,0.005191576484352,0.32539409535031316,sl,134.57803047398383,137.85098476300809,0.0,0.0,False,False
SOLUSDT,15m,LONG,135.68,137.5709676825821,134.73451615870897,3.0,1.5,0.6303225608607003,0.6303225608606908,0.013936967000162781,0.0069684835000813905,0.0234375,1.6816786607678884,tp,137.5709676825821,134.73451615870897,0.0,0.0,True,False
SOLUSDT,15m,LONG,134.11,136.15571739784744,133.08714130107631,3.0,1.5,0.6819057992824753,0.6819057992824659,0.015254025783665748,0.007627012891832763,0.0008202222056519,0.05377086791935326,sl,136.15571739784744,133.08714130107631,0.0,0.0,False,False
SOLUSDT,15m,LONG,138.88,140.97717578740134,137.83141210629933,3.0,1.5,0.6990585958004468,0.6990585958004468,0.01510063210974466,0.00755031605487233,0.0087125576036866,0.5769664170590751,sl,140.97717578740134,137.83141210629933,0.0,0.0,False,False
SOLUSDT,15m,LONG,133.76,135.68631473420115,132.79684263289943,3.0,1.5,0.6421049114003855,0.642104911400376,0.01440127642195832,0.007200638210979049,0.0122607655502393,0.8513665866134421,sl,135.68631473420115,132.79684263289943,0.0,0.0,False,False
SOLUSDT,15m,SHORT,130.42,127.3104141869388,131.97479290653058,3.0,1.5,1.0365286043537292,1.0365286043537292,0.02384286009094605,0.01192143004547308,0.0291366354853548,1.222027700293346,tp,127.3104141869388,131.97479290653058,0.0,0.0,True,False
SOLUSDT,15m,LONG,133.39,136.63451940809142,131.76774029595427,3.0,1.5,1.0815064693638117,1.0815064693638117,0.024323558048515048,0.012161779024257524,0.0004498088312467,0.018492723406235412,sl,136.63451940809142,131.76774029595427,0.0,0.0,False,False
SOLUSDT,15m,LONG,125.66,126.55376829905724,125.21311585047138,3.0,1.5,0.2979227663524142,0.2979227663524095,0.007112591907187937,0.0035562959535939687,0.0071621836702212,1.006972389767385,sl,126.55376829905724,125.21311585047138,0.0,0.0,True,True
SOLUSDT,15m,SHORT,124.66,123.2888465894443,125.34557670527784,3.0,1.5,0.4570511368518974,0.45705113685189264,0.010999144958733331,0.005499572479366499,0.0109096743141344,0.9918656727468719,sl,123.2888465894443,125.34557670527784,0.0,0.0,False,False
SOLUSDT,15m,LONG,127.54,129.1913246066939,126.71433769665305,3.0,1.5,0.5504415355646349,0.5504415355646396,0.012947503580789554,0.006473751790394888,0.0076054571114943,0.5874072220979073,sl,129.1913246066939,126.71433769665305,0.0,0.0,False,False
SOLUSDT,15m,LONG,127.17,128.9160572865139,126.29697135674306,3.0,1.5,0.5820190955046343,0.5820190955046295,0.013730103692017881,0.0068650518460088295,0.001179523472517,0.08590783427241896,sl,128.9160572865139,126.29697135674306,0.0,0.0,False,False
SOLUSDT,15m,SHORT,124.28,122.65554911737894,125.09222544131052,3.0,1.5,0.541483627540354,0.5414836275403445,0.013070895418579531,0.006535447709289599,0.0056324428709366,0.43091484481854275,sl,122.65554911737894,125.09222544131052,0.0,0.0,False,False
SOLUSDT,15m,SHORT,121.76,120.47135318743832,122.40432340628084,3.0,1.5,0.42954893752056006,0.4295489375205553,0.010583498789107137,0.005291749394553458,0.0139618922470433,1.3192132890319135,tp,120.47135318743832,122.40432340628084,0.0,0.0,True,False
SOLUSDT,15m,LONG,124.86,126.1396492035324,124.2201753982338,3.0,1.5,0.42654973451080025,0.42654973451079553,0.010248672141057291,0.005124336070528535,0.0007208073041807,0.07033177510802281,sl,126.1396492035324,124.2201753982338,0.0,0.0,False,False
SOLUSDT,15m,SHORT,122.2,120.43243047422716,123.08378476288642,3.0,1.5,0.5891898419242807,0.5891898419242807,0.014464562404033043,0.007232281202016466,0.014975450081833,1.0353199539349707,tp,120.43243047422716,123.08378476288642,0.0,0.0,True,False
SOLUSDT,15m,LONG,123.63,124.63629968479424,123.12685015760286,3.0,1.5,0.33543322826474764,0.33543322826475713,0.008139607577402286,0.004069803788701254,0.0005662056135242,0.06956178269529079,sl,124.63629968479424,123.12685015760286,0.0,0.0,False,False
SOLUSDT,15m,LONG,123.5,124.27469368772798,123.112653156136,3.0,1.5,0.25823122924265834,0.2582312292426631,0.006272823382412751,0.0031364116912064866,0.0006477732793522,0.1032666217206714,sl,124.27469368772798,123.112653156136,0.0,0.0,False,False
SOLUSDT,15m,LONG,123.91,124.69800524559672,123.51599737720164,3.0,1.5,0.2626684151989072,0.2626684151989025,0.006359496776666251,0.0031797483883331257,0.0066984101363893,1.0532924807771837,tp,124.69800524559672,123.51599737720164,0.0,0.0,True,False
SOLUSDT,15m,LONG,124.67,125.73208135510131,124.13895932244934,3.0,1.5,0.35402711836710427,0.35402711836710904,0.008519141374037975,0.0042595706870189876,0.0170851046763455,2.005496085369852,tp,125.73208135510131,124.13895932244934,0.0,0.0,True,False
SOLUSDT,15m,LONG,126.15,128.05983646098332,125.19508176950836,3.0,1.5,0.6366121536611047,0.6366121536610952,0.015139409123926306,0.007569704561963042,0.0007927070947284,0.0523605041808142,sl,128.05983646098332,125.19508176950836,0.0,0.0,False,False
SOLUSDT,15m,LONG,125.57,126.85295315057397,124.928523424713,3.0,1.5,0.4276510501913246,0.4276510501913246,0.010217035522608775,0.0051085177613043875,0.0062913116190173,0.6157668342344085,time,126.85295315057397,124.928523424713,0.0,0.0,False,False
SOLUSDT,15m,SHORT,123.7,121.99224370975747,124.55387814512126,3.0,1.5,0.5692520967475095,0.5692520967475048,0.013805628862106123,0.006902814431053006,0.0012934518997574,0.09369018337930873,sl,121.99224370975747,124.55387814512126,0.0,0.0,False,False
SOLUSDT,15m,SHORT,124.48,123.66044516858024,124.88977741570989,3.0,1.5,0.27318494380658837,0.27318494380658837,0.006583827373230711,0.003291913686615411,0.0032133676092545,0.4880698455612283,sl,123.66044516858024,124.88977741570989,0.0,0.0,False,False
SOLUSDT,15m,SHORT,124.44,123.70524776558996,124.80737611720502,3.0,1.5,0.24491741147001278,0.24491741147001753,0.0059044699004342505,0.0029522349502171252,0.0006428801028608,0.10888024051295761,sl,123.70524776558996,124.80737611720502,0.0,0.0,False,False
SOLUSDT,15m,LONG,126.02,126.93620760953492,125.56189619523252,3.0,1.5,0.3054025365116407,0.30540253651165017,0.007270334943143331,0.0036351674715717763,0.0076971909220758,1.0587120101440495,tp,126.93620760953492,125.56189619523252,0.0,0.0,True,False
SOLUSDT,15m,LONG,127.06,128.12846505763417,126.52576747118292,3.0,1.5,0.3561550192113903,0.3561550192113903,0.008409137868992334,0.004204568934496167,0.0011805446245867,0.1403883065040251,sl,128.12846505763417,126.52576747118292,0.0,0.0,False,False
SOLUSDT,15m,LONG,137.01,137.74328187467628,136.64335906266183,3.0,1.5,0.24442729155876464,0.2444272915587741,0.005352031783638411,0.0026760158918193166,0.0064228888402306,1.2000842109843004,tp,137.74328187467628,136.64335906266183,0.0,0.0,True,False
SOLUSDT,15m,LONG,138.09,139.00928840055366,137.63035579972316,3.0,1.5,0.306429466851218,0.3064294668512275,0.006657168517297807,0.0033285842586490144,0.0095589832717792,1.435893240037622,tp,139.00928840055366,137.63035579972316,0.0,0.0,True,False
SOLUSDT,15m,SHORT,141.97,140.21729454024396,142.84635272987802,3.0,1.5,0.5842351532520146,0.5842351532520146,0.012345604421751366,0.006172802210875794,0.0126787349440023,1.026983735333687,tp,140.21729454024396,142.84635272987802,0.0,0.0,True,False
SOLUSDT,15m,SHORT,143.56,142.81790636819116,143.9310468159044,3.0,1.5,0.24736454393628074,0.24736454393627128,0.0051692228462583145,0.0025846114231291573,0.0002089718584564,0.04042616553234148,sl,142.81790636819116,143.9310468159044,0.0,0.0,False,False
SOLUSDT,15m,LONG,144.31,145.1404168463831,143.89479157680847,3.0,1.5,0.2768056154610292,0.2768056154610197,0.005754395720207084,0.002877197860103431,0.001385905342665,0.2408428982035885,sl,145.1404168463831,143.89479157680847,0.0,0.0,False,False
SOLUSDT,15m,SHORT,143.19,142.2875580227203,143.64122098863984,3.0,1.5,0.3008139924265644,0.3008139924265644,0.006302409227457839,0.003151204613728975,0.0090788462881486,1.440535826933389,tp,142.2875580227203,143.64122098863984,0.0,0.0,True,False
SOLUSDT,15m,LONG,127.24,129.4994747320218,126.11026263398908,3.0,1.5,0.7531582440072716,0.7531582440072763,0.017757581986967974,0.008878790993484098,0.004401131719585,0.24784521467027015,time,129.4994747320218,126.11026263398908,0.0,0.0,False,False
SOLUSDT,15m,LONG,86.07,87.3206584232752,85.44467078836239,3.0,1.5,0.4168861410917373,0.4168861410917373,0.01453071248141291,0.007265356240706455,0.0005809225049379,0.03997894154749756,sl,87.3206584232752,85.44467078836239,0.0,0.0,False,False
SOLUSDT,15m,LONG,86.23,87.6845983692799,85.50270081536006,3.0,1.5,0.4848661230932976,0.4848661230932976,0.01686882023982239,0.008434410119911195,0.0075379798214077,0.4468587437794089,sl,87.6845983692799,85.50270081536006,0.0,0.0,False,False
SOLUSDT,15m,SHORT,84.1,82.17882353836605,85.06058823081698,3.0,1.5,0.6403921538779827,0.6403921538779874,0.022843953170439302,0.011421976585219706,0.0189060642092745,0.8276178850576293,sl,82.17882353836605,85.06058823081698,0.0,0.0,False,False
SOLUSDT,15m,SHORT,85.06,83.86487713160312,85.65756143419844,3.0,1.5,0.3983742894656264,0.3983742894656264,0.014050351145037387,0.007025175572518583,0.0177521749353398,1.263468418126326,tp,83.86487713160312,85.65756143419844,0.0,0.0,True,False
SOLUSDT,15m,SHORT,83.2,81.50172197420976,84.04913901289513,3.0,1.5,0.5660926752634149,0.5660926752634149,0.020411995502286562,0.010205997751143281,0.0040865384615385,0.20020279061303556,sl,81.50172197420976,84.04913901289513,0.0,0.0,False,False
SOLUSDT,15m,LONG,84.22,85.45293416108382,83.60353291945809,3.0,1.5,0.41097805369460616,0.41097805369460616,0.014639446225169994,0.007319723112584997,0.0070054618855379,0.47853325718654716,sl,85.45293416108382,83.60353291945809,0.0,0.0,False,False
SOLUSDT,15m,SHORT,83.17,81.82334778386867,83.84332610806567,3.0,1.5,0.4488840720437774,0.4488840720437774,0.016191562055204223,0.008095781027602111,0.0169532283275219,1.0470409383431207,tp,81.82334778386867,83.84332610806567,0.0,0.0,True,False
SOLUSDT,15m,SHORT,82.81,81.8463812934501,83.29180935327496,3.0,1.5,0.32120623551663624,0.32120623551663624,0.011636501709333502,0.0058182508546666956,-0.0001207583625164,-0.010377548642436165,sl,81.8463812934501,83.29180935327496,0.0,0.0,False,False
SOLUSDT,15m,LONG,85.77,87.97706821380412,84.66646589309794,3.0,1.5,0.7356894046013736,0.7356894046013736,0.025732403099033796,0.012866201549516898,0.0015156814737088,0.05890166837024681,sl,87.97706821380412,84.66646589309794,0.0,0.0,False,False
SOLUSDT,15m,SHORT,83.32,81.51537986905885,84.22231006547057,3.0,1.5,0.6015400436470486,0.6015400436470486,0.021658906996413152,0.01082945349820652,0.012241958713394,0.5652159047278491,sl,81.51537986905885,84.22231006547057,0.0,0.0,False,False
SOLUSDT,15m,LONG,84.74,86.56356413264335,83.82821793367832,3.0,1.5,0.6078547108811184,0.6078547108811184,0.021519520092557975,0.010759760046278988,0.0374085437809771,1.7383539976764617,tp,86.56356413264335,83.82821793367832,0.0,0.0,True,False
SOLUSDT,15m,SHORT,82.93,80.9641962761561,83.91290186192197,3.0,1.5,0.6552679079479683,0.6552679079479731,0.02370437385558788,0.011852186927794106,0.0063909321114192,0.26960982603270295,sl,80.9641962761561,83.91290186192197,0.0,0.0,False,False
SOLUSDT,15m,LONG,86.24,88.71490998469005,85.00254500765496,3.0,1.5,0.8249699948966859,0.8249699948966907,0.028697935815051645,0.014348967907525934,0.0124072356215214,0.43233895641420966,sl,88.71490998469005,85.00254500765496,0.0,0.0,False,False
SOLUSDT,15m,SHORT,84.57,83.34840978177597,85.180795109112,3.0,1.5,0.4071967394080076,0.4071967394080029,0.01444472293040111,0.0072223614652005,0.0031926214969846,0.2210233808130195,sl,83.34840978177597,85.180795109112,0.0,0.0,False,False
SOLUSDT,15m,LONG,85.97,87.45263923562297,85.22868038218851,3.0,1.5,0.49421307854098967,0.49421307854098967,0.01724600716090463,0.008623003580452315,0.0160521112015818,0.9307726160505546,sl,87.45263923562297,85.22868038218851,0.0,0.0,False,False
SOLUSDT,15m,LONG,86.43,87.58468996941902,85.85265501529051,3.0,1.5,0.3848966564730034,0.3848966564729987,0.013359828409337249,0.006679914204668513,0.0027768136063866,0.20784799933851483,sl,87.58468996941902,85.85265501529051,0.0,0.0,False,False
SOLUSDT,15m,LONG,86.81,88.1208119069288,86.1545940465356,3.0,1.5,0.436937302309597,0.436937302309597,0.015099780059080636,0.007549890029540318,0.0097914986752677,0.6484530660020663,sl,88.1208119069288,86.1545940465356,0.0,0.0,False,False
SOLUSDT,15m,LONG,87.6,88.90488922213811,86.94755538893094,3.0,1.5,0.4349630740460384,0.4349630740460384,0.014895995686508234,0.007447997843254117,0.0325342465753425,2.1840934476645812,tp,88.90488922213811,86.94755538893094,0.0,0.0,True,False
SOLUSDT,15m,SHORT,86.78,85.9291947113073,87.20540264434635,3.0,1.5,0.28360176289756583,0.28360176289756583,0.009804163271406985,0.004902081635703492,0.0042636552200968,0.4348821110039437,sl,85.9291947113073,87.20540264434635,0.0,0.0,False,False
SOLUSDT,15m,LONG,88.7,89.436373623284,88.33181318835801,3.0,1.5,0.2454578744279985,0.24545787442799374,0.008301844681893877,0.004150922340946939,0.0011273957158962,0.1358006273418994,sl,89.436373623284,88.33181318835801,0.0,0.0,False,False
SOLUSDT,15m,SHORT,87.8,87.01504641923715,88.19247679038142,3.0,1.5,0.2616511935876152,0.2616511935876152,0.008940245794565427,0.004470122897282769,0.0055808656036445,0.6242407347499307,sl,87.01504641923715,88.19247679038142,0.0,0.0,False,False
SOLUSDT,15m,LONG,88.78,89.82866127470449,88.25566936264777,3.0,1.5,0.34955375823482865,0.3495537582348239,0.011811908928863302,0.00590595446443154,0.0150934895246677,1.2778196662002368,tp,89.82866127470449,88.25566936264777,0.0,0.0,True,False
SOLUSDT,15m,SHORT,88.91,87.19329894669004,89.76835052665498,3.0,1.5,0.5722336844366538,0.5722336844366586,0.01930830112821913,0.009654150564109676,0.0044989315037677,0.23300504140120853,sl,87.19329894669004,89.76835052665498,0.0,0.0,False,False
SOLUSDT,15m,SHORT,89.6,88.92105522513161,89.9394723874342,3.0,1.5,0.22631492495612804,0.22631492495613278,0.0075775086480845966,0.003788754324042465,0.003236607142857,0.42713341457883164,sl,88.92105522513161,89.9394723874342,0.0,0.0,False,False
SOLUSDT,15m,LONG,90.07,90.71654287274352,89.74672856362822,3.0,1.5,0.21551429091450794,0.21551429091451269,0.0071782266319919685,0.0035891133159960953,0.0011102475852115,0.15466878410655652,sl,90.71654287274352,89.74672856362822,0.0,0.0,False,False
SOLUSDT,15m,SHORT,87.5,86.37670164955561,88.0616491752222,3.0,1.5,0.3744327834814622,0.3744327834814669,0.012837695433650098,0.006418847716825216,0.0150857142857142,1.175110779320376,tp,86.37670164955561,88.0616491752222,0.0,0.0,True,False
SOLUSDT,15m,SHORT,83.28,82.5457515447047,83.64712422764765,3.0,1.5,0.24474948509843367,0.24474948509843367,0.008816624102969461,0.004408312051484842,0.0,0.0,sl,82.5457515447047,83.64712422764765,0.0,0.0,False,False
SOLUSDT,15m,LONG,81.25,82.45936354005012,80.64531822997493,3.0,1.5,0.40312118001670666,0.4031211800167114,0.014884474339078357,0.00744223716953929,0.0115692307692307,0.7772683472506872,sl,82.45936354005012,80.64531822997493,0.0,0.0,False,False
SOLUSDT,15m,SHORT,80.32,79.48960767250634,80.73519616374682,3.0,1.5,0.276797442497885,0.276797442497885,0.010338549894094329,0.005169274947047109,0.0113296812749003,1.0958675434136207,tp,79.48960767250634,80.73519616374682,0.0,0.0,True,False
SOLUSDT,15m,SHORT,79.97,78.61693763524306,80.64653118237847,3.0,1.5,0.45102078825231234,0.45102078825231234,0.016919624418618717,0.008459812209309359,0.0062523446292359,0.36953211693964594,sl,78.61693763524306,80.64653118237847,0.0,0.0,False,False
SOLUSDT,15m,LONG,83.42,84.74756939575241,82.7562153021238,3.0,1.5,0.4425231319174685,0.4425231319174638,0.015914281895857085,0.007957140947928543,0.0010788779669144,0.06779306625172078,sl,84.74756939575241,82.7562153021238,0.0,0.0,False,False
SOLUSDT,15m,LONG,84.27,84.97541571085875,83.91729214457062,3.0,1.5,0.23513857028625296,0.2351385702862482,0.008370899618592054,0.004185449809296027,0.0013053281120208,0.1559364192017811,sl,84.97541571085875,83.91729214457062,0.0,0.0,False,False
SOLUSDT,15m,SHORT,82.68,81.88624472908486,83.07687763545758,3.0,1.5,0.2645850903050473,0.2645850903050473,0.009600329836903065,0.004800164918451477,0.0102805999032415,1.0708590306682506,tp,81.88624472908486,83.07687763545758,0.0,0.0,True,False
SOLUSDT,15m,SHORT,83.74,82.85065177661612,84.18467411169193,3.0,1.5,0.2964494077946256,0.2964494077946256,0.01062035136594075,0.0053101756829703195,0.0071650346310006,0.6746513730213032,sl,82.85065177661612,84.18467411169193,0.0,0.0,False,False
SOLUSDT,15m,LONG,87.64,88.92303961582395,86.99848019208802,3.0,1.5,0.42767987194131746,0.42767987194131746,0.014639886077407072,0.007319943038703536,0.0160885440438155,1.0989528168968514,tp,88.92303961582395,86.99848019208802,0.0,0.0,True,False
SOLUSDT,15m,SHORT,85.74,84.89360947402741,86.16319526298629,3.0,1.5,0.28213017532419354,0.28213017532419826,0.0098715946579494,0.004935797328974756,0.0004665267086539,0.04725950819690669,sl,84.89360947402741,86.16319526298629,0.0,0.0,False,False
SOLUSDT,15m,SHORT,85.34,84.19505890576902,85.9124705471155,3.0,1.5,0.3816470314103289,0.3816470314103337,0.01341623030502681,0.006708115152513461,0.0116006561987345,0.8646733050183218,time,84.19505890576902,85.9124705471155,0.0,0.0,False,False
SOLUSDT,15m,LONG,87.26,88.34766739028072,86.71616630485964,3.0,1.5,0.362555796760238,0.3625557967602428,0.012464673278486327,0.006232336639243274,0.0049278019711207,0.39534144706592084,sl,88.34766739028072,86.71616630485964,0.0,0.0,False,False
SOLUSDT,15m,SHORT,83.58,82.64271709275171,84.04864145362414,3.0,1.5,0.31242763574942956,0.31242763574942956,0.011214200852456169,0.00560710042622814,0.0114860014357501,1.0242371780985535,tp,82.64271709275171,84.04864145362414,0.0,0.0,True,False
SOLUSDT,15m,LONG,88.28,89.2293971321026,87.8053014339487,3.0,1.5,0.31646571070086793,0.31646571070086793,0.010754385275290046,0.005377192637645023,0.0024920706841866,0.23172600017525305,sl,89.2293971321026,87.8053014339487,0.0,0.0,False,False
SOLUSDT,15m,LONG,87.97,89.30489794979009,87.30255102510495,3.0,1.5,0.4449659832633633,0.44496598326336806,0.015174467998068542,0.007587233999034382,0.0119358872342843,0.7865769815326337,time,89.30489794979009,87.30255102510495,0.0,0.0,False,False
SOLUSDT,15m,LONG,92.51,93.387417694851,92.0712911525745,3.0,1.5,0.29247256495033014,0.29247256495033486,0.009484571342027737,0.004742285671013979,0.0101610636687925,1.0713255562501927,tp,93.387417694851,92.0712911525745,0.0,0.0,True,False
SOLUSDT,15m,LONG,86.27,86.8711152977398,85.86925646817346,1.5,1.0,0.4007435318265398,0.4007435318265351,0.006967836997100019,0.004645224664733272,0.0002318303002203,0.03327148730901522,sl,86.8711152977398,85.86925646817346,0.0,0.0,False,False
SOLUSDT,15m,SHORT,83.8,83.29664824534643,84.13556783643571,1.5,1.0,0.3355678364357099,0.33556783643571464,0.006006584184410135,0.0040043894562733495,0.0021479713603817,0.35760280625995045,sl,83.29664824534643,84.13556783643571,0.0,0.0,False,False
SOLUSDT,15m,LONG,85.64,86.20463295065139,85.26357803289908,1.5,1.0,0.37642196710092435,0.37642196710092435,0.006593098442916778,0.004395398961944519,0.0,0.0,sl,86.20463295065139,85.26357803289908,0.0,0.0,False,False
SOLUSDT,15m,LONG,85.79,86.30129965048373,85.44913356634419,1.5,1.0,0.3408664336558142,0.3408664336558189,0.005959898012399156,0.0039732653415994745,0.0041962932742743,0.7040881010957236,time,86.30129965048373,85.44913356634419,0.0,0.0,False,False
SOLUSDT,15m,SHORT,85.36,85.00342570930849,85.59771619379434,1.5,1.0,0.23771619379434128,0.23771619379434128,0.004177299562927783,0.0027848663752851888,0.0084348641049671,2.0192145614415256,tp,85.00342570930849,85.59771619379434,0.0,0.0,True,False
SOLUSDT,15m,SHORT,84.31,83.89174209041725,84.5888386063885,1.5,1.0,0.2788386063884995,0.2788386063885042,0.004960952551094189,0.003307301700729459,0.0055746649270549,1.1237085760526677,tp,83.89174209041725,84.5888386063885,0.0,0.0,True,False
SOLUSDT,15m,LONG,85.97,86.50039154437943,85.61640563708038,1.5,1.0,0.3535943629196178,0.35359436291962254,0.00616949568895464,0.004112997125969797,0.000814237524718,0.13197797125877633,sl,86.50039154437943,85.61640563708038,0.0,0.0,False,False
SOLUSDT,15m,SHORT,82.49,82.18671693813278,82.69218870791148,1.5,1.0,0.20218870791147955,0.20218870791148902,0.0036766039746298773,0.0024510693164201403,0.0001212268153714,0.03297249750256386,sl,82.18671693813278,82.69218870791148,0.0,0.0,False,False
SOLUSDT,15m,SHORT,82.32,81.99239146101361,82.53840569265758,1.5,1.0,0.21840569265758822,0.21840569265758347,0.003979695565918151,0.0026531303772787673,0.0076530612244897,1.9230267988410996,tp,81.99239146101361,82.53840569265758,0.0,0.0,True,False
SOLUSDT,15m,LONG,82.41,82.74549971399308,82.18633352400461,1.5,1.0,0.22366647599539155,0.2236664759953868,0.004071104404721471,0.002714069603147462,0.0060672248513529,1.4903142361852535,tp,82.74549971399308,82.18633352400461,0.0,0.0,True,False
SOLUSDT,15m,SHORT,81.72,81.21902012450012,82.05398658366659,1.5,1.0,0.3339865836665865,0.3339865836665865,0.006130443899900584,0.004086962599933797,0.0018355359765052,0.2994132246336952,sl,81.21902012450012,82.05398658366659,0.0,0.0,False,False
SOLUSDT,15m,SHORT,81.4,80.87114601459871,81.75256932360088,1.5,1.0,0.3525693236008654,0.3525693236008749,0.0064969777076326896,0.004331318471755274,0.0068796068796069,1.0588934100119654,tp,80.87114601459871,81.75256932360088,0.0,0.0,True,False
SOLUSDT,15m,LONG,67.87,68.20973980528942,67.64350679647373,1.5,1.0,0.22649320352627456,0.22649320352627456,0.005005743410776642,0.0033371622738510576,0.0235744806247236,4.709486421931087,tp,68.20973980528942,67.64350679647373,0.0,0.0,True,False
SOLUSDT,15m,LONG,70.21,70.76914836471445,69.83723442352368,1.5,1.0,0.37276557647630665,0.37276557647631137,0.007963941955767773,0.005309294637178663,0.0041304657456203,0.5186458877476962,sl,70.76914836471445,69.83723442352368,0.0,0.0,False,False
SOLUSDT,15m,SHORT,69.63,69.09545651802416,70.16454348197583,2.0,2.0,0.2672717409879155,0.2672717409879155,0.007676913427772991,0.007676913427772991,0.0053138015223321,0.6921794250158152,sl,69.09545651802416,70.16454348197583,0.0,0.0,False,False
SOLUSDT,15m,SHORT,68.42,67.76037115671545,69.07962884328455,2.0,2.0,0.3298144216422756,0.3298144216422756,0.009640877569198403,0.009640877569198292,0.0016077170418006,0.1667604458474909,sl,67.76037115671545,69.07962884328455,0.0,0.0,False,False
SOLUSDT,15m,LONG,81.64,82.35340342425931,80.92659657574069,2.0,2.0,0.35670171212965585,0.35670171212965585,0.0087384054906825,0.008738405490682388,0.0090641842234198,1.0372812560695046,tp,82.35340342425931,80.92659657574069,0.0,0.0,True,False
SOLUSDT,15m,SHORT,77.79,77.26085752703342,78.31914247296659,2.0,2.0,0.2645712364832917,0.2645712364832917,0.006802191450913764,0.006802191450913764,0.0039850880575909,0.5858535570996857,sl,77.26085752703342,78.31914247296659,0.0,0.0,False,False
SOLUSDT,15m,SHORT,77.13,76.70746006645417,77.55253993354582,2.0,2.0,0.21126996677291032,0.21126996677291032,0.005478282556020009,0.005478282556020009,0.0024633735252171,0.4496616412218703,sl,76.70746006645417,77.55253993354582,0.0,0.0,False,False
SOLUSDT,15m,SHORT,76.34,75.90088206158117,76.77911793841884,2.0,2.0,0.21955896920941598,0.21955896920941598,0.005752134378030238,0.005752134378030238,0.0079905685093004,1.389148441980017,tp,75.90088206158117,76.77911793841884,0.0,0.0,True,False
SOLUSDT,15m,SHORT,74.22,73.49356052752469,74.9464394724753,2.0,2.0,0.363219736237653,0.363219736237653,0.009787651205541703,0.009787651205541703,0.0095661546752895,0.9773697973496651,time,73.49356052752469,74.9464394724753,0.0,0.0,False,False
SOLUSDT,15m,SHORT,72.46,72.0909938840637,72.82900611593628,2.0,2.0,0.18450305796814348,0.18450305796814348,0.005092549212479813,0.005092549212479813,0.0009660502346121,0.18969875288484106,sl,72.0909938840637,72.82900611593628,0.0,0.0,False,False
