id,trades_HOLDOUT,trades_TEST,trades_TRAIN,total_HOLDOUT,total_TEST,total_TRAIN,mean_HOLDOUT,mean_TEST,mean_TRAIN,win_HOLDOUT,win_TEST,win_TRAIN,pf_HOLDOUT,pf_TEST,pf_TRAIN,dd_HOLDOUT,dd_TEST,dd_TRAIN,family,h,regime,universe,score
353,32.0,39.0,98.0,0.05090526305689827,0.814777950687306,1.4592359834555968,0.001590789470528071,0.020891742325315536,0.014890163096485682,0.4375,0.6410256410256411,0.5306122448979592,1.0824384358643062,3.412084407792577,1.9838592286350951,-0.17607147259765127,-0.11044640437913389,-0.2722948346916447,VolExp,48,BULL,ETH,62.069591383544434
413,26.0,37.0,91.0,-0.08670925363528365,0.5111982721279118,0.7294688478059442,-0.0033349712936647556,0.01381616951697059,0.008016141184680706,0.5,0.4594594594594595,0.5164835164835165,0.7970793649559619,1.8977589308578022,1.4569414207747848,-0.19284510444601188,-0.28279741964930755,-0.3981284957868355,TrendCross,48,BULL,ETH,39.00318057025447
351,79.0,137.0,297.0,0.41462481723826494,0.824287438304323,5.451100268011012,0.005248415408079303,0.006016696629958562,0.018353872956266032,0.5189873417721519,0.5328467153284672,0.5488215488215489,1.365145237226661,1.3991489980209504,2.1124033165233285,-0.21019480870755386,-0.4589569005727503,-0.4938649598519884,VolExp,48,BULL,ALL,33.89881853072743
352,58.0,104.0,214.0,0.28968630540986195,0.979751364974411,2.1941777410122847,0.004994591472583827,0.009420686201677029,0.010253167014076097,0.5172413793103449,0.5576923076923077,0.5373831775700935,1.3518202967902384,1.8776060183141787,1.787892334916838,-0.17607147259765127,-0.19899154070609923,-0.27229483469164384,VolExp,48,BULL,BTCETH,32.76003777066117
596,29.0,49.0,90.0,0.10318646973736545,0.6223469551942704,0.35880195373215207,0.0035581541288746705,0.012700958269270824,0.00398668837480169,0.5172413793103449,0.5102040816326531,0.4777777777777778,1.2014993796869244,1.909506335184905,1.1966930466071442,-0.20493854676368403,-0.11441985123315149,-0.3536909187285159,BreakVol,48,BEAR,ETH,32.49480429513539
350,55.0,91.0,214.0,0.251903069487397,0.9674950761072503,1.7260571000343976,0.004580055808861764,0.010631814023156596,0.008065687383338306,0.45454545454545453,0.5384615384615384,0.5420560747663551,1.2565186130730475,1.7333725768840529,1.4096713625198483,-0.16389613304641285,-0.179643644553795,-0.5477794245929746,VolExp,48,ALL,ETH,32.472359369055404
593,35.0,54.0,118.0,-0.22632045392619804,0.38363127527191426,1.63935493839487,-0.006466298683605658,0.00710428287540582,0.013892838460973474,0.4,0.5370370370370371,0.5338983050847458,0.7437094224976928,1.3863547886623346,1.8933675528525382,-0.40351915879362094,-0.4333420087356683,-0.5004462845513709,BreakVol,48,BULL,ETH,31.38112655329999
590,70.0,126.0,261.0,-0.016714360304954365,1.4045175811646622,1.5584813717082782,-0.00023877657578506235,0.011146964929878272,0.005971192995050874,0.45714285714285713,0.5555555555555556,0.5095785440613027,0.9878214828160925,1.7776042663461638,1.3114362056752025,-0.24169614416672547,-0.2664952696363546,-0.5258917255399238,BreakVol,48,ALL,ETH,31.354163326828786
411,76.0,120.0,247.0,-0.2801485741620391,1.1348123931895029,1.4202451623076726,-0.0036861654495005144,0.009456769943245857,0.005749980414201104,0.4605263157894737,0.5333333333333333,0.5303643724696356,0.7861294816970225,1.5974396762005236,1.306004286063133,-0.5784388026129959,-0.2877034477956849,-0.3981284957868355,TrendCross,48,BULL,ALL,27.56696426295647
592,62.0,122.0,234.0,-0.08462142668211067,0.7917718372078516,2.1911175247458177,-0.0013648617206792044,0.006489933091867636,0.009363750105751358,0.4838709677419355,0.5327868852459017,0.5341880341880342,0.9234720160428452,1.4485080303895308,1.638396778592101,-0.4035191587936209,-0.4333420087356682,-0.5004462845513711,BreakVol,48,BULL,BTCETH,25.430521098468258
341,36.0,48.0,114.0,-0.052631686991843445,0.38780273001710297,0.6086473526694366,-0.0014619913053289845,0.008079223542022979,0.005339011865521374,0.3333333333333333,0.5416666666666666,0.5087719298245614,0.8783826580085127,1.6111508089395101,1.4388652540056575,-0.13726125808552728,-0.2180681326810126,-0.3246635216160556,VolExp,24,BULL,ETH,24.5474750125125
111,170.0,349.0,760.0,-0.14191588729793886,1.647178124578734,8.098257000501922,-0.0008347993370466991,0.004719708093348808,0.010655601316449898,0.4470588235294118,0.498567335243553,0.5131578947368421,0.9474578888169667,1.299609539228777,1.5470047120791004,-0.5112736373562394,-0.5502235496022729,-1.1040513169468502,Pullback,48,BULL,ALL,22.941631754455393
531,170.0,349.0,760.0,-0.14191588729793886,1.647178124578734,8.098257000501922,-0.0008347993370466991,0.004719708093348808,0.010655601316449898,0.4470588235294118,0.498567335243553,0.5131578947368421,0.9474578888169667,1.299609539228777,1.5470047120791004,-0.5112736373562394,-0.5502235496022729,-1.1040513169468502,TrendPullback,48,BULL,ALL,22.941631754455393
599,24.0,52.0,99.0,-0.02149532214594471,0.4648360508437399,0.1505959539777806,-0.0008956384227476961,0.008939154823918076,0.0015211712523008143,0.5416666666666666,0.5769230769230769,0.47474747474747475,0.9428229761444596,1.5867764171566183,1.0786759237742605,-0.18455771927265185,-0.22842305254536616,-0.5213504455737917,BreakVol,48,RANGE,ETH,22.06493324106784
401,28.0,38.0,93.0,-0.173144935237748,0.22240513739674606,0.5602022518775241,-0.0061837476870624285,0.005852766773598581,0.006023680127715313,0.2857142857142857,0.5,0.5161290322580645,0.5643324437057071,1.638045473823054,1.5643165046778473,-0.2779510803775105,-0.22421967076831809,-0.13275776122979094,TrendCross,24,BULL,ETH,20.93157565341338
329,49.0,59.0,145.0,0.05660287360059521,0.4945711534297342,0.010554561868745704,0.0011551606857264328,0.008382561922537867,7.279008185341866e-05,0.4897959183673469,0.559322033898305,0.4413793103448276,1.156099580956991,2.2153640045808816,1.0068792630823504,-0.08519138525429519,-0.12385067524331211,-0.5652809678280616,VolExp,12,BULL,ETH,20.060157194592385
591,85.0,178.0,330.0,-0.17254520783078073,0.32635564289458874,4.425833876768224,-0.002029943621538597,0.0018334586679471278,0.013411617808388558,0.47058823529411764,0.5280898876404494,0.5424242424242425,0.8896235191311473,1.098690929666044,1.6832418513128313,-0.4972737253433741,-0.6725170208830911,-0.6373961840642459,BreakVol,48,BULL,ALL,19.86046792526169
597,76.0,144.0,286.0,-0.12093973073578072,0.5641299272498048,2.6358057677179496,-0.0015913122465234305,0.003917568939234756,0.009216104082929893,0.4868421052631579,0.5208333333333334,0.48951048951048953,0.8857054744229271,1.2481406496560277,1.468215723049184,-0.2424541585684653,-0.35164276580835485,-0.5398543328156907,BreakVol,48,RANGE,ALL,19.767598334104616
412,51.0,78.0,183.0,-0.1984510779021817,0.47079141297493154,0.8306329064591622,-0.003891197605925131,0.0060357873458324555,0.0045389776309243835,0.47058823529411764,0.48717948717948717,0.5409836065573771,0.7629233628826527,1.4178342585126118,1.2717315465083572,-0.25273033826838726,-0.2827974196493075,-0.3981284957868355,TrendCross,48,BULL,BTCETH,19.30011812761026
317,60.0,73.0,176.0,0.14464146469688877,0.4378199047285571,0.3153989331244045,0.0024106910782814794,0.0059975329414870835,0.0017920393927522982,0.5333333333333333,0.6027397260273972,0.45454545454545453,1.4061456774536805,2.35569188395731,1.2287908905577343,-0.10254117757524644,-0.0958846157413078,-0.26165243851526665,VolExp,8,BULL,ETH,17.37158805024151
589,143.0,259.0,526.0,0.056259958149574976,1.2866822857276565,2.2142891366755366,0.0003934262807662586,0.004967885273079755,0.004209675164782389,0.46853146853146854,0.5096525096525096,0.5,1.0256774906939894,1.348156836425289,1.2326516917824692,-0.2416961441667255,-0.34127357434017574,-0.8474361081576576,BreakVol,48,ALL,BTCETH,16.726254239149657
581,39.0,66.0,137.0,-0.08950926256178082,0.22577428578711484,0.9244680409709968,-0.0022951092964559184,0.0034208225119259825,0.006747941904897786,0.46153846153846156,0.5151515151515151,0.5109489051094891,0.8501833164319437,1.2606107299438178,1.5044021026086838,-0.23825341287460633,-0.34250311978723524,-0.37261872459625367,BreakVol,24,BULL,ETH,16.35459976130225
112,113.0,236.0,549.0,-0.25558990997953535,0.9873051630223204,2.8961284560582383,-0.002261857610438366,0.004183496453484408,0.005275279519231763,0.4336283185840708,0.5084745762711864,0.5209471766848816,0.8532461922537906,1.3035807940186581,1.312806274350612,-0.5112736373562394,-0.5502235496022729,-0.6743110852863072,Pullback,48,BULL,BTCETH,16.25865949456985
532,113.0,236.0,549.0,-0.25558990997953535,0.9873051630223204,2.8961284560582383,-0.002261857610438366,0.004183496453484408,0.005275279519231763,0.4336283185840708,0.5084745762711864,0.5209471766848816,0.8532461922537906,1.3035807940186581,1.312806274350612,-0.5112736373562394,-0.5502235496022729,-0.6743110852863072,TrendPullback,48,BULL,BTCETH,16.25865949456985
394,8.0,13.0,32.0,0.07791199073114155,0.07158390835123118,0.060227322492341556,0.009738998841392694,0.005506454488556245,0.0018821038278856736,0.625,0.5384615384615384,0.53125,3.7111254421352258,1.9300318014812698,1.3584541562401964,-0.02377209100630778,-0.03475168329266034,-0.053472174031279025,TrendCross,12,RANGE,BTCETH,16.18349876271963
349,117.0,212.0,457.0,0.050404809236250805,0.9972280731125405,1.7356231004555749,0.00043081033535257097,0.0047039060052478324,0.0037978623642353935,0.4700854700854701,0.5,0.5098468271334792,1.0262998213935213,1.3352447058777093,1.2081486073048753,-0.38332546651666266,-0.35592910670747746,-0.6153612004582251,VolExp,48,ALL,BTCETH,15.749067687913644
340,66.0,122.0,249.0,0.08785639375227491,0.392771459620289,1.282183975341057,0.0013311574810950745,0.003219438193608926,0.005149333234301434,0.42424242424242425,0.48360655737704916,0.5020080321285141,1.1406035269490895,1.295574434142764,1.4795734201564708,-0.1449417473860051,-0.2180681326810126,-0.3246635216160598,VolExp,24,BULL,BTCETH,14.363357475818521
348,167.0,286.0,615.0,-0.1489203156073137,0.8666386234754345,3.4256942802868133,-0.0008917384168102616,0.003030204977186834,0.00557023460209238,0.48502994011976047,0.4965034965034965,0.5121951219512195,0.9518753537458012,1.1784636943827047,1.2377403609142508,-0.4133824940091336,-0.6543734079007388,-1.920244036271626,VolExp,48,ALL,ALL,14.046848611763004
339,88.0,159.0,348.0,0.11847007546607699,0.14654501645926327,3.1080467922494694,0.0013462508575690568,0.0009216667701840457,0.008931168943245601,0.4431818181818182,0.49056603773584906,0.5057471264367817,1.135681555965902,1.0665305756640946,1.6327737301534937,-0.16800769127819037,-0.3632970552997748,-0.4761301232029904,VolExp,24,BULL,ALL,13.47380678943128
398,52.0,77.0,179.0,-0.07501023204138554,0.3867062881059154,0.15853570873824865,-0.0014425044623343373,0.005022159585791109,0.0008856743504930092,0.38461538461538464,0.4935064935064935,0.46368715083798884,0.875191108270099,1.4700067080544075,1.0601387668774986,-0.3246974634170523,-0.20204062398737774,-0.3362814758866657,TrendCross,24,ALL,ETH,13.460138997007133
356,26.0,44.0,89.0,-0.00917701371257238,0.13787029600455403,0.41773397662813544,-0.0003529620658681685,0.003133415818285319,0.004693640186832982,0.46153846153846156,0.45454545454545453,0.5056179775280899,0.983951768605155,1.2099857269367456,1.2091872544073508,-0.2871773162343383,-0.18349856507646004,-0.367956555256837,VolExp,48,BEAR,ETH,13.379644804747715
579,98.0,213.0,374.0,-0.07006648891990461,0.21691460953905103,3.24023180949732,-0.0007149641726520878,0.0010183784485401457,0.008663721415768235,0.47959183673469385,0.5258215962441315,0.5026737967914439,0.9413612598602724,1.0723770920470905,1.566404113158799,-0.24436997528882104,-0.34250311978723535,-0.5191158155652913,BreakVol,24,BULL,ALL,13.339259518054416
588,211.0,376.0,730.0,-0.0820558831740449,0.8597382257068563,4.497116183836956,-0.0003888904415831512,0.0022865378343267457,0.006160433128543776,0.4834123222748815,0.5026595744680851,0.5027397260273972,0.9767983690764128,1.1292049320342683,1.2703637024838486,-0.422345364528077,-0.7870747255584398,-1.3536429489205115,BreakVol,48,ALL,ALL,13.133077431715384
580,72.0,149.0,263.0,-0.08246135615485164,0.28616692396455556,1.4220212679037483,-0.0011452966132618283,0.0019205833823124534,0.005406924973018055,0.4722222222222222,0.5234899328859061,0.49049429657794674,0.9065057373243284,1.1676331935876085,1.4392088486100723,-0.23825341287460636,-0.34250311978723535,-0.372618724596254,BreakVol,24,BULL,BTCETH,11.854933779840643
548,50.0,78.0,142.0,-0.05714014547447239,0.46750009310155366,-0.43523160207360956,-0.0011428029094894478,0.005993590937199406,-0.003065011282208518,0.38,0.5641025641025641,0.352112676056338,0.8664388467507013,2.159448912279845,0.6949722432981724,-0.27270750132415,-0.04711052595110124,-0.7211245031068549,BreakVol,4,BEAR,ETH,11.776591747768311
99,236.0,496.0,1088.0,-0.31882476093251294,0.7252667778517152,6.406149444818448,-0.001350952376832682,0.0014622314069591034,0.00588800500442872,0.4449152542372881,0.5,0.5229779411764706,0.8761519235910045,1.129200106164478,1.4117587729772187,-0.5263252403908207,-0.45654132289256055,-0.8576241676066187,Pullback,24,BULL,ALL,11.353426697488626
519,236.0,496.0,1088.0,-0.31882476093251294,0.7252667778517152,6.406149444818448,-0.001350952376832682,0.0014622314069591034,0.00588800500442872,0.4449152542372881,0.5,0.5229779411764706,0.8761519235910045,1.129200106164478,1.4117587729772187,-0.5263252403908207,-0.45654132289256055,-0.8576241676066187,TrendPullback,24,BULL,ALL,11.353426697488626
598,51.0,104.0,207.0,-0.10354971125436557,0.28354964323119236,0.6923001743753363,-0.002030386495183639,0.0027264388772230033,0.0033444452868373734,0.49019607843137253,0.5,0.4927536231884058,0.8575972301013315,1.1726492506331383,1.2026329688604538,-0.1925599820565042,-0.35164276580835485,-0.5398543328156907,BreakVol,48,RANGE,BTCETH,11.172605260776974
101,82.0,153.0,399.0,-0.14148321904678704,0.372814407240453,1.4532675298113946,-0.0017254051103266711,0.0024366954721598234,0.0036422745108055004,0.45121951219512196,0.5294117647058824,0.5238095238095238,0.8490767019324678,1.2173865492952234,1.2674136801825509,-0.2526002985932328,-0.3415243047132275,-0.6771964475492387,Pullback,24,BULL,ETH,11.000465684602924
521,82.0,153.0,399.0,-0.14148321904678704,0.372814407240453,1.4532675298113946,-0.0017254051103266711,0.0024366954721598234,0.0036422745108055004,0.45121951219512196,0.5294117647058824,0.5238095238095238,0.8490767019324678,1.2173865492952234,1.2674136801825509,-0.2526002985932328,-0.3415243047132275,-0.6771964475492387,TrendPullback,24,BULL,ETH,11.000465684602924
281,127.0,246.0,617.0,-0.4277545608450631,0.7817160601532636,1.35848156307135,-0.0033681461483863234,0.0031777075615986323,0.0022017529385273097,0.3937007874015748,0.44715447154471544,0.49432739059967584,0.7534153123491808,1.2874714235232936,1.1503753638276906,-0.6169776870249082,-0.32531964248893475,-1.0658224023068146,Momentum,24,BULL,ETH,10.995014849075558
473,64.0,113.0,303.0,-0.2805586327424585,0.8619484519287862,-2.0106942590684764,-0.004383728636600914,0.007627862406449436,-0.006635954650391011,0.53125,0.5398230088495575,0.504950495049505,0.7631970180188914,1.4441661622736233,0.7416650022358908,-0.4368807777128731,-0.5537920534328039,-2.436139334105219,RangeZ,48,BULL,ETH,10.805601327017373
595,65.0,95.0,193.0,0.0898605132270035,0.31278278599226317,0.3664388901480444,0.0013824694342615923,0.003292450378865928,0.0018986470992126655,0.49230769230769234,0.49473684210526314,0.46632124352331605,1.0876277590601968,1.2066261751261596,1.0947913231700477,-0.20493854676368403,-0.4385068720143866,-0.6154766576407017,BreakVol,48,BEAR,BTCETH,10.784965355240729
316,110.0,193.0,399.0,0.1846554086717319,0.5738622343222888,0.746698127269755,0.001678685533379381,0.002973379452447092,0.0018714238778690603,0.5272727272727272,0.538860103626943,0.45864661654135336,1.3248184285583862,1.5753396879984356,1.2707907999173447,-0.10254117757524644,-0.16216087098499735,-0.2616524385152622,VolExp,8,BULL,BTCETH,10.664313270679024
113,55.0,111.0,274.0,-0.247735643088877,0.1775968824791843,1.3771026878281658,-0.004504284419797763,0.0015999719142268855,0.0050259222183509705,0.41818181818181815,0.4954954954954955,0.5036496350364964,0.7432678763236874,1.0840905047511893,1.262485196365238,-0.44708690799864825,-0.5502235496022718,-0.6743110852863068,Pullback,48,BULL,ETH,10.57244174792117
533,55.0,111.0,274.0,-0.247735643088877,0.1775968824791843,1.3771026878281658,-0.004504284419797763,0.0015999719142268855,0.0050259222183509705,0.41818181818181815,0.4954954954954955,0.5036496350364964,0.7432678763236874,1.0840905047511893,1.262485196365238,-0.44708690799864825,-0.5502235496022718,-0.6743110852863068,TrendPullback,48,BULL,ETH,10.57244174792117
100,159.0,335.0,788.0,-0.28420593555389306,0.7191627950755652,2.528448843583435,-0.001787458714175428,0.0021467546121658665,0.0032086914258673033,0.4339622641509434,0.5104477611940299,0.5266497461928934,0.8292844633073284,1.240441550865031,1.2692241304299667,-0.409400301080638,-0.3415243047132269,-0.6771964475492309,Pullback,24,BULL,BTCETH,10.011866331494033
520,159.0,335.0,788.0,-0.28420593555389306,0.7191627950755652,2.528448843583435,-0.001787458714175428,0.0021467546121658665,0.0032086914258673033,0.4339622641509434,0.5104477611940299,0.5266497461928934,0.8292844633073284,1.240441550865031,1.2692241304299667,-0.409400301080638,-0.3415243047132269,-0.6771964475492309,TrendPullback,24,BULL,BTCETH,10.011866331494033
164,108.0,183.0,364.0,-0.19194382439107605,0.27032126562745074,1.4447965158080485,-0.0017772576332507042,0.0014771653859423537,0.003969221197274858,0.48148148148148145,0.5573770491803278,0.5824175824175825,0.880308482278015,1.1082104479881723,1.259360927129763,-0.4689610185885107,-0.42200474154944095,-0.47276197700649203,RSI,24,BEAR,ETH,9.2911233442775
462,307.0,478.0,1047.0,-0.9605369927017151,1.2524987027303975,1.7728779304347615,-0.00312878499251373,0.0026202901730761454,0.0016932931522777091,0.49185667752442996,0.5564853556485355,0.55396370582617,0.7866932067029622,1.1951352180950425,1.102788774855685,-1.124329870241139,-0.38601637570015357,-1.4947188580256952,RangeZ,24,BEAR,ALL,9.231797491380728
291,217.0,450.0,976.0,-0.47454085680171104,0.47598895673296365,4.7069221346447545,-0.002186824224892678,0.0010577532371843638,0.004822666121562249,0.47465437788018433,0.5,0.48770491803278687,0.8730216339683157,1.0596115045222139,1.2130651710378872,-0.6854900669244866,-1.2278095557727742,-0.8432257627647761,Momentum,48,BULL,ALL,9.21084927149108
399,80.0,124.0,252.0,-0.6164448138249451,0.05178676782817797,1.4763316705046252,-0.007705560172811814,0.0004176352244207901,0.005858459009938989,0.35,0.5,0.5277777777777778,0.45798651035528043,1.02932353179607,1.4737509488322658,-0.7164915481319648,-0.4350034290294432,-0.23452544494507505,TrendCross,24,BULL,ALL,9.196803939408905
305,89.0,104.0,253.0,-0.11349093747206965,0.31870259243419047,-0.015051598218005863,-0.0012751790727198837,0.0030644480041749082,-5.949248307512199e-05,0.48314606741573035,0.49038461538461536,0.4743083003952569,0.7996627736668481,1.7632873220511167,0.9914444778609336,-0.15700154031899352,-0.09284815436162383,-0.372860777568888,VolExp,4,BULL,ETH,8.824135325186745
573,89.0,158.0,319.0,-0.08641903383735647,0.3268643114046459,0.6675261185068156,-0.0009710003801950165,0.0020687614645863665,0.0020925583652251275,0.449438202247191,0.5316455696202531,0.4608150470219436,0.8623098351016905,1.2892280200464783,1.2044620590726092,-0.11997609121800534,-0.21913583857488858,-0.5193272101281814,BreakVol,12,RANGE,ALL,8.723771373516948
315,145.0,249.0,568.0,0.2088627181023336,0.40999221893296967,1.631956246728615,0.0014404325386367834,0.0016465550961163441,0.0028731624062123505,0.5310344827586206,0.5100401606425703,0.4753521126760563,1.2402697315032694,1.2386097872228692,1.2799240647345616,-0.20205367872173155,-0.28425140581925007,-0.8286692513792955,VolExp,8,BULL,ALL,8.68480645040247
51,175.0,375.0,790.0,0.649800999273457,-0.08517350314915739,5.368561816805666,0.003713148567276897,-0.00022712934173108637,0.006795647869374261,0.49142857142857144,0.472,0.4810126582278481,1.2698456319224916,0.9883220288785466,1.3047534415728708,-0.3740411193457304,-1.0486057649123757,-1.0918352210291382,Breakout,48,BULL,ALL,8.634464656363505
162,335.0,515.0,1080.0,-0.6616121213737971,1.43617988251134,0.7438063416483173,-0.001974961556339693,0.0027886988009928936,0.0006887095756002938,0.4925373134328358,0.5572815533980583,0.5305555555555556,0.8648229703525384,1.2100470513170418,1.0389843475155824,-0.7932573846168086,-0.5051922394879096,-1.579268096068397,RSI,24,BEAR,ALL,8.515138576418705
328,93.0,156.0,318.0,0.19280608393280083,0.34228239231821905,0.5041978246186334,0.0020731836982021594,0.002194117899475763,0.001585527750373061,0.5268817204301075,0.46794871794871795,0.4528301886792453,1.3678658953214862,1.2828277178239698,1.190723125366565,-0.08519138525429518,-0.31754516930793536,-0.5652809678280593,VolExp,12,BULL,BTCETH,8.447314392515123
236,85.0,147.0,298.0,-0.24246146366511576,0.6297868513183025,-0.7263943489439386,-0.002852487807824891,0.00428426429468233,-0.002437564929342076,0.5176470588235295,0.5578231292517006,0.4899328859060403,0.8673997399758034,1.2498781829881713,0.8995275563599514,-0.7445626981658378,-0.501599901356364,-1.214007902917508,VWAP,48,BEAR,ETH,8.280369399370707
716,85.0,147.0,298.0,-0.24246146366511576,0.6297868513183025,-0.7263943489439386,-0.002852487807824891,0.00428426429468233,-0.002437564929342076,0.5176470588235295,0.5578231292517006,0.4899328859060403,0.8673997399758034,1.2498781829881713,0.8995275563599514,-0.7445626981658378,-0.501599901356364,-1.214007902917508,MeanRev,48,BEAR,ETH,8.280369399370707
578,86.0,153.0,309.0,-0.05805492012150317,0.3786720350916237,0.21052241773942693,-0.0006750572107151532,0.0024749806215138806,0.0006813023227813169,0.5,0.49019607843137253,0.44983818770226536,0.9485576952081043,1.1899865473334112,1.0387921463380212,-0.26239918856842237,-0.40649494214731835,-0.8466741515035465,BreakVol,24,ALL,ETH,7.860042259480512
338,65.0,110.0,255.0,0.10352301491117821,0.3011159884517049,0.05059137417564624,0.0015926617678642802,0.002737418076833681,0.000198397545786848,0.4,0.5272727272727272,0.47843137254901963,1.1419131158574232,1.1737751961662948,1.0113489934222784,-0.21698047671657644,-0.3482183293116064,-0.758626226519695,VolExp,24,ALL,ETH,7.858357889042783
41,84.0,169.0,424.0,0.0038768453802975854,0.20931612837207486,1.2699166442392174,4.6152921194018874e-05,0.0012385569726158275,0.002995086425092494,0.5,0.5088757396449705,0.47641509433962265,1.0034441630383735,1.099400178961898,1.203144963783537,-0.29650742745647785,-0.34289826825206754,-0.5892572989011648,Breakout,24,BULL,ETH,7.7747455130695835
314,126.0,196.0,413.0,0.02121422969456368,0.3953204345615855,0.5474970327905274,0.00016836690233780697,0.0020169409926611504,0.0013256586750375967,0.47619047619047616,0.5306122448979592,0.4721549636803874,1.0251865834519394,1.2440426929340993,1.13905798833115,-0.23481117750617095,-0.19083085644147516,-0.4775798548646478,VolExp,8,ALL,ETH,7.742641341625147
389,28.0,39.0,94.0,-0.06818103169056014,0.0020184083183434464,0.4502795668709046,-0.0024350368460914337,5.175405944470376e-05,0.004790208158201113,0.35714285714285715,0.358974358974359,0.5212765957446809,0.7252834423659239,1.005410120223672,1.713022101715741,-0.14130649608015597,-0.2508284953015949,-0.1588773994460176,TrendCross,12,BULL,ETH,7.612148499029933
406,8.0,13.0,32.0,0.07087957505086696,0.013758326474397647,0.09788502213490771,0.00885994688135837,0.0010583328057228959,0.003058906941715866,0.625,0.5384615384615384,0.59375,2.652852925546155,1.0787191405504857,1.2315546443077865,-0.03761772922546652,-0.10082816858272932,-0.1770369829906857,TrendCross,24,RANGE,BTCETH,7.48584633801993
572,42.0,62.0,117.0,-0.26435651846144737,0.19265695187359708,-0.11335763111014521,-0.006294202820510651,0.00310737019150963,-0.0009688686419670531,0.35714285714285715,0.5806451612903226,0.4188034188034188,0.56910217922527,1.2553000351108043,0.9353113859446882,-0.3771976455339561,-0.23479209395916378,-0.3831269043104289,BreakVol,12,BEAR,ETH,7.4364831621077
410,41.0,68.0,152.0,-0.139259894274076,0.2190787280240782,-0.17461075668587944,-0.0033965827871725853,0.0032217460003540915,-0.0011487549781965753,0.4634146341463415,0.4852941176470588,0.4605263157894737,0.8167088381311648,1.186573066976537,0.9517863792289526,-0.3664672172386343,-0.4022796152188279,-0.7521461439276895,TrendCross,48,ALL,ETH,7.433096468717097
408,117.0,203.0,428.0,-0.47007511501325405,0.50902098078979,0.04394246859018014,-0.0040177360257543085,0.002507492516205862,0.0001026693191359349,0.4444444444444444,0.5123152709359606,0.4766355140186916,0.7746565479909326,1.1488766865126003,1.0043513559266766,-0.6063733150978101,-0.4022796152188279,-1.0408676766377962,TrendCross,48,ALL,ALL,7.270882393986936
566,103.0,188.0,378.0,-0.04911884854139499,0.34168226652458733,0.43816935408821056,-0.0004768820246737378,0.0018174588644924857,0.0011591781854185465,0.44660194174757284,0.5212765957446809,0.4470899470899471,0.9544428983940623,1.185204606165829,1.1085147401869937,-0.21685972921656735,-0.29753796040901515,-0.31734693476798237,BreakVol,12,ALL,ETH,7.087815260756341
320,49.0,86.0,153.0,-0.20999902787357252,0.13027998602290491,0.2640809227630206,-0.00428569444639944,0.001514883558405871,0.0017260191030262783,0.42857142857142855,0.5,0.5163398692810458,0.5599064139357065,1.1641429674376953,1.1561964660395279,-0.2895061904760097,-0.1674863602359959,-0.47656366590448973,VolExp,8,BEAR,ETH,7.076125653315244
560,44.0,68.0,127.0,-0.1379148642298999,0.26391936713242364,-0.40365275663149675,-0.003134428732497725,0.0038811671637121125,-0.00317836816245273,0.38636363636363635,0.5441176470588235,0.4094488188976378,0.7241143622594213,1.4636846425334085,0.7565295385547217,-0.2849073899049618,-0.08871759816566352,-0.5940181360316724,BreakVol,8,BEAR,ETH,6.804180346059624
568,82.0,179.0,318.0,0.05866814081895519,0.06882916323938187,1.0569414815268323,0.0007154651319384779,0.00038452046502447976,0.003323715350713309,0.4634146341463415,0.4972067039106145,0.4779874213836478,1.0958136643091843,1.0431116898795303,1.4279696976356226,-0.16144733703691908,-0.2655305755611249,-0.21979989495034835,BreakVol,12,BULL,BTCETH,6.563837668277421
108,352.0,628.0,1357.0,-0.39583400981818895,0.08951340808403652,5.4136038743962445,-0.0011245284369834913,0.00014253727401916641,0.0039893912117879475,0.4403409090909091,0.47770700636942676,0.4952100221075903,0.9318965877107735,1.008046005698163,1.175737720881994,-0.9668000050090808,-1.4649203660915655,-1.234630820169755,Pullback,48,ALL,ALL,6.458249486406437
528,352.0,628.0,1357.0,-0.39583400981818895,0.08951340808403652,5.4136038743962445,-0.0011245284369834913,0.00014253727401916641,0.0039893912117879475,0.4403409090909091,0.47770700636942676,0.4952100221075903,0.9318965877107735,1.008046005698163,1.175737720881994,-0.9668000050090808,-1.4649203660915655,-1.234630820169755,TrendPullback,48,ALL,ALL,6.458249486406437
569,45.0,83.0,170.0,0.1192089908367038,0.051132744689655805,0.4750859864287115,0.0026490886852600848,0.0006160571649356121,0.002794623449580656,0.4888888888888889,0.4939759036144578,0.4764705882352941,1.3244967715996527,1.0595188203969976,1.342086790398259,-0.10474204934142328,-0.21361849788331705,-0.21979989495034857,BreakVol,12,BULL,ETH,6.428343390247136
327,122.0,203.0,451.0,0.32009889708775663,0.11086712056217274,1.3257725990479656,0.0026237614515389886,0.0005461434510451859,0.002939628822722762,0.5491803278688525,0.458128078817734,0.4656319290465632,1.4331551634491324,1.0555865742231336,1.2479142485947383,-0.09435747759547453,-0.33488327881124724,-1.1386912581915725,VolExp,12,BULL,ALL,6.335416547631006
163,219.0,340.0,737.0,-0.3856623304718576,0.620344903357198,0.3032374438464971,-0.001761015207634053,0.0018245438334035236,0.0004114483634280829,0.5114155251141552,0.5558823529411765,0.5413839891451832,0.8665465236118359,1.1603185438105619,1.0275390870943428,-0.6888081911902713,-0.48309573755876756,-1.579268096068397,RSI,24,BEAR,BTCETH,6.248393661140034
585,82.0,148.0,298.0,-0.33966611786455697,0.09454908881913562,0.7106665276276096,-0.004142269730055573,0.0006388451947238893,0.002384787005461777,0.4146341463414634,0.4864864864864865,0.4697986577181208,0.6296026305060894,1.0514857525882904,1.1457114954118721,-0.34656583871562247,-0.31291811144596793,-0.6361011901513146,BreakVol,24,RANGE,ALL,5.859674642909718
575,26.0,58.0,109.0,-0.010375579807019461,0.05694934150795019,0.15857373174686143,-0.0003990607618084408,0.0009818851984129344,0.0014548048784115727,0.4230769230769231,0.4827586206896552,0.44036697247706424,0.9494840539265044,1.1379065666560118,1.1514578504910298,-0.08269659175887185,-0.141676099308069,-0.20267910245309945,BreakVol,12,RANGE,ETH,5.707939692384484
567,115.0,256.0,458.0,0.08436103186899435,0.00481368777470878,1.415217491915048,0.0007335741901651683,1.8803467869956173e-05,0.0030899945238319826,0.4608695652173913,0.484375,0.4759825327510917,1.0970001576790174,1.001852686676298,1.246125271646488,-0.16144733703691908,-0.3546759276450383,-1.1228175367448925,BreakVol,12,BULL,ALL,5.375579417894681
223,287.0,442.0,988.0,-0.764325796025315,0.5622458303878095,0.6196083503541119,-0.0026631560837118992,0.0012720493900176685,0.0006271339578482913,0.47038327526132406,0.5158371040723982,0.5404858299595142,0.7870073481921842,1.1066339575542352,1.0431566789187525,-1.1169014694167771,-0.4413952919715267,-2.1008595347524968,VWAP,24,BEAR,BTCETH,5.321023374356615
703,287.0,442.0,988.0,-0.764325796025315,0.5622458303878095,0.6196083503541119,-0.0026631560837118992,0.0012720493900176685,0.0006271339578482913,0.47038327526132406,0.5158371040723982,0.5404858299595142,0.7870073481921842,1.1066339575542352,1.0431566789187525,-1.1169014694167771,-0.4413952919715267,-2.1008595347524968,MeanRev,24,BEAR,BTCETH,5.321023374356615
382,8.0,13.0,34.0,0.04955499844764591,0.00557561935103909,0.061268689811935236,0.006194374805955739,0.00042889379623377614,0.0018020202885863305,0.625,0.5384615384615384,0.47058823529411764,3.7017700044045654,1.0554640432582847,1.451396927048606,-0.014156604482332743,-0.04845884763594103,-0.0542020542996858,TrendCross,8,RANGE,BTCETH,5.1666688513607735
304,169.0,284.0,583.0,-0.14318799554679765,0.37558319931231987,0.04905925326487884,-0.0008472662458390393,0.0013224760539166192,8.414966254696199e-05,0.48520710059171596,0.4753521126760563,0.45454545454545453,0.8316948027186872,1.3144560167576897,1.0139808820410328,-0.18402387174392207,-0.1053324130399019,-0.37286077756888847,VolExp,4,BULL,BTCETH,5.057538669178923
280,238.0,492.0,1175.0,-0.4553342885859579,0.2850777409669777,2.0079142823833482,-0.0019131692797729324,0.00057942630277841,0.001708863219049658,0.4411764705882353,0.43089430894308944,0.48595744680851066,0.8283847884627886,1.0533329915255931,1.1262432357733396,-0.6791848348778959,-0.8405361312075317,-1.0658224023068128,Momentum,24,BULL,BTCETH,5.04729205190541
587,26.0,53.0,106.0,-0.18721196095808978,0.14306490131738134,-0.2623828500302652,-0.007200460036849607,0.002699337760705308,-0.002475309905945898,0.34615384615384615,0.4716981132075472,0.42452830188679247,0.4016601555219191,1.1992559983604347,0.8365001240756792,-0.20633289461936635,-0.31291811144596793,-0.5365457430960803,BreakVol,24,RANGE,ETH,4.9591217379008325
279,360.0,745.0,1655.0,-0.38983945091904604,0.043848726234011925,3.896504908779704,-0.0010828873636640167,5.885735064968044e-05,0.0023543836306826006,0.4638888888888889,0.4563758389261745,0.486404833836858,0.906383346172193,1.0045156720772859,1.1378755562465181,-0.7705378289639928,-0.8610220979083872,-1.4490163473738569,Momentum,24,BULL,ALL,4.614489560305765
393,9.0,16.0,44.0,0.05542306795916625,0.012526848080753758,0.038176568494190155,0.0061581186621295836,0.0007829280050471099,0.0008676492839588671,0.5555555555555556,0.5,0.5454545454545454,2.0819154760718366,1.0825571804150504,1.0972363785608843,-0.02377209100630778,-0.0699311432325886,-0.1607027877515282,TrendCross,12,RANGE,ALL,4.613298853029022
326,98.0,153.0,337.0,0.047084531179157924,0.2228645959157686,-0.13230545380176567,0.00048045439978732575,0.0014566313458546968,-0.00039259778576191594,0.5204081632653061,0.5032679738562091,0.45103857566765576,1.0588458869325457,1.1144076364723874,0.9685897543499767,-0.22754134952540367,-0.3742631422936381,-0.7690161929421533,VolExp,12,ALL,ETH,4.6036622967698415
224,145.0,241.0,491.0,-0.4826124181907433,0.21590198037300457,0.3041904275486893,-0.003328361504763747,0.0008958588397220106,0.0006195324389993672,0.47586206896551725,0.5145228215767634,0.5478615071283096,0.7762892614332471,1.0660676762939145,1.0384204233917946,-0.7666737854141398,-0.42506960713596276,-1.0356675434356528,VWAP,24,BEAR,ETH,4.515738218129098
704,145.0,241.0,491.0,-0.4826124181907433,0.21590198037300457,0.3041904275486893,-0.003328361504763747,0.0008958588397220106,0.0006195324389993672,0.47586206896551725,0.5145228215767634,0.5478615071283096,0.7762892614332471,1.0660676762939145,1.0384204233917946,-0.7666737854141398,-0.42506960713596276,-1.0356675434356528,MeanRev,24,BEAR,ETH,4.515738218129098
547,110.0,161.0,304.0,-0.15366919726638095,0.3927410560738107,-0.7805677860084035,-0.001396992702421645,0.0024393854414522403,-0.0025676571908171165,0.4636363636363636,0.4906832298136646,0.375,0.8081776828815648,1.455912465521091,0.7395993863669245,-0.27270750132415006,-0.14315524078228362,-1.157156959128311,BreakVol,4,BEAR,BTCETH,4.50662554397538
269,202.0,406.0,1034.0,-0.18945916607372715,0.06464092095381738,1.9815420714084706,-0.0009379166637313225,0.00015921409101925463,0.0019163849820197974,0.4158415841584158,0.43596059113300495,0.4932301740812379,0.8917221850220469,1.0171386795024784,1.1966561610511077,-0.5001576651596948,-0.42972241333986566,-0.49555360236928503,Momentum,12,BULL,ETH,4.448608004611892
561,92.0,168.0,330.0,-0.16592880594817772,0.19481807799319129,-0.014389557675422049,-0.0018035739776975839,0.0011596314166261387,-4.360472022855166e-05,0.45652173913043476,0.44642857142857145,0.42424242424242425,0.7173302310023772,1.1704287105034412,0.9953540848590984,-0.17840592586628076,-0.1988588394818509,-0.5836904382491909,BreakVol,8,RANGE,ALL,4.441440908386266
463,202.0,314.0,718.0,-0.5197238110860192,0.31404615246547163,0.2254089991856712,-0.002572890153891184,0.0010001469823741134,0.00031394011028645013,0.5099009900990099,0.5605095541401274,0.564066852367688,0.7967241932207483,1.0866065680483936,1.0220628001847314,-0.6651622515193084,-0.35911969988565945,-1.1305450271957336,RangeZ,24,BEAR,BTCETH,4.422903443267802
387,80.0,125.0,254.0,-0.42617635817147986,-0.11757869289933073,0.99578369368166,-0.005327204477143499,-0.0009406295431946458,0.003920408242841181,0.3,0.384,0.5039370078740157,0.47801482101156717,0.9104516960801664,1.4481760180977399,-0.5215385535144336,-0.37874188673470194,-0.1847323527989546,TrendCross,12,BULL,ALL,4.397776870629796
257,264.0,528.0,1388.0,-0.2908969770877371,0.5195537526975116,0.32338273073982016,-0.001101882488968701,0.0009840033195028628,0.00023298467632551885,0.4356060606060606,0.49053030303030304,0.4531700288184438,0.8529199343940609,1.1513460846641554,1.0266668840703699,-0.4409943353657264,-0.26874050967913393,-1.2701934209698835,Momentum,8,BULL,ETH,4.37900428406577
450,399.0,628.0,1369.0,-0.5245736185381886,0.686064993068936,0.10596760837548186,-0.0013147208484666382,0.0010924601800460763,7.74051193392855e-05,0.49624060150375937,0.535031847133758,0.5200876552227903,0.8798829563666747,1.107171865693165,1.006085285376255,-0.6510074563665662,-0.4135541825844522,-1.3493156349822082,RangeZ,12,BEAR,ALL,4.375582630500858
313,262.0,468.0,919.0,-0.2726770901082908,0.2886537140441905,0.7425741944844294,-0.0010407522523217204,0.0006167814402653643,0.0008080241506903475,0.4732824427480916,0.4893162393162393,0.4602829162132753,0.8430924090309804,1.0842955973217507,1.094891627229054,-0.41180870812216036,-0.34515117968027464,-0.49508422349175285,VolExp,8,ALL,BTCETH,4.220774255771881
565,208.0,389.0,746.0,-0.16161160535517932,0.049488253809599037,1.2718681680160049,-0.0007769788718999006,0.00012721916146426487,0.0017049171153029556,0.46153846153846156,0.4987146529562982,0.4584450402144772,0.9144034547671783,1.0143778027819128,1.1780944477504967,-0.33986786892264254,-0.6010572564616381,-0.320784737580282,BreakVol,12,ALL,BTCETH,4.151827688763895
39,250.0,557.0,1163.0,0.22975998475785495,-0.3149850531106621,3.5867008978408537,0.0009190399390314198,-0.0005655027883494831,0.0030840076507659964,0.5,0.4829443447037702,0.469475494411006,1.0793792705109244,0.9567506245278999,1.1845301911782389,-0.3591700768061914,-0.7002553799246891,-1.3233328898208558,Breakout,24,BULL,ALL,4.094282889773169
555,121.0,284.0,501.0,0.035568544903928245,-0.014602379612930524,0.9037053674737492,0.00029395491656139045,-5.1416829622994804e-05,0.0018038031286901181,0.47107438016528924,0.46830985915492956,0.4630738522954092,1.04058679344624,0.9936611874111465,1.1591413963042168,-0.2006776231082918,-0.3236963600488638,-0.8690591883627369,BreakVol,8,BULL,ALL,3.853772053159492
337,141.0,265.0,550.0,-0.06746562356058272,0.21540967974022437,0.054050866556587585,-0.0004784795997204448,0.0008128667160008467,9.827430283015924e-05,0.44680851063829785,0.49433962264150944,0.46,0.9557279766889569,1.0626035485928509,1.006411133296689,-0.45460458823742467,-0.4398602565417335,-0.758626226519695,VolExp,24,ALL,BTCETH,3.7930224167213926
53,60.0,114.0,288.0,0.41261743233852755,-0.14753307493557116,1.215298516887573,0.006876957205642126,-0.001294149780136589,0.004219786516970739,0.48333333333333334,0.5087719298245614,0.4513888888888889,1.5264679230113856,0.9385461450328071,1.2090629124080605,-0.3016558290438348,-0.8140723196079277,-0.6437396696153015,Breakout,48,BULL,ETH,3.7790960141384287
577,170.0,319.0,609.0,0.07265760091962377,-0.05513071360004196,1.2167025971613632,0.0004273976524683751,-0.0001728235536051472,0.0019978696176705473,0.5,0.47335423197492166,0.451559934318555,1.0402266593792868,0.9857935383134424,1.1331631886468625,-0.26239918856842226,-0.6298679915167374,-0.8466741515035616,BreakVol,24,ALL,BTCETH,3.7711792374205575
40,170.0,369.0,834.0,-0.05030707176594739,-0.20520573428854164,2.249117960521321,-0.0002959239515643964,-0.0005561131010529583,0.002696784125325325,0.48823529411764705,0.4715447154471545,0.4712230215827338,0.9731760920301135,0.950801294849854,1.1989318335528938,-0.29650742745647785,-0.7002553799246891,-0.7554760660632652,Breakout,24,BULL,BTCETH,3.734291051622156
234,260.0,415.0,868.0,-1.2202859839994202,0.4202651318337799,-0.29986704542956283,-0.004693407630767001,0.0010126870646597105,-0.0003454689463474226,0.46923076923076923,0.5084337349397591,0.521889400921659,0.764940925037915,1.0536199625178042,0.9861224809778951,-1.5782694630495901,-0.8216076634391538,-2.1738387389089864,VWAP,48,BEAR,ALL,3.7196476264676983
714,260.0,415.0,868.0,-1.2202859839994202,0.4202651318337799,-0.29986704542956283,-0.004693407630767001,0.0010126870646597105,-0.0003454689463474226,0.46923076923076923,0.5084337349397591,0.521889400921659,0.764940925037915,1.0536199625178042,0.9861224809778951,-1.5782694630495901,-0.8216076634391538,-2.1738387389089864,MeanRev,48,BEAR,ALL,3.7196476264676983
549,96.0,190.0,344.0,0.01873239679100505,0.1721474321731135,-0.09342889234658865,0.00019512913323963595,0.0009060391167005974,-0.0002715956172865949,0.46875,0.46842105263157896,0.4273255813953488,1.0393847406535417,1.1556429316215235,0.9647575934876645,-0.0908385217206503,-0.23659355127881138,-0.3306858276199016,BreakVol,4,RANGE,ALL,3.6608831412237883
222,440.0,686.0,1465.0,-1.5960347581855827,0.49134203259914755,0.18620686959160682,-0.0036273517231490515,0.0007162420300279119,0.00012710366525024356,0.4727272727272727,0.5072886297376094,0.5242320819112628,0.7494430750231448,1.0504406938855515,1.0071414734228477,-1.7306130190641864,-0.6099716262292108,-2.1008595347524968,VWAP,24,BEAR,ALL,3.6171698926144664
702,440.0,686.0,1465.0,-1.5960347581855827,0.49134203259914755,0.18620686959160682,-0.0036273517231490515,0.0007162420300279119,0.00012710366525024356,0.4727272727272727,0.5072886297376094,0.5242320819112628,0.7494430750231448,1.0504406938855515,1.0071414734228477,-1.7306130190641864,-0.6099716262292108,-2.1008595347524968,MeanRev,24,BEAR,ALL,3.6171698926144664
58,141.0,272.0,586.0,-0.39152446283448805,0.4137900460677284,-0.8598126974307543,-0.002776769239960908,0.0015212869340725309,-0.0014672571628511165,0.48936170212765956,0.5110294117647058,0.4726962457337884,0.8186286051549696,1.1001448149868893,0.9308164519157219,-0.6554820938439904,-0.49361501322575174,-1.3792097292288477,Breakout,48,RANGE,BTCETH,3.6062779721965565
554,113.0,205.0,413.0,-0.017851882370643234,0.31148591096221967,-0.6336880074799912,-0.00015798125991719675,0.0015194434681083887,-0.0015343535290072425,0.45132743362831856,0.48292682926829267,0.41646489104116224,0.9821788102553158,1.1953937521746554,0.8513832465325173,-0.259998874942295,-0.2639321679676722,-1.0203863745224755,BreakVol,8,ALL,ETH,3.5513104059167073
109,230.0,418.0,957.0,-0.5138663214195176,0.08976922950471566,0.8841316255925068,-0.0022342013974761634,0.0002147589222600853,0.0009238574980067991,0.4434782608695652,0.47368421052631576,0.4890282131661442,0.8569232520821949,1.0138763981365846,1.0479070175139247,-0.9668000050090808,-1.3958552871709065,-0.8613572505392569,Pullback,48,ALL,BTCETH,3.415158758177479
529,230.0,418.0,957.0,-0.5138663214195176,0.08976922950471566,0.8841316255925068,-0.0022342013974761634,0.0002147589222600853,0.0009238574980067991,0.4434782608695652,0.47368421052631576,0.4890282131661442,0.8569232520821949,1.0138763981365846,1.0479070175139247,-0.9668000050090808,-1.3958552871709065,-0.8613572505392569,TrendPullback,48,ALL,BTCETH,3.415158758177479
97,341.0,616.0,1436.0,-0.41164229067647606,0.24137071497049112,0.7698124674775304,-0.0012071621427462641,0.0003918355762507973,0.0005360811054857455,0.436950146627566,0.49188311688311687,0.4923398328690808,0.888563544905345,1.0385545733422983,1.0408210718023756,-0.6197652421275899,-0.5806425308513244,-1.4510548587623333,Pullback,24,ALL,BTCETH,3.3991279031320145
517,341.0,616.0,1436.0,-0.41164229067647606,0.24137071497049112,0.7698124674775304,-0.0012071621427462641,0.0003918355762507973,0.0005360811054857455,0.436950146627566,0.49188311688311687,0.4923398328690808,0.888563544905345,1.0385545733422983,1.0408210718023756,-0.6197652421275899,-0.5806425308513244,-1.4510548587623333,TrendPullback,24,ALL,BTCETH,3.3991279031320145
29,105.0,233.0,577.0,0.00013226306050230074,0.10115948362841626,0.19622476973437974,1.259648195260007e-06,0.0004341608739417007,0.00034007759052752124,0.44761904761904764,0.43776824034334766,0.4731369150779896,1.0001371936166434,1.044140614623569,1.0319749955361097,-0.2093893569095105,-0.36463587326569247,-0.8001570702962059,Breakout,12,BULL,ETH,3.2845149485706013
386,55.0,84.0,192.0,-0.11841409976346015,-0.0008018304827954476,0.21572642334752595,-0.002152983632062912,-9.545600985660091e-06,0.0011235751216016976,0.4,0.4166666666666667,0.4635416666666667,0.7360280364314608,0.9989692564630432,1.1157827648298397,-0.26785153062352784,-0.2746743252428612,-0.24829309194245258,TrendCross,12,ALL,ETH,3.2192359409232605
336,197.0,351.0,741.0,-0.06547816282312764,0.015996011504931712,0.7612131439859517,-0.0003323764610311048,4.55726823502328e-05,0.0010272781970120807,0.45685279187817257,0.49572649572649574,0.46558704453441296,0.9712674581662631,1.002973236046142,1.0537273657264532,-0.45460458823742467,-0.4719447265130655,-1.827852848576629,VolExp,24,ALL,ALL,3.1751241634851417
409,78.0,134.0,311.0,-0.4820028930904687,0.1718877526470106,-0.45271405056165803,-0.006179524270390624,0.001282744422738885,-0.0014556721883011512,0.4230769230769231,0.5,0.4790996784565916,0.6595675572156396,1.0861990381150533,0.931462603108334,-0.5161690493998281,-0.4022796152188279,-0.7521461439276896,TrendCross,48,ALL,BTCETH,3.127478298400006
266,543.0,1006.0,2265.0,-1.6576635861478384,-0.40000568684372967,3.9796662419715427,-0.0030527874514693154,-0.0003976199670414808,0.0017570270383980321,0.3812154696132597,0.4423459244532803,0.47902869757174393,0.7180866032313621,0.9596556716133994,1.168013543621254,-1.8844191951571967,-0.993018339892839,-1.2269279318039619,Momentum,12,ALL,ETH,3.0894563195497238
474,220.0,323.0,717.0,-1.5019054442408002,-0.37333902209318254,2.3279203909467228,-0.006826842928367273,-0.0011558483656135682,0.003246750893928484,0.43636363636363634,0.5294117647058824,0.5230125523012552,0.6601255042198632,0.9413180838709747,1.1407791199940718,-1.7341117377185185,-1.0682479752363383,-1.351486214326012,RangeZ,48,BEAR,ALL,3.0171513665663943
542,128.0,238.0,459.0,-0.027531440024060272,0.41664366137031705,-1.1436508325768704,-0.00021508937518797087,0.0017506036192030127,-0.0024916140143286937,0.4140625,0.47058823529411764,0.39651416122004357,0.9712017387809093,1.2781983327209756,0.7076176504495753,-0.334254680001198,-0.2413241093794275,-1.4362029868710955,BreakVol,4,ALL,ETH,2.995409207247883
556,88.0,200.0,349.0,0.0314507380743457,-0.008229982188930805,0.33492412590817544,0.0003573947508448375,-4.114991094465403e-05,0.0009596679825449153,0.4659090909090909,0.465,0.44412607449856734,1.051554324109925,0.994047348374785,1.116678537984534,-0.17162673472323012,-0.3236963600488638,-0.4845955006150712,BreakVol,8,BULL,BTCETH,2.9880940470149264
268,372.0,799.0,1948.0,-0.3470917446358096,-0.22463963600600878,2.729742529600244,-0.0009330423242898107,-0.00028115098373718246,0.0014013052000001252,0.43548387096774194,0.44430538172715894,0.47433264887063653,0.8738979465010056,0.9657511318068821,1.1537449512054845,-0.6650042770400468,-0.65968633567886,-0.8818767822760568,Momentum,12,BULL,BTCETH,2.958499315538127
464,96.0,170.0,346.0,-0.45722629859923597,0.10696710574229779,-0.15204207777147172,-0.004762773943742042,0.0006292182690723399,-0.00043942797043777955,0.4479166666666667,0.5588235294117647,0.5606936416184971,0.7007278268272304,1.0494025122324318,0.9736075763910197,-0.573601038743903,-0.31762113020691896,-0.976200933342891,RangeZ,24,BEAR,ETH,2.8420186563303518
400,54.0,81.0,187.0,-0.4559265351084693,-0.10941684664229359,0.6277849934405495,-0.008443083983490172,-0.0013508252671888099,0.0033571390023558797,0.2962962962962963,0.4444444444444444,0.5133689839572193,0.37870235233849125,0.8861397460259396,1.2884909378679887,-0.49737085094559813,-0.4350034290294432,-0.23452544494507505,TrendCross,24,BULL,BTCETH,2.830119151872188
267,574.0,1238.0,2779.0,-0.3597451945499361,-0.07327685952329788,2.338828406334365,-0.0006267337884145228,-5.9189708823342386e-05,0.0008416079187961011,0.45121951219512196,0.4507269789983845,0.473551637279597,0.9212633484659668,0.9936639457807249,1.0691870390209375,-0.8474244505100206,-0.65968633567886,-2.0338690336793483,Momentum,12,BULL,ALL,2.786079485951079
87,320.0,669.0,1527.0,-0.4018231880762879,-0.5612609875364944,3.5337803062561237,-0.0012556974627383997,-0.0008389551383206196,0.0023141979739725762,0.45625,0.4439461883408072,0.49901768172888017,0.8333409840776207,0.9072337240879093,1.226845858898619,-0.5233868181628429,-0.7700791220479063,-1.0758272433025535,Pullback,12,BULL,ALL,2.7703672803178656
507,320.0,669.0,1527.0,-0.4018231880762879,-0.5612609875364944,3.5337803062561237,-0.0012556974627383997,-0.0008389551383206196,0.0023141979739725762,0.45625,0.4439461883408072,0.49901768172888017,0.8333409840776207,0.9072337240879093,1.226845858898619,-0.5233868181628429,-0.7700791220479063,-1.0758272433025535,TrendPullback,12,BULL,ALL,2.7703672803178656
275,219.0,417.0,873.0,-0.39216298362927837,-0.3037774960616162,1.794966272954455,-0.0017906985553848328,-0.0007284832039846912,0.002056089659741644,0.4383561643835616,0.4172661870503597,0.4959908361970218,0.7973501576836566,0.9232786380753822,1.2145828844858026,-0.635108795948211,-0.6002800529737536,-0.5228989945518046,Momentum,12,RANGE,ETH,2.7369847743334463
562,63.0,125.0,237.0,-0.0791554646536743,-0.01243036831439482,0.18405640054936412,-0.0012564359468837192,-9.944294651515856e-05,0.000776609285018414,0.5238095238095238,0.432,0.43037974683544306,0.7864563122824145,0.9847695139208741,1.1125247706673596,-0.17037735233914347,-0.1988588394818509,-0.32947400414975236,BreakVol,8,RANGE,BTCETH,2.6750176765763305
96,513.0,929.0,2023.0,-0.5396550859294591,-0.6573320382046159,4.0482297351170216,-0.0010519592318313043,-0.0007075694706185317,0.0020011021923465257,0.4444444444444444,0.48116254036598494,0.49876421156697975,0.9110810328665166,0.9460495355876899,1.1266117370542612,-0.7889398181283566,-1.490108519910525,-1.6015023000309956,Pullback,24,ALL,ALL,2.6586245237514134
516,513.0,929.0,2023.0,-0.5396550859294591,-0.6573320382046159,4.0482297351170216,-0.0010519592318313043,-0.0007075694706185317,0.0020011021923465257,0.4444444444444444,0.48116254036598494,0.49876421156697975,0.9110810328665166,0.9460495355876899,1.1266117370542612,-0.7889398181283566,-1.490108519910525,-1.6015023000309956,TrendPullback,24,ALL,ALL,2.6586245237514134
59,68.0,138.0,297.0,-0.21784485092585104,0.2043868751598677,-0.6808625382716988,-0.003203600748909574,0.0014810643127526645,-0.0022924664588272687,0.5294117647058824,0.5144927536231884,0.45791245791245794,0.8204893500723083,1.081212678698698,0.9065751032492736,-0.436342191283907,-0.3705869430030755,-1.3548238969724906,Breakout,48,RANGE,ETH,2.657449948626032
89,116.0,208.0,558.0,-0.1936775194088755,-0.06573228771027184,0.6589299110265733,-0.0016696337880075475,-0.00031602061399169155,0.0011808779767501314,0.47413793103448276,0.4375,0.492831541218638,0.787606714012498,0.960419263821262,1.1262281695318512,-0.21606966624604396,-0.3615429818775711,-0.7584546682889841,Pullback,12,BULL,ETH,2.6354841821198614
509,116.0,208.0,558.0,-0.1936775194088755,-0.06573228771027184,0.6589299110265733,-0.0016696337880075475,-0.00031602061399169155,0.0011808779767501314,0.47413793103448276,0.4375,0.492831541218638,0.787606714012498,0.960419263821262,1.1262281695318512,-0.21606966624604396,-0.3615429818775711,-0.7584546682889841,TrendPullback,12,BULL,ETH,2.6354841821198614
586,55.0,107.0,218.0,-0.18031224010702412,-0.023542809050354368,0.21864287368828994,-0.0032784043655822567,-0.00022002625280705018,0.0010029489618728895,0.41818181818181815,0.45794392523364486,0.44954128440366975,0.6610957171135949,0.9823536087888199,1.078896770605491,-0.22253880057209777,-0.31291811144596793,-0.536545743096081,BreakVol,24,RANGE,BTCETH,2.6241468356531
256,483.0,1023.0,2594.0,-0.5707239835787868,0.14699942129260724,0.6205142911620269,-0.0011816231544074262,0.0001436944489663805,0.00023921136899075827,0.4244306418219462,0.4633431085043988,0.44294525828835773,0.8237560879299236,1.0234529964641312,1.0304927522891727,-0.737113329695248,-0.5353598260666077,-1.2701934209698882,Momentum,8,BULL,BTCETH,2.5805460156768234
325,203.0,362.0,730.0,-0.14166396011410004,0.11118304815561023,-0.043655416312533835,-0.0006978520202665027,0.0003071354921425697,-5.980194015415594e-05,0.5172413793103449,0.4861878453038674,0.4547945205479452,0.9109104164580084,1.0302738944712186,0.9944764299665946,-0.4007449534189994,-0.4079930686212935,-0.7690161929421535,VolExp,12,ALL,BTCETH,2.5792193685687965
553,232.0,431.0,816.0,-0.2707668994285838,0.10999975838193801,0.0031015377300608327,-0.0011670987044335509,0.00025521985703465895,3.8009040809569027e-06,0.46551724137931033,0.46403712296983757,0.43995098039215685,0.8503015410455729,1.0353161508257205,1.0004171609683319,-0.4227965127910601,-0.4228651288547879,-1.0203863745224726,BreakVol,8,ALL,BTCETH,2.5499739299443274
574,60.0,116.0,228.0,-0.02752319049636163,-0.08650191711692447,0.41280701963133715,-0.0004587198416060271,-0.0007457061820424524,0.0018105571036462155,0.5,0.49137931034482757,0.4605263157894737,0.9302120198621443,0.9017329212560432,1.2239835148334166,-0.11997609121800534,-0.21913583857488858,-0.2106804392830676,BreakVol,12,RANGE,BTCETH,2.4448611756507708
564,304.0,559.0,1052.0,-0.27507230401955574,-0.21236407215896902,1.1887740267656381,-0.000904843105327486,-0.00037989995019493565,0.0011300133334274127,0.4605263157894737,0.4847942754919499,0.45722433460076045,0.903488534086636,0.9629666570494494,1.0852896361943882,-0.4500440250150313,-0.7652449567756073,-1.4954292174894417,BreakVol,12,ALL,ALL,2.418469726281379
302,193.0,288.0,613.0,-0.30032712457757677,0.15011691070127323,-0.388877226029341,-0.0015560990910755274,0.0005212392732683098,-0.0006343837292485171,0.47150259067357514,0.4965277777777778,0.4355628058727569,0.7594682101330863,1.0737814986231,0.9264677602690066,-0.43243227783965305,-0.3183105009217293,-0.8409092125021354,VolExp,4,ALL,ETH,2.4083440761802093
312,356.0,612.0,1243.0,-0.3133235454352704,0.021643110575952598,0.3147854031601086,-0.0008801223186384001,3.536455976462843e-05,0.0002532465029445765,0.4691011235955056,0.4722222222222222,0.46419951729686243,0.8784311353422148,1.0038485213397277,1.021228309137923,-0.46237668593743375,-0.5823637068480157,-2.085141372868872,VolExp,8,ALL,ALL,2.349052452951484
292,145.0,298.0,694.0,-0.07826792465885996,-0.10631292376977597,0.715675452724833,-0.0005397787907507584,-0.0003567547777509261,0.0010312326408138805,0.46206896551724136,0.48322147651006714,0.4827089337175792,0.9636169023350891,0.977784311895177,1.0521979508193853,-0.40155814432740916,-1.2278095557727742,-0.8332431247571687,Momentum,48,BULL,BTCETH,2.3477053480265906
75,403.0,828.0,1897.0,-0.825232883736193,-0.4972605133220225,2.7551282391228806,-0.002047724277261025,-0.000600556175509689,0.001452360695373158,0.42431761786600497,0.46497584541062803,0.49868212967843967,0.6925790403487789,0.9159412110643932,1.1724454716022807,-0.9208657934154935,-0.693275998556484,-1.1699366067557386,Pullback,8,BULL,ALL,2.339635027020454
495,403.0,828.0,1897.0,-0.825232883736193,-0.4972605133220225,2.7551282391228806,-0.002047724277261025,-0.000600556175509689,0.001452360695373158,0.42431761786600497,0.46497584541062803,0.49868212967843967,0.6925790403487789,0.9159412110643932,1.1724454716022807,-0.9208657934154935,-0.693275998556484,-1.1699366067557386,TrendPullback,8,BULL,ALL,2.339635027020454
27,322.0,760.0,1545.0,0.010249864401252612,-0.12742669016644792,0.9089120299154705,3.183187702252364e-05,-0.00016766669758743147,0.0005882925759970683,0.43788819875776397,0.45263157894736844,0.4621359223300971,1.0037960837233932,0.9822766992480951,1.0468621863184602,-0.3985471774584425,-0.635914589743244,-1.7967664775656456,Breakout,12,BULL,ALL,2.2820980663887607
563,26.0,59.0,115.0,-0.00974237309297648,0.04374367453902653,-0.13919456157644736,-0.0003747066574221723,0.0007414182125258734,-0.0012103874919691074,0.46153846153846156,0.4576271186440678,0.41739130434782606,0.9449291188899144,1.112983403600015,0.8603232178188959,-0.08421256372633808,-0.14855353112360764,-0.22715147318658632,BreakVol,8,RANGE,ETH,2.2457555545015504
98,171.0,299.0,716.0,-0.26582386509818257,-0.04379974636267325,0.33826921539444754,-0.0015545255268899565,-0.00014648744602900753,0.0004724430382604016,0.4444444444444444,0.5050167224080268,0.49441340782122906,0.8739704632961265,0.9880402036788836,1.0321512116519598,-0.4353933605947061,-0.5806425308513243,-1.451054858762319,Pullback,24,ALL,ETH,2.19965956153323
518,171.0,299.0,716.0,-0.26582386509818257,-0.04379974636267325,0.33826921539444754,-0.0015545255268899565,-0.00014648744602900753,0.0004724430382604016,0.4444444444444444,0.5050167224080268,0.49441340782122906,0.8739704632961265,0.9880402036788836,1.0321512116519598,-0.4353933605947061,-0.5806425308513243,-1.451054858762319,TrendPullback,24,ALL,ETH,2.19965956153323
265,1012.0,1858.0,4303.0,-1.9641953851540332,-0.9254138561616123,4.635206036822252,-0.0019409045307846179,-0.0004980698902915028,0.0010772033550597844,0.41798418972332013,0.44994617868675996,0.46874273762491286,0.7826660711081201,0.9429722314376158,1.1097461996357627,-2.1773829454929445,-1.6013930241454204,-1.4457337778395978,Momentum,12,ALL,BTCETH,2.1337820055501573
375,80.0,125.0,256.0,-0.39165612546933265,-0.22493504299265832,0.8807084414216899,-0.004895701568366658,-0.0017994803439412665,0.0034402673493034762,0.325,0.432,0.49609375,0.4723362758435951,0.7813956142617975,1.510666351418239,-0.4444044818228177,-0.39373688507398186,-0.18917523156807864,TrendCross,8,BULL,ALL,2.13336862710098
438,436.0,678.0,1488.0,0.058170944192786914,0.21295993282418824,-0.7734265152673514,0.00013341959677244704,0.00031410019590588233,-0.0005197758839162308,0.5275229357798165,0.5058997050147492,0.5201612903225806,1.0166070123154147,1.034272131531469,0.9514205891831868,-0.46671270209039767,-0.4690905657147031,-1.3636776299094517,RangeZ,8,BEAR,ALL,2.0941172286101897
255,752.0,1616.0,3739.0,-0.7949039262779093,-0.13394174395774244,0.8420270030602266,-0.0010570530934546666,-8.288474254810795e-05,0.00022520112411345992,0.44148936170212766,0.474009900990099,0.4522599625568334,0.8533528939531945,0.9891632737407428,1.0220539696527826,-1.1195084260053059,-0.9630445155980201,-3.0251462388936154,Momentum,8,BULL,ALL,2.0706488824107696
297,297.0,528.0,1098.0,0.6091586439269012,0.21068600030312945,-0.7954847893416644,0.0020510392051410814,0.00039902651572562396,-0.0007244852361945942,0.5117845117845118,0.5037878787878788,0.48178506375227687,1.1483513994433996,1.0205297990544957,0.9705365603672568,-0.2959760183788381,-0.8179411196455809,-2.6530393660078015,Momentum,48,RANGE,ALL,2.064634154678406
77,142.0,259.0,686.0,-0.26758205355959336,-0.04557767032033794,0.24138205829702475,-0.0018843806588703757,-0.00017597556108238586,0.00035186888964580865,0.4507042253521127,0.4749034749034749,0.49854227405247814,0.7109746474731681,0.972889584355416,1.0432595609575528,-0.30417948096680764,-0.3413767223619888,-0.9541649284445322,Pullback,8,BULL,ETH,2.0160669127940056
497,142.0,259.0,686.0,-0.26758205355959336,-0.04557767032033794,0.24138205829702475,-0.0018843806588703757,-0.00017597556108238586,0.00035186888964580865,0.4507042253521127,0.4749034749034749,0.49854227405247814,0.7109746474731681,0.972889584355416,1.0432595609575528,-0.30417948096680764,-0.3413767223619888,-0.9541649284445322,TrendPullback,8,BULL,ETH,2.0160669127940056
88,221.0,451.0,1108.0,-0.3322423308865678,-0.24422629703944004,1.0986778944184292,-0.0015033589632876372,-0.0005415217229255877,0.0009915865473090516,0.4479638009049774,0.4567627494456763,0.5090252707581228,0.7885219956848855,0.9230248329237006,1.1190175058231326,-0.37288615254597474,-0.4707493752749966,-0.7584546682889972,Pullback,12,BULL,BTCETH,1.9505854402047094
508,221.0,451.0,1108.0,-0.3322423308865678,-0.24422629703944004,1.0986778944184292,-0.0015033589632876372,-0.0005415217229255877,0.0009915865473090516,0.4479638009049774,0.4567627494456763,0.5090252707581228,0.7885219956848855,0.9230248329237006,1.1190175058231326,-0.37288615254597474,-0.4707493752749966,-0.7584546682889972,TrendPullback,12,BULL,BTCETH,1.9505854402047094
396,138.0,235.0,484.0,-0.6296241674353508,0.12237919236562744,-0.5443140427927985,-0.004562493966922832,0.0005207625207047977,-0.0011246157908942117,0.42028985507246375,0.4765957446808511,0.4669421487603306,0.6511614333126773,1.0389768322268764,0.9321529376384704,-0.7408422853855828,-0.5877484571928526,-1.1370436989201305,TrendCross,24,ALL,ALL,1.8880390203807305
451,262.0,412.0,943.0,-0.5893227105330912,0.04258446111939121,-0.33189963687235097,-0.0022493233226453862,0.0001033603425227942,-0.0003519614388890254,0.5038167938931297,0.5485436893203883,0.5249204665959704,0.7797296523819739,1.0110049118519822,0.9679995178178377,-0.6510074563665662,-0.4135541825844522,-1.1461927797136129,RangeZ,12,BEAR,BTCETH,1.8337636758263827
303,218.0,369.0,846.0,-0.16744459236042258,0.018402280215794417,-0.22743423321452574,-0.0007680944603689109,4.987067809158379e-05,-0.00026883479103371837,0.4908256880733945,0.46883468834688347,0.4574468085106383,0.855522187446091,1.0085304755526032,0.9723955901059658,-0.2492244242952616,-0.5844671821954515,-1.3956406800683732,VolExp,4,BULL,ALL,1.8118326308080182
559,96.0,139.0,272.0,-0.25332666533726245,0.14729771823621562,-0.6393564137912624,-0.002638819430596484,0.0010596958146490332,-0.0023505750507031705,0.4479166666666667,0.4892086330935252,0.4227941176470588,0.7197560288670867,1.133266228327242,0.8018133763297209,-0.3440817002295436,-0.1445536463916741,-0.8840583041281765,BreakVol,8,BEAR,BTCETH,1.7038961832518589
239,109.0,189.0,402.0,-0.5124614282462752,0.04978149072839437,-0.3552178538833477,-0.004701480993085093,0.00026339413083806544,-0.0008836265021973823,0.43119266055045874,0.4656084656084656,0.5199004975124378,0.7368083228090865,1.0130039116929233,0.9596835441744385,-0.7652825251151474,-1.0276455741487942,-1.3002611641568018,VWAP,48,RANGE,ETH,1.6158492153461104
719,109.0,189.0,402.0,-0.5124614282462752,0.04978149072839437,-0.3552178538833477,-0.004701480993085093,0.00026339413083806544,-0.0008836265021973823,0.43119266055045874,0.4656084656084656,0.5199004975124378,0.7368083228090865,1.0130039116929233,0.9596835441744385,-0.7652825251151474,-1.0276455741487942,-1.3002611641568018,MeanRev,48,RANGE,ETH,1.6158492153461104
404,28.0,44.0,96.0,-0.0826875611135099,0.08279189107943688,-0.39379905541677607,-0.0029531271826253535,0.00188163388816902,-0.00410207349392475,0.42857142857142855,0.4772727272727273,0.4166666666666667,0.757124095342632,1.1337173075872966,0.77347363824644,-0.21007716353924522,-0.18095763592224762,-0.6013787583019037,TrendCross,24,BEAR,ETH,1.5683852282470259
52,117.0,251.0,565.0,0.5768072035858922,-0.5156919961190904,2.0001078363542906,0.00492997609902472,-0.0020545497853350215,0.0035400138696536116,0.49572649572649574,0.4541832669322709,0.4672566371681416,1.4334576870209,0.8833248229613286,1.1851002858046527,-0.30165582904383426,-1.0324626742896619,-0.9835866342401408,Breakout,48,BULL,BTCETH,1.4993394077495494
28,214.0,507.0,1092.0,-0.08523276255161448,-0.2417746639418012,0.48041195040034823,-0.000398283937157077,-0.0004768731044216986,0.0004399376835168024,0.4158878504672897,0.4319526627218935,0.45695970695970695,0.9497106326677942,0.9437856447149952,1.0452711442964946,-0.3219078541277002,-0.635914589743244,-0.8130253277605917,Breakout,12,BULL,BTCETH,1.475248263684895
541,263.0,499.0,914.0,-0.23382943040975498,0.2723269941476716,-1.397998183606467,-0.0008890852867291065,0.0005457454792538508,-0.0015295384940989792,0.467680608365019,0.45090180360721444,0.4190371991247265,0.8608728208195938,1.0981469800910006,0.8064510198244896,-0.3596392104329373,-0.27729550613400394,-1.7289924663849852,BreakVol,4,ALL,BTCETH,1.4665504643242129
264,1585.0,2949.0,6399.0,-2.664370776456064,-1.5894112143504442,3.1927174442657194,-0.0016809910261552452,-0.0005389661628858746,0.0004989400600509016,0.4347003154574132,0.46252967107494064,0.47491795593061414,0.821821558850027,0.9470292137940488,1.039836211115309,-3.3002424206353296,-2.2085550359816675,-2.9773240000121475,Momentum,12,ALL,ALL,1.40787315918851
557,48.0,90.0,188.0,0.13471387375412824,0.017193137459711953,-0.1698213077401529,0.0028065390365443386,0.00019103486066346614,-0.0009033048284050686,0.5,0.45555555555555555,0.4095744680851064,1.396609640291002,1.0251484383295113,0.902580011829901,-0.10150318649175327,-0.22068394744768594,-0.4845955006150706,BreakVol,8,BULL,ETH,1.406493343081276
179,89.0,155.0,343.0,-0.03949501363268929,0.203258668326797,-1.0822005789175055,-0.0004437641981201044,0.0013113462472696582,-0.003155103728622465,0.449438202247191,0.47096774193548385,0.4752186588921283,0.9713711328143854,1.0722567773081237,0.860036751567402,-0.46749446158660857,-0.5309848212203332,-1.9986320137546496,RSI,48,RANGE,ETH,1.399882294792377
650,89.0,155.0,343.0,-0.03949501363268929,0.203258668326797,-1.0822005789175055,-0.0004437641981201044,0.0013113462472696582,-0.003155103728622465,0.449438202247191,0.47096774193548385,0.4752186588921283,0.9713711328143854,1.0722567773081237,0.860036751567402,-0.46749446158660857,-0.5309848212203332,-1.9986320137546496,RSIRange,48,ALL,ETH,1.399882294792377
659,89.0,155.0,343.0,-0.03949501363268929,0.203258668326797,-1.0822005789175055,-0.0004437641981201044,0.0013113462472696582,-0.003155103728622465,0.449438202247191,0.47096774193548385,0.4752186588921283,0.9713711328143854,1.0722567773081237,0.860036751567402,-0.46749446158660857,-0.5309848212203332,-1.9986320137546496,RSIRange,48,RANGE,ETH,1.399882294792377
26,293.0,568.0,1291.0,-0.36954305153854816,0.02470623369413428,-0.8236866581783451,-0.001261239083749311,4.3496890306574434e-05,-0.0006380221984340395,0.42662116040955633,0.44190140845070425,0.4415182029434547,0.8761024955428348,1.0042676038967124,0.9460900342318826,-0.615301759467943,-0.5764933615629372,-2.7966259087925636,Breakout,12,ALL,ETH,1.3993292203077043
274,403.0,752.0,1640.0,-0.627112434201309,-0.7616987184802146,2.1714998491533457,-0.0015561102585640422,-0.001012897232021562,0.0013240852738739912,0.45409429280397023,0.4308510638297872,0.49573170731707317,0.8011228023294431,0.8841933130231878,1.143503340127041,-0.865902471335992,-1.0534342484395653,-0.7798960307798296,Momentum,12,RANGE,BTCETH,1.3259874629810962
576,254.0,462.0,853.0,-0.08374434238631287,-0.5638611227618324,1.4933049533749074,-0.0003297021353791845,-0.001220478620696607,0.0017506505901229864,0.4881889763779528,0.4696969696969697,0.45838218053927315,0.9714217388928955,0.9198934032500655,1.093908306348249,-0.5133378356175231,-0.8100676340781996,-2.147298705491816,BreakVol,24,ALL,ALL,1.3234950583280871
318,150.0,248.0,446.0,-0.5034598913736563,-0.06037808786692045,-0.0853698442925693,-0.0033563992758243754,-0.00024346003172145343,-0.00019141220693401188,0.4533333333333333,0.4596774193548387,0.4820627802690583,0.6429254677611455,0.9778318439921565,0.9857621165308164,-0.5464157944270231,-0.30050944097448345,-0.7563867530554331,VolExp,8,BEAR,ALL,1.2852616901460543
452,128.0,220.0,452.0,-0.30572015222694515,0.06823866134573803,-0.588575966424551,-0.002388438689273009,0.0003101757333897183,-0.0013021592177534314,0.515625,0.5727272727272728,0.5243362831858407,0.8002562623430763,1.027359476046954,0.8964113650779628,-0.43708446358584496,-0.4135541825844522,-1.001318421953289,RangeZ,12,BEAR,ETH,1.241963090150922
472,122.0,251.0,599.0,-0.6287003680011471,0.663381113611871,-3.577316381510247,-0.005153281704927436,0.002642952643871996,-0.00597214754843113,0.4672131147540984,0.5378486055776892,0.5108514190317195,0.6886200606679622,1.1664345857216216,0.7465295433497234,-0.9393107892335575,-0.5537920534328034,-3.543814247508351,RangeZ,48,BULL,BTCETH,1.2267218683842074
332,38.0,68.0,125.0,-0.04122246552260453,-0.08990798639118802,0.22182802868418536,-0.0010848017242790664,-0.0013221762704586474,0.0017746242294734828,0.5,0.5,0.48,0.9019233146483405,0.917758331796574,1.120947016091594,-0.22270399648990938,-0.30573861679552533,-0.40840646747347664,VolExp,12,BEAR,ETH,1.168977036444356
293,78.0,145.0,361.0,0.018439020673752277,-0.28054152727073467,1.0443274811592052,0.000236397700945542,-0.0019347691535912736,0.002892873909028269,0.47435897435897434,0.47586206896551725,0.48476454293628807,1.0147658175138745,0.9033221643473611,1.140044412939353,-0.3549304520035743,-0.9543540158511875,-0.5302750992022378,Momentum,48,BULL,ETH,1.0667021791324358
76,275.0,562.0,1381.0,-0.5528736112853744,-0.37771070982610966,0.6001605110907038,-0.0020104494955831796,-0.0006720831135695901,0.0004345840051344705,0.4218181818181818,0.4608540925266904,0.5047067342505431,0.6603756573599835,0.8832000650270143,1.0628925016068258,-0.6409599052116833,-0.5572836059212308,-0.9541649284445417,Pullback,8,BULL,BTCETH,1.0365103446291304
496,275.0,562.0,1381.0,-0.5528736112853744,-0.37771070982610966,0.6001605110907038,-0.0020104494955831796,-0.0006720831135695901,0.0004345840051344705,0.4218181818181818,0.4608540925266904,0.5047067342505431,0.6603756573599835,0.8832000650270143,1.0628925016068258,-0.6409599052116833,-0.5572836059212308,-0.9541649284445417,TrendPullback,8,BULL,BTCETH,1.0365103446291304
235,169.0,267.0,595.0,-0.4699362967057049,-0.004196623383020959,-0.5466022464071656,-0.002780688146187603,-1.5717690573112205e-05,-0.0009186592376591019,0.4970414201183432,0.5131086142322098,0.5159663865546219,0.8431277717358056,0.9990452632949242,0.9559400809832267,-0.9175026437077082,-0.8216076634391538,-2.127734061992004,VWAP,48,BEAR,BTCETH,1.0048907254728245
715,169.0,267.0,595.0,-0.4699362967057049,-0.004196623383020959,-0.5466022464071656,-0.002780688146187603,-1.5717690573112205e-05,-0.0009186592376591019,0.4970414201183432,0.5131086142322098,0.5159663865546219,0.8431277717358056,0.9990452632949242,0.9559400809832267,-0.9175026437077082,-0.8216076634391538,-2.127734061992004,MeanRev,48,BEAR,BTCETH,1.0048907254728245
571,90.0,128.0,251.0,-0.31114715474195037,-0.030260551747075815,-0.11787084574725185,-0.003457190608243893,-0.0002364105605240298,-0.0004696049631364615,0.4,0.5,0.4262948207171315,0.6996858103173219,0.9772404844166093,0.963415327285519,-0.435629346141867,-0.400253026024587,-0.4560102437675278,BreakVol,12,BEAR,BTCETH,0.9982297275176072
301,411.0,709.0,1371.0,-0.7016183917453356,-0.09877543097972363,-0.8732226015586072,-0.0017071007098426656,-0.0001393165458106116,-0.0006369238523403407,0.46228710462287104,0.46262341325811,0.43544857768052514,0.6914698642931121,0.9765977011967084,0.9133069388305289,-0.7512076634642986,-0.5954509031862484,-1.228996068165924,VolExp,4,ALL,BTCETH,0.9743476960656733
319,108.0,182.0,341.0,-0.4679224790622662,-0.05120355045449601,-0.15139812499348967,-0.004332615546872835,-0.00028133818931041767,-0.0004439827712419052,0.4444444444444444,0.46153846153846156,0.4868035190615836,0.5268527247635597,0.9677356772132694,0.9588330099763224,-0.4854216390114854,-0.30050944097448345,-0.7563867530554331,VolExp,8,BEAR,BTCETH,0.9199095373268513
35,119.0,220.0,466.0,-0.35843299900830544,-0.26640099953605034,0.607291748605455,-0.003012042008473155,-0.0012109136342547742,0.0013032011772649249,0.3949579831932773,0.4318181818181818,0.4592274678111588,0.693500506538428,0.8818698355023743,1.1231750385759236,-0.44896592671629604,-0.37377279950954184,-0.6533696025290646,Breakout,12,RANGE,ETH,0.8864187828336744
254,730.0,1399.0,3157.0,-0.6182979496347503,-0.6610933511656792,-0.3384860604835731,-0.0008469834926503429,-0.00047254707016846265,-0.00010721763081519579,0.42876712328767125,0.4424588992137241,0.45359518530250237,0.8901952083565583,0.943031104623791,0.9888487361067856,-0.8378529236445369,-1.2349859357814932,-2.345419800777294,Momentum,8,ALL,ETH,0.8795680695784556
15,365.0,856.0,1744.0,0.18827799963461717,-0.2043794550272233,-1.0697922424134685,0.0005158301359852525,-0.00023876104559255058,-0.0006134129830352457,0.4602739726027397,0.4532710280373832,0.4329128440366973,1.0760976350358415,0.9690962956944721,0.9461461013553558,-0.47720568143953296,-0.6434970406485528,-2.082933463027718,Breakout,8,BULL,ALL,0.8243073228294812
377,28.0,39.0,95.0,0.013184340167152964,-0.08453615856463935,0.26678165289028166,0.00047086929168403446,-0.0021675938093497268,0.0028082279251608598,0.42857142857142855,0.38461538461538464,0.5473684210526316,1.0754093225797543,0.739816319303789,1.4680701729859502,-0.08548790512909976,-0.16441609689679393,-0.18917523156807858,TrendCross,8,BULL,ETH,0.6809267987511454
63,564.0,1127.0,2611.0,-0.8651249241220142,-0.6763062871336397,-0.026739096026539177,-0.0015339094399326493,-0.0006000943097902748,-1.0240940645936107e-05,0.4219858156028369,0.4738243123336291,0.4810417464572961,0.692356577680928,0.8891388192252733,0.9984554679469194,-0.9575136282451978,-0.7823867685502013,-1.5170385018655659,Pullback,4,BULL,ALL,0.6771647269457071
483,564.0,1127.0,2611.0,-0.8651249241220142,-0.6763062871336397,-0.026739096026539177,-0.0015339094399326493,-0.0006000943097902748,-1.0240940645936107e-05,0.4219858156028369,0.4738243123336291,0.4810417464572961,0.692356577680928,0.8891388192252733,0.9984554679469194,-0.9575136282451978,-0.7823867685502013,-1.5170385018655659,TrendPullback,4,BULL,ALL,0.6771647269457071
324,279.0,480.0,983.0,-0.25696100014054796,-0.08414129310070287,-0.90158253455543,-0.0009210071689625375,-0.0001752943606264643,-0.0009171745010736826,0.5053763440860215,0.49166666666666664,0.4557477110885046,0.8960926039896194,0.9850834475465657,0.9377465591285027,-0.4169253582152631,-0.564682430061823,-2.415589451305434,VolExp,12,ALL,ALL,0.6550667843484571
550,66.0,140.0,247.0,0.037694132544173975,-0.07531703735887138,-0.03827611080477458,0.0005711232203662723,-0.0005379788382776527,-0.00015496401135536267,0.5303030303030303,0.4357142857142857,0.4331983805668016,1.1248789172019784,0.9076696856604867,0.9734877619231005,-0.07704005923927115,-0.23659355127881138,-0.23640635044042071,BreakVol,4,RANGE,BTCETH,0.650235759672919
211,469.0,743.0,1635.0,-0.48016527059896885,-0.47448044035077963,-0.016817811456470433,-0.0010238065471193365,-0.0006386008618449255,-1.0286123214966626e-05,0.5223880597014925,0.5181695827725438,0.5155963302752293,0.8863701571013806,0.932074563056451,0.9990856932600903,-0.719871294087608,-0.8342020824690721,-1.4011984402515434,VWAP,12,BEAR,BTCETH,0.6436724094117237
691,469.0,743.0,1635.0,-0.48016527059896885,-0.47448044035077963,-0.016817811456470433,-0.0010238065471193365,-0.0006386008618449255,-1.0286123214966626e-05,0.5223880597014925,0.5181695827725438,0.5155963302752293,0.8863701571013806,0.932074563056451,0.9990856932600903,-0.719871294087608,-0.8342020824690721,-1.4011984402515434,MeanRev,12,BEAR,BTCETH,0.6436724094117237
466,207.0,375.0,797.0,-0.7983668545291251,0.19505776426089433,-1.8417972581940458,-0.00385684470787017,0.0005201540380290516,-0.002310912494597297,0.4251207729468599,0.5413333333333333,0.506900878293601,0.6419910033673121,1.048443202698266,0.8466680327268182,-0.8598844630154836,-0.6583100671835697,-2.0788952883522804,RangeZ,24,RANGE,BTCETH,0.6245068168858904
262,504.0,967.0,2115.0,-0.753188231800807,-0.5650928010245773,-0.46001058949384427,-0.0014944210948428709,-0.0005843772502839475,-0.00021749909668739682,0.44841269841269843,0.4581178903826267,0.4652482269503546,0.773391427487172,0.9193347639644969,0.9735189004439856,-1.002625048639017,-0.7900588660840191,-1.1168799199162096,Momentum,8,RANGE,BTCETH,0.5066000671531906
245,408.0,833.0,2209.0,-0.6338683867731156,-0.40353893375794314,-0.9417516833849988,-0.001553598987189009,-0.0004844404967082151,-0.00042632489062245307,0.4068627450980392,0.45138055222088835,0.4336803983703033,0.7341347109672223,0.9154066372222809,0.9379083365488282,-0.6559718427058102,-0.705837141188154,-1.6748844295487457,Momentum,4,BULL,ETH,0.45810908973222586
440,141.0,235.0,486.0,0.0760898448199896,0.045601486474234454,-0.8687186079837812,0.0005396442895034723,0.00019404887861376364,-0.0017874868477032535,0.5460992907801419,0.5148936170212766,0.5082304526748971,1.063972589477564,1.0202526479842955,0.8311446776274792,-0.19131901674646062,-0.40853986372205303,-0.9318118305524935,RangeZ,8,BEAR,ETH,0.4520082351360485
346,51.0,101.0,202.0,-0.0724485368998283,-0.09847639103204972,0.08422674872676161,-0.001420559547055457,-0.0009750137725945516,0.00041696410260773077,0.45098039215686275,0.46534653465346537,0.4900990099009901,0.8127641343408499,0.9260030490025859,1.033025060299793,-0.08543618894681079,-0.388725350031353,-0.6485886142810803,VolExp,24,RANGE,BTCETH,0.4259646667210062
150,487.0,739.0,1526.0,-0.49184127959191437,0.261651400989349,-3.3102835915787927,-0.001009941025856087,0.0003540614357095386,-0.002169255302476273,0.47638603696098564,0.5209742895805142,0.48689384010484926,0.9014852743469991,1.0353906345932584,0.846152759578428,-0.8592906012530437,-0.9166414155863503,-3.8936967621512877,RSI,12,BEAR,ALL,0.42041096311449055
397,96.0,155.0,358.0,-0.41611562197697044,0.04219735470352598,-0.7347844404848745,-0.004334537728926775,0.0002722409980872644,-0.002052470504147694,0.375,0.45161290322580644,0.4441340782122905,0.6228133727037399,1.023953430860015,0.8649704154090606,-0.4845719116885157,-0.5877484571928526,-1.1000420192683995,TrendCross,24,ALL,BTCETH,0.38093533829591053
552,333.0,616.0,1147.0,-0.4906566567209934,-0.28511300103048925,-0.7210926972892416,-0.0014734434135765567,-0.00046284578089365137,-0.0006286771554396178,0.45345345345345345,0.45616883116883117,0.43679163034001744,0.8209314962095083,0.9477792206121182,0.948318144860522,-0.6005034352148865,-0.7467466838123794,-2.015830945025725,BreakVol,8,ALL,ALL,0.3417286482457197
456,716.0,1260.0,2717.0,-0.7057470926839324,0.17573005646079676,-5.017958330130621,-0.0009856802970445984,0.00013946829877841012,-0.0018468746154326908,0.5097765363128491,0.5285714285714286,0.5252116304747884,0.9198640651688229,1.0102751811567805,0.8991354277944328,-1.1188347887453807,-0.9643325227108558,-5.327833932524273,RangeZ,24,ALL,ALL,0.3414725910753429
263,272.0,540.0,1122.0,-0.38067969142034674,-0.3970079766787642,-0.20848927752964455,-0.0013995576890453924,-0.0007351999568125263,-0.00018581932043640334,0.4485294117647059,0.4444444444444444,0.4696969696969697,0.8087751720500796,0.9099362706290736,0.9789839430706083,-0.6208096351397753,-0.5532164653330695,-0.7343283801307252,Momentum,8,RANGE,ETH,0.232700979638226
200,320.0,553.0,1099.0,-0.5345807568646488,-0.1997091193325301,-1.0965103690723872,-0.0016705648652020275,-0.0003611376479792588,-0.0009977346397382959,0.50625,0.5117540687160941,0.5059144676979072,0.8050344140679938,0.9599771178538276,0.9073194082088518,-0.6626414505865631,-0.6524728795036467,-1.5352072837914186,VWAP,8,BEAR,ETH,0.1472865903658659
680,320.0,553.0,1099.0,-0.5345807568646488,-0.1997091193325301,-1.0965103690723872,-0.0016705648652020275,-0.0003611376479792588,-0.0009977346397382959,0.50625,0.5117540687160941,0.5059144676979072,0.8050344140679938,0.9599771178538276,0.9073194082088518,-0.6626414505865631,-0.6524728795036467,-1.5352072837914186,MeanRev,8,BEAR,ETH,0.1472865903658659
272,217.0,383.0,757.0,-0.14672450066966292,-0.4332489176599313,0.35673782162867584,-0.0006761497726712577,-0.001131198218433241,0.0004712520761277092,0.42857142857142855,0.4281984334203655,0.4346103038309115,0.9391168858554824,0.9001722226418323,1.0375766806409865,-0.4067923750309296,-0.6900173578277635,-0.8809425662506845,Momentum,12,BEAR,ETH,0.1466045425440461
34,248.0,430.0,910.0,-0.31216976873010527,-0.5163924458265805,0.551201387551568,-0.001258749067460102,-0.001200912664712978,0.0006057158104962286,0.45564516129032256,0.45813953488372094,0.45384615384615384,0.8316731413789095,0.8654664557605788,1.0642604560121045,-0.5287234324838156,-0.5843715488155523,-0.6533696025290622,Breakout,12,RANGE,BTCETH,0.13361739284295593
363,80.0,125.0,256.0,-0.28522755168071917,-0.19912422440787195,0.33666092348119403,-0.0035653443960089897,-0.0015929937952629755,0.0013150817323484142,0.35,0.4,0.5234375,0.4346724988049992,0.7630621219481817,1.22978842013272,-0.28057871701724607,-0.27787177339908586,-0.21402312970049042,TrendCross,4,BULL,ALL,0.12194468390336466
388,54.0,82.0,188.0,-0.24772189650163987,-0.18924120332622804,0.4936399766365994,-0.004587442527808146,-0.0023078195527588786,0.0026257445565776565,0.2962962962962963,0.32926829268292684,0.4787234042553192,0.44657943190841987,0.7554164910016539,1.3408827869298126,-0.26053704517857557,-0.37874188673470194,-0.1588773994460176,TrendCross,12,BULL,BTCETH,0.10640472899136588
64,387.0,769.0,1892.0,-0.6717940977430141,-0.5429122001378179,-0.5376146240032634,-0.0017359020613514577,-0.0007059976594770064,-0.00028415149260214767,0.42377260981912146,0.4668400520156047,0.49207188160676535,0.6257760958546537,0.8433334811660435,0.9454892179219258,-0.6828984655663676,-0.600323709615604,-1.1034736879158125,Pullback,4,BULL,BTCETH,0.09267588753180855
484,387.0,769.0,1892.0,-0.6717940977430141,-0.5429122001378179,-0.5376146240032634,-0.0017359020613514577,-0.0007059976594770064,-0.00028415149260214767,0.42377260981912146,0.4668400520156047,0.49207188160676535,0.6257760958546537,0.8433334811660435,0.9454892179219258,-0.6828984655663676,-0.600323709615604,-1.1034736879158125,TrendPullback,4,BULL,BTCETH,0.09267588753180855
457,483.0,840.0,1923.0,-0.8257807636673518,0.1512330651703038,-4.1675522513382255,-0.0017096910220856143,0.0001800393632979807,-0.002167213859250247,0.4865424430641822,0.5428571428571428,0.5382215288611545,0.8518822325798987,1.0156146507209791,0.8602163057254957,-1.0805260903612952,-0.7559149381680897,-4.644706071936583,RangeZ,24,ALL,BTCETH,0.06869582379218886
226,305.0,538.0,1180.0,-0.5020981432396465,0.1290621845582398,-2.6935385837174612,-0.0016462234204578574,0.00023989253635360559,-0.002282659816709713,0.47540983606557374,0.5055762081784386,0.48135593220338985,0.8387155700164496,1.0219758376497878,0.846783359639337,-0.6190453422265115,-0.9387100479402665,-2.7005046032710327,VWAP,24,RANGE,BTCETH,0.06588445328662296
706,305.0,538.0,1180.0,-0.5020981432396465,0.1290621845582398,-2.6935385837174612,-0.0016462234204578574,0.00023989253635360559,-0.002282659816709713,0.47540983606557374,0.5055762081784386,0.48135593220338985,0.8387155700164496,1.0219758376497878,0.846783359639337,-0.6190453422265115,-0.9387100479402665,-2.7005046032710327,MeanRev,24,RANGE,BTCETH,0.06588445328662296
238,202.0,362.0,783.0,-0.5998968185129678,-0.24094767020934416,-0.43764882656057214,-0.002969786230262217,-0.0006656012989208402,-0.0005589384758117141,0.46534653465346537,0.47790055248618785,0.5146871008939975,0.806147701625172,0.9620062066398474,0.972062721948637,-0.765282525115147,-1.027645574148794,-1.772604672103921,VWAP,48,RANGE,BTCETH,0.043927854935089994
718,202.0,362.0,783.0,-0.5998968185129678,-0.24094767020934416,-0.43764882656057214,-0.002969786230262217,-0.0006656012989208402,-0.0005589384758117141,0.46534653465346537,0.47790055248618785,0.5146871008939975,0.806147701625172,0.9620062066398474,0.972062721948637,-0.765282525115147,-1.027645574148794,-1.772604672103921,MeanRev,48,RANGE,BTCETH,0.043927854935089994
364,54.0,82.0,189.0,-0.11672555283916927,-0.10613035073283009,0.13707540782315447,-0.002161584311836468,-0.001294272569912562,0.0007252667080590183,0.3888888888888889,0.3902439024390244,0.5132275132275133,0.6124201068190711,0.7558491629704284,1.1511698504642132,-0.1661126890029423,-0.1949915652042836,-0.21402312970049042,TrendCross,4,BULL,BTCETH,0.04374058166853623
248,459.0,808.0,1603.0,-0.4497079855968152,-0.678572378479844,-0.24059902146214995,-0.0009797559599059155,-0.0008398173000988168,-0.0001500929641061447,0.42483660130718953,0.4344059405940594,0.44042420461634435,0.858725881646255,0.8808289694002835,0.9822767909700679,-0.6179137748972932,-0.9283749971963717,-1.0400176653529327,Momentum,4,BEAR,ETH,0.03337819606657344
244,731.0,1581.0,4057.0,-1.0506589107316369,-1.0080947607282962,-2.3476141513376136,-0.0014372898915617468,-0.0006376310947048047,-0.0005786576660925841,0.4103967168262654,0.43833017077798864,0.42050776435789994,0.7155924298627393,0.8777125266630401,0.9093126782455057,-1.067163457870353,-1.1946587695201554,-2.429657921621744,Momentum,4,BULL,BTCETH,-0.06689465059364763
253,1366.0,2561.0,5956.0,-1.237136435948137,-2.296734061602019,-1.0536634791063348,-0.000905663569508153,-0.0008968114258500659,-0.00017690790448393802,0.42825768667642755,0.42991019133151115,0.44291470785762255,0.8675210434993375,0.8809750848067097,0.9797037278431683,-1.3999041870801947,-2.7645105183501535,-2.635088371848841,Momentum,8,ALL,BTCETH,-0.1098519435341917
381,9.0,16.0,48.0,0.03552837650665315,-0.030289369918210192,0.07791222262787686,0.003947597389628128,-0.001893085619888137,0.0016231713047474346,0.5555555555555556,0.5625,0.4791666666666667,2.0976287093833554,0.7970299706608455,1.2509935733276636,-0.014156604482332743,-0.06107134411716229,-0.10525925723475296,TrendCross,8,RANGE,ALL,-0.1149763910403303
426,513.0,798.0,1738.0,-1.0159269065329413,-0.6659560382494935,-0.5375452080426041,-0.0019803643402201586,-0.000834531376252498,-0.0003092895328208309,0.4756335282651072,0.5037593984962406,0.520138089758343,0.7364120667770317,0.8856006097462734,0.9620541039974959,-1.021399026998936,-1.0267213863490279,-0.9248687656389676,RangeZ,4,BEAR,ALL,-0.13069757158205775
358,51.0,96.0,193.0,0.25337131404825153,-0.27820657205026056,0.6902119131582173,0.004968064981338265,-0.0028979851255235473,0.003576227529317188,0.5882352941176471,0.3645833333333333,0.5284974093264249,1.4813930246085956,0.8435008916334537,1.2409727152944179,-0.12312167433394938,-0.5090021125196303,-0.6144006483295257,VolExp,48,RANGE,BTCETH,-0.13526911480203507
16,241.0,567.0,1223.0,0.07195329842950315,-0.3161486198719321,-1.0794209730464865,0.00029856140427179733,-0.0005575813401621377,-0.0008826009591549358,0.4315352697095436,0.43033509700176364,0.4276369582992641,1.047605277736462,0.9199651719907009,0.9034875799060591,-0.21629524579528583,-0.5902573329990912,-1.5060593160466764,Breakout,8,BULL,BTCETH,-0.17431088758245128
273,644.0,1192.0,2459.0,-1.1177577587694825,-1.5250839704799308,1.134974735045628,-0.0017356486937414324,-0.0012794328611408815,0.0004615594693150175,0.4472049689440994,0.44798657718120805,0.5006100040666938,0.7971473673635953,0.8748245856903634,1.0379533011088489,-1.2628745258753156,-1.7364834441026782,-2.508556164437762,Momentum,12,RANGE,ALL,-0.18452836616753365
65,200.0,352.0,935.0,-0.30085288538458804,-0.3433922489138509,-0.04303669063409021,-0.0015042644269229403,-0.0009755461616870764,-4.60285461327168e-05,0.45,0.45738636363636365,0.5058823529411764,0.6936238594990989,0.8182940564299235,0.9922284466117393,-0.36064165607210347,-0.3779966634151879,-1.1034736879158047,Pullback,4,BULL,ETH,-0.1865983664652069
485,200.0,352.0,935.0,-0.30085288538458804,-0.3433922489138509,-0.04303669063409021,-0.0015042644269229403,-0.0009755461616870764,-4.60285461327168e-05,0.45,0.45738636363636365,0.5058823529411764,0.6936238594990989,0.8182940564299235,0.9922284466117393,-0.36064165607210347,-0.3779966634151879,-1.1034736879158047,TrendPullback,4,BULL,ETH,-0.1865983664652069
25,613.0,1146.0,2517.0,-0.32057143778047253,-0.5983673763187497,-2.6130682844723454,-0.0005229550371622717,-0.0005221355814299736,-0.0010381677729329939,0.4355628058727569,0.43717277486910994,0.4310687326181963,0.9361687193563585,0.9402286920906583,0.9057956322440273,-0.7761057582118833,-1.1282776260677145,-2.8507683405356103,Breakout,12,ALL,BTCETH,-0.23641461145825515
439,287.0,438.0,1021.0,0.061285721415015315,-0.2312236386108065,-1.092518740414025,0.000213539099007022,-0.0005279078507096039,-0.0010700477379177523,0.5296167247386759,0.4931506849315068,0.5210577864838394,1.029766650690038,0.9360190734127359,0.8839068138922916,-0.3400890719688815,-0.4690905657147031,-1.3246030614248419,RangeZ,8,BEAR,BTCETH,-0.3059375520319324
252,2159.0,4103.0,8910.0,-1.979872369864145,-3.7873724443852383,-2.9269990538129558,-0.0009170321305531009,-0.0009230739567110013,-0.00032850718898012974,0.445113478462251,0.4421155252254448,0.4499438832772166,0.8776638898582203,0.8941117261587603,0.96976931403687,-2.383533372661812,-3.8962595549444456,-4.789710952210038,Momentum,8,ALL,ALL,-0.31077406220650183
299,101.0,185.0,394.0,0.28771853838737355,0.022913140072998217,-0.9756658414242881,0.0028486983998749858,0.00012385481120539578,-0.002476309242193625,0.5148514851485149,0.5027027027027027,0.4593908629441624,1.1932516865826457,1.0060498560336826,0.8912066107977712,-0.29597601837883797,-0.5376225193924137,-1.5585347674889454,Momentum,48,RANGE,ETH,-0.3313431529513793
242,1180.0,2298.0,5209.0,-1.435519616671314,-2.2889771060039616,-1.3319953276108398,-0.0012165420480265373,-0.000996073588339409,-0.00025571037197366864,0.4135593220338983,0.43777197563098347,0.44135150700710307,0.8034430337061073,0.8450719413934875,0.9650792788523642,-1.5770925182306703,-2.3791584285243794,-3.5664683185931825,Momentum,4,ALL,ETH,-0.43770632840663515
243,1168.0,2546.0,5960.0,-1.7695799281402835,-2.0788682512503693,-3.6387567425618315,-0.001515051308339284,-0.0008165232722900115,-0.0006105296547922536,0.4126712328767123,0.44422623723487825,0.4307046979865772,0.7265931247284589,0.8675267391587351,0.9262130667615429,-1.8586955166819759,-2.136170801528041,-4.154147470170931,Momentum,4,BULL,ALL,-0.4498363934519989
376,54.0,82.0,189.0,-0.16183252325685477,-0.17602133735148795,0.3425958432239621,-0.002996898578830644,-0.0021466016750181457,0.0018126764191744025,0.3333333333333333,0.3780487804878049,0.5026455026455027,0.5941709622230976,0.6952502673573777,1.2960675375390607,-0.22389478022684015,-0.2839263440517751,-0.18917523156807864,TrendCross,8,BULL,BTCETH,-0.48920912596545074
8,149.0,257.0,504.0,-0.07148379034654222,0.10908398047268511,-1.5896098060239392,-0.0004797569821915585,0.0004244512858859343,-0.0031539877103649587,0.40939597315436244,0.4474708171206226,0.3531746031746032,0.941576033427052,1.06201138385658,0.6820490757265805,-0.31970331599902235,-0.2618684376047561,-1.7013412164339798,Breakout,4,BEAR,ETH,-0.5610246790099296
151,319.0,491.0,1044.0,-0.3878936215015616,-0.12948248317214975,-1.9885554083568882,-0.0012159674655221366,-0.0002637117783546838,-0.00190474655972882,0.47962382445141066,0.5193482688391039,0.4932950191570881,0.8729784515383049,0.9718113058035581,0.8392095519771825,-0.7207418943444619,-0.9166414155863503,-2.232660011114222,RSI,12,BEAR,BTCETH,-0.6211492586574471
84,710.0,1272.0,2873.0,-1.22488838046347,-2.151669913675989,2.330185950145437,-0.0017251949020612254,-0.0016915643975440166,0.000811063679131722,0.447887323943662,0.44575471698113206,0.4845109641489732,0.7937197188806696,0.8320507773086134,1.0738664754199037,-1.346991342734216,-2.378215545491953,-1.2304964295694552,Pullback,12,ALL,ALL,-0.6661478632277944
504,710.0,1272.0,2873.0,-1.22488838046347,-2.151669913675989,2.330185950145437,-0.0017251949020612254,-0.0016915643975440166,0.000811063679131722,0.447887323943662,0.44575471698113206,0.4845109641489732,0.7937197188806696,0.8320507773086134,1.0738664754199037,-1.346991342734216,-2.378215545491953,-1.2304964295694552,TrendPullback,12,ALL,ALL,-0.6661478632277944
199,619.0,995.0,2166.0,-0.8036408587568098,-0.6668845381345173,-2.4802218538791916,-0.0012982889479108398,-0.0006702357167181079,-0.0011450701079774661,0.4927302100161551,0.4994974874371859,0.502770083102493,0.8291221552022322,0.9172815073737514,0.8824034779260161,-0.8934560675657982,-1.1037596009079556,-2.591623340567528,VWAP,8,BEAR,BTCETH,-0.6858565561139144
679,619.0,995.0,2166.0,-0.8036408587568098,-0.6668845381345173,-2.4802218538791916,-0.0012982889479108398,-0.0006702357167181079,-0.0011450701079774661,0.4927302100161551,0.4994974874371859,0.502770083102493,0.8291221552022322,0.9172815073737514,0.8824034779260161,-0.8934560675657982,-1.1037596009079556,-2.591623340567528,MeanRev,8,BEAR,BTCETH,-0.6858565561139144
298,189.0,350.0,754.0,0.256398882147463,-0.059943057828409044,-1.6928829687522762,0.0013566078420500687,-0.00017126587950974014,-0.0022452028763292786,0.49206349206349204,0.4942857142857143,0.4588859416445623,1.10470251522333,0.9901937088544549,0.8934091993046003,-0.2959760183788381,-0.8179411196455809,-2.6530393660078015,Momentum,48,RANGE,BTCETH,-0.704131727189704
241,2175.0,4121.0,9721.0,-2.5739606009788316,-4.1034409485926115,-4.617116594422508,-0.0011834301613695777,-0.000995739128510704,-0.00047496313079132884,0.41333333333333333,0.4319339966027663,0.4295854335973665,0.7832819771204468,0.8274937988654759,0.9305117579990869,-2.6220036082500013,-4.202474121965449,-4.963618825070466,Momentum,4,ALL,BTCETH,-0.7084358309481743
11,140.0,284.0,574.0,-0.22669486867899855,-0.2627653470500203,-0.39693887951838974,-0.0016192490619928467,-0.0009252300952465503,-0.0006915311489867417,0.42142857142857143,0.4471830985915493,0.4337979094076655,0.7338894776638896,0.8638497097413149,0.9027265755190059,-0.25467594435315566,-0.38069971008456926,-0.6216661179980566,Breakout,4,RANGE,ETH,-0.7754150542195215
86,244.0,420.0,1023.0,-0.40640523353397906,-0.6801939314509352,0.5695612991595654,-0.0016655952194015535,-0.0016195093605974647,0.0005567559131569555,0.45901639344262296,0.44047619047619047,0.4809384164222874,0.8070225197322406,0.8261583625900019,1.0560203857329518,-0.5510404345522635,-0.8584000748862233,-1.0821594396305103,Pullback,12,ALL,ETH,-0.8000840597150204
506,244.0,420.0,1023.0,-0.40640523353397906,-0.6801939314509352,0.5695612991595654,-0.0016655952194015535,-0.0016195093605974647,0.0005567559131569555,0.45901639344262296,0.44047619047619047,0.4809384164222874,0.8070225197322406,0.8261583625900019,1.0560203857329518,-0.5510404345522635,-0.8584000748862233,-1.0821594396305103,TrendPullback,12,ALL,ETH,-0.8000840597150204
10,301.0,550.0,1111.0,-0.34684411876801025,-0.6077828155092786,-0.3938078807376194,-0.0011523060424186388,-0.0011050596645623247,-0.00035446253891774923,0.4219269102990033,0.42727272727272725,0.42844284428442847,0.7688821817751978,0.8123897157619503,0.9428648704493086,-0.420335603366989,-0.7281110319746349,-0.6216661179980565,Breakout,4,RANGE,BTCETH,-0.80932728183114
187,992.0,1606.0,3517.0,-1.5522718182391457,-1.3186206784684522,-3.372108423263696,-0.0015647901393539775,-0.0008210589529691483,-0.0009588025087471413,0.4657258064516129,0.4950186799501868,0.5078191640602786,0.740497215273011,0.8639235019381104,0.8738497651346668,-1.6207723632166506,-1.4064632085575208,-3.575168129788883,VWAP,4,BEAR,BTCETH,-0.8631471476126606
667,992.0,1606.0,3517.0,-1.5522718182391457,-1.3186206784684522,-3.372108423263696,-0.0015647901393539775,-0.0008210589529691483,-0.0009588025087471413,0.4657258064516129,0.4950186799501868,0.5078191640602786,0.740497215273011,0.8639235019381104,0.8738497651346668,-1.6207723632166506,-1.4064632085575208,-3.575168129788883,MeanRev,4,BEAR,BTCETH,-0.8631471476126606
33,373.0,675.0,1329.0,-0.7123513426005252,-0.47527150435962073,-1.7441598761704538,-0.0019097891222534188,-0.0007041059323846233,-0.0013123851588942466,0.4262734584450402,0.4711111111111111,0.454477050413845,0.7749007875028913,0.9294948668024623,0.8976531049571261,-0.9697342916849834,-0.8394831143764034,-2.9043915019710784,Breakout,12,RANGE,ALL,-0.8934490519039047
57,222.0,415.0,843.0,-0.30368250710544425,0.32747724558968416,-3.688327988459909,-0.0013679392211956949,0.0007891017966016486,-0.004375240792953629,0.4954954954954955,0.5108433734939759,0.47330960854092524,0.9082064489725508,1.0430127652760626,0.8375765958129258,-0.691040412781809,-0.7609573392351761,-4.414972967985874,Breakout,48,RANGE,ALL,-0.916447838661343
594,98.0,139.0,266.0,0.059776807660564014,-0.09011410006009996,-0.4090814952776331,0.0006099674251077961,-0.0006483028781302155,-0.0015379003581865907,0.5102040816326531,0.4748201438848921,0.46616541353383456,1.0342755746917403,0.9695209637353678,0.9427777302803992,-0.20493854676368403,-0.7283347779404722,-1.509873329143766,BreakVol,48,BEAR,ALL,-0.9222074204312548
212,237.0,414.0,820.0,-0.38704165993852596,-0.5149934571252822,-0.26568737656773633,-0.0016330871727363964,-0.0012439455486117927,-0.0003240089958143126,0.5274261603375527,0.5314009661835749,0.5170731707317073,0.8418471312333142,0.8852078993886545,0.9744842374796513,-0.49751008759045684,-0.8342020824690719,-1.097902458011923,VWAP,12,BEAR,ETH,-0.952207956169592
692,237.0,414.0,820.0,-0.38704165993852596,-0.5149934571252822,-0.26568737656773633,-0.0016330871727363964,-0.0012439455486117927,-0.0003240089958143126,0.5274261603375527,0.5314009661835749,0.5170731707317073,0.8418471312333142,0.8852078993886545,0.9744842374796513,-0.49751008759045684,-0.8342020824690719,-1.097902458011923,MeanRev,12,BEAR,ETH,-0.952207956169592
188,512.0,899.0,1790.0,-0.7441127897504798,-0.5945708513833909,-2.467616169042604,-0.0014533452924814058,-0.00066136913390811,-0.0013785565190182144,0.47265625,0.4983314794215795,0.5100558659217878,0.7815801437368443,0.9015688462354766,0.8387285052981285,-0.8465599208712311,-0.747461880631213,-2.4908648328486516,VWAP,4,BEAR,ETH,-0.9609974353008298
668,512.0,899.0,1790.0,-0.7441127897504798,-0.5945708513833909,-2.467616169042604,-0.0014533452924814058,-0.00066136913390811,-0.0013785565190182144,0.47265625,0.4983314794215795,0.5100558659217878,0.7815801437368443,0.9015688462354766,0.8387285052981285,-0.8465599208712311,-0.747461880631213,-2.4908648328486516,MeanRev,4,BEAR,ETH,-0.9609974353008298
544,100.0,226.0,385.0,-0.1410025218399904,-0.13096951155212044,-0.5804303545893181,-0.001410025218399904,-0.0005795111130624798,-0.0015076113106216055,0.41,0.42035398230088494,0.44415584415584414,0.7723228006921026,0.8986539876475557,0.799409994202095,-0.16506947220383286,-0.3570501055542262,-0.6712863208034724,BreakVol,4,BULL,BTCETH,-0.9685695548969147
210,736.0,1168.0,2459.0,-1.4019425564844221,-0.9646278126659784,-2.912417008694975,-0.0019048132560929648,-0.0008258799765975842,-0.0011843908128080418,0.49184782608695654,0.5059931506849316,0.5034566897112648,0.8138852239982306,0.9234943074702823,0.9133462754924597,-1.5758427195974436,-1.474753386647729,-4.003693790995582,VWAP,12,BEAR,ALL,-0.9993101830404681
690,736.0,1168.0,2459.0,-1.4019425564844221,-0.9646278126659784,-2.912417008694975,-0.0019048132560929648,-0.0008258799765975842,-0.0011843908128080418,0.49184782608695654,0.5059931506849316,0.5034566897112648,0.8138852239982306,0.9234943074702823,0.9133462754924597,-1.5758427195974436,-1.474753386647729,-4.003693790995582,MeanRev,12,BEAR,ALL,-0.9993101830404681
551,28.0,70.0,118.0,0.027623047348101042,-0.053357337167639594,-0.14096048178048437,0.000986537405289323,-0.0007622476738234228,-0.0011945803540719013,0.4642857142857143,0.4142857142857143,0.423728813559322,1.1503700123665448,0.8894188455197224,0.8251297462517913,-0.06182693288269454,-0.22711453998272324,-0.1736992728114687,BreakVol,4,RANGE,ETH,-1.0045271099472335
247,867.0,1400.0,3070.0,-0.93669816741352,-1.4228812516982856,-2.2191241712219365,-0.0010803900431528488,-0.0010163437512130612,-0.0007228417495836926,0.41061130334486734,0.42857142857142855,0.4280130293159609,0.826747284939738,0.8399476647009226,0.9106266819097949,-1.0264952910401253,-1.68177995174368,-2.650011735169204,Momentum,4,BEAR,BTCETH,-1.0049549053990976
359,22.0,39.0,88.0,0.25639484901836174,-0.11034385963086432,0.2267523914449523,0.011654311319016442,-0.002829329734124726,0.002576731720965367,0.6363636363636364,0.41025641025641024,0.5454545454545454,2.1562133540862614,0.8725470008670567,1.1359800444727888,-0.12312167433394938,-0.3744267762785989,-0.49441231740059666,VolExp,48,RANGE,ETH,-1.073400701944239
85,480.0,846.0,2035.0,-0.7268790111684575,-1.259403101980027,0.14485763524044926,-0.00151433127326762,-0.0014886561489125614,7.118311314026991e-05,0.4479166666666667,0.44562647754137114,0.48157248157248156,0.7966428308119724,0.8192073273529107,1.0078615767869679,-0.7831767479105223,-1.4722077931719135,-1.0821594396304943,Pullback,12,ALL,BTCETH,-1.079060280544974
505,480.0,846.0,2035.0,-0.7268790111684575,-1.259403101980027,0.14485763524044926,-0.00151433127326762,-0.0014886561489125614,7.118311314026991e-05,0.4479166666666667,0.44562647754137114,0.48157248157248156,0.7966428308119724,0.8192073273529107,1.0078615767869679,-0.7831767479105223,-1.4722077931719135,-1.0821594396304943,TrendPullback,12,ALL,BTCETH,-1.079060280544974
458,243.0,424.0,959.0,-0.3561449682787162,-0.15401301584762042,-2.1428773885182424,-0.0014656171534103547,-0.00036323824492363307,-0.002234491541729137,0.4897119341563786,0.5259433962264151,0.5328467153284672,0.8897624958522621,0.9733327249538382,0.8713855617863424,-0.8717804561499012,-0.7559149381680917,-2.6984588687110644,RangeZ,24,ALL,ETH,-1.116249744836223
72,893.0,1565.0,3510.0,-1.4304005389587473,-2.2591504180167377,-0.22708176256982593,-0.0016017923168630988,-0.001443546592981941,-6.469565885180226e-05,0.42889137737961924,0.4428115015974441,0.4863247863247863,0.7754042946914949,0.8139534853038908,0.9929827027957284,-1.59323154460513,-2.41573503970641,-2.303918291015724,Pullback,8,ALL,ALL,-1.1448526567160655
492,893.0,1565.0,3510.0,-1.4304005389587473,-2.2591504180167377,-0.22708176256982593,-0.0016017923168630988,-0.001443546592981941,-6.469565885180226e-05,0.42889137737961924,0.4428115015974441,0.4863247863247863,0.7754042946914949,0.8139534853038908,0.9929827027957284,-1.59323154460513,-2.41573503970641,-2.303918291015724,TrendPullback,8,ALL,ALL,-1.1448526567160655
331,83.0,142.0,274.0,-0.3918251789101934,-0.16053982988688997,-0.21277515597170485,-0.00472078528807462,-0.001130562182302042,-0.0007765516641303097,0.4457831325301205,0.4788732394366197,0.4744525547445255,0.588155760023409,0.9107808200181925,0.9441075817256117,-0.42280542993265857,-0.3057386167955253,-0.7309376273191983,VolExp,12,BEAR,BTCETH,-1.18278762699059
2,403.0,808.0,1753.0,-0.36645684122483,-0.5260238898619307,-2.82684050898579,-0.0009093221866621092,-0.0006510196656707064,-0.0016125730228099204,0.41935483870967744,0.42326732673267325,0.4027381631488876,0.8683885245607484,0.9048525007064422,0.803879730216246,-0.46039194902713537,-0.9409815657825182,-3.056844414888037,Breakout,4,ALL,ETH,-1.2058801232286451
300,552.0,930.0,1864.0,-0.9337830806530725,-0.8761670185375731,-2.083862874093824,-0.0016916360156758558,-0.0009421150736963151,-0.0011179521856726523,0.46195652173913043,0.46559139784946235,0.4366952789699571,0.7140171138216438,0.8713047875396942,0.8884293703475543,-1.0025279488260734,-1.1790989269775292,-3.146088272874543,VolExp,4,ALL,ALL,-1.2424481751780339
74,302.0,520.0,1244.0,-0.5000363914961503,-0.5458157865162134,-1.171257030352744,-0.0016557496407157296,-0.0010496457433004105,-0.0009415249440134599,0.4370860927152318,0.45384615384615384,0.48231511254019294,0.7653735471233711,0.8504310075350857,0.8948821829487537,-0.6455721478170913,-0.695509432454042,-2.1025946914819236,Pullback,8,ALL,ETH,-1.295503240130441
494,302.0,520.0,1244.0,-0.5000363914961503,-0.5458157865162134,-1.171257030352744,-0.0016557496407157296,-0.0010496457433004105,-0.0009415249440134599,0.4370860927152318,0.45384615384615384,0.48231511254019294,0.7653735471233711,0.8504310075350857,0.8948821829487537,-0.6455721478170913,-0.695509432454042,-2.1025946914819236,TrendPullback,8,ALL,ETH,-1.295503240130441
152,161.0,265.0,524.0,-0.04888736825680008,-0.06077740550870925,-1.3837559598302678,-0.00030364825004223654,-0.00022934870003286508,-0.0026407556485310455,0.515527950310559,0.5358490566037736,0.4751908396946565,0.9710803319763767,0.9793553766916541,0.8016424610253063,-0.5154488436343837,-0.5866323145449236,-1.4676403316647328,RSI,12,BEAR,ETH,-1.3184552108798158
308,73.0,128.0,228.0,-0.20744237078587568,-0.044426962069446296,-0.5631548856506956,-0.0028416763121352833,-0.0003470856411675492,-0.002469977568643402,0.4246575342465753,0.5,0.43859649122807015,0.6312693957428852,0.9594124451865305,0.7909264184379541,-0.30053852439514916,-0.2556972669768194,-0.9109540919700273,VolExp,4,BEAR,ETH,-1.4138099873540153
380,28.0,44.0,98.0,-0.1218501509089367,-0.0015361803707818105,-0.2991793310184987,-0.0043517911038905965,-3.4913190245041145e-05,-0.003052850316515293,0.35714285714285715,0.4090909090909091,0.41836734693877553,0.4139828054947851,0.9961742042666407,0.7084660090653475,-0.1643934366102685,-0.16275558504864338,-0.415555077056259,TrendCross,8,BEAR,ETH,-1.418036483673387
467,106.0,192.0,390.0,-0.4139465270677666,-0.17091049561495014,-0.5949271763124123,-0.003905155915733647,-0.0008901588313278653,-0.0015254542982369548,0.4339622641509434,0.5520833333333334,0.5230769230769231,0.6679888300589963,0.9333240905725751,0.9080410966400297,-0.5234688258778545,-0.6583100671835688,-0.9398862378774184,RangeZ,24,RANGE,ETH,-1.4644067736800808
73,602.0,1055.0,2502.0,-0.8754300403415767,-1.3453819671536695,-1.5786040546654525,-0.0014542027248198948,-0.0012752435707617722,-0.0006309368723682864,0.43023255813953487,0.43317535545023694,0.48201438848920863,0.7576018216844516,0.7972348195140035,0.917519486843399,-1.0307144302349638,-1.4612343613840206,-2.1724021582693567,Pullback,8,ALL,BTCETH,-1.4666697075344282
493,602.0,1055.0,2502.0,-0.8754300403415767,-1.3453819671536695,-1.5786040546654525,-0.0014542027248198948,-0.0012752435707617722,-0.0006309368723682864,0.43023255813953487,0.43317535545023694,0.48201438848920863,0.7576018216844516,0.7972348195140035,0.917519486843399,-1.0307144302349638,-1.4612343613840206,-2.1724021582693567,TrendPullback,8,ALL,BTCETH,-1.4666697075344282
270,670.0,1093.0,2280.0,-1.194170066412922,-2.0082683915225075,0.7498508622519423,-0.0017823433827058538,-0.0018373910260956153,0.0003288819571280449,0.43134328358208956,0.44190301921317476,0.4504385964912281,0.8353962239219092,0.8391415742535484,1.0249469449372268,-1.3514628539741038,-2.354278019016421,-1.448486498438299,Momentum,12,BEAR,ALL,-1.4818115758724106
365,28.0,39.0,95.0,0.0341922511987872,-0.06468623896328861,0.008977866520563885,0.0012211518285281144,-0.0016586215118791952,9.450385811119878e-05,0.5714285714285714,0.3333333333333333,0.5263157894736842,1.2718812195564728,0.7228242897691047,1.016835242808633,-0.053928352785406405,-0.10911886964749978,-0.17809813336058394,TrendCross,4,BULL,ETH,-1.4830796330694538
310,101.0,197.0,346.0,-0.041565841348719046,-0.31177443573496355,-0.02521925775642131,-0.0004115429836506836,-0.0015826113489084445,-7.288802819774944e-05,0.49504950495049505,0.40609137055837563,0.3930635838150289,0.8957210928986328,0.7529519342974654,0.987463129897471,-0.1240120400425706,-0.32033926333773505,-0.21394509487686592,VolExp,4,RANGE,BTCETH,-1.497695661819702
156,761.0,1306.0,2803.0,-0.9905811861051179,-0.6962504243698762,-6.393385085767141,-0.0013016835559857003,-0.0005331167108498286,-0.002280907986360022,0.49540078843626806,0.49770290964777947,0.5019621833749554,0.8944215972065193,0.9621365608256486,0.8813644397606052,-1.2441062253783868,-1.7069832962063471,-6.592481728950628,RSI,24,ALL,ALL,-1.503640407473425
165,363.0,624.0,1305.0,-0.051614298015142196,-0.6225992568470402,-1.7777860323776167,-0.00014218814880204462,-0.000997755219306154,-0.0013622881474157982,0.5013774104683195,0.46955128205128205,0.49731800766283524,0.9858221295948644,0.927075638142037,0.9219380360001966,-0.558286215074016,-1.1510448429702322,-3.103645644524923,RSI,24,RANGE,ALL,-1.508784911885873
636,363.0,624.0,1305.0,-0.051614298015142196,-0.6225992568470402,-1.7777860323776167,-0.00014218814880204462,-0.000997755219306154,-0.0013622881474157982,0.5013774104683195,0.46955128205128205,0.49731800766283524,0.9858221295948644,0.927075638142037,0.9219380360001966,-0.558286215074016,-1.1510448429702322,-3.103645644524923,RSIRange,24,ALL,ALL,-1.508784911885873
645,363.0,624.0,1305.0,-0.051614298015142196,-0.6225992568470402,-1.7777860323776167,-0.00014218814880204462,-0.000997755219306154,-0.0013622881474157982,0.5013774104683195,0.46955128205128205,0.49731800766283524,0.9858221295948644,0.927075638142037,0.9219380360001966,-0.558286215074016,-1.1510448429702322,-3.103645644524923,RSIRange,24,RANGE,ALL,-1.508784911885873
240,3493.0,6738.0,14820.0,-4.582586698181325,-8.291492909358952,-11.79967620988155,-0.0013119343539024692,-0.00123055697675259,-0.0007961994743509818,0.41540223303750357,0.43974473137429504,0.43690958164642374,0.7807587693272366,0.818088220352795,0.9074007385372901,-4.736437197857933,-8.366699951226996,-12.51305599437488,Momentum,4,ALL,ALL,-1.531824468966077
13,716.0,1331.0,2901.0,-0.6008912666626027,-0.9990343582987459,-5.102032096171671,-0.0008392336126572664,-0.0007505892999990578,-0.0017587149590388386,0.4245810055865922,0.43425995492111197,0.4077904170975526,0.8786687117516216,0.9014792944605804,0.8193837241171176,-0.7442457619086243,-1.350627916026969,-5.299620417493221,Breakout,8,ALL,BTCETH,-1.539030540459256
385,108.0,172.0,388.0,-0.29748733258112753,-0.25529399202550584,-0.14028798809673543,-0.0027545123387141437,-0.001484267395497127,-0.0003615669796307614,0.37962962962962965,0.4011627906976744,0.4484536082474227,0.6202507606453794,0.8277183481060673,0.9624218090229836,-0.3529432397113332,-0.4589279793840173,-0.5416673330216922,TrendCross,12,ALL,BTCETH,-1.5399616134959644
261,806.0,1542.0,3185.0,-1.2438202755626175,-2.0568649381784723,-2.1310899525744316,-0.001543201334444935,-0.0013338942530340288,-0.0006691020259260382,0.44292803970223327,0.45590142671854733,0.46593406593406594,0.7813823305285329,0.8475613575278252,0.9363314323664893,-1.3688051040845397,-2.284779262614054,-2.7814120704520064,Momentum,8,RANGE,ALL,-1.5529977420997811
61,848.0,1453.0,3452.0,-1.337554018479632,-1.5993886259202914,-3.3593671975672295,-0.0015773042670750377,-0.0011007492263732219,-0.000973165468588421,0.4186320754716981,0.44459738472126636,0.46349942062572425,0.6605122346958308,0.7772960484741421,0.8298218434044466,-1.3515193653432673,-1.6098495034197207,-3.717965837056978,Pullback,4,ALL,BTCETH,-1.5675460294562762
481,848.0,1453.0,3452.0,-1.337554018479632,-1.5993886259202914,-3.3593671975672295,-0.0015773042670750377,-0.0011007492263732219,-0.000973165468588421,0.4186320754716981,0.44459738472126636,0.46349942062572425,0.6605122346958308,0.7772960484741421,0.8298218434044466,-1.3515193653432673,-1.6098495034197207,-3.717965837056978,TrendPullback,4,ALL,BTCETH,-1.5675460294562762
186,1577.0,2588.0,5423.0,-2.800189886932835,-2.4936096135690007,-7.37093572925094,-0.001775643555442508,-0.0009635276713945134,-0.0013591989174351724,0.4584654407102093,0.48879443585780524,0.49880140143831825,0.7329186893592791,0.861461656308742,0.8494381612457652,-2.90926500143882,-2.6799803049256137,-7.572529444709663,VWAP,4,BEAR,ALL,-1.5753544426696917
666,1577.0,2588.0,5423.0,-2.800189886932835,-2.4936096135690007,-7.37093572925094,-0.001775643555442508,-0.0009635276713945134,-0.0013591989174351724,0.4584654407102093,0.48879443585780524,0.49880140143831825,0.7329186893592791,0.861461656308742,0.8494381612457652,-2.90926500143882,-2.6799803049256137,-7.572529444709663,MeanRev,4,BEAR,ALL,-1.5753544426696917
170,148.0,260.0,591.0,-0.5634816568137426,-0.2468708829299464,-0.9364743685965143,-0.0038073084919847473,-0.0009495033958844093,-0.0015845589993172832,0.4864864864864865,0.4846153846153846,0.4906937394247039,0.8046893771335751,0.9517234090048354,0.9317015866894408,-0.9288555679323508,-0.6927000545616062,-1.5538657112983916,RSI,48,ALL,ETH,-1.6001407953918256
60,1239.0,2163.0,4848.0,-2.218867790345689,-2.5961579526072307,-4.2673824450029825,-0.0017908537452346156,-0.0012002579531240087,-0.0008802356528471499,0.4188861985472155,0.4521497919556172,0.4645214521452145,0.6665540367797008,0.8027996021417246,0.8755757310194983,-2.2963494778698594,-2.6116002053568956,-4.753100860481263,Pullback,4,ALL,ALL,-1.6023762259339445
480,1239.0,2163.0,4848.0,-2.218867790345689,-2.5961579526072307,-4.2673824450029825,-0.0017908537452346156,-0.0012002579531240087,-0.0008802356528471499,0.4188861985472155,0.4521497919556172,0.4645214521452145,0.6665540367797008,0.8027996021417246,0.8755757310194983,-2.2963494778698594,-2.6116002053568956,-4.753100860481263,TrendPullback,4,ALL,ALL,-1.6023762259339445
289,320.0,581.0,1307.0,-0.24496369377611682,-0.42606499410433857,-2.6110536547421574,-0.0007655115430503651,-0.000733330454568569,-0.0019977457190070063,0.471875,0.5008605851979346,0.46212700841622034,0.9504687420577798,0.9538075022569866,0.9053695135552634,-0.920199223200089,-1.374690161773965,-3.016057585497198,Momentum,48,ALL,BTCETH,-1.605229612331894
5,138.0,316.0,747.0,-0.18045083530654366,-0.3685808044022234,-0.7560386313136248,-0.0013076147485981424,-0.0011663949506399475,-0.0010120999080503678,0.41304347826086957,0.3924050632911392,0.41365461847389556,0.7885718573484652,0.8299084380376497,0.8695642443483635,-0.27518024438572947,-0.5858200180139046,-0.9576344683209921,Breakout,4,BULL,ETH,-1.6454171269442495
1,857.0,1624.0,3396.0,-0.6507917792728873,-1.456125745496198,-5.141388045190286,-0.0007593836397583283,-0.0008966291536306638,-0.0015139540769111561,0.41890315052508753,0.4119458128078818,0.4004711425206125,0.8684650388308418,0.8466015526563536,0.8012131905843061,-0.8096978589956294,-1.8532418102618975,-5.176620703505257,Breakout,4,ALL,BTCETH,-1.6593976409318238
287,143.0,274.0,585.0,-0.39789914022726997,-0.39884677130519464,-0.3672698625706824,-0.002782511470120769,-0.0014556451507488856,-0.0006278117308900553,0.4405594405594406,0.4562043795620438,0.4598290598290598,0.788219674870506,0.8930890980489836,0.9592734211804671,-0.4849956665459176,-0.6213680354071448,-1.0033101977330714,Momentum,24,RANGE,ETH,-1.6867395131583762
374,57.0,85.0,199.0,-0.09029045397019093,-0.14370059994919426,-0.023181197589368013,-0.0015840430521086128,-0.0016905952935199326,-0.0001164884300973267,0.40350877192982454,0.38823529411764707,0.4824120603015075,0.7605286986684378,0.8167247930339622,0.9856781834115005,-0.18141338958128905,-0.32930989072038164,-0.3266250827619177,TrendCross,8,ALL,ETH,-1.6952760406917293
250,728.0,1413.0,3170.0,-1.0835675810901402,-2.1368893723536537,-1.1429660472450829,-0.0014884170069919508,-0.0015123067037180848,-0.00036055711269560975,0.4258241758241758,0.4133050247699929,0.43817034700315455,0.7066063084688478,0.7447616876795402,0.9428869032203104,-1.1073785499500275,-2.184058125842991,-1.4075242568961588,Momentum,4,RANGE,BTCETH,-1.697521929231929
271,421.0,676.0,1476.0,-0.3305145843209136,-1.1340562875173954,-0.24524306519929084,-0.000785070271546113,-0.0016775980584576855,-0.00016615383821090167,0.42280285035629456,0.4275147928994083,0.4349593495934959,0.9172875517609391,0.8360526833128592,0.9857236017095667,-0.5431154107957167,-1.452311562223011,-1.448486498438299,Momentum,12,BEAR,BTCETH,-1.6995736701038466
217,632.0,1145.0,2586.0,-1.4964494925332503,-1.020319134702028,-4.522852277790838,-0.0023677998299576745,-0.000891108414586924,-0.0017489761321696975,0.5031645569620253,0.5056768558951965,0.5220417633410673,0.7911028893890905,0.9240812498829615,0.886534115807484,-1.5517750237535797,-1.2930415723009112,-4.707153673688848,VWAP,24,ALL,BTCETH,-1.7205775956530998
697,632.0,1145.0,2586.0,-1.4964494925332503,-1.020319134702028,-4.522852277790838,-0.0023677998299576745,-0.000891108414586924,-0.0017489761321696975,0.5031645569620253,0.5056768558951965,0.5220417633410673,0.7911028893890905,0.9240812498829615,0.886534115807484,-1.5517750237535797,-1.2930415723009112,-4.707153673688848,MeanRev,24,ALL,BTCETH,-1.7205775956530998
213,728.0,1289.0,2644.0,-0.7937193668969722,-0.7524065738052409,-6.219611457291421,-0.001090273855627709,-0.0005837134009350201,-0.002352349265238813,0.46016483516483514,0.5011636927851048,0.4754160363086233,0.8641598020220564,0.9392599118617707,0.8215256927117087,-1.121820075719658,-1.4260928007615172,-6.350653955606907,VWAP,12,RANGE,ALL,-1.7589904625353734
693,728.0,1289.0,2644.0,-0.7937193668969722,-0.7524065738052409,-6.219611457291421,-0.001090273855627709,-0.0005837134009350201,-0.002352349265238813,0.46016483516483514,0.5011636927851048,0.4754160363086233,0.8641598020220564,0.9392599118617707,0.8215256927117087,-1.121820075719658,-1.4260928007615172,-6.350653955606907,MeanRev,12,RANGE,ALL,-1.7589904625353734
4,283.0,677.0,1393.0,-0.3605116471121223,-0.9155736357421655,-1.0183840384060958,-0.0012738927459792309,-0.0013523982802690776,-0.0007310725329548426,0.392226148409894,0.3914327917282127,0.41852117731514715,0.7618315588418947,0.772223482700181,0.896842535575428,-0.43014992226912757,-1.1358229835730966,-1.1952601669987293,Breakout,4,BULL,BTCETH,-1.7668030752173887
276,902.0,1647.0,3542.0,-1.676824050421799,-3.143971529918085,0.5790452326961129,-0.0018590067077846996,-0.0019089080327371493,0.00016347973819766032,0.4700665188470067,0.44505160898603524,0.45849802371541504,0.8562155247311611,0.8678551330883647,1.009008686056551,-2.511120747847793,-3.4408533431242145,-2.56338048569617,Momentum,24,ALL,ALL,-1.777472508131722
22,267.0,478.0,1006.0,-0.5313297824965663,-0.717651782494285,-0.5530752479912029,-0.0019899991853803978,-0.001501363561703525,-0.0005497765884604403,0.44569288389513106,0.44142259414225943,0.41749502982107356,0.6944845116455513,0.8102337835565905,0.9343002487440975,-0.739785609931277,-0.8937181369797441,-0.8204924890456398,Breakout,8,RANGE,BTCETH,-1.8079696795668028
225,474.0,820.0,1703.0,-0.14860687254525626,-0.6554058668011531,-3.4805068851564016,-0.0003135166087452664,-0.0007992754473184794,-0.0020437503729632423,0.5063291139240507,0.4951219512195122,0.4914856136230182,0.9691224818911529,0.9404473007406785,0.8861229328638391,-0.6271912160304762,-1.8585739008725048,-3.5969397788819255,VWAP,24,RANGE,ALL,-1.8157310339956831
705,474.0,820.0,1703.0,-0.14860687254525626,-0.6554058668011531,-3.4805068851564016,-0.0003135166087452664,-0.0007992754473184794,-0.0020437503729632423,0.5063291139240507,0.4951219512195122,0.4914856136230182,0.9691224818911529,0.9404473007406785,0.8861229328638391,-0.6271912160304762,-1.8585739008725048,-3.5969397788819255,MeanRev,24,RANGE,ALL,-1.8157310339956831
384,158.0,257.0,525.0,-0.584011905795967,-0.41542472718123946,-0.2347228646731661,-0.003696277884784601,-0.0016164386271643558,-0.00044709117080603066,0.36075949367088606,0.41245136186770426,0.4666666666666667,0.5771618587633671,0.8350644692175757,0.95990128167345,-0.7386108677112426,-0.614123865170068,-0.7152497657160957,TrendCross,12,ALL,ALL,-1.8850026742437163
307,162.0,271.0,504.0,-0.4609602108581373,-0.17851307937858515,-1.1401383765628723,-0.0028454334003588724,-0.0006587198501054803,-0.002262179318577128,0.41358024691358025,0.46863468634686345,0.4523809523809524,0.5673544404539018,0.9084279745960808,0.7755069520989053,-0.48725923888255857,-0.3792520589384564,-1.491243806537136,VolExp,4,BEAR,BTCETH,-1.8956840920931022
427,340.0,514.0,1194.0,-0.47726120363881663,-0.8210588579072644,-0.4883931802583253,-0.0014037094224671077,-0.0015973907741386466,-0.00040903951445420876,0.47941176470588237,0.49221789883268485,0.541038525963149,0.7820726887016534,0.7640889273403947,0.941957502541634,-0.5030304525418844,-0.8408421180456263,-0.7654923618627536,RangeZ,4,BEAR,BTCETH,-1.8977746328494733
198,974.0,1575.0,3287.0,-2.118729750591118,-1.5162782906759333,-5.698478682985857,-0.0021752872182660347,-0.0009627163750323386,-0.0017336412178235038,0.473305954825462,0.49333333333333335,0.49741405536963795,0.746098868812135,0.8946309656065603,0.8529275488498146,-2.1341527463205328,-1.8215156115932265,-5.730169425753831,VWAP,8,BEAR,ALL,-1.9115154534318055
678,974.0,1575.0,3287.0,-2.118729750591118,-1.5162782906759333,-5.698478682985857,-0.0021752872182660347,-0.0009627163750323386,-0.0017336412178235038,0.473305954825462,0.49333333333333335,0.49741405536963795,0.746098868812135,0.8946309656065603,0.8529275488498146,-2.1341527463205328,-1.8215156115932265,-5.730169425753831,MeanRev,8,BEAR,ALL,-1.9115154534318055
24,935.0,1785.0,3646.0,-1.2507511151365005,-2.192375257400323,-4.688317764382865,-0.001337701727418717,-0.0012282214327172679,-0.0012858798037254156,0.4385026737967914,0.43865546218487395,0.442128359846407,0.8607356894250879,0.8827175672015758,0.9061414457160624,-1.7929705595199832,-2.3358835309609094,-5.351268433511792,Breakout,12,ALL,ALL,-1.953463656242313
444,975.0,1785.0,3853.0,-1.3912431233199072,-1.6807971863376208,-7.140339520615303,-0.0014269160239178535,-0.000941623073578499,-0.0018531895978757598,0.49230769230769234,0.5142857142857142,0.5009083830781209,0.8487992979664716,0.9079293139634114,0.8621872852172779,-1.7298697899758055,-1.9523243498837854,-7.6106766539502,RangeZ,12,ALL,ALL,-1.9663191458520686
460,190.0,383.0,912.0,-0.5842046811433805,0.02605725433064837,-3.554488287985944,-0.003074761479702003,6.8034606607437e-05,-0.003897465228054763,0.4421052631578947,0.5248041775456919,0.5142543859649122,0.7458450892586526,1.0058229749377274,0.7641615767734454,-0.8992311847078961,-0.404652943594937,-3.700572720494919,RangeZ,24,BULL,BTCETH,-1.9914114631287159
246,1394.0,2320.0,4846.0,-1.4944522324838405,-3.367655083277106,-4.028733695450065,-0.0010720604250242759,-0.0014515754669297872,-0.0008313523927878797,0.4146341463414634,0.4331896551724138,0.4374742055303343,0.8393568987866119,0.8046039522087651,0.9100107538186464,-1.6467829862419618,-3.430060190090262,-4.535440682287367,Momentum,4,BEAR,ALL,-2.0198886206200433
540,381.0,717.0,1295.0,-0.39235526382872354,-0.383247458274413,-3.410630736220825,-0.0010298038420701405,-0.0005345152835068522,-0.002633691688201409,0.4461942257217848,0.4435146443514644,0.4061776061776062,0.8461854744845065,0.9224839002026199,0.7581768091322063,-0.5141857111576439,-0.7744379218885127,-3.7406974443086165,BreakVol,4,ALL,ALL,-2.0220615458802875
251,403.0,807.0,1713.0,-0.6049253245151789,-1.407318420578724,-0.4328711606324116,-0.0015010553958193025,-0.0017438889969996578,-0.00025269770031080655,0.4143920595533499,0.40644361833952913,0.4454173963806188,0.7358665792321472,0.7358897378553657,0.9629212982372111,-0.6614097599302842,-1.442009843566005,-1.0455422834628338,Momentum,4,RANGE,ETH,-2.0416646582175453
249,1178.0,2306.0,4875.0,-1.9214012154011062,-3.3892726469351215,-3.899275565853256,-0.0016310706412573058,-0.0014697626396075983,-0.0007998513981237449,0.42529711375212226,0.42888117953165655,0.4441025641025641,0.7010308025328155,0.7816416575448696,0.8999276331406636,-1.998006858140329,-3.5248192049122284,-4.139457214260527,Momentum,4,RANGE,ALL,-2.0578073866534083
17,122.0,266.0,648.0,0.056183510030620706,-0.24340146736413729,-1.26025195703328,0.0004605205740214812,-0.0009150431103914935,-0.0019448332670266666,0.4344262295081967,0.424812030075188,0.4367283950617284,1.0641133694543605,0.8894864818865075,0.8162341175826751,-0.21629524579528586,-0.530314878929413,-1.5001885192828694,Breakout,8,BULL,ETH,-2.0691988883404715
311,39.0,74.0,158.0,0.09702816523201721,-0.1360698126091082,-0.023294275989722085,0.0024879016726158257,-0.001838781251474435,-0.00014743212651722838,0.5641025641025641,0.43243243243243246,0.4050632911392405,1.8341848416991855,0.7733909348612019,0.9790094625097451,-0.029626206073432387,-0.1611615628133104,-0.21394509487686592,VolExp,4,RANGE,ETH,-2.0725942320951516
545,55.0,102.0,207.0,-0.008667489644743478,-0.05382326995240028,-0.5512015844679885,-0.00015759072081351777,-0.0005276791171803949,-0.002662809586801877,0.41818181818181815,0.4215686274509804,0.42028985507246375,0.9763482740387961,0.9242310341157183,0.67733320481272,-0.12281113188120488,-0.250573973465581,-0.6712863208034725,BreakVol,4,BULL,ETH,-2.1166035822342284
7,320.0,496.0,1049.0,-0.05892532191857888,-0.08029145043566671,-3.576010737147234,-0.000184141630995559,-0.00016187792426545708,-0.003408971150759994,0.43125,0.4274193548387097,0.34604385128693993,0.9726030817742122,0.9723743415975723,0.641982435403271,-0.34616881862335114,-0.4604304322259311,-3.6940265155721335,Breakout,4,BEAR,BTCETH,-2.1183702222900647
428,164.0,274.0,568.0,-0.26129685014221243,-0.391565837455642,-0.5730997065508165,-0.001593273476476905,-0.001429072399473146,-0.0010089783566035503,0.4695121951219512,0.5036496350364964,0.5246478873239436,0.7866936087674375,0.8204072721229909,0.8766910482085533,-0.248375873498852,-0.5887670939661678,-0.7079619151893098,RangeZ,4,BEAR,ETH,-2.1700248352182987
157,506.0,871.0,1975.0,-0.8059892123748226,-0.5497660839867549,-5.475042855135111,-0.0015928640560767245,-0.0006311895338539091,-0.002772173597536765,0.4881422924901186,0.49827784156142363,0.5037974683544304,0.858224365334823,0.9469107231123753,0.8284767057649606,-0.9985747681172039,-1.543988186093531,-5.820681485648889,RSI,24,ALL,BTCETH,-2.259165236367247
126,781.0,1159.0,2383.0,-1.5336064105429101,-1.3992991000654635,-3.6014517503413264,-0.0019636445717578876,-0.0012073331320668365,-0.0015113100085360162,0.4737516005121639,0.46764452113891286,0.5056651279899287,0.7050135271124977,0.8329365135368421,0.8281543131403992,-1.6607614327661722,-1.7289197516925743,-4.18093474792587,RSI,4,BEAR,ALL,-2.2648854459924483
9,455.0,856.0,1649.0,-0.5810053195965137,-1.3132375152744733,-1.531132531109782,-0.001276934768343986,-0.001534155975787936,-0.0009285218502788247,0.3912087912087912,0.42757009345794394,0.4323832625833839,0.7675910102948088,0.7784263302531023,0.885508118858895,-0.6492628966618138,-1.5598767594689078,-1.743470625664694,Breakout,4,RANGE,ALL,-2.3328993527426998
260,289.0,514.0,1009.0,-0.10459964677252165,-0.6069335830437388,-1.7794429734716495,-0.0003619364940225663,-0.0011808046362718654,-0.0017635708359481164,0.4463667820069204,0.4143968871595331,0.4400396432111001,0.9560281613554089,0.8756984917632342,0.8509642695378403,-0.45580938145402533,-0.9609502623730449,-2.2116862043275334,Momentum,8,BEAR,ETH,-2.398517347190772
201,953.0,1685.0,3421.0,-0.5562760228206012,-2.0286618582067155,-5.794212417136579,-0.0005837104121937054,-0.0012039536250484958,-0.0016937189176078865,0.47114375655823715,0.4884272997032641,0.4811458637825197,0.9095320297420278,0.856500395850731,0.8416115073002047,-1.001890615569361,-2.225543110001296,-6.251656451551082,VWAP,8,RANGE,ALL,-2.4035142645539422
681,953.0,1685.0,3421.0,-0.5562760228206012,-2.0286618582067155,-5.794212417136579,-0.0005837104121937054,-0.0012039536250484958,-0.0016937189176078865,0.47114375655823715,0.4884272997032641,0.4811458637825197,0.9095320297420278,0.856500395850731,0.8416115073002047,-1.001890615569361,-2.225543110001296,-6.251656451551082,MeanRev,8,RANGE,ALL,-2.4035142645539422
258,884.0,1467.0,3048.0,-0.30562020678556606,-2.302018843554518,-3.203998175193519,-0.00034572421582077607,-0.0015692016656813348,-0.0010511805036724144,0.4626696832579186,0.4274028629856851,0.45144356955380577,0.9561441252203754,0.8378364750347361,0.9133932132163786,-0.7382487165907855,-2.443377182806274,-4.5168946597349,Momentum,8,BEAR,ALL,-2.438354146783969
62,427.0,712.0,1703.0,-0.760229132759021,-1.0383929127769298,-1.8917618811734285,-0.0017803960954543819,-0.0014584170123271487,-0.0011108407992797584,0.4215456674473068,0.44241573033707865,0.4738696418085731,0.6702534122742677,0.7454251217130584,0.8306853480489892,-0.871461772456944,-1.0584482664699455,-2.5085466345387326,Pullback,4,ALL,ETH,-2.451564354172009
482,427.0,712.0,1703.0,-0.760229132759021,-1.0383929127769298,-1.8917618811734285,-0.0017803960954543819,-0.0014584170123271487,-0.0011108407992797584,0.4215456674473068,0.44241573033707865,0.4738696418085731,0.6702534122742677,0.7454251217130584,0.8306853480489892,-0.871461772456944,-1.0584482664699455,-2.5085466345387326,TrendPullback,4,ALL,ETH,-2.451564354172009
465,313.0,558.0,1124.0,-0.9091314628699325,-0.5759518730919341,-2.473637622850333,-0.002904573363801701,-0.0010321718155769427,-0.0022007452160590153,0.45686900958466453,0.517921146953405,0.5062277580071174,0.746990113071922,0.9210892411750928,0.8750286109313921,-1.097973659882536,-1.2130038596999335,-2.800843611937847,RangeZ,24,RANGE,ALL,-2.4689709951064165
445,652.0,1191.0,2729.0,-1.6473149449767803,-1.2521089599308193,-5.638225669053167,-0.0025265566640748165,-0.0010513089504037105,-0.002066040919403872,0.48006134969325154,0.5247691015952981,0.5045804323928179,0.7221036928228457,0.8836018577426688,0.8151264276380384,-1.7298697899758055,-1.3149599906572291,-5.945898259568114,RangeZ,12,ALL,BTCETH,-2.4699305348305858
361,113.0,177.0,411.0,-0.17343218901356663,-0.22559167783431383,-0.6093404344777299,-0.0015347981328634216,-0.001274529253301208,-0.0014825801325492212,0.3805309734513274,0.3954802259887006,0.43309002433090027,0.6622684901117962,0.7890549950793441,0.7644430496166732,-0.23968485390219108,-0.3480122589739507,-0.7448377962666806,TrendCross,4,ALL,BTCETH,-2.47814059445562
181,2603.0,4836.0,11144.0,-4.084855181048073,-5.488865671292762,-19.680973725309176,-0.0015692874302912303,-0.0011350011727238962,-0.0017660600973895529,0.45601229350749134,0.4706368899917287,0.4809763101220388,0.7130420211493119,0.7972007457050718,0.7538015072401281,-4.1399087703041575,-5.598063011423006,-19.757621855614556,VWAP,4,ALL,BTCETH,-2.4850601898921445
661,2603.0,4836.0,11144.0,-4.084855181048073,-5.488865671292762,-19.680973725309176,-0.0015692874302912303,-0.0011350011727238962,-0.0017660600973895529,0.45601229350749134,0.4706368899917287,0.4809763101220388,0.7130420211493119,0.7972007457050718,0.7538015072401281,-4.1399087703041575,-5.598063011423006,-19.757621855614556,MeanRev,4,ALL,BTCETH,-2.4850601898921445
373,111.0,173.0,399.0,-0.2943841737537295,-0.3071924438309829,-0.24990364762871864,-0.0026521096734570225,-0.0017756788660750456,-0.0006263249314002973,0.36036036036036034,0.3872832369942196,0.46616541353383456,0.5965487457922186,0.7625956057881708,0.9183714890488925,-0.3683976804536017,-0.486175593549216,-0.5507635744173787,TrendCross,8,ALL,BTCETH,-2.4967155687133253
420,1304.0,2412.0,5149.0,-2.6064136223602756,-3.194447248549869,-7.667080844207613,-0.0019987834527302726,-0.00132439769840376,-0.0014890426964862327,0.4570552147239264,0.49212271973466004,0.5061176927558749,0.6973840601200135,0.8061306892617535,0.8277530165610578,-2.635228242835384,-3.186811198691952,-8.02879437027764,RangeZ,4,ALL,ALL,-2.5039543874709413
423,433.0,970.0,2108.0,-1.1007154422659848,-1.148387576872578,-3.7114347662357163,-0.002542067995995346,-0.001183904718425338,-0.0017606426784799413,0.40415704387990764,0.5010309278350515,0.5156546489563567,0.588478915566003,0.8136607442996744,0.804608837983143,-1.1143489795984662,-1.2125270038883926,-3.831861860364589,RangeZ,4,BULL,ALL,-2.5101825330478
379,55.0,88.0,198.0,-0.1381453576428686,-0.04686582929640784,-0.6067017564541697,-0.0025117337753248832,-0.0005325662420046346,-0.003064150285122069,0.38181818181818183,0.4090909090909091,0.43434343434343436,0.5734127378794872,0.9258527617393255,0.6718829118476634,-0.21190782847227474,-0.16275558504864338,-0.7177073037808275,TrendCross,8,BEAR,BTCETH,-2.531547095544349
32,117.0,200.0,416.0,-0.20529354295967311,-0.10552625021230186,-1.3463281943604672,-0.0017546456663219924,-0.0005276312510615093,-0.003236365851828046,0.42735042735042733,0.44,0.3870192307692308,0.8452142985073441,0.9552785848134437,0.773698842065413,-0.39901086599086355,-0.4257031516170553,-1.5688637749235659,Breakout,12,BEAR,ETH,-2.5626509270722084
278,304.0,558.0,1257.0,-1.2252386652105853,-1.3151508308020634,0.3501389731365466,-0.004030390346087452,-0.002356901130469648,0.00027855129127808004,0.40789473684210525,0.42473118279569894,0.4494828957836118,0.7345021735871504,0.8375279531436054,1.017029011405389,-1.346848608608026,-1.898360913102491,-1.0500358829792944,Momentum,24,ALL,ETH,-2.5806940051122216
214,464.0,837.0,1814.0,-0.5178320342303582,-0.6564439352096354,-4.894997808388019,-0.001116017315151634,-0.0007842818819708906,-0.0026984552416692495,0.4525862068965517,0.5113500597371565,0.474090407938258,0.8484962330453556,0.9042706072162155,0.7544973367095891,-0.8714417836526056,-1.12118899130863,-4.944848763513214,VWAP,12,RANGE,BTCETH,-2.608251061685227
694,464.0,837.0,1814.0,-0.5178320342303582,-0.6564439352096354,-4.894997808388019,-0.001116017315151634,-0.0007842818819708906,-0.0026984552416692495,0.4525862068965517,0.5113500597371565,0.474090407938258,0.8484962330453556,0.9042706072162155,0.7544973367095891,-0.8714417836526056,-1.12118899130863,-4.944848763513214,MeanRev,12,RANGE,BTCETH,-2.608251061685227
259,552.0,907.0,1965.0,-0.24950229686596526,-1.2453945748461215,-3.0609647846494505,-0.0004519969146122559,-0.0013730921442625375,-0.0015577428929513743,0.4438405797101449,0.402425578831312,0.4310432569974555,0.9375608040220934,0.8398974316423616,0.8540795428895234,-0.4558093814540257,-1.613097659244487,-3.5913912969274673,Momentum,8,BEAR,BTCETH,-2.609950206944565
14,340.0,672.0,1495.0,-0.3649972031127311,-0.7486774768048607,-3.102728645865317,-0.0010735211856256798,-0.0011141033881024714,-0.00207540377649854,0.4264705882352941,0.4270833333333333,0.41270903010033444,0.8705857112948866,0.8789275424679466,0.8081356603362809,-0.4632439655436716,-1.1595474068388905,-3.325915277820776,Breakout,8,ALL,ETH,-2.6165473498992546
330,117.0,195.0,362.0,-0.4999084400556815,-0.11222615329993618,-1.196479240480464,-0.0042727217098776195,-0.0005755187348714676,-0.0033051912720454806,0.46153846153846156,0.48717948717948717,0.46408839779005523,0.6551766864594524,0.9594767600576889,0.8212288961733738,-0.5467213458771985,-0.3057386167955253,-1.4348530392064645,VolExp,12,BEAR,ALL,-2.6755230855573533
3,429.0,1026.0,1993.0,-0.4043357247340682,-1.6718904464677578,-2.1257479220344555,-0.0009425075168626298,-0.001629522852307756,-0.0010666070858175894,0.41025641025641024,0.4044834307992203,0.40943301555444056,0.8286361388007498,0.7573993820110007,0.8854530925508973,-0.6443760498769997,-1.7914378528224817,-2.471819107408305,Breakout,4,BULL,ALL,-2.682800315871204
168,449.0,782.0,1659.0,-1.3098241398139119,-0.5850135589130545,-5.057757134529728,-0.0029172029839953494,-0.0007480991801957219,-0.0030486782004398604,0.46770601336302897,0.49744245524296676,0.4918625678119349,0.8325439429308702,0.9614389960771539,0.8825341887498693,-1.670715974666605,-1.6040848361947861,-5.3602715576808,RSI,48,ALL,ALL,-2.7009033760042813
218,320.0,590.0,1318.0,-0.7290344355162752,-0.8147196428332356,-2.30967896211518,-0.00227823261098836,-0.0013808807505648062,-0.0017524119591162215,0.521875,0.5050847457627119,0.5197268588770865,0.8216926162588921,0.8991961386117687,0.8977927414855655,-1.115250853238023,-1.1447572456787478,-2.4423679846886066,VWAP,24,ALL,ETH,-2.7171845801485
698,320.0,590.0,1318.0,-0.7290344355162752,-0.8147196428332356,-2.30967896211518,-0.00227823261098836,-0.0013808807505648062,-0.0017524119591162215,0.521875,0.5050847457627119,0.5197268588770865,0.8216926162588921,0.8991961386117687,0.8977927414855655,-1.115250853238023,-1.1447572456787478,-2.4423679846886066,MeanRev,24,ALL,ETH,-2.7171845801485
392,28.0,44.0,98.0,-0.0748179746645078,-0.02609686449887664,-0.3191688712352926,-0.0026720705237324215,-0.0005931105567926509,-0.003256825216686659,0.42857142857142855,0.45454545454545453,0.3877551020408163,0.6674519790520754,0.9380416826677921,0.7514058313560913,-0.17243567267630056,-0.14802520623860926,-0.43459663191150344,TrendCross,12,BEAR,ETH,-2.7535988162480782
372,162.0,260.0,540.0,-0.5865418502848897,-0.5138072708325105,-0.2726314868907248,-0.003620628705462282,-0.0019761818108942715,-0.0005048731238717126,0.35802469135802467,0.4230769230769231,0.4685185185185185,0.5341140992050452,0.7595344860016366,0.943790488203364,-0.7052646157997987,-0.6768791424710034,-0.6154092497931025,TrendCross,8,ALL,ALL,-2.753911771455255
190,916.0,1666.0,3631.0,-1.131392502001216,-1.7844522401899088,-7.888778034010612,-0.0012351446528397556,-0.0010710997840275563,-0.002172618571746244,0.44759825327510916,0.48619447779111646,0.4593775819333517,0.7432917142594753,0.7998159105838898,0.6890446063865227,-1.1960986191062735,-2.1895266895729746,-7.919518844685923,VWAP,4,RANGE,BTCETH,-2.8259576228309444
670,916.0,1666.0,3631.0,-1.131392502001216,-1.7844522401899088,-7.888778034010612,-0.0012351446528397556,-0.0010710997840275563,-0.002172618571746244,0.44759825327510916,0.48619447779111646,0.4593775819333517,0.7432917142594753,0.7998159105838898,0.6890446063865227,-1.1960986191062735,-2.1895266895729746,-7.919518844685923,MeanRev,4,RANGE,BTCETH,-2.8259576228309444
430,320.0,560.0,1208.0,-0.5154266915647788,-0.5256348042159219,-2.939821593457093,-0.001610708411139934,-0.0009386335789570033,-0.002433627146901567,0.45625,0.4857142857142857,0.46688741721854304,0.6812023417054798,0.836724165809574,0.6471570011255433,-0.5587199020793702,-0.7278440264756796,-2.978551920037588,RangeZ,4,RANGE,BTCETH,-2.827013137880457
454,261.0,462.0,1006.0,-0.5564970048584528,-0.4006197999492386,-2.7936609592453046,-0.002132172432407865,-0.000867142424132551,-0.002776998965452589,0.4559386973180077,0.5216450216450217,0.4801192842942346,0.7237264002854977,0.8970875529229433,0.7435452675275448,-0.6133337138763978,-0.6909979928764648,-2.8497466191607495,RangeZ,12,RANGE,BTCETH,-2.870650993267203
191,487.0,909.0,1914.0,-0.701895626142503,-0.99334690701879,-4.299874369581268,-0.0014412641193891232,-0.0010927908768083498,-0.00224653833311456,0.4394250513347023,0.48734873487348734,0.4644723092998955,0.7406356727299129,0.8188284613792548,0.7048037775118855,-0.9742639282379301,-1.343114837843278,-4.336448425606859,VWAP,4,RANGE,ETH,-2.9084878478401195
671,487.0,909.0,1914.0,-0.701895626142503,-0.99334690701879,-4.299874369581268,-0.0014412641193891232,-0.0010927908768083498,-0.00224653833311456,0.4394250513347023,0.48734873487348734,0.4644723092998955,0.7406356727299129,0.8188284613792548,0.7048037775118855,-0.9742639282379301,-1.343114837843278,-4.336448425606859,MeanRev,4,RANGE,ETH,-2.9084878478401195
182,1363.0,2584.0,5831.0,-2.312263738373173,-3.1068571060698913,-12.072962856371143,-0.0016964517522913961,-0.0012023440812963975,-0.002070478966964696,0.4600146735143067,0.4775541795665635,0.4789915966386555,0.7297245341311464,0.8098213055212938,0.7410354895471629,-2.415511888232123,-3.211112345794282,-12.144853171912386,VWAP,4,ALL,ETH,-2.924310334489034
662,1363.0,2584.0,5831.0,-2.312263738373173,-3.1068571060698913,-12.072962856371143,-0.0016964517522913961,-0.0012023440812963975,-0.002070478966964696,0.4600146735143067,0.4775541795665635,0.4789915966386555,0.7297245341311464,0.8098213055212938,0.7410354895471629,-2.415511888232123,-3.211112345794282,-12.144853171912386,MeanRev,4,ALL,ETH,-2.924310334489034
368,28.0,44.0,98.0,-0.043659657929073795,0.012678094254751013,-0.491841846454875,-0.0015592734974669213,0.00028813850578979575,-0.005018794351580357,0.39285714285714285,0.38636363636363635,0.3163265306122449,0.5973760529635939,1.0409533233636434,0.4692257925614138,-0.06103918009083656,-0.1261001035747227,-0.5296163779761877,TrendCross,4,BEAR,ETH,-2.932338224075708
138,586.0,879.0,1809.0,-0.605268515284789,-1.1755362685216206,-3.5398787146350124,-0.0010328814254006637,-0.0013373563919472362,-0.001956815209859045,0.49658703071672355,0.4869169510807736,0.4881149806522941,0.8732645545098663,0.8572428452511571,0.8309655944039811,-0.9472745014385451,-1.5712316054523252,-3.8104010845259593,RSI,8,BEAR,ALL,-2.9433195540983785
421,881.0,1610.0,3646.0,-1.6662099869307148,-2.4080757493477294,-5.554039199438978,-0.0018912712677987681,-0.0014956992231973474,-0.0015233239713217162,0.45629965947786605,0.49440993788819876,0.5071311025781678,0.6808345107771763,0.7561439681097236,0.7883563501393777,-1.6948756913457692,-2.4143201325235837,-5.664734099788977,RangeZ,4,ALL,BTCETH,-2.970222099467309
461,100.0,176.0,461.0,-0.1987999655476744,-0.024646596254354683,-2.0614678898212153,-0.001987999655476744,-0.00014003747871792432,-0.004471730780523243,0.46,0.48863636363636365,0.5054229934924078,0.8544294103804333,0.9901875412841762,0.7602040472872024,-0.46488626422542084,-0.4046529435949369,-2.1957645210068857,RangeZ,24,BULL,ETH,-3.0014141493877133
158,251.0,439.0,1005.0,-0.13540307078020167,-0.5995979593869588,-2.0739070365618217,-0.0005394544652597676,-0.0013658267867584484,-0.0020635890911062903,0.50199203187251,0.4988610478359909,0.5134328358208955,0.955184087915137,0.9033325328502069,0.8826067635680934,-0.575395596500857,-1.37518959563728,-2.5429429828942616,RSI,24,ALL,ETH,-3.0093033682048866
175,148.0,227.0,510.0,-0.23553472371547185,-0.37561416700606903,-0.7862912899444318,-0.0015914508359153503,-0.0016546879603791587,-0.0015417476273420232,0.527027027027027,0.47577092511013214,0.492156862745098,0.9017514103552474,0.9005077070606304,0.9293332200550486,-0.8473948390274102,-0.9024521377726801,-2.2903677955108606,RSI,48,BEAR,BTCETH,-3.0212826209846613
216,966.0,1747.0,3717.0,-1.57848458560193,-2.240094578396915,-8.590233372212928,-0.0016340420140806729,-0.0012822521914120863,-0.002311066282543161,0.4989648033126294,0.497424155695478,0.516545601291364,0.8679806692743295,0.9079306738117081,0.8771826384874597,-1.8027790003006166,-2.525341486046816,-9.415781973429441,VWAP,24,ALL,ALL,-3.0904573530681656
696,966.0,1747.0,3717.0,-1.57848458560193,-2.240094578396915,-8.590233372212928,-0.0016340420140806729,-0.0012822521914120863,-0.002311066282543161,0.4989648033126294,0.497424155695478,0.516545601291364,0.8679806692743295,0.9079306738117081,0.8771826384874597,-1.8027790003006166,-2.525341486046816,-9.415781973429441,MeanRev,24,ALL,ALL,-3.0904573530681656
174,229.0,345.0,729.0,-0.7879690302342475,-0.6368271046819967,-0.9332550127723346,-0.00344091279578274,-0.0018458756657449178,-0.0012801852027055343,0.5065502183406113,0.4782608695652174,0.49382716049382713,0.8079891511526366,0.907972971015237,0.9498924675249292,-1.2076688339296742,-1.1995845385478778,-2.688832326669992,RSI,48,BEAR,ALL,-3.114071095655204
12,1099.0,2086.0,4219.0,-1.5681037604154437,-2.935740342406463,-8.415066137126786,-0.0014268460058375284,-0.0014073539512974415,-0.0019945641472213288,0.42766151046405826,0.44103547459252157,0.4197677174685945,0.8203578734025858,0.8456488128138133,0.8337635196035814,-1.8886306190541802,-3.1183665607737248,-8.878071927257004,Breakout,8,ALL,ALL,-3.129859717398817
367,55.0,88.0,199.0,-0.045570510469787245,-0.03875583803087397,-0.7435346819629267,-0.0008285547358143136,-0.00044040725035084056,-0.00373635518574335,0.38181818181818183,0.4090909090909091,0.35175879396984927,0.7727269222619602,0.9261521034953473,0.5329234409363187,-0.10103831909180308,-0.14401165552298897,-0.780538874823748,TrendCross,4,BEAR,BTCETH,-3.158094142013365
288,489.0,886.0,1885.0,-0.4569451561416894,-0.044945561190985694,-9.257643783374931,-0.0009344481720688944,-5.072862436905835e-05,-0.00491121686120686,0.46421267893660534,0.5045146726862303,0.4583554376657825,0.9443030735277594,0.9972158471014516,0.8217875406468645,-0.9313288271196116,-1.966343522152079,-9.457731402400745,Momentum,48,ALL,ALL,-3.1936707221966607
475,144.0,211.0,502.0,-1.0300224405204372,-0.8014927347746936,1.2435827305369178,-0.007152933614725259,-0.003798543766704709,0.0024772564353325054,0.4513888888888889,0.5118483412322274,0.5298804780876494,0.6188526009076369,0.7838843828774372,1.130330866775154,-1.2325160403874913,-1.0682479752363383,-0.999936911600494,RangeZ,48,BEAR,BTCETH,-3.2056158484243222
205,1138.0,2075.0,4723.0,-1.9914624606526137,-2.866639128994618,-10.022634693991186,-0.001749967012875759,-0.0013815128332504182,-0.002122090767307048,0.4789103690685413,0.48771084337349396,0.4888841837814948,0.7923860009960794,0.8431251686462297,0.811058952483966,-2.2638051372767936,-3.010719007962543,-10.297862532172429,VWAP,12,ALL,BTCETH,-3.230932312677688
685,1138.0,2075.0,4723.0,-1.9914624606526137,-2.866639128994618,-10.022634693991186,-0.001749967012875759,-0.0013815128332504182,-0.002122090767307048,0.4789103690685413,0.48771084337349396,0.4888841837814948,0.7923860009960794,0.8431251686462297,0.811058952483966,-2.2638051372767936,-3.010719007962543,-10.297862532172429,MeanRev,12,ALL,BTCETH,-3.230932312677688
434,375.0,668.0,1528.0,-0.42849844988520097,-0.9592278429032854,-3.0772978642880418,-0.0011426625330272027,-0.001435969824705517,-0.002013938392858666,0.496,0.5134730538922155,0.5045811518324608,0.8619873631497623,0.8443330191749207,0.8042540079495906,-0.9306966750127739,-1.194467892543063,-3.263467720140091,RangeZ,8,ALL,ETH,-3.2372910151451895
49,282.0,494.0,1109.0,-0.055854225127942414,-0.3191044215187008,-4.204455907026663,-0.00019806462811327097,-0.0006459603674467627,-0.0037912136222061884,0.48226950354609927,0.4777327935222672,0.4436429215509468,0.9869193925280368,0.9594444136308928,0.8355582518333162,-0.5757349521727585,-1.336463817709126,-4.6133829734581795,Breakout,48,ALL,BTCETH,-3.2881316916355043
129,742.0,1245.0,2683.0,-0.5666884311662972,-1.8366879418736386,-4.9845295191982695,-0.0007637310393076781,-0.0014752513589346495,-0.0018578194257168354,0.4272237196765499,0.4899598393574297,0.4729780096906448,0.8312551860152936,0.7596994518470345,0.7568236979616004,-0.6197214627409423,-1.888785002641135,-5.340755130215551,RSI,4,RANGE,ALL,-3.2917989937775
600,742.0,1245.0,2683.0,-0.5666884311662972,-1.8366879418736386,-4.9845295191982695,-0.0007637310393076781,-0.0014752513589346495,-0.0018578194257168354,0.4272237196765499,0.4899598393574297,0.4729780096906448,0.8312551860152936,0.7596994518470345,0.7568236979616004,-0.6197214627409423,-1.888785002641135,-5.340755130215551,RSIRange,4,ALL,ALL,-3.2917989937775
609,742.0,1245.0,2683.0,-0.5666884311662972,-1.8366879418736386,-4.9845295191982695,-0.0007637310393076781,-0.0014752513589346495,-0.0018578194257168354,0.4272237196765499,0.4899598393574297,0.4729780096906448,0.8312551860152936,0.7596994518470345,0.7568236979616004,-0.6197214627409423,-1.888785002641135,-5.340755130215551,RSIRange,4,RANGE,ALL,-3.2917989937775
204,1765.0,3215.0,6862.0,-3.402661143828449,-5.041667880804917,-13.04568252461778,-0.0019278533392795745,-0.0015681704139362106,-0.0019011487211626026,0.48158640226628896,0.4821150855365474,0.49096473331390267,0.7909357309510795,0.8489270536810821,0.8594868316488516,-3.6804971860066114,-5.136515803292344,-13.28854459509755,VWAP,12,ALL,ALL,-3.329075663705091
684,1765.0,3215.0,6862.0,-3.402661143828449,-5.041667880804917,-13.04568252461778,-0.0019278533392795745,-0.0015681704139362106,-0.0019011487211626026,0.48158640226628896,0.4821150855365474,0.49096473331390267,0.7909357309510795,0.8489270536810821,0.8594868316488516,-3.6804971860066114,-5.136515803292344,-13.28854459509755,MeanRev,12,ALL,ALL,-3.329075663705091
180,4097.0,7653.0,16516.0,-6.607816702114103,-11.176908941458835,-32.50582292785876,-0.0016128427391052243,-0.0014604611187062375,-0.0019681413736896804,0.4537466438857701,0.4684437475499804,0.47820295471058366,0.7269842646327065,0.7805159109460459,0.7772647055636099,-6.7259063849951755,-11.201419914057649,-32.54216048350853,VWAP,4,ALL,ALL,-3.3312829945924998
660,4097.0,7653.0,16516.0,-6.607816702114103,-11.176908941458835,-32.50582292785876,-0.0016128427391052243,-0.0014604611187062375,-0.0019681413736896804,0.4537466438857701,0.4684437475499804,0.47820295471058366,0.7269842646327065,0.7805159109460459,0.7772647055636099,-6.7259063849951755,-11.201419914057649,-32.54216048350853,MeanRev,4,ALL,ALL,-3.3312829945924998
23,124.0,243.0,523.0,-0.350852299409651,-0.5082592326898885,-0.4463816037435486,-0.0028294540274971854,-0.002091601780616825,-0.0008535021104083148,0.43548387096774194,0.4403292181069959,0.40152963671128106,0.6489708226540851,0.7765487671571493,0.9117545451669352,-0.444996769188729,-0.5748035910414379,-0.6682284021478558,Breakout,8,RANGE,ETH,-3.3484023593178804
306,224.0,368.0,662.0,-0.6486223524035801,-0.4852059634024359,-1.569869671514999,-0.002895635501801697,-0.0013184944657674887,-0.00237140433763595,0.41517857142857145,0.4673913043478261,0.4395770392749245,0.5956595539790606,0.8480337263683586,0.7985504892606132,-0.6824374836276189,-0.5988690150987935,-2.235998286887567,VolExp,4,BEAR,ALL,-3.361809053541956
432,1103.0,1983.0,4296.0,-0.7125986392904694,-3.0187465211806623,-8.483140339537595,-0.0006460549766912687,-0.001522312920413849,-0.0019746602280115446,0.485947416137806,0.48411497730711045,0.4988361266294227,0.9138451579756754,0.8303174375947454,0.8245339029653694,-1.0822978123673535,-3.0335388047934178,-8.663330153632737,RangeZ,8,ALL,ALL,-3.364434728279128
189,1448.0,2618.0,5408.0,-1.6127975248006186,-3.8942701142553173,-10.49891238310095,-0.0011138104453042945,-0.0014874981337873634,-0.0019413669347449983,0.4564917127071823,0.4805194805194805,0.46486686390532544,0.7799956782958107,0.766524488604227,0.7688334883700774,-1.6770746551722155,-3.998962886108713,-10.61526065812156,VWAP,4,RANGE,ALL,-3.3810052253454206
669,1448.0,2618.0,5408.0,-1.6127975248006186,-3.8942701142553173,-10.49891238310095,-0.0011138104453042945,-0.0014874981337873634,-0.0019413669347449983,0.4564917127071823,0.4805194805194805,0.46486686390532544,0.7799956782958107,0.766524488604227,0.7688334883700774,-1.6770746551722155,-3.998962886108713,-10.61526065812156,MeanRev,4,RANGE,ALL,-3.3810052253454206
459,278.0,566.0,1244.0,-0.9185212302018451,-0.1751894736345797,-5.657908231933208,-0.0033040332021649103,-0.00030952203822363905,-0.004548157742711582,0.4712230215827338,0.5070671378091873,0.5096463022508039,0.7453298791533624,0.9770448642903834,0.7739269411895755,-1.101567753981908,-0.6411510105240678,-5.737039934745364,RangeZ,24,BULL,ALL,-3.4162300136789012
446,326.0,596.0,1370.0,-0.8658207637376883,-0.7995848528045515,-3.3354832762563467,-0.0026558919133057926,-0.0013415853234975696,-0.0024346593257345596,0.49693251533742333,0.5385906040268457,0.5094890510948905,0.745458387818587,0.8775887720886467,0.8044326980343229,-1.2175792828959606,-1.0653152900697784,-3.452993254654333,RangeZ,12,ALL,ETH,-3.4358085026067293
67,461.0,684.0,1560.0,-0.6657599207366178,-1.0564764257824732,-2.8217525735639652,-0.0014441646870642468,-0.0015445561780445516,-0.0018088157522845932,0.41431670281995664,0.4195906432748538,0.4288461538461538,0.6895865248154552,0.7157166933793556,0.7143327095238425,-0.687363084132564,-1.0785346900021917,-3.0635617815281497,Pullback,4,BEAR,BTCETH,-3.4678787054704974
487,461.0,684.0,1560.0,-0.6657599207366178,-1.0564764257824732,-2.8217525735639652,-0.0014441646870642468,-0.0015445561780445516,-0.0018088157522845932,0.41431670281995664,0.4195906432748538,0.4288461538461538,0.6895865248154552,0.7157166933793556,0.7143327095238425,-0.687363084132564,-1.0785346900021917,-3.0635617815281497,TrendPullback,4,BEAR,BTCETH,-3.4678787054704974
202,610.0,1085.0,2335.0,-0.49637327945655474,-1.5181946787012026,-5.226709975099623,-0.0008137266876336963,-0.0013992577683882052,-0.0022384196895501598,0.460655737704918,0.4894009216589862,0.47408993576017133,0.8637933268955088,0.8122965055914044,0.751349665262474,-0.9375484287419961,-1.8332200553558364,-5.274618868190248,VWAP,8,RANGE,BTCETH,-3.4732890554726916
682,610.0,1085.0,2335.0,-0.49637327945655474,-1.5181946787012026,-5.226709975099623,-0.0008137266876336963,-0.0013992577683882052,-0.0022384196895501598,0.460655737704918,0.4894009216589862,0.47408993576017133,0.8637933268955088,0.8122965055914044,0.751349665262474,-0.9375484287419961,-1.8332200553558364,-5.274618868190248,MeanRev,8,RANGE,BTCETH,-3.4732890554726916
370,8.0,16.0,35.0,0.0015618737104800221,-0.050320528444670595,0.033248846335990546,0.00019523421381000276,-0.003145033027791912,0.0009499670381711584,0.5,0.4375,0.5142857142857142,1.0858838101029178,0.5919413816410384,1.2527965452121075,-0.011845823292972863,-0.0981420795298646,-0.036139467071185004,TrendCross,4,RANGE,BTCETH,-3.49536109055952
184,869.0,1888.0,4660.0,-1.8288957222329283,-3.0282482153701977,-8.16306389835186,-0.002104598069312921,-0.0016039450293274353,-0.0017517304502900986,0.43383199079401613,0.4608050847457627,0.48884120171673817,0.6125442575542552,0.7062383057478616,0.7444691840422878,-1.8599728512758005,-3.02528436039521,-8.212424829142387,VWAP,4,BULL,BTCETH,-3.5089130191548197
664,869.0,1888.0,4660.0,-1.8288957222329283,-3.0282482153701977,-8.16306389835186,-0.002104598069312921,-0.0016039450293274353,-0.0017517304502900986,0.43383199079401613,0.4608050847457627,0.48884120171673817,0.6125442575542552,0.7062383057478616,0.7444691840422878,-1.8599728512758005,-3.02528436039521,-8.212424829142387,MeanRev,4,BULL,BTCETH,-3.5089130191548197
277,586.0,1059.0,2431.0,-2.00640816939555,-2.4886862899101505,-1.4329384618901944,-0.0034239047259309726,-0.002350034268092682,-0.0005894440402674597,0.4453924914675768,0.43153918791312557,0.44755244755244755,0.7328886814399971,0.8171527778367189,0.9616994533807672,-2.197252165501784,-3.0833864349579962,-2.355016445865653,Momentum,24,ALL,BTCETH,-3.5106603452353387
141,567.0,963.0,2049.0,-0.2422797290104528,-1.536890582519176,-4.009745267392899,-0.00042730110936587795,-0.0015959403764477427,-0.001956927900142947,0.4567901234567901,0.4755970924195223,0.46364080039043437,0.9287943569811126,0.805531566267306,0.8061975766049682,-0.5237190617966192,-1.5285590852459103,-4.519049603649252,RSI,8,RANGE,ALL,-3.5370795101661576
612,567.0,963.0,2049.0,-0.2422797290104528,-1.536890582519176,-4.009745267392899,-0.00042730110936587795,-0.0015959403764477427,-0.001956927900142947,0.4567901234567901,0.4755970924195223,0.46364080039043437,0.9287943569811126,0.805531566267306,0.8061975766049682,-0.5237190617966192,-1.5285590852459103,-4.519049603649252,RSIRange,8,ALL,ALL,-3.5370795101661576
621,567.0,963.0,2049.0,-0.2422797290104528,-1.536890582519176,-4.009745267392899,-0.00042730110936587795,-0.0015959403764477427,-0.001956927900142947,0.4567901234567901,0.4755970924195223,0.46364080039043437,0.9287943569811126,0.805531566267306,0.8061975766049682,-0.5237190617966192,-1.5285590852459103,-4.519049603649252,RSIRange,8,RANGE,ALL,-3.5370795101661576
433,740.0,1316.0,3045.0,-0.8571475517994696,-2.053544142469439,-6.2564826095713695,-0.0011583075024317157,-0.0015604438772564126,-0.0020546740918132578,0.4837837837837838,0.49012158054711247,0.5041050903119869,0.8372199449150929,0.8028970708116496,0.7805456434497179,-1.072905591623309,-2.111791950671204,-6.369413182987545,RangeZ,8,ALL,BTCETH,-3.592119132064716
21,404.0,750.0,1467.0,-1.0756586605561411,-1.3242242470160732,-2.5186829026896915,-0.002662521437020151,-0.0017656323293547642,-0.0017168935941988355,0.41336633663366334,0.444,0.43012951601908656,0.6391558046645216,0.8071443788092768,0.8440214440488792,-1.2197127502605527,-1.6225944613567105,-2.8998255724424684,Breakout,8,RANGE,ALL,-3.5969924300502076
422,439.0,819.0,1823.0,-0.9757538926674053,-1.47977656626593,-2.816794873827968,-0.0022226740151877113,-0.0018068089942196947,-0.0015451425528403555,0.46697038724373574,0.49572649572649574,0.5041140976412507,0.6770255534784477,0.7498135425936782,0.8054544625916739,-1.0446082368954976,-1.514204772799097,-2.9862907462376396,RangeZ,4,ALL,ETH,-3.603492536094394
546,164.0,238.0,421.0,-0.30829073403410223,-0.03765206552392915,-2.0655130127667287,-0.0018798215489884283,-0.00015820195598289559,-0.004906206681156125,0.4451219512195122,0.46218487394957986,0.36342042755344417,0.7569787337793861,0.9788036625329402,0.6244485212367075,-0.4273290380918713,-0.4834929236208802,-2.4740316906650164,BreakVol,4,BEAR,ALL,-3.619358409352269
355,57.0,87.0,192.0,-0.4502622504248063,-0.12291719594759629,-0.49771379791051207,-0.007899337726750987,-0.0014128413327309918,-0.00259225936411725,0.40350877192982454,0.4367816091954023,0.453125,0.6424698497201715,0.9080937178287295,0.8902517330418702,-0.7150526868773333,-0.3879037793723902,-1.0960394573369685,VolExp,48,BEAR,BTCETH,-3.619596578708634
424,295.0,667.0,1535.0,-0.8588119243747199,-1.0699689410719893,-2.89715201440441,-0.002911226862287186,-0.001604151335940014,-0.0018873954491233941,0.38305084745762713,0.5022488755622189,0.5029315960912052,0.5176498822841639,0.7302534025809293,0.7418076107964411,-0.8689549464485145,-1.0660491061518387,-3.0138597618283822,RangeZ,4,BULL,BTCETH,-3.623637107626051
110,115.0,207.0,473.0,-0.6471926758556318,-0.634527999025988,0.28835489043865015,-0.005627762398744624,-0.0030653526522994587,0.0006096297895108883,0.4260869565217391,0.45410628019323673,0.48414376321353064,0.7083794707874282,0.8481220589298049,1.0277831799553012,-0.9668000050090807,-1.395855287170907,-0.8411512505499368,Pullback,48,ALL,ETH,-3.645170276202922
530,115.0,207.0,473.0,-0.6471926758556318,-0.634527999025988,0.28835489043865015,-0.005627762398744624,-0.0030653526522994587,0.0006096297895108883,0.4260869565217391,0.45410628019323673,0.48414376321353064,0.7083794707874282,0.8481220589298049,1.0277831799553012,-0.9668000050090807,-1.395855287170907,-0.8411512505499368,TrendPullback,48,ALL,ETH,-3.645170276202922
46,195.0,356.0,731.0,-0.1819401180954546,-0.8321106088700458,-0.5306074849996899,-0.0009330262466433569,-0.002337389350758556,-0.0007258652325577153,0.48717948717948717,0.46348314606741575,0.4582763337893297,0.9008118825939055,0.8031071074615548,0.950344295617294,-0.3882154224517941,-1.0009315470447246,-1.3672442252375823,Breakout,24,RANGE,BTCETH,-3.6471925309959783
0,1311.0,2535.0,4994.0,-0.8713488019676607,-4.312418223037615,-9.049836336325662,-0.0006646443950935627,-0.0017011511727959034,-0.0018121418374700965,0.41266209000762777,0.40986193293885603,0.4062875450540649,0.8911929632740317,0.7584237994866608,0.8067454054043116,-1.1802743687283894,-4.430755673877099,-9.233071698198147,Breakout,4,ALL,ALL,-3.6492749781709315
169,299.0,522.0,1173.0,-1.1944728570854388,-0.886956280342803,-2.4878435921308046,-0.003994892498613508,-0.0016991499623425345,-0.002120923778457634,0.451505016722408,0.4904214559386973,0.49445865302642794,0.7619862119483832,0.8988780295696308,0.8993019926203607,-1.4099803209309503,-1.2768591270415237,-3.1571492599673014,RSI,48,ALL,BTCETH,-3.721043680952712
153,473.0,814.0,1742.0,-0.7095135381796789,-1.0233229045809167,-5.02365485670761,-0.0015000286219443528,-0.0012571534454311015,-0.00288384320132469,0.44820295983086683,0.48525798525798525,0.47129735935706085,0.8071568381486317,0.873427710204965,0.7703387549420463,-0.7960855937179316,-1.2623260432076584,-5.488258732093706,RSI,12,RANGE,ALL,-3.7543836270398816
624,473.0,814.0,1742.0,-0.7095135381796789,-1.0233229045809167,-5.02365485670761,-0.0015000286219443528,-0.0012571534454311015,-0.00288384320132469,0.44820295983086683,0.48525798525798525,0.47129735935706085,0.8071568381486317,0.873427710204965,0.7703387549420463,-0.7960855937179316,-1.2623260432076584,-5.488258732093706,RSIRange,12,ALL,ALL,-3.7543836270398816
633,473.0,814.0,1742.0,-0.7095135381796789,-1.0233229045809167,-5.02365485670761,-0.0015000286219443528,-0.0012571534454311015,-0.00288384320132469,0.44820295983086683,0.48525798525798525,0.47129735935706085,0.8071568381486317,0.873427710204965,0.7703387549420463,-0.7960855937179316,-1.2623260432076584,-5.488258732093706,RSIRange,12,RANGE,ALL,-3.7543836270398816
345,68.0,131.0,252.0,-0.2544108962190618,-0.1902801935875082,-0.6597683812872919,-0.0037413367091038503,-0.0014525205617367037,-0.0026181284971717933,0.39705882352941174,0.48091603053435117,0.48412698412698413,0.6111857885925833,0.9020813795081244,0.8544664328465167,-0.2652019134673442,-0.4309576267562938,-1.3771098564811468,VolExp,24,RANGE,ALL,-3.7666218082905596
469,286.0,497.0,1171.0,-0.9824057729566005,-1.6198433964649372,1.0153107200233125,-0.003434985220127974,-0.0032592422464083246,0.0008670458753401473,0.46153846153846156,0.5030181086519114,0.5388556789069172,0.7898503276090886,0.8200386501129017,1.04340430264073,-1.1087441558814584,-1.9767893799630991,-1.7384349244028021,RangeZ,48,ALL,BTCETH,-3.78799566472287
20,124.0,225.0,448.0,-0.10912755642022343,-0.199027107749932,-1.62870214114125,-0.0008800609388727696,-0.000884564923333031,-0.0036354958507617183,0.4435483870967742,0.41333333333333333,0.39285714285714285,0.9072849597906486,0.9146985953639271,0.7007082235893957,-0.30090418882519276,-0.4472295597510587,-1.6783099092669125,Breakout,8,BEAR,ETH,-3.789218878474458
193,1559.0,2901.0,6577.0,-2.6394008561277276,-4.991211350045707,-12.824577800443091,-0.001693008887830486,-0.0017205140813670138,-0.0019499129999153248,0.46889031430404104,0.4836263357462944,0.497491257412194,0.7597574835252986,0.7756508395282107,0.7930062134396091,-2.7302405016135545,-5.050512201251008,-12.931797132174623,VWAP,8,ALL,BTCETH,-3.8222841096815325
673,1559.0,2901.0,6577.0,-2.6394008561277276,-4.991211350045707,-12.824577800443091,-0.001693008887830486,-0.0017205140813670138,-0.0019499129999153248,0.46889031430404104,0.4836263357462944,0.497491257412194,0.7597574835252986,0.7756508395282107,0.7930062134396091,-2.7302405016135545,-5.050512201251008,-12.931797132174623,MeanRev,8,ALL,BTCETH,-3.8222841096815325
37,439.0,809.0,1794.0,-0.2763213862445682,-2.1821857919499257,-0.4492352544841427,-0.000629433681650497,-0.0026973866402347658,-0.0002504098408495779,0.45558086560364464,0.446229913473424,0.4431438127090301,0.9455727524133495,0.7840081620431203,0.9836177079581163,-0.4380911886787176,-2.379999693800441,-2.3109560744814033,Breakout,24,ALL,BTCETH,-3.8775572513178727
120,2066.0,3518.0,7560.0,-3.161395954291395,-5.875114293191722,-15.802269668658699,-0.0015302013331516917,-0.0016700154329709273,-0.00209024731066914,0.4482090997095837,0.46901648664013645,0.48174603174603176,0.7293815282805801,0.7456748988652405,0.7578271248930245,-3.1673491200529407,-5.932108901316958,-16.03754624574178,RSI,4,ALL,ALL,-3.9267761528527294
286,274.0,507.0,1118.0,-0.5397265529233651,-1.384176662270454,-0.29411068069330254,-0.001969804937676515,-0.0027301314837681542,-0.00026306858738220265,0.45985401459854014,0.43984220907297833,0.4847942754919499,0.8201717840865641,0.7891341562293219,0.9814142805704307,-0.7162278686206108,-1.6936126664240023,-1.026659871684732,Momentum,24,RANGE,BTCETH,-3.9527831181187585
543,141.0,322.0,560.0,-0.1389012288975799,-0.5756893809607587,-1.1222377891984354,-0.0009851150985643964,-0.0017878552203750271,-0.002003996052140063,0.41843971631205673,0.4161490683229814,0.425,0.8429124758619494,0.7505900153260823,0.8163352914130053,-0.21283309663396147,-0.6766588412564807,-1.3587416316969885,BreakVol,4,BULL,ALL,-4.01278118615103
178,173.0,301.0,672.0,-0.1410591975764343,-0.3349656359167287,-2.395368489584821,-0.0008153710842568456,-0.0011128426442416235,-0.003564536442834555,0.4624277456647399,0.4750830564784053,0.47767857142857145,0.9414473046711392,0.9345559286126096,0.8285345104739436,-0.4674944615866087,-1.0333825529228546,-3.0854541362091714,RSI,48,RANGE,BTCETH,-4.027131292231249
649,173.0,301.0,672.0,-0.1410591975764343,-0.3349656359167287,-2.395368489584821,-0.0008153710842568456,-0.0011128426442416235,-0.003564536442834555,0.4624277456647399,0.4750830564784053,0.47767857142857145,0.9414473046711392,0.9345559286126096,0.8285345104739436,-0.4674944615866087,-1.0333825529228546,-3.0854541362091714,RSIRange,48,ALL,BTCETH,-4.027131292231249
658,173.0,301.0,672.0,-0.1410591975764343,-0.3349656359167287,-2.395368489584821,-0.0008153710842568456,-0.0011128426442416235,-0.003564536442834555,0.4624277456647399,0.4750830564784053,0.47767857142857145,0.9414473046711392,0.9345559286126096,0.8285345104739436,-0.4674944615866087,-1.0333825529228546,-3.0854541362091714,RSIRange,48,RANGE,BTCETH,-4.027131292231249
166,241.0,410.0,925.0,-0.3827404987695405,-0.5646665978031379,-2.750759045841927,-0.0015881348496661432,-0.0013772356043978973,-0.0029737935630723537,0.46887966804979253,0.4609756097560976,0.47675675675675677,0.8333041400569512,0.8834513211750576,0.8046430211338325,-0.558286215074016,-0.8741333986987022,-3.103645644524923,RSI,24,RANGE,BTCETH,-4.040170429559259
637,241.0,410.0,925.0,-0.3827404987695405,-0.5646665978031379,-2.750759045841927,-0.0015881348496661432,-0.0013772356043978973,-0.0029737935630723537,0.46887966804979253,0.4609756097560976,0.47675675675675677,0.8333041400569512,0.8834513211750576,0.8046430211338325,-0.558286215074016,-0.8741333986987022,-3.103645644524923,RSIRange,24,ALL,BTCETH,-4.040170429559259
646,241.0,410.0,925.0,-0.3827404987695405,-0.5646665978031379,-2.750759045841927,-0.0015881348496661432,-0.0013772356043978973,-0.0029737935630723537,0.46887966804979253,0.4609756097560976,0.47675675675675677,0.8333041400569512,0.8834513211750576,0.8046430211338325,-0.558286215074016,-0.8741333986987022,-3.103645644524923,RSIRange,24,RANGE,BTCETH,-4.040170429559259
144,1157.0,2013.0,4272.0,-1.9222810956208571,-2.7197877111521143,-12.79338940528378,-0.0016614356919799976,-0.0013511116299811795,-0.002994707257791147,0.46672428694900603,0.4823646299056135,0.4747191011235955,0.8196230081629042,0.8652817459069153,0.7841778997425283,-2.021997335732112,-3.2634809304366574,-12.951701926430568,RSI,12,ALL,ALL,-4.047470872104062
127,511.0,777.0,1614.0,-0.8428565780743972,-1.4174272949407438,-3.069911725732969,-0.001649425788795298,-0.0018242307528194902,-0.0019020518746796587,0.48140900195694714,0.4453024453024453,0.5074349442379182,0.7390395929641375,0.7430855380321255,0.7548952527988083,-1.0572271921035434,-1.5313805118996964,-3.113239819184091,RSI,4,BEAR,BTCETH,-4.052532589487706
192,2445.0,4518.0,9627.0,-4.119285325480957,-7.917058986123497,-20.912523269455697,-0.0016847792742253405,-0.0017523370929888218,-0.002172278307827537,0.4658486707566462,0.47963700752545374,0.4953775838786746,0.7808993959594862,0.801398730139398,0.812075685521927,-4.206942223990748,-8.002596378076142,-20.93442502507661,VWAP,8,ALL,ALL,-4.063478078143856
672,2445.0,4518.0,9627.0,-4.119285325480957,-7.917058986123497,-20.912523269455697,-0.0016847792742253405,-0.0017523370929888218,-0.002172278307827537,0.4658486707566462,0.47963700752545374,0.4953775838786746,0.7808993959594862,0.801398730139398,0.812075685521927,-4.206942223990748,-8.002596378076142,-20.93442502507661,MeanRev,8,ALL,ALL,-4.063478078143856
360,164.0,264.0,553.0,-0.41495308309497436,-0.5189981957091147,-0.9136477580825912,-0.002530201726188868,-0.001965902256473919,-0.0016521659278166208,0.3353658536585366,0.39015151515151514,0.45207956600361665,0.512462021838549,0.7224533014447303,0.7867904349056509,-0.4572253336023364,-0.610563693475549,-1.1372293897490264,TrendCross,4,ALL,ALL,-4.074726704414078
66,675.0,1036.0,2237.0,-1.3537428662236743,-1.9198516654735907,-4.240643348976443,-0.002005544986998036,-0.0018531386732370566,-0.0018956832136685037,0.4162962962962963,0.42857142857142855,0.4452391595887349,0.6476694362263866,0.7282432392767892,0.7503289877876442,-1.3753460296196278,-1.937582647230384,-4.480800198316772,Pullback,4,BEAR,ALL,-4.123388333078183
486,675.0,1036.0,2237.0,-1.3537428662236743,-1.9198516654735907,-4.240643348976443,-0.002005544986998036,-0.0018531386732370566,-0.0018956832136685037,0.4162962962962963,0.42857142857142855,0.4452391595887349,0.6476694362263866,0.7282432392767892,0.7503289877876442,-1.3753460296196278,-1.937582647230384,-4.480800198316772,TrendPullback,4,BEAR,ALL,-4.123388333078183
130,487.0,816.0,1911.0,-0.5303100610301793,-1.3296384527846379,-4.270204922802575,-0.0010889323635116619,-0.001629458888216468,-0.002234539467714587,0.4209445585215606,0.4791666666666667,0.4620617477760335,0.7499568947695905,0.7050163565032148,0.6621216025580126,-0.6118464777006504,-1.470647539205354,-4.332593547075232,RSI,4,RANGE,BTCETH,-4.1263192850862955
601,487.0,816.0,1911.0,-0.5303100610301793,-1.3296384527846379,-4.270204922802575,-0.0010889323635116619,-0.001629458888216468,-0.002234539467714587,0.4209445585215606,0.4791666666666667,0.4620617477760335,0.7499568947695905,0.7050163565032148,0.6621216025580126,-0.6118464777006504,-1.470647539205354,-4.332593547075232,RSIRange,4,ALL,BTCETH,-4.1263192850862955
610,487.0,816.0,1911.0,-0.5303100610301793,-1.3296384527846379,-4.270204922802575,-0.0010889323635116619,-0.001629458888216468,-0.002234539467714587,0.4209445585215606,0.4791666666666667,0.4620617477760335,0.7499568947695905,0.7050163565032148,0.6621216025580126,-0.6118464777006504,-1.470647539205354,-4.332593547075232,RSIRange,4,RANGE,BTCETH,-4.1263192850862955
92,128.0,213.0,466.0,-0.2127277141251033,-0.6073177305175289,-0.07797771059791686,-0.0016619352666023695,-0.0028512569507865206,-0.00016733414291398468,0.4453125,0.4460093896713615,0.4678111587982833,0.8218496295469031,0.7302152401725002,0.9842370136954158,-0.3789333580628933,-0.6344255131348039,-0.6202370900671422,Pullback,12,BEAR,ETH,-4.15539579061911
512,128.0,213.0,466.0,-0.2127277141251033,-0.6073177305175289,-0.07797771059791686,-0.0016619352666023695,-0.0028512569507865206,-0.00016733414291398468,0.4453125,0.4460093896713615,0.4678111587982833,0.8218496295469031,0.7302152401725002,0.9842370136954158,-0.3789333580628933,-0.6344255131348039,-0.6202370900671422,TrendPullback,12,BEAR,ETH,-4.15539579061911
431,159.0,295.0,612.0,-0.2705516062196782,-0.4787048385923651,-1.4726330418588267,-0.00170158242905458,-0.001622728266414797,-0.0024062631402922007,0.4779874213836478,0.47796610169491527,0.4673202614379085,0.6938038874638689,0.76459365860572,0.68227603015843,-0.37264988913899777,-0.5740979669705972,-1.531211877757518,RangeZ,4,RANGE,ETH,-4.204849984357645
357,68.0,126.0,243.0,0.328535219809153,-0.3571052414379178,-0.09587168312539693,0.004831400291311074,-0.002834168582840617,-0.0003945336754131561,0.5882352941176471,0.40476190476190477,0.522633744855967,1.478691915451391,0.860056379225121,0.9815032441486218,-0.13947046737336793,-0.6192262509813782,-1.5090589434959572,VolExp,48,RANGE,ALL,-4.221311217720649
322,76.0,138.0,252.0,-0.0008469222741541056,-0.3826108021176676,-0.0795749203568428,-1.1143714133606654e-05,-0.002772542044330925,-0.0003157734934795349,0.5263157894736842,0.39855072463768115,0.4444444444444444,0.9973544813587488,0.6787681973179103,0.9565388977033956,-0.11090532269377883,-0.4277417785751986,-0.3431626310419629,VolExp,8,RANGE,BTCETH,-4.2255504871200795
447,349.0,746.0,1670.0,-0.9551610468992315,-0.9699992067202897,-5.478370821111495,-0.002736851137247082,-0.0013002670331371175,-0.0032804615695278413,0.46131805157593125,0.5026809651474531,0.49161676646706587,0.7076473125532221,0.8703957927839028,0.7685049433890595,-0.9845854632842929,-1.050970096153939,-5.552130122804467,RangeZ,12,BULL,ALL,-4.242094899629114
362,58.0,88.0,204.0,-0.010320051140492788,-0.14451613932712637,-0.49506172318468566,-0.0001779319162153929,-0.0016422288559900724,-0.002426773152866106,0.4827586206896552,0.3522727272727273,0.4215686274509804,0.9562268022687037,0.7756148362631237,0.6720226833063861,-0.09034077571789272,-0.21323621329905695,-0.617377935116975,TrendCross,4,ALL,ETH,-4.263593345276742
442,281.0,494.0,1088.0,-0.23752226230488988,-0.7045383446486733,-3.1832765268463215,-0.0008452749548216722,-0.0014261909810701888,-0.0029258056312925747,0.47330960854092524,0.46963562753036436,0.47794117647058826,0.8625211191570431,0.8158577382511296,0.6838452406261126,-0.45380903514323895,-0.8384746881371051,-3.274697123625812,RangeZ,8,RANGE,BTCETH,-4.278484614555709
290,165.0,299.0,669.0,-0.0326097354751565,-0.8420080354844445,-0.3303245522393463,-0.00019763476045549393,-0.0028160803862356002,-0.0004937586730035072,0.4666666666666667,0.5083612040133779,0.4678624813153961,0.9888000187978384,0.8586608004443267,0.9782020064037809,-0.5855718402984577,-1.3746901617739646,-1.6377921828050084,Momentum,48,ALL,ETH,-4.2890566386266
121,1365.0,2359.0,5362.0,-1.8991657459733928,-4.068200830220881,-12.06089049048323,-0.0013913302168303244,-0.001724544650369174,-0.0022493268352262643,0.45567765567765567,0.4650275540483256,0.4720253636702723,0.7367231554434517,0.7151369494131875,0.6887277132345346,-1.9806389124392618,-4.140378377740494,-12.152185763343171,RSI,4,ALL,BTCETH,-4.29455147331689
103,184.0,287.0,659.0,-0.18133161500883546,-0.4477326237541043,-1.886170559181194,-0.0009854979076567144,-0.0015600439852059382,-0.002862170803006364,0.44021739130434784,0.4634146341463415,0.44916540212443096,0.9133024454103462,0.8678237086486628,0.8061609423653903,-0.38456710108952674,-0.6322693953070468,-2.155440888813037,Pullback,24,BEAR,BTCETH,-4.308274122404187
523,184.0,287.0,659.0,-0.18133161500883546,-0.4477326237541043,-1.886170559181194,-0.0009854979076567144,-0.0015600439852059382,-0.002862170803006364,0.44021739130434784,0.4634146341463415,0.44916540212443096,0.9133024454103462,0.8678237086486628,0.8061609423653903,-0.38456710108952674,-0.6322693953070468,-2.155440888813037,TrendPullback,24,BEAR,BTCETH,-4.308274122404187
154,311.0,531.0,1241.0,-0.5174726728516703,-0.5558343651422712,-4.669695001868607,-0.0016638992696195187,-0.0010467690492321493,-0.0037628485107724474,0.42765273311897106,0.4915254237288136,0.47058823529411764,0.7661225252927604,0.876352396445036,0.6563430842913148,-0.6412942085445097,-0.6850683765310002,-4.764764838525263,RSI,12,RANGE,BTCETH,-4.323691128500395
625,311.0,531.0,1241.0,-0.5174726728516703,-0.5558343651422712,-4.669695001868607,-0.0016638992696195187,-0.0010467690492321493,-0.0037628485107724474,0.42765273311897106,0.4915254237288136,0.47058823529411764,0.7661225252927604,0.876352396445036,0.6563430842913148,-0.6412942085445097,-0.6850683765310002,-4.764764838525263,RSIRange,12,ALL,BTCETH,-4.323691128500395
634,311.0,531.0,1241.0,-0.5174726728516703,-0.5558343651422712,-4.669695001868607,-0.0016638992696195187,-0.0010467690492321493,-0.0037628485107724474,0.42765273311897106,0.4915254237288136,0.47058823529411764,0.7661225252927604,0.876352396445036,0.6563430842913148,-0.6412942085445097,-0.6850683765310002,-4.764764838525263,RSIRange,12,RANGE,BTCETH,-4.323691128500395
50,137.0,246.0,558.0,0.26363809342721223,-0.29123731990656726,-2.110098407970229,0.001924365645454104,-0.0011838915443356393,-0.003781538365538045,0.48175182481751827,0.483739837398374,0.460573476702509,1.1135864381657823,0.9391725347907571,0.8521770739706925,-0.42940421086005176,-1.336463817709126,-2.3773089094689492,Breakout,48,ALL,ETH,-4.357971845447873
173,65.0,122.0,305.0,-0.16419098677416144,-0.10906180320642184,-1.3460050873725529,-0.002526015181140945,-0.000893949206610015,-0.00441313143400837,0.5384615384615384,0.48360655737704916,0.4918032786885246,0.8574001909410617,0.9561076387228818,0.8212889429189073,-0.43787909778685985,-0.8810752838660881,-1.869015013818163,RSI,48,BULL,ETH,-4.42363326558661
79,327.0,493.0,1121.0,-0.3225564290562023,-0.9782616467212388,-2.178764565756156,-0.0009864110980311997,-0.001984303543045109,-0.0019435901567851524,0.43730886850152906,0.40162271805273836,0.45405887600356826,0.8373916269928808,0.7123898643201995,0.7729619966808039,-0.4102572831009436,-1.0384422349922324,-2.467672475278178,Pullback,8,BEAR,BTCETH,-4.426845381874367
499,327.0,493.0,1121.0,-0.3225564290562023,-0.9782616467212388,-2.178764565756156,-0.0009864110980311997,-0.001984303543045109,-0.0019435901567851524,0.43730886850152906,0.40162271805273836,0.45405887600356826,0.8373916269928808,0.7123898643201995,0.7729619966808039,-0.4102572831009436,-1.0384422349922324,-2.467672475278178,TrendPullback,8,BEAR,BTCETH,-4.426845381874367
90,390.0,604.0,1347.0,-0.8230651923871821,-1.5832650129163603,-1.1922034548415956,-0.002110423570223544,-0.002621299690258875,-0.0008850805158437978,0.441025641025641,0.44867549668874174,0.4684484038604306,0.7666341762980386,0.7657986756128636,0.9253380922266258,-0.8864233104998474,-1.6668606683841534,-1.8424748632898602,Pullback,12,BEAR,ALL,-4.436543128522058
510,390.0,604.0,1347.0,-0.8230651923871821,-1.5832650129163603,-1.1922034548415956,-0.002110423570223544,-0.002621299690258875,-0.0008850805158437978,0.441025641025641,0.44867549668874174,0.4684484038604306,0.7666341762980386,0.7657986756128636,0.9253380922266258,-0.8864233104998474,-1.6668606683841534,-1.8424748632898602,TrendPullback,12,BEAR,ALL,-4.436543128522058
91,259.0,396.0,928.0,-0.3946366802818899,-1.008032891717452,-0.9424293579088887,-0.0015236937462621233,-0.0025455376053471006,-0.0010155488770569922,0.44787644787644787,0.43434343434343436,0.44935344827586204,0.8030112896015534,0.7341914003088026,0.897504080414094,-0.45799479839455337,-1.0778876065611707,-1.1729231604954957,Pullback,12,BEAR,BTCETH,-4.474928607028298
511,259.0,396.0,928.0,-0.3946366802818899,-1.008032891717452,-0.9424293579088887,-0.0015236937462621233,-0.0025455376053471006,-0.0010155488770569922,0.44787644787644787,0.43434343434343436,0.44935344827586204,0.8030112896015534,0.7341914003088026,0.897504080414094,-0.45799479839455337,-1.0778876065611707,-1.1729231604954957,TrendPullback,12,BEAR,BTCETH,-4.474928607028298
309,136.0,244.0,432.0,-0.09892307345930204,-0.5282940041123604,-0.7238845101886562,-0.0007273755401419268,-0.002165139361116231,-0.001675658588399667,0.4632352941176471,0.4262295081967213,0.4027777777777778,0.8293910681574547,0.7091582732530638,0.7974809602573055,-0.1240120400425706,-0.5809083609613149,-0.9114474646758658,VolExp,4,RANGE,ALL,-4.499298077121759
185,464.0,950.0,2478.0,-1.139316311204251,-1.9292225317441871,-4.698240985527783,-0.0024554230844919204,-0.002030760559730723,-0.0018959810272509213,0.4224137931034483,0.45263157894736844,0.4826472962066182,0.6099842729035385,0.6769513765451741,0.7520502013125708,-1.1670214953159612,-1.9154609200828006,-4.748395722072788,VWAP,4,BULL,ETH,-4.528500568854622
665,464.0,950.0,2478.0,-1.139316311204251,-1.9292225317441871,-4.698240985527783,-0.0024554230844919204,-0.002030760559730723,-0.0018959810272509213,0.4224137931034483,0.45263157894736844,0.4826472962066182,0.6099842729035385,0.6769513765451741,0.7520502013125708,-1.1670214953159612,-1.9154609200828006,-4.748395722072788,MeanRev,4,BULL,ETH,-4.528500568854622
415,52.0,85.0,190.0,-0.3286638022238432,-0.018059707902720254,-1.115576871872555,-0.006320457735073908,-0.00021246715179670887,-0.005871457220381868,0.38461538461538464,0.4823529411764706,0.45789473684210524,0.6383876798625244,0.987052948142,0.7550480226792242,-0.36765967898040475,-0.41038733779601566,-1.246018332618631,TrendCross,48,BEAR,BTCETH,-4.554290553154061
183,1345.0,2939.0,6644.0,-2.564331422708995,-6.0159335502556255,-13.149640355325802,-0.0019065661135382864,-0.002046932136868195,-0.0019791752491459666,0.44386617100371745,0.45797890438924804,0.48841059602649006,0.6655498041512695,0.6891006430675402,0.7722274446560383,-2.6515823205814644,-6.012969695280602,-13.248995999707601,VWAP,4,BULL,ALL,-4.611711435158778
663,1345.0,2939.0,6644.0,-2.564331422708995,-6.0159335502556255,-13.149640355325802,-0.0019065661135382864,-0.002046932136868195,-0.0019791752491459666,0.44386617100371745,0.45797890438924804,0.48841059602649006,0.6655498041512695,0.6891006430675402,0.7722274446560383,-2.6515823205814644,-6.012969695280602,-13.248995999707601,MeanRev,4,BULL,ALL,-4.611711435158778
436,260.0,561.0,1329.0,-0.7941127848240073,-1.1202805368994397,-2.8846359652994416,-0.0030542799416307972,-0.0019969350033858108,-0.0021705312003758026,0.4269230769230769,0.5044563279857398,0.5018811136192626,0.6152148610275493,0.7400286778794952,0.767175241543728,-0.8838520123432108,-1.1620824197992188,-3.19261364701723,RangeZ,8,BULL,BTCETH,-4.657197287724201
47,94.0,180.0,368.0,-0.2085705708902299,-0.3745202958699226,-0.8189193151018674,-0.0022188358605343605,-0.002080668310388459,-0.002225324225820292,0.4787234042553192,0.4777777777777778,0.4266304347826087,0.8144698841723162,0.8446530625673445,0.8716224549033448,-0.2606359147171166,-0.6036996189089657,-1.367244225237581,Breakout,24,RANGE,ETH,-4.67038532912652
48,423.0,752.0,1585.0,0.6223734755677778,-1.7056968339070102,-3.1079697225945084,0.0014713320935408458,-0.0022682138748763435,-0.0019608641782930653,0.48699763593380613,0.4720744680851064,0.4517350157728707,1.092546392663935,0.8858363022887116,0.9262709706699572,-0.5757349521727585,-2.491490611010846,-4.81197762740762,Breakout,48,ALL,ALL,-4.685184655087084
145,774.0,1347.0,3018.0,-1.2439418904424782,-1.992493171113118,-9.91064724659514,-0.0016071600651711604,-0.0014792079963720252,-0.0032838460061614116,0.46770025839793283,0.4803266518188567,0.47249834327369117,0.809991152317799,0.834749689648935,0.7184346094234094,-1.4370887581462402,-2.5128516045652125,-10.034892962630487,RSI,12,ALL,BTCETH,-4.689077699833118
425,156.0,306.0,787.0,-0.5757557049372802,-0.7142622149505137,-1.190733479540048,-0.003690741698315899,-0.0023341902449363194,-0.0015130031506226784,0.3717948717948718,0.4934640522875817,0.5133418043202033,0.4935635914116044,0.6753438739499841,0.8063818301237484,-0.6176739344567462,-0.7245724085107748,-1.3814874418424266,RangeZ,4,BULL,ETH,-4.699657936421584
437,140.0,256.0,683.0,-0.5034403839138109,-0.6382858131322071,-0.8971184051152377,-0.003596002742241506,-0.002493303957547684,-0.0013134969328187959,0.45,0.50390625,0.5153733528550513,0.6018204556328505,0.7254822274488506,0.8673675878236552,-0.6148798283068958,-0.6776295026523119,-1.3070355554679145,RangeZ,8,BULL,ETH,-4.707255032641658
448,237.0,511.0,1223.0,-0.7816315048113078,-0.8198785405372625,-3.824194394182177,-0.0032980232270519317,-0.0016044589834388698,-0.0031268964792985914,0.4388185654008439,0.50293542074364,0.49795584627964024,0.6332952747126978,0.8210164428850597,0.7251835147772071,-0.9207869007744972,-0.8235666816242511,-3.9536677383189183,RangeZ,12,BULL,BTCETH,-4.789614488514064
429,466.0,833.0,1705.0,-0.783199933080434,-1.3870480979263493,-4.912139362266805,-0.001680686551674751,-0.0016651237670184265,-0.002881020153822173,0.4656652360515021,0.4765906362545018,0.47038123167155427,0.7023829574723871,0.7569407885927717,0.6631017077312101,-0.8369611479086418,-1.4998483805288576,-5.174496390743544,RangeZ,4,RANGE,ALL,-4.791225191535045
230,169.0,308.0,692.0,-0.33018518146764175,-0.2436770126735362,-3.4633410614406945,-0.001953758470222732,-0.0007911591320569357,-0.005004828123469212,0.46153846153846156,0.5227272727272727,0.49421965317919075,0.8838196406941358,0.9594965046791389,0.7976242343007219,-0.8174168446477712,-1.09422146753637,-4.870795224087518,VWAP,48,ALL,ETH,-4.830025648603222
710,169.0,308.0,692.0,-0.33018518146764175,-0.2436770126735362,-3.4633410614406945,-0.001953758470222732,-0.0007911591320569357,-0.005004828123469212,0.46153846153846156,0.5227272727272727,0.49421965317919075,0.8838196406941358,0.9594965046791389,0.7976242343007219,-0.8174168446477712,-1.09422146753637,-4.870795224087518,MeanRev,48,ALL,ETH,-4.830025648603222
196,549.0,1179.0,2855.0,-1.1492383977993916,-2.6414685432433416,-5.261738405154522,-0.0020933304149351397,-0.0022404313343879064,-0.001842990684817696,0.46083788706739526,0.457167090754877,0.4886164623467601,0.7010608429671631,0.6938895011600377,0.7906642975021668,-1.1430095072613748,-2.6335406457975252,-5.3717308149028415,VWAP,8,BULL,BTCETH,-4.839299554931305
676,549.0,1179.0,2855.0,-1.1492383977993916,-2.6414685432433416,-5.261738405154522,-0.0020933304149351397,-0.0022404313343879064,-0.001842990684817696,0.46083788706739526,0.457167090754877,0.4886164623467601,0.7010608429671631,0.6938895011600377,0.7906642975021668,-1.1430095072613748,-2.6335406457975252,-5.3717308149028415,MeanRev,8,BULL,BTCETH,-4.839299554931305
167,125.0,215.0,479.0,-0.1643604105680655,-0.3604582929791852,-1.5239739228977043,-0.001314883284544524,-0.0016765501999031868,-0.0031815739517697377,0.488,0.4744186046511628,0.48851774530271397,0.8759561743385325,0.8758837278393488,0.8048336152767942,-0.5252272668350549,-0.6030147871173458,-1.838309384821754,RSI,24,RANGE,ETH,-4.853957008459968
638,125.0,215.0,479.0,-0.1643604105680655,-0.3604582929791852,-1.5239739228977043,-0.001314883284544524,-0.0016765501999031868,-0.0031815739517697377,0.488,0.4744186046511628,0.48851774530271397,0.8759561743385325,0.8758837278393488,0.8048336152767942,-0.5252272668350549,-0.6030147871173458,-1.838309384821754,RSIRange,24,ALL,ETH,-4.853957008459968
647,125.0,215.0,479.0,-0.1643604105680655,-0.3604582929791852,-1.5239739228977043,-0.001314883284544524,-0.0016765501999031868,-0.0031815739517697377,0.488,0.4744186046511628,0.48851774530271397,0.8759561743385325,0.8758837278393488,0.8048336152767942,-0.5252272668350549,-0.6030147871173458,-1.838309384821754,RSIRange,24,RANGE,ETH,-4.853957008459968
139,386.0,580.0,1227.0,-0.14329053278960982,-1.1776120613180927,-2.8772669424603237,-0.00037121899686427416,-0.002030365622962229,-0.0023449608333009973,0.49740932642487046,0.49137931034482757,0.4889975550122249,0.9490957533262318,0.7687320457391827,0.767767199293032,-0.7135655747944337,-1.2761654352880565,-2.938788122250308,RSI,8,BEAR,BTCETH,-4.86919283419324
215,246.0,443.0,945.0,-0.26138083278266677,-0.6199808431757807,-3.460249233158335,-0.0010625237104986455,-0.0013995052893358481,-0.00366163940016755,0.45934959349593496,0.5124153498871332,0.4846560846560847,0.869236079023228,0.8529732889595674,0.7009981054646353,-0.8714417836526046,-1.0045227382658892,-3.499064667197926,VWAP,12,RANGE,ETH,-4.906678584415044
695,246.0,443.0,945.0,-0.26138083278266677,-0.6199808431757807,-3.460249233158335,-0.0010625237104986455,-0.0013995052893358481,-0.00366163940016755,0.45934959349593496,0.5124153498871332,0.4846560846560847,0.869236079023228,0.8529732889595674,0.7009981054646353,-0.8714417836526046,-1.0045227382658892,-3.499064667197926,MeanRev,12,RANGE,ETH,-4.906678584415044
68,227.0,360.0,768.0,-0.459376247374433,-0.6950006638630787,-1.8487251905393376,-0.002023683909138471,-0.001930557399619663,-0.0024071942585147626,0.3964757709251101,0.42777777777777776,0.4348958333333333,0.6529139810365895,0.6825183886147835,0.6719404557095348,-0.5378269796737475,-0.7384724030264728,-2.0679149326568314,Pullback,4,BEAR,ETH,-4.913850213429769
488,227.0,360.0,768.0,-0.459376247374433,-0.6950006638630787,-1.8487251905393376,-0.002023683909138471,-0.001930557399619663,-0.0024071942585147626,0.3964757709251101,0.42777777777777776,0.4348958333333333,0.6529139810365895,0.6825183886147835,0.6719404557095348,-0.5378269796737475,-0.7384724030264728,-2.0679149326568314,TrendPullback,4,BEAR,ETH,-4.913850213429769
19,267.0,429.0,926.0,-0.19404034963030306,-0.5665674207318356,-3.5135282879667056,-0.0007267428825104983,-0.0013206699783958873,-0.0037943070064435265,0.43820224719101125,0.40792540792540793,0.3758099352051836,0.9066344118799483,0.8494719628957124,0.6667089927065547,-0.36257931097309837,-0.6739479707138021,-3.7759393527048477,Breakout,8,BEAR,BTCETH,-4.919466007633034
80,160.0,261.0,558.0,-0.23245433793655668,-0.5108285055895547,-1.4126390886497686,-0.0014528396121034793,-0.001957197339423581,-0.002531611269981664,0.425,0.4329501915708812,0.46236559139784944,0.8071548693882029,0.7404420239097296,0.7460411265591714,-0.3574127724167685,-0.5706717851471551,-1.7534453423299006,Pullback,8,BEAR,ETH,-4.9595227983599255
500,160.0,261.0,558.0,-0.23245433793655668,-0.5108285055895547,-1.4126390886497686,-0.0014528396121034793,-0.001957197339423581,-0.002531611269981664,0.425,0.4329501915708812,0.46236559139784944,0.8071548693882029,0.7404420239097296,0.7460411265591714,-0.3574127724167685,-0.5706717851471551,-1.7534453423299006,TrendPullback,8,BEAR,ETH,-4.9595227983599255
391,55.0,88.0,198.0,-0.07435034267109533,-0.12429306299359849,-0.7346553186664412,-0.0013518244122017332,-0.001412421170381801,-0.0037103803973052587,0.45454545454545453,0.45454545454545453,0.4090909090909091,0.7936682317720356,0.828437841129029,0.6840438894655442,-0.17243567267630056,-0.2119711891225379,-0.8440328318103942,TrendCross,12,BEAR,BTCETH,-5.022741007474288
416,27.0,43.0,93.0,-0.14643042839403797,-0.019970673264635017,-0.5441795907979652,-0.005423349199779184,-0.0004644342619682562,-0.005851393449440486,0.4074074074074074,0.4883720930232558,0.4838709677419355,0.7353541409263379,0.9763126309583369,0.7768037388897752,-0.35785358649500887,-0.41038733779601566,-0.6440256470772291,TrendCross,48,BEAR,ETH,-5.0271456035288855
142,372.0,630.0,1462.0,-0.2859716909613452,-1.1910017165019346,-3.9490081900993523,-0.000768741104734799,-0.001890478915082436,-0.0027010999932280113,0.44086021505376344,0.4634920634920635,0.45896032831737343,0.8660318673522281,0.7432900390237165,0.6937951080025281,-0.5237190617966192,-1.2839072964670084,-4.032274203008666,RSI,8,RANGE,BTCETH,-5.044972676366639
613,372.0,630.0,1462.0,-0.2859716909613452,-1.1910017165019346,-3.9490081900993523,-0.000768741104734799,-0.001890478915082436,-0.0027010999932280113,0.44086021505376344,0.4634920634920635,0.45896032831737343,0.8660318673522281,0.7432900390237165,0.6937951080025281,-0.5237190617966192,-1.2839072964670084,-4.032274203008666,RSIRange,8,ALL,BTCETH,-5.044972676366639
622,372.0,630.0,1462.0,-0.2859716909613452,-1.1910017165019346,-3.9490081900993523,-0.000768741104734799,-0.001890478915082436,-0.0027010999932280113,0.44086021505376344,0.4634920634920635,0.45896032831737343,0.8660318673522281,0.7432900390237165,0.6937951080025281,-0.5237190617966192,-1.2839072964670084,-4.032274203008666,RSIRange,8,RANGE,BTCETH,-5.044972676366639
194,814.0,1533.0,3418.0,-1.7742719646824012,-3.3321964279012297,-7.66730164049735,-0.0021796952883076184,-0.0021736441147431375,-0.0022432128848734203,0.4668304668304668,0.47879973907371165,0.5008777062609713,0.7298162895517825,0.7558547662118313,0.7856041145053047,-1.906223018177269,-3.3936536858292197,-7.765342452371664,VWAP,8,ALL,ETH,-5.049042233642559
674,814.0,1533.0,3418.0,-1.7742719646824012,-3.3321964279012297,-7.66730164049735,-0.0021796952883076184,-0.0021736441147431375,-0.0022432128848734203,0.4668304668304668,0.47879973907371165,0.5008777062609713,0.7298162895517825,0.7558547662118313,0.7856041145053047,-1.906223018177269,-3.3936536858292197,-7.765342452371664,MeanRev,8,ALL,ETH,-5.049042233642559
124,457.0,936.0,2185.0,-0.7475316999314675,-1.8684687113570655,-5.212992083311017,-0.0016357367613380033,-0.0019962272557233606,-0.002385808733780786,0.4551422319474836,0.46047008547008544,0.4654462242562929,0.6785055905707057,0.6535278245570202,0.663485994934637,-0.8837127028867775,-1.8987609351176085,-5.295853915618698,RSI,4,BULL,BTCETH,-5.06124942573585
347,22.0,40.0,92.0,0.03095867268680463,-0.04343602440617071,-0.4234595221492955,0.001407212394854756,-0.0010859006101542677,-0.004602820892927125,0.4090909090909091,0.475,0.45652173913043476,1.2108155054464589,0.9364144426932128,0.7304134158379171,-0.08323955414811068,-0.22424897600329324,-0.5441470762004007,VolExp,24,RANGE,ETH,-5.1077942547045305
570,134.0,192.0,349.0,-0.4297596388159862,-0.3941734048426572,-0.9369726280861286,-0.0032071614837013897,-0.0020529864835555065,-0.0026847353240290217,0.43283582089552236,0.46875,0.42120343839541546,0.7261657306654125,0.8360312607374982,0.8414055755016738,-0.5542418302159027,-0.5569055768748373,-1.638678095088148,BreakVol,12,BEAR,ALL,-5.113271454900863
78,490.0,737.0,1613.0,-0.6051676552225544,-1.7724802940883944,-2.9822100016927062,-0.0012350360310664377,-0.0024049936147739408,-0.0018488592694933083,0.4326530612244898,0.417910447761194,0.4717916924984501,0.8357488956617007,0.7153696232117313,0.8179745726787992,-0.692868509267295,-1.8146163915566194,-3.4707868853226733,Pullback,8,BEAR,ALL,-5.12550230315066
498,490.0,737.0,1613.0,-0.6051676552225544,-1.7724802940883944,-2.9822100016927062,-0.0012350360310664377,-0.0024049936147739408,-0.0018488592694933083,0.4326530612244898,0.417910447761194,0.4717916924984501,0.8357488956617007,0.7153696232117313,0.8179745726787992,-0.692868509267295,-1.8146163915566194,-3.4707868853226733,TrendPullback,8,BEAR,ALL,-5.12550230315066
237,310.0,541.0,1128.0,-1.5940967354008209,-1.2425810371780188,-2.67726181834958,-0.005142247533551035,-0.002296822619552715,-0.0023734590588205496,0.432258064516129,0.46395563770794823,0.4946808510638298,0.7052199307181346,0.8883525907831195,0.9056693530974703,-1.8090294837435419,-1.4931190739664062,-4.207346540787426,VWAP,48,RANGE,ALL,-5.17308235404539
717,310.0,541.0,1128.0,-1.5940967354008209,-1.2425810371780188,-2.67726181834958,-0.005142247533551035,-0.002296822619552715,-0.0023734590588205496,0.432258064516129,0.46395563770794823,0.4946808510638298,0.7052199307181346,0.8883525907831195,0.9056693530974703,-1.8090294837435419,-1.4931190739664062,-4.207346540787426,MeanRev,48,RANGE,ALL,-5.17308235404539
435,384.0,821.0,1820.0,-0.8313644047322786,-1.7445146092940476,-4.49908523973344,-0.0021650114706569753,-0.0021248655411620554,-0.002472024856996396,0.4401041666666667,0.48112058465286234,0.5005494505494505,0.7241663648551256,0.7543313755913643,0.7880893824239886,-0.9200553848851389,-1.75564319273849,-4.547445499636103,RangeZ,8,BULL,ALL,-5.179335181305154
468,428.0,749.0,1651.0,-2.4815836095115844,-2.0713061404880007,-2.59940449437139,-0.005798092545587814,-0.0027654287589959957,-0.0015744424557064748,0.4369158878504673,0.507343124165554,0.5311932162325863,0.69009902940536,0.8650099186305915,0.9377156543835594,-2.5541195170467077,-2.34801951632344,-4.37262798790022,RangeZ,48,ALL,ALL,-5.302574400684315
38,210.0,409.0,915.0,-0.21192214190255926,-1.3457647801710464,-0.43685987638144375,-0.0010091530566788537,-0.00329037843562603,-0.0004774424878485724,0.45714285714285713,0.45232273838630804,0.4491803278688525,0.9276722158869319,0.7723541821091447,0.9723081813358614,-0.42289711933621105,-1.53865998135719,-2.310956074481403,Breakout,24,ALL,ETH,-5.3135369956556255
131,247.0,420.0,988.0,-0.21923168207358865,-0.926341278792219,-2.2368198429167787,-0.0008875776602169581,-0.002205574473314807,-0.0022639876952598977,0.42105263157894735,0.48333333333333334,0.46356275303643724,0.8183404322213651,0.669118273487321,0.6814000192504194,-0.45560161506534835,-1.0422107484915895,-2.3059815502796313,RSI,4,RANGE,ETH,-5.3246183491517725
602,247.0,420.0,988.0,-0.21923168207358865,-0.926341278792219,-2.2368198429167787,-0.0008875776602169581,-0.002205574473314807,-0.0022639876952598977,0.42105263157894735,0.48333333333333334,0.46356275303643724,0.8183404322213651,0.669118273487321,0.6814000192504194,-0.45560161506534835,-1.0422107484915895,-2.3059815502796313,RSIRange,4,ALL,ETH,-5.3246183491517725
611,247.0,420.0,988.0,-0.21923168207358865,-0.926341278792219,-2.2368198429167787,-0.0008875776602169581,-0.002205574473314807,-0.0022639876952598977,0.42105263157894735,0.48333333333333334,0.46356275303643724,0.8183404322213651,0.669118273487321,0.6814000192504194,-0.45560161506534835,-1.0422107484915895,-2.3059815502796313,RSIRange,4,RANGE,ETH,-5.3246183491517725
176,74.0,121.0,251.0,-0.21862385726412026,-0.24999380740500646,-0.757054510864497,-0.0029543764495151385,-0.002066064524008318,-0.003016153429739032,0.5,0.49586776859504134,0.4860557768924303,0.8497449270054127,0.8949791363885181,0.8795596367040127,-0.644362288015243,-0.8275482485084176,-0.9777124934006176,RSI,48,BEAR,ETH,-5.373743704663137
227,160.0,283.0,605.0,-0.10213507565480429,-0.6499557646504348,-1.498580031361029,-0.0006383442228425268,-0.0022966634793301585,-0.0024769917873736017,0.525,0.48056537102473496,0.5041322314049587,0.9414924614304696,0.8278652995913608,0.8452769668074953,-0.48030670042821705,-0.9387100479402707,-1.5890276137767736,VWAP,24,RANGE,ETH,-5.397176479635062
707,160.0,283.0,605.0,-0.10213507565480429,-0.6499557646504348,-1.498580031361029,-0.0006383442228425268,-0.0022966634793301585,-0.0024769917873736017,0.525,0.48056537102473496,0.5041322314049587,0.9414924614304696,0.8278652995913608,0.8452769668074953,-0.48030670042821705,-0.9387100479402707,-1.5890276137767736,MeanRev,24,RANGE,ETH,-5.397176479635062
206,587.0,1086.0,2444.0,-1.3010458174174815,-2.3124363290107426,-6.681551683865491,-0.0022164323976447725,-0.0021293152200835565,-0.0027338591177845707,0.4735945485519591,0.48342541436464087,0.48895253682487727,0.7706239759299991,0.7942908722608497,0.7843585504580024,-1.4074560313350346,-2.4293007925899164,-6.963356127307559,VWAP,12,ALL,ETH,-5.4138401352328325
686,587.0,1086.0,2444.0,-1.3010458174174815,-2.3124363290107426,-6.681551683865491,-0.0022164323976447725,-0.0021293152200835565,-0.0027338591177845707,0.4735945485519591,0.48342541436464087,0.48895253682487727,0.7706239759299991,0.7942908722608497,0.7843585504580024,-1.4074560313350346,-2.4293007925899164,-6.963356127307559,MeanRev,12,ALL,ETH,-5.4138401352328325
229,333.0,605.0,1366.0,-0.8417412279417363,-1.2933995047053686,-4.0040984079342055,-0.0025277514352604696,-0.002137850421000609,-0.002931257985310546,0.4444444444444444,0.5057851239669422,0.5087847730600292,0.8343948190408408,0.8744594804132634,0.8629074427211203,-0.9561816986407466,-1.6695960679294908,-5.4793998043911,VWAP,48,ALL,BTCETH,-5.46959190417738
709,333.0,605.0,1366.0,-0.8417412279417363,-1.2933995047053686,-4.0040984079342055,-0.0025277514352604696,-0.002137850421000609,-0.002931257985310546,0.4444444444444444,0.5057851239669422,0.5087847730600292,0.8343948190408408,0.8744594804132634,0.8629074427211203,-0.9561816986407466,-1.6695960679294908,-5.4793998043911,MeanRev,48,ALL,BTCETH,-5.46959190417738
132,1465.0,2516.0,5362.0,-2.055117416325271,-5.077723755444415,-15.825974492143086,-0.001402810523088922,-0.0020181731937378438,-0.002951505873208334,0.47167235494880544,0.4737678855325914,0.474449832152182,0.8110543639946938,0.77122027515507,0.7419536972370596,-2.155210171482951,-5.07671956476848,-15.887159162871432,RSI,8,ALL,ALL,-5.474678288291891
177,267.0,459.0,963.0,-0.004882879029785583,-0.745919933587771,-3.8477048629843216,-1.8287936441144507e-05,-0.0016250978945267342,-0.003995539836951528,0.48314606741573035,0.4684095860566449,0.470404984423676,0.9987579356496251,0.9183335983894086,0.8401079452400876,-0.4674944615866087,-1.3804791081006458,-4.355322015341795,RSI,48,RANGE,ALL,-5.4872940823755005
648,267.0,459.0,963.0,-0.004882879029785583,-0.745919933587771,-3.8477048629843216,-1.8287936441144507e-05,-0.0016250978945267342,-0.003995539836951528,0.48314606741573035,0.4684095860566449,0.470404984423676,0.9987579356496251,0.9183335983894086,0.8401079452400876,-0.4674944615866087,-1.3804791081006458,-4.355322015341795,RSIRange,48,ALL,ALL,-5.4872940823755005
657,267.0,459.0,963.0,-0.004882879029785583,-0.745919933587771,-3.8477048629843216,-1.8287936441144507e-05,-0.0016250978945267342,-0.003995539836951528,0.48314606741573035,0.4684095860566449,0.470404984423676,0.9987579356496251,0.9183335983894086,0.8401079452400876,-0.4674944615866087,-1.3804791081006458,-4.355322015341795,RSIRange,48,RANGE,ALL,-5.4872940823755005
455,130.0,237.0,507.0,-0.2148650857883723,-0.42510736735276355,-1.7505309311162767,-0.0016528083522182485,-0.001793701971952589,-0.00345272373001238,0.5,0.5485232067510548,0.4832347140039448,0.8038127658129732,0.8206945129667474,0.7174770941223758,-0.479145908779286,-0.6909979928764651,-1.8110135912503444,RangeZ,12,RANGE,ETH,-5.501956066828434
133,975.0,1678.0,3796.0,-0.9414223852785044,-3.292242464993324,-11.51132844961126,-0.000965561420798466,-0.001962003852796975,-0.003032489054165242,0.4748717948717949,0.47437425506555425,0.470231822971549,0.8545635666944258,0.7489952154482413,0.6843380760181651,-1.1655792984947537,-3.299390845664294,-11.571887067148202,RSI,8,ALL,BTCETH,-5.523163468292785
203,325.0,584.0,1222.0,-0.391966922820096,-1.2261002595509667,-3.508753664674675,-0.00120605207021568,-0.00209948674580645,-0.002871320511190405,0.46153846153846156,0.5051369863013698,0.47217675941080195,0.8228235923912087,0.7604999458494748,0.713337809308316,-0.9375484287419962,-1.609035282206963,-3.548286330944306,VWAP,8,RANGE,ETH,-5.596456247645515
683,325.0,584.0,1222.0,-0.391966922820096,-1.2261002595509667,-3.508753664674675,-0.00120605207021568,-0.00209948674580645,-0.002871320511190405,0.46153846153846156,0.5051369863013698,0.47217675941080195,0.8228235923912087,0.7604999458494748,0.713337809308316,-0.9375484287419962,-1.609035282206963,-3.548286330944306,MeanRev,8,RANGE,ETH,-5.596456247645515
197,290.0,575.0,1511.0,-0.719042598780909,-1.6087038394552204,-2.3167398491414266,-0.0024794572371755483,-0.0027977458077482094,-0.001533249403799753,0.45517241379310347,0.44,0.4877564526803441,0.6934053523114246,0.6765690296377249,0.8388302634875135,-0.7345399407480996,-1.600224475275576,-2.4560943398749697,VWAP,8,BULL,ETH,-5.613341726170934
677,290.0,575.0,1511.0,-0.719042598780909,-1.6087038394552204,-2.3167398491414266,-0.0024794572371755483,-0.0027977458077482094,-0.001533249403799753,0.45517241379310347,0.44,0.4877564526803441,0.6934053523114246,0.6765690296377249,0.8388302634875135,-0.7345399407480996,-1.600224475275576,-2.4560943398749697,MeanRev,8,BULL,ETH,-5.613341726170934
122,685.0,1203.0,2728.0,-0.8810186984621531,-2.739288630011013,-6.663089484436153,-0.0012861586838863548,-0.002277047905246062,-0.0024424814825645723,0.45985401459854014,0.4630091438071488,0.4736070381231672,0.7856012416268241,0.6874015060293787,0.6917897990272744,-1.0558602536889192,-2.8133767112432646,-6.692068619428347,RSI,4,ALL,ETH,-5.617385988000043
470,143.0,246.0,588.0,-0.7153756616084632,-1.1417446462178868,1.0539318321811657,-0.005002627004254988,-0.004641238399259702,0.001792401075138037,0.4965034965034965,0.5,0.5238095238095238,0.743711273122161,0.7901365858356277,1.0819236314205267,-0.9698323835920583,-1.7117918228631213,-1.0267978734637482,RangeZ,48,ALL,ETH,-5.618015506125213
344,31.0,50.0,97.0,0.08469257058429061,-0.09282424820650659,-0.35724565087831245,0.0027320184059448586,-0.0018564849641301317,-0.003682944854415592,0.5483870967741935,0.48,0.41237113402061853,1.249748923337196,0.8837526095153962,0.8422971087784299,-0.1806812221483558,-0.3278976274333729,-0.8649085821551327,VolExp,24,BEAR,ETH,-5.66986506438203
125,234.0,447.0,1114.0,-0.598409807039942,-0.9889262200213205,-2.9171903567857815,-0.0025573068676920598,-0.0022123629083251016,-0.002618662797832838,0.43162393162393164,0.46308724832214765,0.4605026929982047,0.5978750004989967,0.6822692056794478,0.6646532806841278,-0.6567467404091024,-1.0284761456894989,-2.9376789418891724,RSI,4,BULL,ETH,-5.696466128119465
449,124.0,228.0,632.0,-0.4537179728363517,-0.5534770266254699,-1.5737646763907573,-0.003659015909970578,-0.002427530818532763,-0.002490133981630945,0.45161290322580644,0.5,0.509493670886076,0.6499068299650859,0.7839972253877686,0.7967469765850479,-0.6588898211948339,-0.5554345572109333,-1.7239069135249803,RangeZ,12,BULL,ETH,-5.764451416723654
155,156.0,278.0,645.0,-0.22684960009182226,-0.44246661509395246,-2.656738442697177,-0.0014541641031527068,-0.001591606529114937,-0.004118974329763065,0.44871794871794873,0.5071942446043165,0.48372093023255813,0.8135347442039744,0.8379596418625876,0.6539037476183919,-0.6412942085445097,-0.6209162655285557,-2.7189032316542527,RSI,12,RANGE,ETH,-5.81032399851196
626,156.0,278.0,645.0,-0.22684960009182226,-0.44246661509395246,-2.656738442697177,-0.0014541641031527068,-0.001591606529114937,-0.004118974329763065,0.44871794871794873,0.5071942446043165,0.48372093023255813,0.8135347442039744,0.8379596418625876,0.6539037476183919,-0.6412942085445097,-0.6209162655285557,-2.7189032316542527,RSIRange,12,ALL,ETH,-5.81032399851196
635,156.0,278.0,645.0,-0.22684960009182226,-0.44246661509395246,-2.656738442697177,-0.0014541641031527068,-0.001591606529114937,-0.004118974329763065,0.44871794871794873,0.5071942446043165,0.48372093023255813,0.8135347442039744,0.8379596418625876,0.6539037476183919,-0.6412942085445097,-0.6209162655285557,-2.7189032316542527,RSIRange,12,RANGE,ETH,-5.81032399851196
114,203.0,312.0,661.0,-0.17465887013783485,-0.9082648845080856,-1.1704768046571048,-0.0008603885228464771,-0.002911105399064377,-0.0017707667241408545,0.4187192118226601,0.46153846153846156,0.4826021180030257,0.9481228319383157,0.8469512826084228,0.9293848160003626,-0.5801564988818574,-1.0806559416191654,-2.611878707394633,Pullback,48,BEAR,ALL,-5.816641423660823
534,203.0,312.0,661.0,-0.17465887013783485,-0.9082648845080856,-1.1704768046571048,-0.0008603885228464771,-0.002911105399064377,-0.0017707667241408545,0.4187192118226601,0.46153846153846156,0.4826021180030257,0.9481228319383157,0.8469512826084228,0.9293848160003626,-0.5801564988818574,-1.0806559416191654,-2.611878707394633,TrendPullback,48,BEAR,ALL,-5.816641423660823
146,386.0,689.0,1538.0,-0.3746506077847678,-1.2856113623588943,-5.619615005434034,-0.000970597429494217,-0.001865909089054999,-0.0036538459073043135,0.5025906735751295,0.4934687953555878,0.4720416124837451,0.898772965763572,0.8227184218488194,0.7178826006172706,-0.8404015103671996,-1.6755916884615647,-5.699700961773539,RSI,12,ALL,ETH,-5.845063062948221
558,143.0,208.0,376.0,-0.4158573916557198,-0.31992670659322964,-1.65681638526722,-0.0029080936479420963,-0.0015381091663136041,-0.004406426556561756,0.44755244755244755,0.46153846153846156,0.3962765957446808,0.7026428179677477,0.8572885810099293,0.7126124289220436,-0.5066124265480005,-0.5805691118747167,-1.8796799661299917,BreakVol,8,BEAR,ALL,-5.912743879256991
195,846.0,1795.0,4030.0,-1.3872697835685321,-4.91091722617578,-7.9027830889619,-0.0016397987985443641,-0.002735887034081214,-0.001960988359543896,0.46217494089834515,0.4551532033426184,0.48933002481389576,0.7804469396743585,0.6890480562697026,0.8244748342305391,-1.4180449516597218,-4.900877539457763,-8.111918355516396,VWAP,8,BULL,ALL,-5.919239537206082
675,846.0,1795.0,4030.0,-1.3872697835685321,-4.91091722617578,-7.9027830889619,-0.0016397987985443641,-0.002735887034081214,-0.001960988359543896,0.46217494089834515,0.4551532033426184,0.48933002481389576,0.7804469396743585,0.6890480562697026,0.8244748342305391,-1.4180449516597218,-4.900877539457763,-8.111918355516396,MeanRev,8,BULL,ALL,-5.919239537206082
104,90.0,150.0,322.0,-0.15747479764390812,-0.3102354741055223,-1.1068762744043172,-0.0017497199738212013,-0.0020682364940368156,-0.0034375039577773828,0.4444444444444444,0.47333333333333333,0.45652173913043476,0.8694530766652214,0.8440125626119448,0.7886069044998356,-0.33834576655303333,-0.4247897805685666,-1.3366494941271703,Pullback,24,BEAR,ETH,-5.941357478739233
524,90.0,150.0,322.0,-0.15747479764390812,-0.3102354741055223,-1.1068762744043172,-0.0017497199738212013,-0.0020682364940368156,-0.0034375039577773828,0.4444444444444444,0.47333333333333333,0.45652173913043476,0.8694530766652214,0.8440125626119448,0.7886069044998356,-0.33834576655303333,-0.4247897805685666,-1.3366494941271703,TrendPullback,24,BEAR,ETH,-5.941357478739233
31,245.0,393.0,846.0,-0.10621382123995154,-0.7653726183974785,-3.0566177778617396,-0.00043352580097939407,-0.001947513023912159,-0.0036130233780871626,0.4448979591836735,0.4071246819338422,0.38652482269503546,0.9514670028672916,0.8090736221205862,0.7305617851719612,-0.3990108659908633,-0.9276949184382162,-3.354609488358607,Breakout,12,BEAR,BTCETH,-5.968414018618933
36,666.0,1239.0,2567.0,-0.2080382855285986,-4.078603271482124,-2.9205029648013414,-0.00031236979809098886,-0.003291850905151028,-0.001137710543358528,0.47147147147147145,0.45682001614205003,0.44098169068952087,0.9753119582932774,0.7827249800303008,0.9395922573919969,-0.9739479903082416,-4.64075394113559,-5.437929846214344,Breakout,24,ALL,ALL,-5.999095116238287
208,414.0,891.0,2121.0,-0.7387145924993154,-2.059843083302694,-6.065255621268334,-0.0017843347644911,-0.0023118328656595894,-0.0028596207549591393,0.4758454106280193,0.4713804713804714,0.49646393210749645,0.7776408148223332,0.7376758788787369,0.7439125422552849,-0.8022065414369367,-2.048635270867029,-6.134857321784403,VWAP,12,BULL,BTCETH,-6.0016980651442955
688,414.0,891.0,2121.0,-0.7387145924993154,-2.059843083302694,-6.065255621268334,-0.0017843347644911,-0.0023118328656595894,-0.0028596207549591393,0.4758454106280193,0.4713804713804714,0.49646393210749645,0.7776408148223332,0.7376758788787369,0.7439125422552849,-0.8022065414369367,-2.048635270867029,-6.134857321784403,MeanRev,12,BULL,BTCETH,-6.0016980651442955
123,681.0,1360.0,2974.0,-1.0721331662283022,-3.1485103613379604,-8.271865286489868,-0.0015743511985731311,-0.0023150811480426177,-0.0027813938421284022,0.44933920704845814,0.45,0.47948890383322124,0.7141247725213835,0.6402856530391534,0.6928820341355463,-1.147840404026975,-3.128927973243261,-8.454723793768228,RSI,4,BULL,ALL,-6.078388451038938
441,410.0,737.0,1531.0,-0.010828712805327503,-1.6330116414131446,-4.84264160919926,-2.6411494647140253e-05,-0.0022157552800721094,-0.003163057876681424,0.48048780487804876,0.45725915875169604,0.4683213585891574,0.9958218874506476,0.7551548028789151,0.7118318047504192,-0.45380903514323895,-1.6263797915873723,-5.002986746241284,RangeZ,8,RANGE,ALL,-6.127581829196308
6,500.0,803.0,1597.0,-0.12989686366420017,-1.7182124334323416,-5.212701303971759,-0.00025979372732840033,-0.002139741511123713,-0.00326405842452834,0.426,0.40224159402241594,0.3725735754539762,0.9634200240975613,0.7229549315504099,0.6902506096144698,-0.3797606005443284,-1.834424520860285,-5.335977260334831,Breakout,4,BEAR,ALL,-6.130335905610886
443,138.0,256.0,554.0,-0.06877264918507897,-0.5215347825249391,-1.9997115844752948,-0.0004983525303266592,-0.0020372452442380434,-0.0036095876976088353,0.5,0.5078125,0.48194945848375453,0.9285103693968749,0.7759001296858851,0.6538139987805114,-0.4538090351432389,-0.7807365385286644,-2.0984100610772005,RangeZ,8,RANGE,ETH,-6.254364057618527
148,280.0,569.0,1310.0,-0.2978650675670238,-1.0586487461887517,-5.23307121549939,-0.0010638038127393707,-0.0018605426119310223,-0.003994710851526252,0.5071428571428571,0.4727592267135325,0.45267175572519086,0.8627531532890435,0.7857130574020724,0.6558219631120088,-0.6142214875818233,-1.1473327057849965,-5.321164466153416,RSI,12,BULL,BTCETH,-6.274261054874214
128,254.0,421.0,812.0,-0.31764760432985684,-1.1917676804457784,-1.7014950441559735,-0.001250581119408885,-0.002830802091320139,-0.002095437246497504,0.484251968503937,0.42992874109263657,0.5147783251231527,0.8218808734519882,0.6697472474412959,0.7518460741411449,-0.5745106103937333,-1.2393950719494513,-1.7762557591182553,RSI,4,BEAR,ETH,-6.335448107555341
403,54.0,88.0,195.0,-0.13657445290648787,-0.0937966054505168,-1.134740072016075,-0.0025291565353053307,-0.0010658705164831453,-0.005819179856492692,0.4444444444444444,0.4431818181818182,0.40512820512820513,0.7622223571300255,0.9162905220675069,0.6668291975434201,-0.2296181753724144,-0.3271440994473832,-1.2621975354191117,TrendCross,24,BEAR,BTCETH,-6.3678011698480566
453,382.0,693.0,1421.0,-0.5546514702334657,-1.6933005977557987,-4.3392975098713995,-0.0014519671995640465,-0.0024434352059968236,-0.0030536928289031664,0.47643979057591623,0.49783549783549785,0.47853624208304013,0.8212601887862444,0.7666059759578412,0.7644637550572545,-0.6133337138763978,-1.911501220716012,-4.566381955572715,RangeZ,12,RANGE,ALL,-6.4094935098817185
378,79.0,130.0,267.0,-0.1864528100205583,-0.21740597432595707,-1.204529547285829,-0.002360162152158966,-0.0016723536486612082,-0.004511346619048049,0.3924050632911392,0.4153846153846154,0.4419475655430712,0.6238241317878868,0.7875763080356337,0.6057540205810642,-0.2685969404187142,-0.29246442567101205,-1.380547266107106,TrendCross,8,BEAR,ALL,-6.462723587753767
285,433.0,784.0,1638.0,-1.3354481444566744,-2.703834336409029,-2.1366530007891056,-0.0030841758532486707,-0.0034487682862360067,-0.0013044279614097105,0.42494226327944573,0.44387755102040816,0.47802197802197804,0.7434000990259308,0.7711672904304795,0.9272823695908279,-1.5187622295977767,-2.9874655094818903,-3.208384822458196,Momentum,24,RANGE,ALL,-6.503514873860417
115,130.0,204.0,454.0,-0.315207109965952,-0.6494425002957613,-0.8812598808218515,-0.0024246700766611695,-0.0031835416681164773,-0.001941101059078968,0.43846153846153846,0.43137254901960786,0.45594713656387664,0.8439880304417565,0.8098096094403568,0.905889965772626,-0.5408713215666541,-0.8701258716521718,-1.6869120436920473,Pullback,48,BEAR,BTCETH,-6.592484820098939
535,130.0,204.0,454.0,-0.315207109965952,-0.6494425002957613,-0.8812598808218515,-0.0024246700766611695,-0.0031835416681164773,-0.001941101059078968,0.43846153846153846,0.43137254901960786,0.45594713656387664,0.8439880304417565,0.8098096094403568,0.905889965772626,-0.5408713215666541,-0.8701258716521718,-1.6869120436920473,TrendPullback,48,BEAR,BTCETH,-6.592484820098939
414,76.0,126.0,259.0,-0.16410599071147977,-0.19945026796724535,-1.3366536532268574,-0.002159289351466839,-0.0015829386346606774,-0.005160824915933812,0.42105263157894735,0.47619047619047616,0.46332046332046334,0.865136371864426,0.9103980866056649,0.8057572912124739,-0.36765967898040475,-0.6106430014046813,-2.2152816708742034,TrendCross,48,BEAR,ALL,-6.610546807437029
369,9.0,19.0,49.0,-0.010787535453200813,-0.07663848753548869,-0.0032050689484192747,-0.001198615050355646,-0.004033604607130983,-6.540957037590357e-05,0.4444444444444444,0.42105263157894735,0.4897959183673469,0.6467192076466307,0.5307851785297201,0.9903694365726716,-0.019044567767334635,-0.11093808476844748,-0.10809677853969893,TrendCross,4,RANGE,ALL,-6.611464169535479
366,79.0,130.0,268.0,-0.10623999654596432,-0.24927312497949938,-1.1190745896236558,-0.001344810082860308,-0.0019174855767653798,-0.004175651453819611,0.3291139240506329,0.38461538461538464,0.3843283582089552,0.6704604367806146,0.7278715165183137,0.5675959346652416,-0.1573587883798643,-0.27916018774854334,-1.2843659276147517,TrendCross,4,BEAR,ALL,-6.715155156166815
296,80.0,142.0,283.0,0.34692330887555567,-0.5409256439191676,-0.25757138666550783,0.0043365413609444455,-0.0038093355205575186,-0.0009101462426343033,0.525,0.49295774647887325,0.4840989399293286,1.246262173392453,0.8211453878006096,0.9617419323140319,-0.36149098917628686,-0.8273678350230322,-0.8270026996967232,Momentum,48,BEAR,ETH,-6.7459299636346985
478,149.0,280.0,618.0,-0.8710275671220087,-1.2345597863987665,0.1769147165981122,-0.0058458225981342865,-0.004409142094281309,0.00028626976795811037,0.44966442953020136,0.475,0.5048543689320388,0.6370479827089368,0.7645270429594556,1.0145509696965103,-1.0196063843942627,-1.6256180167816692,-1.2374036383215365,RangeZ,48,RANGE,BTCETH,-6.752936407948542
220,255.0,531.0,1244.0,-0.5838716759828315,-1.3146447136284527,-4.322888207102949,-0.0022896928469914963,-0.002475790421145862,-0.0034749905201792194,0.5137254901960784,0.4971751412429379,0.4879421221864952,0.7906981406976985,0.8002470051733555,0.7785102005975996,-0.7528253279630558,-1.4767103091732603,-4.599347225739141,VWAP,24,BULL,BTCETH,-6.847814156699988
700,255.0,531.0,1244.0,-0.5838716759828315,-1.3146447136284527,-4.322888207102949,-0.0022896928469914963,-0.002475790421145862,-0.0034749905201792194,0.5137254901960784,0.4971751412429379,0.4879421221864952,0.7906981406976985,0.8002470051733555,0.7785102005975996,-0.7528253279630558,-1.4767103091732603,-4.599347225739141,MeanRev,24,BULL,BTCETH,-6.847814156699988
102,281.0,441.0,949.0,-0.3207227871004383,-1.3520091552179208,-2.2781575427028287,-0.0011413622316741577,-0.003065780397319548,-0.002400587505482433,0.4412811387900356,0.4557823129251701,0.47102212855637515,0.9108649877619457,0.7987549667072004,0.8634456648561027,-0.6486662903785216,-1.5122145365773814,-3.0449655672854514,Pullback,24,BEAR,ALL,-6.8699476685582255
522,281.0,441.0,949.0,-0.3207227871004383,-1.3520091552179208,-2.2781575427028287,-0.0011413622316741577,-0.003065780397319548,-0.002400587505482433,0.4412811387900356,0.4557823129251701,0.47102212855637515,0.9108649877619457,0.7987549667072004,0.8634456648561027,-0.6486662903785216,-1.5122145365773814,-3.0449655672854514,TrendPullback,24,BEAR,ALL,-6.8699476685582255
140,192.0,310.0,614.0,-0.04577084222463888,-0.8748468039562551,-1.734044764159462,-0.00023838980325332752,-0.0028220864643750164,-0.002824177140324857,0.5052083333333334,0.4838709677419355,0.49185667752442996,0.9704443226506236,0.7338273709800134,0.7415362185921024,-0.44059123388391236,-0.935540743960197,-1.748425443074707,RSI,8,BEAR,ETH,-6.992986479502773
143,185.0,324.0,753.0,-0.10001984630689983,-0.9103114175742668,-2.093942775067959,-0.0005406478178751343,-0.002809603140661317,-0.002780800498098219,0.4702702702702703,0.47530864197530864,0.47941567065073043,0.9168077863551788,0.6884249438428347,0.7034053154271095,-0.5237190617966184,-1.0980613603734455,-2.132045131064417,RSI,8,RANGE,ETH,-7.008176520150909
614,185.0,324.0,753.0,-0.10001984630689983,-0.9103114175742668,-2.093942775067959,-0.0005406478178751343,-0.002809603140661317,-0.002780800498098219,0.4702702702702703,0.47530864197530864,0.47941567065073043,0.9168077863551788,0.6884249438428347,0.7034053154271095,-0.5237190617966184,-1.0980613603734455,-2.132045131064417,RSIRange,8,ALL,ETH,-7.008176520150909
623,185.0,324.0,753.0,-0.10001984630689983,-0.9103114175742668,-2.093942775067959,-0.0005406478178751343,-0.002809603140661317,-0.002780800498098219,0.4702702702702703,0.47530864197530864,0.47941567065073043,0.9168077863551788,0.6884249438428347,0.7034053154271095,-0.5237190617966184,-1.0980613603734455,-2.132045131064417,RSIRange,8,RANGE,ETH,-7.008176520150909
136,341.0,688.0,1586.0,-0.5267415506509711,-1.6355609248112746,-5.664974240644614,-0.0015446966294749885,-0.002377268786062899,-0.003571862699019303,0.49266862170087977,0.45348837209302323,0.4646910466582598,0.7686004964586458,0.6864538953192605,0.6306202637276387,-0.6407961404847148,-1.686066882805436,-5.68599771632469,RSI,8,BULL,BTCETH,-7.0093261120982016
321,102.0,173.0,316.0,-0.04384688950334403,-0.5382417503847121,-0.7132365762998962,-0.00042987146571905915,-0.0031112239906630756,-0.0022570777731009376,0.47058823529411764,0.41040462427745666,0.4462025316455696,0.911836415306049,0.6709352137392469,0.7885161090136199,-0.11090532269377883,-0.6540605647724673,-0.9558495183372792,VolExp,8,RANGE,ALL,-7.020074431674224
284,134.0,233.0,462.0,0.09849339722590039,-0.8386272325265719,-0.7980357633608239,0.0007350253524320925,-0.0035992585086977334,-0.0017273501371446406,0.4925373134328358,0.41630901287553645,0.4264069264069264,1.0567185444444929,0.7774832761729564,0.9014552680357315,-0.4761042618615965,-1.1305815400882229,-1.4424223073733606,Momentum,24,BEAR,ETH,-7.24692861033142
134,488.0,844.0,1929.0,-0.4544698148972222,-2.2419926316262804,-6.45408250760936,-0.0009312906042975865,-0.002656389373964787,-0.0033458177851785178,0.5,0.4727488151658768,0.47330222913426645,0.8768642779978892,0.7195060113982087,0.6808798467518811,-0.6791128562499492,-2.290153963881589,-6.498469357214846,RSI,8,ALL,ETH,-7.258210674958002
207,627.0,1347.0,2970.0,-1.3060278264537044,-3.5101930889379416,-10.878473893895986,-0.0020829789895593373,-0.002605933993272414,-0.0036627858228606013,0.48165869218500795,0.4647364513734224,0.4898989898989899,0.7662932744498638,0.7467148171432391,0.7408399500564941,-1.4059829418636969,-3.483562558283605,-10.914037461788396,VWAP,12,BULL,ALL,-7.387099042205698
687,627.0,1347.0,2970.0,-1.3060278264537044,-3.5101930889379416,-10.878473893895986,-0.0020829789895593373,-0.002605933993272414,-0.0036627858228606013,0.48165869218500795,0.4647364513734224,0.4898989898989899,0.7662932744498638,0.7467148171432391,0.7408399500564941,-1.4059829418636969,-3.483562558283605,-10.914037461788396,MeanRev,12,BULL,ALL,-7.387099042205698
283,264.0,413.0,912.0,0.12412746503309594,-1.4085303073637832,-2.0962914096457625,0.00047017979179203004,-0.003410485005723446,-0.0022985651421554413,0.48863636363636365,0.4188861985472155,0.42653508771929827,1.0418421977875632,0.7613030408986627,0.8603898776729682,-0.4761042618615967,-1.6736396052315756,-2.4323748213161016,Momentum,24,BEAR,BTCETH,-7.497842235030702
149,140.0,271.0,667.0,-0.24550944154148294,-0.6567646593162514,-2.743878518079949,-0.0017536388681534496,-0.002423485827735245,-0.004113760896671588,0.5214285714285715,0.4944649446494465,0.4572713643178411,0.8160270724373369,0.7664238118659156,0.6792572149629034,-0.4566771895309001,-0.7343610196695819,-2.8012294528226143,RSI,12,BULL,ETH,-7.515051525313257
282,413.0,656.0,1386.0,0.21573409537322716,-2.7321919659157525,-1.336013988175884,0.0005223585844388067,-0.004164926777310598,-0.0009639350564039567,0.5012106537530266,0.43597560975609756,0.44372294372294374,1.0413126485558943,0.7498019920953637,0.9476832200120107,-0.5612390120358188,-2.8299560405167137,-2.688482868442681,Momentum,24,BEAR,ALL,-7.5963033989177795
172,130.0,264.0,602.0,-0.6157311429394803,-0.6448926942851172,-2.6640329374549157,-0.004736393407226772,-0.0024427753571405956,-0.004425303882815475,0.46923076923076923,0.48484848484848486,0.4833887043189369,0.7135064691903108,0.8585811712463438,0.8033611107116918,-0.8140752047650447,-0.8902514330870309,-3.166312018720825,RSI,48,BULL,BTCETH,-7.648912315138629
116,65.0,107.0,222.0,-0.29809930436938736,-0.3942797532585878,-0.46747476826310336,-0.004586143144144421,-0.0036848575070896053,-0.0021057421993833487,0.46153846153846156,0.4205607476635514,0.4774774774774775,0.7514276190225082,0.810955002932933,0.9080844954320699,-0.5408713215666541,-0.7589815975813159,-1.1155070184843874,Pullback,48,BEAR,ETH,-7.756417715197558
536,65.0,107.0,222.0,-0.29809930436938736,-0.3942797532585878,-0.46747476826310336,-0.004586143144144421,-0.0036848575070896053,-0.0021057421993833487,0.46153846153846156,0.4205607476635514,0.4774774774774775,0.7514276190225082,0.810955002932933,0.9080844954320699,-0.5408713215666541,-0.7589815975813159,-1.1155070184843874,TrendPullback,48,BEAR,ETH,-7.756417715197558
405,9.0,16.0,44.0,0.06135093283084697,-0.10716169762906116,0.155861958350953,0.006816770314538552,-0.006697606101816323,0.003542317235248932,0.5555555555555556,0.5,0.5909090909090909,2.1705554296545624,0.647076613961496,1.237845325084622,-0.03761772922546652,-0.1486525096303932,-0.23388148324445426,TrendCross,24,RANGE,ALL,-7.967973029337595
219,384.0,791.0,1728.0,-1.4159067989868825,-2.3096507646642612,-6.475546306686308,-0.00368725728902834,-0.0029199124711305454,-0.003747422631184206,0.4791666666666667,0.47914032869785084,0.5011574074074074,0.7067730324227053,0.798574875197972,0.8093696409902973,-1.5465372854655777,-2.5520029349727977,-6.782902189329444,VWAP,24,BULL,ALL,-7.9793030572570265
699,384.0,791.0,1728.0,-1.4159067989868825,-2.3096507646642612,-6.475546306686308,-0.00368725728902834,-0.0029199124711305454,-0.003747422631184206,0.4791666666666667,0.47914032869785084,0.5011574074074074,0.7067730324227053,0.798574875197972,0.8093696409902973,-1.5465372854655777,-2.5520029349727977,-6.782902189329444,MeanRev,24,BULL,ALL,-7.9793030572570265
402,78.0,130.0,264.0,-0.2655123049702638,-0.19036726567961704,-1.7731827150911605,-0.003404003909875177,-0.0014643635821509002,-0.006716601193527123,0.46153846153846156,0.43846153846153846,0.42803030303030304,0.7408380936390209,0.8927119597465857,0.6575663471063018,-0.36687160243320927,-0.3271440994473832,-2.0810103974743037,TrendCross,24,BEAR,ALL,-8.095050050976035
18,422.0,693.0,1397.0,-0.8600718564925734,-2.068831260941716,-5.0739611601178645,-0.00203808496799188,-0.0029853264948653912,-0.003632040916333475,0.4312796208530806,0.4155844155844156,0.38797423049391555,0.7813102139921935,0.7292411716131688,0.7232078955848938,-0.9773573618224725,-2.129116409548502,-5.349652211817475,Breakout,8,BEAR,ALL,-8.150244838866195
471,182.0,375.0,822.0,-1.2349991809818044,0.07993716566004055,-8.486916070431366,-0.00678570978561431,0.00021316577509344147,-0.01032471541415008,0.44505494505494503,0.5146666666666667,0.4951338199513382,0.6286492450876512,1.010802825260113,0.6565590971578922,-1.3604901191019259,-1.417355762181213,-8.668728143519857,RangeZ,48,BULL,ALL,-8.231021941545192
354,83.0,120.0,252.0,-0.6917274498002722,-0.4134874053090831,-0.8004874303187042,-0.008334065660244245,-0.003445728377575693,-0.00317653742189962,0.4457831325301205,0.4583333333333333,0.4523809523809524,0.6637270955199941,0.8165652450796215,0.8886646997898011,-0.7150526868773333,-0.5434548977875903,-1.4297670613290847,VolExp,48,BEAR,ALL,-8.362764232181583
147,409.0,829.0,1800.0,-0.801922242368287,-2.368834380982379,-7.403908699975243,-0.001960690079140066,-0.0028574600494359215,-0.004113282611097357,0.4841075794621027,0.4692400482509047,0.4633333333333333,0.775757577320061,0.7218315597577769,0.7155198909916649,-0.9128617215905509,-2.3578645268020857,-7.521993571683881,RSI,12,BULL,ALL,-8.390851259219758
333,80.0,146.0,285.0,-0.11457913402051728,-0.6820041185368906,-0.2038805259701837,-0.001432239175256466,-0.004671261085869113,-0.000715370266562048,0.4875,0.4246575342465753,0.44912280701754387,0.7690810805389349,0.6303955288704287,0.9368481486647938,-0.14581546240689133,-0.7884605754677466,-0.46954995954952916,VolExp,12,RANGE,ALL,-8.490648760765053
209,216.0,435.0,1115.0,-0.30651790497082854,-1.5182282802797415,-3.2843263443357573,-0.0014190643748649469,-0.0034901799546660727,-0.0029455841653235493,0.49537037037037035,0.46436781609195404,0.49327354260089684,0.8451382811854287,0.6733371111860613,0.759026451085478,-0.511024586921077,-1.5066606051792573,-3.342709515333314,VWAP,12,BULL,ETH,-8.493580512384154
689,216.0,435.0,1115.0,-0.30651790497082854,-1.5182282802797415,-3.2843263443357573,-0.0014190643748649469,-0.0034901799546660727,-0.0029455841653235493,0.49537037037037035,0.46436781609195404,0.49327354260089684,0.8451382811854287,0.6733371111860613,0.759026451085478,-0.511024586921077,-1.5066606051792573,-3.342709515333314,MeanRev,12,BULL,ETH,-8.493580512384154
30,374.0,624.0,1271.0,-0.6419968604373562,-2.260761347684335,-3.7052923073175315,-0.0017165691455544281,-0.0036230149802633574,-0.0029152575195259887,0.4572192513368984,0.40865384615384615,0.4091266719118804,0.8436676646746052,0.7147181473128194,0.80640923513023,-1.0808987199511761,-2.3398963219238498,-4.0139435692975125,Breakout,12,BEAR,ALL,-8.640160097609654
479,74.0,144.0,304.0,-0.6483363746567432,-0.7933953946493213,0.18021033212348037,-0.008761302360226259,-0.005509690240620287,0.0005927971451430275,0.4189189189189189,0.4513888888888889,0.4967105263157895,0.5417928575134419,0.755174369806575,1.0267714866437696,-0.6636938796034179,-1.1752254098457515,-0.8989090158702268,RangeZ,48,RANGE,ETH,-8.644637479647203
137,173.0,326.0,811.0,-0.35724399138085716,-1.078492443054028,-2.73414832125825,-0.0020649941698315443,-0.0033082590277730916,-0.0033713296193073365,0.5144508670520231,0.4386503067484663,0.4623921085080148,0.7451999924664273,0.6382297431418272,0.6731383387665584,-0.4533477156434309,-1.132068076443052,-2.7722849167435726,RSI,8,BULL,ETH,-8.676479592945133
228,506.0,915.0,1948.0,-1.0450010869808575,-2.9165627602753705,-7.835184908488408,-0.0020652195394878607,-0.0031875002844539567,-0.004022168844193228,0.45849802371541504,0.4907103825136612,0.5046201232032854,0.876246881539172,0.8439989921890961,0.8459844319652976,-1.0438000585953566,-3.376894594979297,-9.350513353627818,VWAP,48,ALL,ALL,-8.70718598894675
708,506.0,915.0,1948.0,-1.0450010869808575,-2.9165627602753705,-7.835184908488408,-0.0020652195394878607,-0.0031875002844539567,-0.004022168844193228,0.45849802371541504,0.4907103825136612,0.5046201232032854,0.876246881539172,0.8439989921890961,0.8459844319652976,-1.0438000585953566,-3.376894594979297,-9.350513353627818,MeanRev,48,ALL,ALL,-8.70718598894675
584,37.0,56.0,99.0,-0.03958688097094584,-0.14208131048341105,-0.5425911757358068,-0.0010699157019174552,-0.0025371662586323404,-0.005480718946826332,0.5405405405405406,0.4642857142857143,0.3838383838383838,0.9281565341789184,0.8323076711425691,0.7844816128456173,-0.2471473645212191,-0.3663302741786025,-1.0720223914506222,BreakVol,24,BEAR,ETH,-8.938262180102825
135,500.0,996.0,2163.0,-0.9424013654952464,-3.0638780526973215,-8.97828121273483,-0.0018848027309904928,-0.0030761827838326522,-0.004150846607829325,0.484,0.4407630522088353,0.46879334257975036,0.7460468608452206,0.6495801908547517,0.6553663839207325,-0.958688593855144,-3.047468439612264,-8.999991430443108,RSI,8,BULL,ALL,-8.998265600719145
295,158.0,256.0,558.0,0.10477887744713393,-0.8882274495071771,-2.0937506608883565,0.0006631574521970503,-0.0034696384746374107,-0.0037522413277569114,0.4873417721518987,0.484375,0.44623655913978494,1.0425939666737303,0.8085068056367053,0.8354451456198844,-0.4940932878833574,-1.147096271311532,-2.818863735461494,Momentum,48,BEAR,BTCETH,-9.047566325775144
476,71.0,112.0,243.0,-0.777844474626649,-0.7938276639405121,0.8018582561578597,-0.010955555980657028,-0.007087746999468858,0.003299828214641398,0.4225352112676056,0.5178571428571429,0.5061728395061729,0.53038725404378,0.6726703963890498,1.1552718374535156,-0.8438092326477855,-1.0682479752363383,-0.7451082655953492,RangeZ,48,BEAR,ETH,-9.047723550453753
334,60.0,116.0,232.0,-0.008454257448987056,-0.5665283633512052,-0.1982332113142861,-0.00014090429081645094,-0.004883865201303492,-0.0008544534970443366,0.5166666666666667,0.4051724137931034,0.4396551724137931,0.973391740728987,0.5974270703935176,0.9033675198802501,-0.07443949170691985,-0.6481346100056391,-0.46954995954952916,VolExp,12,RANGE,BTCETH,-9.121389309377552
45,302.0,545.0,1051.0,-0.2964209969826605,-1.8752154604705527,-4.221593502766359,-0.0009815264800750348,-0.003440762312790005,-0.004016739774278172,0.4768211920529801,0.46605504587155966,0.44719314938154137,0.9038019315870519,0.7613452169507623,0.7958615393189955,-0.6977435920409282,-2.0698171828101652,-5.049953543257977,Breakout,24,RANGE,ALL,-9.341057643588424
390,79.0,130.0,267.0,-0.1824204542160945,-0.35608630857622936,-1.423984771016407,-0.0023091196736214495,-0.0027391254505863796,-0.0053332762959416,0.4177215189873418,0.4307692307692308,0.41947565543071164,0.6904472137543558,0.7086169813270954,0.612187855317992,-0.3121822328630624,-0.40552972524572944,-1.5803836301776943,TrendCross,12,BEAR,ALL,-9.490722360469272
583,77.0,109.0,212.0,-0.03120458095676926,-0.5085166309438865,-0.5649720648891672,-0.00040525429813986053,-0.004665290192145748,-0.0026649625702319206,0.4935064935064935,0.43119266055045874,0.38207547169811323,0.9657462833926383,0.6857493271776332,0.8692118546589626,-0.2471473645212191,-0.7033942676746142,-1.1588170707089966,BreakVol,24,BEAR,BTCETH,-10.44058177268682
343,68.0,105.0,212.0,-0.2752586598211977,-0.337432925140759,-1.2128490224510782,-0.004047921467958789,-0.0032136469061024666,-0.005720985954957916,0.4411764705882353,0.4380952380952381,0.3867924528301887,0.6965048440773413,0.7800814797115644,0.7336875699011117,-0.4318848856271803,-0.5123432324686314,-1.4022399505512135,VolExp,24,BEAR,BTCETH,-10.634510717550175
160,197.0,402.0,912.0,0.052402704042030596,-1.4393942166519573,-4.759347603887823,0.00026600357381741417,-0.003580582628487456,-0.005218582898999806,0.5431472081218274,0.47512437810945274,0.48026315789473684,1.0257618686399745,0.7183659247875219,0.6920059311313816,-0.33158618842107185,-1.623555022348316,-4.920725391857727,RSI,24,BULL,BTCETH,-10.969376300055815
323,31.0,53.0,114.0,0.12091189586244491,-0.2868217955781357,-0.19438960525320292,0.003900383737498223,-0.005411731992040296,-0.0017051719759052888,0.5806451612903226,0.41509433962264153,0.4298245614035088,2.517887140649918,0.5382351915094973,0.814815958662174,-0.02430015976600433,-0.3072915881287458,-0.3401149257988746,VolExp,8,RANGE,ETH,-11.17558480981421
54,210.0,311.0,666.0,0.13935451626321077,-1.0188176922022167,-4.262671164376233,0.000663592934586718,-0.003275941132483012,-0.006400407153718067,0.5238095238095238,0.45016077170418006,0.44294294294294295,1.0415432198137369,0.8442682974868521,0.7791973365716034,-0.36604710251365663,-1.294826347886275,-5.22957441106104,Breakout,48,BEAR,ALL,-11.328823784625637
342,98.0,143.0,281.0,-0.2699585658950636,-0.571886408248543,-1.398875569446156,-0.0027546792438271797,-0.003999205652087713,-0.004978204873473865,0.46938775510204084,0.44755244755244755,0.4092526690391459,0.7978224146982031,0.779084664695801,0.7985078075814859,-0.4318848856271803,-0.6970101125873096,-2.3541934767476063,VolExp,24,BEAR,ALL,-11.399023705372006
294,249.0,397.0,828.0,0.216192399838613,-1.8905494855090916,-2.965109651716064,0.0008682425696329839,-0.004762089384153883,-0.0035810503040049086,0.4979919678714859,0.4811083123425693,0.45652173913043476,1.051456636787864,0.7802477387544294,0.8693372099206331,-0.566234334531383,-2.284101987116898,-3.8859812551313815,Momentum,48,BEAR,ALL,-11.455644123637612
55,137.0,196.0,453.0,0.14861465584164993,-0.36800988804864976,-4.185749282655852,0.0010847785097930652,-0.0018776014696359681,-0.009240064641624397,0.5474452554744526,0.42857142857142855,0.41721854304635764,1.076678454872559,0.8850468275656075,0.6535253297566237,-0.3205998430599548,-0.6704472873525176,-4.74458788992927,Breakout,48,BEAR,BTCETH,-11.4566954235741
477,225.0,415.0,877.0,-1.3084644553526659,-2.40661680930831,-1.680652971994009,-0.005815397579345182,-0.005799076648935687,-0.0019163659885906602,0.4488888888888889,0.4674698795180723,0.4903078677309008,0.6638894268631399,0.7313395510445327,0.9229081851650418,-1.745634477997776,-2.72962004100339,-2.850346186616009,RangeZ,48,RANGE,ALL,-11.86027155025246
56,66.0,104.0,219.0,0.300813613812078,-0.034004738480752986,-2.8184277315025854,0.004557782027455728,-0.0003269686392380095,-0.01286953302055975,0.5909090909090909,0.4230769230769231,0.410958904109589,1.2988925041408719,0.9827172180950728,0.5986389456729865,-0.22145035861531318,-0.41964071876859077,-3.1979717275539867,Breakout,48,BEAR,ETH,-11.942114135267708
371,3.0,10.0,18.0,0.00358832269075006,-0.07602475984829635,0.006329436830183377,0.0011961075635833535,-0.0076024759848296345,0.00035163537945463204,0.6666666666666666,0.4,0.5,3.2967587724305636,0.2919222853006623,1.0799719154306853,0.0,-0.0981420795298646,-0.036139467071185025,TrendCross,4,RANGE,ETH,-13.481422389473291
159,287.0,583.0,1253.0,-0.29320647234996366,-2.784062873766021,-7.54501954143654,-0.0010216253391984796,-0.004775408016751323,-0.006021563879837622,0.5087108013937283,0.4665523156089194,0.48044692737430167,0.9157851760264838,0.6897377743153865,0.7143524994646342,-0.496693347453676,-2.8969844163594907,-7.614171233287603,RSI,24,BULL,ALL,-14.168289639560246
232,159.0,317.0,730.0,-0.46090909075658293,-1.5334558863111465,-4.829475042121615,-0.002898799312934484,-0.0048374002722749105,-0.0066157192357830345,0.46540880503144655,0.48264984227129337,0.4671232876712329,0.8183555743886547,0.7285127363769751,0.711458705984197,-0.8545292638157022,-1.7075890170717627,-5.369170482532918,VWAP,48,BULL,BTCETH,-14.850548337971684
712,159.0,317.0,730.0,-0.46090909075658293,-1.5334558863111465,-4.829475042121615,-0.002898799312934484,-0.0048374002722749105,-0.0066157192357830345,0.46540880503144655,0.48264984227129337,0.4671232876712329,0.8183555743886547,0.7285127363769751,0.711458705984197,-0.8545292638157022,-1.7075890170717627,-5.369170482532918,MeanRev,48,BULL,BTCETH,-14.850548337971684
221,129.0,252.0,649.0,-0.3508389095146212,-1.4477043734597395,-3.0830357130424395,-0.0027196814691055906,-0.005744858624840236,-0.004750440235812696,0.5193798449612403,0.46825396825396826,0.46070878274268107,0.7839122238701209,0.6437333859738311,0.7348421358146446,-0.5747253144808466,-1.4258195730791026,-3.235934987640838,VWAP,24,BULL,ETH,-14.86158196370469
701,129.0,252.0,649.0,-0.3508389095146212,-1.4477043734597395,-3.0830357130424395,-0.0027196814691055906,-0.005744858624840236,-0.004750440235812696,0.5193798449612403,0.46825396825396826,0.46070878274268107,0.7839122238701209,0.6437333859738311,0.7348421358146446,-0.5747253144808466,-1.4258195730791026,-3.235934987640838,MeanRev,24,BULL,ETH,-14.86158196370469
43,188.0,290.0,649.0,0.16379095763905177,-1.5529677430229563,-3.7980693865266653,0.0008712284980800626,-0.00535506118283778,-0.00585218703625064,0.48404255319148937,0.38620689655172413,0.38212634822804314,1.074333918330831,0.6310366830891254,0.6952849633374241,-0.3594129784978403,-1.6310108510179548,-4.18229033138823,Breakout,24,BEAR,BTCETH,-15.23598775549965
582,119.0,161.0,297.0,-0.26172799168842653,-0.8172269147553018,-1.9835557744927916,-0.0021993948881380383,-0.005075943569908707,-0.006678638971356201,0.47058823529411764,0.422360248447205,0.3771043771043771,0.8340684471596065,0.7276767775119128,0.730616816819826,-0.46845122493415087,-0.9120514981993881,-2.8144673664027726,BreakVol,24,BEAR,ALL,-15.372232516841876
171,193.0,385.0,825.0,-0.6040885793316475,-1.679939412720944,-6.764590228804741,-0.0031299926390240805,-0.004363478994080374,-0.00819950330764211,0.48186528497409326,0.4649350649350649,0.47878787878787876,0.8177276610867616,0.789832413123329,0.7218520811033454,-0.851632952339128,-1.8088951649571081,-6.87356415670559,RSI,48,BULL,ALL,-15.414776801576185
231,235.0,472.0,1015.0,-1.05317359324201,-2.1722885884479135,-9.042153424850177,-0.0044815897584766385,-0.0046023063314574435,-0.008908525541724312,0.43829787234042555,0.4661016949152542,0.4748768472906404,0.751930972487847,0.7717057576862252,0.6917590177555283,-1.571223284986206,-2.3020509095909283,-9.724078291411352,VWAP,48,BULL,ALL,-16.649673429197446
711,235.0,472.0,1015.0,-1.05317359324201,-2.1722885884479135,-9.042153424850177,-0.0044815897584766385,-0.0046023063314574435,-0.008908525541724312,0.43829787234042555,0.4661016949152542,0.4748768472906404,0.751930972487847,0.7717057576862252,0.6917590177555283,-1.571223284986206,-2.3020509095909283,-9.724078291411352,MeanRev,48,BULL,ALL,-16.649673429197446
42,294.0,458.0,967.0,0.13610999421073688,-2.6749438531991907,-6.2603191977754005,0.00046295916398209823,-0.005840488762443648,-0.006473959873604344,0.4965986394557823,0.4104803493449782,0.3826266804550155,1.0341877703120426,0.6672355410140463,0.7082144490120486,-0.4570278155328244,-2.853231510271043,-6.635711234409391,Breakout,24,BEAR,ALL,-16.779487408465545
418,8.0,13.0,31.0,-0.002570982011947255,-0.08274568831080198,-0.17691652988198192,-0.0003213727514934069,-0.006365052946984768,-0.005706984834902643,0.375,0.38461538461538464,0.41935483870967744,0.9779282018954448,0.6766258680406246,0.7194475924172676,-0.05249322385387377,-0.174676291412334,-0.24042553075279716,TrendCross,48,RANGE,BTCETH,-17.041017268414286
335,25.0,46.0,108.0,0.049332577655987184,-0.37422700793531777,-0.23791777792922586,0.0019733031062394873,-0.0081353697377243,-0.0022029423882335727,0.48,0.32608695652173914,0.4074074074074074,1.4612455965628222,0.48831040620576066,0.7892303995254082,-0.04613708338379799,-0.41474077917723334,-0.38364374100691434,VolExp,12,RANGE,ETH,-17.196141057951007
161,100.0,186.0,467.0,0.17977502052190977,-1.314918083826166,-2.2717350942265373,0.0017977502052190977,-0.007069452063581538,-0.004864529109692799,0.57,0.43010752688172044,0.49036402569593146,1.1532795801533555,0.566655837266488,0.7376385381422537,-0.2831527166625193,-1.4159642462701667,-2.459785960971261,RSI,24,BULL,ETH,-17.699138861447135
44,87.0,152.0,319.0,-0.035813287147995435,-0.962246338788191,-2.2781143086504465,-0.0004116469787125912,-0.0063305680183433615,-0.0071414241650484215,0.4942528735632184,0.375,0.3887147335423197,0.972976934836975,0.6204386408936682,0.6842945256182211,-0.3594129784978404,-1.0739886417653501,-2.557378846754114,Breakout,24,BEAR,ETH,-18.49782703522326
233,81.0,150.0,377.0,-0.5296821485902474,-0.8645114746237579,-3.633896523771889,-0.006539285785064783,-0.005763409830825053,-0.009638982821676098,0.4074074074074074,0.5,0.4350132625994695,0.6586704201508989,0.7364563360530119,0.6378722716093062,-0.6731009304253457,-1.5425104852171807,-3.8943116613529036,VWAP,48,BULL,ETH,-19.791473875663883
713,81.0,150.0,377.0,-0.5296821485902474,-0.8645114746237579,-3.633896523771889,-0.006539285785064783,-0.005763409830825053,-0.009638982821676098,0.4074074074074074,0.5,0.4350132625994695,0.6586704201508989,0.7364563360530119,0.6378722716093062,-0.6731009304253457,-1.5425104852171807,-3.8943116613529036,MeanRev,48,BULL,ETH,-19.791473875663883
417,9.0,16.0,43.0,0.005129925207691355,-0.2146700559741055,0.0034134906698562034,0.0005699916897434838,-0.013416878498381593,7.938350395014426e-05,0.4444444444444444,0.375,0.4418604651162791,1.0440402433581695,0.49315792031649375,1.0037310828695236,-0.05249322385387377,-0.22985831819013047,-0.24042553075279716,TrendCross,48,RANGE,ALL,-25.25748448962702
