time,symbol,family,side,regime,gross,cost,net
2022-01-25 00:00:00+00:00,BTCUSDT,VolatilityExpansion,1,range,0.013025431900428375,1.5,0.011225431900428375
2022-02-04 16:00:00+00:00,BTCUSDT,VolatilityExpansion,1,range,0.029879470417182752,1.5,0.028079470417182752
2022-02-25 00:00:00+00:00,BTCUSDT,VolatilityExpansion,1,range,0.029469800062807527,1.5,0.027669800062807528
2022-02-25 01:00:00+00:00,BTCUSDT,VolatilityExpansion,1,range,0.020558943853978384,1.5,0.018758943853978385
2022-03-16 06:00:00+00:00,BTCUSDT,VolatilityExpansion,1,range,0.008965855434112324,1.5,0.007165855434112325
2022-03-16 07:00:00+00:00,BTCUSDT,VolatilityExpansion,1,range,0.03304778202720371,1.5,0.03124778202720371
2022-03-16 08:00:00+00:00,BTCUSDT,VolatilityExpansion,1,range,0.023296681476333347,1.5,0.021496681476333348
2022-03-16 09:00:00+00:00,BTCUSDT,VolatilityExpansion,1,range,0.01472996302690377,1.5,0.01292996302690377
2022-03-16 10:00:00+00:00,BTCUSDT,VolatilityExpansion,1,range,0.014297414007048204,1.5,0.012497414007048204
2022-04-18 22:00:00+00:00,BTCUSDT,VolatilityExpansion,1,range,-0.00306327758477809,1.5,-0.00486327758477809
2022-04-18 23:00:00+00:00,BTCUSDT,VolatilityExpansion,1,range,-0.0030451849545305443,1.5,-0.004845184954530544
2022-04-19 00:00:00+00:00,BTCUSDT,VolatilityExpansion,1,range,0.00222711153423516,1.5,0.00042711153423516
2022-04-19 01:00:00+00:00,BTCUSDT,VolatilityExpansion,1,range,0.01690604208097013,1.5,0.01510604208097013
2022-04-19 02:00:00+00:00,BTCUSDT,VolatilityExpansion,1,range,0.023520223894202275,1.5,0.021720223894202275
2022-04-25 22:00:00+00:00,BTCUSDT,VolatilityExpansion,1,range,0.0009447085165099622,1.5,-0.0008552914834900377
2022-04-25 23:00:00+00:00,BTCUSDT,VolatilityExpansion,1,range,0.0010195243869242088,1.5,-0.0007804756130757912
2022-04-26 00:00:00+00:00,BTCUSDT,VolatilityExpansion,1,range,-0.006197847530976852,1.5,-0.007997847530976852
2022-04-26 01:00:00+00:00,BTCUSDT,VolatilityExpansion,1,range,-0.01633101880451704,1.5,-0.01813101880451704
2022-04-26 02:00:00+00:00,BTCUSDT,VolatilityExpansion,1,range,-0.030784608929585233,1.5,-0.032584608929585236
2022-05-02 04:00:00+00:00,BTCUSDT,VolatilityExpansion,1,range,-0.010402626842987539,1.5,-0.012202626842987539
2022-05-30 06:00:00+00:00,BTCUSDT,VolatilityExpansion,1,range,-0.0008830611919046216,1.5,-0.0026830611919046216
2022-05-30 07:00:00+00:00,BTCUSDT,VolatilityExpansion,1,range,0.00013387623957972217,1.5,-0.0016661237604202778
2022-06-06 01:00:00+00:00,BTCUSDT,VolatilityExpansion,1,range,0.01961248556713069,1.5,0.01781248556713069
2022-06-06 02:00:00+00:00,BTCUSDT,VolatilityExpansion,1,range,0.01883911210614353,1.5,0.01703911210614353
2022-06-06 03:00:00+00:00,BTCUSDT,VolatilityExpansion,1,range,0.009438130302545256,1.5,0.007638130302545256
2022-06-06 04:00:00+00:00,BTCUSDT,VolatilityExpansion,1,range,0.002877052462955554,1.5,0.0010770524629555539
2022-03-16 02:00:00+00:00,ETHUSDT,VolatilityExpansion,1,range,0.006964264478534821,1.5,0.00501426447853482
2022-03-16 03:00:00+00:00,ETHUSDT,VolatilityExpansion,1,range,0.03174633468583843,1.5,0.02979633468583843
2022-03-16 04:00:00+00:00,ETHUSDT,VolatilityExpansion,1,range,0.027685467421447063,1.5,0.025735467421447063
2022-03-16 05:00:00+00:00,ETHUSDT,VolatilityExpansion,1,range,0.029428558377489367,1.5,0.027478558377489366
2022-04-19 00:00:00+00:00,ETHUSDT,VolatilityExpansion,1,range,0.0004642920200625955,1.5,-0.0014857079799374044
2022-04-25 21:00:00+00:00,ETHUSDT,VolatilityExpansion,1,range,-0.004077980568056638,1.5,-0.006027980568056639
2022-04-25 22:00:00+00:00,ETHUSDT,VolatilityExpansion,1,range,-0.005092526418311705,1.5,-0.007042526418311705
2022-04-25 23:00:00+00:00,ETHUSDT,VolatilityExpansion,1,range,-0.001536864795816495,1.5,-0.003486864795816495
2022-04-26 00:00:00+00:00,ETHUSDT,VolatilityExpansion,1,range,-0.010729392687797601,1.5,-0.012679392687797601
2022-05-30 23:00:00+00:00,ETHUSDT,VolatilityExpansion,1,range,-0.009870512095381478,1.5,-0.011820512095381479
2022-05-31 00:00:00+00:00,ETHUSDT,VolatilityExpansion,1,range,-0.014274242120056235,1.5,-0.016224242120056236
2022-05-31 01:00:00+00:00,ETHUSDT,VolatilityExpansion,1,range,-0.021305623939627316,1.5,-0.023255623939627316
2022-06-06 01:00:00+00:00,ETHUSDT,VolatilityExpansion,1,range,0.022021135567112715,1.5,0.020071135567112715
2022-06-06 02:00:00+00:00,ETHUSDT,VolatilityExpansion,1,range,0.01443683482846203,1.5,0.01248683482846203
2022-06-06 03:00:00+00:00,ETHUSDT,VolatilityExpansion,1,range,0.004757642596085132,1.5,0.002807642596085132
2022-06-06 04:00:00+00:00,ETHUSDT,VolatilityExpansion,1,range,-0.01113115286180244,1.5,-0.01308115286180244
2022-06-06 05:00:00+00:00,ETHUSDT,VolatilityExpansion,1,range,-0.007251879819879514,1.5,-0.009201879819879515
2022-06-08 01:00:00+00:00,ETHUSDT,VolatilityExpansion,1,range,0.0015603538267128236,1.5,-0.0003896461732871763
2022-06-08 05:00:00+00:00,ETHUSDT,VolatilityExpansion,1,range,-0.005196999988954398,1.5,-0.007146999988954399
2022-06-08 06:00:00+00:00,ETHUSDT,VolatilityExpansion,1,range,-0.007793761667100552,1.5,-0.009743761667100552
2022-06-08 07:00:00+00:00,ETHUSDT,VolatilityExpansion,1,range,-0.008706295449133039,1.5,-0.01065629544913304
2022-02-01 03:00:00+00:00,SOLUSDT,VolatilityExpansion,1,range,0.016666666666666607,1.5,0.014266666666666608
2022-02-01 04:00:00+00:00,SOLUSDT,VolatilityExpansion,1,range,0.06452221488538812,1.5,0.06212221488538812
2022-06-06 11:00:00+00:00,SOLUSDT,VolatilityExpansion,1,range,-0.03574681238615662,1.5,-0.03814681238615662
2022-07-01 00:00:00+00:00,BTCUSDT,VolatilityExpansion,1,bear,-0.0499728917147223,1.5,-0.051772891714722304
2022-07-01 01:00:00+00:00,BTCUSDT,VolatilityExpansion,1,bear,-0.04757145516721051,1.5,-0.04937145516721051
2022-07-01 02:00:00+00:00,BTCUSDT,VolatilityExpansion,1,bear,-0.04397683873352232,1.5,-0.04577683873352232
2022-07-01 03:00:00+00:00,BTCUSDT,VolatilityExpansion,1,bear,-0.022367473606279664,1.5,-0.024167473606279664
2022-07-01 07:00:00+00:00,BTCUSDT,VolatilityExpansion,1,bear,-0.009506237829715714,1.5,-0.011306237829715713
2022-07-04 22:00:00+00:00,BTCUSDT,VolatilityExpansion,1,range,-0.020890293704628138,1.5,-0.022690293704628137
2022-07-04 23:00:00+00:00,BTCUSDT,VolatilityExpansion,1,range,-0.035201692845453714,1.5,-0.03700169284545372
2022-07-05 00:00:00+00:00,BTCUSDT,VolatilityExpansion,1,range,-0.04999975471077933,1.5,-0.051799754710779335
2022-07-08 14:00:00+00:00,BTCUSDT,VolatilityExpansion,1,bull,-0.008025741208917414,1.5,-0.009825741208917414
2022-07-13 16:00:00+00:00,BTCUSDT,VolatilityExpansion,1,bear,0.023230804515685044,1.5,0.021430804515685044
2022-07-13 17:00:00+00:00,BTCUSDT,VolatilityExpansion,1,bear,0.011652654299557863,1.5,0.009852654299557864
2022-07-13 18:00:00+00:00,BTCUSDT,VolatilityExpansion,1,bear,0.00918013944132734,1.5,0.00738013944132734
2022-07-13 19:00:00+00:00,BTCUSDT,VolatilityExpansion,1,bear,0.017134392482450744,1.5,0.015334392482450745
2022-07-13 20:00:00+00:00,BTCUSDT,VolatilityExpansion,1,bear,0.004969152599268556,1.5,0.003169152599268556
2022-07-13 21:00:00+00:00,BTCUSDT,VolatilityExpansion,1,bear,-0.005067474248291015,1.5,-0.006867474248291015
2022-07-13 22:00:00+00:00,BTCUSDT,VolatilityExpansion,1,bear,-0.003100767376902014,1.5,-0.004900767376902013
2022-07-13 23:00:00+00:00,BTCUSDT,VolatilityExpansion,1,bear,-0.02433716945020048,1.5,-0.02613716945020048
2022-07-14 00:00:00+00:00,BTCUSDT,VolatilityExpansion,1,bear,-0.025720620842572095,1.5,-0.027520620842572095
2022-07-14 01:00:00+00:00,BTCUSDT,VolatilityExpansion,1,range,-0.02530602578461516,1.5,-0.02710602578461516
2022-07-18 15:00:00+00:00,BTCUSDT,VolatilityExpansion,1,bull,-0.03421159410062791,1.5,-0.03601159410062791
2022-07-18 16:00:00+00:00,BTCUSDT,VolatilityExpansion,1,bull,-0.013863607691891877,1.5,-0.015663607691891877
2022-07-18 23:00:00+00:00,BTCUSDT,VolatilityExpansion,1,bull,-0.020331348808170113,1.5,-0.022131348808170113
2022-07-19 00:00:00+00:00,BTCUSDT,VolatilityExpansion,1,bull,-0.007610384145331439,1.5,-0.009410384145331439
2022-07-19 01:00:00+00:00,BTCUSDT,VolatilityExpansion,1,bull,0.01180781020441457,1.5,0.010007810204414571
2022-07-19 02:00:00+00:00,BTCUSDT,VolatilityExpansion,1,bull,0.023662104424650554,1.5,0.021862104424650555
2022-07-28 02:00:00+00:00,BTCUSDT,VolatilityExpansion,1,range,-0.006654751982677842,1.5,-0.008454751982677842
2022-07-28 03:00:00+00:00,BTCUSDT,VolatilityExpansion,1,range,0.026488748983862997,1.5,0.024688748983862998
2022-07-28 04:00:00+00:00,BTCUSDT,VolatilityExpansion,1,range,0.030356771194671728,1.5,0.02855677119467173
2022-07-28 05:00:00+00:00,BTCUSDT,VolatilityExpansion,1,range,0.032719915628161234,1.5,0.030919915628161234
2022-07-28 06:00:00+00:00,BTCUSDT,VolatilityExpansion,1,bull,0.02958620838831094,1.5,0.027786208388310942
2022-07-28 07:00:00+00:00,BTCUSDT,VolatilityExpansion,1,bull,0.038138625613098,1.5,0.036338625613097995
2022-07-28 15:00:00+00:00,BTCUSDT,VolatilityExpansion,1,bull,0.007009444215102301,1.5,0.005209444215102301
2022-08-08 08:00:00+00:00,BTCUSDT,VolatilityExpansion,1,bull,-0.002914545364090304,1.5,-0.004714545364090304
2022-08-08 09:00:00+00:00,BTCUSDT,VolatilityExpansion,1,bull,-0.010353101364085515,1.5,-0.012153101364085515
2022-08-08 10:00:00+00:00,BTCUSDT,VolatilityExpansion,1,bull,-0.010512270550678271,1.5,-0.01231227055067827
2022-08-08 11:00:00+00:00,BTCUSDT,VolatilityExpansion,1,bull,-0.014714464877751965,1.5,-0.016514464877751964
2022-08-08 12:00:00+00:00,BTCUSDT,VolatilityExpansion,1,bull,-0.013869654274507148,1.5,-0.015669654274507148
2022-08-08 13:00:00+00:00,BTCUSDT,VolatilityExpansion,1,bull,-0.01751276497943932,1.5,-0.01931276497943932
2022-08-08 14:00:00+00:00,BTCUSDT,VolatilityExpansion,1,bull,-0.014321044935022953,1.5,-0.016121044935022952
2022-08-08 15:00:00+00:00,BTCUSDT,VolatilityExpansion,1,bull,-0.006995514199476305,1.5,-0.008795514199476304
2022-08-08 16:00:00+00:00,BTCUSDT,VolatilityExpansion,1,bull,-0.0027115443268560524,1.5,-0.004511544326856052
2022-08-08 17:00:00+00:00,BTCUSDT,VolatilityExpansion,1,bull,-0.003986192330649452,1.5,-0.005786192330649451
2022-08-08 18:00:00+00:00,BTCUSDT,VolatilityExpansion,1,bull,-0.0027438629072399356,1.5,-0.004543862907239935
2022-08-08 19:00:00+00:00,BTCUSDT,VolatilityExpansion,1,bull,-0.002203278578864487,1.5,-0.004003278578864487
2022-08-10 21:00:00+00:00,BTCUSDT,VolatilityExpansion,1,bull,0.019980207693945706,1.5,0.018180207693945707
2022-08-10 22:00:00+00:00,BTCUSDT,VolatilityExpansion,1,bull,0.026764398608704276,1.5,0.024964398608704277
2022-08-10 23:00:00+00:00,BTCUSDT,VolatilityExpansion,1,bull,0.025324756693538175,1.5,0.023524756693538176
2022-08-11 00:00:00+00:00,BTCUSDT,VolatilityExpansion,1,bull,0.033691601224544065,1.5,0.03189160122454406
2022-08-11 01:00:00+00:00,BTCUSDT,VolatilityExpansion,1,bull,0.011625860170376257,1.5,0.009825860170376257
2022-09-09 10:00:00+00:00,BTCUSDT,VolatilityExpansion,1,range,0.012896090827969608,1.5,0.011096090827969609
2022-09-09 11:00:00+00:00,BTCUSDT,VolatilityExpansion,1,range,0.020079592197480345,1.5,0.018279592197480345
2022-09-09 12:00:00+00:00,BTCUSDT,VolatilityExpansion,1,bull,0.008542830429562054,1.5,0.006742830429562054
2022-09-09 13:00:00+00:00,BTCUSDT,VolatilityExpansion,1,bull,0.013481722765110504,1.5,0.011681722765110505
2022-09-09 14:00:00+00:00,BTCUSDT,VolatilityExpansion,1,bull,0.009586345857532264,1.5,0.007786345857532264
2022-09-09 15:00:00+00:00,BTCUSDT,VolatilityExpansion,1,bull,0.0016934402709505303,1.5,-0.00010655972904946966
2022-09-09 16:00:00+00:00,BTCUSDT,VolatilityExpansion,1,bull,0.007468856278536773,1.5,0.005668856278536773
2022-09-09 17:00:00+00:00,BTCUSDT,VolatilityExpansion,1,bull,0.013881171894864597,1.5,0.012081171894864597
2022-09-12 03:00:00+00:00,BTCUSDT,VolatilityExpansion,1,bull,0.021100086839236587,1.5,0.019300086839236587
2022-09-12 04:00:00+00:00,BTCUSDT,VolatilityExpansion,1,bull,0.02317235533401818,1.5,0.02137235533401818
2022-09-19 13:00:00+00:00,BTCUSDT,VolatilityExpansion,1,bear,0.018841839566815732,1.5,0.017041839566815733
2022-09-19 14:00:00+00:00,BTCUSDT,VolatilityExpansion,1,bear,0.008587538998932276,1.5,0.006787538998932276
2022-09-19 15:00:00+00:00,BTCUSDT,VolatilityExpansion,1,bear,0.014818232823486932,1.5,0.013018232823486933
2022-09-19 16:00:00+00:00,BTCUSDT,VolatilityExpansion,1,bear,0.006589056436700824,1.5,0.004789056436700825
2022-09-19 18:00:00+00:00,BTCUSDT,VolatilityExpansion,1,bear,0.01176114227221925,1.5,0.00996114227221925
2022-09-19 19:00:00+00:00,BTCUSDT,VolatilityExpansion,1,bear,-0.007936548626741202,1.5,-0.009736548626741202
2022-09-19 20:00:00+00:00,BTCUSDT,VolatilityExpansion,1,bear,-0.01101998974884677,1.5,-0.01281998974884677
2022-09-19 21:00:00+00:00,BTCUSDT,VolatilityExpansion,1,bear,-0.014725932608227632,1.5,-0.01652593260822763
2022-09-19 22:00:00+00:00,BTCUSDT,VolatilityExpansion,1,bear,-0.014942968690193625,1.5,-0.016742968690193625
2022-09-19 23:00:00+00:00,BTCUSDT,VolatilityExpansion,1,bear,-0.016335016335016328,1.5,-0.018135016335016328
2022-09-21 18:00:00+00:00,BTCUSDT,VolatilityExpansion,1,range,-0.04423895045217163,1.5,-0.046038950452171636
2022-09-22 07:00:00+00:00,BTCUSDT,VolatilityExpansion,1,bear,0.02010167091176207,1.5,0.01830167091176207
2022-09-26 12:00:00+00:00,BTCUSDT,VolatilityExpansion,1,bear,0.01313576417452178,1.5,0.01133576417452178
2022-09-26 13:00:00+00:00,BTCUSDT,VolatilityExpansion,1,bear,0.030134458075044224,1.5,0.028334458075044224
2022-09-26 14:00:00+00:00,BTCUSDT,VolatilityExpansion,1,range,0.049858599798223935,1.5,0.04805859979822393
2022-09-26 15:00:00+00:00,BTCUSDT,VolatilityExpansion,1,range,0.051722693914299844,1.5,0.04992269391429984
2022-09-26 16:00:00+00:00,BTCUSDT,VolatilityExpansion,1,range,0.05056382995454767,1.5,0.048763829954547665
2022-09-26 17:00:00+00:00,BTCUSDT,VolatilityExpansion,1,range,0.05733817694538357,1.5,0.055538176945383565
2022-09-26 18:00:00+00:00,BTCUSDT,VolatilityExpansion,1,range,0.05347244694510267,1.5,0.05167244694510267
2022-09-26 19:00:00+00:00,BTCUSDT,VolatilityExpansion,1,range,0.05123782626140505,1.5,0.04943782626140505
2022-10-13 15:00:00+00:00,BTCUSDT,VolatilityExpansion,1,bear,0.04531420700137745,1.5,0.043514207001377446
2022-10-13 16:00:00+00:00,BTCUSDT,VolatilityExpansion,1,bear,0.038065784300878036,1.5,0.03626578430087803
2022-10-13 17:00:00+00:00,BTCUSDT,VolatilityExpansion,1,bear,0.03380386135873459,1.5,0.032003861358734585
2022-10-13 18:00:00+00:00,BTCUSDT,VolatilityExpansion,1,bear,0.019279318268467627,1.5,0.017479318268467627
2022-10-13 19:00:00+00:00,BTCUSDT,VolatilityExpansion,1,bear,0.014064428823040265,1.5,0.012264428823040265
2022-10-13 20:00:00+00:00,BTCUSDT,VolatilityExpansion,1,bear,0.01219191163186828,1.5,0.01039191163186828
2022-10-13 21:00:00+00:00,BTCUSDT,VolatilityExpansion,1,bear,0.012876908716795699,1.5,0.011076908716795699
2022-10-13 22:00:00+00:00,BTCUSDT,VolatilityExpansion,1,bear,0.0132587069800012,1.5,0.0114587069800012
2022-10-13 23:00:00+00:00,BTCUSDT,VolatilityExpansion,1,range,0.011510219257025334,1.5,0.009710219257025334
2022-10-14 00:00:00+00:00,BTCUSDT,VolatilityExpansion,1,range,0.020295592912781046,1.5,0.018495592912781047
2022-10-14 01:00:00+00:00,BTCUSDT,VolatilityExpansion,1,range,-0.009902236817584176,1.5,-0.011702236817584175
2022-10-14 02:00:00+00:00,BTCUSDT,VolatilityExpansion,1,range,-0.018245578626031156,1.5,-0.020045578626031155
2022-10-14 03:00:00+00:00,BTCUSDT,VolatilityExpansion,1,range,-0.02288677282871021,1.5,-0.02468677282871021
2022-10-14 04:00:00+00:00,BTCUSDT,VolatilityExpansion,1,range,-0.025586127844796747,1.5,-0.027386127844796746
2022-10-17 02:00:00+00:00,BTCUSDT,VolatilityExpansion,1,range,0.014140203714799293,1.5,0.012340203714799294
2022-10-17 04:00:00+00:00,BTCUSDT,VolatilityExpansion,1,range,0.014651176100269003,1.5,0.012851176100269004
2022-10-17 05:00:00+00:00,BTCUSDT,VolatilityExpansion,1,range,0.01295175406721416,1.5,0.011151754067214161
2022-10-17 06:00:00+00:00,BTCUSDT,VolatilityExpansion,1,range,0.014503606400515734,1.5,0.012703606400515734
2022-10-17 07:00:00+00:00,BTCUSDT,VolatilityExpansion,1,range,0.012149338864402282,1.5,0.010349338864402282
2022-10-17 08:00:00+00:00,BTCUSDT,VolatilityExpansion,1,range,0.013973300088307106,1.5,0.012173300088307106
2022-10-17 09:00:00+00:00,BTCUSDT,VolatilityExpansion,1,range,0.009406189044738777,1.5,0.007606189044738778
2022-10-17 16:00:00+00:00,BTCUSDT,VolatilityExpansion,1,range,0.0036201786501759425,1.5,0.0018201786501759426
2022-10-17 17:00:00+00:00,BTCUSDT,VolatilityExpansion,1,range,0.0016245330108182188,1.5,-0.00017546698918178118
2022-10-17 18:00:00+00:00,BTCUSDT,VolatilityExpansion,1,bull,0.006438153234197941,1.5,0.004638153234197941
2022-10-17 19:00:00+00:00,BTCUSDT,VolatilityExpansion,1,bull,0.006993078645238349,1.5,0.005193078645238349
2022-10-23 21:00:00+00:00,BTCUSDT,VolatilityExpansion,1,bull,-0.008088833825660058,1.5,-0.009888833825660057
2022-10-23 22:00:00+00:00,BTCUSDT,VolatilityExpansion,1,bull,-0.009620048917233781,1.5,-0.01142004891723378
2022-10-23 23:00:00+00:00,BTCUSDT,VolatilityExpansion,1,bull,-0.0075662300747421085,1.5,-0.009366230074742108
2022-10-24 00:00:00+00:00,BTCUSDT,VolatilityExpansion,1,bull,-0.0074575610956207905,1.5,-0.00925756109562079
2022-10-24 01:00:00+00:00,BTCUSDT,VolatilityExpansion,1,bull,-0.0033287987468052505,1.5,-0.00512879874680525
2022-10-24 02:00:00+00:00,BTCUSDT,VolatilityExpansion,1,bull,-0.007291484164854478,1.5,-0.009091484164854478
2022-10-24 03:00:00+00:00,BTCUSDT,VolatilityExpansion,1,bull,-0.0047616591002888065,1.5,-0.006561659100288806
2022-10-24 09:00:00+00:00,BTCUSDT,VolatilityExpansion,1,bull,-0.0009187049357164412,1.5,-0.002718704935716441
2022-10-24 10:00:00+00:00,BTCUSDT,VolatilityExpansion,1,bull,-0.0024283607791376616,1.5,-0.004228360779137661
2022-10-24 11:00:00+00:00,BTCUSDT,VolatilityExpansion,1,bull,-0.004862846104314311,1.5,-0.006662846104314311
2022-10-24 12:00:00+00:00,BTCUSDT,VolatilityExpansion,1,bull,-0.003263636786144053,1.5,-0.0050636367861440525
2022-10-25 18:00:00+00:00,BTCUSDT,VolatilityExpansion,1,bull,-0.002630539926956832,1.5,-0.0044305399269568314
2022-10-25 19:00:00+00:00,BTCUSDT,VolatilityExpansion,1,bull,0.003305915615270383,1.5,0.0015059156152703829
2022-10-25 20:00:00+00:00,BTCUSDT,VolatilityExpansion,1,bull,0.023721506442021756,1.5,0.021921506442021756
2022-10-25 21:00:00+00:00,BTCUSDT,VolatilityExpansion,1,bull,0.0181210310787554,1.5,0.0163210310787554
2022-10-25 22:00:00+00:00,BTCUSDT,VolatilityExpansion,1,bull,0.030020146410547843,1.5,0.028220146410547844
2022-10-25 23:00:00+00:00,BTCUSDT,VolatilityExpansion,1,bull,0.026290218902448315,1.5,0.024490218902448315
2022-10-26 00:00:00+00:00,BTCUSDT,VolatilityExpansion,1,bull,0.01905206074828958,1.5,0.01725206074828958
2022-10-26 01:00:00+00:00,BTCUSDT,VolatilityExpansion,1,bull,0.015984411242501162,1.5,0.014184411242501162
2022-10-26 02:00:00+00:00,BTCUSDT,VolatilityExpansion,1,bull,0.03070312229268457,1.5,0.02890312229268457
2022-10-26 03:00:00+00:00,BTCUSDT,VolatilityExpansion,1,bull,0.029503028865633052,1.5,0.027703028865633052
2022-10-26 04:00:00+00:00,BTCUSDT,VolatilityExpansion,1,bull,0.027812857503677346,1.5,0.026012857503677347
2022-10-26 05:00:00+00:00,BTCUSDT,VolatilityExpansion,1,bull,0.031268427807592536,1.5,0.029468427807592536
2022-10-26 06:00:00+00:00,BTCUSDT,VolatilityExpansion,1,bull,0.023668024167808888,1.5,0.021868024167808888
2022-10-26 08:00:00+00:00,BTCUSDT,VolatilityExpansion,1,bull,0.003746587410691893,1.5,0.0019465874106918929
2022-10-26 09:00:00+00:00,BTCUSDT,VolatilityExpansion,1,bull,0.0069561500235595375,1.5,0.005156150023559538
2022-10-26 14:00:00+00:00,BTCUSDT,VolatilityExpansion,1,bull,-0.00706532180595576,1.5,-0.00886532180595576
2022-10-26 15:00:00+00:00,BTCUSDT,VolatilityExpansion,1,bull,-0.004381923246750685,1.5,-0.006181923246750685
2022-10-26 16:00:00+00:00,BTCUSDT,VolatilityExpansion,1,bull,0.0016960749356744742,1.5,-0.00010392506432552575
2022-10-26 17:00:00+00:00,BTCUSDT,VolatilityExpansion,1,bull,-0.0009466056738679507,1.5,-0.0027466056738679506
2022-10-26 18:00:00+00:00,BTCUSDT,VolatilityExpansion,1,bull,0.0010489679508871586,1.5,-0.0007510320491128414
2022-10-26 19:00:00+00:00,BTCUSDT,VolatilityExpansion,1,bull,-0.0024524801850202005,1.5,-0.0042524801850202
2022-10-26 20:00:00+00:00,BTCUSDT,VolatilityExpansion,1,bull,-0.0017409168507249717,1.5,-0.0035409168507249717
2022-10-26 21:00:00+00:00,BTCUSDT,VolatilityExpansion,1,bull,-0.006112150975435604,1.5,-0.007912150975435604
2022-11-03 04:00:00+00:00,BTCUSDT,VolatilityExpansion,1,range,-0.0030420231665543307,1.5,-0.00484202316655433
2022-11-03 05:00:00+00:00,BTCUSDT,VolatilityExpansion,1,range,-0.007276619563402642,1.5,-0.009076619563402642
2022-11-04 15:00:00+00:00,BTCUSDT,VolatilityExpansion,1,bull,0.02915618458702207,1.5,0.027356184587022072
2022-11-04 16:00:00+00:00,BTCUSDT,VolatilityExpansion,1,bull,0.027967786501331027,1.5,0.026167786501331027
2022-11-04 17:00:00+00:00,BTCUSDT,VolatilityExpansion,1,bull,0.02983234357766551,1.5,0.02803234357766551
2022-11-04 18:00:00+00:00,BTCUSDT,VolatilityExpansion,1,bull,0.021596167898026986,1.5,0.019796167898026986
2022-11-04 19:00:00+00:00,BTCUSDT,VolatilityExpansion,1,bull,0.013139184346737887,1.5,0.011339184346737887
2022-11-04 20:00:00+00:00,BTCUSDT,VolatilityExpansion,1,bull,0.007765372122314096,1.5,0.005965372122314096
2022-11-04 21:00:00+00:00,BTCUSDT,VolatilityExpansion,1,bull,0.005661277898805883,1.5,0.0038612778988058832
2022-11-04 22:00:00+00:00,BTCUSDT,VolatilityExpansion,1,bull,0.006969085608720116,1.5,0.005169085608720116
2022-11-04 23:00:00+00:00,BTCUSDT,VolatilityExpansion,1,bull,0.01220100673681035,1.5,0.01040100673681035
2022-11-05 00:00:00+00:00,BTCUSDT,VolatilityExpansion,1,bull,-0.005717219331202061,1.5,-0.007517219331202061
2022-11-05 01:00:00+00:00,BTCUSDT,VolatilityExpansion,1,bull,-0.0042197847488267826,1.5,-0.006019784748826782
2022-11-05 02:00:00+00:00,BTCUSDT,VolatilityExpansion,1,bull,-0.0046739247399867345,1.5,-0.006473924739986734
2022-11-08 16:00:00+00:00,BTCUSDT,VolatilityExpansion,1,bear,-0.10399591421822596,1.5,-0.10579591421822596
2022-11-14 06:00:00+00:00,BTCUSDT,VolatilityExpansion,1,bear,-0.0013952453406623766,1.5,-0.0031952453406623765
2022-11-14 07:00:00+00:00,BTCUSDT,VolatilityExpansion,1,bear,-0.033789128715108974,1.5,-0.03558912871510898
2022-11-14 08:00:00+00:00,BTCUSDT,VolatilityExpansion,1,bear,-0.029168457241082968,1.5,-0.030968457241082967
2022-11-14 09:00:00+00:00,BTCUSDT,VolatilityExpansion,1,bear,-0.020747730530339292,1.5,-0.022547730530339292
2022-11-14 10:00:00+00:00,BTCUSDT,VolatilityExpansion,1,bear,-0.022433126866694852,1.5,-0.024233126866694852
2022-11-14 11:00:00+00:00,BTCUSDT,VolatilityExpansion,1,bear,-0.00810589633771186,1.5,-0.00990589633771186
2022-11-14 12:00:00+00:00,BTCUSDT,VolatilityExpansion,1,bear,-0.015646930085400856,1.5,-0.017446930085400856
2022-11-14 13:00:00+00:00,BTCUSDT,VolatilityExpansion,1,bear,-0.0006819650163911728,1.5,-0.0024819650163911727
2022-11-14 14:00:00+00:00,BTCUSDT,VolatilityExpansion,1,bear,0.009212452777894953,1.5,0.007412452777894953
2022-11-14 15:00:00+00:00,BTCUSDT,VolatilityExpansion,1,bear,0.013640804216467961,1.5,0.011840804216467962
2022-11-14 17:00:00+00:00,BTCUSDT,VolatilityExpansion,1,range,0.004476999565574236,1.5,0.0026769995655742357
2022-11-14 18:00:00+00:00,BTCUSDT,VolatilityExpansion,1,range,0.008196425130083007,1.5,0.006396425130083008
2022-11-28 20:00:00+00:00,BTCUSDT,VolatilityExpansion,1,bear,0.014632675539802964,1.5,0.012832675539802964
2022-11-29 01:00:00+00:00,BTCUSDT,VolatilityExpansion,1,bear,0.010102875718005944,1.5,0.008302875718005944
2022-11-29 02:00:00+00:00,BTCUSDT,VolatilityExpansion,1,bear,0.0061331200787402285,1.5,0.004333120078740229
2022-11-29 04:00:00+00:00,BTCUSDT,VolatilityExpansion,1,bear,-0.001150839077380117,1.5,-0.002950839077380117
2022-11-29 05:00:00+00:00,BTCUSDT,VolatilityExpansion,1,bear,-0.006354350636345485,1.5,-0.008154350636345484
2022-12-05 02:00:00+00:00,BTCUSDT,VolatilityExpansion,1,bull,-0.0021293878735132443,1.5,-0.003929387873513244
2022-12-05 03:00:00+00:00,BTCUSDT,VolatilityExpansion,1,bull,-0.006765522015578673,1.5,-0.008565522015578673
2022-12-05 04:00:00+00:00,BTCUSDT,VolatilityExpansion,1,bull,-0.017888850455436422,1.5,-0.019688850455436422
2022-12-05 05:00:00+00:00,BTCUSDT,VolatilityExpansion,1,bull,-0.01629572352666242,1.5,-0.01809572352666242
2022-12-05 06:00:00+00:00,BTCUSDT,VolatilityExpansion,1,bull,-0.014971963697323565,1.5,-0.016771963697323564
2022-12-05 07:00:00+00:00,BTCUSDT,VolatilityExpansion,1,bull,-0.022203343793523955,1.5,-0.024003343793523955
2022-12-05 08:00:00+00:00,BTCUSDT,VolatilityExpansion,1,bull,-0.02412214972448301,1.5,-0.02592214972448301
2022-12-05 09:00:00+00:00,BTCUSDT,VolatilityExpansion,1,bull,-0.019052520194514977,1.5,-0.020852520194514976
2022-12-05 10:00:00+00:00,BTCUSDT,VolatilityExpansion,1,bull,-0.02033674785556061,1.5,-0.02213674785556061
2022-12-05 11:00:00+00:00,BTCUSDT,VolatilityExpansion,1,bull,-0.019876085122123244,1.5,-0.021676085122123243
2022-12-05 12:00:00+00:00,BTCUSDT,VolatilityExpansion,1,bull,-0.012286265937646812,1.5,-0.014086265937646811
2022-12-13 09:00:00+00:00,BTCUSDT,VolatilityExpansion,1,bull,0.01931075630927026,1.5,0.01751075630927026
2022-12-13 10:00:00+00:00,BTCUSDT,VolatilityExpansion,1,bull,0.022421498869722,1.5,0.020621498869722
2022-12-13 11:00:00+00:00,BTCUSDT,VolatilityExpansion,1,bull,0.01951034874318247,1.5,0.01771034874318247
2022-12-13 12:00:00+00:00,BTCUSDT,VolatilityExpansion,1,bull,0.023023747186624366,1.5,0.021223747186624366
2022-12-13 13:00:00+00:00,BTCUSDT,VolatilityExpansion,1,bull,-0.006398113534385019,1.5,-0.008198113534385019
2022-12-13 14:00:00+00:00,BTCUSDT,VolatilityExpansion,1,bull,-0.004135653925793403,1.5,-0.005935653925793403
2022-12-13 15:00:00+00:00,BTCUSDT,VolatilityExpansion,1,bull,0.0018535733400941723,1.5,5.3573340094172344e-05
2022-12-13 16:00:00+00:00,BTCUSDT,VolatilityExpansion,1,bull,0.0010251268735319563,1.5,-0.0007748731264680436
2022-12-13 17:00:00+00:00,BTCUSDT,VolatilityExpansion,1,bull,0.00836077746727959,1.5,0.00656077746727959
2022-12-13 18:00:00+00:00,BTCUSDT,VolatilityExpansion,1,bull,0.0041153424935926886,1.5,0.0023153424935926886
2022-12-13 19:00:00+00:00,BTCUSDT,VolatilityExpansion,1,bull,0.0037541219244101587,1.5,0.0019541219244101587
2022-12-13 20:00:00+00:00,BTCUSDT,VolatilityExpansion,1,bull,0.005234510581712648,1.5,0.003434510581712648
2022-12-13 21:00:00+00:00,BTCUSDT,VolatilityExpansion,1,bull,0.0026959487600886067,1.5,0.0008959487600886068
2022-12-13 22:00:00+00:00,BTCUSDT,VolatilityExpansion,1,bull,0.0029254571026722243,1.5,0.0011254571026722243
2022-12-13 23:00:00+00:00,BTCUSDT,VolatilityExpansion,1,bull,0.002626975153427802,1.5,0.0008269751534278019
2022-12-14 00:00:00+00:00,BTCUSDT,VolatilityExpansion,1,bull,0.005174600680218688,1.5,0.0033746006802186884
2022-12-14 01:00:00+00:00,BTCUSDT,VolatilityExpansion,1,bull,0.006101881741595205,1.5,0.004301881741595206
2022-12-14 02:00:00+00:00,BTCUSDT,VolatilityExpansion,1,bull,0.014650100308511993,1.5,0.012850100308511993
2022-12-20 02:00:00+00:00,BTCUSDT,VolatilityExpansion,1,bear,0.010805959432776735,1.5,0.009005959432776735
2022-12-20 03:00:00+00:00,BTCUSDT,VolatilityExpansion,1,bear,0.011544512169590737,1.5,0.009744512169590738
2022-12-20 04:00:00+00:00,BTCUSDT,VolatilityExpansion,1,bear,0.0024845682690246562,1.5,0.0006845682690246563
2022-12-20 05:00:00+00:00,BTCUSDT,VolatilityExpansion,1,bear,0.0017820000119195267,1.5,-1.7999988080473223e-05
2022-12-20 06:00:00+00:00,BTCUSDT,VolatilityExpansion,1,bear,-0.00010694742345829233,1.5,-0.0019069474234582923
2022-12-20 07:00:00+00:00,BTCUSDT,VolatilityExpansion,1,bear,0.005864421714435464,1.5,0.004064421714435464
2022-12-20 08:00:00+00:00,BTCUSDT,VolatilityExpansion,1,bear,0.002021727625718839,1.5,0.00022172762571883884
2022-12-20 09:00:00+00:00,BTCUSDT,VolatilityExpansion,1,bear,0.0037663550845792315,1.5,0.0019663550845792316
2022-12-20 10:00:00+00:00,BTCUSDT,VolatilityExpansion,1,range,0.005515900701861032,1.5,0.003715900701861032
2022-12-20 11:00:00+00:00,BTCUSDT,VolatilityExpansion,1,range,0.004879442077452278,1.5,0.0030794420774522785
2022-12-20 14:00:00+00:00,BTCUSDT,VolatilityExpansion,1,range,-0.003089927546526372,1.5,-0.0048899275465263715
2022-12-20 15:00:00+00:00,BTCUSDT,VolatilityExpansion,1,range,-0.004789838446436545,1.5,-0.006589838446436545
2022-12-25 23:00:00+00:00,BTCUSDT,VolatilityExpansion,1,bear,0.0017533953460726615,1.5,-4.66046539273385e-05
2022-12-26 00:00:00+00:00,BTCUSDT,VolatilityExpansion,1,bear,0.0016466336151039762,1.5,-0.00015336638489602374
2022-12-26 01:00:00+00:00,BTCUSDT,VolatilityExpansion,1,bear,-0.0009319941112218011,1.5,-0.002731994111221801
2022-12-26 02:00:00+00:00,BTCUSDT,VolatilityExpansion,1,bear,-0.00341207970997337,1.5,-0.00521207970997337
2022-12-26 03:00:00+00:00,BTCUSDT,VolatilityExpansion,1,range,-0.005092614524610406,1.5,-0.0068926145246104055
2022-12-26 04:00:00+00:00,BTCUSDT,VolatilityExpansion,1,range,-0.002264428320766232,1.5,-0.004064428320766231
2022-12-26 05:00:00+00:00,BTCUSDT,VolatilityExpansion,1,range,-0.000985537533543801,1.5,-0.002785537533543801
2022-07-01 00:00:00+00:00,ETHUSDT,VolatilityExpansion,1,bear,-0.04215899337071061,1.5,-0.04410899337071061
2022-07-01 01:00:00+00:00,ETHUSDT,VolatilityExpansion,1,bear,-0.032330477155136816,1.5,-0.03428047715513682
2022-07-04 21:00:00+00:00,ETHUSDT,VolatilityExpansion,1,range,-0.004556872768939124,1.5,-0.0065068727689391245
2022-07-04 22:00:00+00:00,ETHUSDT,VolatilityExpansion,1,range,-0.011819606538431282,1.5,-0.013769606538431282
2022-07-04 23:00:00+00:00,ETHUSDT,VolatilityExpansion,1,range,-0.03342809698929783,1.5,-0.03537809698929783
2022-07-05 00:00:00+00:00,ETHUSDT,VolatilityExpansion,1,range,-0.051542098642259226,1.5,-0.05349209864225923
2022-07-13 14:00:00+00:00,ETHUSDT,VolatilityExpansion,1,bear,0.04293407892514689,1.5,0.04098407892514689
2022-07-13 16:00:00+00:00,ETHUSDT,VolatilityExpansion,1,bear,0.030606156657281725,1.5,0.028656156657281724
2022-07-13 17:00:00+00:00,ETHUSDT,VolatilityExpansion,1,bear,0.010889939378422975,1.5,0.008939939378422974
2022-07-13 18:00:00+00:00,ETHUSDT,VolatilityExpansion,1,bear,0.010733944954128383,1.5,0.008783944954128382
2022-07-13 19:00:00+00:00,ETHUSDT,VolatilityExpansion,1,bear,0.019667255321126342,1.5,0.017717255321126342
2022-07-13 20:00:00+00:00,ETHUSDT,VolatilityExpansion,1,bear,0.007882945693197252,1.5,0.005932945693197252
2022-07-13 21:00:00+00:00,ETHUSDT,VolatilityExpansion,1,bear,-0.0011931312352578827,1.5,-0.0031431312352578826
2022-07-13 22:00:00+00:00,ETHUSDT,VolatilityExpansion,1,bear,0.0008013041916496988,1.5,-0.0011486958083503011
2022-07-13 23:00:00+00:00,ETHUSDT,VolatilityExpansion,1,bear,-0.029959252544472292,1.5,-0.03190925254447229
2022-07-14 00:00:00+00:00,ETHUSDT,VolatilityExpansion,1,bear,-0.024471285528265496,1.5,-0.026421285528265497
2022-07-14 01:00:00+00:00,ETHUSDT,VolatilityExpansion,1,range,-0.02599584857171089,1.5,-0.02794584857171089
2022-07-16 21:00:00+00:00,ETHUSDT,VolatilityExpansion,1,bull,0.008096594077367625,1.5,0.0061465940773676245
2022-07-16 22:00:00+00:00,ETHUSDT,VolatilityExpansion,1,bull,-0.0002873393846515304,1.5,-0.0022373393846515303
2022-07-16 23:00:00+00:00,ETHUSDT,VolatilityExpansion,1,bull,0.005422833448921915,1.5,0.0034728334489219155
2022-07-17 00:00:00+00:00,ETHUSDT,VolatilityExpansion,1,bull,-0.005885201872697587,1.5,-0.007835201872697588
2022-07-17 01:00:00+00:00,ETHUSDT,VolatilityExpansion,1,bull,3.73722802322618e-05,1.5,-0.0019126277197677381
2022-07-17 02:00:00+00:00,ETHUSDT,VolatilityExpansion,1,bull,0.005928706558817831,1.5,0.003978706558817831
2022-07-17 03:00:00+00:00,ETHUSDT,VolatilityExpansion,1,bull,-0.0012124438135794335,1.5,-0.0031624438135794334
2022-07-17 04:00:00+00:00,ETHUSDT,VolatilityExpansion,1,bull,-0.004810788007075573,1.5,-0.006760788007075573
2022-08-10 21:00:00+00:00,ETHUSDT,VolatilityExpansion,1,bull,0.010704301075268763,1.5,0.008754301075268762
2022-08-10 22:00:00+00:00,ETHUSDT,VolatilityExpansion,1,bull,0.01866557112971834,1.5,0.01671557112971834
2022-08-10 23:00:00+00:00,ETHUSDT,VolatilityExpansion,1,bull,0.026726021853500592,1.5,0.024776021853500592
2022-08-11 00:00:00+00:00,ETHUSDT,VolatilityExpansion,1,bull,0.026956693312286895,1.5,0.025006693312286894
2022-08-11 01:00:00+00:00,ETHUSDT,VolatilityExpansion,1,bull,0.0025498426023085052,1.5,0.0005998426023085053
2022-08-30 20:00:00+00:00,ETHUSDT,VolatilityExpansion,1,range,0.012048657050005795,1.5,0.010098657050005795
2022-08-30 22:00:00+00:00,ETHUSDT,VolatilityExpansion,1,range,0.0332301835978972,1.5,0.0312801835978972
2022-08-31 00:00:00+00:00,ETHUSDT,VolatilityExpansion,1,range,0.025695545160500544,1.5,0.023745545160500543
2022-08-31 01:00:00+00:00,ETHUSDT,VolatilityExpansion,1,range,0.004594432331658682,1.5,0.0026444323316586822
2022-08-31 02:00:00+00:00,ETHUSDT,VolatilityExpansion,1,range,-0.015556840609953881,1.5,-0.017506840609953882
2022-08-31 03:00:00+00:00,ETHUSDT,VolatilityExpansion,1,range,-0.028876752252785187,1.5,-0.030826752252785188
2022-09-06 00:00:00+00:00,ETHUSDT,VolatilityExpansion,1,bull,0.0012277101400430812,1.5,-0.0007222898599569187
2022-09-06 01:00:00+00:00,ETHUSDT,VolatilityExpansion,1,bull,0.006083422825343909,1.5,0.004133422825343909
2022-09-06 02:00:00+00:00,ETHUSDT,VolatilityExpansion,1,bull,0.01351195077267664,1.5,0.01156195077267664
2022-09-06 03:00:00+00:00,ETHUSDT,VolatilityExpansion,1,bull,0.01787250135721208,1.5,0.015922501357212078
2022-09-06 04:00:00+00:00,ETHUSDT,VolatilityExpansion,1,bull,0.013354808402120666,1.5,0.011404808402120666
2022-09-06 05:00:00+00:00,ETHUSDT,VolatilityExpansion,1,bull,-0.038642104689269985,1.5,-0.040592104689269985
2022-09-06 06:00:00+00:00,ETHUSDT,VolatilityExpansion,1,bull,-0.05589416858324969,1.5,-0.05784416858324969
2022-09-06 07:00:00+00:00,ETHUSDT,VolatilityExpansion,1,bull,-0.049617330784215596,1.5,-0.0515673307842156
2022-09-06 08:00:00+00:00,ETHUSDT,VolatilityExpansion,1,bull,-0.050107231036326416,1.5,-0.052057231036326417
2022-09-06 09:00:00+00:00,ETHUSDT,VolatilityExpansion,1,bull,-0.04453280078193356,1.5,-0.04648280078193356
2022-09-06 10:00:00+00:00,ETHUSDT,VolatilityExpansion,1,bull,-0.050992608808087536,1.5,-0.052942608808087536
2022-09-06 11:00:00+00:00,ETHUSDT,VolatilityExpansion,1,bull,-0.06533305341450979,1.5,-0.06728305341450978
2022-09-06 12:00:00+00:00,ETHUSDT,VolatilityExpansion,1,bull,-0.07629517873135905,1.5,-0.07824517873135904
2022-09-06 13:00:00+00:00,ETHUSDT,VolatilityExpansion,1,bull,-0.07431239955120239,1.5,-0.07626239955120238
2022-09-12 07:00:00+00:00,ETHUSDT,VolatilityExpansion,1,bull,-0.01838507336953421,1.5,-0.02033507336953421
2022-09-12 08:00:00+00:00,ETHUSDT,VolatilityExpansion,1,bull,-0.017132062981161544,1.5,-0.019082062981161545
2022-09-12 09:00:00+00:00,ETHUSDT,VolatilityExpansion,1,bull,-0.01972240007317294,1.5,-0.02167240007317294
2022-10-13 16:00:00+00:00,ETHUSDT,VolatilityExpansion,1,bear,0.04924838487755134,1.5,0.04729838487755134
2022-10-13 17:00:00+00:00,ETHUSDT,VolatilityExpansion,1,bear,0.04045199513477482,1.5,0.03850199513477482
2022-10-13 18:00:00+00:00,ETHUSDT,VolatilityExpansion,1,bear,0.031239058548920617,1.5,0.029289058548920617
2022-10-13 19:00:00+00:00,ETHUSDT,VolatilityExpansion,1,bear,0.027068627755838293,1.5,0.025118627755838292
2022-10-13 20:00:00+00:00,ETHUSDT,VolatilityExpansion,1,bear,0.021798807599811454,1.5,0.019848807599811454
2022-10-13 21:00:00+00:00,ETHUSDT,VolatilityExpansion,1,bear,0.025397732979964616,1.5,0.023447732979964615
2022-10-13 22:00:00+00:00,ETHUSDT,VolatilityExpansion,1,bear,0.029329576505376043,1.5,0.027379576505376042
2022-10-13 23:00:00+00:00,ETHUSDT,VolatilityExpansion,1,bear,0.030457563084002937,1.5,0.028507563084002936
2022-10-14 00:00:00+00:00,ETHUSDT,VolatilityExpansion,1,bear,0.03772809405268762,1.5,0.03577809405268762
2022-10-14 01:00:00+00:00,ETHUSDT,VolatilityExpansion,1,range,0.0014000436572754182,1.5,-0.0005499563427245817
2022-10-23 22:00:00+00:00,ETHUSDT,VolatilityExpansion,1,bull,-0.01131218404278711,1.5,-0.01326218404278711
2022-10-23 23:00:00+00:00,ETHUSDT,VolatilityExpansion,1,bull,-0.008023880947316764,1.5,-0.009973880947316764
2022-10-24 00:00:00+00:00,ETHUSDT,VolatilityExpansion,1,bull,-0.008418622433974288,1.5,-0.010368622433974288
2022-10-24 01:00:00+00:00,ETHUSDT,VolatilityExpansion,1,bull,-0.004962119533915232,1.5,-0.006912119533915233
2022-10-24 02:00:00+00:00,ETHUSDT,VolatilityExpansion,1,bull,-0.013551999881641907,1.5,-0.015501999881641908
2022-10-24 03:00:00+00:00,ETHUSDT,VolatilityExpansion,1,bull,-0.004979407072093878,1.5,-0.006929407072093878
2022-10-24 04:00:00+00:00,ETHUSDT,VolatilityExpansion,1,bull,-0.009412463348550726,1.5,-0.011362463348550726
2022-10-24 05:00:00+00:00,ETHUSDT,VolatilityExpansion,1,bull,-0.006324399219320376,1.5,-0.008274399219320376
2022-10-24 06:00:00+00:00,ETHUSDT,VolatilityExpansion,1,bull,0.002189639195288917,1.5,0.00023963919528891724
2022-10-24 08:00:00+00:00,ETHUSDT,VolatilityExpansion,1,bull,0.009488701790067111,1.5,0.007538701790067111
2022-10-24 09:00:00+00:00,ETHUSDT,VolatilityExpansion,1,bull,0.0024611129286500333,1.5,0.0005111129286500334
2022-10-24 10:00:00+00:00,ETHUSDT,VolatilityExpansion,1,bull,-0.0027862997050671634,1.5,-0.004736299705067164
2022-10-24 11:00:00+00:00,ETHUSDT,VolatilityExpansion,1,bull,-0.007231053604436211,1.5,-0.009181053604436211
2022-10-25 17:00:00+00:00,ETHUSDT,VolatilityExpansion,1,bull,0.0014444234455575078,1.5,-0.0005055765544424921
2022-10-25 18:00:00+00:00,ETHUSDT,VolatilityExpansion,1,bull,0.0017399567687665929,1.5,-0.00021004323123340702
2022-10-25 19:00:00+00:00,ETHUSDT,VolatilityExpansion,1,bull,0.014594971131562273,1.5,0.012644971131562273
2022-10-25 20:00:00+00:00,ETHUSDT,VolatilityExpansion,1,bull,0.042576152467828754,1.5,0.040626152467828754
2022-10-25 21:00:00+00:00,ETHUSDT,VolatilityExpansion,1,bull,0.032723149198120804,1.5,0.030773149198120804
2022-10-25 22:00:00+00:00,ETHUSDT,VolatilityExpansion,1,bull,0.05497227711901642,1.5,0.05302227711901642
2022-10-25 23:00:00+00:00,ETHUSDT,VolatilityExpansion,1,bull,0.047245389565443885,1.5,0.045295389565443885
2022-10-26 00:00:00+00:00,ETHUSDT,VolatilityExpansion,1,bull,0.03562012448696672,1.5,0.03367012448696672
2022-10-26 01:00:00+00:00,ETHUSDT,VolatilityExpansion,1,bull,0.032847035928345925,1.5,0.030897035928345924
2022-10-26 02:00:00+00:00,ETHUSDT,VolatilityExpansion,1,bull,0.06016916052741439,1.5,0.05821916052741439
2022-10-26 03:00:00+00:00,ETHUSDT,VolatilityExpansion,1,bull,0.054475100942126486,1.5,0.052525100942126486
2022-10-26 04:00:00+00:00,ETHUSDT,VolatilityExpansion,1,bull,0.04545761749638433,1.5,0.04350761749638433
2022-10-26 05:00:00+00:00,ETHUSDT,VolatilityExpansion,1,bull,0.05228819842286181,1.5,0.05033819842286181
2022-10-26 06:00:00+00:00,ETHUSDT,VolatilityExpansion,1,bull,0.037564299552408364,1.5,0.035614299552408364
2022-10-26 07:00:00+00:00,ETHUSDT,VolatilityExpansion,1,bull,0.03250765818104995,1.5,0.030557658181049947
2022-10-26 08:00:00+00:00,ETHUSDT,VolatilityExpansion,1,bull,0.010656719527120329,1.5,0.008706719527120328
2022-11-03 03:00:00+00:00,ETHUSDT,VolatilityExpansion,1,range,-0.00297445845457478,1.5,-0.00492445845457478
2022-11-03 04:00:00+00:00,ETHUSDT,VolatilityExpansion,1,range,-0.004141840316918444,1.5,-0.006091840316918444
2022-11-03 05:00:00+00:00,ETHUSDT,VolatilityExpansion,1,range,-0.007060188916470533,1.5,-0.009010188916470534
2022-11-08 16:00:00+00:00,ETHUSDT,VolatilityExpansion,1,bear,-0.1566243229426192,1.5,-0.1585743229426192
2022-11-14 09:00:00+00:00,ETHUSDT,VolatilityExpansion,1,bear,-0.0236793736423746,1.5,-0.025629373642374602
2022-11-14 13:00:00+00:00,ETHUSDT,VolatilityExpansion,1,bear,-0.0004609796612595751,1.5,-0.002410979661259575
2022-11-14 14:00:00+00:00,ETHUSDT,VolatilityExpansion,1,bear,0.006002813569076393,1.5,0.0040528135690763925
2022-12-13 13:00:00+00:00,ETHUSDT,VolatilityExpansion,1,bull,-0.012200409670618972,1.5,-0.014150409670618973
2022-12-13 14:00:00+00:00,ETHUSDT,VolatilityExpansion,1,bull,-0.009403729971105834,1.5,-0.011353729971105835
2022-12-13 15:00:00+00:00,ETHUSDT,VolatilityExpansion,1,bull,-0.0029758308157099567,1.5,-0.004925830815709957
2022-12-13 16:00:00+00:00,ETHUSDT,VolatilityExpansion,1,bull,-0.0017704069666270028,1.5,-0.0037204069666270027
2022-12-13 17:00:00+00:00,ETHUSDT,VolatilityExpansion,1,bull,0.009936862703132432,1.5,0.007986862703132432
2022-12-13 18:00:00+00:00,ETHUSDT,VolatilityExpansion,1,bull,0.004694086817819354,1.5,0.002744086817819354
2022-12-13 19:00:00+00:00,ETHUSDT,VolatilityExpansion,1,bull,0.004807144647210215,1.5,0.0028571446472102154
2022-12-13 20:00:00+00:00,ETHUSDT,VolatilityExpansion,1,bull,0.004565621326457103,1.5,0.0026156213264571034
2022-12-13 21:00:00+00:00,ETHUSDT,VolatilityExpansion,1,bull,0.0015224735271393008,1.5,-0.00042752647286069907
2022-12-13 22:00:00+00:00,ETHUSDT,VolatilityExpansion,1,bull,0.002650591460551688,1.5,0.0007005914605516879
2022-12-13 23:00:00+00:00,ETHUSDT,VolatilityExpansion,1,bull,0.004503993035842813,1.5,0.0025539930358428127
2022-12-14 00:00:00+00:00,ETHUSDT,VolatilityExpansion,1,bull,0.005575464936436569,1.5,0.0036254649364365695
2022-12-14 01:00:00+00:00,ETHUSDT,VolatilityExpansion,1,bull,0.005365765056684957,1.5,0.003415765056684957
2022-12-20 01:00:00+00:00,ETHUSDT,VolatilityExpansion,1,bear,0.02094143653867242,1.5,0.01899143653867242
2022-12-20 02:00:00+00:00,ETHUSDT,VolatilityExpansion,1,bear,0.021243227830054057,1.5,0.019293227830054056
2022-12-20 03:00:00+00:00,ETHUSDT,VolatilityExpansion,1,bear,0.020631790913286263,1.5,0.018681790913286263
2022-12-20 04:00:00+00:00,ETHUSDT,VolatilityExpansion,1,bear,0.002450310841797698,1.5,0.0005003108417976983
2022-12-20 05:00:00+00:00,ETHUSDT,VolatilityExpansion,1,bear,0.0033029801324502284,1.5,0.0013529801324502285
2022-12-20 06:00:00+00:00,ETHUSDT,VolatilityExpansion,1,range,0.001410437235542794,1.5,-0.0005395627644572058
2022-12-20 07:00:00+00:00,ETHUSDT,VolatilityExpansion,1,range,0.006813083106368634,1.5,0.004863083106368633
2022-12-20 08:00:00+00:00,ETHUSDT,VolatilityExpansion,1,range,0.0013133657682362632,1.5,-0.0006366342317637367
2022-12-20 09:00:00+00:00,ETHUSDT,VolatilityExpansion,1,range,0.004362482649216792,1.5,0.0024124826492167924
2022-12-20 11:00:00+00:00,ETHUSDT,VolatilityExpansion,1,range,0.0036226502285818807,1.5,0.0016726502285818808
2022-12-22 20:00:00+00:00,ETHUSDT,VolatilityExpansion,1,bear,0.0008957922419461362,1.5,-0.0010542077580538638
2022-12-22 21:00:00+00:00,ETHUSDT,VolatilityExpansion,1,bear,0.0034003803815343403,1.5,0.0014503803815343404
2022-12-22 22:00:00+00:00,ETHUSDT,VolatilityExpansion,1,bear,0.006805408118761402,1.5,0.004855408118761402
2022-12-23 02:00:00+00:00,ETHUSDT,VolatilityExpansion,1,bear,-0.007671380603416433,1.5,-0.009621380603416434
2022-12-23 03:00:00+00:00,ETHUSDT,VolatilityExpansion,1,range,-0.00405420869366202,1.5,-0.006004208693662021
2022-12-25 21:00:00+00:00,ETHUSDT,VolatilityExpansion,1,bear,0.00036115899203803536,1.5,-0.0015888410079619645
2022-12-25 22:00:00+00:00,ETHUSDT,VolatilityExpansion,1,bear,0.001043652619814539,1.5,-0.0009063473801854609
2022-12-25 23:00:00+00:00,ETHUSDT,VolatilityExpansion,1,bear,0.0016338661871804216,1.5,-0.00031613381281957826
2022-12-26 00:00:00+00:00,ETHUSDT,VolatilityExpansion,1,bear,0.0008292554763702498,1.5,-0.0011207445236297501
2022-12-26 01:00:00+00:00,ETHUSDT,VolatilityExpansion,1,bear,-0.0045783645655878,1.5,-0.006528364565587801
2022-12-26 02:00:00+00:00,ETHUSDT,VolatilityExpansion,1,bear,-0.0041424478100695605,1.5,-0.006092447810069561
2022-12-26 03:00:00+00:00,ETHUSDT,VolatilityExpansion,1,bear,-0.004793156846840119,1.5,-0.006743156846840119
2022-12-26 04:00:00+00:00,ETHUSDT,VolatilityExpansion,1,bear,-0.0029599383414505853,1.5,-0.004909938341450586
2022-12-26 05:00:00+00:00,ETHUSDT,VolatilityExpansion,1,bull,-0.004076042384279832,1.5,-0.0060260423842798325
2022-07-19 00:00:00+00:00,SOLUSDT,VolatilityExpansion,1,bull,0.0647138964577656,1.5,0.0623138964577656
2022-07-19 01:00:00+00:00,SOLUSDT,VolatilityExpansion,1,bull,0.08819444444444424,1.5,0.08579444444444424
2022-07-19 02:00:00+00:00,SOLUSDT,VolatilityExpansion,1,bull,0.07857638086434005,1.5,0.07617638086434005
2022-07-19 03:00:00+00:00,SOLUSDT,VolatilityExpansion,1,bull,0.08232558139534873,1.5,0.07992558139534874
2022-07-19 04:00:00+00:00,SOLUSDT,VolatilityExpansion,1,bull,0.07368907368907363,1.5,0.07128907368907363
2022-07-19 05:00:00+00:00,SOLUSDT,VolatilityExpansion,1,bull,0.06723267553923828,1.5,0.06483267553923829
2022-07-19 06:00:00+00:00,SOLUSDT,VolatilityExpansion,1,bull,0.0714285714285714,1.5,0.0690285714285714
2022-07-19 07:00:00+00:00,SOLUSDT,VolatilityExpansion,1,bull,0.04462847941108805,1.5,0.04222847941108805
2022-07-19 08:00:00+00:00,SOLUSDT,VolatilityExpansion,1,bull,0.019519856405654012,1.5,0.017119856405654013
2022-07-19 09:00:00+00:00,SOLUSDT,VolatilityExpansion,1,bull,0.03442844284428448,1.5,0.03202844284428448
2022-07-19 10:00:00+00:00,SOLUSDT,VolatilityExpansion,1,bull,-0.001985002205558084,1.5,-0.004385002205558084
2022-07-19 11:00:00+00:00,SOLUSDT,VolatilityExpansion,1,bull,-0.014931927975406212,1.5,-0.01733192797540621
2022-07-19 12:00:00+00:00,SOLUSDT,VolatilityExpansion,1,bull,-0.05482081911262804,1.5,-0.05722081911262804
2022-07-28 20:00:00+00:00,SOLUSDT,VolatilityExpansion,1,bull,-0.025091240875912413,1.5,-0.027491240875912412
2022-07-28 21:00:00+00:00,SOLUSDT,VolatilityExpansion,1,bull,-0.004609356994699332,1.5,-0.007009356994699332
2022-07-28 22:00:00+00:00,SOLUSDT,VolatilityExpansion,1,bull,-0.007159353348729636,1.5,-0.009559353348729635
2022-07-28 23:00:00+00:00,SOLUSDT,VolatilityExpansion,1,bull,-0.023304591004427833,1.5,-0.025704591004427832
2022-07-29 00:00:00+00:00,SOLUSDT,VolatilityExpansion,1,bull,-0.032851817334576094,1.5,-0.035251817334576094
2022-09-06 01:00:00+00:00,SOLUSDT,VolatilityExpansion,1,range,0.006148170919151319,1.5,0.0037481709191513187
2022-09-06 02:00:00+00:00,SOLUSDT,VolatilityExpansion,1,range,0.004268292682926944,1.5,0.0018682926829269439
2022-09-06 03:00:00+00:00,SOLUSDT,VolatilityExpansion,1,range,0.03209046454767739,1.5,0.02969046454767739
2022-09-06 04:00:00+00:00,SOLUSDT,VolatilityExpansion,1,range,0.02889640332001231,1.5,0.02649640332001231
2022-09-06 05:00:00+00:00,SOLUSDT,VolatilityExpansion,1,range,-0.042287800425920175,1.5,-0.044687800425920174
2022-09-06 06:00:00+00:00,SOLUSDT,VolatilityExpansion,1,range,-0.06656580937972756,1.5,-0.06896580937972756
2022-09-06 07:00:00+00:00,SOLUSDT,VolatilityExpansion,1,range,-0.05946601941747576,1.5,-0.06186601941747576
2022-09-06 08:00:00+00:00,SOLUSDT,VolatilityExpansion,1,range,-0.05830815709969783,1.5,-0.06070815709969783
2022-09-06 09:00:00+00:00,SOLUSDT,VolatilityExpansion,1,bull,-0.05670103092783496,1.5,-0.05910103092783496
2022-09-06 10:00:00+00:00,SOLUSDT,VolatilityExpansion,1,bull,-0.05782621858916137,1.5,-0.06022621858916137
2022-09-06 11:00:00+00:00,SOLUSDT,VolatilityExpansion,1,bull,-0.07074051776038526,1.5,-0.07314051776038526
2022-09-06 12:00:00+00:00,SOLUSDT,VolatilityExpansion,1,bull,-0.055302339714372484,1.5,-0.05770233971437248
2022-09-06 13:00:00+00:00,SOLUSDT,VolatilityExpansion,1,bull,-0.056217537427436515,1.5,-0.058617537427436514
2022-09-12 01:00:00+00:00,SOLUSDT,VolatilityExpansion,1,bull,0.06168015629360868,1.5,0.05928015629360868
2022-09-12 02:00:00+00:00,SOLUSDT,VolatilityExpansion,1,bull,0.07395773843517972,1.5,0.07155773843517972
2022-09-12 07:00:00+00:00,SOLUSDT,VolatilityExpansion,1,bull,0.06121297602256681,1.5,0.05881297602256681
2022-09-12 08:00:00+00:00,SOLUSDT,VolatilityExpansion,1,bull,0.046576102023842436,1.5,0.04417610202384244
2022-09-12 09:00:00+00:00,SOLUSDT,VolatilityExpansion,1,bull,-0.0005344735435597325,1.5,-0.0029344735435597328
2022-09-12 10:00:00+00:00,SOLUSDT,VolatilityExpansion,1,bull,-0.018698972873321118,1.5,-0.021098972873321117
2022-09-12 11:00:00+00:00,SOLUSDT,VolatilityExpansion,1,bull,-0.0071618037135279256,1.5,-0.009561803713527925
2022-09-12 12:00:00+00:00,SOLUSDT,VolatilityExpansion,1,bull,-0.023727919852359558,1.5,-0.026127919852359557
2022-09-12 13:00:00+00:00,SOLUSDT,VolatilityExpansion,1,bull,-0.023133543638275578,1.5,-0.025533543638275577
2022-09-12 14:00:00+00:00,SOLUSDT,VolatilityExpansion,1,bull,0.0074428495481126955,1.5,0.005042849548112695
2022-09-12 15:00:00+00:00,SOLUSDT,VolatilityExpansion,1,bull,0.04334948842218633,1.5,0.040949488422186334
2022-09-21 18:00:00+00:00,SOLUSDT,VolatilityExpansion,1,bear,-0.05269533615990318,1.5,-0.05509533615990318
2022-10-13 16:00:00+00:00,SOLUSDT,VolatilityExpansion,1,bear,0.05661005661005669,1.5,0.05421005661005669
2022-10-13 17:00:00+00:00,SOLUSDT,VolatilityExpansion,1,bear,0.05072944297082227,1.5,0.04832944297082227
2022-10-13 18:00:00+00:00,SOLUSDT,VolatilityExpansion,1,bear,0.03141361256544495,1.5,0.02901361256544495
2022-10-13 19:00:00+00:00,SOLUSDT,VolatilityExpansion,1,bear,0.025196335078534027,1.5,0.022796335078534027
2022-10-13 20:00:00+00:00,SOLUSDT,VolatilityExpansion,1,bear,0.02419091206276547,1.5,0.02179091206276547
2022-10-13 21:00:00+00:00,SOLUSDT,VolatilityExpansion,1,bear,0.0224609375,1.5,0.0200609375
2022-10-13 22:00:00+00:00,SOLUSDT,VolatilityExpansion,1,bear,0.023521724926494514,1.5,0.021121724926494514
2022-10-13 23:00:00+00:00,SOLUSDT,VolatilityExpansion,1,bear,0.02462245567957977,1.5,0.02222245567957977
2022-10-14 00:00:00+00:00,SOLUSDT,VolatilityExpansion,1,bear,0.032258064516129004,1.5,0.029858064516129004
2022-10-14 01:00:00+00:00,SOLUSDT,VolatilityExpansion,1,bear,-0.004423380726698123,1.5,-0.006823380726698123
2022-10-25 17:00:00+00:00,SOLUSDT,VolatilityExpansion,1,range,-0.03144458281444573,1.5,-0.03384458281444573
2022-10-25 18:00:00+00:00,SOLUSDT,VolatilityExpansion,1,range,-0.013607594936708822,1.5,-0.01600759493670882
2022-10-25 19:00:00+00:00,SOLUSDT,VolatilityExpansion,1,range,-0.005714285714285672,1.5,-0.008114285714285671
2022-10-25 20:00:00+00:00,SOLUSDT,VolatilityExpansion,1,range,0.01809369951534734,1.5,0.01569369951534734
2022-10-25 21:00:00+00:00,SOLUSDT,VolatilityExpansion,1,bull,0.008980115458627314,1.5,0.006580115458627313
2022-10-25 22:00:00+00:00,SOLUSDT,VolatilityExpansion,1,bull,0.01904454486765661,1.5,0.01664454486765661
2022-10-25 23:00:00+00:00,SOLUSDT,VolatilityExpansion,1,bull,0.01264181523500807,1.5,0.01024181523500807
2022-10-26 00:00:00+00:00,SOLUSDT,VolatilityExpansion,1,bull,-0.006732927220262974,1.5,-0.009132927220262974
2022-10-26 01:00:00+00:00,SOLUSDT,VolatilityExpansion,1,bull,-0.005138086062941527,1.5,-0.007538086062941527
2022-10-26 02:00:00+00:00,SOLUSDT,VolatilityExpansion,1,bull,0.007035497281739689,1.5,0.004635497281739689
2022-10-26 03:00:00+00:00,SOLUSDT,VolatilityExpansion,1,bull,0.009646302250803762,1.5,0.007246302250803762
2022-10-26 04:00:00+00:00,SOLUSDT,VolatilityExpansion,1,bull,0.0006428801028608433,1.5,-0.001757119897139157
2022-10-26 05:00:00+00:00,SOLUSDT,VolatilityExpansion,1,bull,0.006107360977177789,1.5,0.003707360977177789
2022-11-03 01:00:00+00:00,SOLUSDT,VolatilityExpansion,1,range,-0.010233450591621396,1.5,-0.012633450591621395
2022-11-03 02:00:00+00:00,SOLUSDT,VolatilityExpansion,1,range,0.0015898251192369983,1.5,-0.0008101748807630019
2022-11-03 03:00:00+00:00,SOLUSDT,VolatilityExpansion,1,range,-0.014226999683844443,1.5,-0.016626999683844443
2022-11-03 04:00:00+00:00,SOLUSDT,VolatilityExpansion,1,range,-0.015693659761456424,1.5,-0.018093659761456424
2022-11-03 05:00:00+00:00,SOLUSDT,VolatilityExpansion,1,range,-0.025000000000000022,1.5,-0.02740000000000002
2022-11-03 06:00:00+00:00,SOLUSDT,VolatilityExpansion,1,range,-0.012306721363206097,1.5,-0.014706721363206096
2022-11-03 07:00:00+00:00,SOLUSDT,VolatilityExpansion,1,range,-0.010752688172043001,1.5,-0.013152688172043
2022-11-05 16:00:00+00:00,SOLUSDT,VolatilityExpansion,1,bull,-0.04270557029177713,1.5,-0.04510557029177713
2022-11-05 17:00:00+00:00,SOLUSDT,VolatilityExpansion,1,bull,-0.03419267299864315,1.5,-0.03659267299864315
2022-11-05 18:00:00+00:00,SOLUSDT,VolatilityExpansion,1,bull,-0.002780867630700845,1.5,-0.005180867630700845
2022-11-05 19:00:00+00:00,SOLUSDT,VolatilityExpansion,1,bull,-0.024561403508771895,1.5,-0.026961403508771895
2022-11-05 20:00:00+00:00,SOLUSDT,VolatilityExpansion,1,bull,-0.013079019073569564,1.5,-0.015479019073569564
2022-11-05 21:00:00+00:00,SOLUSDT,VolatilityExpansion,1,bull,-0.024317751958929934,1.5,-0.026717751958929933
2022-11-05 22:00:00+00:00,SOLUSDT,VolatilityExpansion,1,bull,-0.021115322144017346,1.5,-0.023515322144017345
2022-11-05 23:00:00+00:00,SOLUSDT,VolatilityExpansion,1,bull,-0.030902683654106866,1.5,-0.033302683654106865
2022-11-06 00:00:00+00:00,SOLUSDT,VolatilityExpansion,1,bull,-0.020312928904748895,1.5,-0.022712928904748894
2022-11-06 03:00:00+00:00,SOLUSDT,VolatilityExpansion,1,bull,-0.026944444444444438,1.5,-0.029344444444444437
2022-11-06 04:00:00+00:00,SOLUSDT,VolatilityExpansion,1,bull,-0.029925187032419087,1.5,-0.032325187032419087
2022-11-08 16:00:00+00:00,SOLUSDT,VolatilityExpansion,1,bear,-0.2837512882171075,1.5,-0.2861512882171075
2022-11-14 06:00:00+00:00,SOLUSDT,VolatilityExpansion,1,bear,-0.041723853966511015,1.5,-0.044123853966511015
2022-11-14 07:00:00+00:00,SOLUSDT,VolatilityExpansion,1,bear,-0.05325158445852851,1.5,-0.05565158445852851
2022-11-14 08:00:00+00:00,SOLUSDT,VolatilityExpansion,1,bear,-0.04240549828178697,1.5,-0.04480549828178697
2022-11-14 09:00:00+00:00,SOLUSDT,VolatilityExpansion,1,bear,-0.035330793210945566,1.5,-0.037730793210945565
2022-11-14 10:00:00+00:00,SOLUSDT,VolatilityExpansion,1,bear,-0.04990655499411634,1.5,-0.052306554994116336
2022-11-14 11:00:00+00:00,SOLUSDT,VolatilityExpansion,1,bear,-0.014085498978801292,1.5,-0.01648549897880129
2022-11-14 12:00:00+00:00,SOLUSDT,VolatilityExpansion,1,bear,-0.038219641993226805,1.5,-0.040619641993226804
2022-11-14 13:00:00+00:00,SOLUSDT,VolatilityExpansion,1,bear,-0.021739130434782594,1.5,-0.024139130434782594
2022-11-14 14:00:00+00:00,SOLUSDT,VolatilityExpansion,1,bear,0.004744370485766813,1.5,0.002344370485766813
2022-12-05 03:00:00+00:00,SOLUSDT,VolatilityExpansion,1,range,-0.010864090941794413,1.5,-0.013264090941794413
2022-12-05 04:00:00+00:00,SOLUSDT,VolatilityExpansion,1,range,-0.014542589010674067,1.5,-0.016942589010674067
2022-12-05 05:00:00+00:00,SOLUSDT,VolatilityExpansion,1,range,-0.006859102600743072,1.5,-0.009259102600743072
2022-12-05 06:00:00+00:00,SOLUSDT,VolatilityExpansion,1,range,-0.0010077017202908545,1.5,-0.0034077017202908547
2022-12-05 07:00:00+00:00,SOLUSDT,VolatilityExpansion,1,range,-0.018234027279253384,1.5,-0.020634027279253384
2022-12-05 08:00:00+00:00,SOLUSDT,VolatilityExpansion,1,bull,-0.021536047921272172,1.5,-0.02393604792127217
2022-12-05 09:00:00+00:00,SOLUSDT,VolatilityExpansion,1,bull,-0.002142092109960858,1.5,-0.004542092109960858
2022-12-05 10:00:00+00:00,SOLUSDT,VolatilityExpansion,1,bull,-0.013807829181494702,1.5,-0.0162078291814947
2022-12-05 11:00:00+00:00,SOLUSDT,VolatilityExpansion,1,bull,-0.012160228898426273,1.5,-0.014560228898426272
2022-12-05 12:00:00+00:00,SOLUSDT,VolatilityExpansion,1,bull,-0.0014352350197345265,1.5,-0.0038352350197345267
2022-12-05 13:00:00+00:00,SOLUSDT,VolatilityExpansion,1,bull,0.011951043916486492,1.5,0.009551043916486493
2022-12-06 03:00:00+00:00,SOLUSDT,VolatilityExpansion,1,bull,-0.012363996043521341,1.5,-0.01476399604352134
2022-12-06 04:00:00+00:00,SOLUSDT,VolatilityExpansion,1,bull,-0.006088064561800999,1.5,-0.008488064561800998
2022-12-06 05:00:00+00:00,SOLUSDT,VolatilityExpansion,1,bull,0.0018537002709253514,1.5,-0.0005462997290746488
2022-12-06 06:00:00+00:00,SOLUSDT,VolatilityExpansion,1,bull,-0.005113999573833405,1.5,-0.007513999573833406
2022-12-13 13:00:00+00:00,SOLUSDT,VolatilityExpansion,1,bear,-0.015279653187406761,1.5,-0.01767965318740676
2022-12-13 14:00:00+00:00,SOLUSDT,VolatilityExpansion,1,bear,0.0012230215827337965,1.5,-0.0011769784172662038
2022-12-13 15:00:00+00:00,SOLUSDT,VolatilityExpansion,1,range,0.016240623406889476,1.5,0.013840623406889477
2022-12-13 16:00:00+00:00,SOLUSDT,VolatilityExpansion,1,range,0.011048920549538543,1.5,0.008648920549538544
2022-12-13 17:00:00+00:00,SOLUSDT,VolatilityExpansion,1,range,0.01786896095301138,1.5,0.015468960953011382
2022-12-13 18:00:00+00:00,SOLUSDT,VolatilityExpansion,1,range,0.011774967291757532,1.5,0.009374967291757533
2022-12-13 19:00:00+00:00,SOLUSDT,VolatilityExpansion,1,range,0.00848194867333607,1.5,0.00608194867333607
2022-12-13 20:00:00+00:00,SOLUSDT,VolatilityExpansion,1,range,0.010498117578916943,1.5,0.008098117578916944
2022-12-13 21:00:00+00:00,SOLUSDT,VolatilityExpansion,1,range,0.01779876498365418,1.5,0.015398764983654181
2022-12-13 22:00:00+00:00,SOLUSDT,VolatilityExpansion,1,range,0.012470997679814522,1.5,0.010070997679814522
2022-12-14 19:00:00+00:00,SOLUSDT,VolatilityExpansion,1,bull,-0.011402588317593554,1.5,-0.013802588317593553
2022-12-14 20:00:00+00:00,SOLUSDT,VolatilityExpansion,1,bull,-0.02017311182465442,1.5,-0.02257311182465442
2022-12-14 21:00:00+00:00,SOLUSDT,VolatilityExpansion,1,bull,-0.009294849395485305,1.5,-0.011694849395485304
2022-12-14 22:00:00+00:00,SOLUSDT,VolatilityExpansion,1,bull,-0.012312671497924366,1.5,-0.014712671497924365
2022-12-15 03:00:00+00:00,SOLUSDT,VolatilityExpansion,1,bull,-0.02568207126948774,1.5,-0.028082071269487738
2022-12-15 04:00:00+00:00,SOLUSDT,VolatilityExpansion,1,bull,-0.027242246437552464,1.5,-0.029642246437552464
2022-12-20 02:00:00+00:00,SOLUSDT,VolatilityExpansion,1,bear,0.010229132569558042,1.5,0.007829132569558042
2022-12-20 03:00:00+00:00,SOLUSDT,VolatilityExpansion,1,bear,0.012148075186735552,1.5,0.009748075186735553
2022-12-20 04:00:00+00:00,SOLUSDT,VolatilityExpansion,1,bear,-0.00826245443499396,1.5,-0.01066245443499396
2022-12-20 05:00:00+00:00,SOLUSDT,VolatilityExpansion,1,bear,-0.012668507389962724,1.5,-0.015068507389962724
2022-12-20 06:00:00+00:00,SOLUSDT,VolatilityExpansion,1,bear,-0.015341138473960347,1.5,-0.017741138473960347
2022-12-27 23:00:00+00:00,SOLUSDT,VolatilityExpansion,1,bear,-0.09813294849824106,1.5,-0.10053294849824106
2022-12-29 23:00:00+00:00,SOLUSDT,VolatilityExpansion,1,bear,-0.05450384855419188,1.5,-0.05690384855419188
2022-12-30 00:00:00+00:00,SOLUSDT,VolatilityExpansion,1,bear,-0.03919384241442181,1.5,-0.04159384241442181
2022-12-30 01:00:00+00:00,SOLUSDT,VolatilityExpansion,1,bear,-0.01483710313343023,1.5,-0.01723710313343023
2022-12-30 02:00:00+00:00,SOLUSDT,VolatilityExpansion,1,bear,-0.004615061883784355,1.5,-0.007015061883784355
2022-12-30 03:00:00+00:00,SOLUSDT,VolatilityExpansion,1,bear,0.007691497207881204,1.5,0.005291497207881204
2022-12-30 04:00:00+00:00,SOLUSDT,VolatilityExpansion,1,bear,-0.0033253663098825603,1.5,-0.0057253663098825605
2023-02-06 05:00:00+00:00,BTCUSDT,VolatilityExpansion,-1,bear,-0.011404556552899292,1.5,-0.013204556552899292
2023-02-13 03:00:00+00:00,BTCUSDT,VolatilityExpansion,-1,bear,0.011357329284570894,1.5,0.009557329284570894
2023-02-13 05:00:00+00:00,BTCUSDT,VolatilityExpansion,-1,bear,0.016841960541692402,1.5,0.015041960541692403
2023-02-13 08:00:00+00:00,BTCUSDT,VolatilityExpansion,-1,bear,0.0026023195187782067,1.5,0.0008023195187782067
2023-02-13 09:00:00+00:00,BTCUSDT,VolatilityExpansion,-1,bear,-0.001474112635184932,1.5,-0.003274112635184932
2023-02-13 10:00:00+00:00,BTCUSDT,VolatilityExpansion,-1,bear,-0.0019270857460507163,1.5,-0.003727085746050716
2023-02-13 11:00:00+00:00,BTCUSDT,VolatilityExpansion,-1,bear,-0.007885756092591567,1.5,-0.009685756092591567
2023-02-13 18:00:00+00:00,BTCUSDT,VolatilityExpansion,-1,bear,-0.004993365297035979,1.5,-0.006793365297035978
2023-02-13 19:00:00+00:00,BTCUSDT,VolatilityExpansion,-1,bear,-0.0075007292375648404,1.5,-0.00930072923756484
2023-02-13 21:00:00+00:00,BTCUSDT,VolatilityExpansion,-1,bear,-0.00947042459533165,1.5,-0.01127042459533165
2023-03-03 02:00:00+00:00,BTCUSDT,VolatilityExpansion,-1,bear,-0.0012401726391948475,1.5,-0.0030401726391948475
2023-03-07 18:00:00+00:00,BTCUSDT,VolatilityExpansion,-1,bear,0.007931107516076286,1.5,0.006131107516076286
2023-03-07 19:00:00+00:00,BTCUSDT,VolatilityExpansion,-1,bear,0.007066482808508634,1.5,0.0052664828085086345
2023-03-07 20:00:00+00:00,BTCUSDT,VolatilityExpansion,-1,bear,0.0030525141286502633,1.5,0.0012525141286502633
2023-03-07 21:00:00+00:00,BTCUSDT,VolatilityExpansion,-1,bear,0.0019504672049350802,1.5,0.00015046720493508024
2023-03-07 22:00:00+00:00,BTCUSDT,VolatilityExpansion,-1,bear,-6.787944610375796e-05,1.5,-0.001867879446103758
2023-03-07 23:00:00+00:00,BTCUSDT,VolatilityExpansion,-1,bear,0.005674468497460117,1.5,0.0038744684974601168
2023-03-08 00:00:00+00:00,BTCUSDT,VolatilityExpansion,-1,bear,0.0102184462744499,1.5,0.0084184462744499
2023-03-08 01:00:00+00:00,BTCUSDT,VolatilityExpansion,-1,bear,0.008157887612464165,1.5,0.006357887612464166
2023-03-08 02:00:00+00:00,BTCUSDT,VolatilityExpansion,-1,bear,0.009117978795398107,1.5,0.007317978795398108
2023-03-08 03:00:00+00:00,BTCUSDT,VolatilityExpansion,-1,bear,0.0005555103921089932,1.5,-0.0012444896078910067
2023-03-08 04:00:00+00:00,BTCUSDT,VolatilityExpansion,-1,bear,5.4217684001267585e-05,1.5,-0.0017457823159987324
2023-03-09 20:00:00+00:00,BTCUSDT,VolatilityExpansion,-1,bear,0.007478356055328872,1.5,0.005678356055328872
2023-03-09 21:00:00+00:00,BTCUSDT,VolatilityExpansion,-1,bear,0.017833190621612816,1.5,0.016033190621612816
2023-03-09 22:00:00+00:00,BTCUSDT,VolatilityExpansion,-1,bear,0.03513786063900437,1.5,0.03333786063900437
2023-03-09 23:00:00+00:00,BTCUSDT,VolatilityExpansion,-1,bear,0.029407717560103075,1.5,0.027607717560103075
2023-03-10 00:00:00+00:00,BTCUSDT,VolatilityExpansion,-1,bear,0.009354113621896754,1.5,0.007554113621896754
2023-03-10 01:00:00+00:00,BTCUSDT,VolatilityExpansion,-1,bear,-0.003611868420528852,1.5,-0.0054118684205288516
2023-03-10 02:00:00+00:00,BTCUSDT,VolatilityExpansion,-1,bear,0.011084149665977705,1.5,0.009284149665977705
2023-03-10 03:00:00+00:00,BTCUSDT,VolatilityExpansion,-1,bear,0.0023500531381441814,1.5,0.0005500531381441814
2023-03-10 04:00:00+00:00,BTCUSDT,VolatilityExpansion,-1,bear,-0.007047287297768046,1.5,-0.008847287297768045
2023-03-10 05:00:00+00:00,BTCUSDT,VolatilityExpansion,-1,bear,0.0028430705161576197,1.5,0.0010430705161576198
2023-03-10 06:00:00+00:00,BTCUSDT,VolatilityExpansion,-1,bear,0.0014546442916537616,1.5,-0.0003453557083462383
2023-03-10 07:00:00+00:00,BTCUSDT,VolatilityExpansion,-1,bear,-0.0036253321967607555,1.5,-0.005425332196760755
2023-03-10 08:00:00+00:00,BTCUSDT,VolatilityExpansion,-1,bear,-0.0005263764744807276,1.5,-0.0023263764744807275
2023-03-10 09:00:00+00:00,BTCUSDT,VolatilityExpansion,-1,bear,-0.011368904835816096,1.5,-0.013168904835816096
2023-04-24 18:00:00+00:00,BTCUSDT,VolatilityExpansion,-1,bear,-0.0007282148489962115,1.5,-0.0025282148489962114
2023-05-08 08:00:00+00:00,BTCUSDT,VolatilityExpansion,-1,bear,0.0062114044274312885,1.5,0.004411404427431289
2023-05-08 09:00:00+00:00,BTCUSDT,VolatilityExpansion,-1,bear,0.013218637992831517,1.5,0.011418637992831517
2023-05-08 10:00:00+00:00,BTCUSDT,VolatilityExpansion,-1,bear,0.010202912252805896,1.5,0.008402912252805896
2023-05-11 00:00:00+00:00,BTCUSDT,VolatilityExpansion,-1,bear,0.004170909090909114,1.5,0.002370909090909114
2023-05-11 01:00:00+00:00,BTCUSDT,VolatilityExpansion,-1,bear,0.012580100568192143,1.5,0.010780100568192143
2023-05-11 02:00:00+00:00,BTCUSDT,VolatilityExpansion,-1,bear,0.013987590832054253,1.5,0.012187590832054254
2023-05-11 03:00:00+00:00,BTCUSDT,VolatilityExpansion,-1,bear,0.009797667950909528,1.5,0.007997667950909528
2023-05-11 04:00:00+00:00,BTCUSDT,VolatilityExpansion,-1,bear,0.013422354824625282,1.5,0.011622354824625283
2023-05-11 05:00:00+00:00,BTCUSDT,VolatilityExpansion,-1,bear,0.022583634678635778,1.5,0.020783634678635778
2023-05-11 06:00:00+00:00,BTCUSDT,VolatilityExpansion,-1,bear,0.019589440254935586,1.5,0.017789440254935587
2023-05-25 01:00:00+00:00,BTCUSDT,VolatilityExpansion,-1,bear,-0.008094778599764263,1.5,-0.009894778599764262
2023-05-25 02:00:00+00:00,BTCUSDT,VolatilityExpansion,-1,bear,-0.009328222468149683,1.5,-0.011128222468149682
2023-06-05 03:00:00+00:00,BTCUSDT,VolatilityExpansion,-1,bear,0.03144679867937594,1.5,0.029646798679375943
2023-06-05 04:00:00+00:00,BTCUSDT,VolatilityExpansion,-1,bear,0.03858079904591538,1.5,0.03678079904591538
2023-06-05 05:00:00+00:00,BTCUSDT,VolatilityExpansion,-1,bear,0.03976037093266582,1.5,0.03796037093266582
2023-06-05 06:00:00+00:00,BTCUSDT,VolatilityExpansion,-1,bear,0.04494256052259826,1.5,0.04314256052259826
2023-06-05 07:00:00+00:00,BTCUSDT,VolatilityExpansion,-1,bear,0.04477016465815542,1.5,0.04297016465815542
2023-06-05 08:00:00+00:00,BTCUSDT,VolatilityExpansion,-1,bear,0.04366489488772107,1.5,0.04186489488772107
2023-06-05 09:00:00+00:00,BTCUSDT,VolatilityExpansion,-1,bear,0.04207714579247224,1.5,0.040277145792472234
2023-06-05 10:00:00+00:00,BTCUSDT,VolatilityExpansion,-1,bear,0.03763557646212834,1.5,0.035835576462128337
2023-06-05 11:00:00+00:00,BTCUSDT,VolatilityExpansion,-1,bear,0.03906921472933689,1.5,0.037269214729336884
2023-06-05 15:00:00+00:00,BTCUSDT,VolatilityExpansion,-1,bear,0.0104686460012543,1.5,0.0086686460012543
2023-06-05 16:00:00+00:00,BTCUSDT,VolatilityExpansion,-1,bear,0.00045742107548218947,1.5,-0.0013425789245178105
2023-06-05 17:00:00+00:00,BTCUSDT,VolatilityExpansion,-1,bear,-0.0005166633646829233,1.5,-0.0023166633646829232
2023-06-05 18:00:00+00:00,BTCUSDT,VolatilityExpansion,-1,bear,-0.007692909688527205,1.5,-0.009492909688527205
2023-06-05 19:00:00+00:00,BTCUSDT,VolatilityExpansion,-1,bear,-0.003435031071417516,1.5,-0.005235031071417515
2023-06-05 20:00:00+00:00,BTCUSDT,VolatilityExpansion,-1,bear,-0.002638491532237497,1.5,-0.004438491532237496
2023-06-05 21:00:00+00:00,BTCUSDT,VolatilityExpansion,-1,bear,-0.003868773692338845,1.5,-0.0056687736923388445
2023-06-05 22:00:00+00:00,BTCUSDT,VolatilityExpansion,-1,bear,-0.0013270599589816356,1.5,-0.0031270599589816356
2023-06-05 23:00:00+00:00,BTCUSDT,VolatilityExpansion,-1,bear,0.0015010927644216743,1.5,-0.0002989072355783257
2023-06-06 00:00:00+00:00,BTCUSDT,VolatilityExpansion,-1,bear,0.0060282251783544405,1.5,0.004228225178354441
2023-06-06 01:00:00+00:00,BTCUSDT,VolatilityExpansion,-1,bear,-0.003527171707712995,1.5,-0.0053271717077129944
2023-06-06 02:00:00+00:00,BTCUSDT,VolatilityExpansion,-1,bear,-0.010150352583020217,1.5,-0.011950352583020216
2023-06-06 03:00:00+00:00,BTCUSDT,VolatilityExpansion,-1,bear,-0.012885014657967764,1.5,-0.014685014657967763
2023-06-06 04:00:00+00:00,BTCUSDT,VolatilityExpansion,-1,bear,-0.02233469071165417,1.5,-0.02413469071165417
2023-06-10 18:00:00+00:00,BTCUSDT,VolatilityExpansion,-1,bear,-0.009639677397874635,1.5,-0.011439677397874635
2023-06-10 19:00:00+00:00,BTCUSDT,VolatilityExpansion,-1,bear,0.0003962981094248752,1.5,-0.0014037018905751248
2023-06-10 20:00:00+00:00,BTCUSDT,VolatilityExpansion,-1,bear,0.0005205743411237362,1.5,-0.0012794256588762637
2023-06-14 21:00:00+00:00,BTCUSDT,VolatilityExpansion,-1,bear,0.006723813772664955,1.5,0.004923813772664955
2023-06-14 22:00:00+00:00,BTCUSDT,VolatilityExpansion,-1,bear,0.0043405102297752185,1.5,0.0025405102297752185
2023-06-14 23:00:00+00:00,BTCUSDT,VolatilityExpansion,-1,bear,0.004335898773287106,1.5,0.0025358987732871058
2023-06-15 00:00:00+00:00,BTCUSDT,VolatilityExpansion,-1,bear,0.009883501696866248,1.5,0.008083501696866249
2023-06-15 01:00:00+00:00,BTCUSDT,VolatilityExpansion,-1,bear,0.00034725409819713615,1.5,-0.0014527459018028638
2023-06-15 02:00:00+00:00,BTCUSDT,VolatilityExpansion,-1,bear,0.002684301423517277,1.5,0.0008843014235172769
2023-06-15 03:00:00+00:00,BTCUSDT,VolatilityExpansion,-1,bear,0.004246691252773882,1.5,0.002446691252773882
2023-06-15 04:00:00+00:00,BTCUSDT,VolatilityExpansion,-1,bear,0.0009913694890051339,1.5,-0.0008086305109948661
2023-06-15 05:00:00+00:00,BTCUSDT,VolatilityExpansion,-1,bear,-0.004632460799948834,1.5,-0.006432460799948834
2023-06-15 06:00:00+00:00,BTCUSDT,VolatilityExpansion,-1,bear,-0.01869777745671697,1.5,-0.020497777456716968
2023-06-15 07:00:00+00:00,BTCUSDT,VolatilityExpansion,-1,bear,-0.018755055136018273,1.5,-0.020555055136018272
2023-02-10 00:00:00+00:00,ETHUSDT,VolatilityExpansion,-1,bear,0.00928270587323321,1.5,0.00733270587323321
2023-02-10 01:00:00+00:00,ETHUSDT,VolatilityExpansion,-1,bear,0.007823241223059219,1.5,0.005873241223059218
2023-02-13 09:00:00+00:00,ETHUSDT,VolatilityExpansion,-1,bear,-0.0018491897984114214,1.5,-0.0037991897984114213
2023-02-13 10:00:00+00:00,ETHUSDT,VolatilityExpansion,-1,bear,-0.005821915497898678,1.5,-0.007771915497898678
2023-02-13 11:00:00+00:00,ETHUSDT,VolatilityExpansion,-1,bear,-0.012923636118870485,1.5,-0.014873636118870485
2023-02-13 12:00:00+00:00,ETHUSDT,VolatilityExpansion,-1,bear,-0.008971565383477209,1.5,-0.01092156538347721
2023-02-13 13:00:00+00:00,ETHUSDT,VolatilityExpansion,-1,bear,-0.014178109540277317,1.5,-0.016128109540277318
2023-02-13 18:00:00+00:00,ETHUSDT,VolatilityExpansion,-1,bear,-0.010059672607047876,1.5,-0.012009672607047876
2023-02-13 19:00:00+00:00,ETHUSDT,VolatilityExpansion,-1,bear,-0.01020702613830804,1.5,-0.01215702613830804
2023-02-13 20:00:00+00:00,ETHUSDT,VolatilityExpansion,-1,bear,-0.006579256859832849,1.5,-0.00852925685983285
2023-02-13 21:00:00+00:00,ETHUSDT,VolatilityExpansion,-1,bear,-0.01822872809824383,1.5,-0.02017872809824383
2023-03-07 21:00:00+00:00,ETHUSDT,VolatilityExpansion,-1,bear,-0.0033936359647990244,1.5,-0.005343635964799025
2023-03-07 22:00:00+00:00,ETHUSDT,VolatilityExpansion,-1,bear,-0.0034969763712591195,1.5,-0.00544697637125912
2023-03-09 20:00:00+00:00,ETHUSDT,VolatilityExpansion,-1,bear,0.003633298865390988,1.5,0.0016832988653909882
2023-03-09 21:00:00+00:00,ETHUSDT,VolatilityExpansion,-1,bear,0.024377803552214306,1.5,0.022427803552214305
2023-03-09 22:00:00+00:00,ETHUSDT,VolatilityExpansion,-1,bear,0.036765168076323906,1.5,0.034815168076323906
2023-03-09 23:00:00+00:00,ETHUSDT,VolatilityExpansion,-1,bear,0.03659096921513216,1.5,0.03464096921513216
2023-03-10 00:00:00+00:00,ETHUSDT,VolatilityExpansion,-1,bear,0.021096424762866883,1.5,0.019146424762866883
2023-03-10 01:00:00+00:00,ETHUSDT,VolatilityExpansion,-1,bear,0.003701578593819921,1.5,0.001751578593819921
2023-03-10 02:00:00+00:00,ETHUSDT,VolatilityExpansion,-1,bear,0.017210532593366912,1.5,0.015260532593366911
2023-03-10 03:00:00+00:00,ETHUSDT,VolatilityExpansion,-1,bear,0.006495146175859889,1.5,0.004545146175859889
2023-03-10 04:00:00+00:00,ETHUSDT,VolatilityExpansion,-1,bear,0.00045227764193733755,1.5,-0.0014977223580626624
2023-03-10 05:00:00+00:00,ETHUSDT,VolatilityExpansion,-1,bear,0.008946686203787246,1.5,0.006996686203787246
2023-03-10 06:00:00+00:00,ETHUSDT,VolatilityExpansion,-1,bear,0.0021121652182570783,1.5,0.00016216521825707835
2023-03-10 07:00:00+00:00,ETHUSDT,VolatilityExpansion,-1,bear,-0.008027490435029039,1.5,-0.00997749043502904
2023-03-10 08:00:00+00:00,ETHUSDT,VolatilityExpansion,-1,bear,-0.007485019298981266,1.5,-0.009435019298981266
2023-03-10 09:00:00+00:00,ETHUSDT,VolatilityExpansion,-1,bear,-0.01985934456285099,1.5,-0.02180934456285099
2023-03-10 14:00:00+00:00,ETHUSDT,VolatilityExpansion,-1,bear,-0.0450537918430578,1.5,-0.0470037918430578
2023-03-10 15:00:00+00:00,ETHUSDT,VolatilityExpansion,-1,bear,-0.029037997204218957,1.5,-0.030987997204218957
2023-03-10 16:00:00+00:00,ETHUSDT,VolatilityExpansion,-1,bear,-0.03167376026922697,1.5,-0.03362376026922697
2023-03-10 17:00:00+00:00,ETHUSDT,VolatilityExpansion,-1,bear,-0.038874909370068655,1.5,-0.040824909370068656
2023-03-10 18:00:00+00:00,ETHUSDT,VolatilityExpansion,-1,bear,-0.03787851792726449,1.5,-0.03982851792726449
2023-03-10 20:00:00+00:00,ETHUSDT,VolatilityExpansion,-1,bear,-0.011309998377230457,1.5,-0.013259998377230457
2023-04-24 18:00:00+00:00,ETHUSDT,VolatilityExpansion,-1,bear,0.004703324556707522,1.5,0.0027533245567075222
2023-05-01 01:00:00+00:00,ETHUSDT,VolatilityExpansion,-1,bear,-0.0031773021816021707,1.5,-0.005127302181602171
2023-05-01 02:00:00+00:00,ETHUSDT,VolatilityExpansion,-1,bear,0.00042315871706954944,1.5,-0.0015268412829304505
2023-05-01 03:00:00+00:00,ETHUSDT,VolatilityExpansion,-1,bear,0.006961223008331907,1.5,0.005011223008331907
2023-05-01 04:00:00+00:00,ETHUSDT,VolatilityExpansion,-1,bear,0.004039419536495559,1.5,0.002089419536495559
2023-05-01 05:00:00+00:00,ETHUSDT,VolatilityExpansion,-1,bear,0.0037276234233454275,1.5,0.0017776234233454276
2023-05-01 06:00:00+00:00,ETHUSDT,VolatilityExpansion,-1,bear,0.009324866671714949,1.5,0.007374866671714948
2023-05-01 07:00:00+00:00,ETHUSDT,VolatilityExpansion,-1,bear,0.019648150953194943,1.5,0.017698150953194942
2023-05-01 08:00:00+00:00,ETHUSDT,VolatilityExpansion,-1,bear,0.021794559480308617,1.5,0.019844559480308617
2023-05-11 00:00:00+00:00,ETHUSDT,VolatilityExpansion,-1,bear,0.00663177790645586,1.5,0.00468177790645586
2023-05-11 01:00:00+00:00,ETHUSDT,VolatilityExpansion,-1,bear,0.014863523843796633,1.5,0.012913523843796633
2023-05-11 02:00:00+00:00,ETHUSDT,VolatilityExpansion,-1,bear,0.018630624532596785,1.5,0.016680624532596784
2023-05-11 03:00:00+00:00,ETHUSDT,VolatilityExpansion,-1,bear,0.010774528751238743,1.5,0.008824528751238743
2023-05-25 01:00:00+00:00,ETHUSDT,VolatilityExpansion,-1,bear,-0.012763202342078506,1.5,-0.014713202342078506
2023-05-25 02:00:00+00:00,ETHUSDT,VolatilityExpansion,-1,bear,-0.01114740090730737,1.5,-0.01309740090730737
2023-06-05 18:00:00+00:00,ETHUSDT,VolatilityExpansion,-1,bear,-0.003310616671556854,1.5,-0.0052606166715568545
2023-06-05 19:00:00+00:00,ETHUSDT,VolatilityExpansion,-1,bear,-0.0037552340651794136,1.5,-0.005705234065179414
2023-06-05 20:00:00+00:00,ETHUSDT,VolatilityExpansion,-1,bear,-0.006292550950258269,1.5,-0.00824255095025827
2023-06-05 21:00:00+00:00,ETHUSDT,VolatilityExpansion,-1,bear,-0.005319207819955096,1.5,-0.007269207819955097
2023-06-05 22:00:00+00:00,ETHUSDT,VolatilityExpansion,-1,bear,-0.0063953134257284106,1.5,-0.008345313425728411
2023-06-05 23:00:00+00:00,ETHUSDT,VolatilityExpansion,-1,bear,-0.0015027375236875695,1.5,-0.0034527375236875694
2023-06-06 00:00:00+00:00,ETHUSDT,VolatilityExpansion,-1,bear,0.0030164245976718185,1.5,0.0010664245976718186
2023-06-06 01:00:00+00:00,ETHUSDT,VolatilityExpansion,-1,bear,-0.0068392932360830105,1.5,-0.008789293236083011
2023-06-06 02:00:00+00:00,ETHUSDT,VolatilityExpansion,-1,bear,-0.013952025774560894,1.5,-0.015902025774560895
2023-06-06 03:00:00+00:00,ETHUSDT,VolatilityExpansion,-1,bear,-0.016881947857588786,1.5,-0.018831947857588786
2023-06-06 04:00:00+00:00,ETHUSDT,VolatilityExpansion,-1,bear,-0.0250653459898198,1.5,-0.0270153459898198
2023-06-10 05:00:00+00:00,ETHUSDT,VolatilityExpansion,-1,bear,-0.005221842613435168,1.5,-0.0071718426134351684
2023-06-10 06:00:00+00:00,ETHUSDT,VolatilityExpansion,-1,bear,0.006229743295568579,1.5,0.004279743295568579
2023-06-10 07:00:00+00:00,ETHUSDT,VolatilityExpansion,-1,bear,-0.006884602056139499,1.5,-0.0088346020561395
2023-06-10 08:00:00+00:00,ETHUSDT,VolatilityExpansion,-1,bear,-0.0015179043720245922,1.5,-0.003467904372024592
2023-06-10 09:00:00+00:00,ETHUSDT,VolatilityExpansion,-1,bear,-0.003366557709129303,1.5,-0.005316557709129303
2023-06-10 10:00:00+00:00,ETHUSDT,VolatilityExpansion,-1,bear,-0.005760216639223437,1.5,-0.007710216639223437
2023-06-10 11:00:00+00:00,ETHUSDT,VolatilityExpansion,-1,bear,-0.0021581457120452008,1.5,-0.004108145712045201
2023-06-10 12:00:00+00:00,ETHUSDT,VolatilityExpansion,-1,bear,-0.003375716692832764,1.5,-0.0053257166928327646
2023-06-10 13:00:00+00:00,ETHUSDT,VolatilityExpansion,-1,bear,-0.0034546080569264337,1.5,-0.005404608056926434
2023-06-10 14:00:00+00:00,ETHUSDT,VolatilityExpansion,-1,bear,-0.003263774965870825,1.5,-0.005213774965870825
2023-06-10 15:00:00+00:00,ETHUSDT,VolatilityExpansion,-1,bear,-0.008245523118558085,1.5,-0.010195523118558085
2023-06-10 16:00:00+00:00,ETHUSDT,VolatilityExpansion,-1,bear,-0.01194805194805193,1.5,-0.01389805194805193
2023-06-10 17:00:00+00:00,ETHUSDT,VolatilityExpansion,-1,bear,0.002137007166930993,1.5,0.00018700716693099322
2023-06-10 18:00:00+00:00,ETHUSDT,VolatilityExpansion,-1,bear,-0.013403525785335768,1.5,-0.015353525785335768
2023-06-10 19:00:00+00:00,ETHUSDT,VolatilityExpansion,-1,bear,-0.005105201569419293,1.5,-0.0070552015694192935
2023-06-10 20:00:00+00:00,ETHUSDT,VolatilityExpansion,-1,bear,-0.0035823157604670808,1.5,-0.005532315760467081
2023-06-14 20:00:00+00:00,ETHUSDT,VolatilityExpansion,-1,bear,-0.001087215445788825,1.5,-0.003037215445788825
2023-06-14 21:00:00+00:00,ETHUSDT,VolatilityExpansion,-1,bear,0.010686616630480206,1.5,0.008736616630480205
2023-06-14 22:00:00+00:00,ETHUSDT,VolatilityExpansion,-1,bear,0.008162522741055223,1.5,0.006212522741055222
2023-06-14 23:00:00+00:00,ETHUSDT,VolatilityExpansion,-1,bear,0.0046964288960664735,1.5,0.0027464288960664736
2023-06-15 00:00:00+00:00,ETHUSDT,VolatilityExpansion,-1,bear,0.008775906148573931,1.5,0.006825906148573931
2023-06-15 01:00:00+00:00,ETHUSDT,VolatilityExpansion,-1,bear,0.0004975728155339754,1.5,-0.0014524271844660245
2023-06-15 02:00:00+00:00,ETHUSDT,VolatilityExpansion,-1,bear,0.0033290280329628663,1.5,0.0013790280329628664
2023-06-15 03:00:00+00:00,ETHUSDT,VolatilityExpansion,-1,bear,0.0056753138987649665,1.5,0.0037253138987649666
2023-06-15 04:00:00+00:00,ETHUSDT,VolatilityExpansion,-1,bear,0.005377191493489142,1.5,0.003427191493489142
2023-06-15 05:00:00+00:00,ETHUSDT,VolatilityExpansion,-1,bear,-0.0018036400736030078,1.5,-0.0037536400736030077
2023-06-15 06:00:00+00:00,ETHUSDT,VolatilityExpansion,-1,bear,-0.01983302366516715,1.5,-0.02178302366516715
2023-06-15 07:00:00+00:00,ETHUSDT,VolatilityExpansion,-1,bear,-0.01759886781633746,1.5,-0.01954886781633746
2023-06-15 08:00:00+00:00,ETHUSDT,VolatilityExpansion,-1,bear,-0.01857840146430756,1.5,-0.02052840146430756
2023-06-15 09:00:00+00:00,ETHUSDT,VolatilityExpansion,-1,bear,-0.018229500981165492,1.5,-0.020179500981165492
2023-06-19 18:00:00+00:00,ETHUSDT,VolatilityExpansion,-1,bear,-0.010006019976972036,1.5,-0.011956019976972036
2023-06-19 19:00:00+00:00,ETHUSDT,VolatilityExpansion,-1,bear,-0.003266646552324337,1.5,-0.0052166465523243374
2023-02-10 01:00:00+00:00,SOLUSDT,VolatilityExpansion,-1,bear,0.0004332964228973557,1.5,-0.0019667035771026445
2023-02-13 09:00:00+00:00,SOLUSDT,VolatilityExpansion,-1,bear,-0.00014774686037921647,1.5,-0.0025477468603792167
2023-02-13 10:00:00+00:00,SOLUSDT,VolatilityExpansion,-1,bear,0.0038017253984500288,1.5,0.0014017253984500285
2023-02-13 11:00:00+00:00,SOLUSDT,VolatilityExpansion,-1,bear,-0.014720985963711186,1.5,-0.017120985963711186
2023-02-13 12:00:00+00:00,SOLUSDT,VolatilityExpansion,-1,bear,-0.01114789212345424,1.5,-0.013547892123454239
2023-03-07 20:00:00+00:00,SOLUSDT,VolatilityExpansion,-1,bear,0.03746383318367741,1.5,0.03506383318367741
2023-03-07 21:00:00+00:00,SOLUSDT,VolatilityExpansion,-1,bear,0.028559955829945194,1.5,0.026159955829945195
2023-03-07 22:00:00+00:00,SOLUSDT,VolatilityExpansion,-1,bear,0.02824069454146305,1.5,0.025840694541463052
2023-03-07 23:00:00+00:00,SOLUSDT,VolatilityExpansion,-1,bear,0.044976029259131134,1.5,0.042576029259131135
2023-03-08 00:00:00+00:00,SOLUSDT,VolatilityExpansion,-1,bear,0.06213659209618605,1.5,0.05973659209618605
2023-03-08 18:00:00+00:00,SOLUSDT,VolatilityExpansion,-1,bear,0.0006414368184731734,1.5,-0.0017585631815268269
2023-03-08 23:00:00+00:00,SOLUSDT,VolatilityExpansion,-1,bear,-0.006680425809254986,1.5,-0.009080425809254986
2023-04-03 20:00:00+00:00,SOLUSDT,VolatilityExpansion,-1,bear,-0.0125872750516276,1.5,-0.0149872750516276
2023-04-03 21:00:00+00:00,SOLUSDT,VolatilityExpansion,-1,bear,-0.012904808635917586,1.5,-0.015304808635917586
2023-04-04 00:00:00+00:00,SOLUSDT,VolatilityExpansion,-1,bear,-0.032888278028666784,1.5,-0.035288278028666784
2023-04-04 03:00:00+00:00,SOLUSDT,VolatilityExpansion,-1,bear,-0.021857387895123592,1.5,-0.02425738789512359
2023-04-27 03:00:00+00:00,SOLUSDT,VolatilityExpansion,-1,bear,-0.029010317864248236,1.5,-0.031410317864248236
2023-04-27 05:00:00+00:00,SOLUSDT,VolatilityExpansion,-1,bear,-0.018185982592762384,1.5,-0.020585982592762384
2023-04-27 06:00:00+00:00,SOLUSDT,VolatilityExpansion,-1,bear,-0.03144625046176586,1.5,-0.033846250461765856
2023-04-27 07:00:00+00:00,SOLUSDT,VolatilityExpansion,-1,bear,-0.030287640241931868,1.5,-0.03268764024193187
2023-04-27 08:00:00+00:00,SOLUSDT,VolatilityExpansion,-1,bear,-0.03667855323484459,1.5,-0.03907855323484459
2023-05-08 02:00:00+00:00,SOLUSDT,VolatilityExpansion,-1,bear,0.0008919350295746309,1.5,-0.0015080649704253693
2023-05-08 03:00:00+00:00,SOLUSDT,VolatilityExpansion,-1,bear,0.006904325771452835,1.5,0.004504325771452835
2023-05-08 04:00:00+00:00,SOLUSDT,VolatilityExpansion,-1,bear,0.008318060059213317,1.5,0.005918060059213317
2023-05-08 05:00:00+00:00,SOLUSDT,VolatilityExpansion,-1,bear,0.04275467629271945,1.5,0.04035467629271945
2023-05-08 06:00:00+00:00,SOLUSDT,VolatilityExpansion,-1,bear,0.039047082041161474,1.5,0.036647082041161474
2023-05-08 07:00:00+00:00,SOLUSDT,VolatilityExpansion,-1,bear,0.039083494413275965,1.5,0.036683494413275966
2023-05-08 08:00:00+00:00,SOLUSDT,VolatilityExpansion,-1,bear,0.026383221030653936,1.5,0.023983221030653937
2023-05-08 09:00:00+00:00,SOLUSDT,VolatilityExpansion,-1,bear,0.030191873589164753,1.5,0.027791873589164753
2023-05-08 10:00:00+00:00,SOLUSDT,VolatilityExpansion,-1,bear,0.028719397363465182,1.5,0.026319397363465183
2023-05-21 20:00:00+00:00,SOLUSDT,VolatilityExpansion,-1,bear,-0.0008614137319482573,1.5,-0.0032614137319482575
2023-05-21 21:00:00+00:00,SOLUSDT,VolatilityExpansion,-1,bear,-0.013514202662042729,1.5,-0.01591420266204273
2023-05-21 22:00:00+00:00,SOLUSDT,VolatilityExpansion,-1,bear,-0.012062296416938123,1.5,-0.014462296416938122
2023-05-21 23:00:00+00:00,SOLUSDT,VolatilityExpansion,-1,bear,-0.013313609467455523,1.5,-0.015713609467455522
2023-05-22 00:00:00+00:00,SOLUSDT,VolatilityExpansion,-1,bear,-0.014643921488028067,1.5,-0.017043921488028066
2023-05-22 01:00:00+00:00,SOLUSDT,VolatilityExpansion,-1,bear,-0.020707018805877997,1.5,-0.023107018805877996
2023-05-22 02:00:00+00:00,SOLUSDT,VolatilityExpansion,-1,bear,-0.008845485223438088,1.5,-0.011245485223438087
2023-05-22 03:00:00+00:00,SOLUSDT,VolatilityExpansion,-1,bear,-0.0067595247849243645,1.5,-0.009159524784924364
2023-05-22 04:00:00+00:00,SOLUSDT,VolatilityExpansion,-1,bear,-0.006546310029151625,1.5,-0.008946310029151625
2023-05-22 05:00:00+00:00,SOLUSDT,VolatilityExpansion,-1,bear,-0.0038300480032682493,1.5,-0.00623004800326825
2023-05-22 06:00:00+00:00,SOLUSDT,VolatilityExpansion,-1,bear,-0.0002535754133279333,1.5,-0.0026535754133279335
2023-05-22 07:00:00+00:00,SOLUSDT,VolatilityExpansion,-1,bear,5.080526342537972e-05,1.5,-0.0023491947365746205
2023-06-06 04:00:00+00:00,SOLUSDT,VolatilityExpansion,-1,bear,-0.00620744893872649,1.5,-0.008607448938726489
2023-06-10 00:00:00+00:00,SOLUSDT,VolatilityExpansion,-1,bear,0.14500118175372245,1.5,0.14260118175372244
2023-06-10 01:00:00+00:00,SOLUSDT,VolatilityExpansion,-1,bear,0.13229319988224908,1.5,0.12989319988224907
2023-06-10 02:00:00+00:00,SOLUSDT,VolatilityExpansion,-1,bear,0.10209790209790215,1.5,0.09969790209790215
2023-06-10 03:00:00+00:00,SOLUSDT,VolatilityExpansion,-1,bear,0.09281896922415378,1.5,0.09041896922415378
2023-06-10 04:00:00+00:00,SOLUSDT,VolatilityExpansion,-1,bear,-0.007694421544380381,1.5,-0.01009442154438038
2023-06-10 05:00:00+00:00,SOLUSDT,VolatilityExpansion,-1,bear,-0.08820642266161816,1.5,-0.09060642266161816
2023-06-10 06:00:00+00:00,SOLUSDT,VolatilityExpansion,-1,bear,-0.0698088990302339,1.5,-0.0722088990302339
2023-06-10 07:00:00+00:00,SOLUSDT,VolatilityExpansion,-1,bear,-0.06398943931077605,1.5,-0.06638943931077605
2023-06-10 08:00:00+00:00,SOLUSDT,VolatilityExpansion,-1,bear,-0.03850570830237099,1.5,-0.04090570830237099
2023-06-10 09:00:00+00:00,SOLUSDT,VolatilityExpansion,-1,bear,-0.058602810751807954,1.5,-0.061002810751807954
2023-06-10 10:00:00+00:00,SOLUSDT,VolatilityExpansion,-1,bear,-0.05554063129617193,1.5,-0.05794063129617193
2023-06-10 11:00:00+00:00,SOLUSDT,VolatilityExpansion,-1,bear,-0.04773734389687134,1.5,-0.05013734389687134
2023-06-10 12:00:00+00:00,SOLUSDT,VolatilityExpansion,-1,bear,-0.0655148583275742,1.5,-0.0679148583275742
2023-06-10 13:00:00+00:00,SOLUSDT,VolatilityExpansion,-1,bear,-0.05719907721536166,1.5,-0.05959907721536166
2023-06-10 14:00:00+00:00,SOLUSDT,VolatilityExpansion,-1,bear,-0.06101855614248941,1.5,-0.06341855614248941
2023-06-10 15:00:00+00:00,SOLUSDT,VolatilityExpansion,-1,bear,-0.05289177840986059,1.5,-0.05529177840986059
2023-06-10 16:00:00+00:00,SOLUSDT,VolatilityExpansion,-1,bear,-0.05174882389036606,1.5,-0.05414882389036606
2023-07-17 17:00:00+00:00,BTCUSDT,VolatilityExpansion,-1,bear,-0.0008262370234146665,1.5,-0.0026262370234146665
2023-07-17 18:00:00+00:00,BTCUSDT,VolatilityExpansion,-1,bear,-0.006476631748589812,1.5,-0.008276631748589811
2023-07-17 19:00:00+00:00,BTCUSDT,VolatilityExpansion,-1,bear,-0.0027452385177051397,1.5,-0.004545238517705139
2023-07-17 20:00:00+00:00,BTCUSDT,VolatilityExpansion,-1,bear,-0.003517559375532997,1.5,-0.0053175593755329965
2023-07-17 22:00:00+00:00,BTCUSDT,VolatilityExpansion,-1,bear,0.0038974890601169987,1.5,0.0020974890601169987
2023-07-18 02:00:00+00:00,BTCUSDT,VolatilityExpansion,-1,bear,0.006503708575395617,1.5,0.0047037085753956175
2023-07-18 03:00:00+00:00,BTCUSDT,VolatilityExpansion,-1,bear,0.00561139975651781,1.5,0.00381139975651781
2023-07-18 04:00:00+00:00,BTCUSDT,VolatilityExpansion,-1,bear,0.014028375577873509,1.5,0.012228375577873509
2023-07-18 05:00:00+00:00,BTCUSDT,VolatilityExpansion,-1,bear,0.007742880444732925,1.5,0.005942880444732925
2023-07-18 19:00:00+00:00,BTCUSDT,VolatilityExpansion,-1,bear,-0.00928363212850325,1.5,-0.01108363212850325
2023-07-24 06:00:00+00:00,BTCUSDT,VolatilityExpansion,-1,bear,0.021861172984468324,1.5,0.020061172984468325
2023-07-24 07:00:00+00:00,BTCUSDT,VolatilityExpansion,-1,bear,0.023795629251016193,1.5,0.021995629251016193
2023-07-24 08:00:00+00:00,BTCUSDT,VolatilityExpansion,-1,bear,0.020488165680473402,1.5,0.018688165680473403
2023-07-24 09:00:00+00:00,BTCUSDT,VolatilityExpansion,-1,bear,0.00012001920307247449,1.5,-0.0016799807969275255
2023-07-24 10:00:00+00:00,BTCUSDT,VolatilityExpansion,-1,bear,0.0053057728856239494,1.5,0.0035057728856239495
2023-07-24 11:00:00+00:00,BTCUSDT,VolatilityExpansion,-1,bear,0.0032775455660858377,1.5,0.0014775455660858377
2023-07-24 12:00:00+00:00,BTCUSDT,VolatilityExpansion,-1,bear,0.004113128133180544,1.5,0.0023131281331805436
2023-07-24 13:00:00+00:00,BTCUSDT,VolatilityExpansion,-1,bear,0.003476007322240293,1.5,0.0016760073222402932
2023-07-24 14:00:00+00:00,BTCUSDT,VolatilityExpansion,-1,bear,-0.003006995656561706,1.5,-0.004806995656561706
2023-07-24 15:00:00+00:00,BTCUSDT,VolatilityExpansion,-1,bear,-0.0004710186035157271,1.5,-0.002271018603515727
2023-07-24 16:00:00+00:00,BTCUSDT,VolatilityExpansion,-1,bear,0.0006220337410345333,1.5,-0.0011779662589654666
2023-07-24 17:00:00+00:00,BTCUSDT,VolatilityExpansion,-1,bear,-0.0027246173135480056,1.5,-0.004524617313548005
2023-07-24 18:00:00+00:00,BTCUSDT,VolatilityExpansion,-1,bear,-0.0005976424037588135,1.5,-0.0023976424037588135
2023-07-24 19:00:00+00:00,BTCUSDT,VolatilityExpansion,-1,bear,-0.0008760839391481756,1.5,-0.0026760839391481756
2023-07-24 20:00:00+00:00,BTCUSDT,VolatilityExpansion,-1,bear,-0.0014553142998359192,1.5,-0.003255314299835919
2023-07-24 21:00:00+00:00,BTCUSDT,VolatilityExpansion,-1,bear,0.0001577584580825242,1.5,-0.0016422415419174758
2023-07-24 22:00:00+00:00,BTCUSDT,VolatilityExpansion,-1,bear,2.4011827540193487e-05,1.5,-0.0017759881724598065
2023-07-30 21:00:00+00:00,BTCUSDT,VolatilityExpansion,-1,bear,-0.006220200580917323,1.5,-0.008020200580917323
2023-07-30 22:00:00+00:00,BTCUSDT,VolatilityExpansion,-1,bear,-0.007980539286829291,1.5,-0.00978053928682929
2023-07-30 23:00:00+00:00,BTCUSDT,VolatilityExpansion,-1,bear,-0.004260160157424364,1.5,-0.006060160157424364
2023-08-01 02:00:00+00:00,BTCUSDT,VolatilityExpansion,-1,bear,0.0034961649387567073,1.5,0.0016961649387567074
2023-08-01 03:00:00+00:00,BTCUSDT,VolatilityExpansion,-1,bear,-0.004260915125207765,1.5,-0.006060915125207764
2023-08-01 04:00:00+00:00,BTCUSDT,VolatilityExpansion,-1,bear,-0.0024226922037140497,1.5,-0.004222692203714049
2023-08-01 05:00:00+00:00,BTCUSDT,VolatilityExpansion,-1,bear,-0.0010688158281593196,1.5,-0.0028688158281593196
2023-08-01 06:00:00+00:00,BTCUSDT,VolatilityExpansion,-1,bear,-0.012505147041013798,1.5,-0.014305147041013797
2023-08-07 15:00:00+00:00,BTCUSDT,VolatilityExpansion,-1,bear,-0.011423342991418561,1.5,-0.013223342991418561
2023-08-07 16:00:00+00:00,BTCUSDT,VolatilityExpansion,-1,bear,-0.00990311196219884,1.5,-0.01170311196219884
2023-08-07 17:00:00+00:00,BTCUSDT,VolatilityExpansion,-1,bear,-0.00923522019526879,1.5,-0.011035220195268789
2023-08-16 23:00:00+00:00,BTCUSDT,VolatilityExpansion,-1,bear,0.006073607667233194,1.5,0.0042736076672331945
2023-08-17 00:00:00+00:00,BTCUSDT,VolatilityExpansion,-1,bear,0.002677952573984954,1.5,0.0008779525739849542
2023-08-17 01:00:00+00:00,BTCUSDT,VolatilityExpansion,-1,bear,0.007990357067989673,1.5,0.006190357067989673
2023-08-17 02:00:00+00:00,BTCUSDT,VolatilityExpansion,-1,bear,0.006537228607024326,1.5,0.004737228607024326
2023-08-17 03:00:00+00:00,BTCUSDT,VolatilityExpansion,-1,bear,0.02522736397437464,1.5,0.02342736397437464
2023-08-17 04:00:00+00:00,BTCUSDT,VolatilityExpansion,-1,bear,0.024765509871981894,1.5,0.022965509871981895
2023-08-17 05:00:00+00:00,BTCUSDT,VolatilityExpansion,-1,bear,0.024613034410117307,1.5,0.022813034410117308
2023-08-17 06:00:00+00:00,BTCUSDT,VolatilityExpansion,-1,bear,0.027925986371783895,1.5,0.026125986371783896
2023-08-17 07:00:00+00:00,BTCUSDT,VolatilityExpansion,-1,bear,0.025292610727254194,1.5,0.023492610727254195
2023-08-17 09:00:00+00:00,BTCUSDT,VolatilityExpansion,-1,bear,0.08162865469455716,1.5,0.07982865469455716
2023-08-17 16:00:00+00:00,BTCUSDT,VolatilityExpansion,-1,bear,0.0598299167487244,1.5,0.058029916748724396
2023-08-17 17:00:00+00:00,BTCUSDT,VolatilityExpansion,-1,bear,0.05500607880998354,1.5,0.053206078809983536
2023-08-17 18:00:00+00:00,BTCUSDT,VolatilityExpansion,-1,bear,0.04970762331838563,1.5,0.04790762331838563
2023-08-17 19:00:00+00:00,BTCUSDT,VolatilityExpansion,-1,bear,0.05290899051252451,1.5,0.05110899051252451
2023-08-17 20:00:00+00:00,BTCUSDT,VolatilityExpansion,-1,bear,0.03927557973502993,1.5,0.03747557973502993
2023-08-17 21:00:00+00:00,BTCUSDT,VolatilityExpansion,-1,bear,-0.007234285714285749,1.5,-0.009034285714285748
2023-08-17 22:00:00+00:00,BTCUSDT,VolatilityExpansion,-1,bear,0.013150429264650931,1.5,0.011350429264650932
2023-08-17 23:00:00+00:00,BTCUSDT,VolatilityExpansion,-1,bear,0.0048929525699275,1.5,0.0030929525699275
2023-08-18 00:00:00+00:00,BTCUSDT,VolatilityExpansion,-1,bear,0.015166540060546407,1.5,0.013366540060546408
2023-08-18 01:00:00+00:00,BTCUSDT,VolatilityExpansion,-1,bear,0.0140887954982013,1.5,0.012288795498201301
2023-08-18 02:00:00+00:00,BTCUSDT,VolatilityExpansion,-1,bear,0.017827325410077477,1.5,0.016027325410077477
2023-08-18 03:00:00+00:00,BTCUSDT,VolatilityExpansion,-1,bear,0.014890472220116746,1.5,0.013090472220116747
2023-08-18 04:00:00+00:00,BTCUSDT,VolatilityExpansion,-1,bear,0.013973682707139279,1.5,0.01217368270713928
2023-08-18 05:00:00+00:00,BTCUSDT,VolatilityExpansion,-1,bear,0.016251887224389527,1.5,0.014451887224389528
2023-08-18 06:00:00+00:00,BTCUSDT,VolatilityExpansion,-1,bear,0.014296284551556515,1.5,0.012496284551556516
2023-08-18 07:00:00+00:00,BTCUSDT,VolatilityExpansion,-1,bear,0.013644382860474313,1.5,0.011844382860474314
2023-08-18 08:00:00+00:00,BTCUSDT,VolatilityExpansion,-1,bear,0.01897881626970699,1.5,0.01717881626970699
2023-08-18 09:00:00+00:00,BTCUSDT,VolatilityExpansion,-1,bear,0.014742813918305564,1.5,0.012942813918305564
2023-08-18 10:00:00+00:00,BTCUSDT,VolatilityExpansion,-1,bear,0.014471703394382196,1.5,0.012671703394382196
2023-08-22 21:00:00+00:00,BTCUSDT,VolatilityExpansion,-1,bear,-0.014719870265550217,1.5,-0.016519870265550216
2023-08-22 22:00:00+00:00,BTCUSDT,VolatilityExpansion,-1,bear,-0.006097490066866884,1.5,-0.007897490066866884
2023-08-28 05:00:00+00:00,BTCUSDT,VolatilityExpansion,-1,bear,-0.0068940004084763196,1.5,-0.008694000408476319
2023-08-28 06:00:00+00:00,BTCUSDT,VolatilityExpansion,-1,bear,-0.007696222835726685,1.5,-0.009496222835726684
2023-08-28 07:00:00+00:00,BTCUSDT,VolatilityExpansion,-1,bear,-0.002256674548954507,1.5,-0.0040566745489545065
2023-08-28 08:00:00+00:00,BTCUSDT,VolatilityExpansion,-1,bear,-0.0010172273618747063,1.5,-0.0028172273618747063
2023-08-28 09:00:00+00:00,BTCUSDT,VolatilityExpansion,-1,bear,-0.001763028860435334,1.5,-0.003563028860435334
2023-08-28 10:00:00+00:00,BTCUSDT,VolatilityExpansion,-1,bear,-0.003993447046352516,1.5,-0.005793447046352516
2023-08-28 11:00:00+00:00,BTCUSDT,VolatilityExpansion,-1,bear,-0.004374288264442416,1.5,-0.006174288264442416
2023-09-06 18:00:00+00:00,BTCUSDT,VolatilityExpansion,-1,bear,-0.0051016026917101165,1.5,-0.006901602691710116
2023-09-06 19:00:00+00:00,BTCUSDT,VolatilityExpansion,-1,bear,-0.002780427967834287,1.5,-0.0045804279678342864
2023-09-06 20:00:00+00:00,BTCUSDT,VolatilityExpansion,-1,bear,-0.0023722805445727246,1.5,-0.004172280544572724
2023-09-11 00:00:00+00:00,BTCUSDT,VolatilityExpansion,-1,bear,0.000248876168551293,1.5,-0.001551123831448707
2023-09-11 01:00:00+00:00,BTCUSDT,VolatilityExpansion,-1,bear,0.0027340707275276266,1.5,0.0009340707275276266
2023-09-11 02:00:00+00:00,BTCUSDT,VolatilityExpansion,-1,bear,0.022730099986004948,1.5,0.02093009998600495
2023-09-11 03:00:00+00:00,BTCUSDT,VolatilityExpansion,-1,bear,0.024289279134308228,1.5,0.02248927913430823
2023-09-11 04:00:00+00:00,BTCUSDT,VolatilityExpansion,-1,bear,0.022997427051276498,1.5,0.021197427051276498
2023-09-11 09:00:00+00:00,BTCUSDT,VolatilityExpansion,-1,bear,0.02291349233496065,1.5,0.02111349233496065
2023-09-11 10:00:00+00:00,BTCUSDT,VolatilityExpansion,-1,bear,0.02172931745661144,1.5,0.01992931745661144
2023-09-11 11:00:00+00:00,BTCUSDT,VolatilityExpansion,-1,bear,0.01724771215780041,1.5,0.01544771215780041
2023-09-11 12:00:00+00:00,BTCUSDT,VolatilityExpansion,-1,bear,0.02008230516702192,1.5,0.01828230516702192
2023-09-11 13:00:00+00:00,BTCUSDT,VolatilityExpansion,-1,bear,0.018577822212155093,1.5,0.016777822212155093
2023-09-11 14:00:00+00:00,BTCUSDT,VolatilityExpansion,-1,bear,-0.002239565929956777,1.5,-0.004039565929956777
2023-09-11 15:00:00+00:00,BTCUSDT,VolatilityExpansion,-1,bear,-0.02732009688316661,1.5,-0.02912009688316661
2023-09-11 16:00:00+00:00,BTCUSDT,VolatilityExpansion,-1,bear,-0.022915226768988717,1.5,-0.024715226768988716
2023-09-11 17:00:00+00:00,BTCUSDT,VolatilityExpansion,-1,bear,-0.02198721940809456,1.5,-0.02378721940809456
2023-09-11 18:00:00+00:00,BTCUSDT,VolatilityExpansion,-1,bear,-0.023976333807823602,1.5,-0.0257763338078236
2023-09-11 19:00:00+00:00,BTCUSDT,VolatilityExpansion,-1,bear,-0.032069481210163175,1.5,-0.03386948121016318
2023-09-11 20:00:00+00:00,BTCUSDT,VolatilityExpansion,-1,bear,-0.026775570729840714,1.5,-0.028575570729840714
2023-09-11 21:00:00+00:00,BTCUSDT,VolatilityExpansion,-1,bear,-0.028765444867888235,1.5,-0.030565444867888234
2023-09-11 22:00:00+00:00,BTCUSDT,VolatilityExpansion,-1,bear,-0.04015958822102084,1.5,-0.04195958822102084
2023-09-11 23:00:00+00:00,BTCUSDT,VolatilityExpansion,-1,bear,-0.03724791653413062,1.5,-0.039047916534130624
2023-09-12 00:00:00+00:00,BTCUSDT,VolatilityExpansion,-1,bear,-0.036446776671204884,1.5,-0.038246776671204886
2023-09-12 01:00:00+00:00,BTCUSDT,VolatilityExpansion,-1,bear,-0.04490214960485783,1.5,-0.046702149604857836
2023-09-12 02:00:00+00:00,BTCUSDT,VolatilityExpansion,-1,bear,-0.03580443894075058,1.5,-0.037604438940750586
2023-09-24 19:00:00+00:00,BTCUSDT,VolatilityExpansion,-1,bear,0.009673697153125937,1.5,0.007873697153125938
2023-09-24 20:00:00+00:00,BTCUSDT,VolatilityExpansion,-1,bear,0.013529991354999882,1.5,0.011729991354999882
2023-09-24 21:00:00+00:00,BTCUSDT,VolatilityExpansion,-1,bear,0.01714438789177597,1.5,0.01534438789177597
2023-09-24 22:00:00+00:00,BTCUSDT,VolatilityExpansion,-1,bear,0.015042506505327013,1.5,0.013242506505327014
2023-09-24 23:00:00+00:00,BTCUSDT,VolatilityExpansion,-1,bear,0.006396669767158247,1.5,0.004596669767158248
2023-09-25 00:00:00+00:00,BTCUSDT,VolatilityExpansion,-1,bear,0.005613695435109145,1.5,0.003813695435109145
2023-09-25 01:00:00+00:00,BTCUSDT,VolatilityExpansion,-1,bear,-4.970996149378237e-05,1.5,-0.0018497099614937823
2023-09-25 02:00:00+00:00,BTCUSDT,VolatilityExpansion,-1,bear,0.00279425574311154,1.5,0.00099425574311154
2023-09-25 03:00:00+00:00,BTCUSDT,VolatilityExpansion,-1,bear,-0.0031512323842668444,1.5,-0.004951232384266844
2023-09-25 04:00:00+00:00,BTCUSDT,VolatilityExpansion,-1,bear,-0.0065190444855922625,1.5,-0.008319044485592262
2023-09-25 05:00:00+00:00,BTCUSDT,VolatilityExpansion,-1,bear,-0.009048040421220316,1.5,-0.010848040421220315
2023-09-25 06:00:00+00:00,BTCUSDT,VolatilityExpansion,-1,bear,-0.007276248655559092,1.5,-0.009076248655559092
2023-09-25 07:00:00+00:00,BTCUSDT,VolatilityExpansion,-1,bear,-0.005420851367819335,1.5,-0.007220851367819334
2023-09-25 08:00:00+00:00,BTCUSDT,VolatilityExpansion,-1,bear,-0.00551837097076624,1.5,-0.007318370970766239
2023-09-25 09:00:00+00:00,BTCUSDT,VolatilityExpansion,-1,bear,-0.0083608445297505,1.5,-0.0101608445297505
2023-09-25 10:00:00+00:00,BTCUSDT,VolatilityExpansion,-1,bear,-0.007170217905606124,1.5,-0.008970217905606124
2023-09-25 11:00:00+00:00,BTCUSDT,VolatilityExpansion,-1,bear,-0.008670797444800371,1.5,-0.01047079744480037
2023-09-25 12:00:00+00:00,BTCUSDT,VolatilityExpansion,-1,bear,-0.006047830752721195,1.5,-0.007847830752721194
2023-09-25 13:00:00+00:00,BTCUSDT,VolatilityExpansion,-1,bear,-0.005161931709555256,1.5,-0.006961931709555256
2023-11-15 04:00:00+00:00,BTCUSDT,VolatilityExpansion,-1,bear,-0.021925697029285818,1.5,-0.023725697029285817
2023-12-18 02:00:00+00:00,BTCUSDT,VolatilityExpansion,-1,bear,-0.01738767051647372,1.5,-0.01918767051647372
2023-12-18 03:00:00+00:00,BTCUSDT,VolatilityExpansion,-1,bear,-0.004403143017004396,1.5,-0.006203143017004396
2023-12-26 17:00:00+00:00,BTCUSDT,VolatilityExpansion,-1,bear,-0.01038309975718854,1.5,-0.01218309975718854
2023-12-26 18:00:00+00:00,BTCUSDT,VolatilityExpansion,-1,bear,-0.006201877389097277,1.5,-0.008001877389097276
2023-07-07 00:00:00+00:00,ETHUSDT,VolatilityExpansion,-1,bear,-0.009678468795749184,1.5,-0.011628468795749185
2023-07-24 05:00:00+00:00,ETHUSDT,VolatilityExpansion,-1,bear,0.01484095161721466,1.5,0.012890951617214659
2023-07-24 09:00:00+00:00,ETHUSDT,VolatilityExpansion,-1,bear,-0.004013076438516672,1.5,-0.005963076438516672
2023-07-24 10:00:00+00:00,ETHUSDT,VolatilityExpansion,-1,bear,0.002355025494771401,1.5,0.0004050254947714012
2023-07-30 20:00:00+00:00,ETHUSDT,VolatilityExpansion,-1,bear,-0.0014262811060650193,1.5,-0.0033762811060650193
2023-07-30 21:00:00+00:00,ETHUSDT,VolatilityExpansion,-1,bear,-0.0036819840787782887,1.5,-0.005631984078778289
2023-07-30 22:00:00+00:00,ETHUSDT,VolatilityExpansion,-1,bear,-0.006814126374011353,1.5,-0.008764126374011354
2023-07-30 23:00:00+00:00,ETHUSDT,VolatilityExpansion,-1,bear,-0.0033803210498879466,1.5,-0.005330321049887947
2023-07-31 02:00:00+00:00,ETHUSDT,VolatilityExpansion,-1,bear,0.004910456383593331,1.5,0.0029604563835933313
2023-07-31 03:00:00+00:00,ETHUSDT,VolatilityExpansion,-1,bear,0.006417461489878762,1.5,0.0044674614898787615
2023-07-31 04:00:00+00:00,ETHUSDT,VolatilityExpansion,-1,bear,0.0020025447888201153,1.5,5.254478882011542e-05
2023-07-31 05:00:00+00:00,ETHUSDT,VolatilityExpansion,-1,bear,0.000896408461666498,1.5,-0.001053591538333502
2023-07-31 06:00:00+00:00,ETHUSDT,VolatilityExpansion,-1,bear,0.0030014739380945787,1.5,0.0010514739380945788
2023-07-31 07:00:00+00:00,ETHUSDT,VolatilityExpansion,-1,bear,0.004489837518305451,1.5,0.0025398375183054507
2023-07-31 08:00:00+00:00,ETHUSDT,VolatilityExpansion,-1,bear,0.007940459936283673,1.5,0.005990459936283672
2023-08-01 02:00:00+00:00,ETHUSDT,VolatilityExpansion,-1,bear,0.00048687888750920116,1.5,-0.0014631211124907987
2023-08-01 03:00:00+00:00,ETHUSDT,VolatilityExpansion,-1,bear,-0.004716180167942063,1.5,-0.006666180167942064
2023-08-01 04:00:00+00:00,ETHUSDT,VolatilityExpansion,-1,bear,-0.004669798135369385,1.5,-0.0066197981353693855
2023-08-01 05:00:00+00:00,ETHUSDT,VolatilityExpansion,-1,bear,-0.004155253388445024,1.5,-0.006105253388445024
2023-08-01 06:00:00+00:00,ETHUSDT,VolatilityExpansion,-1,bear,-0.011702133468757037,1.5,-0.013652133468757037
2023-08-07 16:00:00+00:00,ETHUSDT,VolatilityExpansion,-1,bear,-0.009752066115702451,1.5,-0.011702066115702452
2023-08-07 17:00:00+00:00,ETHUSDT,VolatilityExpansion,-1,bear,-0.011040070550625503,1.5,-0.012990070550625503
2023-08-07 18:00:00+00:00,ETHUSDT,VolatilityExpansion,-1,bear,-0.006105160287908751,1.5,-0.008055160287908751
2023-08-07 19:00:00+00:00,ETHUSDT,VolatilityExpansion,-1,bear,-0.0028004756972417333,1.5,-0.004750475697241734
2023-08-07 20:00:00+00:00,ETHUSDT,VolatilityExpansion,-1,bear,-0.0013300347013169844,1.5,-0.0032800347013169843
2023-08-07 21:00:00+00:00,ETHUSDT,VolatilityExpansion,-1,bear,-0.002931860279047349,1.5,-0.0048818602790473495
2023-08-07 22:00:00+00:00,ETHUSDT,VolatilityExpansion,-1,bear,-0.0036673946718774886,1.5,-0.005617394671877489
2023-08-08 01:00:00+00:00,ETHUSDT,VolatilityExpansion,-1,bear,-0.0045668601467527825,1.5,-0.006516860146752783
2023-08-16 20:00:00+00:00,ETHUSDT,VolatilityExpansion,-1,bear,0.009506228790608584,1.5,0.007556228790608584
2023-08-16 21:00:00+00:00,ETHUSDT,VolatilityExpansion,-1,bear,0.010500397491387647,1.5,0.008550397491387647
2023-08-16 22:00:00+00:00,ETHUSDT,VolatilityExpansion,-1,bear,0.013280784261773926,1.5,0.011330784261773925
2023-08-16 23:00:00+00:00,ETHUSDT,VolatilityExpansion,-1,bear,0.010978369734228388,1.5,0.009028369734228388
2023-08-17 00:00:00+00:00,ETHUSDT,VolatilityExpansion,-1,bear,0.0037861915367483068,1.5,0.0018361915367483069
2023-08-17 01:00:00+00:00,ETHUSDT,VolatilityExpansion,-1,bear,0.00728660266322545,1.5,0.00533660266322545
2023-08-17 02:00:00+00:00,ETHUSDT,VolatilityExpansion,-1,bear,0.009363494070529721,1.5,0.007413494070529721
2023-08-17 03:00:00+00:00,ETHUSDT,VolatilityExpansion,-1,bear,0.033052610499849866,1.5,0.031102610499849866
2023-08-17 04:00:00+00:00,ETHUSDT,VolatilityExpansion,-1,bear,0.03232228858709563,1.5,0.030372288587095626
2023-08-17 05:00:00+00:00,ETHUSDT,VolatilityExpansion,-1,bear,0.03382934911111235,1.5,0.03187934911111235
2023-08-17 06:00:00+00:00,ETHUSDT,VolatilityExpansion,-1,bear,0.03726518493853881,1.5,0.03531518493853881
2023-08-17 07:00:00+00:00,ETHUSDT,VolatilityExpansion,-1,bear,0.034419131990952034,1.5,0.032469131990952034
2023-08-17 08:00:00+00:00,ETHUSDT,VolatilityExpansion,-1,bear,0.04141975515305729,1.5,0.03946975515305729
2023-08-17 09:00:00+00:00,ETHUSDT,VolatilityExpansion,-1,bear,0.0970016849481683,1.5,0.0950516849481683
2023-08-17 15:00:00+00:00,ETHUSDT,VolatilityExpansion,-1,bear,0.03562635187997598,1.5,0.03367635187997598
2023-08-17 16:00:00+00:00,ETHUSDT,VolatilityExpansion,-1,bear,0.041327111182630105,1.5,0.039377111182630105
2023-08-17 17:00:00+00:00,ETHUSDT,VolatilityExpansion,-1,bear,0.035685972632328866,1.5,0.033735972632328866
2023-08-17 18:00:00+00:00,ETHUSDT,VolatilityExpansion,-1,bear,0.025864652985934877,1.5,0.023914652985934877
2023-08-17 19:00:00+00:00,ETHUSDT,VolatilityExpansion,-1,bear,0.027449535792606006,1.5,0.025499535792606005
2023-08-17 20:00:00+00:00,ETHUSDT,VolatilityExpansion,-1,bear,0.013615302225947756,1.5,0.011665302225947756
2023-08-17 21:00:00+00:00,ETHUSDT,VolatilityExpansion,-1,bear,-0.0403853164525676,1.5,-0.0423353164525676
2023-08-17 22:00:00+00:00,ETHUSDT,VolatilityExpansion,-1,bear,0.007581031492253754,1.5,0.005631031492253753
2023-08-17 23:00:00+00:00,ETHUSDT,VolatilityExpansion,-1,bear,-0.002433075550267727,1.5,-0.004383075550267727
2023-08-18 00:00:00+00:00,ETHUSDT,VolatilityExpansion,-1,bear,0.009885446851706448,1.5,0.007935446851706447
2023-08-18 01:00:00+00:00,ETHUSDT,VolatilityExpansion,-1,bear,0.009565042287555392,1.5,0.007615042287555392
2023-08-18 02:00:00+00:00,ETHUSDT,VolatilityExpansion,-1,bear,0.00846639081336975,1.5,0.00651639081336975
2023-08-18 03:00:00+00:00,ETHUSDT,VolatilityExpansion,-1,bear,0.009759065611224194,1.5,0.007809065611224193
2023-08-18 04:00:00+00:00,ETHUSDT,VolatilityExpansion,-1,bear,0.0036268591399847283,1.5,0.0016768591399847284
2023-08-18 05:00:00+00:00,ETHUSDT,VolatilityExpansion,-1,bear,0.010270341113533643,1.5,0.008320341113533643
2023-08-18 06:00:00+00:00,ETHUSDT,VolatilityExpansion,-1,bear,0.013225399868633692,1.5,0.011275399868633691
2023-08-18 07:00:00+00:00,ETHUSDT,VolatilityExpansion,-1,bear,0.019406041380616412,1.5,0.017456041380616412
2023-08-18 08:00:00+00:00,ETHUSDT,VolatilityExpansion,-1,bear,0.02227756369022682,1.5,0.02032756369022682
2023-08-18 09:00:00+00:00,ETHUSDT,VolatilityExpansion,-1,bear,0.01284023352358099,1.5,0.01089023352358099
2023-08-18 10:00:00+00:00,ETHUSDT,VolatilityExpansion,-1,bear,0.012394704459121386,1.5,0.010444704459121386
2023-08-22 19:00:00+00:00,ETHUSDT,VolatilityExpansion,-1,bear,-0.012516931412387633,1.5,-0.014466931412387633
2023-08-22 20:00:00+00:00,ETHUSDT,VolatilityExpansion,-1,bear,-0.008213111536385487,1.5,-0.010163111536385487
2023-08-22 21:00:00+00:00,ETHUSDT,VolatilityExpansion,-1,bear,-0.02581389547212165,1.5,-0.02776389547212165
2023-08-22 22:00:00+00:00,ETHUSDT,VolatilityExpansion,-1,bear,-0.014453366275478663,1.5,-0.016403366275478663
2023-08-22 23:00:00+00:00,ETHUSDT,VolatilityExpansion,-1,bear,-0.004349980727933467,1.5,-0.006299980727933467
2023-08-23 00:00:00+00:00,ETHUSDT,VolatilityExpansion,-1,bear,-0.0031429971817178437,1.5,-0.005092997181717844
2023-08-23 01:00:00+00:00,ETHUSDT,VolatilityExpansion,-1,bear,-0.009220031835435183,1.5,-0.011170031835435183
2023-08-23 02:00:00+00:00,ETHUSDT,VolatilityExpansion,-1,bear,-0.011625556624055955,1.5,-0.013575556624055955
2023-08-23 03:00:00+00:00,ETHUSDT,VolatilityExpansion,-1,bear,-0.015615611933343931,1.5,-0.01756561193334393
2023-08-23 04:00:00+00:00,ETHUSDT,VolatilityExpansion,-1,bear,-0.026869701189865314,1.5,-0.028819701189865314
2023-08-23 05:00:00+00:00,ETHUSDT,VolatilityExpansion,-1,bear,-0.027053423185857906,1.5,-0.029003423185857906
2023-08-28 06:00:00+00:00,ETHUSDT,VolatilityExpansion,-1,bear,-0.005609184201711415,1.5,-0.007559184201711415
2023-08-28 09:00:00+00:00,ETHUSDT,VolatilityExpansion,-1,bear,-0.007000152975370932,1.5,-0.008950152975370933
2023-08-28 10:00:00+00:00,ETHUSDT,VolatilityExpansion,-1,bear,-0.007922304003909142,1.5,-0.009872304003909142
2023-08-28 11:00:00+00:00,ETHUSDT,VolatilityExpansion,-1,bear,-0.007916903014888454,1.5,-0.009866903014888455
2023-08-28 19:00:00+00:00,ETHUSDT,VolatilityExpansion,-1,bear,-0.000455699894277517,1.5,-0.002405699894277517
2023-08-28 20:00:00+00:00,ETHUSDT,VolatilityExpansion,-1,bear,0.00110552946964948,1.5,-0.00084447053035052
2023-08-28 21:00:00+00:00,ETHUSDT,VolatilityExpansion,-1,bear,0.0003828204754265929,1.5,-0.001567179524573407
2023-09-06 18:00:00+00:00,ETHUSDT,VolatilityExpansion,-1,bear,-0.005665165377360282,1.5,-0.007615165377360282
2023-09-06 20:00:00+00:00,ETHUSDT,VolatilityExpansion,-1,bear,-0.002825587537930385,1.5,-0.0047755875379303855
2023-09-10 16:00:00+00:00,ETHUSDT,VolatilityExpansion,-1,bear,0.0010788222237376743,1.5,-0.0008711777762623256
2023-09-10 17:00:00+00:00,ETHUSDT,VolatilityExpansion,-1,bear,-0.005529225908372792,1.5,-0.007479225908372793
2023-09-10 18:00:00+00:00,ETHUSDT,VolatilityExpansion,-1,bear,-0.0019110849129773122,1.5,-0.003861084912977312
2023-09-10 19:00:00+00:00,ETHUSDT,VolatilityExpansion,-1,bear,0.003012737632000717,1.5,0.0010627376320007172
2023-09-10 20:00:00+00:00,ETHUSDT,VolatilityExpansion,-1,bear,0.007673914252349534,1.5,0.005723914252349534
2023-09-10 22:00:00+00:00,ETHUSDT,VolatilityExpansion,-1,bear,0.01841165494828667,1.5,0.01646165494828667
2023-09-10 23:00:00+00:00,ETHUSDT,VolatilityExpansion,-1,bear,0.01893025500167045,1.5,0.016980255001670448
2023-09-11 00:00:00+00:00,ETHUSDT,VolatilityExpansion,-1,bear,0.009768768526171256,1.5,0.007818768526171256
2023-09-11 01:00:00+00:00,ETHUSDT,VolatilityExpansion,-1,bear,0.012588238952638608,1.5,0.010638238952638608
2023-09-11 02:00:00+00:00,ETHUSDT,VolatilityExpansion,-1,bear,0.03334946216548185,1.5,0.031399462165481846
2023-09-11 03:00:00+00:00,ETHUSDT,VolatilityExpansion,-1,bear,0.03116779989081342,1.5,0.02921779989081342
2023-09-11 04:00:00+00:00,ETHUSDT,VolatilityExpansion,-1,bear,0.03342353861241121,1.5,0.03147353861241121
2023-09-11 05:00:00+00:00,ETHUSDT,VolatilityExpansion,-1,bear,0.03309189650586686,1.5,0.031141896505866858
2023-09-11 06:00:00+00:00,ETHUSDT,VolatilityExpansion,-1,bear,0.03679872176772592,1.5,0.03484872176772592
2023-09-11 07:00:00+00:00,ETHUSDT,VolatilityExpansion,-1,bear,0.045290675668128944,1.5,0.04334067566812894
2023-09-11 08:00:00+00:00,ETHUSDT,VolatilityExpansion,-1,bear,0.040465738924690964,1.5,0.03851573892469096
2023-09-11 09:00:00+00:00,ETHUSDT,VolatilityExpansion,-1,bear,0.03130571249215308,1.5,0.02935571249215308
2023-09-11 10:00:00+00:00,ETHUSDT,VolatilityExpansion,-1,bear,0.02625963808025178,1.5,0.02430963808025178
2023-09-11 11:00:00+00:00,ETHUSDT,VolatilityExpansion,-1,bear,0.02196901385359451,1.5,0.02001901385359451
2023-09-11 12:00:00+00:00,ETHUSDT,VolatilityExpansion,-1,bear,0.02311892061499843,1.5,0.021168920614998428
2023-09-11 13:00:00+00:00,ETHUSDT,VolatilityExpansion,-1,bear,0.02259385235575706,1.5,0.02064385235575706
2023-09-11 14:00:00+00:00,ETHUSDT,VolatilityExpansion,-1,bear,0.0010973778445189097,1.5,-0.0008526221554810902
2023-09-11 15:00:00+00:00,ETHUSDT,VolatilityExpansion,-1,bear,-0.014337032317553344,1.5,-0.016287032317553345
2023-09-11 16:00:00+00:00,ETHUSDT,VolatilityExpansion,-1,bear,-0.015591187254782257,1.5,-0.017541187254782258
2023-09-11 17:00:00+00:00,ETHUSDT,VolatilityExpansion,-1,bear,-0.010855867093992444,1.5,-0.012805867093992444
2023-09-11 18:00:00+00:00,ETHUSDT,VolatilityExpansion,-1,bear,-0.014794573394200539,1.5,-0.01674457339420054
2023-09-11 19:00:00+00:00,ETHUSDT,VolatilityExpansion,-1,bear,-0.02636812686858203,1.5,-0.02831812686858203
2023-09-11 20:00:00+00:00,ETHUSDT,VolatilityExpansion,-1,bear,-0.02343856461503524,1.5,-0.02538856461503524
2023-09-11 21:00:00+00:00,ETHUSDT,VolatilityExpansion,-1,bear,-0.029271675101903094,1.5,-0.031221675101903094
2023-09-11 22:00:00+00:00,ETHUSDT,VolatilityExpansion,-1,bear,-0.04255277889102915,1.5,-0.04450277889102915
2023-09-11 23:00:00+00:00,ETHUSDT,VolatilityExpansion,-1,bear,-0.03724645717012032,1.5,-0.03919645717012032
2023-09-12 00:00:00+00:00,ETHUSDT,VolatilityExpansion,-1,bear,-0.030379340249895526,1.5,-0.032329340249895526
2023-09-12 01:00:00+00:00,ETHUSDT,VolatilityExpansion,-1,bear,-0.035869642270240254,1.5,-0.037819642270240254
2023-09-12 02:00:00+00:00,ETHUSDT,VolatilityExpansion,-1,bear,-0.02574925315601817,1.5,-0.02769925315601817
2023-09-24 19:00:00+00:00,ETHUSDT,VolatilityExpansion,-1,bear,0.002977485916870082,1.5,0.0010274859168700819
2023-09-24 20:00:00+00:00,ETHUSDT,VolatilityExpansion,-1,bear,0.007623696360502641,1.5,0.0056736963605026405
2023-09-24 21:00:00+00:00,ETHUSDT,VolatilityExpansion,-1,bear,0.010602218600758717,1.5,0.008652218600758717
2023-09-24 22:00:00+00:00,ETHUSDT,VolatilityExpansion,-1,bear,0.009530884093369885,1.5,0.007580884093369884
2023-09-24 23:00:00+00:00,ETHUSDT,VolatilityExpansion,-1,bear,0.007613972240330669,1.5,0.005663972240330668
2023-09-25 00:00:00+00:00,ETHUSDT,VolatilityExpansion,-1,bear,0.005749673889641649,1.5,0.003799673889641649
2023-09-25 01:00:00+00:00,ETHUSDT,VolatilityExpansion,-1,bear,-0.0010098251541730274,1.5,-0.0029598251541730273
2023-09-25 02:00:00+00:00,ETHUSDT,VolatilityExpansion,-1,bear,0.0026340617104937403,1.5,0.0006840617104937404
2023-09-25 03:00:00+00:00,ETHUSDT,VolatilityExpansion,-1,bear,-0.004362714013950608,1.5,-0.0063127140139506085
2023-09-25 04:00:00+00:00,ETHUSDT,VolatilityExpansion,-1,bear,-0.007540713516253739,1.5,-0.009490713516253739
2023-09-25 05:00:00+00:00,ETHUSDT,VolatilityExpansion,-1,bear,-0.010224157189276939,1.5,-0.01217415718927694
2023-09-25 06:00:00+00:00,ETHUSDT,VolatilityExpansion,-1,bear,-0.00813111180120285,1.5,-0.01008111180120285
2023-09-25 07:00:00+00:00,ETHUSDT,VolatilityExpansion,-1,bear,-0.006567458811024274,1.5,-0.008517458811024274
2023-09-25 08:00:00+00:00,ETHUSDT,VolatilityExpansion,-1,bear,-0.00502643155052418,1.5,-0.00697643155052418
2023-09-25 09:00:00+00:00,ETHUSDT,VolatilityExpansion,-1,bear,-0.009011472615807259,1.5,-0.01096147261580726
2023-09-25 10:00:00+00:00,ETHUSDT,VolatilityExpansion,-1,bear,-0.00813530021164488,1.5,-0.01008530021164488
2023-09-25 11:00:00+00:00,ETHUSDT,VolatilityExpansion,-1,bear,-0.012583229164009335,1.5,-0.014533229164009336
2023-09-25 12:00:00+00:00,ETHUSDT,VolatilityExpansion,-1,bear,-0.01057860713944514,1.5,-0.01252860713944514
2023-09-25 13:00:00+00:00,ETHUSDT,VolatilityExpansion,-1,bear,-0.009250564677816486,1.5,-0.011200564677816487
2023-10-09 09:00:00+00:00,ETHUSDT,VolatilityExpansion,-1,bear,0.008149186023863275,1.5,0.006199186023863275
2023-10-09 10:00:00+00:00,ETHUSDT,VolatilityExpansion,-1,bear,0.011763082981151474,1.5,0.009813082981151473
2023-10-09 11:00:00+00:00,ETHUSDT,VolatilityExpansion,-1,bear,0.006516706924315607,1.5,0.004566706924315607
2023-10-09 12:00:00+00:00,ETHUSDT,VolatilityExpansion,-1,bear,0.0057438652240799914,1.5,0.0037938652240799915
2023-10-09 13:00:00+00:00,ETHUSDT,VolatilityExpansion,-1,bear,0.009244673172874807,1.5,0.007294673172874806
2023-10-09 14:00:00+00:00,ETHUSDT,VolatilityExpansion,-1,bear,0.0006916629463583623,1.5,-0.0012583370536416376
2023-10-09 15:00:00+00:00,ETHUSDT,VolatilityExpansion,-1,bear,0.0009649161532010453,1.5,-0.0009850838467989546
2023-10-09 16:00:00+00:00,ETHUSDT,VolatilityExpansion,-1,bear,-0.009147876863839999,1.5,-0.011097876863839999
2023-10-09 17:00:00+00:00,ETHUSDT,VolatilityExpansion,-1,bear,-0.0036526847549471775,1.5,-0.005602684754947178
2023-10-09 18:00:00+00:00,ETHUSDT,VolatilityExpansion,-1,bear,-0.008048455635187413,1.5,-0.009998455635187413
2023-10-09 19:00:00+00:00,ETHUSDT,VolatilityExpansion,-1,bear,-0.005522555178107069,1.5,-0.0074725551781070695
2023-10-09 20:00:00+00:00,ETHUSDT,VolatilityExpansion,-1,bear,-0.008734289704202203,1.5,-0.010684289704202203
2023-10-09 21:00:00+00:00,ETHUSDT,VolatilityExpansion,-1,bear,-0.006385364339513977,1.5,-0.008335364339513977
2023-10-09 22:00:00+00:00,ETHUSDT,VolatilityExpansion,-1,bear,-0.005748512112482951,1.5,-0.007698512112482951
2023-12-18 11:00:00+00:00,ETHUSDT,VolatilityExpansion,-1,bear,-0.03613074823265894,1.5,-0.03808074823265894
2023-07-24 10:00:00+00:00,SOLUSDT,VolatilityExpansion,-1,bear,0.015027782454958727,1.5,0.012627782454958728
2023-07-24 14:00:00+00:00,SOLUSDT,VolatilityExpansion,-1,bear,-0.009468881811138807,1.5,-0.011868881811138807
2023-07-24 15:00:00+00:00,SOLUSDT,VolatilityExpansion,-1,bear,-0.006895362868470922,1.5,-0.009295362868470922
2023-07-24 16:00:00+00:00,SOLUSDT,VolatilityExpansion,-1,bear,0.005142930613294405,1.5,0.002742930613294405
2023-07-24 17:00:00+00:00,SOLUSDT,VolatilityExpansion,-1,bear,-0.003618350204608989,1.5,-0.006018350204608989
2023-07-24 18:00:00+00:00,SOLUSDT,VolatilityExpansion,-1,bear,0.009534396511180376,1.5,0.007134396511180376
2023-07-24 19:00:00+00:00,SOLUSDT,VolatilityExpansion,-1,bear,0.008844618092825551,1.5,0.006444618092825551
2023-07-24 20:00:00+00:00,SOLUSDT,VolatilityExpansion,-1,bear,0.006894779666823614,1.5,0.004494779666823614
2023-07-31 03:00:00+00:00,SOLUSDT,VolatilityExpansion,-1,bear,0.0287036661118103,1.5,0.0263036661118103
2023-07-31 04:00:00+00:00,SOLUSDT,VolatilityExpansion,-1,bear,0.017642243143675795,1.5,0.015242243143675796
2023-07-31 05:00:00+00:00,SOLUSDT,VolatilityExpansion,-1,bear,0.012334549030856845,1.5,0.009934549030856846
2023-07-31 06:00:00+00:00,SOLUSDT,VolatilityExpansion,-1,bear,0.026977389600848833,1.5,0.024577389600848834
2023-07-31 07:00:00+00:00,SOLUSDT,VolatilityExpansion,-1,bear,0.033450416598595156,1.5,0.031050416598595157
2023-07-31 08:00:00+00:00,SOLUSDT,VolatilityExpansion,-1,bear,0.03497984281467603,1.5,0.03257984281467603
2023-08-01 02:00:00+00:00,SOLUSDT,VolatilityExpansion,-1,bear,0.011883388903137448,1.5,0.009483388903137449
2023-08-17 01:00:00+00:00,SOLUSDT,VolatilityExpansion,-1,bear,0.0034846203484619753,1.5,0.001084620348461975
2023-08-17 21:00:00+00:00,SOLUSDT,VolatilityExpansion,-1,bear,-0.03292568203198498,1.5,-0.03532568203198498
2023-08-17 22:00:00+00:00,SOLUSDT,VolatilityExpansion,-1,bear,0.0013184215311874414,1.5,-0.0010815784688125588
2023-08-17 23:00:00+00:00,SOLUSDT,VolatilityExpansion,-1,bear,-0.015694239290989564,1.5,-0.018094239290989564
2023-08-18 00:00:00+00:00,SOLUSDT,VolatilityExpansion,-1,bear,0.004416518690525062,1.5,0.0020165186905250617
2023-08-18 01:00:00+00:00,SOLUSDT,VolatilityExpansion,-1,bear,-0.007255694342395369,1.5,-0.009655694342395368
2023-08-18 02:00:00+00:00,SOLUSDT,VolatilityExpansion,-1,bear,-0.021290503314968623,1.5,-0.023690503314968622
2023-08-18 03:00:00+00:00,SOLUSDT,VolatilityExpansion,-1,bear,-0.002738835762696068,1.5,-0.005138835762696068
2023-08-18 04:00:00+00:00,SOLUSDT,VolatilityExpansion,-1,bear,0.014484679665738076,1.5,0.012084679665738077
2023-08-18 05:00:00+00:00,SOLUSDT,VolatilityExpansion,-1,bear,0.022832303820635946,1.5,0.020432303820635947
2023-08-18 06:00:00+00:00,SOLUSDT,VolatilityExpansion,-1,bear,0.025164361822715975,1.5,0.022764361822715976
2023-08-18 07:00:00+00:00,SOLUSDT,VolatilityExpansion,-1,bear,0.03623844899438311,1.5,0.03383844899438311
2023-08-18 08:00:00+00:00,SOLUSDT,VolatilityExpansion,-1,bear,0.038922291035667356,1.5,0.036522291035667356
2023-08-18 09:00:00+00:00,SOLUSDT,VolatilityExpansion,-1,bear,0.028095259778698534,1.5,0.025695259778698534
2023-08-18 10:00:00+00:00,SOLUSDT,VolatilityExpansion,-1,bear,0.026266672736377172,1.5,0.023866672736377173
2023-08-21 15:00:00+00:00,SOLUSDT,VolatilityExpansion,-1,bear,-0.01873762495774356,1.5,-0.02113762495774356
2023-08-21 16:00:00+00:00,SOLUSDT,VolatilityExpansion,-1,bear,-0.0039215686274509665,1.5,-0.006321568627450967
2023-08-21 17:00:00+00:00,SOLUSDT,VolatilityExpansion,-1,bear,0.004172000189636371,1.5,0.001772000189636371
2023-08-21 18:00:00+00:00,SOLUSDT,VolatilityExpansion,-1,bear,-0.004378242040641522,1.5,-0.0067782420406415226
2023-08-21 22:00:00+00:00,SOLUSDT,VolatilityExpansion,-1,bear,0.011161870673009111,1.5,0.008761870673009112
2023-08-21 23:00:00+00:00,SOLUSDT,VolatilityExpansion,-1,bear,0.012272255262909537,1.5,0.009872255262909538
2023-08-22 21:00:00+00:00,SOLUSDT,VolatilityExpansion,-1,bear,-0.043986357708897694,1.5,-0.046386357708897694
2023-08-22 22:00:00+00:00,SOLUSDT,VolatilityExpansion,-1,bear,-0.019078526823032016,1.5,-0.021478526823032015
2023-08-22 23:00:00+00:00,SOLUSDT,VolatilityExpansion,-1,bear,-0.0024306061931844702,1.5,-0.0048306061931844705
2023-08-23 00:00:00+00:00,SOLUSDT,VolatilityExpansion,-1,bear,-0.00019495077492925894,1.5,-0.002594950774929259
2023-08-23 01:00:00+00:00,SOLUSDT,VolatilityExpansion,-1,bear,-0.008404994412865019,1.5,-0.010804994412865018
2023-08-23 03:00:00+00:00,SOLUSDT,VolatilityExpansion,-1,bear,-0.015745735529960614,1.5,-0.018145735529960613
2023-08-23 04:00:00+00:00,SOLUSDT,VolatilityExpansion,-1,bear,-0.030551777734602492,1.5,-0.03295177773460249
2023-09-10 04:00:00+00:00,SOLUSDT,VolatilityExpansion,-1,bear,0.01660948646735283,1.5,0.01420948646735283
2023-09-10 05:00:00+00:00,SOLUSDT,VolatilityExpansion,-1,bear,0.022575205352771577,1.5,0.020175205352771577
2023-09-10 06:00:00+00:00,SOLUSDT,VolatilityExpansion,-1,bear,0.024070376167089513,1.5,0.021670376167089514
2023-09-10 07:00:00+00:00,SOLUSDT,VolatilityExpansion,-1,bear,0.01874156089657042,1.5,0.01634156089657042
2023-09-10 08:00:00+00:00,SOLUSDT,VolatilityExpansion,-1,bear,-0.0008729812309036244,1.5,-0.0032729812309036247
2023-09-10 09:00:00+00:00,SOLUSDT,VolatilityExpansion,-1,bear,-0.008025331659114343,1.5,-0.010425331659114342
2023-09-10 10:00:00+00:00,SOLUSDT,VolatilityExpansion,-1,bear,-0.00218770509735311,1.5,-0.00458770509735311
2023-09-10 11:00:00+00:00,SOLUSDT,VolatilityExpansion,-1,bear,0.005350221106076303,1.5,0.0029502211060763025
2023-09-10 12:00:00+00:00,SOLUSDT,VolatilityExpansion,-1,bear,0.01838455262442218,1.5,0.01598455262442218
2023-09-10 13:00:00+00:00,SOLUSDT,VolatilityExpansion,-1,bear,0.008936355710549293,1.5,0.006536355710549293
2023-09-10 14:00:00+00:00,SOLUSDT,VolatilityExpansion,-1,bear,-0.010378712597990392,1.5,-0.012778712597990391
2023-09-10 15:00:00+00:00,SOLUSDT,VolatilityExpansion,-1,bear,-0.00797360461919161,1.5,-0.01037360461919161
2023-09-10 16:00:00+00:00,SOLUSDT,VolatilityExpansion,-1,bear,-0.007642042308118269,1.5,-0.010042042308118268
2023-09-10 17:00:00+00:00,SOLUSDT,VolatilityExpansion,-1,bear,-0.0237644701691897,1.5,-0.0261644701691897
2023-09-10 18:00:00+00:00,SOLUSDT,VolatilityExpansion,-1,bear,-0.011391285113912852,1.5,-0.013791285113912852
2023-09-10 19:00:00+00:00,SOLUSDT,VolatilityExpansion,-1,bear,-0.00126603181592988,1.5,-0.0036660318159298802
2023-09-10 20:00:00+00:00,SOLUSDT,VolatilityExpansion,-1,bear,0.018698211949411236,1.5,0.016298211949411237
2023-09-10 22:00:00+00:00,SOLUSDT,VolatilityExpansion,-1,bear,0.03825375170532064,1.5,0.03585375170532064
2023-09-10 23:00:00+00:00,SOLUSDT,VolatilityExpansion,-1,bear,0.03139407244785941,1.5,0.028994072447859412
2023-09-11 00:00:00+00:00,SOLUSDT,VolatilityExpansion,-1,bear,0.012245802626475344,1.5,0.009845802626475345
2023-09-11 01:00:00+00:00,SOLUSDT,VolatilityExpansion,-1,bear,0.03244075438500027,1.5,0.03004075438500027
2023-09-11 02:00:00+00:00,SOLUSDT,VolatilityExpansion,-1,bear,0.0386842967981641,1.5,0.0362842967981641
2023-09-11 03:00:00+00:00,SOLUSDT,VolatilityExpansion,-1,bear,0.027441352973267663,1.5,0.025041352973267664
2023-09-11 04:00:00+00:00,SOLUSDT,VolatilityExpansion,-1,bear,0.02692899538360094,1.5,0.02452899538360094
2024-01-02 00:00:00+00:00,BTCUSDT,VolatilityExpansion,1,bull,0.0038822745613626974,1.5,0.0020822745613626975
2024-01-02 01:00:00+00:00,BTCUSDT,VolatilityExpansion,1,bull,0.01691206748800833,1.5,0.015112067488008332
2024-01-02 02:00:00+00:00,BTCUSDT,VolatilityExpansion,1,bull,-0.0027829150154117244,1.5,-0.004582915015411724
2024-01-02 03:00:00+00:00,BTCUSDT,VolatilityExpansion,1,bull,-0.004839891801236562,1.5,-0.006639891801236562
2024-01-02 04:00:00+00:00,BTCUSDT,VolatilityExpansion,1,bull,0.004023312652754241,1.5,0.0022233126527542407
2024-01-02 05:00:00+00:00,BTCUSDT,VolatilityExpansion,1,bull,-0.004798952634116338,1.5,-0.0065989526341163375
2024-01-02 06:00:00+00:00,BTCUSDT,VolatilityExpansion,1,bull,-0.00030750239475785257,1.5,-0.0021075023947578525
2024-01-02 07:00:00+00:00,BTCUSDT,VolatilityExpansion,1,bull,-0.009284414316988898,1.5,-0.011084414316988898
2024-01-02 08:00:00+00:00,BTCUSDT,VolatilityExpansion,1,bull,-0.02164271620890168,1.5,-0.02344271620890168
2024-01-02 09:00:00+00:00,BTCUSDT,VolatilityExpansion,1,bull,-0.012573802755302843,1.5,-0.014373802755302843
2024-01-02 10:00:00+00:00,BTCUSDT,VolatilityExpansion,1,bull,-0.014215092529519913,1.5,-0.016015092529519912
2024-01-02 11:00:00+00:00,BTCUSDT,VolatilityExpansion,1,bull,-0.01114609073401518,1.5,-0.012946090734015179
2024-01-02 12:00:00+00:00,BTCUSDT,VolatilityExpansion,1,bull,-0.0041230203439084345,1.5,-0.005923020343908434
2024-01-02 13:00:00+00:00,BTCUSDT,VolatilityExpansion,1,bull,-0.007407050706777829,1.5,-0.009207050706777829
2024-01-02 14:00:00+00:00,BTCUSDT,VolatilityExpansion,1,bull,0.00042390188437635423,1.5,-0.0013760981156236457
2024-01-08 12:00:00+00:00,BTCUSDT,VolatilityExpansion,1,bull,0.035019921113719876,1.5,0.03321992111371987
2024-01-08 13:00:00+00:00,BTCUSDT,VolatilityExpansion,1,bull,0.036935695377360744,1.5,0.03513569537736074
2024-01-08 14:00:00+00:00,BTCUSDT,VolatilityExpansion,1,bull,0.04465764924956561,1.5,0.04285764924956561
2024-01-08 15:00:00+00:00,BTCUSDT,VolatilityExpansion,1,bull,0.04365383802871725,1.5,0.04185383802871725
2024-01-08 16:00:00+00:00,BTCUSDT,VolatilityExpansion,1,bull,0.04154715360497385,1.5,0.03974715360497385
2024-01-08 17:00:00+00:00,BTCUSDT,VolatilityExpansion,1,bull,0.02361562982680998,1.5,0.02181562982680998
2024-01-08 18:00:00+00:00,BTCUSDT,VolatilityExpansion,1,bull,-0.003734306438804458,1.5,-0.005534306438804457
2024-01-08 19:00:00+00:00,BTCUSDT,VolatilityExpansion,1,bull,-0.0035335087678244337,1.5,-0.005333508767824433
2024-01-08 20:00:00+00:00,BTCUSDT,VolatilityExpansion,1,bull,-0.005211972792604547,1.5,-0.007011972792604546
2024-01-08 21:00:00+00:00,BTCUSDT,VolatilityExpansion,1,bull,-0.012517202127117266,1.5,-0.014317202127117266
2024-01-08 22:00:00+00:00,BTCUSDT,VolatilityExpansion,1,bull,-0.011941809735106279,1.5,-0.013741809735106279
2024-01-08 23:00:00+00:00,BTCUSDT,VolatilityExpansion,1,bull,-0.007412832161728278,1.5,-0.009212832161728277
2024-01-09 00:00:00+00:00,BTCUSDT,VolatilityExpansion,1,bull,-0.010856363118355361,1.5,-0.01265636311835536
2024-01-09 01:00:00+00:00,BTCUSDT,VolatilityExpansion,1,bull,0.0055909822866344605,1.5,0.0037909822866344606
2024-01-09 02:00:00+00:00,BTCUSDT,VolatilityExpansion,1,bull,-0.004864547154688759,1.5,-0.006664547154688758
2024-01-09 03:00:00+00:00,BTCUSDT,VolatilityExpansion,1,bull,-0.0013615240546568375,1.5,-0.0031615240546568374
2024-01-09 04:00:00+00:00,BTCUSDT,VolatilityExpansion,1,bull,0.0020253640527789774,1.5,0.0002253640527789774
2024-01-10 22:00:00+00:00,BTCUSDT,VolatilityExpansion,1,bull,-0.0007909182966476802,1.5,-0.00259091829664768
2024-01-10 23:00:00+00:00,BTCUSDT,VolatilityExpansion,1,bull,0.008689968497524792,1.5,0.006889968497524792
2024-01-11 00:00:00+00:00,BTCUSDT,VolatilityExpansion,1,bull,0.01660378652029615,1.5,0.01480378652029615
2024-01-11 01:00:00+00:00,BTCUSDT,VolatilityExpansion,1,bull,0.017692074475290642,1.5,0.015892074475290643
2024-02-09 14:00:00+00:00,BTCUSDT,VolatilityExpansion,1,bull,0.005228858195916342,1.5,0.0034288581959163416
2024-02-09 15:00:00+00:00,BTCUSDT,VolatilityExpansion,1,bull,0.004877272630842144,1.5,0.0030772726308421444
2024-02-09 18:00:00+00:00,BTCUSDT,VolatilityExpansion,1,bull,-0.005167801173105557,1.5,-0.006967801173105557
2024-02-09 19:00:00+00:00,BTCUSDT,VolatilityExpansion,1,bull,-0.007492687364566208,1.5,-0.009292687364566208
2024-02-09 20:00:00+00:00,BTCUSDT,VolatilityExpansion,1,bull,-0.00869281389839438,1.5,-0.01049281389839438
2024-02-09 21:00:00+00:00,BTCUSDT,VolatilityExpansion,1,bull,-0.009056044277738318,1.5,-0.010856044277738317
2024-02-12 18:00:00+00:00,BTCUSDT,VolatilityExpansion,1,bull,0.005511158991510223,1.5,0.0037111589915102233
2024-02-12 19:00:00+00:00,BTCUSDT,VolatilityExpansion,1,bull,0.00956688646285575,1.5,0.007766886462855751
2024-02-12 20:00:00+00:00,BTCUSDT,VolatilityExpansion,1,bull,-0.0005161676050022823,1.5,-0.0023161676050022823
2024-02-12 21:00:00+00:00,BTCUSDT,VolatilityExpansion,1,bull,0.008072574916625497,1.5,0.006272574916625497
2024-02-12 22:00:00+00:00,BTCUSDT,VolatilityExpansion,1,bull,-0.0032494004796163045,1.5,-0.005049400479616304
2024-02-12 23:00:00+00:00,BTCUSDT,VolatilityExpansion,1,bull,0.0012093641627757279,1.5,-0.0005906358372242721
2024-02-13 00:00:00+00:00,BTCUSDT,VolatilityExpansion,1,bull,-0.0049316708229425466,1.5,-0.006731670822942546
2024-02-13 01:00:00+00:00,BTCUSDT,VolatilityExpansion,1,bull,-0.012330124377762264,1.5,-0.014130124377762263
2024-02-13 02:00:00+00:00,BTCUSDT,VolatilityExpansion,1,bull,-0.025175508112997624,1.5,-0.026975508112997624
2024-02-13 03:00:00+00:00,BTCUSDT,VolatilityExpansion,1,bull,-0.021295260961297968,1.5,-0.023095260961297968
2024-02-20 19:00:00+00:00,BTCUSDT,VolatilityExpansion,1,bull,-0.010191593517893227,1.5,-0.011991593517893227
2024-02-20 20:00:00+00:00,BTCUSDT,VolatilityExpansion,1,bull,-0.0060576932319552634,1.5,-0.007857693231955263
2024-02-20 21:00:00+00:00,BTCUSDT,VolatilityExpansion,1,bull,-0.017993544916621862,1.5,-0.01979354491662186
2024-02-20 22:00:00+00:00,BTCUSDT,VolatilityExpansion,1,bull,-0.017210658614717378,1.5,-0.019010658614717377
2024-02-20 23:00:00+00:00,BTCUSDT,VolatilityExpansion,1,bull,-0.02503379715587617,1.5,-0.02683379715587617
2024-02-21 00:00:00+00:00,BTCUSDT,VolatilityExpansion,1,bull,-0.016674520260356207,1.5,-0.018474520260356207
2024-02-26 16:00:00+00:00,BTCUSDT,VolatilityExpansion,1,bull,0.044613568018802674,1.5,0.04281356801880267
2024-02-26 17:00:00+00:00,BTCUSDT,VolatilityExpansion,1,bull,0.048197945845004586,1.5,0.04639794584500458
2024-02-26 18:00:00+00:00,BTCUSDT,VolatilityExpansion,1,bull,0.051683176440751266,1.5,0.04988317644075126
2024-02-26 19:00:00+00:00,BTCUSDT,VolatilityExpansion,1,bull,0.028768851593216516,1.5,0.026968851593216516
2024-02-26 20:00:00+00:00,BTCUSDT,VolatilityExpansion,1,bull,0.03305751758485975,1.5,0.03125751758485975
2024-02-26 21:00:00+00:00,BTCUSDT,VolatilityExpansion,1,bull,0.03615546245380208,1.5,0.034355462453802076
2024-02-26 22:00:00+00:00,BTCUSDT,VolatilityExpansion,1,bull,0.03397312859884827,1.5,0.032173128598848265
2024-02-26 23:00:00+00:00,BTCUSDT,VolatilityExpansion,1,bull,0.03796799586143895,1.5,0.03616799586143895
2024-02-27 00:00:00+00:00,BTCUSDT,VolatilityExpansion,1,bull,0.041081263244265864,1.5,0.03928126324426586
2024-02-27 01:00:00+00:00,BTCUSDT,VolatilityExpansion,1,bull,0.023338041759984884,1.5,0.021538041759984885
2024-02-27 02:00:00+00:00,BTCUSDT,VolatilityExpansion,1,bull,0.010441476692752527,1.5,0.008641476692752528
2024-02-27 03:00:00+00:00,BTCUSDT,VolatilityExpansion,1,bull,0.01796385712825721,1.5,0.01616385712825721
2024-02-27 04:00:00+00:00,BTCUSDT,VolatilityExpansion,1,bull,0.022591046701180506,1.5,0.020791046701180507
2024-02-27 05:00:00+00:00,BTCUSDT,VolatilityExpansion,1,bull,0.011991569735850582,1.5,0.010191569735850583
2024-02-27 06:00:00+00:00,BTCUSDT,VolatilityExpansion,1,bull,0.013414024349158282,1.5,0.011614024349158283
2024-02-27 07:00:00+00:00,BTCUSDT,VolatilityExpansion,1,bull,0.02300530658590616,1.5,0.02120530658590616
2024-02-27 08:00:00+00:00,BTCUSDT,VolatilityExpansion,1,bull,0.012757975066703287,1.5,0.010957975066703287
2024-02-27 09:00:00+00:00,BTCUSDT,VolatilityExpansion,1,bull,0.0016819477413718698,1.5,-0.0001180522586281302
2024-02-27 10:00:00+00:00,BTCUSDT,VolatilityExpansion,1,bull,0.0065731434582372295,1.5,0.00477314345823723
2024-02-27 11:00:00+00:00,BTCUSDT,VolatilityExpansion,1,bull,0.008714878034124185,1.5,0.006914878034124185
2024-02-27 12:00:00+00:00,BTCUSDT,VolatilityExpansion,1,bull,0.0038140677172946447,1.5,0.0020140677172946447
2024-02-27 13:00:00+00:00,BTCUSDT,VolatilityExpansion,1,bull,-0.006081079899021846,1.5,-0.007881079899021846
2024-02-27 14:00:00+00:00,BTCUSDT,VolatilityExpansion,1,bull,-0.000840087060379302,1.5,-0.002640087060379302
2024-02-27 15:00:00+00:00,BTCUSDT,VolatilityExpansion,1,bull,0.0033148334393071632,1.5,0.0015148334393071633
2024-02-27 16:00:00+00:00,BTCUSDT,VolatilityExpansion,1,bull,0.002943026166655871,1.5,0.001143026166655871
2024-02-28 17:00:00+00:00,BTCUSDT,VolatilityExpansion,1,bull,0.018759415498846632,1.5,0.016959415498846633
2024-02-28 18:00:00+00:00,BTCUSDT,VolatilityExpansion,1,bull,0.030695244509248765,1.5,0.028895244509248765
2024-02-28 19:00:00+00:00,BTCUSDT,VolatilityExpansion,1,bull,0.02832411424676562,1.5,0.02652411424676562
2024-02-28 20:00:00+00:00,BTCUSDT,VolatilityExpansion,1,bull,0.03984990755654927,1.5,0.038049907556549266
2024-02-28 21:00:00+00:00,BTCUSDT,VolatilityExpansion,1,bull,0.035646583085443995,1.5,0.03384658308544399
2024-02-28 22:00:00+00:00,BTCUSDT,VolatilityExpansion,1,bull,0.024068366032258703,1.5,0.022268366032258704
2024-02-28 23:00:00+00:00,BTCUSDT,VolatilityExpansion,1,bull,0.008512047932479838,1.5,0.006712047932479839
2024-02-29 00:00:00+00:00,BTCUSDT,VolatilityExpansion,1,bull,0.020731973223031774,1.5,0.018931973223031775
2024-02-29 01:00:00+00:00,BTCUSDT,VolatilityExpansion,1,bull,0.0247818010884735,1.5,0.0229818010884735
2024-02-29 02:00:00+00:00,BTCUSDT,VolatilityExpansion,1,bull,0.018241629212483623,1.5,0.016441629212483624
2024-02-29 03:00:00+00:00,BTCUSDT,VolatilityExpansion,1,bull,0.018989723971667205,1.5,0.017189723971667206
2024-02-29 04:00:00+00:00,BTCUSDT,VolatilityExpansion,1,bull,-0.004741579897620252,1.5,-0.006541579897620251
2024-02-29 05:00:00+00:00,BTCUSDT,VolatilityExpansion,1,bull,-0.024560490187780726,1.5,-0.026360490187780725
2024-02-29 06:00:00+00:00,BTCUSDT,VolatilityExpansion,1,bull,-0.03381260962929833,1.5,-0.03561260962929833
2024-03-04 01:00:00+00:00,BTCUSDT,VolatilityExpansion,1,bull,0.024911502128509344,1.5,0.023111502128509345
2024-03-04 02:00:00+00:00,BTCUSDT,VolatilityExpansion,1,bull,0.0388878169077056,1.5,0.037087816907705594
2024-03-04 03:00:00+00:00,BTCUSDT,VolatilityExpansion,1,bull,0.04693344247843334,1.5,0.04513344247843334
2024-03-04 04:00:00+00:00,BTCUSDT,VolatilityExpansion,1,bull,0.04614792713567839,1.5,0.04434792713567839
2024-03-04 05:00:00+00:00,BTCUSDT,VolatilityExpansion,1,bull,0.05566972262921066,1.5,0.05386972262921066
2024-03-04 06:00:00+00:00,BTCUSDT,VolatilityExpansion,1,bull,0.046161689844773424,1.5,0.04436168984477342
2024-03-04 07:00:00+00:00,BTCUSDT,VolatilityExpansion,1,bull,0.052441804973752504,1.5,0.0506418049737525
2024-03-04 08:00:00+00:00,BTCUSDT,VolatilityExpansion,1,bull,0.03297959783442228,1.5,0.03117959783442228
2024-03-04 09:00:00+00:00,BTCUSDT,VolatilityExpansion,1,bull,0.031645453460948936,1.5,0.029845453460948936
2024-03-04 10:00:00+00:00,BTCUSDT,VolatilityExpansion,1,bull,0.043645890729488324,1.5,0.04184589072948832
2024-03-04 11:00:00+00:00,BTCUSDT,VolatilityExpansion,1,bull,0.04566409294193119,1.5,0.043864092941931186
2024-03-04 12:00:00+00:00,BTCUSDT,VolatilityExpansion,1,bull,0.04469945506051398,1.5,0.04289945506051398
2024-03-04 13:00:00+00:00,BTCUSDT,VolatilityExpansion,1,bull,0.052628913987783355,1.5,0.05082891398778335
2024-03-04 14:00:00+00:00,BTCUSDT,VolatilityExpansion,1,bull,0.030223318842045988,1.5,0.028423318842045988
2024-03-04 15:00:00+00:00,BTCUSDT,VolatilityExpansion,1,bull,0.025537775879853397,1.5,0.023737775879853398
2024-03-04 16:00:00+00:00,BTCUSDT,VolatilityExpansion,1,bull,0.01247845953394533,1.5,0.01067845953394533
2024-03-04 17:00:00+00:00,BTCUSDT,VolatilityExpansion,1,bull,0.0018883709812356209,1.5,8.837098123562091e-05
2024-03-04 18:00:00+00:00,BTCUSDT,VolatilityExpansion,1,bull,0.010199705495125055,1.5,0.008399705495125056
2024-03-04 19:00:00+00:00,BTCUSDT,VolatilityExpansion,1,bull,-0.018662422647414356,1.5,-0.020462422647414356
2024-03-04 20:00:00+00:00,BTCUSDT,VolatilityExpansion,1,bull,-0.007761621316452638,1.5,-0.009561621316452638
2024-03-04 21:00:00+00:00,BTCUSDT,VolatilityExpansion,1,bull,-0.013843774971202039,1.5,-0.015643774971202038
2024-03-04 22:00:00+00:00,BTCUSDT,VolatilityExpansion,1,bull,-0.01610941578734504,1.5,-0.017909415787345038
2024-03-04 23:00:00+00:00,BTCUSDT,VolatilityExpansion,1,bull,-0.022658554977195045,1.5,-0.024458554977195044
2024-03-05 00:00:00+00:00,BTCUSDT,VolatilityExpansion,1,bull,-0.010499997797819183,1.5,-0.012299997797819182
2024-03-05 01:00:00+00:00,BTCUSDT,VolatilityExpansion,1,bull,-0.010954267572744203,1.5,-0.012754267572744202
2024-03-05 02:00:00+00:00,BTCUSDT,VolatilityExpansion,1,bull,0.008565749898864494,1.5,0.006765749898864495
2024-03-05 03:00:00+00:00,BTCUSDT,VolatilityExpansion,1,bull,-0.019975455877027093,1.5,-0.021775455877027092
2024-03-05 04:00:00+00:00,BTCUSDT,VolatilityExpansion,1,bull,-0.02705976544546096,1.5,-0.02885976544546096
2024-03-05 05:00:00+00:00,BTCUSDT,VolatilityExpansion,1,bull,-0.02090142911676285,1.5,-0.022701429116762848
2024-03-05 06:00:00+00:00,BTCUSDT,VolatilityExpansion,1,bull,-0.04887447397522582,1.5,-0.05067447397522582
2024-03-05 08:00:00+00:00,BTCUSDT,VolatilityExpansion,1,bull,-0.07474985812849078,1.5,-0.07654985812849077
2024-03-05 10:00:00+00:00,BTCUSDT,VolatilityExpansion,1,bull,-0.05176070706300717,1.5,-0.053560707063007175
2024-03-11 07:00:00+00:00,BTCUSDT,VolatilityExpansion,1,bull,0.01147648471931495,1.5,0.00967648471931495
2024-03-11 08:00:00+00:00,BTCUSDT,VolatilityExpansion,1,bull,0.012213419336745357,1.5,0.010413419336745357
2024-03-11 09:00:00+00:00,BTCUSDT,VolatilityExpansion,1,bull,0.009744820890581263,1.5,0.007944820890581263
2024-03-11 10:00:00+00:00,BTCUSDT,VolatilityExpansion,1,bull,0.013097398542311955,1.5,0.011297398542311956
2024-03-11 11:00:00+00:00,BTCUSDT,VolatilityExpansion,1,bull,0.008317658534404027,1.5,0.006517658534404027
2024-03-11 12:00:00+00:00,BTCUSDT,VolatilityExpansion,1,bull,0.00012767280236247736,1.5,-0.0016723271976375226
2024-03-11 13:00:00+00:00,BTCUSDT,VolatilityExpansion,1,bull,0.013210886653470366,1.5,0.011410886653470367
2024-03-11 14:00:00+00:00,BTCUSDT,VolatilityExpansion,1,bull,0.0003723291611246182,1.5,-0.0014276708388753817
2024-03-11 15:00:00+00:00,BTCUSDT,VolatilityExpansion,1,bull,-0.005382917044238877,1.5,-0.007182917044238877
2024-03-11 16:00:00+00:00,BTCUSDT,VolatilityExpansion,1,bull,-0.009634822054813363,1.5,-0.011434822054813363
2024-03-11 17:00:00+00:00,BTCUSDT,VolatilityExpansion,1,bull,-0.006960908639797148,1.5,-0.008760908639797147
2024-03-11 18:00:00+00:00,BTCUSDT,VolatilityExpansion,1,bull,-0.00311616643994872,1.5,-0.004916166439948719
2024-03-11 19:00:00+00:00,BTCUSDT,VolatilityExpansion,1,bull,0.0018628203544355237,1.5,6.282035443552379e-05
2024-03-11 20:00:00+00:00,BTCUSDT,VolatilityExpansion,1,bull,-0.005998393040201666,1.5,-0.007798393040201666
2024-04-08 13:00:00+00:00,BTCUSDT,VolatilityExpansion,1,bull,-0.009392345002694591,1.5,-0.01119234500269459
2024-04-08 14:00:00+00:00,BTCUSDT,VolatilityExpansion,1,bull,-0.0035469045386724574,1.5,-0.005346904538672457
2024-04-08 15:00:00+00:00,BTCUSDT,VolatilityExpansion,1,bull,-0.006637824319751795,1.5,-0.008437824319751795
2024-04-08 16:00:00+00:00,BTCUSDT,VolatilityExpansion,1,bull,-0.0073259511965441115,1.5,-0.009125951196544111
2024-04-08 17:00:00+00:00,BTCUSDT,VolatilityExpansion,1,bull,-0.00877612381359949,1.5,-0.01057612381359949
2024-04-08 18:00:00+00:00,BTCUSDT,VolatilityExpansion,1,bull,-0.015715145441885014,1.5,-0.017515145441885014
2024-05-15 19:00:00+00:00,BTCUSDT,VolatilityExpansion,1,bull,0.0021285756735940353,1.5,0.00032857567359403537
2024-05-15 20:00:00+00:00,BTCUSDT,VolatilityExpansion,1,bull,0.005432399254031495,1.5,0.0036323992540314948
2024-05-15 21:00:00+00:00,BTCUSDT,VolatilityExpansion,1,bull,0.0073592514676732446,1.5,0.005559251467673245
2024-05-15 22:00:00+00:00,BTCUSDT,VolatilityExpansion,1,bull,0.0007914816597203167,1.5,-0.0010085183402796833
2024-05-15 23:00:00+00:00,BTCUSDT,VolatilityExpansion,1,bull,0.0046603420606450285,1.5,0.0028603420606450286
2024-05-16 00:00:00+00:00,BTCUSDT,VolatilityExpansion,1,bull,-0.0012035188165246957,1.5,-0.0030035188165246957
2024-05-20 17:00:00+00:00,BTCUSDT,VolatilityExpansion,1,bull,0.04308100494036138,1.5,0.041281004940361375
2024-05-20 18:00:00+00:00,BTCUSDT,VolatilityExpansion,1,bull,0.037382538023173595,1.5,0.03558253802317359
2024-05-20 19:00:00+00:00,BTCUSDT,VolatilityExpansion,1,bull,0.013284949961783754,1.5,0.011484949961783755
2024-05-20 20:00:00+00:00,BTCUSDT,VolatilityExpansion,1,bull,0.021305223773204762,1.5,0.019505223773204763
2024-05-20 21:00:00+00:00,BTCUSDT,VolatilityExpansion,1,bull,0.019288881236279254,1.5,0.017488881236279254
2024-05-20 22:00:00+00:00,BTCUSDT,VolatilityExpansion,1,bull,0.02201426896012504,1.5,0.02021426896012504
2024-05-20 23:00:00+00:00,BTCUSDT,VolatilityExpansion,1,bull,-0.0042467449784164835,1.5,-0.006046744978416483
2024-05-21 00:00:00+00:00,BTCUSDT,VolatilityExpansion,1,bull,0.0005718514531753982,1.5,-0.0012281485468246017
2024-05-21 01:00:00+00:00,BTCUSDT,VolatilityExpansion,1,bull,-0.007056610352507264,1.5,-0.008856610352507264
2024-05-21 02:00:00+00:00,BTCUSDT,VolatilityExpansion,1,bull,-0.014877734444570523,1.5,-0.016677734444570522
2024-05-21 03:00:00+00:00,BTCUSDT,VolatilityExpansion,1,bull,-0.020313023581222,1.5,-0.022113023581222
2024-05-21 04:00:00+00:00,BTCUSDT,VolatilityExpansion,1,bull,-0.017386855779434773,1.5,-0.019186855779434773
2024-05-21 05:00:00+00:00,BTCUSDT,VolatilityExpansion,1,bull,-0.018564868950976088,1.5,-0.020364868950976087
2024-05-21 06:00:00+00:00,BTCUSDT,VolatilityExpansion,1,bull,-0.019135599738383635,1.5,-0.020935599738383635
2024-05-21 07:00:00+00:00,BTCUSDT,VolatilityExpansion,1,bull,-0.022679880382876383,1.5,-0.024479880382876382
2024-05-21 08:00:00+00:00,BTCUSDT,VolatilityExpansion,1,bull,-0.017198670998977095,1.5,-0.018998670998977094
2024-05-27 16:00:00+00:00,BTCUSDT,VolatilityExpansion,1,bull,-0.034399528371743315,1.5,-0.03619952837174332
2024-05-27 18:00:00+00:00,BTCUSDT,VolatilityExpansion,1,bull,-0.029259886900793397,1.5,-0.031059886900793397
2024-05-27 19:00:00+00:00,BTCUSDT,VolatilityExpansion,1,bull,-0.022885253377086356,1.5,-0.024685253377086356
2024-05-27 20:00:00+00:00,BTCUSDT,VolatilityExpansion,1,bull,-0.021884007443403353,1.5,-0.023684007443403352
2024-05-27 21:00:00+00:00,BTCUSDT,VolatilityExpansion,1,bull,-0.021173984079775776,1.5,-0.022973984079775776
2024-05-27 22:00:00+00:00,BTCUSDT,VolatilityExpansion,1,bull,-0.014704615172508761,1.5,-0.01650461517250876
2024-05-27 23:00:00+00:00,BTCUSDT,VolatilityExpansion,1,bull,-0.015119166732650458,1.5,-0.016919166732650457
2024-05-28 00:00:00+00:00,BTCUSDT,VolatilityExpansion,1,bull,-0.01691899399485941,1.5,-0.01871899399485941
2024-06-03 08:00:00+00:00,BTCUSDT,VolatilityExpansion,1,bull,-0.0003931919962298913,1.5,-0.0021931919962298913
2024-06-03 11:00:00+00:00,BTCUSDT,VolatilityExpansion,1,bull,-0.003965251607583431,1.5,-0.0057652516075834305
2024-06-03 12:00:00+00:00,BTCUSDT,VolatilityExpansion,1,bull,-0.010767617197238621,1.5,-0.012567617197238621
2024-06-03 13:00:00+00:00,BTCUSDT,VolatilityExpansion,1,bull,-0.008165533201298758,1.5,-0.009965533201298758
2024-06-03 14:00:00+00:00,BTCUSDT,VolatilityExpansion,1,bull,0.005172914850334109,1.5,0.0033729148503341094
2024-06-03 15:00:00+00:00,BTCUSDT,VolatilityExpansion,1,bull,-0.006473797559224614,1.5,-0.008273797559224614
2024-06-03 16:00:00+00:00,BTCUSDT,VolatilityExpansion,1,bull,-0.0003616783030632176,1.5,-0.0021616783030632175
2024-06-03 17:00:00+00:00,BTCUSDT,VolatilityExpansion,1,bull,-0.004537591310909361,1.5,-0.006337591310909361
2024-06-03 18:00:00+00:00,BTCUSDT,VolatilityExpansion,1,bull,-0.0057486100795374195,1.5,-0.007548610079537419
2024-06-03 19:00:00+00:00,BTCUSDT,VolatilityExpansion,1,bull,-0.0029238837261685857,1.5,-0.004723883726168585
2024-06-03 20:00:00+00:00,BTCUSDT,VolatilityExpansion,1,bull,-0.003995661605206147,1.5,-0.005795661605206146
2024-06-03 21:00:00+00:00,BTCUSDT,VolatilityExpansion,1,bull,-0.0054477781426346406,1.5,-0.00724777814263464
2024-06-03 22:00:00+00:00,BTCUSDT,VolatilityExpansion,1,bull,-0.0022898233130645984,1.5,-0.004089823313064598
2024-06-04 00:00:00+00:00,BTCUSDT,VolatilityExpansion,1,bull,-0.0007473809078940574,1.5,-0.0025473809078940574
2024-06-04 01:00:00+00:00,BTCUSDT,VolatilityExpansion,1,bull,0.004428247802841456,1.5,0.0026282478028414563
2024-06-10 18:00:00+00:00,BTCUSDT,VolatilityExpansion,1,bull,-0.030961440221396352,1.5,-0.032761440221396355
2024-01-09 22:00:00+00:00,ETHUSDT,VolatilityExpansion,1,bull,0.025641135163765094,1.5,0.023691135163765094
2024-01-09 23:00:00+00:00,ETHUSDT,VolatilityExpansion,1,bull,0.02501354331514749,1.5,0.02306354331514749
2024-01-10 00:00:00+00:00,ETHUSDT,VolatilityExpansion,1,bull,-0.016236918986275994,1.5,-0.018186918986275995
2024-01-10 01:00:00+00:00,ETHUSDT,VolatilityExpansion,1,bull,0.000639431915224753,1.5,-0.001310568084775247
2024-01-10 02:00:00+00:00,ETHUSDT,VolatilityExpansion,1,bull,0.016518895163144975,1.5,0.014568895163144975
2024-01-10 03:00:00+00:00,ETHUSDT,VolatilityExpansion,1,bull,0.0374145195096649,1.5,0.0354645195096649
2024-01-10 04:00:00+00:00,ETHUSDT,VolatilityExpansion,1,bull,0.011689740918713776,1.5,0.009739740918713775
2024-01-10 09:00:00+00:00,ETHUSDT,VolatilityExpansion,1,bull,0.041844056396539875,1.5,0.039894056396539875
2024-01-10 10:00:00+00:00,ETHUSDT,VolatilityExpansion,1,bull,0.06086148951145054,1.5,0.05891148951145054
2024-01-10 20:00:00+00:00,ETHUSDT,VolatilityExpansion,1,bull,0.0526031983646007,1.5,0.0506531983646007
2024-01-10 21:00:00+00:00,ETHUSDT,VolatilityExpansion,1,bull,0.032212253552327486,1.5,0.030262253552327485
2024-01-10 22:00:00+00:00,ETHUSDT,VolatilityExpansion,1,bull,0.035256523497151804,1.5,0.0333065234971518
2024-01-10 23:00:00+00:00,ETHUSDT,VolatilityExpansion,1,bull,0.027987361793790022,1.5,0.026037361793790022
2024-01-11 00:00:00+00:00,ETHUSDT,VolatilityExpansion,1,bull,0.015492547160402825,1.5,0.013542547160402825
2024-01-11 01:00:00+00:00,ETHUSDT,VolatilityExpansion,1,bull,0.026259858151611137,1.5,0.024309858151611137
2024-01-11 02:00:00+00:00,ETHUSDT,VolatilityExpansion,1,bull,0.039811847850935056,1.5,0.037861847850935056
2024-01-11 03:00:00+00:00,ETHUSDT,VolatilityExpansion,1,bull,0.000596992078374381,1.5,-0.001353007921625619
2024-02-12 17:00:00+00:00,ETHUSDT,VolatilityExpansion,1,bull,0.01715599846684568,1.5,0.015205998466845679
2024-02-12 18:00:00+00:00,ETHUSDT,VolatilityExpansion,1,bull,0.00991877359569826,1.5,0.00796877359569826
2024-02-12 19:00:00+00:00,ETHUSDT,VolatilityExpansion,1,bull,0.015071373582390857,1.5,0.013121373582390856
2024-02-12 20:00:00+00:00,ETHUSDT,VolatilityExpansion,1,bull,0.008355850230467032,1.5,0.006405850230467032
2024-02-12 21:00:00+00:00,ETHUSDT,VolatilityExpansion,1,bull,0.01780449253776717,1.5,0.01585449253776717
2024-02-12 22:00:00+00:00,ETHUSDT,VolatilityExpansion,1,bull,0.0051966635913462955,1.5,0.0032466635913462956
2024-02-12 23:00:00+00:00,ETHUSDT,VolatilityExpansion,1,bull,0.008358042925164844,1.5,0.006408042925164843
2024-02-13 00:00:00+00:00,ETHUSDT,VolatilityExpansion,1,bull,0.0025440144473043436,1.5,0.0005940144473043437
2024-02-13 01:00:00+00:00,ETHUSDT,VolatilityExpansion,1,bull,-0.012985461806916399,1.5,-0.014935461806916399
2024-02-13 02:00:00+00:00,ETHUSDT,VolatilityExpansion,1,bull,-0.008478945645178926,1.5,-0.010428945645178926
2024-02-13 03:00:00+00:00,ETHUSDT,VolatilityExpansion,1,bull,-0.0036633363608841174,1.5,-0.005613336360884118
2024-02-13 04:00:00+00:00,ETHUSDT,VolatilityExpansion,1,bull,-0.016608447725684927,1.5,-0.018558447725684928
2024-02-13 05:00:00+00:00,ETHUSDT,VolatilityExpansion,1,bull,-0.012420066546837139,1.5,-0.014370066546837139
2024-02-13 06:00:00+00:00,ETHUSDT,VolatilityExpansion,1,bull,-0.006483355485741971,1.5,-0.008433355485741971
2024-02-13 21:00:00+00:00,ETHUSDT,VolatilityExpansion,1,bull,0.04357288545025706,1.5,0.04162288545025706
2024-02-20 19:00:00+00:00,ETHUSDT,VolatilityExpansion,1,bull,-0.015507507788891761,1.5,-0.01745750778889176
2024-02-20 20:00:00+00:00,ETHUSDT,VolatilityExpansion,1,bull,-0.012307186295963168,1.5,-0.014257186295963169
2024-02-20 21:00:00+00:00,ETHUSDT,VolatilityExpansion,1,bull,-0.029701546446917804,1.5,-0.031651546446917804
2024-02-27 03:00:00+00:00,ETHUSDT,VolatilityExpansion,1,bull,0.0029856119573448137,1.5,0.0010356119573448138
2024-02-28 17:00:00+00:00,ETHUSDT,VolatilityExpansion,1,bull,0.037669943526458916,1.5,0.035719943526458915
2024-02-28 18:00:00+00:00,ETHUSDT,VolatilityExpansion,1,bull,0.04870772954130875,1.5,0.04675772954130875
2024-02-28 21:00:00+00:00,ETHUSDT,VolatilityExpansion,1,bull,0.042537266324588874,1.5,0.04058726632458887
2024-02-28 22:00:00+00:00,ETHUSDT,VolatilityExpansion,1,bull,0.04019213743928418,1.5,0.03824213743928418
2024-02-28 23:00:00+00:00,ETHUSDT,VolatilityExpansion,1,bull,0.039408692468711815,1.5,0.037458692468711814
2024-02-29 00:00:00+00:00,ETHUSDT,VolatilityExpansion,1,bull,0.003520658192400994,1.5,0.001570658192400994
2024-02-29 01:00:00+00:00,ETHUSDT,VolatilityExpansion,1,bull,0.017300451862215516,1.5,0.015350451862215515
2024-02-29 02:00:00+00:00,ETHUSDT,VolatilityExpansion,1,bull,0.01914887997393988,1.5,0.01719887997393988
2024-02-29 03:00:00+00:00,ETHUSDT,VolatilityExpansion,1,bull,0.017276958973817758,1.5,0.015326958973817757
2024-02-29 04:00:00+00:00,ETHUSDT,VolatilityExpansion,1,bull,-0.0014089284316538553,1.5,-0.003358928431653855
2024-02-29 05:00:00+00:00,ETHUSDT,VolatilityExpansion,1,bull,-0.024136352249069182,1.5,-0.026086352249069182
2024-02-29 06:00:00+00:00,ETHUSDT,VolatilityExpansion,1,bull,-0.031215555249380023,1.5,-0.03316555524938002
2024-03-04 18:00:00+00:00,ETHUSDT,VolatilityExpansion,1,bull,0.032247672791095416,1.5,0.030297672791095416
2024-03-04 19:00:00+00:00,ETHUSDT,VolatilityExpansion,1,bull,0.022544350567570648,1.5,0.020594350567570648
2024-03-04 20:00:00+00:00,ETHUSDT,VolatilityExpansion,1,bull,0.030811559701055646,1.5,0.028861559701055646
2024-03-04 21:00:00+00:00,ETHUSDT,VolatilityExpansion,1,bull,0.031155899499619055,1.5,0.029205899499619055
2024-03-05 03:00:00+00:00,ETHUSDT,VolatilityExpansion,1,bull,0.02461943904801589,1.5,0.02266943904801589
2024-03-05 05:00:00+00:00,ETHUSDT,VolatilityExpansion,1,bull,-0.00811737149733549,1.5,-0.01006737149733549
2024-03-06 07:00:00+00:00,ETHUSDT,VolatilityExpansion,1,bull,0.01737008061005052,1.5,0.01542008061005052
2024-03-06 08:00:00+00:00,ETHUSDT,VolatilityExpansion,1,bull,0.00830917874396131,1.5,0.006359178743961309
2024-03-11 10:00:00+00:00,ETHUSDT,VolatilityExpansion,1,bull,0.010527255991207074,1.5,0.008577255991207074
2024-03-11 11:00:00+00:00,ETHUSDT,VolatilityExpansion,1,bull,0.0079236948188941,1.5,0.0059736948188941
2024-03-11 12:00:00+00:00,ETHUSDT,VolatilityExpansion,1,bull,0.0008721488861624938,1.5,-0.0010778511138375062
2024-03-11 13:00:00+00:00,ETHUSDT,VolatilityExpansion,1,bull,0.009979757336413098,1.5,0.008029757336413097
2024-04-08 08:00:00+00:00,ETHUSDT,VolatilityExpansion,1,bull,0.02530531319941587,1.5,0.02335531319941587
2024-04-08 09:00:00+00:00,ETHUSDT,VolatilityExpansion,1,bull,0.018497250259513764,1.5,0.016547250259513764
2024-04-08 10:00:00+00:00,ETHUSDT,VolatilityExpansion,1,bull,0.02816913074087868,1.5,0.026219130740878678
2024-04-08 11:00:00+00:00,ETHUSDT,VolatilityExpansion,1,bull,0.016891353013327226,1.5,0.014941353013327226
2024-04-08 12:00:00+00:00,ETHUSDT,VolatilityExpansion,1,bull,0.013808404615051284,1.5,0.011858404615051284
2024-04-08 13:00:00+00:00,ETHUSDT,VolatilityExpansion,1,bull,0.014305347842492377,1.5,0.012355347842492377
2024-04-08 14:00:00+00:00,ETHUSDT,VolatilityExpansion,1,bull,0.016604538975989458,1.5,0.014654538975989458
2024-04-08 15:00:00+00:00,ETHUSDT,VolatilityExpansion,1,bull,0.017443909638620525,1.5,0.015493909638620525
2024-04-08 16:00:00+00:00,ETHUSDT,VolatilityExpansion,1,bull,0.010327751085082992,1.5,0.008377751085082992
2024-04-08 17:00:00+00:00,ETHUSDT,VolatilityExpansion,1,bull,0.0061908458280561796,1.5,0.004240845828056179
2024-04-08 18:00:00+00:00,ETHUSDT,VolatilityExpansion,1,bull,-0.013425979812306976,1.5,-0.015375979812306977
2024-04-08 19:00:00+00:00,ETHUSDT,VolatilityExpansion,1,bull,-0.0166283026556171,1.5,-0.0185783026556171
2024-04-08 20:00:00+00:00,ETHUSDT,VolatilityExpansion,1,bull,-0.016642517637818655,1.5,-0.018592517637818655
2024-04-08 21:00:00+00:00,ETHUSDT,VolatilityExpansion,1,bull,-0.01548044682137173,1.5,-0.01743044682137173
2024-05-20 08:00:00+00:00,ETHUSDT,VolatilityExpansion,1,bull,0.13046328318495481,1.5,0.1285132831849548
2024-05-20 19:00:00+00:00,ETHUSDT,VolatilityExpansion,1,bull,0.06543950626619632,1.5,0.06348950626619633
2024-05-20 20:00:00+00:00,ETHUSDT,VolatilityExpansion,1,bull,0.04590911298177858,1.5,0.04395911298177858
2024-05-20 21:00:00+00:00,ETHUSDT,VolatilityExpansion,1,bull,0.008977796523363502,1.5,0.007027796523363501
2024-05-20 22:00:00+00:00,ETHUSDT,VolatilityExpansion,1,bull,0.028967020926313758,1.5,0.027017020926313758
2024-05-20 23:00:00+00:00,ETHUSDT,VolatilityExpansion,1,bull,0.03145134660884885,1.5,0.02950134660884885
2024-05-21 00:00:00+00:00,ETHUSDT,VolatilityExpansion,1,bull,0.028599375718032727,1.5,0.026649375718032726
2024-05-21 01:00:00+00:00,ETHUSDT,VolatilityExpansion,1,bull,0.022287294615259468,1.5,0.020337294615259467
2024-05-21 02:00:00+00:00,ETHUSDT,VolatilityExpansion,1,bull,0.027374605592427326,1.5,0.025424605592427325
2024-05-21 03:00:00+00:00,ETHUSDT,VolatilityExpansion,1,bull,0.021690525433580632,1.5,0.01974052543358063
2024-05-21 04:00:00+00:00,ETHUSDT,VolatilityExpansion,1,bull,0.031207413091983716,1.5,0.029257413091983715
2024-05-21 05:00:00+00:00,ETHUSDT,VolatilityExpansion,1,bull,0.028132578819725085,1.5,0.026182578819725084
2024-05-21 06:00:00+00:00,ETHUSDT,VolatilityExpansion,1,bull,0.017235274571433257,1.5,0.015285274571433256
2024-05-21 07:00:00+00:00,ETHUSDT,VolatilityExpansion,1,bull,0.0141539435862299,1.5,0.0122039435862299
2024-05-21 08:00:00+00:00,ETHUSDT,VolatilityExpansion,1,bull,0.02395979844601337,1.5,0.02200979844601337
2024-05-21 09:00:00+00:00,ETHUSDT,VolatilityExpansion,1,bull,0.018422859872801567,1.5,0.016472859872801567
2024-05-23 21:00:00+00:00,ETHUSDT,VolatilityExpansion,1,bull,-0.041177205048434584,1.5,-0.043127205048434585
2024-05-23 22:00:00+00:00,ETHUSDT,VolatilityExpansion,1,bull,-0.029265797550035444,1.5,-0.031215797550035444
2024-05-24 00:00:00+00:00,ETHUSDT,VolatilityExpansion,1,bull,-0.02596847714684891,1.5,-0.027918477146848912
2024-05-24 01:00:00+00:00,ETHUSDT,VolatilityExpansion,1,bull,-0.03305613850996858,1.5,-0.03500613850996858
2024-05-24 02:00:00+00:00,ETHUSDT,VolatilityExpansion,1,bull,-0.02963551868695724,1.5,-0.03158551868695724
2024-05-24 03:00:00+00:00,ETHUSDT,VolatilityExpansion,1,bull,-0.02880456205818205,1.5,-0.03075456205818205
2024-05-27 03:00:00+00:00,ETHUSDT,VolatilityExpansion,1,bull,0.01115136434673758,1.5,0.00920136434673758
2024-02-27 02:00:00+00:00,SOLUSDT,VolatilityExpansion,1,bull,-0.018851325876586555,1.5,-0.021251325876586555
2024-02-27 03:00:00+00:00,SOLUSDT,VolatilityExpansion,1,bull,-0.031829998460130904,1.5,-0.0342299984601309
2024-02-27 04:00:00+00:00,SOLUSDT,VolatilityExpansion,1,bull,-0.022566763816432633,1.5,-0.024966763816432633
2024-02-27 05:00:00+00:00,SOLUSDT,VolatilityExpansion,1,bull,-0.028395710300351373,1.5,-0.030795710300351373
2024-02-28 17:00:00+00:00,SOLUSDT,VolatilityExpansion,1,bull,0.08011946952743365,1.5,0.07771946952743365
2024-02-28 18:00:00+00:00,SOLUSDT,VolatilityExpansion,1,bull,0.09083126671314723,1.5,0.08843126671314723
2024-02-28 20:00:00+00:00,SOLUSDT,VolatilityExpansion,1,bull,0.17288784090403508,1.5,0.17048784090403507
2024-02-28 21:00:00+00:00,SOLUSDT,VolatilityExpansion,1,bull,0.11276436539404311,1.5,0.11036436539404311
2024-02-28 22:00:00+00:00,SOLUSDT,VolatilityExpansion,1,bull,0.11172895383421699,1.5,0.109328953834217
2024-02-28 23:00:00+00:00,SOLUSDT,VolatilityExpansion,1,bull,0.08341916413361128,1.5,0.08101916413361128
2024-02-29 00:00:00+00:00,SOLUSDT,VolatilityExpansion,1,bull,0.04950856364344114,1.5,0.04710856364344114
2024-02-29 01:00:00+00:00,SOLUSDT,VolatilityExpansion,1,bull,0.07312110961304019,1.5,0.07072110961304019
2024-02-29 02:00:00+00:00,SOLUSDT,VolatilityExpansion,1,bull,0.08232694171965638,1.5,0.07992694171965638
2024-02-29 03:00:00+00:00,SOLUSDT,VolatilityExpansion,1,bull,0.0708026128573278,1.5,0.06840261285732781
2024-02-29 04:00:00+00:00,SOLUSDT,VolatilityExpansion,1,bull,0.06388685686417928,1.5,0.061486856864179276
2024-02-29 05:00:00+00:00,SOLUSDT,VolatilityExpansion,1,bull,0.0392934594206753,1.5,0.036893459420675304
2024-02-29 06:00:00+00:00,SOLUSDT,VolatilityExpansion,1,bull,0.03415048543689325,1.5,0.03175048543689325
2024-02-29 07:00:00+00:00,SOLUSDT,VolatilityExpansion,1,bull,0.037413964591207494,1.5,0.035013964591207494
2024-02-29 08:00:00+00:00,SOLUSDT,VolatilityExpansion,1,bull,-0.008830624971550738,1.5,-0.011230624971550737
2024-02-29 09:00:00+00:00,SOLUSDT,VolatilityExpansion,1,bull,-0.01133869222445505,1.5,-0.013738692224455049
2024-02-29 10:00:00+00:00,SOLUSDT,VolatilityExpansion,1,bull,-0.040075684729675154,1.5,-0.04247568472967515
2024-03-05 16:00:00+00:00,SOLUSDT,VolatilityExpansion,1,bull,-0.05447330717934473,1.5,-0.05687330717934473
2024-03-05 17:00:00+00:00,SOLUSDT,VolatilityExpansion,1,bull,-0.041109665207618606,1.5,-0.043509665207618606
2024-03-11 12:00:00+00:00,SOLUSDT,VolatilityExpansion,1,bull,-0.012580217306842223,1.5,-0.014980217306842222
2024-03-11 13:00:00+00:00,SOLUSDT,VolatilityExpansion,1,bull,0.014089968976215062,1.5,0.011689968976215062
2024-03-14 20:00:00+00:00,SOLUSDT,VolatilityExpansion,1,bull,-0.006656778404034447,1.5,-0.009056778404034446
2024-03-14 21:00:00+00:00,SOLUSDT,VolatilityExpansion,1,bull,0.023534278959810973,1.5,0.021134278959810973
2024-03-14 22:00:00+00:00,SOLUSDT,VolatilityExpansion,1,bull,-0.01820702402957497,1.5,-0.02060702402957497
2024-03-14 23:00:00+00:00,SOLUSDT,VolatilityExpansion,1,bull,-0.03802614615610789,1.5,-0.04042614615610789
2024-03-15 00:00:00+00:00,SOLUSDT,VolatilityExpansion,1,bull,-0.04166110220797714,1.5,-0.04406110220797714
2024-03-15 01:00:00+00:00,SOLUSDT,VolatilityExpansion,1,bull,-0.009807914759119685,1.5,-0.012207914759119684
2024-03-15 02:00:00+00:00,SOLUSDT,VolatilityExpansion,1,bull,0.014881432713551801,1.5,0.012481432713551802
2024-03-15 03:00:00+00:00,SOLUSDT,VolatilityExpansion,1,bull,0.03273059547322288,1.5,0.03033059547322288
2024-03-15 04:00:00+00:00,SOLUSDT,VolatilityExpansion,1,bull,0.045887061428802056,1.5,0.04348706142880206
2024-03-15 05:00:00+00:00,SOLUSDT,VolatilityExpansion,1,bull,0.04196951530831772,1.5,0.03956951530831772
2024-03-15 06:00:00+00:00,SOLUSDT,VolatilityExpansion,1,bull,0.04169569943420948,1.5,0.03929569943420948
2024-03-15 07:00:00+00:00,SOLUSDT,VolatilityExpansion,1,bull,0.0407929375453886,1.5,0.0383929375453886
2024-03-15 09:00:00+00:00,SOLUSDT,VolatilityExpansion,1,bull,0.03637235031556574,1.5,0.03397235031556574
2024-03-15 13:00:00+00:00,SOLUSDT,VolatilityExpansion,1,bull,0.01757301522007415,1.5,0.015173015220074151
2024-03-15 14:00:00+00:00,SOLUSDT,VolatilityExpansion,1,bull,0.022115595525334486,1.5,0.019715595525334487
2024-03-15 15:00:00+00:00,SOLUSDT,VolatilityExpansion,1,bull,0.031876779022101065,1.5,0.029476779022101066
2024-03-15 16:00:00+00:00,SOLUSDT,VolatilityExpansion,1,bull,0.03709789477166714,1.5,0.03469789477166714
2024-05-06 12:00:00+00:00,SOLUSDT,VolatilityExpansion,1,bull,0.01632342228991468,1.5,0.01392342228991468
2024-05-06 13:00:00+00:00,SOLUSDT,VolatilityExpansion,1,bull,0.02499576674091153,1.5,0.02259576674091153
2024-05-06 14:00:00+00:00,SOLUSDT,VolatilityExpansion,1,bull,0.026852761942205428,1.5,0.024452761942205428
2024-05-06 15:00:00+00:00,SOLUSDT,VolatilityExpansion,1,bull,1.3005084988249038e-05,1.5,-0.002386994915011751
2024-05-06 16:00:00+00:00,SOLUSDT,VolatilityExpansion,1,bull,0.02246894522617371,1.5,0.02006894522617371
2024-05-06 17:00:00+00:00,SOLUSDT,VolatilityExpansion,1,bull,0.021843282695632738,1.5,0.019443282695632738
2024-05-06 18:00:00+00:00,SOLUSDT,VolatilityExpansion,1,bull,0.008242836582493807,1.5,0.005842836582493806
2024-05-06 19:00:00+00:00,SOLUSDT,VolatilityExpansion,1,bull,0.010530774494151185,1.5,0.008130774494151186
2024-05-06 20:00:00+00:00,SOLUSDT,VolatilityExpansion,1,bull,0.02578250986030417,1.5,0.02338250986030417
2024-05-06 21:00:00+00:00,SOLUSDT,VolatilityExpansion,1,bull,0.011975662777684803,1.5,0.009575662777684804
2024-05-06 22:00:00+00:00,SOLUSDT,VolatilityExpansion,1,bull,0.015261148145751191,1.5,0.012861148145751192
2024-05-06 23:00:00+00:00,SOLUSDT,VolatilityExpansion,1,bull,0.013935161245982597,1.5,0.011535161245982598
2024-05-07 00:00:00+00:00,SOLUSDT,VolatilityExpansion,1,bull,0.011571992650220908,1.5,0.009171992650220909
2024-05-07 01:00:00+00:00,SOLUSDT,VolatilityExpansion,1,bull,-0.025995234312946813,1.5,-0.028395234312946813
2024-05-21 01:00:00+00:00,SOLUSDT,VolatilityExpansion,1,bull,-0.031466412742382266,1.5,-0.033866412742382265
2024-07-21 19:00:00+00:00,BTCUSDT,VolatilityExpansion,1,bull,-0.0026887663874524126,1.5,-0.004488766387452412
2024-07-21 20:00:00+00:00,BTCUSDT,VolatilityExpansion,1,bull,-0.00957195731093119,1.5,-0.011371957310931189
2024-07-21 21:00:00+00:00,BTCUSDT,VolatilityExpansion,1,bull,-0.01144935147235282,1.5,-0.01324935147235282
2024-07-21 22:00:00+00:00,BTCUSDT,VolatilityExpansion,1,bull,-0.008751608751608742,1.5,-0.010551608751608741
2024-07-21 23:00:00+00:00,BTCUSDT,VolatilityExpansion,1,bull,-0.009670081305585665,1.5,-0.011470081305585664
2024-07-22 00:00:00+00:00,BTCUSDT,VolatilityExpansion,1,bull,-0.0073895636533815034,1.5,-0.009189563653381503
2024-07-22 01:00:00+00:00,BTCUSDT,VolatilityExpansion,1,bull,-0.010846642776032644,1.5,-0.012646642776032644
2024-07-22 02:00:00+00:00,BTCUSDT,VolatilityExpansion,1,bull,-0.019759052435563307,1.5,-0.021559052435563306
2024-07-22 03:00:00+00:00,BTCUSDT,VolatilityExpansion,1,bull,-0.01183540096658231,1.5,-0.01363540096658231
2024-07-22 04:00:00+00:00,BTCUSDT,VolatilityExpansion,1,bull,-0.012883204260721981,1.5,-0.01468320426072198
2024-07-22 05:00:00+00:00,BTCUSDT,VolatilityExpansion,1,bull,-0.002517751479289898,1.5,-0.004317751479289898
2024-08-23 22:00:00+00:00,BTCUSDT,VolatilityExpansion,1,bull,0.00048541567814597286,1.5,-0.001314584321854027
2024-08-23 23:00:00+00:00,BTCUSDT,VolatilityExpansion,1,bull,-0.0021602624179943852,1.5,-0.003960262417994385
2024-08-24 00:00:00+00:00,BTCUSDT,VolatilityExpansion,1,bull,0.0018642127454600033,1.5,6.421274546000331e-05
2024-08-24 01:00:00+00:00,BTCUSDT,VolatilityExpansion,1,bull,0.006132450268853118,1.5,0.004332450268853118
2024-08-24 02:00:00+00:00,BTCUSDT,VolatilityExpansion,1,bull,0.0037866281953586878,1.5,0.001986628195358688
2024-08-24 03:00:00+00:00,BTCUSDT,VolatilityExpansion,1,bull,0.002246081504702291,1.5,0.0004460815047022909
2024-09-19 01:00:00+00:00,BTCUSDT,VolatilityExpansion,1,bull,0.01678036439206676,1.5,0.01498036439206676
2024-09-19 02:00:00+00:00,BTCUSDT,VolatilityExpansion,1,bull,0.01180900360124748,1.5,0.010009003601247481
2024-09-22 22:00:00+00:00,BTCUSDT,VolatilityExpansion,1,bull,-0.006026002010755316,1.5,-0.007826002010755315
2024-09-22 23:00:00+00:00,BTCUSDT,VolatilityExpansion,1,bull,-0.002509499122855363,1.5,-0.004309499122855363
2024-09-23 00:00:00+00:00,BTCUSDT,VolatilityExpansion,1,bull,-0.004084869617759446,1.5,-0.005884869617759445
2024-09-23 01:00:00+00:00,BTCUSDT,VolatilityExpansion,1,bull,-0.009976657380829645,1.5,-0.011776657380829645
2024-09-23 02:00:00+00:00,BTCUSDT,VolatilityExpansion,1,bull,-0.008341288596065644,1.5,-0.010141288596065643
2024-09-23 03:00:00+00:00,BTCUSDT,VolatilityExpansion,1,bull,-0.011357258461973774,1.5,-0.013157258461973773
2024-09-23 04:00:00+00:00,BTCUSDT,VolatilityExpansion,1,bull,-0.010649588919293018,1.5,-0.012449588919293018
2024-09-23 05:00:00+00:00,BTCUSDT,VolatilityExpansion,1,bull,-0.006810513927030248,1.5,-0.008610513927030248
2024-09-23 06:00:00+00:00,BTCUSDT,VolatilityExpansion,1,bull,-0.0037539991326046573,1.5,-0.005553999132604657
2024-09-23 07:00:00+00:00,BTCUSDT,VolatilityExpansion,1,bull,-0.0038932680939359754,1.5,-0.005693268093935975
2024-09-23 08:00:00+00:00,BTCUSDT,VolatilityExpansion,1,bull,-0.002842722142819998,1.5,-0.004642722142819997
2024-09-23 09:00:00+00:00,BTCUSDT,VolatilityExpansion,1,bull,-0.004081202728557498,1.5,-0.005881202728557498
2024-09-23 10:00:00+00:00,BTCUSDT,VolatilityExpansion,1,bull,-0.004428738431870638,1.5,-0.0062287384318706375
2024-10-07 06:00:00+00:00,BTCUSDT,VolatilityExpansion,1,bull,-0.013380537200532117,1.5,-0.015180537200532116
2024-10-07 07:00:00+00:00,BTCUSDT,VolatilityExpansion,1,bull,-0.0025271650561565773,1.5,-0.004327165056156577
2024-10-07 08:00:00+00:00,BTCUSDT,VolatilityExpansion,1,bull,-0.00825406721011579,1.5,-0.01005406721011579
2024-10-07 09:00:00+00:00,BTCUSDT,VolatilityExpansion,1,bull,0.002540131707015947,1.5,0.0007401317070159469
2024-10-07 11:00:00+00:00,BTCUSDT,VolatilityExpansion,1,bull,-0.014630645133179465,1.5,-0.016430645133179465
2024-10-07 13:00:00+00:00,BTCUSDT,VolatilityExpansion,1,bull,-0.01301907614693365,1.5,-0.01481907614693365
2024-10-07 14:00:00+00:00,BTCUSDT,VolatilityExpansion,1,bull,-0.018794376697474635,1.5,-0.020594376697474635
2024-10-07 15:00:00+00:00,BTCUSDT,VolatilityExpansion,1,bull,-0.015996516824085427,1.5,-0.017796516824085427
2024-10-07 16:00:00+00:00,BTCUSDT,VolatilityExpansion,1,bull,-0.01764641334336592,1.5,-0.019446413343365918
2024-10-07 17:00:00+00:00,BTCUSDT,VolatilityExpansion,1,bull,-0.020310146295126397,1.5,-0.022110146295126396
2024-10-07 19:00:00+00:00,BTCUSDT,VolatilityExpansion,1,bull,-0.01670102637120474,1.5,-0.01850102637120474
2024-10-07 21:00:00+00:00,BTCUSDT,VolatilityExpansion,1,bull,-0.013164167700667084,1.5,-0.014964167700667084
2024-10-14 03:00:00+00:00,BTCUSDT,VolatilityExpansion,1,bull,0.02442564498263855,1.5,0.02262564498263855
2024-10-14 04:00:00+00:00,BTCUSDT,VolatilityExpansion,1,bull,0.024455674090710477,1.5,0.022655674090710478
2024-10-14 05:00:00+00:00,BTCUSDT,VolatilityExpansion,1,bull,0.02676816673968818,1.5,0.024968166739688182
2024-10-14 06:00:00+00:00,BTCUSDT,VolatilityExpansion,1,bull,0.02619146096877678,1.5,0.02439146096877678
2024-10-14 07:00:00+00:00,BTCUSDT,VolatilityExpansion,1,bull,0.020147214761724097,1.5,0.018347214761724098
2024-10-14 08:00:00+00:00,BTCUSDT,VolatilityExpansion,1,bull,0.02332619091981858,1.5,0.02152619091981858
2024-10-14 09:00:00+00:00,BTCUSDT,VolatilityExpansion,1,bull,0.014858896046373138,1.5,0.013058896046373138
2024-10-14 10:00:00+00:00,BTCUSDT,VolatilityExpansion,1,bull,0.024582806378975253,1.5,0.022782806378975253
2024-10-14 11:00:00+00:00,BTCUSDT,VolatilityExpansion,1,bull,0.01795699504618664,1.5,0.01615699504618664
2024-10-14 12:00:00+00:00,BTCUSDT,VolatilityExpansion,1,bull,0.016360728699361227,1.5,0.014560728699361227
2024-10-14 13:00:00+00:00,BTCUSDT,VolatilityExpansion,1,bull,0.011147095904336712,1.5,0.009347095904336713
2024-10-14 14:00:00+00:00,BTCUSDT,VolatilityExpansion,1,bull,-0.0023613073387185324,1.5,-0.004161307338718532
2024-10-14 15:00:00+00:00,BTCUSDT,VolatilityExpansion,1,bull,-0.0071191130265493285,1.5,-0.008919113026549328
2024-10-14 16:00:00+00:00,BTCUSDT,VolatilityExpansion,1,bull,-0.0014721979900769178,1.5,-0.0032721979900769177
2024-10-14 17:00:00+00:00,BTCUSDT,VolatilityExpansion,1,bull,-0.004142111928459369,1.5,-0.005942111928459368
2024-10-15 15:00:00+00:00,BTCUSDT,VolatilityExpansion,1,bull,0.016210392652743266,1.5,0.014410392652743267
2024-10-15 16:00:00+00:00,BTCUSDT,VolatilityExpansion,1,bull,0.0017248007802741494,1.5,-7.519921972585055e-05
2024-10-15 17:00:00+00:00,BTCUSDT,VolatilityExpansion,1,bull,0.006086741684073305,1.5,0.004286741684073305
2024-10-15 18:00:00+00:00,BTCUSDT,VolatilityExpansion,1,bull,0.0021951139276090714,1.5,0.0003951139276090715
2024-10-15 19:00:00+00:00,BTCUSDT,VolatilityExpansion,1,bull,0.00017628516366130498,1.5,-0.001623714836338695
2024-10-15 20:00:00+00:00,BTCUSDT,VolatilityExpansion,1,bull,0.0099970349053351,1.5,0.008197034905335101
2024-10-15 21:00:00+00:00,BTCUSDT,VolatilityExpansion,1,bull,0.015017687800161772,1.5,0.013217687800161772
2024-10-15 22:00:00+00:00,BTCUSDT,VolatilityExpansion,1,bull,0.014774316249499764,1.5,0.012974316249499764
2024-10-15 23:00:00+00:00,BTCUSDT,VolatilityExpansion,1,bull,0.012354573116162504,1.5,0.010554573116162504
2024-10-16 00:00:00+00:00,BTCUSDT,VolatilityExpansion,1,bull,0.014195588314477536,1.5,0.012395588314477537
2024-10-16 01:00:00+00:00,BTCUSDT,VolatilityExpansion,1,bull,0.0002153079497635435,1.5,-0.0015846920502364564
2024-10-16 02:00:00+00:00,BTCUSDT,VolatilityExpansion,1,bull,0.006086344906756969,1.5,0.004286344906756969
2024-10-21 00:00:00+00:00,BTCUSDT,VolatilityExpansion,1,bull,-0.01344971144071394,1.5,-0.01524971144071394
2024-10-21 01:00:00+00:00,BTCUSDT,VolatilityExpansion,1,bull,-0.027257833358375394,1.5,-0.029057833358375394
2024-10-21 02:00:00+00:00,BTCUSDT,VolatilityExpansion,1,bull,-0.020682058281699556,1.5,-0.022482058281699555
2024-10-21 03:00:00+00:00,BTCUSDT,VolatilityExpansion,1,bull,-0.02297139889668809,1.5,-0.02477139889668809
2024-10-21 04:00:00+00:00,BTCUSDT,VolatilityExpansion,1,bull,-0.02441077075284903,1.5,-0.02621077075284903
2024-10-21 05:00:00+00:00,BTCUSDT,VolatilityExpansion,1,bull,-0.02092744109989375,1.5,-0.02272744109989375
2024-10-28 15:00:00+00:00,BTCUSDT,VolatilityExpansion,1,bull,0.03605656516080402,1.5,0.03425656516080402
2024-10-28 16:00:00+00:00,BTCUSDT,VolatilityExpansion,1,bull,0.034796790587275916,1.5,0.03299679058727591
2024-10-28 17:00:00+00:00,BTCUSDT,VolatilityExpansion,1,bull,0.029904712178566717,1.5,0.028104712178566717
2024-10-28 18:00:00+00:00,BTCUSDT,VolatilityExpansion,1,bull,0.02968639543406315,1.5,0.02788639543406315
2024-10-28 19:00:00+00:00,BTCUSDT,VolatilityExpansion,1,bull,0.020672425218605017,1.5,0.018872425218605018
2024-10-28 20:00:00+00:00,BTCUSDT,VolatilityExpansion,1,bull,0.021135678391959845,1.5,0.019335678391959845
2024-10-28 21:00:00+00:00,BTCUSDT,VolatilityExpansion,1,bull,0.021641075475024252,1.5,0.019841075475024252
2024-10-28 22:00:00+00:00,BTCUSDT,VolatilityExpansion,1,bull,0.017235931376544,1.5,0.015435931376544
2024-10-28 23:00:00+00:00,BTCUSDT,VolatilityExpansion,1,bull,0.021449844795317308,1.5,0.019649844795317308
2024-10-29 00:00:00+00:00,BTCUSDT,VolatilityExpansion,1,bull,0.01650426439994579,1.5,0.01470426439994579
2024-10-29 01:00:00+00:00,BTCUSDT,VolatilityExpansion,1,bull,0.021265698159970148,1.5,0.01946569815997015
2024-10-29 02:00:00+00:00,BTCUSDT,VolatilityExpansion,1,bull,0.009454321674548627,1.5,0.007654321674548627
2024-10-29 03:00:00+00:00,BTCUSDT,VolatilityExpansion,1,bull,0.020408192038619877,1.5,0.018608192038619877
2024-10-29 04:00:00+00:00,BTCUSDT,VolatilityExpansion,1,bull,0.023323131046613765,1.5,0.021523131046613766
2024-10-29 05:00:00+00:00,BTCUSDT,VolatilityExpansion,1,bull,0.023799196741904005,1.5,0.021999196741904006
2024-10-29 06:00:00+00:00,BTCUSDT,VolatilityExpansion,1,bull,0.02726228684227494,1.5,0.02546228684227494
2024-10-29 22:00:00+00:00,BTCUSDT,VolatilityExpansion,1,bull,-0.004122360918477508,1.5,-0.005922360918477507
2024-10-29 23:00:00+00:00,BTCUSDT,VolatilityExpansion,1,bull,-0.010235154214697673,1.5,-0.012035154214697672
2024-10-30 00:00:00+00:00,BTCUSDT,VolatilityExpansion,1,bull,-0.005841927725506735,1.5,-0.007641927725506734
2024-10-30 01:00:00+00:00,BTCUSDT,VolatilityExpansion,1,bull,-0.006445921356722062,1.5,-0.008245921356722061
2024-11-06 03:00:00+00:00,BTCUSDT,VolatilityExpansion,1,bull,-0.0010421274999293795,1.5,-0.0028421274999293794
2024-11-06 04:00:00+00:00,BTCUSDT,VolatilityExpansion,1,bull,0.0007862534886631245,1.5,-0.0010137465113368755
2024-11-06 05:00:00+00:00,BTCUSDT,VolatilityExpansion,1,bull,-0.0043272734566704996,1.5,-0.006127273456670499
2024-11-06 06:00:00+00:00,BTCUSDT,VolatilityExpansion,1,bull,0.012779974181598375,1.5,0.010979974181598375
2024-11-06 07:00:00+00:00,BTCUSDT,VolatilityExpansion,1,bull,0.03243785728486648,1.5,0.03063785728486648
2024-11-06 08:00:00+00:00,BTCUSDT,VolatilityExpansion,1,bull,0.035684735392420563,1.5,0.03388473539242056
2024-11-06 09:00:00+00:00,BTCUSDT,VolatilityExpansion,1,bull,0.028264189343916835,1.5,0.026464189343916835
2024-11-06 10:00:00+00:00,BTCUSDT,VolatilityExpansion,1,bull,0.024044170111251262,1.5,0.022244170111251262
2024-11-06 11:00:00+00:00,BTCUSDT,VolatilityExpansion,1,bull,0.017339756661915118,1.5,0.015539756661915118
2024-11-06 12:00:00+00:00,BTCUSDT,VolatilityExpansion,1,bull,0.015819269962797256,1.5,0.014019269962797256
2024-11-06 13:00:00+00:00,BTCUSDT,VolatilityExpansion,1,bull,0.018852677226111725,1.5,0.017052677226111725
2024-11-06 14:00:00+00:00,BTCUSDT,VolatilityExpansion,1,bull,0.02220749898513752,1.5,0.02040749898513752
2024-11-06 15:00:00+00:00,BTCUSDT,VolatilityExpansion,1,bull,0.010407903114429073,1.5,0.008607903114429074
2024-11-10 05:00:00+00:00,BTCUSDT,VolatilityExpansion,1,bull,0.015591477282054456,1.5,0.013791477282054456
2024-11-10 06:00:00+00:00,BTCUSDT,VolatilityExpansion,1,bull,0.020750018672611503,1.5,0.018950018672611504
2024-11-10 07:00:00+00:00,BTCUSDT,VolatilityExpansion,1,bull,0.011859261307004099,1.5,0.010059261307004099
2024-11-10 08:00:00+00:00,BTCUSDT,VolatilityExpansion,1,bull,-0.0019527574172573114,1.5,-0.0037527574172573114
2024-11-10 09:00:00+00:00,BTCUSDT,VolatilityExpansion,1,bull,0.006512648162116053,1.5,0.004712648162116053
2024-11-10 10:00:00+00:00,BTCUSDT,VolatilityExpansion,1,bull,0.013676721305708517,1.5,0.011876721305708517
2024-11-10 11:00:00+00:00,BTCUSDT,VolatilityExpansion,1,bull,0.006046790371678101,1.5,0.004246790371678102
2024-11-10 12:00:00+00:00,BTCUSDT,VolatilityExpansion,1,bull,0.011439382438954482,1.5,0.009639382438954482
2024-11-10 13:00:00+00:00,BTCUSDT,VolatilityExpansion,1,bull,0.018388297672319753,1.5,0.016588297672319754
2024-11-10 14:00:00+00:00,BTCUSDT,VolatilityExpansion,1,bull,0.024277623779801694,1.5,0.022477623779801694
2024-11-10 15:00:00+00:00,BTCUSDT,VolatilityExpansion,1,bull,0.024171287174656886,1.5,0.022371287174656886
2024-11-10 16:00:00+00:00,BTCUSDT,VolatilityExpansion,1,bull,0.020599703642838252,1.5,0.018799703642838252
2024-11-10 17:00:00+00:00,BTCUSDT,VolatilityExpansion,1,bull,0.004390404026588746,1.5,0.0025904040265887457
2024-11-10 21:00:00+00:00,BTCUSDT,VolatilityExpansion,1,bull,0.02234652247725899,1.5,0.02054652247725899
2024-11-10 22:00:00+00:00,BTCUSDT,VolatilityExpansion,1,bull,0.01643952426515427,1.5,0.014639524265154271
2024-11-10 23:00:00+00:00,BTCUSDT,VolatilityExpansion,1,bull,0.021872928582177043,1.5,0.020072928582177043
2024-11-11 00:00:00+00:00,BTCUSDT,VolatilityExpansion,1,bull,0.019363945675269667,1.5,0.017563945675269668
2024-11-11 01:00:00+00:00,BTCUSDT,VolatilityExpansion,1,bull,0.00743913546513042,1.5,0.00563913546513042
2024-11-11 02:00:00+00:00,BTCUSDT,VolatilityExpansion,1,bull,0.012712696495723819,1.5,0.01091269649572382
2024-11-11 03:00:00+00:00,BTCUSDT,VolatilityExpansion,1,bull,0.03002487071757698,1.5,0.02822487071757698
2024-11-11 04:00:00+00:00,BTCUSDT,VolatilityExpansion,1,bull,0.034169540617827954,1.5,0.03236954061782795
2024-11-11 05:00:00+00:00,BTCUSDT,VolatilityExpansion,1,bull,0.04778617108986771,1.5,0.04598617108986771
2024-11-11 06:00:00+00:00,BTCUSDT,VolatilityExpansion,1,bull,0.06167485785872606,1.5,0.05987485785872606
2024-11-11 07:00:00+00:00,BTCUSDT,VolatilityExpansion,1,bull,0.06202509495020192,1.5,0.06022509495020192
2024-11-11 08:00:00+00:00,BTCUSDT,VolatilityExpansion,1,bull,0.06958333179526743,1.5,0.06778333179526744
2024-11-11 09:00:00+00:00,BTCUSDT,VolatilityExpansion,1,bull,0.07673933101805952,1.5,0.07493933101805952
2024-11-11 22:00:00+00:00,BTCUSDT,VolatilityExpansion,1,bull,-0.012679222150325131,1.5,-0.01447922215032513
2024-11-11 23:00:00+00:00,BTCUSDT,VolatilityExpansion,1,bull,-0.016899773467524692,1.5,-0.018699773467524692
2024-11-12 00:00:00+00:00,BTCUSDT,VolatilityExpansion,1,bull,-0.029329968034904397,1.5,-0.031129968034904396
2024-11-12 01:00:00+00:00,BTCUSDT,VolatilityExpansion,1,bull,-0.02477379369804711,1.5,-0.026573793698047108
2024-11-12 02:00:00+00:00,BTCUSDT,VolatilityExpansion,1,bull,-0.008397272680667922,1.5,-0.010197272680667922
2024-11-12 03:00:00+00:00,BTCUSDT,VolatilityExpansion,1,bull,-0.01684837483691648,1.5,-0.01864837483691648
2024-11-12 04:00:00+00:00,BTCUSDT,VolatilityExpansion,1,bull,-0.01604229136208657,1.5,-0.01784229136208657
2024-11-12 05:00:00+00:00,BTCUSDT,VolatilityExpansion,1,bull,-0.01641080594713684,1.5,-0.01821080594713684
2024-11-12 06:00:00+00:00,BTCUSDT,VolatilityExpansion,1,bull,-0.008848668906261792,1.5,-0.010648668906261791
2024-11-12 07:00:00+00:00,BTCUSDT,VolatilityExpansion,1,bull,-0.0037341953297304054,1.5,-0.005534195329730405
2024-11-18 15:00:00+00:00,BTCUSDT,VolatilityExpansion,1,bull,-0.009824928198701954,1.5,-0.011624928198701954
2024-11-18 16:00:00+00:00,BTCUSDT,VolatilityExpansion,1,bull,0.0011606303687350383,1.5,-0.0006393696312649616
2024-11-18 17:00:00+00:00,BTCUSDT,VolatilityExpansion,1,bull,0.0032471925314572214,1.5,0.0014471925314572215
2024-11-18 20:00:00+00:00,BTCUSDT,VolatilityExpansion,1,bull,0.0034741910215105865,1.5,0.0016741910215105865
2024-11-18 21:00:00+00:00,BTCUSDT,VolatilityExpansion,1,bull,0.004589962945326542,1.5,0.0027899629453265423
2024-11-18 22:00:00+00:00,BTCUSDT,VolatilityExpansion,1,bull,0.00661677411433792,1.5,0.0048167741143379204
2024-11-19 00:00:00+00:00,BTCUSDT,VolatilityExpansion,1,bull,0.015651855152567284,1.5,0.013851855152567285
2024-11-19 02:00:00+00:00,BTCUSDT,VolatilityExpansion,1,bull,0.0062849276724084024,1.5,0.004484927672408403
2024-12-05 02:00:00+00:00,BTCUSDT,VolatilityExpansion,1,bull,0.020280537754811645,1.5,0.018480537754811645
2024-12-05 03:00:00+00:00,BTCUSDT,VolatilityExpansion,1,bull,-0.01682693940031832,1.5,-0.01862693940031832
2024-12-05 04:00:00+00:00,BTCUSDT,VolatilityExpansion,1,bull,-0.02266789484926901,1.5,-0.02446789484926901
2024-12-05 05:00:00+00:00,BTCUSDT,VolatilityExpansion,1,bull,-0.012135484644469341,1.5,-0.01393548464446934
2024-12-05 06:00:00+00:00,BTCUSDT,VolatilityExpansion,1,bull,-0.01669857435406552,1.5,-0.01849857435406552
2024-12-05 07:00:00+00:00,BTCUSDT,VolatilityExpansion,1,bull,-0.03109233264347877,1.5,-0.032892332643478774
2024-12-05 08:00:00+00:00,BTCUSDT,VolatilityExpansion,1,bull,-0.03618957425231384,1.5,-0.03798957425231384
2024-12-05 09:00:00+00:00,BTCUSDT,VolatilityExpansion,1,bull,-0.037275291828793744,1.5,-0.03907529182879375
2024-12-05 10:00:00+00:00,BTCUSDT,VolatilityExpansion,1,bull,-0.056367933742235365,1.5,-0.05816793374223537
2024-12-05 11:00:00+00:00,BTCUSDT,VolatilityExpansion,1,bull,-0.05519430553959259,1.5,-0.056994305539592595
2024-12-05 12:00:00+00:00,BTCUSDT,VolatilityExpansion,1,bull,-0.051881335831485464,1.5,-0.05368133583148547
2024-12-05 15:00:00+00:00,BTCUSDT,VolatilityExpansion,1,bull,-0.03500144548451367,1.5,-0.036801445484513674
2024-12-16 00:00:00+00:00,BTCUSDT,VolatilityExpansion,1,bull,-0.017360442585059532,1.5,-0.019160442585059532
2024-12-16 01:00:00+00:00,BTCUSDT,VolatilityExpansion,1,bull,-0.015705555892521317,1.5,-0.017505555892521316
2024-12-16 02:00:00+00:00,BTCUSDT,VolatilityExpansion,1,bull,0.008505754821186873,1.5,0.006705754821186873
2024-12-16 03:00:00+00:00,BTCUSDT,VolatilityExpansion,1,bull,0.016461361897475157,1.5,0.014661361897475158
2024-12-16 04:00:00+00:00,BTCUSDT,VolatilityExpansion,1,bull,0.02028450094795442,1.5,0.01848450094795442
2024-12-16 05:00:00+00:00,BTCUSDT,VolatilityExpansion,1,bull,0.01927080456442365,1.5,0.01747080456442365
2024-12-16 06:00:00+00:00,BTCUSDT,VolatilityExpansion,1,bull,0.01816322648149904,1.5,0.01636322648149904
2024-12-16 07:00:00+00:00,BTCUSDT,VolatilityExpansion,1,bull,0.01520724154359221,1.5,0.01340724154359221
2024-12-16 08:00:00+00:00,BTCUSDT,VolatilityExpansion,1,bull,0.011975331677933854,1.5,0.010175331677933854
2024-12-16 09:00:00+00:00,BTCUSDT,VolatilityExpansion,1,bull,0.013088409838478254,1.5,0.011288409838478255
2024-12-16 10:00:00+00:00,BTCUSDT,VolatilityExpansion,1,bull,0.010612408692868724,1.5,0.008812408692868725
2024-07-01 07:00:00+00:00,ETHUSDT,VolatilityExpansion,1,bull,-0.0054911513935659295,1.5,-0.00744115139356593
2024-07-01 08:00:00+00:00,ETHUSDT,VolatilityExpansion,1,bull,-0.005122094775980024,1.5,-0.007072094775980024
2024-07-15 02:00:00+00:00,ETHUSDT,VolatilityExpansion,1,bull,0.012032635558585136,1.5,0.010082635558585136
2024-07-15 03:00:00+00:00,ETHUSDT,VolatilityExpansion,1,bull,0.011285515119465295,1.5,0.009335515119465294
2024-07-15 04:00:00+00:00,ETHUSDT,VolatilityExpansion,1,bull,0.0157171983689135,1.5,0.013767198368913498
2024-07-15 05:00:00+00:00,ETHUSDT,VolatilityExpansion,1,bull,0.01424620221267614,1.5,0.01229620221267614
2024-07-15 06:00:00+00:00,ETHUSDT,VolatilityExpansion,1,bull,0.014218236030485887,1.5,0.012268236030485886
2024-07-15 07:00:00+00:00,ETHUSDT,VolatilityExpansion,1,bull,0.014908820977882709,1.5,0.012958820977882708
2024-07-15 08:00:00+00:00,ETHUSDT,VolatilityExpansion,1,bull,0.0238039819523026,1.5,0.0218539819523026
2024-07-15 09:00:00+00:00,ETHUSDT,VolatilityExpansion,1,bull,0.021287911155462913,1.5,0.019337911155462913
2024-07-15 10:00:00+00:00,ETHUSDT,VolatilityExpansion,1,bull,0.04102018172549249,1.5,0.03907018172549249
2024-07-15 11:00:00+00:00,ETHUSDT,VolatilityExpansion,1,bull,0.04276335493764294,1.5,0.04081335493764294
2024-07-21 21:00:00+00:00,ETHUSDT,VolatilityExpansion,1,bull,-0.007848820687695324,1.5,-0.009798820687695324
2024-07-21 22:00:00+00:00,ETHUSDT,VolatilityExpansion,1,bull,-0.01180210733717968,1.5,-0.01375210733717968
2024-07-21 23:00:00+00:00,ETHUSDT,VolatilityExpansion,1,bull,-0.010101010101010166,1.5,-0.012051010101010166
2024-07-22 00:00:00+00:00,ETHUSDT,VolatilityExpansion,1,bull,-0.012552584770885722,1.5,-0.014502584770885722
2024-07-22 01:00:00+00:00,ETHUSDT,VolatilityExpansion,1,bull,-0.01720079410096431,1.5,-0.019150794100964312
2024-07-22 02:00:00+00:00,ETHUSDT,VolatilityExpansion,1,bull,-0.02425218422490094,1.5,-0.02620218422490094
2024-07-22 03:00:00+00:00,ETHUSDT,VolatilityExpansion,1,bull,-0.0170047902420154,1.5,-0.0189547902420154
2024-07-22 04:00:00+00:00,ETHUSDT,VolatilityExpansion,1,bull,-0.017774527824092723,1.5,-0.019724527824092723
2024-08-23 22:00:00+00:00,ETHUSDT,VolatilityExpansion,1,bull,0.003161172679057689,1.5,0.001211172679057689
2024-08-24 00:00:00+00:00,ETHUSDT,VolatilityExpansion,1,bull,-0.0006311207834601706,1.5,-0.0025811207834601706
2024-08-24 01:00:00+00:00,ETHUSDT,VolatilityExpansion,1,bull,0.0020603422275680128,1.5,0.00011034222756801286
2024-09-23 00:00:00+00:00,ETHUSDT,VolatilityExpansion,1,bull,0.020050057655003117,1.5,0.018100057655003117
2024-09-23 01:00:00+00:00,ETHUSDT,VolatilityExpansion,1,bull,0.011268640720213163,1.5,0.009318640720213163
2024-09-23 02:00:00+00:00,ETHUSDT,VolatilityExpansion,1,bull,0.009379460083204227,1.5,0.007429460083204227
2024-09-23 03:00:00+00:00,ETHUSDT,VolatilityExpansion,1,bull,-0.0004859140978630272,1.5,-0.002435914097863027
2024-09-23 04:00:00+00:00,ETHUSDT,VolatilityExpansion,1,bull,-0.000274126924521223,1.5,-0.002224126924521223
2024-09-23 05:00:00+00:00,ETHUSDT,VolatilityExpansion,1,bull,0.004126024447447696,1.5,0.002176024447447696
2024-09-23 06:00:00+00:00,ETHUSDT,VolatilityExpansion,1,bull,0.009288812350917386,1.5,0.0073388123509173855
2024-09-23 07:00:00+00:00,ETHUSDT,VolatilityExpansion,1,bull,0.010029221969780178,1.5,0.008079221969780177
2024-09-23 08:00:00+00:00,ETHUSDT,VolatilityExpansion,1,bull,0.005940519180957171,1.5,0.003990519180957171
2024-09-23 09:00:00+00:00,ETHUSDT,VolatilityExpansion,1,bull,2.6364951187130004e-05,1.5,-0.00192363504881287
2024-09-23 10:00:00+00:00,ETHUSDT,VolatilityExpansion,1,bull,-0.0009931761622615776,1.5,-0.0029431761622615775
2024-09-23 11:00:00+00:00,ETHUSDT,VolatilityExpansion,1,bull,0.0002759809610941577,1.5,-0.0016740190389058422
2024-10-14 03:00:00+00:00,ETHUSDT,VolatilityExpansion,1,bull,0.04559848256376875,1.5,0.04364848256376875
2024-10-14 04:00:00+00:00,ETHUSDT,VolatilityExpansion,1,bull,0.03072619103829277,1.5,0.02877619103829277
2024-10-14 05:00:00+00:00,ETHUSDT,VolatilityExpansion,1,bull,0.03769633507853398,1.5,0.03574633507853398
2024-10-14 06:00:00+00:00,ETHUSDT,VolatilityExpansion,1,bull,0.04030518763578539,1.5,0.03835518763578539
2024-10-14 07:00:00+00:00,ETHUSDT,VolatilityExpansion,1,bull,0.03358135351160296,1.5,0.03163135351160296
2024-10-14 08:00:00+00:00,ETHUSDT,VolatilityExpansion,1,bull,0.038491863814478444,1.5,0.036541863814478444
2024-10-14 09:00:00+00:00,ETHUSDT,VolatilityExpansion,1,bull,0.032831283681083345,1.5,0.030881283681083345
2024-10-14 10:00:00+00:00,ETHUSDT,VolatilityExpansion,1,bull,0.043244903504247034,1.5,0.041294903504247034
2024-10-14 11:00:00+00:00,ETHUSDT,VolatilityExpansion,1,bull,0.03633855008475595,1.5,0.03438855008475595
2024-10-14 12:00:00+00:00,ETHUSDT,VolatilityExpansion,1,bull,0.02647331722958013,1.5,0.02452331722958013
2024-10-14 13:00:00+00:00,ETHUSDT,VolatilityExpansion,1,bull,0.02371847790532855,1.5,0.02176847790532855
2024-10-14 14:00:00+00:00,ETHUSDT,VolatilityExpansion,1,bull,0.0018421263401184884,1.5,-0.0001078736598815115
2024-10-14 15:00:00+00:00,ETHUSDT,VolatilityExpansion,1,bull,-0.008781950321637977,1.5,-0.010731950321637977
2024-10-14 16:00:00+00:00,ETHUSDT,VolatilityExpansion,1,bull,-0.0021301287239078315,1.5,-0.004080128723907832
2024-10-14 17:00:00+00:00,ETHUSDT,VolatilityExpansion,1,bull,-0.011971943613059532,1.5,-0.013921943613059533
2024-10-14 18:00:00+00:00,ETHUSDT,VolatilityExpansion,1,bull,-0.007699271916677519,1.5,-0.00964927191667752
2024-10-14 19:00:00+00:00,ETHUSDT,VolatilityExpansion,1,bull,-0.001774910777334604,1.5,-0.003724910777334604
2024-10-15 23:00:00+00:00,ETHUSDT,VolatilityExpansion,1,bull,0.008693517076277413,1.5,0.006743517076277412
2024-10-16 00:00:00+00:00,ETHUSDT,VolatilityExpansion,1,bull,0.012259207890275903,1.5,0.010309207890275902
2024-10-16 01:00:00+00:00,ETHUSDT,VolatilityExpansion,1,bull,-0.004853924002291454,1.5,-0.006803924002291455
2024-10-20 22:00:00+00:00,ETHUSDT,VolatilityExpansion,1,bull,-0.014942106163573388,1.5,-0.016892106163573388
2024-10-20 23:00:00+00:00,ETHUSDT,VolatilityExpansion,1,bull,-0.015209429992209644,1.5,-0.017159429992209645
2024-10-21 00:00:00+00:00,ETHUSDT,VolatilityExpansion,1,bull,-0.01759010788550952,1.5,-0.01954010788550952
2024-10-21 01:00:00+00:00,ETHUSDT,VolatilityExpansion,1,bull,-0.026419973412488806,1.5,-0.028369973412488807
2024-10-21 02:00:00+00:00,ETHUSDT,VolatilityExpansion,1,bull,-0.0219396960281647,1.5,-0.0238896960281647
2024-10-21 03:00:00+00:00,ETHUSDT,VolatilityExpansion,1,bull,-0.01997199094642077,1.5,-0.02192199094642077
2024-10-21 04:00:00+00:00,ETHUSDT,VolatilityExpansion,1,bull,-0.024564400784133356,1.5,-0.026514400784133356
2024-11-10 22:00:00+00:00,ETHUSDT,VolatilityExpansion,1,bull,0.002156173498211178,1.5,0.00020617349821117808
2024-11-10 23:00:00+00:00,ETHUSDT,VolatilityExpansion,1,bull,0.004624527893155594,1.5,0.0026745278931555945
2024-11-11 00:00:00+00:00,ETHUSDT,VolatilityExpansion,1,bull,-0.00685201524338741,1.5,-0.00880201524338741
2024-11-11 01:00:00+00:00,ETHUSDT,VolatilityExpansion,1,bull,-0.014790219401269455,1.5,-0.016740219401269456
2024-11-12 00:00:00+00:00,ETHUSDT,VolatilityExpansion,1,bull,-0.027501083366955115,1.5,-0.029451083366955115
2024-11-12 01:00:00+00:00,ETHUSDT,VolatilityExpansion,1,bull,-0.01669918581683294,1.5,-0.01864918581683294
2024-11-21 13:00:00+00:00,ETHUSDT,VolatilityExpansion,1,bull,-0.00788771569604696,1.5,-0.00983771569604696
2024-11-21 14:00:00+00:00,ETHUSDT,VolatilityExpansion,1,bull,-0.00440852314474649,1.5,-0.0063585231447464904
2024-11-21 15:00:00+00:00,ETHUSDT,VolatilityExpansion,1,bull,0.027277911448184033,1.5,0.025327911448184033
2024-11-21 16:00:00+00:00,ETHUSDT,VolatilityExpansion,1,bull,0.01772361478957518,1.5,0.01577361478957518
2024-11-21 17:00:00+00:00,ETHUSDT,VolatilityExpansion,1,bull,0.007664983551601612,1.5,0.0057149835516016115
2024-11-21 18:00:00+00:00,ETHUSDT,VolatilityExpansion,1,bull,-0.0023120088459469557,1.5,-0.004262008845946956
2024-11-21 19:00:00+00:00,ETHUSDT,VolatilityExpansion,1,bull,0.00467762590336096,1.5,0.0027276259033609603
2024-11-21 20:00:00+00:00,ETHUSDT,VolatilityExpansion,1,bull,0.0073364155431723255,1.5,0.005386415543172325
2024-11-21 21:00:00+00:00,ETHUSDT,VolatilityExpansion,1,bull,0.005614923750530076,1.5,0.0036649237505300765
2024-11-21 22:00:00+00:00,ETHUSDT,VolatilityExpansion,1,bull,-0.014601503714833597,1.5,-0.016551503714833597
2024-11-21 23:00:00+00:00,ETHUSDT,VolatilityExpansion,1,bull,-0.003483501007833456,1.5,-0.005433501007833456
2024-11-22 00:00:00+00:00,ETHUSDT,VolatilityExpansion,1,bull,0.009390222961309425,1.5,0.007440222961309424
2024-11-22 01:00:00+00:00,ETHUSDT,VolatilityExpansion,1,bull,-0.00844375592221025,1.5,-0.01039375592221025
2024-11-25 15:00:00+00:00,ETHUSDT,VolatilityExpansion,1,bull,-0.024057276253983018,1.5,-0.026007276253983018
2024-11-25 16:00:00+00:00,ETHUSDT,VolatilityExpansion,1,bull,-0.018316888480954585,1.5,-0.020266888480954585
2024-11-25 17:00:00+00:00,ETHUSDT,VolatilityExpansion,1,bull,-0.008980307962232037,1.5,-0.010930307962232037
2024-11-25 18:00:00+00:00,ETHUSDT,VolatilityExpansion,1,bull,-0.007302802595392843,1.5,-0.009252802595392844
2024-11-25 19:00:00+00:00,ETHUSDT,VolatilityExpansion,1,bull,-0.02020178712554299,1.5,-0.022151787125542992
2024-11-25 20:00:00+00:00,ETHUSDT,VolatilityExpansion,1,bull,-0.036751802635971775,1.5,-0.038701802635971776
2024-11-25 22:00:00+00:00,ETHUSDT,VolatilityExpansion,1,bull,-0.0388751704353012,1.5,-0.0408251704353012
2024-11-26 01:00:00+00:00,ETHUSDT,VolatilityExpansion,1,bull,-0.03955956687071038,1.5,-0.041509566870710383
2024-11-26 02:00:00+00:00,ETHUSDT,VolatilityExpansion,1,bull,-0.028763038509287853,1.5,-0.030713038509287853
2024-12-05 03:00:00+00:00,ETHUSDT,VolatilityExpansion,1,bull,0.014074301888562735,1.5,0.012124301888562734
2024-07-21 20:00:00+00:00,SOLUSDT,VolatilityExpansion,1,bull,-0.02784162913304189,1.5,-0.03024162913304189
2024-07-21 21:00:00+00:00,SOLUSDT,VolatilityExpansion,1,bull,-0.02898959848863214,1.5,-0.03138959848863214
2024-07-21 22:00:00+00:00,SOLUSDT,VolatilityExpansion,1,bull,-0.024078303425774883,1.5,-0.026478303425774882
2024-07-21 23:00:00+00:00,SOLUSDT,VolatilityExpansion,1,bull,-0.021623760658741387,1.5,-0.024023760658741386
2024-07-22 00:00:00+00:00,SOLUSDT,VolatilityExpansion,1,bull,-0.014172884042524259,1.5,-0.016572884042524258
2024-07-22 01:00:00+00:00,SOLUSDT,VolatilityExpansion,1,bull,-0.014472849618046957,1.5,-0.016872849618046956
2024-07-22 02:00:00+00:00,SOLUSDT,VolatilityExpansion,1,bull,-0.02300987861534831,1.5,-0.02540987861534831
2024-07-22 03:00:00+00:00,SOLUSDT,VolatilityExpansion,1,bull,-0.006185396053286163,1.5,-0.008585396053286162
2024-07-22 04:00:00+00:00,SOLUSDT,VolatilityExpansion,1,bull,-0.012002185225448048,1.5,-0.014402185225448047
2024-07-22 05:00:00+00:00,SOLUSDT,VolatilityExpansion,1,bull,0.010326244616517544,1.5,0.007926244616517544
2024-07-22 06:00:00+00:00,SOLUSDT,VolatilityExpansion,1,bull,0.00832032991529208,1.5,0.005920329915292079
2024-08-23 22:00:00+00:00,SOLUSDT,VolatilityExpansion,1,bull,0.039942553345674536,1.5,0.03754255334567454
2024-08-23 23:00:00+00:00,SOLUSDT,VolatilityExpansion,1,bull,0.026502989009841382,1.5,0.024102989009841383
2024-08-24 00:00:00+00:00,SOLUSDT,VolatilityExpansion,1,bull,0.027492958482822738,1.5,0.02509295848282274
2024-08-24 01:00:00+00:00,SOLUSDT,VolatilityExpansion,1,bull,0.03025656418019529,1.5,0.02785656418019529
2024-08-24 02:00:00+00:00,SOLUSDT,VolatilityExpansion,1,bull,0.034586005127234865,1.5,0.032186005127234865
2024-08-24 03:00:00+00:00,SOLUSDT,VolatilityExpansion,1,bull,0.040273625670683266,1.5,0.03787362567068327
2024-09-23 06:00:00+00:00,SOLUSDT,VolatilityExpansion,1,bull,-0.020771493151057863,1.5,-0.023171493151057862
2024-10-14 03:00:00+00:00,SOLUSDT,VolatilityExpansion,1,bull,0.027684838942465317,1.5,0.025284838942465318
2024-10-14 04:00:00+00:00,SOLUSDT,VolatilityExpansion,1,bull,0.019034598801135783,1.5,0.016634598801135783
2024-10-14 05:00:00+00:00,SOLUSDT,VolatilityExpansion,1,bull,0.027565114573906646,1.5,0.025165114573906647
2024-10-14 06:00:00+00:00,SOLUSDT,VolatilityExpansion,1,bull,0.025744008427706078,1.5,0.02334400842770608
2024-10-14 07:00:00+00:00,SOLUSDT,VolatilityExpansion,1,bull,0.017063284518828326,1.5,0.014663284518828326
2024-10-14 09:00:00+00:00,SOLUSDT,VolatilityExpansion,1,bull,0.018313820393747182,1.5,0.015913820393747183
2024-10-14 10:00:00+00:00,SOLUSDT,VolatilityExpansion,1,bull,0.031750179656366395,1.5,0.029350179656366396
2024-10-14 15:00:00+00:00,SOLUSDT,VolatilityExpansion,1,bull,-0.007787565428316046,1.5,-0.010187565428316045
2024-10-14 16:00:00+00:00,SOLUSDT,VolatilityExpansion,1,bull,0.006127450980392357,1.5,0.003727450980392357
2024-10-15 16:00:00+00:00,SOLUSDT,VolatilityExpansion,1,bull,-0.007165913492575893,1.5,-0.009565913492575892
2024-10-15 17:00:00+00:00,SOLUSDT,VolatilityExpansion,1,bull,-0.0036199095022624306,1.5,-0.006019909502262431
2024-10-15 18:00:00+00:00,SOLUSDT,VolatilityExpansion,1,bull,-0.006516549454803622,1.5,-0.008916549454803621
2024-10-15 19:00:00+00:00,SOLUSDT,VolatilityExpansion,1,bull,-0.009863967506930527,1.5,-0.012263967506930526
2024-10-15 23:00:00+00:00,SOLUSDT,VolatilityExpansion,1,bull,0.007176105508145847,1.5,0.004776105508145847
2024-10-16 01:00:00+00:00,SOLUSDT,VolatilityExpansion,1,bull,-0.0020685197155785318,1.5,-0.004468519715578532
2024-10-16 02:00:00+00:00,SOLUSDT,VolatilityExpansion,1,bull,0.004727979274611327,1.5,0.0023279792746113267
2024-10-21 00:00:00+00:00,SOLUSDT,VolatilityExpansion,1,bull,-0.01801161275032581,1.5,-0.02041161275032581
2024-10-21 01:00:00+00:00,SOLUSDT,VolatilityExpansion,1,bull,-0.04221868927751293,1.5,-0.04461868927751293
2024-10-21 02:00:00+00:00,SOLUSDT,VolatilityExpansion,1,bull,-0.02527589889640436,1.5,-0.027675898896404358
2024-10-21 03:00:00+00:00,SOLUSDT,VolatilityExpansion,1,bull,-0.024769992922859085,1.5,-0.027169992922859085
2024-10-21 04:00:00+00:00,SOLUSDT,VolatilityExpansion,1,bull,-0.03510725589028252,1.5,-0.03750725589028252
2024-10-21 05:00:00+00:00,SOLUSDT,VolatilityExpansion,1,bull,-0.023287348190072055,1.5,-0.025687348190072054
2024-10-21 06:00:00+00:00,SOLUSDT,VolatilityExpansion,1,bull,-0.020104068117313134,1.5,-0.022504068117313134
2024-10-21 07:00:00+00:00,SOLUSDT,VolatilityExpansion,1,bull,-0.005749170222854372,1.5,-0.008149170222854371
2024-10-21 08:00:00+00:00,SOLUSDT,VolatilityExpansion,1,bull,-0.0011401140114011277,1.5,-0.003540114011401128
2024-10-21 09:00:00+00:00,SOLUSDT,VolatilityExpansion,1,bull,0.002454501915708729,1.5,5.4501915708728664e-05
2024-10-21 10:00:00+00:00,SOLUSDT,VolatilityExpansion,1,bull,0.009085439229843617,1.5,0.006685439229843617
2024-10-21 11:00:00+00:00,SOLUSDT,VolatilityExpansion,1,bull,-0.0021023546371936597,1.5,-0.00450235463719366
2024-10-21 17:00:00+00:00,SOLUSDT,VolatilityExpansion,1,bull,0.016961429347498003,1.5,0.014561429347498003
2024-11-06 06:00:00+00:00,SOLUSDT,VolatilityExpansion,1,bull,0.012684875310374766,1.5,0.010284875310374766
2024-11-06 07:00:00+00:00,SOLUSDT,VolatilityExpansion,1,bull,0.023849622426250994,1.5,0.021449622426250994
2024-11-06 08:00:00+00:00,SOLUSDT,VolatilityExpansion,1,bull,0.023304044097582244,1.5,0.020904044097582244
2024-11-06 09:00:00+00:00,SOLUSDT,VolatilityExpansion,1,bull,0.024515919075771553,1.5,0.022115919075771553
2024-11-06 10:00:00+00:00,SOLUSDT,VolatilityExpansion,1,bull,0.020897456666126635,1.5,0.018497456666126635
2024-11-06 11:00:00+00:00,SOLUSDT,VolatilityExpansion,1,bull,-0.0009101616875467622,1.5,-0.0033101616875467624
2024-11-06 12:00:00+00:00,SOLUSDT,VolatilityExpansion,1,bull,0.004989805773151668,1.5,0.0025898057731516674
2024-11-06 13:00:00+00:00,SOLUSDT,VolatilityExpansion,1,bull,0.013637822226976182,1.5,0.011237822226976182
2024-11-06 14:00:00+00:00,SOLUSDT,VolatilityExpansion,1,bull,0.035019455252918386,1.5,0.032619455252918386
2024-11-06 15:00:00+00:00,SOLUSDT,VolatilityExpansion,1,bull,0.019453575470173012,1.5,0.017053575470173013
2024-11-10 21:00:00+00:00,SOLUSDT,VolatilityExpansion,1,bull,0.017785703957198695,1.5,0.015385703957198696
2024-11-10 22:00:00+00:00,SOLUSDT,VolatilityExpansion,1,bull,0.024440015186028896,1.5,0.022040015186028897
2024-11-10 23:00:00+00:00,SOLUSDT,VolatilityExpansion,1,bull,0.03580769413666851,1.5,0.03340769413666851
2024-11-11 00:00:00+00:00,SOLUSDT,VolatilityExpansion,1,bull,0.025276236543842145,1.5,0.022876236543842146
2024-11-11 01:00:00+00:00,SOLUSDT,VolatilityExpansion,1,bull,0.031088328824339095,1.5,0.028688328824339096
2024-11-11 02:00:00+00:00,SOLUSDT,VolatilityExpansion,1,bull,0.034054411486869496,1.5,0.031654411486869496
2024-11-11 03:00:00+00:00,SOLUSDT,VolatilityExpansion,1,bull,0.043068576595441055,1.5,0.040668576595441056
2024-11-17 08:00:00+00:00,SOLUSDT,VolatilityExpansion,1,bull,-0.008151260504201674,1.5,-0.010551260504201673
2024-11-17 09:00:00+00:00,SOLUSDT,VolatilityExpansion,1,bull,-0.021688061078949494,1.5,-0.024088061078949494
2024-11-17 10:00:00+00:00,SOLUSDT,VolatilityExpansion,1,bull,-0.02462011126795649,1.5,-0.02702011126795649
2024-11-17 11:00:00+00:00,SOLUSDT,VolatilityExpansion,1,bull,0.010891299723463144,1.5,0.008491299723463144
2024-11-17 12:00:00+00:00,SOLUSDT,VolatilityExpansion,1,bull,0.001149082861642059,1.5,-0.0012509171383579413
2024-11-17 13:00:00+00:00,SOLUSDT,VolatilityExpansion,1,bull,0.026644211253616712,1.5,0.024244211253616713
2024-11-17 14:00:00+00:00,SOLUSDT,VolatilityExpansion,1,bull,0.02693444097118136,1.5,0.024534440971181362
2024-11-17 15:00:00+00:00,SOLUSDT,VolatilityExpansion,1,bull,0.04395181957970262,1.5,0.04155181957970262
2024-11-17 16:00:00+00:00,SOLUSDT,VolatilityExpansion,1,bull,0.038298600710342745,1.5,0.035898600710342746
2025-01-06 14:00:00+00:00,BTCUSDT,VolatilityExpansion,1,bull,0.009192468868542747,1.5,0.007392468868542747
2025-01-06 15:00:00+00:00,BTCUSDT,VolatilityExpansion,1,bull,-0.004340650999711038,1.5,-0.006140650999711037
2025-01-06 16:00:00+00:00,BTCUSDT,VolatilityExpansion,1,bull,-0.004953166236602358,1.5,-0.006753166236602357
2025-01-06 17:00:00+00:00,BTCUSDT,VolatilityExpansion,1,bull,-0.0009469994655936231,1.5,-0.002746999465593623
2025-01-06 18:00:00+00:00,BTCUSDT,VolatilityExpansion,1,bull,0.0006814045389604839,1.5,-0.001118595461039516
2025-01-06 19:00:00+00:00,BTCUSDT,VolatilityExpansion,1,bull,-0.0012026919074752396,1.5,-0.0030026919074752395
2025-01-06 20:00:00+00:00,BTCUSDT,VolatilityExpansion,1,bull,-0.002091589068875521,1.5,-0.003891589068875521
2025-01-06 21:00:00+00:00,BTCUSDT,VolatilityExpansion,1,bull,0.0011421077401430058,1.5,-0.0006578922598569942
2025-01-06 22:00:00+00:00,BTCUSDT,VolatilityExpansion,1,bull,-0.0058745129499175874,1.5,-0.007674512949917587
2025-01-06 23:00:00+00:00,BTCUSDT,VolatilityExpansion,1,bull,-0.013637631446313137,1.5,-0.015437631446313136
2025-01-07 00:00:00+00:00,BTCUSDT,VolatilityExpansion,1,bull,-0.012669036494432628,1.5,-0.014469036494432628
2025-01-07 01:00:00+00:00,BTCUSDT,VolatilityExpansion,1,bull,-0.012602835466198892,1.5,-0.014402835466198891
2025-01-07 02:00:00+00:00,BTCUSDT,VolatilityExpansion,1,bull,-0.016554541724352667,1.5,-0.018354541724352667
2025-01-07 03:00:00+00:00,BTCUSDT,VolatilityExpansion,1,bull,-0.03684879413425346,1.5,-0.03864879413425346
2025-01-20 10:00:00+00:00,BTCUSDT,VolatilityExpansion,1,bull,-0.040812943837870486,1.5,-0.04261294383787049
2025-01-20 11:00:00+00:00,BTCUSDT,VolatilityExpansion,1,bull,-0.05560296893992289,1.5,-0.057402968939922895
2025-01-20 12:00:00+00:00,BTCUSDT,VolatilityExpansion,1,bull,-0.05393933274244278,1.5,-0.05573933274244278
2025-01-20 13:00:00+00:00,BTCUSDT,VolatilityExpansion,1,bull,-0.06020866782593237,1.5,-0.062008667825932375
2025-01-20 14:00:00+00:00,BTCUSDT,VolatilityExpansion,1,bull,-0.0497829841806402,1.5,-0.0515829841806402
2025-01-20 16:00:00+00:00,BTCUSDT,VolatilityExpansion,1,bull,-0.0407545196095801,1.5,-0.0425545196095801
2025-01-23 22:00:00+00:00,BTCUSDT,VolatilityExpansion,1,bull,0.013775652558761564,1.5,0.011975652558761565
2025-01-23 23:00:00+00:00,BTCUSDT,VolatilityExpansion,1,bull,0.014538242316875838,1.5,0.012738242316875838
2025-01-24 03:00:00+00:00,BTCUSDT,VolatilityExpansion,1,bull,0.0190596152253506,1.5,0.017259615225350602
2025-01-24 04:00:00+00:00,BTCUSDT,VolatilityExpansion,1,bull,0.009777204054312483,1.5,0.007977204054312483
2025-03-20 00:00:00+00:00,BTCUSDT,VolatilityExpansion,1,bull,-0.007689006384050123,1.5,-0.009489006384050123
2025-03-20 01:00:00+00:00,BTCUSDT,VolatilityExpansion,1,bull,-0.004313819600094915,1.5,-0.006113819600094914
2025-03-20 02:00:00+00:00,BTCUSDT,VolatilityExpansion,1,bull,0.0012043696763894829,1.5,-0.0005956303236105171
2025-03-24 00:00:00+00:00,BTCUSDT,VolatilityExpansion,1,bull,0.015019512807751045,1.5,0.013219512807751046
2025-03-24 01:00:00+00:00,BTCUSDT,VolatilityExpansion,1,bull,0.02487462715536659,1.5,0.02307462715536659
2025-03-24 02:00:00+00:00,BTCUSDT,VolatilityExpansion,1,bull,0.02428456925034128,1.5,0.022484569250341282
2025-03-24 03:00:00+00:00,BTCUSDT,VolatilityExpansion,1,bull,0.02058897651631275,1.5,0.018788976516312752
2025-03-24 04:00:00+00:00,BTCUSDT,VolatilityExpansion,1,bull,0.013970850855464123,1.5,0.012170850855464124
2025-03-24 05:00:00+00:00,BTCUSDT,VolatilityExpansion,1,bull,0.017876961192902607,1.5,0.016076961192902608
2025-03-24 06:00:00+00:00,BTCUSDT,VolatilityExpansion,1,bull,0.015273671951984369,1.5,0.01347367195198437
2025-03-24 07:00:00+00:00,BTCUSDT,VolatilityExpansion,1,bull,0.015373009703147034,1.5,0.013573009703147034
2025-03-24 08:00:00+00:00,BTCUSDT,VolatilityExpansion,1,bull,0.004907947372336796,1.5,0.003107947372336796
2025-03-24 09:00:00+00:00,BTCUSDT,VolatilityExpansion,1,bull,0.011002016959912098,1.5,0.009202016959912098
2025-03-24 10:00:00+00:00,BTCUSDT,VolatilityExpansion,1,bull,-0.003828033651139484,1.5,-0.005628033651139484
2025-03-24 11:00:00+00:00,BTCUSDT,VolatilityExpansion,1,bull,-0.0020560542926124636,1.5,-0.0038560542926124636
2025-03-24 12:00:00+00:00,BTCUSDT,VolatilityExpansion,1,bull,0.003093261844615114,1.5,0.001293261844615114
2025-03-24 13:00:00+00:00,BTCUSDT,VolatilityExpansion,1,bull,-0.006946757875426091,1.5,-0.00874675787542609
2025-03-24 14:00:00+00:00,BTCUSDT,VolatilityExpansion,1,bull,-0.012589711218025212,1.5,-0.014389711218025212
2025-03-24 15:00:00+00:00,BTCUSDT,VolatilityExpansion,1,bull,-0.020460175547694526,1.5,-0.022260175547694525
2025-03-24 16:00:00+00:00,BTCUSDT,VolatilityExpansion,1,bull,-0.017014458994972004,1.5,-0.018814458994972003
2025-03-24 17:00:00+00:00,BTCUSDT,VolatilityExpansion,1,bull,-0.020388335239155286,1.5,-0.022188335239155286
2025-03-24 18:00:00+00:00,BTCUSDT,VolatilityExpansion,1,bull,-0.02151552069935625,1.5,-0.02331552069935625
2025-03-24 19:00:00+00:00,BTCUSDT,VolatilityExpansion,1,bull,-0.01993936183606837,1.5,-0.02173936183606837
2025-03-24 20:00:00+00:00,BTCUSDT,VolatilityExpansion,1,bull,-0.012782853231249725,1.5,-0.014582853231249724
2025-03-24 21:00:00+00:00,BTCUSDT,VolatilityExpansion,1,bull,-0.010187385672938531,1.5,-0.011987385672938531
2025-03-24 23:00:00+00:00,BTCUSDT,VolatilityExpansion,1,bull,-0.0016018128725843184,1.5,-0.0034018128725843183
2025-03-25 00:00:00+00:00,BTCUSDT,VolatilityExpansion,1,bull,-0.005852227821152911,1.5,-0.007652227821152911
2025-04-02 20:00:00+00:00,BTCUSDT,VolatilityExpansion,1,bull,-0.023174793747488986,1.5,-0.024974793747488986
2025-04-14 02:00:00+00:00,BTCUSDT,VolatilityExpansion,1,bull,0.0034376377258704682,1.5,0.0016376377258704683
2025-04-14 03:00:00+00:00,BTCUSDT,VolatilityExpansion,1,bull,-0.005701685900984632,1.5,-0.007501685900984632
2025-04-14 04:00:00+00:00,BTCUSDT,VolatilityExpansion,1,bull,-0.006366100895803917,1.5,-0.008166100895803916
2025-04-14 05:00:00+00:00,BTCUSDT,VolatilityExpansion,1,bull,0.003402092831236825,1.5,0.0016020928312368249
2025-04-21 00:00:00+00:00,BTCUSDT,VolatilityExpansion,1,bull,0.0046547397860736694,1.5,0.0028547397860736695
2025-04-21 01:00:00+00:00,BTCUSDT,VolatilityExpansion,1,bull,-0.0029284036818801873,1.5,-0.004728403681880187
2025-04-21 02:00:00+00:00,BTCUSDT,VolatilityExpansion,1,bull,0.009655162935169548,1.5,0.007855162935169548
2025-04-21 03:00:00+00:00,BTCUSDT,VolatilityExpansion,1,bull,0.009531173637608692,1.5,0.0077311736376086924
2025-04-21 04:00:00+00:00,BTCUSDT,VolatilityExpansion,1,bull,-0.0021061504402987152,1.5,-0.003906150440298715
2025-04-21 05:00:00+00:00,BTCUSDT,VolatilityExpansion,1,bull,-0.007911556952810539,1.5,-0.009711556952810538
2025-04-21 06:00:00+00:00,BTCUSDT,VolatilityExpansion,1,bull,-0.008292598164516884,1.5,-0.010092598164516884
2025-04-21 07:00:00+00:00,BTCUSDT,VolatilityExpansion,1,bull,-0.0003615531683384132,1.5,-0.002161553168338413
2025-04-21 08:00:00+00:00,BTCUSDT,VolatilityExpansion,1,bull,-0.0022664857133717353,1.5,-0.004066485713371735
2025-04-21 09:00:00+00:00,BTCUSDT,VolatilityExpansion,1,bull,-0.0027254030658498962,1.5,-0.004525403065849896
2025-04-21 10:00:00+00:00,BTCUSDT,VolatilityExpansion,1,bull,-0.0020915182406506805,1.5,-0.0038915182406506804
2025-04-21 11:00:00+00:00,BTCUSDT,VolatilityExpansion,1,bull,0.0060906523727088935,1.5,0.004290652372708894
2025-04-21 12:00:00+00:00,BTCUSDT,VolatilityExpansion,1,bull,0.007697435720607215,1.5,0.005897435720607216
2025-04-21 13:00:00+00:00,BTCUSDT,VolatilityExpansion,1,bull,0.015605943041066883,1.5,0.013805943041066884
2025-04-21 14:00:00+00:00,BTCUSDT,VolatilityExpansion,1,bull,-0.00012818520379753728,1.5,-0.0019281852037975372
2025-04-21 15:00:00+00:00,BTCUSDT,VolatilityExpansion,1,bull,0.001292085098065554,1.5,-0.0005079149019344459
2025-04-21 16:00:00+00:00,BTCUSDT,VolatilityExpansion,1,bull,0.0100789837923696,1.5,0.0082789837923696
2025-04-21 19:00:00+00:00,BTCUSDT,VolatilityExpansion,1,bull,0.012197662334094916,1.5,0.010397662334094917
2025-04-21 20:00:00+00:00,BTCUSDT,VolatilityExpansion,1,bull,0.011754347196349046,1.5,0.009954347196349047
2025-04-21 21:00:00+00:00,BTCUSDT,VolatilityExpansion,1,bull,0.01486673926749571,1.5,0.01306673926749571
2025-04-21 22:00:00+00:00,BTCUSDT,VolatilityExpansion,1,bull,0.015403616062000136,1.5,0.013603616062000137
2025-04-21 23:00:00+00:00,BTCUSDT,VolatilityExpansion,1,bull,0.01265291656186407,1.5,0.01085291656186407
2025-04-22 00:00:00+00:00,BTCUSDT,VolatilityExpansion,1,bull,0.014537022357016482,1.5,0.012737022357016483
2025-04-22 01:00:00+00:00,BTCUSDT,VolatilityExpansion,1,bull,0.020718708863940227,1.5,0.018918708863940228
2025-04-22 02:00:00+00:00,BTCUSDT,VolatilityExpansion,1,bull,0.029517008840240555,1.5,0.027717008840240556
2025-04-22 03:00:00+00:00,BTCUSDT,VolatilityExpansion,1,bull,0.03143988832268385,1.5,0.02963988832268385
2025-04-22 23:00:00+00:00,BTCUSDT,VolatilityExpansion,1,bull,0.0002173333518906695,1.5,-0.0015826666481093305
2025-04-23 00:00:00+00:00,BTCUSDT,VolatilityExpansion,1,bull,0.009019128089926332,1.5,0.007219128089926332
2025-04-23 01:00:00+00:00,BTCUSDT,VolatilityExpansion,1,bull,0.00419313699128665,1.5,0.00239313699128665
2025-04-23 02:00:00+00:00,BTCUSDT,VolatilityExpansion,1,bull,0.0006721964882041576,1.5,-0.0011278035117958424
2025-04-28 19:00:00+00:00,BTCUSDT,VolatilityExpansion,1,bull,0.0014460476456865656,1.5,-0.0003539523543134343
2025-04-28 20:00:00+00:00,BTCUSDT,VolatilityExpansion,1,bull,0.0059669687925625325,1.5,0.004166968792562533
2025-04-28 21:00:00+00:00,BTCUSDT,VolatilityExpansion,1,bull,0.004666720988286688,1.5,0.002866720988286688
2025-04-28 22:00:00+00:00,BTCUSDT,VolatilityExpansion,1,bull,-7.280354859273697e-05,1.5,-0.001872803548592737
2025-04-28 23:00:00+00:00,BTCUSDT,VolatilityExpansion,1,bull,0.0012414577388411008,1.5,-0.0005585422611588992
2025-05-09 00:00:00+00:00,BTCUSDT,VolatilityExpansion,1,bull,0.0005933909862936293,1.5,-0.0012066090137063707
2025-05-09 01:00:00+00:00,BTCUSDT,VolatilityExpansion,1,bull,0.005023765379096323,1.5,0.0032237653790963233
2025-05-09 02:00:00+00:00,BTCUSDT,VolatilityExpansion,1,bull,0.005225449890762679,1.5,0.003425449890762679
2025-05-09 03:00:00+00:00,BTCUSDT,VolatilityExpansion,1,bull,0.004231616049678033,1.5,0.002431616049678033
2025-05-09 04:00:00+00:00,BTCUSDT,VolatilityExpansion,1,bull,-0.0034503454722848437,1.5,-0.005250345472284843
2025-05-18 22:00:00+00:00,BTCUSDT,VolatilityExpansion,1,bull,-0.028432671415202893,1.5,-0.030232671415202892
2025-05-18 23:00:00+00:00,BTCUSDT,VolatilityExpansion,1,bull,-0.03285012804548548,1.5,-0.034650128045485486
2025-05-19 00:00:00+00:00,BTCUSDT,VolatilityExpansion,1,bull,-0.026587737538156242,1.5,-0.02838773753815624
2025-05-19 01:00:00+00:00,BTCUSDT,VolatilityExpansion,1,bull,-0.016975393867605715,1.5,-0.018775393867605714
2025-05-21 19:00:00+00:00,BTCUSDT,VolatilityExpansion,1,bull,0.022650054538486453,1.5,0.020850054538486453
2025-05-21 20:00:00+00:00,BTCUSDT,VolatilityExpansion,1,bull,0.020170566666944056,1.5,0.018370566666944057
2025-05-21 23:00:00+00:00,BTCUSDT,VolatilityExpansion,1,bull,0.01217502846466001,1.5,0.01037502846466001
2025-05-22 00:00:00+00:00,BTCUSDT,VolatilityExpansion,1,bull,0.014981992316600357,1.5,0.013181992316600357
2025-05-22 01:00:00+00:00,BTCUSDT,VolatilityExpansion,1,bull,0.008902336374183806,1.5,0.007102336374183806
2025-05-22 02:00:00+00:00,BTCUSDT,VolatilityExpansion,1,bull,0.0037296033074762924,1.5,0.0019296033074762925
2025-05-22 03:00:00+00:00,BTCUSDT,VolatilityExpansion,1,bull,-0.004521461506730162,1.5,-0.006321461506730162
2025-05-22 04:00:00+00:00,BTCUSDT,VolatilityExpansion,1,bull,-0.0019874472294626466,1.5,-0.0037874472294626466
2025-06-09 13:00:00+00:00,BTCUSDT,VolatilityExpansion,1,bull,0.0259107608604201,1.5,0.0241107608604201
2025-06-09 14:00:00+00:00,BTCUSDT,VolatilityExpansion,1,bull,0.019034762567508023,1.5,0.017234762567508024
2025-06-09 15:00:00+00:00,BTCUSDT,VolatilityExpansion,1,bull,0.018235604192097243,1.5,0.016435604192097244
2025-06-09 16:00:00+00:00,BTCUSDT,VolatilityExpansion,1,bull,0.01708443375938362,1.5,0.015284433759383622
2025-06-09 17:00:00+00:00,BTCUSDT,VolatilityExpansion,1,bull,0.009133499626440722,1.5,0.0073334996264407225
2025-06-09 18:00:00+00:00,BTCUSDT,VolatilityExpansion,1,bull,0.009907156162725306,1.5,0.008107156162725306
2025-06-09 19:00:00+00:00,BTCUSDT,VolatilityExpansion,1,bull,0.006108827250769666,1.5,0.004308827250769667
2025-06-09 20:00:00+00:00,BTCUSDT,VolatilityExpansion,1,bull,0.0038126868027832383,1.5,0.0020126868027832384
2025-06-09 21:00:00+00:00,BTCUSDT,VolatilityExpansion,1,bull,-0.004187894946054871,1.5,-0.00598789494605487
2025-06-09 22:00:00+00:00,BTCUSDT,VolatilityExpansion,1,bull,-0.007902313853428988,1.5,-0.009702313853428988
2025-06-09 23:00:00+00:00,BTCUSDT,VolatilityExpansion,1,bull,-0.006621729506114504,1.5,-0.008421729506114504
2025-06-10 00:00:00+00:00,BTCUSDT,VolatilityExpansion,1,bull,-0.0020560569033543086,1.5,-0.0038560569033543085
2025-06-10 01:00:00+00:00,BTCUSDT,VolatilityExpansion,1,bull,-0.004335595898406042,1.5,-0.006135595898406041
2025-06-10 02:00:00+00:00,BTCUSDT,VolatilityExpansion,1,bull,-0.0093916074027105,1.5,-0.0111916074027105
2025-06-17 02:00:00+00:00,BTCUSDT,VolatilityExpansion,1,bull,-0.024617355011895325,1.5,-0.026417355011895325
2025-06-17 03:00:00+00:00,BTCUSDT,VolatilityExpansion,1,bull,-0.03118546804235678,1.5,-0.03298546804235678
2025-06-29 23:00:00+00:00,BTCUSDT,VolatilityExpansion,1,bull,-0.006478638128775027,1.5,-0.008278638128775027
2025-06-30 00:00:00+00:00,BTCUSDT,VolatilityExpansion,1,bull,-0.01047893721656179,1.5,-0.01227893721656179
2025-06-30 01:00:00+00:00,BTCUSDT,VolatilityExpansion,1,bull,-0.008974212393688896,1.5,-0.010774212393688896
2025-02-17 15:00:00+00:00,ETHUSDT,VolatilityExpansion,1,bull,-0.015965267013464124,1.5,-0.017915267013464124
2025-02-17 17:00:00+00:00,ETHUSDT,VolatilityExpansion,1,bull,-0.020086555994112354,1.5,-0.022036555994112354
2025-02-17 20:00:00+00:00,ETHUSDT,VolatilityExpansion,1,bull,-0.023911602857237035,1.5,-0.025861602857237036
2025-02-17 21:00:00+00:00,ETHUSDT,VolatilityExpansion,1,bull,-0.02854085294668729,1.5,-0.03049085294668729
2025-02-17 22:00:00+00:00,ETHUSDT,VolatilityExpansion,1,bull,-0.015505604016912478,1.5,-0.017455604016912478
2025-02-17 23:00:00+00:00,ETHUSDT,VolatilityExpansion,1,bull,-0.023642084003222763,1.5,-0.025592084003222763
2025-02-18 01:00:00+00:00,ETHUSDT,VolatilityExpansion,1,bull,-0.012193828862262723,1.5,-0.014143828862262724
2025-03-19 19:00:00+00:00,ETHUSDT,VolatilityExpansion,1,bull,-0.011557162632826135,1.5,-0.013507162632826135
2025-03-19 20:00:00+00:00,ETHUSDT,VolatilityExpansion,1,bull,-0.007421469637877487,1.5,-0.009371469637877487
2025-03-19 21:00:00+00:00,ETHUSDT,VolatilityExpansion,1,bull,-0.017155072243495106,1.5,-0.019105072243495107
2025-03-19 22:00:00+00:00,ETHUSDT,VolatilityExpansion,1,bull,-0.032481545131429757,1.5,-0.03443154513142976
2025-03-19 23:00:00+00:00,ETHUSDT,VolatilityExpansion,1,bull,-0.032512334445947255,1.5,-0.034462334445947256
2025-03-20 00:00:00+00:00,ETHUSDT,VolatilityExpansion,1,bull,-0.017962510027017542,1.5,-0.019912510027017542
2025-03-20 01:00:00+00:00,ETHUSDT,VolatilityExpansion,1,bull,-0.020251927462265118,1.5,-0.02220192746226512
2025-03-24 05:00:00+00:00,ETHUSDT,VolatilityExpansion,1,bull,0.019287486083712668,1.5,0.017337486083712668
2025-03-24 06:00:00+00:00,ETHUSDT,VolatilityExpansion,1,bull,0.014838159971340303,1.5,0.012888159971340303
2025-03-24 07:00:00+00:00,ETHUSDT,VolatilityExpansion,1,bull,0.009296681621287162,1.5,0.007346681621287161
2025-03-24 08:00:00+00:00,ETHUSDT,VolatilityExpansion,1,bull,-0.002402477135788006,1.5,-0.004352477135788006
2025-03-24 09:00:00+00:00,ETHUSDT,VolatilityExpansion,1,bull,-0.005073086844367913,1.5,-0.007023086844367914
2025-03-24 10:00:00+00:00,ETHUSDT,VolatilityExpansion,1,bull,-0.008078231292517168,1.5,-0.010028231292517169
2025-03-24 11:00:00+00:00,ETHUSDT,VolatilityExpansion,1,bull,-0.005388013462862329,1.5,-0.007338013462862329
2025-03-24 12:00:00+00:00,ETHUSDT,VolatilityExpansion,1,bull,0.0012580065877292324,1.5,-0.0006919934122707676
2025-03-24 13:00:00+00:00,ETHUSDT,VolatilityExpansion,1,bull,-0.008015184642368167,1.5,-0.009965184642368168
2025-03-24 14:00:00+00:00,ETHUSDT,VolatilityExpansion,1,bull,-0.008586538461538562,1.5,-0.010536538461538562
2025-03-24 16:00:00+00:00,ETHUSDT,VolatilityExpansion,1,bull,-0.01598475625893192,1.5,-0.01793475625893192
2025-04-22 21:00:00+00:00,ETHUSDT,VolatilityExpansion,1,bull,0.017882701793402234,1.5,0.015932701793402233
2025-04-22 22:00:00+00:00,ETHUSDT,VolatilityExpansion,1,bull,0.03321489971346714,1.5,0.03126489971346714
2025-04-22 23:00:00+00:00,ETHUSDT,VolatilityExpansion,1,bull,0.023445243167500296,1.5,0.021495243167500296
2025-04-23 00:00:00+00:00,ETHUSDT,VolatilityExpansion,1,bull,0.03631056759180451,1.5,0.03436056759180451
2025-04-23 01:00:00+00:00,ETHUSDT,VolatilityExpansion,1,bull,0.014114334054379452,1.5,0.012164334054379451
2025-04-23 02:00:00+00:00,ETHUSDT,VolatilityExpansion,1,bull,-0.0022274201561985896,1.5,-0.00417742015619859
2025-04-23 03:00:00+00:00,ETHUSDT,VolatilityExpansion,1,bull,-0.00045137669893169363,1.5,-0.0024013766989316935
2025-04-23 04:00:00+00:00,ETHUSDT,VolatilityExpansion,1,bull,-0.013368718959574477,1.5,-0.015318718959574477
2025-05-08 15:00:00+00:00,ETHUSDT,VolatilityExpansion,1,bull,0.07510143570536831,1.5,0.07315143570536832
2025-05-08 16:00:00+00:00,ETHUSDT,VolatilityExpansion,1,bull,0.07971021563079317,1.5,0.07776021563079318
2025-05-08 17:00:00+00:00,ETHUSDT,VolatilityExpansion,1,bull,0.08242932080508036,1.5,0.08047932080508037
2025-05-08 18:00:00+00:00,ETHUSDT,VolatilityExpansion,1,bull,0.09151345074511319,1.5,0.0895634507451132
2025-05-08 19:00:00+00:00,ETHUSDT,VolatilityExpansion,1,bull,0.11627368848549513,1.5,0.11432368848549514
2025-05-08 20:00:00+00:00,ETHUSDT,VolatilityExpansion,1,bull,0.10393873085339167,1.5,0.10198873085339168
2025-05-08 21:00:00+00:00,ETHUSDT,VolatilityExpansion,1,bull,0.07408664852886515,1.5,0.07213664852886516
2025-05-08 22:00:00+00:00,ETHUSDT,VolatilityExpansion,1,bull,0.0776368868145334,1.5,0.07568688681453341
2025-05-08 23:00:00+00:00,ETHUSDT,VolatilityExpansion,1,bull,0.06536507548050552,1.5,0.06341507548050553
2025-05-09 00:00:00+00:00,ETHUSDT,VolatilityExpansion,1,bull,0.06340166356074728,1.5,0.06145166356074728
2025-05-09 01:00:00+00:00,ETHUSDT,VolatilityExpansion,1,bull,0.07376703667275541,1.5,0.07181703667275542
2025-05-09 02:00:00+00:00,ETHUSDT,VolatilityExpansion,1,bull,0.04022996286117819,1.5,0.03827996286117819
2025-05-09 03:00:00+00:00,ETHUSDT,VolatilityExpansion,1,bull,0.04354156838552825,1.5,0.04159156838552825
2025-05-09 04:00:00+00:00,ETHUSDT,VolatilityExpansion,1,bull,0.03818470172014132,1.5,0.03623470172014132
2025-05-09 05:00:00+00:00,ETHUSDT,VolatilityExpansion,1,bull,0.06103129474145352,1.5,0.05908129474145352
2025-05-09 06:00:00+00:00,ETHUSDT,VolatilityExpansion,1,bull,0.0369203081642242,1.5,0.0349703081642242
2025-05-09 07:00:00+00:00,ETHUSDT,VolatilityExpansion,1,bull,-0.013969564794327538,1.5,-0.01591956479432754
2025-05-09 08:00:00+00:00,ETHUSDT,VolatilityExpansion,1,bull,-0.02998133941530179,1.5,-0.03193133941530179
2025-05-09 09:00:00+00:00,ETHUSDT,VolatilityExpansion,1,bull,-0.001742785381106171,1.5,-0.003692785381106171
2025-05-09 10:00:00+00:00,ETHUSDT,VolatilityExpansion,1,bull,-0.006085590055234458,1.5,-0.008035590055234458
2025-05-09 11:00:00+00:00,ETHUSDT,VolatilityExpansion,1,bull,-0.002743805168563096,1.5,-0.004693805168563096
2025-05-09 12:00:00+00:00,ETHUSDT,VolatilityExpansion,1,bull,-0.00590704314449586,1.5,-0.00785704314449586
2025-05-09 13:00:00+00:00,ETHUSDT,VolatilityExpansion,1,bull,-0.01462636291108943,1.5,-0.01657636291108943
2025-05-09 14:00:00+00:00,ETHUSDT,VolatilityExpansion,1,bull,0.015534646034782718,1.5,0.013584646034782717
2025-05-09 15:00:00+00:00,ETHUSDT,VolatilityExpansion,1,bull,0.016630805676903337,1.5,0.014680805676903337
2025-05-09 16:00:00+00:00,ETHUSDT,VolatilityExpansion,1,bull,0.016655713732368405,1.5,0.014705713732368404
2025-05-09 17:00:00+00:00,ETHUSDT,VolatilityExpansion,1,bull,0.001277008734739793,1.5,-0.000672991265260207
2025-05-09 18:00:00+00:00,ETHUSDT,VolatilityExpansion,1,bull,0.01170470624949238,1.5,0.00975470624949238
2025-05-09 19:00:00+00:00,ETHUSDT,VolatilityExpansion,1,bull,0.02938185687500261,1.5,0.02743185687500261
2025-05-09 20:00:00+00:00,ETHUSDT,VolatilityExpansion,1,bull,0.018164329685362635,1.5,0.016214329685362634
2025-06-10 00:00:00+00:00,ETHUSDT,VolatilityExpansion,1,bull,0.02440714648364395,1.5,0.02245714648364395
2025-06-10 01:00:00+00:00,ETHUSDT,VolatilityExpansion,1,bull,0.012892908715547158,1.5,0.010942908715547157
2025-06-10 02:00:00+00:00,ETHUSDT,VolatilityExpansion,1,bull,0.01616870137686588,1.5,0.014218701376865879
2025-06-10 03:00:00+00:00,ETHUSDT,VolatilityExpansion,1,bull,0.01620750969028273,1.5,0.014257509690282728
2025-06-10 04:00:00+00:00,ETHUSDT,VolatilityExpansion,1,bull,0.015328078913011689,1.5,0.013378078913011689
2025-06-10 05:00:00+00:00,ETHUSDT,VolatilityExpansion,1,bull,0.026256058370101698,1.5,0.024306058370101698
2025-06-10 06:00:00+00:00,ETHUSDT,VolatilityExpansion,1,bull,0.029383177570093455,1.5,0.027433177570093455
2025-06-10 11:00:00+00:00,ETHUSDT,VolatilityExpansion,1,bull,0.015416572003505324,1.5,0.013466572003505324
2025-06-10 12:00:00+00:00,ETHUSDT,VolatilityExpansion,1,bull,0.010993940490187093,1.5,0.009043940490187093
2025-06-10 13:00:00+00:00,ETHUSDT,VolatilityExpansion,1,bull,0.01503318019397648,1.5,0.01308318019397648
2025-06-10 15:00:00+00:00,ETHUSDT,VolatilityExpansion,1,bull,0.021366551481785123,1.5,0.019416551481785123
2025-06-10 16:00:00+00:00,ETHUSDT,VolatilityExpansion,1,bull,0.024423571475671757,1.5,0.022473571475671757
2025-06-10 17:00:00+00:00,ETHUSDT,VolatilityExpansion,1,bull,0.019299551818274807,1.5,0.017349551818274807
2025-06-10 18:00:00+00:00,ETHUSDT,VolatilityExpansion,1,bull,0.013731065764578165,1.5,0.011781065764578165
2025-06-10 19:00:00+00:00,ETHUSDT,VolatilityExpansion,1,bull,0.006487862755917284,1.5,0.004537862755917284
2025-06-10 20:00:00+00:00,ETHUSDT,VolatilityExpansion,1,bull,-0.0018029387902280813,1.5,-0.0037529387902280813
2025-06-10 21:00:00+00:00,ETHUSDT,VolatilityExpansion,1,bull,-0.005021101612379675,1.5,-0.006971101612379675
2025-06-10 22:00:00+00:00,ETHUSDT,VolatilityExpansion,1,bull,-0.011409774301962994,1.5,-0.013359774301962994
2025-06-10 23:00:00+00:00,ETHUSDT,VolatilityExpansion,1,bull,-0.01559803106820934,1.5,-0.01754803106820934
2025-06-11 00:00:00+00:00,ETHUSDT,VolatilityExpansion,1,bull,0.0034637735092892807,1.5,0.0015137735092892808
2025-06-29 22:00:00+00:00,ETHUSDT,VolatilityExpansion,1,bull,-0.018500599760095993,1.5,-0.020450599760095993
2025-06-29 23:00:00+00:00,ETHUSDT,VolatilityExpansion,1,bull,-0.016829048714614325,1.5,-0.018779048714614326
2025-06-30 00:00:00+00:00,ETHUSDT,VolatilityExpansion,1,bull,-0.0234411924743525,1.5,-0.0253911924743525
2025-06-30 01:00:00+00:00,ETHUSDT,VolatilityExpansion,1,bull,-0.0193014193157639,1.5,-0.0212514193157639
2025-06-30 02:00:00+00:00,ETHUSDT,VolatilityExpansion,1,bull,-0.02505639187956943,1.5,-0.02700639187956943
2025-06-30 03:00:00+00:00,ETHUSDT,VolatilityExpansion,1,bull,-0.009962256296954464,1.5,-0.011912256296954464
2025-06-30 04:00:00+00:00,ETHUSDT,VolatilityExpansion,1,bull,-0.00822113284084025,1.5,-0.010171132840840251
2025-06-30 05:00:00+00:00,ETHUSDT,VolatilityExpansion,1,bull,-0.006055397897597903,1.5,-0.008005397897597903
2025-06-30 07:00:00+00:00,ETHUSDT,VolatilityExpansion,1,bull,0.014175501990216333,1.5,0.012225501990216332
2025-06-30 15:00:00+00:00,ETHUSDT,VolatilityExpansion,1,bull,0.004374297565432617,1.5,0.0024242975654326167
2025-06-30 16:00:00+00:00,ETHUSDT,VolatilityExpansion,1,bull,-0.00579964353410467,1.5,-0.007749643534104671
2025-06-30 17:00:00+00:00,ETHUSDT,VolatilityExpansion,1,bull,-0.010765054790389028,1.5,-0.012715054790389028
2025-06-30 18:00:00+00:00,ETHUSDT,VolatilityExpansion,1,bull,-0.010772982631231609,1.5,-0.01272298263123161
2025-06-30 19:00:00+00:00,ETHUSDT,VolatilityExpansion,1,bull,-0.02018466824135723,1.5,-0.02213466824135723
2025-06-30 20:00:00+00:00,ETHUSDT,VolatilityExpansion,1,bull,-0.019943008556709718,1.5,-0.02189300855670972
2025-06-30 21:00:00+00:00,ETHUSDT,VolatilityExpansion,1,bull,-0.012405351391128416,1.5,-0.014355351391128417
2025-01-16 13:00:00+00:00,SOLUSDT,VolatilityExpansion,1,bull,0.021732913926222563,1.5,0.019332913926222564
2025-01-16 14:00:00+00:00,SOLUSDT,VolatilityExpansion,1,bull,0.02528049308999858,1.5,0.02288049308999858
2025-01-16 15:00:00+00:00,SOLUSDT,VolatilityExpansion,1,bull,0.009809081774247552,1.5,0.007409081774247552
2025-01-16 16:00:00+00:00,SOLUSDT,VolatilityExpansion,1,bull,-0.0010327668763496778,1.5,-0.003432766876349678
2025-01-16 17:00:00+00:00,SOLUSDT,VolatilityExpansion,1,bull,-0.009280850666915308,1.5,-0.011680850666915307
2025-01-16 18:00:00+00:00,SOLUSDT,VolatilityExpansion,1,bull,-0.0004703005220335621,1.5,-0.0028703005220335623
2025-01-16 19:00:00+00:00,SOLUSDT,VolatilityExpansion,1,bull,-0.00429665608070251,1.5,-0.00669665608070251
2025-01-16 20:00:00+00:00,SOLUSDT,VolatilityExpansion,1,bull,0.01430782943190878,1.5,0.011907829431908781
2025-01-16 21:00:00+00:00,SOLUSDT,VolatilityExpansion,1,bull,0.017394592550576737,1.5,0.014994592550576738
2025-01-16 22:00:00+00:00,SOLUSDT,VolatilityExpansion,1,bull,0.03600553197577372,1.5,0.03360553197577372
2025-01-16 23:00:00+00:00,SOLUSDT,VolatilityExpansion,1,bull,0.03644031654267166,1.5,0.03404031654267166
2025-01-17 00:00:00+00:00,SOLUSDT,VolatilityExpansion,1,bull,0.04501897533206822,1.5,0.042618975332068224
2025-01-18 06:00:00+00:00,SOLUSDT,VolatilityExpansion,1,bull,0.07748655629419487,1.5,0.07508655629419488
2025-01-18 07:00:00+00:00,SOLUSDT,VolatilityExpansion,1,bull,0.0965164726601091,1.5,0.0941164726601091
2025-01-18 08:00:00+00:00,SOLUSDT,VolatilityExpansion,1,bull,0.04046920821114375,1.5,0.03806920821114375
2025-01-18 09:00:00+00:00,SOLUSDT,VolatilityExpansion,1,bull,0.06091413207864216,1.5,0.05851413207864216
2025-01-18 10:00:00+00:00,SOLUSDT,VolatilityExpansion,1,bull,0.04658436213991757,1.5,0.04418436213991757
2025-01-18 11:00:00+00:00,SOLUSDT,VolatilityExpansion,1,bull,0.09650408205987016,1.5,0.09410408205987016
2025-01-18 12:00:00+00:00,SOLUSDT,VolatilityExpansion,1,bull,0.054886321588619724,1.5,0.052486321588619725
2025-01-18 13:00:00+00:00,SOLUSDT,VolatilityExpansion,1,bull,0.06374651288670519,1.5,0.06134651288670519
2025-01-18 14:00:00+00:00,SOLUSDT,VolatilityExpansion,1,bull,0.047791694133157536,1.5,0.04539169413315754
2025-01-18 15:00:00+00:00,SOLUSDT,VolatilityExpansion,1,bull,-0.008654144675566688,1.5,-0.011054144675566688
2025-01-18 16:00:00+00:00,SOLUSDT,VolatilityExpansion,1,bull,0.1275297803058406,1.5,0.1251297803058406
2025-01-18 17:00:00+00:00,SOLUSDT,VolatilityExpansion,1,bull,0.056540887989524835,1.5,0.054140887989524836
2025-01-18 18:00:00+00:00,SOLUSDT,VolatilityExpansion,1,bull,0.07883360842568576,1.5,0.07643360842568576
2025-01-18 19:00:00+00:00,SOLUSDT,VolatilityExpansion,1,bull,0.06287214039486044,1.5,0.060472140394860444
2025-01-18 20:00:00+00:00,SOLUSDT,VolatilityExpansion,1,bull,0.10480331763095374,1.5,0.10240331763095374
2025-01-18 21:00:00+00:00,SOLUSDT,VolatilityExpansion,1,bull,0.08410548823948671,1.5,0.08170548823948671
2025-01-18 22:00:00+00:00,SOLUSDT,VolatilityExpansion,1,bull,0.11760773828247895,1.5,0.11520773828247895
2025-01-18 23:00:00+00:00,SOLUSDT,VolatilityExpansion,1,bull,0.09232178992783768,1.5,0.08992178992783768
2025-01-19 00:00:00+00:00,SOLUSDT,VolatilityExpansion,1,bull,0.08052069529971173,1.5,0.07812069529971173
2025-01-19 01:00:00+00:00,SOLUSDT,VolatilityExpansion,1,bull,0.10615312353217488,1.5,0.10375312353217488
2025-01-19 02:00:00+00:00,SOLUSDT,VolatilityExpansion,1,bull,0.06369927650204454,1.5,0.061299276502044545
2025-01-19 03:00:00+00:00,SOLUSDT,VolatilityExpansion,1,bull,0.05891333281139888,1.5,0.05651333281139888
2025-01-19 04:00:00+00:00,SOLUSDT,VolatilityExpansion,1,bull,-0.017291171632242808,1.5,-0.019691171632242807
2025-01-19 05:00:00+00:00,SOLUSDT,VolatilityExpansion,1,bull,0.018626309662397977,1.5,0.016226309662397978
2025-01-19 06:00:00+00:00,SOLUSDT,VolatilityExpansion,1,bull,-0.008961095730729896,1.5,-0.011361095730729895
2025-01-19 09:00:00+00:00,SOLUSDT,VolatilityExpansion,1,bull,-0.069109106184023,1.5,-0.071509106184023
2025-01-19 10:00:00+00:00,SOLUSDT,VolatilityExpansion,1,bull,-0.11054038840416558,1.5,-0.11294038840416558
2025-01-19 11:00:00+00:00,SOLUSDT,VolatilityExpansion,1,bull,-0.11734069698346661,1.5,-0.11974069698346661
2025-01-19 12:00:00+00:00,SOLUSDT,VolatilityExpansion,1,bull,-0.14860770451594296,1.5,-0.15100770451594298
2025-01-19 13:00:00+00:00,SOLUSDT,VolatilityExpansion,1,bull,-0.14409537960800967,1.5,-0.14649537960800968
2025-01-19 14:00:00+00:00,SOLUSDT,VolatilityExpansion,1,bull,-0.14235020145640032,1.5,-0.14475020145640033
2025-01-19 15:00:00+00:00,SOLUSDT,VolatilityExpansion,1,bull,-0.1077963846068537,1.5,-0.1101963846068537
2025-01-19 16:00:00+00:00,SOLUSDT,VolatilityExpansion,1,bull,-0.09396272737417699,1.5,-0.09636272737417699
2025-01-19 17:00:00+00:00,SOLUSDT,VolatilityExpansion,1,bull,-0.09813824884792632,1.5,-0.10053824884792632
2025-03-02 23:00:00+00:00,SOLUSDT,VolatilityExpansion,1,bull,-0.0987460815047021,1.5,-0.1011460815047021
2025-03-03 00:00:00+00:00,SOLUSDT,VolatilityExpansion,1,bull,-0.05955591255952719,1.5,-0.06195591255952719
2025-03-03 01:00:00+00:00,SOLUSDT,VolatilityExpansion,1,bull,-0.03897911832946632,1.5,-0.04137911832946632
2025-03-03 02:00:00+00:00,SOLUSDT,VolatilityExpansion,1,bull,-0.09517418451304194,1.5,-0.09757418451304194
2025-03-03 03:00:00+00:00,SOLUSDT,VolatilityExpansion,1,bull,-0.07125610976974261,1.5,-0.07365610976974261
2025-03-03 04:00:00+00:00,SOLUSDT,VolatilityExpansion,1,bull,-0.06905099150141636,1.5,-0.07145099150141636
2025-03-03 05:00:00+00:00,SOLUSDT,VolatilityExpansion,1,bull,-0.08012726094385192,1.5,-0.08252726094385192
2025-03-24 03:00:00+00:00,SOLUSDT,VolatilityExpansion,1,bull,0.036565056838751664,1.5,0.034165056838751665
2025-03-24 05:00:00+00:00,SOLUSDT,VolatilityExpansion,1,bull,0.031671256703870165,1.5,0.029271256703870166
2025-03-24 06:00:00+00:00,SOLUSDT,VolatilityExpansion,1,bull,0.031116268949009873,1.5,0.028716268949009874
2025-03-24 08:00:00+00:00,SOLUSDT,VolatilityExpansion,1,bull,0.01155739459228089,1.5,0.00915739459228089
2025-03-24 09:00:00+00:00,SOLUSDT,VolatilityExpansion,1,bull,0.010585037905879169,1.5,0.00818503790587917
2025-03-24 10:00:00+00:00,SOLUSDT,VolatilityExpansion,1,bull,-0.009808072255150901,1.5,-0.0122080722551509
2025-03-24 11:00:00+00:00,SOLUSDT,VolatilityExpansion,1,bull,-0.016673643086368206,1.5,-0.019073643086368205
2025-03-24 12:00:00+00:00,SOLUSDT,VolatilityExpansion,1,bull,-0.007268152910755443,1.5,-0.009668152910755443
2025-03-24 13:00:00+00:00,SOLUSDT,VolatilityExpansion,1,bull,-0.02950138504155142,1.5,-0.03190138504155142
2025-03-24 14:00:00+00:00,SOLUSDT,VolatilityExpansion,1,bull,-0.01973176041008362,1.5,-0.02213176041008362
2025-03-24 15:00:00+00:00,SOLUSDT,VolatilityExpansion,1,bull,-0.03261856534190111,1.5,-0.035018565341901106
2025-03-24 16:00:00+00:00,SOLUSDT,VolatilityExpansion,1,bull,-0.020982960146458396,1.5,-0.023382960146458395
2025-05-08 20:00:00+00:00,SOLUSDT,VolatilityExpansion,1,bull,0.021558872305140975,1.5,0.019158872305140975
2025-05-08 21:00:00+00:00,SOLUSDT,VolatilityExpansion,1,bull,0.03392568659127626,1.5,0.03152568659127626
2025-05-08 22:00:00+00:00,SOLUSDT,VolatilityExpansion,1,bull,0.07769035375751199,1.5,0.07529035375751199
2025-05-08 23:00:00+00:00,SOLUSDT,VolatilityExpansion,1,bull,0.0477464874399367,1.5,0.0453464874399367
2025-05-09 00:00:00+00:00,SOLUSDT,VolatilityExpansion,1,bull,0.06190329534955352,1.5,0.05950329534955352
2025-05-09 01:00:00+00:00,SOLUSDT,VolatilityExpansion,1,bull,0.05576958356264905,1.5,0.05336958356264905
2025-05-09 02:00:00+00:00,SOLUSDT,VolatilityExpansion,1,bull,0.0418487291525631,1.5,0.0394487291525631
2025-05-09 03:00:00+00:00,SOLUSDT,VolatilityExpansion,1,bull,0.0583276513977562,1.5,0.0559276513977562
2025-05-09 10:00:00+00:00,SOLUSDT,VolatilityExpansion,1,bull,-0.003966429064152677,1.5,-0.006366429064152677
2025-05-09 11:00:00+00:00,SOLUSDT,VolatilityExpansion,1,bull,0.0027864855451062986,1.5,0.0003864855451062984
2025-05-09 12:00:00+00:00,SOLUSDT,VolatilityExpansion,1,bull,-0.006206136535003681,1.5,-0.00860613653500368
2025-05-09 13:00:00+00:00,SOLUSDT,VolatilityExpansion,1,bull,-0.0056765523632993364,1.5,-0.008076552363299336
2025-05-09 14:00:00+00:00,SOLUSDT,VolatilityExpansion,1,bull,0.016598735896981465,1.5,0.014198735896981465
2025-05-09 15:00:00+00:00,SOLUSDT,VolatilityExpansion,1,bull,0.004802623872554701,1.5,0.002402623872554701
2025-05-09 16:00:00+00:00,SOLUSDT,VolatilityExpansion,1,bull,0.010710059171597619,1.5,0.00831005917159762
2025-05-09 17:00:00+00:00,SOLUSDT,VolatilityExpansion,1,bull,-0.00459542784014888,1.5,-0.00699542784014888
2025-05-09 18:00:00+00:00,SOLUSDT,VolatilityExpansion,1,bull,0.00186360724477308,1.5,-0.0005363927552269202
2025-05-09 19:00:00+00:00,SOLUSDT,VolatilityExpansion,1,bull,0.0020943626738030297,1.5,-0.00030563732619697057
2025-05-09 20:00:00+00:00,SOLUSDT,VolatilityExpansion,1,bull,-0.008151702607388511,1.5,-0.01055170260738851
2025-05-09 21:00:00+00:00,SOLUSDT,VolatilityExpansion,1,bull,-0.005735473031689975,1.5,-0.008135473031689974
2025-06-10 18:00:00+00:00,SOLUSDT,VolatilityExpansion,1,bull,0.01201879079982926,1.5,0.00961879079982926
2025-06-10 19:00:00+00:00,SOLUSDT,VolatilityExpansion,1,bull,0.018651012046719373,1.5,0.016251012046719374
2025-06-10 20:00:00+00:00,SOLUSDT,VolatilityExpansion,1,bull,0.001208386200229672,1.5,-0.0011916137997703283
2025-06-10 21:00:00+00:00,SOLUSDT,VolatilityExpansion,1,bull,0.006592601635941886,1.5,0.004192601635941886
2025-06-10 22:00:00+00:00,SOLUSDT,VolatilityExpansion,1,bull,-0.0026079573022804725,1.5,-0.005007957302280473
2025-06-10 23:00:00+00:00,SOLUSDT,VolatilityExpansion,1,bull,-0.0037562098630801177,1.5,-0.006156209863080118
2025-06-11 00:00:00+00:00,SOLUSDT,VolatilityExpansion,1,bull,0.01592221209358846,1.5,0.013522212093588462
2025-06-30 16:00:00+00:00,SOLUSDT,VolatilityExpansion,1,bull,-0.028859017646684082,1.5,-0.03125901764668408
2025-06-30 17:00:00+00:00,SOLUSDT,VolatilityExpansion,1,bull,-0.03350778657135567,1.5,-0.03590778657135567
2025-06-30 18:00:00+00:00,SOLUSDT,VolatilityExpansion,1,bull,-0.028964099929356002,1.5,-0.031364099929356
2025-06-30 19:00:00+00:00,SOLUSDT,VolatilityExpansion,1,bull,-0.04907430890185149,1.5,-0.05147430890185149
2025-06-30 20:00:00+00:00,SOLUSDT,VolatilityExpansion,1,bull,-0.04817583540987791,1.5,-0.05057583540987791
2025-06-30 21:00:00+00:00,SOLUSDT,VolatilityExpansion,1,bull,-0.04077432632323619,1.5,-0.04317432632323619
2025-06-30 22:00:00+00:00,SOLUSDT,VolatilityExpansion,1,bull,-0.04010574505126052,1.5,-0.04250574505126052
2025-06-30 23:00:00+00:00,SOLUSDT,VolatilityExpansion,1,bull,-0.03864546982034389,1.5,-0.04104546982034389
2025-08-18 15:00:00+00:00,BTCUSDT,VolatilityExpansion,1,bear,-0.01156595124522597,1.5,-0.013365951245225969
2025-08-18 16:00:00+00:00,BTCUSDT,VolatilityExpansion,1,bear,-0.005650872693171438,1.5,-0.007450872693171438
2025-08-18 17:00:00+00:00,BTCUSDT,VolatilityExpansion,1,bear,-0.012418031624690351,1.5,-0.01421803162469035
2025-08-18 18:00:00+00:00,BTCUSDT,VolatilityExpansion,1,bear,-0.012587091853561994,1.5,-0.014387091853561993
2025-09-01 07:00:00+00:00,BTCUSDT,VolatilityExpansion,1,bear,-0.0019334455920182458,1.5,-0.003733445592018246
2025-09-01 08:00:00+00:00,BTCUSDT,VolatilityExpansion,1,bear,-0.006502842026761768,1.5,-0.008302842026761768
2025-09-01 09:00:00+00:00,BTCUSDT,VolatilityExpansion,1,bear,-0.01589985139557548,1.5,-0.01769985139557548
2025-09-01 11:00:00+00:00,BTCUSDT,VolatilityExpansion,1,bear,0.004287088697942698,1.5,0.002487088697942698
2025-09-01 12:00:00+00:00,BTCUSDT,VolatilityExpansion,1,bear,-0.0006400434275884992,1.5,-0.002440043427588499
2025-09-01 13:00:00+00:00,BTCUSDT,VolatilityExpansion,1,bear,0.0026382246170675305,1.5,0.0008382246170675306
2025-09-01 14:00:00+00:00,BTCUSDT,VolatilityExpansion,1,bear,0.010127849202282935,1.5,0.008327849202282935
2025-09-01 15:00:00+00:00,BTCUSDT,VolatilityExpansion,1,bear,0.014236986368138416,1.5,0.012436986368138416
2025-10-21 15:00:00+00:00,BTCUSDT,VolatilityExpansion,1,bear,-0.045706769517410706,1.5,-0.04750676951741071
2025-11-17 02:00:00+00:00,BTCUSDT,VolatilityExpansion,1,bear,-0.0022318865919335185,1.5,-0.004031886591933518
2025-11-17 03:00:00+00:00,BTCUSDT,VolatilityExpansion,1,bear,-0.016301114462879185,1.5,-0.018101114462879184
2025-11-17 04:00:00+00:00,BTCUSDT,VolatilityExpansion,1,bear,-0.008423461992388637,1.5,-0.010223461992388636
2025-12-01 21:00:00+00:00,BTCUSDT,VolatilityExpansion,1,bear,0.0041016391506838445,1.5,0.0023016391506838446
2025-12-01 22:00:00+00:00,BTCUSDT,VolatilityExpansion,1,bear,0.008361227207160704,1.5,0.006561227207160705
2025-12-02 00:00:00+00:00,BTCUSDT,VolatilityExpansion,1,bear,0.008716126279172842,1.5,0.006916126279172843
2025-12-02 01:00:00+00:00,BTCUSDT,VolatilityExpansion,1,bear,0.014829319325679213,1.5,0.013029319325679214
2025-12-02 02:00:00+00:00,BTCUSDT,VolatilityExpansion,1,bear,0.03149092901708772,1.5,0.02969092901708772
2025-12-15 01:00:00+00:00,BTCUSDT,VolatilityExpansion,1,bear,0.0022312168540963295,1.5,0.0004312168540963296
2025-12-15 02:00:00+00:00,BTCUSDT,VolatilityExpansion,1,bear,-0.014172813782982963,1.5,-0.015972813782982962
2025-12-15 03:00:00+00:00,BTCUSDT,VolatilityExpansion,1,bear,-0.025138951142985144,1.5,-0.026938951142985144
2025-12-15 04:00:00+00:00,BTCUSDT,VolatilityExpansion,1,bear,-0.03649060093962708,1.5,-0.038290600939627085
2025-12-15 05:00:00+00:00,BTCUSDT,VolatilityExpansion,1,bear,-0.04289722015385655,1.5,-0.044697220153856555
2025-12-15 06:00:00+00:00,BTCUSDT,VolatilityExpansion,1,bear,-0.0395817283196328,1.5,-0.041381728319632806
2025-12-15 07:00:00+00:00,BTCUSDT,VolatilityExpansion,1,bear,-0.040117989496437634,1.5,-0.04191798949643764
2025-12-15 08:00:00+00:00,BTCUSDT,VolatilityExpansion,1,bear,-0.04412615369869033,1.5,-0.04592615369869033
2025-11-17 00:00:00+00:00,ETHUSDT,VolatilityExpansion,1,bear,0.015254269728153691,1.5,0.01330426972815369
2025-11-17 02:00:00+00:00,ETHUSDT,VolatilityExpansion,1,bear,0.0007083390243980414,1.5,-0.0012416609756019585
2025-11-17 03:00:00+00:00,ETHUSDT,VolatilityExpansion,1,bear,-0.01770020184716925,1.5,-0.01965020184716925
2025-11-17 04:00:00+00:00,ETHUSDT,VolatilityExpansion,1,bear,-0.016081724428142596,1.5,-0.018031724428142597
2025-12-15 01:00:00+00:00,ETHUSDT,VolatilityExpansion,1,bear,0.0074499341895661875,1.5,0.005499934189566187
2025-12-15 02:00:00+00:00,ETHUSDT,VolatilityExpansion,1,bear,-0.02299532461535503,1.5,-0.02494532461535503
2025-12-15 03:00:00+00:00,ETHUSDT,VolatilityExpansion,1,bear,-0.031539924504986216,1.5,-0.03348992450498622
2025-12-15 04:00:00+00:00,ETHUSDT,VolatilityExpansion,1,bear,-0.043201019734945834,1.5,-0.045151019734945834
2025-12-15 05:00:00+00:00,ETHUSDT,VolatilityExpansion,1,bear,-0.05887086690413379,1.5,-0.06082086690413379
2025-12-15 06:00:00+00:00,ETHUSDT,VolatilityExpansion,1,bear,-0.0637125473539204,1.5,-0.0656625473539204
2025-12-15 07:00:00+00:00,ETHUSDT,VolatilityExpansion,1,bear,-0.06032602787033081,1.5,-0.06227602787033081
2025-12-07 19:00:00+00:00,SOLUSDT,VolatilityExpansion,1,bear,0.0009582780480612563,1.5,-0.001441721951938744
2025-12-07 20:00:00+00:00,SOLUSDT,VolatilityExpansion,1,bear,0.0040408493130554834,1.5,0.0016408493130554832
2025-12-08 01:00:00+00:00,SOLUSDT,VolatilityExpansion,1,bear,0.03578394598649659,1.5,0.03338394598649659
2025-12-26 03:00:00+00:00,SOLUSDT,VolatilityExpansion,1,bear,-0.009134654595873148,1.5,-0.011534654595873148
2025-12-26 04:00:00+00:00,SOLUSDT,VolatilityExpansion,1,bear,-0.012869593548912595,1.5,-0.015269593548912594
2025-12-26 09:00:00+00:00,SOLUSDT,VolatilityExpansion,1,bear,-0.013344116457743693,1.5,-0.015744116457743693
2022-01-25 00:00:00+00:00,BTCUSDT,VolatilityExpansion,1,range,0.013025431900428375,2.0,0.010625431900428375
2022-02-04 16:00:00+00:00,BTCUSDT,VolatilityExpansion,1,range,0.029879470417182752,2.0,0.027479470417182753
2022-02-25 00:00:00+00:00,BTCUSDT,VolatilityExpansion,1,range,0.029469800062807527,2.0,0.027069800062807528
2022-02-25 01:00:00+00:00,BTCUSDT,VolatilityExpansion,1,range,0.020558943853978384,2.0,0.018158943853978385
2022-03-16 06:00:00+00:00,BTCUSDT,VolatilityExpansion,1,range,0.008965855434112324,2.0,0.006565855434112325
2022-03-16 07:00:00+00:00,BTCUSDT,VolatilityExpansion,1,range,0.03304778202720371,2.0,0.03064778202720371
2022-03-16 08:00:00+00:00,BTCUSDT,VolatilityExpansion,1,range,0.023296681476333347,2.0,0.020896681476333348
2022-03-16 09:00:00+00:00,BTCUSDT,VolatilityExpansion,1,range,0.01472996302690377,2.0,0.01232996302690377
2022-03-16 10:00:00+00:00,BTCUSDT,VolatilityExpansion,1,range,0.014297414007048204,2.0,0.011897414007048204
2022-04-18 22:00:00+00:00,BTCUSDT,VolatilityExpansion,1,range,-0.00306327758477809,2.0,-0.0054632775847780896
2022-04-18 23:00:00+00:00,BTCUSDT,VolatilityExpansion,1,range,-0.0030451849545305443,2.0,-0.005445184954530544
2022-04-19 00:00:00+00:00,BTCUSDT,VolatilityExpansion,1,range,0.00222711153423516,2.0,-0.00017288846576483984
2022-04-19 01:00:00+00:00,BTCUSDT,VolatilityExpansion,1,range,0.01690604208097013,2.0,0.01450604208097013
2022-04-19 02:00:00+00:00,BTCUSDT,VolatilityExpansion,1,range,0.023520223894202275,2.0,0.021120223894202275
2022-04-25 22:00:00+00:00,BTCUSDT,VolatilityExpansion,1,range,0.0009447085165099622,2.0,-0.0014552914834900376
2022-04-25 23:00:00+00:00,BTCUSDT,VolatilityExpansion,1,range,0.0010195243869242088,2.0,-0.001380475613075791
2022-04-26 00:00:00+00:00,BTCUSDT,VolatilityExpansion,1,range,-0.006197847530976852,2.0,-0.008597847530976852
2022-04-26 01:00:00+00:00,BTCUSDT,VolatilityExpansion,1,range,-0.01633101880451704,2.0,-0.01873101880451704
2022-04-26 02:00:00+00:00,BTCUSDT,VolatilityExpansion,1,range,-0.030784608929585233,2.0,-0.03318460892958523
2022-05-02 04:00:00+00:00,BTCUSDT,VolatilityExpansion,1,range,-0.010402626842987539,2.0,-0.012802626842987538
2022-05-30 06:00:00+00:00,BTCUSDT,VolatilityExpansion,1,range,-0.0008830611919046216,2.0,-0.0032830611919046214
2022-05-30 07:00:00+00:00,BTCUSDT,VolatilityExpansion,1,range,0.00013387623957972217,2.0,-0.0022661237604202776
2022-06-06 01:00:00+00:00,BTCUSDT,VolatilityExpansion,1,range,0.01961248556713069,2.0,0.01721248556713069
2022-06-06 02:00:00+00:00,BTCUSDT,VolatilityExpansion,1,range,0.01883911210614353,2.0,0.01643911210614353
2022-06-06 03:00:00+00:00,BTCUSDT,VolatilityExpansion,1,range,0.009438130302545256,2.0,0.007038130302545256
2022-06-06 04:00:00+00:00,BTCUSDT,VolatilityExpansion,1,range,0.002877052462955554,2.0,0.00047705246295555405
2022-03-16 02:00:00+00:00,ETHUSDT,VolatilityExpansion,1,range,0.006964264478534821,2.0,0.004364264478534821
2022-03-16 03:00:00+00:00,ETHUSDT,VolatilityExpansion,1,range,0.03174633468583843,2.0,0.02914633468583843
2022-03-16 04:00:00+00:00,ETHUSDT,VolatilityExpansion,1,range,0.027685467421447063,2.0,0.025085467421447065
2022-03-16 05:00:00+00:00,ETHUSDT,VolatilityExpansion,1,range,0.029428558377489367,2.0,0.02682855837748937
2022-04-19 00:00:00+00:00,ETHUSDT,VolatilityExpansion,1,range,0.0004642920200625955,2.0,-0.0021357079799374044
2022-04-25 21:00:00+00:00,ETHUSDT,VolatilityExpansion,1,range,-0.004077980568056638,2.0,-0.006677980568056638
2022-04-25 22:00:00+00:00,ETHUSDT,VolatilityExpansion,1,range,-0.005092526418311705,2.0,-0.007692526418311705
2022-04-25 23:00:00+00:00,ETHUSDT,VolatilityExpansion,1,range,-0.001536864795816495,2.0,-0.004136864795816495
2022-04-26 00:00:00+00:00,ETHUSDT,VolatilityExpansion,1,range,-0.010729392687797601,2.0,-0.0133293926877976
2022-05-30 23:00:00+00:00,ETHUSDT,VolatilityExpansion,1,range,-0.009870512095381478,2.0,-0.012470512095381478
2022-05-31 00:00:00+00:00,ETHUSDT,VolatilityExpansion,1,range,-0.014274242120056235,2.0,-0.016874242120056233
2022-05-31 01:00:00+00:00,ETHUSDT,VolatilityExpansion,1,range,-0.021305623939627316,2.0,-0.023905623939627314
2022-06-06 01:00:00+00:00,ETHUSDT,VolatilityExpansion,1,range,0.022021135567112715,2.0,0.019421135567112717
2022-06-06 02:00:00+00:00,ETHUSDT,VolatilityExpansion,1,range,0.01443683482846203,2.0,0.01183683482846203
2022-06-06 03:00:00+00:00,ETHUSDT,VolatilityExpansion,1,range,0.004757642596085132,2.0,0.002157642596085132
2022-06-06 04:00:00+00:00,ETHUSDT,VolatilityExpansion,1,range,-0.01113115286180244,2.0,-0.01373115286180244
2022-06-06 05:00:00+00:00,ETHUSDT,VolatilityExpansion,1,range,-0.007251879819879514,2.0,-0.009851879819879514
2022-06-08 01:00:00+00:00,ETHUSDT,VolatilityExpansion,1,range,0.0015603538267128236,2.0,-0.0010396461732871762
2022-06-08 05:00:00+00:00,ETHUSDT,VolatilityExpansion,1,range,-0.005196999988954398,2.0,-0.007796999988954398
2022-06-08 06:00:00+00:00,ETHUSDT,VolatilityExpansion,1,range,-0.007793761667100552,2.0,-0.010393761667100552
2022-06-08 07:00:00+00:00,ETHUSDT,VolatilityExpansion,1,range,-0.008706295449133039,2.0,-0.011306295449133039
2022-02-01 03:00:00+00:00,SOLUSDT,VolatilityExpansion,1,range,0.016666666666666607,2.0,0.013466666666666608
2022-02-01 04:00:00+00:00,SOLUSDT,VolatilityExpansion,1,range,0.06452221488538812,2.0,0.06132221488538812
2022-06-06 11:00:00+00:00,SOLUSDT,VolatilityExpansion,1,range,-0.03574681238615662,2.0,-0.038946812386156625
2022-07-01 00:00:00+00:00,BTCUSDT,VolatilityExpansion,1,bear,-0.0499728917147223,2.0,-0.0523728917147223
2022-07-01 01:00:00+00:00,BTCUSDT,VolatilityExpansion,1,bear,-0.04757145516721051,2.0,-0.04997145516721051
2022-07-01 02:00:00+00:00,BTCUSDT,VolatilityExpansion,1,bear,-0.04397683873352232,2.0,-0.046376838733522316
2022-07-01 03:00:00+00:00,BTCUSDT,VolatilityExpansion,1,bear,-0.022367473606279664,2.0,-0.024767473606279664
2022-07-01 07:00:00+00:00,BTCUSDT,VolatilityExpansion,1,bear,-0.009506237829715714,2.0,-0.011906237829715713
2022-07-04 22:00:00+00:00,BTCUSDT,VolatilityExpansion,1,range,-0.020890293704628138,2.0,-0.023290293704628137
2022-07-04 23:00:00+00:00,BTCUSDT,VolatilityExpansion,1,range,-0.035201692845453714,2.0,-0.03760169284545371
2022-07-05 00:00:00+00:00,BTCUSDT,VolatilityExpansion,1,range,-0.04999975471077933,2.0,-0.05239975471077933
2022-07-08 14:00:00+00:00,BTCUSDT,VolatilityExpansion,1,bull,-0.008025741208917414,2.0,-0.010425741208917413
2022-07-13 16:00:00+00:00,BTCUSDT,VolatilityExpansion,1,bear,0.023230804515685044,2.0,0.020830804515685045
2022-07-13 17:00:00+00:00,BTCUSDT,VolatilityExpansion,1,bear,0.011652654299557863,2.0,0.009252654299557864
2022-07-13 18:00:00+00:00,BTCUSDT,VolatilityExpansion,1,bear,0.00918013944132734,2.0,0.00678013944132734
2022-07-13 19:00:00+00:00,BTCUSDT,VolatilityExpansion,1,bear,0.017134392482450744,2.0,0.014734392482450745
2022-07-13 20:00:00+00:00,BTCUSDT,VolatilityExpansion,1,bear,0.004969152599268556,2.0,0.002569152599268556
2022-07-13 21:00:00+00:00,BTCUSDT,VolatilityExpansion,1,bear,-0.005067474248291015,2.0,-0.0074674742482910145
2022-07-13 22:00:00+00:00,BTCUSDT,VolatilityExpansion,1,bear,-0.003100767376902014,2.0,-0.005500767376902013
2022-07-13 23:00:00+00:00,BTCUSDT,VolatilityExpansion,1,bear,-0.02433716945020048,2.0,-0.02673716945020048
2022-07-14 00:00:00+00:00,BTCUSDT,VolatilityExpansion,1,bear,-0.025720620842572095,2.0,-0.028120620842572094
2022-07-14 01:00:00+00:00,BTCUSDT,VolatilityExpansion,1,range,-0.02530602578461516,2.0,-0.02770602578461516
2022-07-18 15:00:00+00:00,BTCUSDT,VolatilityExpansion,1,bull,-0.03421159410062791,2.0,-0.036611594100627906
2022-07-18 16:00:00+00:00,BTCUSDT,VolatilityExpansion,1,bull,-0.013863607691891877,2.0,-0.016263607691891876
2022-07-18 23:00:00+00:00,BTCUSDT,VolatilityExpansion,1,bull,-0.020331348808170113,2.0,-0.022731348808170113
2022-07-19 00:00:00+00:00,BTCUSDT,VolatilityExpansion,1,bull,-0.007610384145331439,2.0,-0.010010384145331438
2022-07-19 01:00:00+00:00,BTCUSDT,VolatilityExpansion,1,bull,0.01180781020441457,2.0,0.009407810204414571
2022-07-19 02:00:00+00:00,BTCUSDT,VolatilityExpansion,1,bull,0.023662104424650554,2.0,0.021262104424650555
2022-07-28 02:00:00+00:00,BTCUSDT,VolatilityExpansion,1,range,-0.006654751982677842,2.0,-0.009054751982677842
2022-07-28 03:00:00+00:00,BTCUSDT,VolatilityExpansion,1,range,0.026488748983862997,2.0,0.024088748983862998
2022-07-28 04:00:00+00:00,BTCUSDT,VolatilityExpansion,1,range,0.030356771194671728,2.0,0.02795677119467173
2022-07-28 05:00:00+00:00,BTCUSDT,VolatilityExpansion,1,range,0.032719915628161234,2.0,0.030319915628161234
2022-07-28 06:00:00+00:00,BTCUSDT,VolatilityExpansion,1,bull,0.02958620838831094,2.0,0.027186208388310942
2022-07-28 07:00:00+00:00,BTCUSDT,VolatilityExpansion,1,bull,0.038138625613098,2.0,0.035738625613098
2022-07-28 15:00:00+00:00,BTCUSDT,VolatilityExpansion,1,bull,0.007009444215102301,2.0,0.004609444215102301
2022-08-08 08:00:00+00:00,BTCUSDT,VolatilityExpansion,1,bull,-0.002914545364090304,2.0,-0.005314545364090303
2022-08-08 09:00:00+00:00,BTCUSDT,VolatilityExpansion,1,bull,-0.010353101364085515,2.0,-0.012753101364085515
2022-08-08 10:00:00+00:00,BTCUSDT,VolatilityExpansion,1,bull,-0.010512270550678271,2.0,-0.01291227055067827
2022-08-08 11:00:00+00:00,BTCUSDT,VolatilityExpansion,1,bull,-0.014714464877751965,2.0,-0.017114464877751964
2022-08-08 12:00:00+00:00,BTCUSDT,VolatilityExpansion,1,bull,-0.013869654274507148,2.0,-0.016269654274507148
2022-08-08 13:00:00+00:00,BTCUSDT,VolatilityExpansion,1,bull,-0.01751276497943932,2.0,-0.01991276497943932
2022-08-08 14:00:00+00:00,BTCUSDT,VolatilityExpansion,1,bull,-0.014321044935022953,2.0,-0.016721044935022952
2022-08-08 15:00:00+00:00,BTCUSDT,VolatilityExpansion,1,bull,-0.006995514199476305,2.0,-0.009395514199476304
2022-08-08 16:00:00+00:00,BTCUSDT,VolatilityExpansion,1,bull,-0.0027115443268560524,2.0,-0.005111544326856052
2022-08-08 17:00:00+00:00,BTCUSDT,VolatilityExpansion,1,bull,-0.003986192330649452,2.0,-0.006386192330649451
2022-08-08 18:00:00+00:00,BTCUSDT,VolatilityExpansion,1,bull,-0.0027438629072399356,2.0,-0.005143862907239935
2022-08-08 19:00:00+00:00,BTCUSDT,VolatilityExpansion,1,bull,-0.002203278578864487,2.0,-0.0046032785788644864
2022-08-10 21:00:00+00:00,BTCUSDT,VolatilityExpansion,1,bull,0.019980207693945706,2.0,0.017580207693945707
2022-08-10 22:00:00+00:00,BTCUSDT,VolatilityExpansion,1,bull,0.026764398608704276,2.0,0.024364398608704277
2022-08-10 23:00:00+00:00,BTCUSDT,VolatilityExpansion,1,bull,0.025324756693538175,2.0,0.022924756693538176
2022-08-11 00:00:00+00:00,BTCUSDT,VolatilityExpansion,1,bull,0.033691601224544065,2.0,0.031291601224544066
2022-08-11 01:00:00+00:00,BTCUSDT,VolatilityExpansion,1,bull,0.011625860170376257,2.0,0.009225860170376257
2022-09-09 10:00:00+00:00,BTCUSDT,VolatilityExpansion,1,range,0.012896090827969608,2.0,0.010496090827969609
2022-09-09 11:00:00+00:00,BTCUSDT,VolatilityExpansion,1,range,0.020079592197480345,2.0,0.017679592197480345
2022-09-09 12:00:00+00:00,BTCUSDT,VolatilityExpansion,1,bull,0.008542830429562054,2.0,0.0061428304295620545
2022-09-09 13:00:00+00:00,BTCUSDT,VolatilityExpansion,1,bull,0.013481722765110504,2.0,0.011081722765110505
2022-09-09 14:00:00+00:00,BTCUSDT,VolatilityExpansion,1,bull,0.009586345857532264,2.0,0.007186345857532264
2022-09-09 15:00:00+00:00,BTCUSDT,VolatilityExpansion,1,bull,0.0016934402709505303,2.0,-0.0007065597290494695
2022-09-09 16:00:00+00:00,BTCUSDT,VolatilityExpansion,1,bull,0.007468856278536773,2.0,0.0050688562785367736
2022-09-09 17:00:00+00:00,BTCUSDT,VolatilityExpansion,1,bull,0.013881171894864597,2.0,0.011481171894864597
2022-09-12 03:00:00+00:00,BTCUSDT,VolatilityExpansion,1,bull,0.021100086839236587,2.0,0.018700086839236588
2022-09-12 04:00:00+00:00,BTCUSDT,VolatilityExpansion,1,bull,0.02317235533401818,2.0,0.02077235533401818
2022-09-19 13:00:00+00:00,BTCUSDT,VolatilityExpansion,1,bear,0.018841839566815732,2.0,0.016441839566815733
2022-09-19 14:00:00+00:00,BTCUSDT,VolatilityExpansion,1,bear,0.008587538998932276,2.0,0.0061875389989322765
2022-09-19 15:00:00+00:00,BTCUSDT,VolatilityExpansion,1,bear,0.014818232823486932,2.0,0.012418232823486933
2022-09-19 16:00:00+00:00,BTCUSDT,VolatilityExpansion,1,bear,0.006589056436700824,2.0,0.004189056436700825
2022-09-19 18:00:00+00:00,BTCUSDT,VolatilityExpansion,1,bear,0.01176114227221925,2.0,0.00936114227221925
2022-09-19 19:00:00+00:00,BTCUSDT,VolatilityExpansion,1,bear,-0.007936548626741202,2.0,-0.010336548626741202
2022-09-19 20:00:00+00:00,BTCUSDT,VolatilityExpansion,1,bear,-0.01101998974884677,2.0,-0.01341998974884677
2022-09-19 21:00:00+00:00,BTCUSDT,VolatilityExpansion,1,bear,-0.014725932608227632,2.0,-0.01712593260822763
2022-09-19 22:00:00+00:00,BTCUSDT,VolatilityExpansion,1,bear,-0.014942968690193625,2.0,-0.017342968690193625
2022-09-19 23:00:00+00:00,BTCUSDT,VolatilityExpansion,1,bear,-0.016335016335016328,2.0,-0.018735016335016327
2022-09-21 18:00:00+00:00,BTCUSDT,VolatilityExpansion,1,range,-0.04423895045217163,2.0,-0.04663895045217163
2022-09-22 07:00:00+00:00,BTCUSDT,VolatilityExpansion,1,bear,0.02010167091176207,2.0,0.01770167091176207
2022-09-26 12:00:00+00:00,BTCUSDT,VolatilityExpansion,1,bear,0.01313576417452178,2.0,0.01073576417452178
2022-09-26 13:00:00+00:00,BTCUSDT,VolatilityExpansion,1,bear,0.030134458075044224,2.0,0.027734458075044224
2022-09-26 14:00:00+00:00,BTCUSDT,VolatilityExpansion,1,range,0.049858599798223935,2.0,0.047458599798223935
2022-09-26 15:00:00+00:00,BTCUSDT,VolatilityExpansion,1,range,0.051722693914299844,2.0,0.049322693914299845
2022-09-26 16:00:00+00:00,BTCUSDT,VolatilityExpansion,1,range,0.05056382995454767,2.0,0.04816382995454767
2022-09-26 17:00:00+00:00,BTCUSDT,VolatilityExpansion,1,range,0.05733817694538357,2.0,0.05493817694538357
2022-09-26 18:00:00+00:00,BTCUSDT,VolatilityExpansion,1,range,0.05347244694510267,2.0,0.05107244694510267
2022-09-26 19:00:00+00:00,BTCUSDT,VolatilityExpansion,1,range,0.05123782626140505,2.0,0.04883782626140505
2022-10-13 15:00:00+00:00,BTCUSDT,VolatilityExpansion,1,bear,0.04531420700137745,2.0,0.04291420700137745
2022-10-13 16:00:00+00:00,BTCUSDT,VolatilityExpansion,1,bear,0.038065784300878036,2.0,0.03566578430087804
2022-10-13 17:00:00+00:00,BTCUSDT,VolatilityExpansion,1,bear,0.03380386135873459,2.0,0.03140386135873459
2022-10-13 18:00:00+00:00,BTCUSDT,VolatilityExpansion,1,bear,0.019279318268467627,2.0,0.016879318268467627
2022-10-13 19:00:00+00:00,BTCUSDT,VolatilityExpansion,1,bear,0.014064428823040265,2.0,0.011664428823040265
2022-10-13 20:00:00+00:00,BTCUSDT,VolatilityExpansion,1,bear,0.01219191163186828,2.0,0.00979191163186828
2022-10-13 21:00:00+00:00,BTCUSDT,VolatilityExpansion,1,bear,0.012876908716795699,2.0,0.0104769087167957
2022-10-13 22:00:00+00:00,BTCUSDT,VolatilityExpansion,1,bear,0.0132587069800012,2.0,0.010858706980001201
2022-10-13 23:00:00+00:00,BTCUSDT,VolatilityExpansion,1,range,0.011510219257025334,2.0,0.009110219257025334
2022-10-14 00:00:00+00:00,BTCUSDT,VolatilityExpansion,1,range,0.020295592912781046,2.0,0.017895592912781047
2022-10-14 01:00:00+00:00,BTCUSDT,VolatilityExpansion,1,range,-0.009902236817584176,2.0,-0.012302236817584175
2022-10-14 02:00:00+00:00,BTCUSDT,VolatilityExpansion,1,range,-0.018245578626031156,2.0,-0.020645578626031155
2022-10-14 03:00:00+00:00,BTCUSDT,VolatilityExpansion,1,range,-0.02288677282871021,2.0,-0.02528677282871021
2022-10-14 04:00:00+00:00,BTCUSDT,VolatilityExpansion,1,range,-0.025586127844796747,2.0,-0.027986127844796746
2022-10-17 02:00:00+00:00,BTCUSDT,VolatilityExpansion,1,range,0.014140203714799293,2.0,0.011740203714799294
2022-10-17 04:00:00+00:00,BTCUSDT,VolatilityExpansion,1,range,0.014651176100269003,2.0,0.012251176100269004
2022-10-17 05:00:00+00:00,BTCUSDT,VolatilityExpansion,1,range,0.01295175406721416,2.0,0.010551754067214161
2022-10-17 06:00:00+00:00,BTCUSDT,VolatilityExpansion,1,range,0.014503606400515734,2.0,0.012103606400515735
2022-10-17 07:00:00+00:00,BTCUSDT,VolatilityExpansion,1,range,0.012149338864402282,2.0,0.009749338864402282
2022-10-17 08:00:00+00:00,BTCUSDT,VolatilityExpansion,1,range,0.013973300088307106,2.0,0.011573300088307106
2022-10-17 09:00:00+00:00,BTCUSDT,VolatilityExpansion,1,range,0.009406189044738777,2.0,0.007006189044738778
2022-10-17 16:00:00+00:00,BTCUSDT,VolatilityExpansion,1,range,0.0036201786501759425,2.0,0.0012201786501759427
2022-10-17 17:00:00+00:00,BTCUSDT,VolatilityExpansion,1,range,0.0016245330108182188,2.0,-0.000775466989181781
2022-10-17 18:00:00+00:00,BTCUSDT,VolatilityExpansion,1,bull,0.006438153234197941,2.0,0.0040381532341979415
2022-10-17 19:00:00+00:00,BTCUSDT,VolatilityExpansion,1,bull,0.006993078645238349,2.0,0.004593078645238349
2022-10-23 21:00:00+00:00,BTCUSDT,VolatilityExpansion,1,bull,-0.008088833825660058,2.0,-0.010488833825660057
2022-10-23 22:00:00+00:00,BTCUSDT,VolatilityExpansion,1,bull,-0.009620048917233781,2.0,-0.01202004891723378
2022-10-23 23:00:00+00:00,BTCUSDT,VolatilityExpansion,1,bull,-0.0075662300747421085,2.0,-0.009966230074742108
2022-10-24 00:00:00+00:00,BTCUSDT,VolatilityExpansion,1,bull,-0.0074575610956207905,2.0,-0.00985756109562079
2022-10-24 01:00:00+00:00,BTCUSDT,VolatilityExpansion,1,bull,-0.0033287987468052505,2.0,-0.00572879874680525
2022-10-24 02:00:00+00:00,BTCUSDT,VolatilityExpansion,1,bull,-0.007291484164854478,2.0,-0.009691484164854478
2022-10-24 03:00:00+00:00,BTCUSDT,VolatilityExpansion,1,bull,-0.0047616591002888065,2.0,-0.007161659100288806
2022-10-24 09:00:00+00:00,BTCUSDT,VolatilityExpansion,1,bull,-0.0009187049357164412,2.0,-0.003318704935716441
2022-10-24 10:00:00+00:00,BTCUSDT,VolatilityExpansion,1,bull,-0.0024283607791376616,2.0,-0.004828360779137661
2022-10-24 11:00:00+00:00,BTCUSDT,VolatilityExpansion,1,bull,-0.004862846104314311,2.0,-0.0072628461043143105
2022-10-24 12:00:00+00:00,BTCUSDT,VolatilityExpansion,1,bull,-0.003263636786144053,2.0,-0.005663636786144052
2022-10-25 18:00:00+00:00,BTCUSDT,VolatilityExpansion,1,bull,-0.002630539926956832,2.0,-0.005030539926956831
2022-10-25 19:00:00+00:00,BTCUSDT,VolatilityExpansion,1,bull,0.003305915615270383,2.0,0.000905915615270383
2022-10-25 20:00:00+00:00,BTCUSDT,VolatilityExpansion,1,bull,0.023721506442021756,2.0,0.021321506442021756
2022-10-25 21:00:00+00:00,BTCUSDT,VolatilityExpansion,1,bull,0.0181210310787554,2.0,0.0157210310787554
2022-10-25 22:00:00+00:00,BTCUSDT,VolatilityExpansion,1,bull,0.030020146410547843,2.0,0.027620146410547844
2022-10-25 23:00:00+00:00,BTCUSDT,VolatilityExpansion,1,bull,0.026290218902448315,2.0,0.023890218902448315
2022-10-26 00:00:00+00:00,BTCUSDT,VolatilityExpansion,1,bull,0.01905206074828958,2.0,0.01665206074828958
2022-10-26 01:00:00+00:00,BTCUSDT,VolatilityExpansion,1,bull,0.015984411242501162,2.0,0.013584411242501163
2022-10-26 02:00:00+00:00,BTCUSDT,VolatilityExpansion,1,bull,0.03070312229268457,2.0,0.02830312229268457
2022-10-26 03:00:00+00:00,BTCUSDT,VolatilityExpansion,1,bull,0.029503028865633052,2.0,0.027103028865633053
2022-10-26 04:00:00+00:00,BTCUSDT,VolatilityExpansion,1,bull,0.027812857503677346,2.0,0.025412857503677347
2022-10-26 05:00:00+00:00,BTCUSDT,VolatilityExpansion,1,bull,0.031268427807592536,2.0,0.028868427807592537
2022-10-26 06:00:00+00:00,BTCUSDT,VolatilityExpansion,1,bull,0.023668024167808888,2.0,0.02126802416780889
2022-10-26 08:00:00+00:00,BTCUSDT,VolatilityExpansion,1,bull,0.003746587410691893,2.0,0.001346587410691893
2022-10-26 09:00:00+00:00,BTCUSDT,VolatilityExpansion,1,bull,0.0069561500235595375,2.0,0.004556150023559538
2022-10-26 14:00:00+00:00,BTCUSDT,VolatilityExpansion,1,bull,-0.00706532180595576,2.0,-0.00946532180595576
2022-10-26 15:00:00+00:00,BTCUSDT,VolatilityExpansion,1,bull,-0.004381923246750685,2.0,-0.006781923246750685
2022-10-26 16:00:00+00:00,BTCUSDT,VolatilityExpansion,1,bull,0.0016960749356744742,2.0,-0.0007039250643255256
2022-10-26 17:00:00+00:00,BTCUSDT,VolatilityExpansion,1,bull,-0.0009466056738679507,2.0,-0.0033466056738679505
2022-10-26 18:00:00+00:00,BTCUSDT,VolatilityExpansion,1,bull,0.0010489679508871586,2.0,-0.0013510320491128412
2022-10-26 19:00:00+00:00,BTCUSDT,VolatilityExpansion,1,bull,-0.0024524801850202005,2.0,-0.0048524801850202
2022-10-26 20:00:00+00:00,BTCUSDT,VolatilityExpansion,1,bull,-0.0017409168507249717,2.0,-0.004140916850724971
2022-10-26 21:00:00+00:00,BTCUSDT,VolatilityExpansion,1,bull,-0.006112150975435604,2.0,-0.008512150975435603
2022-11-03 04:00:00+00:00,BTCUSDT,VolatilityExpansion,1,range,-0.0030420231665543307,2.0,-0.00544202316655433
2022-11-03 05:00:00+00:00,BTCUSDT,VolatilityExpansion,1,range,-0.007276619563402642,2.0,-0.009676619563402641
2022-11-04 15:00:00+00:00,BTCUSDT,VolatilityExpansion,1,bull,0.02915618458702207,2.0,0.026756184587022072
2022-11-04 16:00:00+00:00,BTCUSDT,VolatilityExpansion,1,bull,0.027967786501331027,2.0,0.025567786501331027
2022-11-04 17:00:00+00:00,BTCUSDT,VolatilityExpansion,1,bull,0.02983234357766551,2.0,0.02743234357766551
2022-11-04 18:00:00+00:00,BTCUSDT,VolatilityExpansion,1,bull,0.021596167898026986,2.0,0.019196167898026986
2022-11-04 19:00:00+00:00,BTCUSDT,VolatilityExpansion,1,bull,0.013139184346737887,2.0,0.010739184346737887
2022-11-04 20:00:00+00:00,BTCUSDT,VolatilityExpansion,1,bull,0.007765372122314096,2.0,0.0053653721223140965
2022-11-04 21:00:00+00:00,BTCUSDT,VolatilityExpansion,1,bull,0.005661277898805883,2.0,0.0032612778988058834
2022-11-04 22:00:00+00:00,BTCUSDT,VolatilityExpansion,1,bull,0.006969085608720116,2.0,0.0045690856087201165
2022-11-04 23:00:00+00:00,BTCUSDT,VolatilityExpansion,1,bull,0.01220100673681035,2.0,0.00980100673681035
2022-11-05 00:00:00+00:00,BTCUSDT,VolatilityExpansion,1,bull,-0.005717219331202061,2.0,-0.00811721933120206
2022-11-05 01:00:00+00:00,BTCUSDT,VolatilityExpansion,1,bull,-0.0042197847488267826,2.0,-0.006619784748826782
2022-11-05 02:00:00+00:00,BTCUSDT,VolatilityExpansion,1,bull,-0.0046739247399867345,2.0,-0.007073924739986734
2022-11-08 16:00:00+00:00,BTCUSDT,VolatilityExpansion,1,bear,-0.10399591421822596,2.0,-0.10639591421822596
2022-11-14 06:00:00+00:00,BTCUSDT,VolatilityExpansion,1,bear,-0.0013952453406623766,2.0,-0.0037952453406623764
2022-11-14 07:00:00+00:00,BTCUSDT,VolatilityExpansion,1,bear,-0.033789128715108974,2.0,-0.03618912871510897
2022-11-14 08:00:00+00:00,BTCUSDT,VolatilityExpansion,1,bear,-0.029168457241082968,2.0,-0.03156845724108297
2022-11-14 09:00:00+00:00,BTCUSDT,VolatilityExpansion,1,bear,-0.020747730530339292,2.0,-0.02314773053033929
2022-11-14 10:00:00+00:00,BTCUSDT,VolatilityExpansion,1,bear,-0.022433126866694852,2.0,-0.024833126866694852
2022-11-14 11:00:00+00:00,BTCUSDT,VolatilityExpansion,1,bear,-0.00810589633771186,2.0,-0.01050589633771186
2022-11-14 12:00:00+00:00,BTCUSDT,VolatilityExpansion,1,bear,-0.015646930085400856,2.0,-0.018046930085400856
2022-11-14 13:00:00+00:00,BTCUSDT,VolatilityExpansion,1,bear,-0.0006819650163911728,2.0,-0.0030819650163911726
2022-11-14 14:00:00+00:00,BTCUSDT,VolatilityExpansion,1,bear,0.009212452777894953,2.0,0.006812452777894953
2022-11-14 15:00:00+00:00,BTCUSDT,VolatilityExpansion,1,bear,0.013640804216467961,2.0,0.011240804216467962
2022-11-14 17:00:00+00:00,BTCUSDT,VolatilityExpansion,1,range,0.004476999565574236,2.0,0.002076999565574236
2022-11-14 18:00:00+00:00,BTCUSDT,VolatilityExpansion,1,range,0.008196425130083007,2.0,0.005796425130083008
2022-11-28 20:00:00+00:00,BTCUSDT,VolatilityExpansion,1,bear,0.014632675539802964,2.0,0.012232675539802965
2022-11-29 01:00:00+00:00,BTCUSDT,VolatilityExpansion,1,bear,0.010102875718005944,2.0,0.007702875718005944
2022-11-29 02:00:00+00:00,BTCUSDT,VolatilityExpansion,1,bear,0.0061331200787402285,2.0,0.0037331200787402287
2022-11-29 04:00:00+00:00,BTCUSDT,VolatilityExpansion,1,bear,-0.001150839077380117,2.0,-0.0035508390773801167
2022-11-29 05:00:00+00:00,BTCUSDT,VolatilityExpansion,1,bear,-0.006354350636345485,2.0,-0.008754350636345484
2022-12-05 02:00:00+00:00,BTCUSDT,VolatilityExpansion,1,bull,-0.0021293878735132443,2.0,-0.004529387873513244
2022-12-05 03:00:00+00:00,BTCUSDT,VolatilityExpansion,1,bull,-0.006765522015578673,2.0,-0.009165522015578673
2022-12-05 04:00:00+00:00,BTCUSDT,VolatilityExpansion,1,bull,-0.017888850455436422,2.0,-0.020288850455436422
2022-12-05 05:00:00+00:00,BTCUSDT,VolatilityExpansion,1,bull,-0.01629572352666242,2.0,-0.01869572352666242
2022-12-05 06:00:00+00:00,BTCUSDT,VolatilityExpansion,1,bull,-0.014971963697323565,2.0,-0.017371963697323564
2022-12-05 07:00:00+00:00,BTCUSDT,VolatilityExpansion,1,bull,-0.022203343793523955,2.0,-0.024603343793523955
2022-12-05 08:00:00+00:00,BTCUSDT,VolatilityExpansion,1,bull,-0.02412214972448301,2.0,-0.02652214972448301
2022-12-05 09:00:00+00:00,BTCUSDT,VolatilityExpansion,1,bull,-0.019052520194514977,2.0,-0.021452520194514976
2022-12-05 10:00:00+00:00,BTCUSDT,VolatilityExpansion,1,bull,-0.02033674785556061,2.0,-0.02273674785556061
2022-12-05 11:00:00+00:00,BTCUSDT,VolatilityExpansion,1,bull,-0.019876085122123244,2.0,-0.022276085122123243
2022-12-05 12:00:00+00:00,BTCUSDT,VolatilityExpansion,1,bull,-0.012286265937646812,2.0,-0.014686265937646811
2022-12-13 09:00:00+00:00,BTCUSDT,VolatilityExpansion,1,bull,0.01931075630927026,2.0,0.01691075630927026
2022-12-13 10:00:00+00:00,BTCUSDT,VolatilityExpansion,1,bull,0.022421498869722,2.0,0.020021498869722
2022-12-13 11:00:00+00:00,BTCUSDT,VolatilityExpansion,1,bull,0.01951034874318247,2.0,0.01711034874318247
2022-12-13 12:00:00+00:00,BTCUSDT,VolatilityExpansion,1,bull,0.023023747186624366,2.0,0.020623747186624367
2022-12-13 13:00:00+00:00,BTCUSDT,VolatilityExpansion,1,bull,-0.006398113534385019,2.0,-0.008798113534385019
2022-12-13 14:00:00+00:00,BTCUSDT,VolatilityExpansion,1,bull,-0.004135653925793403,2.0,-0.006535653925793403
2022-12-13 15:00:00+00:00,BTCUSDT,VolatilityExpansion,1,bull,0.0018535733400941723,2.0,-0.0005464266599058275
2022-12-13 16:00:00+00:00,BTCUSDT,VolatilityExpansion,1,bull,0.0010251268735319563,2.0,-0.0013748731264680435
2022-12-13 17:00:00+00:00,BTCUSDT,VolatilityExpansion,1,bull,0.00836077746727959,2.0,0.0059607774672795905
2022-12-13 18:00:00+00:00,BTCUSDT,VolatilityExpansion,1,bull,0.0041153424935926886,2.0,0.0017153424935926888
2022-12-13 19:00:00+00:00,BTCUSDT,VolatilityExpansion,1,bull,0.0037541219244101587,2.0,0.001354121924410159
2022-12-13 20:00:00+00:00,BTCUSDT,VolatilityExpansion,1,bull,0.005234510581712648,2.0,0.0028345105817126483
2022-12-13 21:00:00+00:00,BTCUSDT,VolatilityExpansion,1,bull,0.0026959487600886067,2.0,0.00029594876008860694
2022-12-13 22:00:00+00:00,BTCUSDT,VolatilityExpansion,1,bull,0.0029254571026722243,2.0,0.0005254571026722245
2022-12-13 23:00:00+00:00,BTCUSDT,VolatilityExpansion,1,bull,0.002626975153427802,2.0,0.00022697515342780207
2022-12-14 00:00:00+00:00,BTCUSDT,VolatilityExpansion,1,bull,0.005174600680218688,2.0,0.0027746006802186886
2022-12-14 01:00:00+00:00,BTCUSDT,VolatilityExpansion,1,bull,0.006101881741595205,2.0,0.0037018817415952056
2022-12-14 02:00:00+00:00,BTCUSDT,VolatilityExpansion,1,bull,0.014650100308511993,2.0,0.012250100308511994
2022-12-20 02:00:00+00:00,BTCUSDT,VolatilityExpansion,1,bear,0.010805959432776735,2.0,0.008405959432776736
2022-12-20 03:00:00+00:00,BTCUSDT,VolatilityExpansion,1,bear,0.011544512169590737,2.0,0.009144512169590738
2022-12-20 04:00:00+00:00,BTCUSDT,VolatilityExpansion,1,bear,0.0024845682690246562,2.0,8.456826902465643e-05
2022-12-20 05:00:00+00:00,BTCUSDT,VolatilityExpansion,1,bear,0.0017820000119195267,2.0,-0.0006179999880804731
2022-12-20 06:00:00+00:00,BTCUSDT,VolatilityExpansion,1,bear,-0.00010694742345829233,2.0,-0.002506947423458292
2022-12-20 07:00:00+00:00,BTCUSDT,VolatilityExpansion,1,bear,0.005864421714435464,2.0,0.003464421714435464
2022-12-20 08:00:00+00:00,BTCUSDT,VolatilityExpansion,1,bear,0.002021727625718839,2.0,-0.000378272374281161
2022-12-20 09:00:00+00:00,BTCUSDT,VolatilityExpansion,1,bear,0.0037663550845792315,2.0,0.0013663550845792317
2022-12-20 10:00:00+00:00,BTCUSDT,VolatilityExpansion,1,range,0.005515900701861032,2.0,0.003115900701861032
2022-12-20 11:00:00+00:00,BTCUSDT,VolatilityExpansion,1,range,0.004879442077452278,2.0,0.0024794420774522786
2022-12-20 14:00:00+00:00,BTCUSDT,VolatilityExpansion,1,range,-0.003089927546526372,2.0,-0.005489927546526371
2022-12-20 15:00:00+00:00,BTCUSDT,VolatilityExpansion,1,range,-0.004789838446436545,2.0,-0.0071898384464365445
2022-12-25 23:00:00+00:00,BTCUSDT,VolatilityExpansion,1,bear,0.0017533953460726615,2.0,-0.0006466046539273383
2022-12-26 00:00:00+00:00,BTCUSDT,VolatilityExpansion,1,bear,0.0016466336151039762,2.0,-0.0007533663848960236
2022-12-26 01:00:00+00:00,BTCUSDT,VolatilityExpansion,1,bear,-0.0009319941112218011,2.0,-0.003331994111221801
2022-12-26 02:00:00+00:00,BTCUSDT,VolatilityExpansion,1,bear,-0.00341207970997337,2.0,-0.0058120797099733695
2022-12-26 03:00:00+00:00,BTCUSDT,VolatilityExpansion,1,range,-0.005092614524610406,2.0,-0.007492614524610405
2022-12-26 04:00:00+00:00,BTCUSDT,VolatilityExpansion,1,range,-0.002264428320766232,2.0,-0.004664428320766231
2022-12-26 05:00:00+00:00,BTCUSDT,VolatilityExpansion,1,range,-0.000985537533543801,2.0,-0.003385537533543801
2022-07-01 00:00:00+00:00,ETHUSDT,VolatilityExpansion,1,bear,-0.04215899337071061,2.0,-0.044758993370710605
2022-07-01 01:00:00+00:00,ETHUSDT,VolatilityExpansion,1,bear,-0.032330477155136816,2.0,-0.034930477155136815
2022-07-04 21:00:00+00:00,ETHUSDT,VolatilityExpansion,1,range,-0.004556872768939124,2.0,-0.007156872768939124
2022-07-04 22:00:00+00:00,ETHUSDT,VolatilityExpansion,1,range,-0.011819606538431282,2.0,-0.014419606538431282
2022-07-04 23:00:00+00:00,ETHUSDT,VolatilityExpansion,1,range,-0.03342809698929783,2.0,-0.03602809698929783
2022-07-05 00:00:00+00:00,ETHUSDT,VolatilityExpansion,1,range,-0.051542098642259226,2.0,-0.054142098642259225
2022-07-13 14:00:00+00:00,ETHUSDT,VolatilityExpansion,1,bear,0.04293407892514689,2.0,0.04033407892514689
2022-07-13 16:00:00+00:00,ETHUSDT,VolatilityExpansion,1,bear,0.030606156657281725,2.0,0.028006156657281726
2022-07-13 17:00:00+00:00,ETHUSDT,VolatilityExpansion,1,bear,0.010889939378422975,2.0,0.008289939378422975
2022-07-13 18:00:00+00:00,ETHUSDT,VolatilityExpansion,1,bear,0.010733944954128383,2.0,0.008133944954128383
2022-07-13 19:00:00+00:00,ETHUSDT,VolatilityExpansion,1,bear,0.019667255321126342,2.0,0.017067255321126344
2022-07-13 20:00:00+00:00,ETHUSDT,VolatilityExpansion,1,bear,0.007882945693197252,2.0,0.005282945693197252
2022-07-13 21:00:00+00:00,ETHUSDT,VolatilityExpansion,1,bear,-0.0011931312352578827,2.0,-0.0037931312352578826
2022-07-13 22:00:00+00:00,ETHUSDT,VolatilityExpansion,1,bear,0.0008013041916496988,2.0,-0.001798695808350301
2022-07-13 23:00:00+00:00,ETHUSDT,VolatilityExpansion,1,bear,-0.029959252544472292,2.0,-0.03255925254447229
2022-07-14 00:00:00+00:00,ETHUSDT,VolatilityExpansion,1,bear,-0.024471285528265496,2.0,-0.027071285528265494
2022-07-14 01:00:00+00:00,ETHUSDT,VolatilityExpansion,1,range,-0.02599584857171089,2.0,-0.028595848571710887
2022-07-16 21:00:00+00:00,ETHUSDT,VolatilityExpansion,1,bull,0.008096594077367625,2.0,0.005496594077367625
2022-07-16 22:00:00+00:00,ETHUSDT,VolatilityExpansion,1,bull,-0.0002873393846515304,2.0,-0.0028873393846515303
2022-07-16 23:00:00+00:00,ETHUSDT,VolatilityExpansion,1,bull,0.005422833448921915,2.0,0.0028228334489219156
2022-07-17 00:00:00+00:00,ETHUSDT,VolatilityExpansion,1,bull,-0.005885201872697587,2.0,-0.008485201872697587
2022-07-17 01:00:00+00:00,ETHUSDT,VolatilityExpansion,1,bull,3.73722802322618e-05,2.0,-0.002562627719767738
2022-07-17 02:00:00+00:00,ETHUSDT,VolatilityExpansion,1,bull,0.005928706558817831,2.0,0.0033287065588178313
2022-07-17 03:00:00+00:00,ETHUSDT,VolatilityExpansion,1,bull,-0.0012124438135794335,2.0,-0.0038124438135794334
2022-07-17 04:00:00+00:00,ETHUSDT,VolatilityExpansion,1,bull,-0.004810788007075573,2.0,-0.0074107880070755725
2022-08-10 21:00:00+00:00,ETHUSDT,VolatilityExpansion,1,bull,0.010704301075268763,2.0,0.008104301075268763
2022-08-10 22:00:00+00:00,ETHUSDT,VolatilityExpansion,1,bull,0.01866557112971834,2.0,0.01606557112971834
2022-08-10 23:00:00+00:00,ETHUSDT,VolatilityExpansion,1,bull,0.026726021853500592,2.0,0.024126021853500594
2022-08-11 00:00:00+00:00,ETHUSDT,VolatilityExpansion,1,bull,0.026956693312286895,2.0,0.024356693312286896
2022-08-11 01:00:00+00:00,ETHUSDT,VolatilityExpansion,1,bull,0.0025498426023085052,2.0,-5.0157397691494646e-05
2022-08-30 20:00:00+00:00,ETHUSDT,VolatilityExpansion,1,range,0.012048657050005795,2.0,0.009448657050005796
2022-08-30 22:00:00+00:00,ETHUSDT,VolatilityExpansion,1,range,0.0332301835978972,2.0,0.030630183597897202
2022-08-31 00:00:00+00:00,ETHUSDT,VolatilityExpansion,1,range,0.025695545160500544,2.0,0.023095545160500545
2022-08-31 01:00:00+00:00,ETHUSDT,VolatilityExpansion,1,range,0.004594432331658682,2.0,0.0019944323316586823
2022-08-31 02:00:00+00:00,ETHUSDT,VolatilityExpansion,1,range,-0.015556840609953881,2.0,-0.01815684060995388
2022-08-31 03:00:00+00:00,ETHUSDT,VolatilityExpansion,1,range,-0.028876752252785187,2.0,-0.031476752252785185
2022-09-06 00:00:00+00:00,ETHUSDT,VolatilityExpansion,1,bull,0.0012277101400430812,2.0,-0.0013722898599569187
2022-09-06 01:00:00+00:00,ETHUSDT,VolatilityExpansion,1,bull,0.006083422825343909,2.0,0.0034834228253439094
2022-09-06 02:00:00+00:00,ETHUSDT,VolatilityExpansion,1,bull,0.01351195077267664,2.0,0.01091195077267664
2022-09-06 03:00:00+00:00,ETHUSDT,VolatilityExpansion,1,bull,0.01787250135721208,2.0,0.015272501357212078
2022-09-06 04:00:00+00:00,ETHUSDT,VolatilityExpansion,1,bull,0.013354808402120666,2.0,0.010754808402120666
2022-09-06 05:00:00+00:00,ETHUSDT,VolatilityExpansion,1,bull,-0.038642104689269985,2.0,-0.04124210468926998
2022-09-06 06:00:00+00:00,ETHUSDT,VolatilityExpansion,1,bull,-0.05589416858324969,2.0,-0.05849416858324969
2022-09-06 07:00:00+00:00,ETHUSDT,VolatilityExpansion,1,bull,-0.049617330784215596,2.0,-0.052217330784215595
2022-09-06 08:00:00+00:00,ETHUSDT,VolatilityExpansion,1,bull,-0.050107231036326416,2.0,-0.052707231036326414
2022-09-06 09:00:00+00:00,ETHUSDT,VolatilityExpansion,1,bull,-0.04453280078193356,2.0,-0.047132800781933555
2022-09-06 10:00:00+00:00,ETHUSDT,VolatilityExpansion,1,bull,-0.050992608808087536,2.0,-0.053592608808087534
2022-09-06 11:00:00+00:00,ETHUSDT,VolatilityExpansion,1,bull,-0.06533305341450979,2.0,-0.0679330534145098
2022-09-06 12:00:00+00:00,ETHUSDT,VolatilityExpansion,1,bull,-0.07629517873135905,2.0,-0.07889517873135905
2022-09-06 13:00:00+00:00,ETHUSDT,VolatilityExpansion,1,bull,-0.07431239955120239,2.0,-0.0769123995512024
2022-09-12 07:00:00+00:00,ETHUSDT,VolatilityExpansion,1,bull,-0.01838507336953421,2.0,-0.02098507336953421
2022-09-12 08:00:00+00:00,ETHUSDT,VolatilityExpansion,1,bull,-0.017132062981161544,2.0,-0.019732062981161543
2022-09-12 09:00:00+00:00,ETHUSDT,VolatilityExpansion,1,bull,-0.01972240007317294,2.0,-0.02232240007317294
2022-10-13 16:00:00+00:00,ETHUSDT,VolatilityExpansion,1,bear,0.04924838487755134,2.0,0.046648384877551345
2022-10-13 17:00:00+00:00,ETHUSDT,VolatilityExpansion,1,bear,0.04045199513477482,2.0,0.03785199513477482
2022-10-13 18:00:00+00:00,ETHUSDT,VolatilityExpansion,1,bear,0.031239058548920617,2.0,0.02863905854892062
2022-10-13 19:00:00+00:00,ETHUSDT,VolatilityExpansion,1,bear,0.027068627755838293,2.0,0.024468627755838294
2022-10-13 20:00:00+00:00,ETHUSDT,VolatilityExpansion,1,bear,0.021798807599811454,2.0,0.019198807599811456
2022-10-13 21:00:00+00:00,ETHUSDT,VolatilityExpansion,1,bear,0.025397732979964616,2.0,0.022797732979964618
2022-10-13 22:00:00+00:00,ETHUSDT,VolatilityExpansion,1,bear,0.029329576505376043,2.0,0.026729576505376045
2022-10-13 23:00:00+00:00,ETHUSDT,VolatilityExpansion,1,bear,0.030457563084002937,2.0,0.02785756308400294
2022-10-14 00:00:00+00:00,ETHUSDT,VolatilityExpansion,1,bear,0.03772809405268762,2.0,0.035128094052687624
2022-10-14 01:00:00+00:00,ETHUSDT,VolatilityExpansion,1,range,0.0014000436572754182,2.0,-0.0011999563427245816
2022-10-23 22:00:00+00:00,ETHUSDT,VolatilityExpansion,1,bull,-0.01131218404278711,2.0,-0.01391218404278711
2022-10-23 23:00:00+00:00,ETHUSDT,VolatilityExpansion,1,bull,-0.008023880947316764,2.0,-0.010623880947316764
2022-10-24 00:00:00+00:00,ETHUSDT,VolatilityExpansion,1,bull,-0.008418622433974288,2.0,-0.011018622433974288
2022-10-24 01:00:00+00:00,ETHUSDT,VolatilityExpansion,1,bull,-0.004962119533915232,2.0,-0.007562119533915232
2022-10-24 02:00:00+00:00,ETHUSDT,VolatilityExpansion,1,bull,-0.013551999881641907,2.0,-0.016151999881641906
2022-10-24 03:00:00+00:00,ETHUSDT,VolatilityExpansion,1,bull,-0.004979407072093878,2.0,-0.0075794070720938776
2022-10-24 04:00:00+00:00,ETHUSDT,VolatilityExpansion,1,bull,-0.009412463348550726,2.0,-0.012012463348550726
2022-10-24 05:00:00+00:00,ETHUSDT,VolatilityExpansion,1,bull,-0.006324399219320376,2.0,-0.008924399219320376
2022-10-24 06:00:00+00:00,ETHUSDT,VolatilityExpansion,1,bull,0.002189639195288917,2.0,-0.00041036080471108273
2022-10-24 08:00:00+00:00,ETHUSDT,VolatilityExpansion,1,bull,0.009488701790067111,2.0,0.006888701790067111
2022-10-24 09:00:00+00:00,ETHUSDT,VolatilityExpansion,1,bull,0.0024611129286500333,2.0,-0.0001388870713499666
2022-10-24 10:00:00+00:00,ETHUSDT,VolatilityExpansion,1,bull,-0.0027862997050671634,2.0,-0.005386299705067163
2022-10-24 11:00:00+00:00,ETHUSDT,VolatilityExpansion,1,bull,-0.007231053604436211,2.0,-0.00983105360443621
2022-10-25 17:00:00+00:00,ETHUSDT,VolatilityExpansion,1,bull,0.0014444234455575078,2.0,-0.001155576554442492
2022-10-25 18:00:00+00:00,ETHUSDT,VolatilityExpansion,1,bull,0.0017399567687665929,2.0,-0.000860043231233407
2022-10-25 19:00:00+00:00,ETHUSDT,VolatilityExpansion,1,bull,0.014594971131562273,2.0,0.011994971131562273
2022-10-25 20:00:00+00:00,ETHUSDT,VolatilityExpansion,1,bull,0.042576152467828754,2.0,0.039976152467828756
2022-10-25 21:00:00+00:00,ETHUSDT,VolatilityExpansion,1,bull,0.032723149198120804,2.0,0.030123149198120806
2022-10-25 22:00:00+00:00,ETHUSDT,VolatilityExpansion,1,bull,0.05497227711901642,2.0,0.052372277119016424
2022-10-25 23:00:00+00:00,ETHUSDT,VolatilityExpansion,1,bull,0.047245389565443885,2.0,0.04464538956544389
2022-10-26 00:00:00+00:00,ETHUSDT,VolatilityExpansion,1,bull,0.03562012448696672,2.0,0.03302012448696672
2022-10-26 01:00:00+00:00,ETHUSDT,VolatilityExpansion,1,bull,0.032847035928345925,2.0,0.030247035928345926
2022-10-26 02:00:00+00:00,ETHUSDT,VolatilityExpansion,1,bull,0.06016916052741439,2.0,0.05756916052741439
2022-10-26 03:00:00+00:00,ETHUSDT,VolatilityExpansion,1,bull,0.054475100942126486,2.0,0.05187510094212649
2022-10-26 04:00:00+00:00,ETHUSDT,VolatilityExpansion,1,bull,0.04545761749638433,2.0,0.04285761749638433
2022-10-26 05:00:00+00:00,ETHUSDT,VolatilityExpansion,1,bull,0.05228819842286181,2.0,0.04968819842286181
2022-10-26 06:00:00+00:00,ETHUSDT,VolatilityExpansion,1,bull,0.037564299552408364,2.0,0.034964299552408366
2022-10-26 07:00:00+00:00,ETHUSDT,VolatilityExpansion,1,bull,0.03250765818104995,2.0,0.02990765818104995
2022-10-26 08:00:00+00:00,ETHUSDT,VolatilityExpansion,1,bull,0.010656719527120329,2.0,0.008056719527120329
2022-11-03 03:00:00+00:00,ETHUSDT,VolatilityExpansion,1,range,-0.00297445845457478,2.0,-0.00557445845457478
2022-11-03 04:00:00+00:00,ETHUSDT,VolatilityExpansion,1,range,-0.004141840316918444,2.0,-0.0067418403169184436
2022-11-03 05:00:00+00:00,ETHUSDT,VolatilityExpansion,1,range,-0.007060188916470533,2.0,-0.009660188916470533
2022-11-08 16:00:00+00:00,ETHUSDT,VolatilityExpansion,1,bear,-0.1566243229426192,2.0,-0.15922432294261918
2022-11-14 09:00:00+00:00,ETHUSDT,VolatilityExpansion,1,bear,-0.0236793736423746,2.0,-0.0262793736423746
2022-11-14 13:00:00+00:00,ETHUSDT,VolatilityExpansion,1,bear,-0.0004609796612595751,2.0,-0.003060979661259575
2022-11-14 14:00:00+00:00,ETHUSDT,VolatilityExpansion,1,bear,0.006002813569076393,2.0,0.003402813569076393
2022-12-13 13:00:00+00:00,ETHUSDT,VolatilityExpansion,1,bull,-0.012200409670618972,2.0,-0.014800409670618972
2022-12-13 14:00:00+00:00,ETHUSDT,VolatilityExpansion,1,bull,-0.009403729971105834,2.0,-0.012003729971105834
2022-12-13 15:00:00+00:00,ETHUSDT,VolatilityExpansion,1,bull,-0.0029758308157099567,2.0,-0.0055758308157099565
2022-12-13 16:00:00+00:00,ETHUSDT,VolatilityExpansion,1,bull,-0.0017704069666270028,2.0,-0.004370406966627003
2022-12-13 17:00:00+00:00,ETHUSDT,VolatilityExpansion,1,bull,0.009936862703132432,2.0,0.007336862703132432
2022-12-13 18:00:00+00:00,ETHUSDT,VolatilityExpansion,1,bull,0.004694086817819354,2.0,0.002094086817819354
2022-12-13 19:00:00+00:00,ETHUSDT,VolatilityExpansion,1,bull,0.004807144647210215,2.0,0.0022071446472102154
2022-12-13 20:00:00+00:00,ETHUSDT,VolatilityExpansion,1,bull,0.004565621326457103,2.0,0.0019656213264571034
2022-12-13 21:00:00+00:00,ETHUSDT,VolatilityExpansion,1,bull,0.0015224735271393008,2.0,-0.001077526472860699
2022-12-13 22:00:00+00:00,ETHUSDT,VolatilityExpansion,1,bull,0.002650591460551688,2.0,5.0591460551687936e-05
2022-12-13 23:00:00+00:00,ETHUSDT,VolatilityExpansion,1,bull,0.004503993035842813,2.0,0.0019039930358428128
2022-12-14 00:00:00+00:00,ETHUSDT,VolatilityExpansion,1,bull,0.005575464936436569,2.0,0.0029754649364365695
2022-12-14 01:00:00+00:00,ETHUSDT,VolatilityExpansion,1,bull,0.005365765056684957,2.0,0.002765765056684957
2022-12-20 01:00:00+00:00,ETHUSDT,VolatilityExpansion,1,bear,0.02094143653867242,2.0,0.018341436538672422
2022-12-20 02:00:00+00:00,ETHUSDT,VolatilityExpansion,1,bear,0.021243227830054057,2.0,0.01864322783005406
2022-12-20 03:00:00+00:00,ETHUSDT,VolatilityExpansion,1,bear,0.020631790913286263,2.0,0.018031790913286265
2022-12-20 04:00:00+00:00,ETHUSDT,VolatilityExpansion,1,bear,0.002450310841797698,2.0,-0.00014968915820230168
2022-12-20 05:00:00+00:00,ETHUSDT,VolatilityExpansion,1,bear,0.0033029801324502284,2.0,0.0007029801324502285
2022-12-20 06:00:00+00:00,ETHUSDT,VolatilityExpansion,1,range,0.001410437235542794,2.0,-0.0011895627644572058
2022-12-20 07:00:00+00:00,ETHUSDT,VolatilityExpansion,1,range,0.006813083106368634,2.0,0.004213083106368634
2022-12-20 08:00:00+00:00,ETHUSDT,VolatilityExpansion,1,range,0.0013133657682362632,2.0,-0.0012866342317637367
2022-12-20 09:00:00+00:00,ETHUSDT,VolatilityExpansion,1,range,0.004362482649216792,2.0,0.0017624826492167924
2022-12-20 11:00:00+00:00,ETHUSDT,VolatilityExpansion,1,range,0.0036226502285818807,2.0,0.0010226502285818808
2022-12-22 20:00:00+00:00,ETHUSDT,VolatilityExpansion,1,bear,0.0008957922419461362,2.0,-0.0017042077580538637
2022-12-22 21:00:00+00:00,ETHUSDT,VolatilityExpansion,1,bear,0.0034003803815343403,2.0,0.0008003803815343404
2022-12-22 22:00:00+00:00,ETHUSDT,VolatilityExpansion,1,bear,0.006805408118761402,2.0,0.0042054081187614025
2022-12-23 02:00:00+00:00,ETHUSDT,VolatilityExpansion,1,bear,-0.007671380603416433,2.0,-0.010271380603416433
2022-12-23 03:00:00+00:00,ETHUSDT,VolatilityExpansion,1,range,-0.00405420869366202,2.0,-0.00665420869366202
2022-12-25 21:00:00+00:00,ETHUSDT,VolatilityExpansion,1,bear,0.00036115899203803536,2.0,-0.0022388410079619645
2022-12-25 22:00:00+00:00,ETHUSDT,VolatilityExpansion,1,bear,0.001043652619814539,2.0,-0.0015563473801854608
2022-12-25 23:00:00+00:00,ETHUSDT,VolatilityExpansion,1,bear,0.0016338661871804216,2.0,-0.0009661338128195782
2022-12-26 00:00:00+00:00,ETHUSDT,VolatilityExpansion,1,bear,0.0008292554763702498,2.0,-0.0017707445236297501
2022-12-26 01:00:00+00:00,ETHUSDT,VolatilityExpansion,1,bear,-0.0045783645655878,2.0,-0.0071783645655878
2022-12-26 02:00:00+00:00,ETHUSDT,VolatilityExpansion,1,bear,-0.0041424478100695605,2.0,-0.00674244781006956
2022-12-26 03:00:00+00:00,ETHUSDT,VolatilityExpansion,1,bear,-0.004793156846840119,2.0,-0.0073931568468401185
2022-12-26 04:00:00+00:00,ETHUSDT,VolatilityExpansion,1,bear,-0.0029599383414505853,2.0,-0.005559938341450585
2022-12-26 05:00:00+00:00,ETHUSDT,VolatilityExpansion,1,bull,-0.004076042384279832,2.0,-0.006676042384279832
2022-07-19 00:00:00+00:00,SOLUSDT,VolatilityExpansion,1,bull,0.0647138964577656,2.0,0.061513896457765595
2022-07-19 01:00:00+00:00,SOLUSDT,VolatilityExpansion,1,bull,0.08819444444444424,2.0,0.08499444444444425
2022-07-19 02:00:00+00:00,SOLUSDT,VolatilityExpansion,1,bull,0.07857638086434005,2.0,0.07537638086434005
2022-07-19 03:00:00+00:00,SOLUSDT,VolatilityExpansion,1,bull,0.08232558139534873,2.0,0.07912558139534874
2022-07-19 04:00:00+00:00,SOLUSDT,VolatilityExpansion,1,bull,0.07368907368907363,2.0,0.07048907368907363
2022-07-19 05:00:00+00:00,SOLUSDT,VolatilityExpansion,1,bull,0.06723267553923828,2.0,0.06403267553923829
2022-07-19 06:00:00+00:00,SOLUSDT,VolatilityExpansion,1,bull,0.0714285714285714,2.0,0.0682285714285714
2022-07-19 07:00:00+00:00,SOLUSDT,VolatilityExpansion,1,bull,0.04462847941108805,2.0,0.04142847941108805
2022-07-19 08:00:00+00:00,SOLUSDT,VolatilityExpansion,1,bull,0.019519856405654012,2.0,0.01631985640565401
2022-07-19 09:00:00+00:00,SOLUSDT,VolatilityExpansion,1,bull,0.03442844284428448,2.0,0.031228442844284478
2022-07-19 10:00:00+00:00,SOLUSDT,VolatilityExpansion,1,bull,-0.001985002205558084,2.0,-0.005185002205558084
2022-07-19 11:00:00+00:00,SOLUSDT,VolatilityExpansion,1,bull,-0.014931927975406212,2.0,-0.018131927975406213
2022-07-19 12:00:00+00:00,SOLUSDT,VolatilityExpansion,1,bull,-0.05482081911262804,2.0,-0.05802081911262804
2022-07-28 20:00:00+00:00,SOLUSDT,VolatilityExpansion,1,bull,-0.025091240875912413,2.0,-0.028291240875912414
2022-07-28 21:00:00+00:00,SOLUSDT,VolatilityExpansion,1,bull,-0.004609356994699332,2.0,-0.0078093569946993315
2022-07-28 22:00:00+00:00,SOLUSDT,VolatilityExpansion,1,bull,-0.007159353348729636,2.0,-0.010359353348729635
2022-07-28 23:00:00+00:00,SOLUSDT,VolatilityExpansion,1,bull,-0.023304591004427833,2.0,-0.026504591004427834
2022-07-29 00:00:00+00:00,SOLUSDT,VolatilityExpansion,1,bull,-0.032851817334576094,2.0,-0.036051817334576096
2022-09-06 01:00:00+00:00,SOLUSDT,VolatilityExpansion,1,range,0.006148170919151319,2.0,0.002948170919151319
2022-09-06 02:00:00+00:00,SOLUSDT,VolatilityExpansion,1,range,0.004268292682926944,2.0,0.001068292682926944
2022-09-06 03:00:00+00:00,SOLUSDT,VolatilityExpansion,1,range,0.03209046454767739,2.0,0.028890464547677387
2022-09-06 04:00:00+00:00,SOLUSDT,VolatilityExpansion,1,range,0.02889640332001231,2.0,0.025696403320012308
2022-09-06 05:00:00+00:00,SOLUSDT,VolatilityExpansion,1,range,-0.042287800425920175,2.0,-0.045487800425920176
2022-09-06 06:00:00+00:00,SOLUSDT,VolatilityExpansion,1,range,-0.06656580937972756,2.0,-0.06976580937972755
2022-09-06 07:00:00+00:00,SOLUSDT,VolatilityExpansion,1,range,-0.05946601941747576,2.0,-0.06266601941747575
2022-09-06 08:00:00+00:00,SOLUSDT,VolatilityExpansion,1,range,-0.05830815709969783,2.0,-0.061508157099697834
2022-09-06 09:00:00+00:00,SOLUSDT,VolatilityExpansion,1,bull,-0.05670103092783496,2.0,-0.05990103092783496
2022-09-06 10:00:00+00:00,SOLUSDT,VolatilityExpansion,1,bull,-0.05782621858916137,2.0,-0.06102621858916137
2022-09-06 11:00:00+00:00,SOLUSDT,VolatilityExpansion,1,bull,-0.07074051776038526,2.0,-0.07394051776038525
2022-09-06 12:00:00+00:00,SOLUSDT,VolatilityExpansion,1,bull,-0.055302339714372484,2.0,-0.058502339714372485
2022-09-06 13:00:00+00:00,SOLUSDT,VolatilityExpansion,1,bull,-0.056217537427436515,2.0,-0.059417537427436516
2022-09-12 01:00:00+00:00,SOLUSDT,VolatilityExpansion,1,bull,0.06168015629360868,2.0,0.05848015629360868
2022-09-12 02:00:00+00:00,SOLUSDT,VolatilityExpansion,1,bull,0.07395773843517972,2.0,0.07075773843517973
2022-09-12 07:00:00+00:00,SOLUSDT,VolatilityExpansion,1,bull,0.06121297602256681,2.0,0.05801297602256681
2022-09-12 08:00:00+00:00,SOLUSDT,VolatilityExpansion,1,bull,0.046576102023842436,2.0,0.043376102023842435
2022-09-12 09:00:00+00:00,SOLUSDT,VolatilityExpansion,1,bull,-0.0005344735435597325,2.0,-0.0037344735435597327
2022-09-12 10:00:00+00:00,SOLUSDT,VolatilityExpansion,1,bull,-0.018698972873321118,2.0,-0.02189897287332112
2022-09-12 11:00:00+00:00,SOLUSDT,VolatilityExpansion,1,bull,-0.0071618037135279256,2.0,-0.010361803713527925
2022-09-12 12:00:00+00:00,SOLUSDT,VolatilityExpansion,1,bull,-0.023727919852359558,2.0,-0.02692791985235956
2022-09-12 13:00:00+00:00,SOLUSDT,VolatilityExpansion,1,bull,-0.023133543638275578,2.0,-0.02633354363827558
2022-09-12 14:00:00+00:00,SOLUSDT,VolatilityExpansion,1,bull,0.0074428495481126955,2.0,0.004242849548112696
2022-09-12 15:00:00+00:00,SOLUSDT,VolatilityExpansion,1,bull,0.04334948842218633,2.0,0.04014948842218633
2022-09-21 18:00:00+00:00,SOLUSDT,VolatilityExpansion,1,bear,-0.05269533615990318,2.0,-0.055895336159903185
2022-10-13 16:00:00+00:00,SOLUSDT,VolatilityExpansion,1,bear,0.05661005661005669,2.0,0.05341005661005669
2022-10-13 17:00:00+00:00,SOLUSDT,VolatilityExpansion,1,bear,0.05072944297082227,2.0,0.04752944297082227
2022-10-13 18:00:00+00:00,SOLUSDT,VolatilityExpansion,1,bear,0.03141361256544495,2.0,0.028213612565444947
2022-10-13 19:00:00+00:00,SOLUSDT,VolatilityExpansion,1,bear,0.025196335078534027,2.0,0.021996335078534025
2022-10-13 20:00:00+00:00,SOLUSDT,VolatilityExpansion,1,bear,0.02419091206276547,2.0,0.020990912062765467
2022-10-13 21:00:00+00:00,SOLUSDT,VolatilityExpansion,1,bear,0.0224609375,2.0,0.0192609375
2022-10-13 22:00:00+00:00,SOLUSDT,VolatilityExpansion,1,bear,0.023521724926494514,2.0,0.020321724926494512
2022-10-13 23:00:00+00:00,SOLUSDT,VolatilityExpansion,1,bear,0.02462245567957977,2.0,0.021422455679579767
2022-10-14 00:00:00+00:00,SOLUSDT,VolatilityExpansion,1,bear,0.032258064516129004,2.0,0.029058064516129002
2022-10-14 01:00:00+00:00,SOLUSDT,VolatilityExpansion,1,bear,-0.004423380726698123,2.0,-0.007623380726698123
2022-10-25 17:00:00+00:00,SOLUSDT,VolatilityExpansion,1,range,-0.03144458281444573,2.0,-0.03464458281444573
2022-10-25 18:00:00+00:00,SOLUSDT,VolatilityExpansion,1,range,-0.013607594936708822,2.0,-0.016807594936708824
2022-10-25 19:00:00+00:00,SOLUSDT,VolatilityExpansion,1,range,-0.005714285714285672,2.0,-0.008914285714285671
2022-10-25 20:00:00+00:00,SOLUSDT,VolatilityExpansion,1,range,0.01809369951534734,2.0,0.01489369951534734
2022-10-25 21:00:00+00:00,SOLUSDT,VolatilityExpansion,1,bull,0.008980115458627314,2.0,0.005780115458627314
2022-10-25 22:00:00+00:00,SOLUSDT,VolatilityExpansion,1,bull,0.01904454486765661,2.0,0.01584454486765661
2022-10-25 23:00:00+00:00,SOLUSDT,VolatilityExpansion,1,bull,0.01264181523500807,2.0,0.00944181523500807
2022-10-26 00:00:00+00:00,SOLUSDT,VolatilityExpansion,1,bull,-0.006732927220262974,2.0,-0.009932927220262974
2022-10-26 01:00:00+00:00,SOLUSDT,VolatilityExpansion,1,bull,-0.005138086062941527,2.0,-0.008338086062941527
2022-10-26 02:00:00+00:00,SOLUSDT,VolatilityExpansion,1,bull,0.007035497281739689,2.0,0.0038354972817396886
2022-10-26 03:00:00+00:00,SOLUSDT,VolatilityExpansion,1,bull,0.009646302250803762,2.0,0.006446302250803762
2022-10-26 04:00:00+00:00,SOLUSDT,VolatilityExpansion,1,bull,0.0006428801028608433,2.0,-0.002557119897139157
2022-10-26 05:00:00+00:00,SOLUSDT,VolatilityExpansion,1,bull,0.006107360977177789,2.0,0.002907360977177789
2022-11-03 01:00:00+00:00,SOLUSDT,VolatilityExpansion,1,range,-0.010233450591621396,2.0,-0.013433450591621396
2022-11-03 02:00:00+00:00,SOLUSDT,VolatilityExpansion,1,range,0.0015898251192369983,2.0,-0.0016101748807630018
2022-11-03 03:00:00+00:00,SOLUSDT,VolatilityExpansion,1,range,-0.014226999683844443,2.0,-0.017426999683844445
2022-11-03 04:00:00+00:00,SOLUSDT,VolatilityExpansion,1,range,-0.015693659761456424,2.0,-0.018893659761456426
2022-11-03 05:00:00+00:00,SOLUSDT,VolatilityExpansion,1,range,-0.025000000000000022,2.0,-0.028200000000000024
2022-11-03 06:00:00+00:00,SOLUSDT,VolatilityExpansion,1,range,-0.012306721363206097,2.0,-0.015506721363206096
2022-11-03 07:00:00+00:00,SOLUSDT,VolatilityExpansion,1,range,-0.010752688172043001,2.0,-0.013952688172043001
2022-11-05 16:00:00+00:00,SOLUSDT,VolatilityExpansion,1,bull,-0.04270557029177713,2.0,-0.04590557029177713
2022-11-05 17:00:00+00:00,SOLUSDT,VolatilityExpansion,1,bull,-0.03419267299864315,2.0,-0.03739267299864315
2022-11-05 18:00:00+00:00,SOLUSDT,VolatilityExpansion,1,bull,-0.002780867630700845,2.0,-0.005980867630700845
2022-11-05 19:00:00+00:00,SOLUSDT,VolatilityExpansion,1,bull,-0.024561403508771895,2.0,-0.027761403508771897
2022-11-05 20:00:00+00:00,SOLUSDT,VolatilityExpansion,1,bull,-0.013079019073569564,2.0,-0.016279019073569566
2022-11-05 21:00:00+00:00,SOLUSDT,VolatilityExpansion,1,bull,-0.024317751958929934,2.0,-0.027517751958929935
2022-11-05 22:00:00+00:00,SOLUSDT,VolatilityExpansion,1,bull,-0.021115322144017346,2.0,-0.024315322144017347
2022-11-05 23:00:00+00:00,SOLUSDT,VolatilityExpansion,1,bull,-0.030902683654106866,2.0,-0.03410268365410687
2022-11-06 00:00:00+00:00,SOLUSDT,VolatilityExpansion,1,bull,-0.020312928904748895,2.0,-0.023512928904748896
2022-11-06 03:00:00+00:00,SOLUSDT,VolatilityExpansion,1,bull,-0.026944444444444438,2.0,-0.03014444444444444
2022-11-06 04:00:00+00:00,SOLUSDT,VolatilityExpansion,1,bull,-0.029925187032419087,2.0,-0.03312518703241909
2022-11-08 16:00:00+00:00,SOLUSDT,VolatilityExpansion,1,bear,-0.2837512882171075,2.0,-0.28695128821710747
2022-11-14 06:00:00+00:00,SOLUSDT,VolatilityExpansion,1,bear,-0.041723853966511015,2.0,-0.04492385396651102
2022-11-14 07:00:00+00:00,SOLUSDT,VolatilityExpansion,1,bear,-0.05325158445852851,2.0,-0.05645158445852851
2022-11-14 08:00:00+00:00,SOLUSDT,VolatilityExpansion,1,bear,-0.04240549828178697,2.0,-0.04560549828178697
2022-11-14 09:00:00+00:00,SOLUSDT,VolatilityExpansion,1,bear,-0.035330793210945566,2.0,-0.03853079321094557
2022-11-14 10:00:00+00:00,SOLUSDT,VolatilityExpansion,1,bear,-0.04990655499411634,2.0,-0.05310655499411634
2022-11-14 11:00:00+00:00,SOLUSDT,VolatilityExpansion,1,bear,-0.014085498978801292,2.0,-0.017285498978801293
2022-11-14 12:00:00+00:00,SOLUSDT,VolatilityExpansion,1,bear,-0.038219641993226805,2.0,-0.041419641993226806
2022-11-14 13:00:00+00:00,SOLUSDT,VolatilityExpansion,1,bear,-0.021739130434782594,2.0,-0.024939130434782596
2022-11-14 14:00:00+00:00,SOLUSDT,VolatilityExpansion,1,bear,0.004744370485766813,2.0,0.0015443704857668133
2022-12-05 03:00:00+00:00,SOLUSDT,VolatilityExpansion,1,range,-0.010864090941794413,2.0,-0.014064090941794413
2022-12-05 04:00:00+00:00,SOLUSDT,VolatilityExpansion,1,range,-0.014542589010674067,2.0,-0.01774258901067407
2022-12-05 05:00:00+00:00,SOLUSDT,VolatilityExpansion,1,range,-0.006859102600743072,2.0,-0.010059102600743072
2022-12-05 06:00:00+00:00,SOLUSDT,VolatilityExpansion,1,range,-0.0010077017202908545,2.0,-0.004207701720290854
2022-12-05 07:00:00+00:00,SOLUSDT,VolatilityExpansion,1,range,-0.018234027279253384,2.0,-0.021434027279253386
2022-12-05 08:00:00+00:00,SOLUSDT,VolatilityExpansion,1,bull,-0.021536047921272172,2.0,-0.024736047921272174
2022-12-05 09:00:00+00:00,SOLUSDT,VolatilityExpansion,1,bull,-0.002142092109960858,2.0,-0.005342092109960858
2022-12-05 10:00:00+00:00,SOLUSDT,VolatilityExpansion,1,bull,-0.013807829181494702,2.0,-0.017007829181494703
2022-12-05 11:00:00+00:00,SOLUSDT,VolatilityExpansion,1,bull,-0.012160228898426273,2.0,-0.015360228898426273
2022-12-05 12:00:00+00:00,SOLUSDT,VolatilityExpansion,1,bull,-0.0014352350197345265,2.0,-0.004635235019734526
2022-12-05 13:00:00+00:00,SOLUSDT,VolatilityExpansion,1,bull,0.011951043916486492,2.0,0.008751043916486493
2022-12-06 03:00:00+00:00,SOLUSDT,VolatilityExpansion,1,bull,-0.012363996043521341,2.0,-0.015563996043521341
2022-12-06 04:00:00+00:00,SOLUSDT,VolatilityExpansion,1,bull,-0.006088064561800999,2.0,-0.009288064561800998
2022-12-06 05:00:00+00:00,SOLUSDT,VolatilityExpansion,1,bull,0.0018537002709253514,2.0,-0.0013462997290746488
2022-12-06 06:00:00+00:00,SOLUSDT,VolatilityExpansion,1,bull,-0.005113999573833405,2.0,-0.008313999573833405
2022-12-13 13:00:00+00:00,SOLUSDT,VolatilityExpansion,1,bear,-0.015279653187406761,2.0,-0.018479653187406762
2022-12-13 14:00:00+00:00,SOLUSDT,VolatilityExpansion,1,bear,0.0012230215827337965,2.0,-0.0019769784172662037
2022-12-13 15:00:00+00:00,SOLUSDT,VolatilityExpansion,1,range,0.016240623406889476,2.0,0.013040623406889476
2022-12-13 16:00:00+00:00,SOLUSDT,VolatilityExpansion,1,range,0.011048920549538543,2.0,0.007848920549538544
2022-12-13 17:00:00+00:00,SOLUSDT,VolatilityExpansion,1,range,0.01786896095301138,2.0,0.014668960953011382
2022-12-13 18:00:00+00:00,SOLUSDT,VolatilityExpansion,1,range,0.011774967291757532,2.0,0.008574967291757532
2022-12-13 19:00:00+00:00,SOLUSDT,VolatilityExpansion,1,range,0.00848194867333607,2.0,0.005281948673336071
2022-12-13 20:00:00+00:00,SOLUSDT,VolatilityExpansion,1,range,0.010498117578916943,2.0,0.007298117578916944
2022-12-13 21:00:00+00:00,SOLUSDT,VolatilityExpansion,1,range,0.01779876498365418,2.0,0.01459876498365418
2022-12-13 22:00:00+00:00,SOLUSDT,VolatilityExpansion,1,range,0.012470997679814522,2.0,0.009270997679814522
2022-12-14 19:00:00+00:00,SOLUSDT,VolatilityExpansion,1,bull,-0.011402588317593554,2.0,-0.014602588317593554
2022-12-14 20:00:00+00:00,SOLUSDT,VolatilityExpansion,1,bull,-0.02017311182465442,2.0,-0.023373111824654423
2022-12-14 21:00:00+00:00,SOLUSDT,VolatilityExpansion,1,bull,-0.009294849395485305,2.0,-0.012494849395485305
2022-12-14 22:00:00+00:00,SOLUSDT,VolatilityExpansion,1,bull,-0.012312671497924366,2.0,-0.015512671497924365
2022-12-15 03:00:00+00:00,SOLUSDT,VolatilityExpansion,1,bull,-0.02568207126948774,2.0,-0.02888207126948774
2022-12-15 04:00:00+00:00,SOLUSDT,VolatilityExpansion,1,bull,-0.027242246437552464,2.0,-0.030442246437552466
2022-12-20 02:00:00+00:00,SOLUSDT,VolatilityExpansion,1,bear,0.010229132569558042,2.0,0.007029132569558042
2022-12-20 03:00:00+00:00,SOLUSDT,VolatilityExpansion,1,bear,0.012148075186735552,2.0,0.008948075186735552
2022-12-20 04:00:00+00:00,SOLUSDT,VolatilityExpansion,1,bear,-0.00826245443499396,2.0,-0.01146245443499396
2022-12-20 05:00:00+00:00,SOLUSDT,VolatilityExpansion,1,bear,-0.012668507389962724,2.0,-0.015868507389962726
2022-12-20 06:00:00+00:00,SOLUSDT,VolatilityExpansion,1,bear,-0.015341138473960347,2.0,-0.01854113847396035
2022-12-27 23:00:00+00:00,SOLUSDT,VolatilityExpansion,1,bear,-0.09813294849824106,2.0,-0.10133294849824105
2022-12-29 23:00:00+00:00,SOLUSDT,VolatilityExpansion,1,bear,-0.05450384855419188,2.0,-0.05770384855419188
2022-12-30 00:00:00+00:00,SOLUSDT,VolatilityExpansion,1,bear,-0.03919384241442181,2.0,-0.04239384241442181
2022-12-30 01:00:00+00:00,SOLUSDT,VolatilityExpansion,1,bear,-0.01483710313343023,2.0,-0.01803710313343023
2022-12-30 02:00:00+00:00,SOLUSDT,VolatilityExpansion,1,bear,-0.004615061883784355,2.0,-0.007815061883784355
2022-12-30 03:00:00+00:00,SOLUSDT,VolatilityExpansion,1,bear,0.007691497207881204,2.0,0.004491497207881204
2022-12-30 04:00:00+00:00,SOLUSDT,VolatilityExpansion,1,bear,-0.0033253663098825603,2.0,-0.00652536630988256
2023-02-06 05:00:00+00:00,BTCUSDT,VolatilityExpansion,-1,bear,-0.011404556552899292,2.0,-0.013804556552899291
2023-02-13 03:00:00+00:00,BTCUSDT,VolatilityExpansion,-1,bear,0.011357329284570894,2.0,0.008957329284570895
2023-02-13 05:00:00+00:00,BTCUSDT,VolatilityExpansion,-1,bear,0.016841960541692402,2.0,0.014441960541692403
2023-02-13 08:00:00+00:00,BTCUSDT,VolatilityExpansion,-1,bear,0.0026023195187782067,2.0,0.00020231951877820687
2023-02-13 09:00:00+00:00,BTCUSDT,VolatilityExpansion,-1,bear,-0.001474112635184932,2.0,-0.003874112635184932
2023-02-13 10:00:00+00:00,BTCUSDT,VolatilityExpansion,-1,bear,-0.0019270857460507163,2.0,-0.004327085746050716
2023-02-13 11:00:00+00:00,BTCUSDT,VolatilityExpansion,-1,bear,-0.007885756092591567,2.0,-0.010285756092591566
2023-02-13 18:00:00+00:00,BTCUSDT,VolatilityExpansion,-1,bear,-0.004993365297035979,2.0,-0.007393365297035978
2023-02-13 19:00:00+00:00,BTCUSDT,VolatilityExpansion,-1,bear,-0.0075007292375648404,2.0,-0.00990072923756484
2023-02-13 21:00:00+00:00,BTCUSDT,VolatilityExpansion,-1,bear,-0.00947042459533165,2.0,-0.01187042459533165
2023-03-03 02:00:00+00:00,BTCUSDT,VolatilityExpansion,-1,bear,-0.0012401726391948475,2.0,-0.0036401726391948473
2023-03-07 18:00:00+00:00,BTCUSDT,VolatilityExpansion,-1,bear,0.007931107516076286,2.0,0.005531107516076286
2023-03-07 19:00:00+00:00,BTCUSDT,VolatilityExpansion,-1,bear,0.007066482808508634,2.0,0.004666482808508635
2023-03-07 20:00:00+00:00,BTCUSDT,VolatilityExpansion,-1,bear,0.0030525141286502633,2.0,0.0006525141286502635
2023-03-07 21:00:00+00:00,BTCUSDT,VolatilityExpansion,-1,bear,0.0019504672049350802,2.0,-0.0004495327950649196
2023-03-07 22:00:00+00:00,BTCUSDT,VolatilityExpansion,-1,bear,-6.787944610375796e-05,2.0,-0.0024678794461037577
2023-03-07 23:00:00+00:00,BTCUSDT,VolatilityExpansion,-1,bear,0.005674468497460117,2.0,0.003274468497460117
2023-03-08 00:00:00+00:00,BTCUSDT,VolatilityExpansion,-1,bear,0.0102184462744499,2.0,0.0078184462744499
2023-03-08 01:00:00+00:00,BTCUSDT,VolatilityExpansion,-1,bear,0.008157887612464165,2.0,0.005757887612464166
2023-03-08 02:00:00+00:00,BTCUSDT,VolatilityExpansion,-1,bear,0.009117978795398107,2.0,0.006717978795398108
2023-03-08 03:00:00+00:00,BTCUSDT,VolatilityExpansion,-1,bear,0.0005555103921089932,2.0,-0.0018444896078910066
2023-03-08 04:00:00+00:00,BTCUSDT,VolatilityExpansion,-1,bear,5.4217684001267585e-05,2.0,-0.002345782315998732
2023-03-09 20:00:00+00:00,BTCUSDT,VolatilityExpansion,-1,bear,0.007478356055328872,2.0,0.005078356055328873
2023-03-09 21:00:00+00:00,BTCUSDT,VolatilityExpansion,-1,bear,0.017833190621612816,2.0,0.015433190621612816
2023-03-09 22:00:00+00:00,BTCUSDT,VolatilityExpansion,-1,bear,0.03513786063900437,2.0,0.03273786063900437
2023-03-09 23:00:00+00:00,BTCUSDT,VolatilityExpansion,-1,bear,0.029407717560103075,2.0,0.027007717560103076
2023-03-10 00:00:00+00:00,BTCUSDT,VolatilityExpansion,-1,bear,0.009354113621896754,2.0,0.006954113621896754
2023-03-10 01:00:00+00:00,BTCUSDT,VolatilityExpansion,-1,bear,-0.003611868420528852,2.0,-0.006011868420528851
2023-03-10 02:00:00+00:00,BTCUSDT,VolatilityExpansion,-1,bear,0.011084149665977705,2.0,0.008684149665977706
2023-03-10 03:00:00+00:00,BTCUSDT,VolatilityExpansion,-1,bear,0.0023500531381441814,2.0,-4.9946861855818415e-05
2023-03-10 04:00:00+00:00,BTCUSDT,VolatilityExpansion,-1,bear,-0.007047287297768046,2.0,-0.009447287297768045
2023-03-10 05:00:00+00:00,BTCUSDT,VolatilityExpansion,-1,bear,0.0028430705161576197,2.0,0.00044307051615761995
2023-03-10 06:00:00+00:00,BTCUSDT,VolatilityExpansion,-1,bear,0.0014546442916537616,2.0,-0.0009453557083462382
2023-03-10 07:00:00+00:00,BTCUSDT,VolatilityExpansion,-1,bear,-0.0036253321967607555,2.0,-0.006025332196760755
2023-03-10 08:00:00+00:00,BTCUSDT,VolatilityExpansion,-1,bear,-0.0005263764744807276,2.0,-0.0029263764744807273
2023-03-10 09:00:00+00:00,BTCUSDT,VolatilityExpansion,-1,bear,-0.011368904835816096,2.0,-0.013768904835816095
2023-04-24 18:00:00+00:00,BTCUSDT,VolatilityExpansion,-1,bear,-0.0007282148489962115,2.0,-0.0031282148489962113
2023-05-08 08:00:00+00:00,BTCUSDT,VolatilityExpansion,-1,bear,0.0062114044274312885,2.0,0.0038114044274312887
2023-05-08 09:00:00+00:00,BTCUSDT,VolatilityExpansion,-1,bear,0.013218637992831517,2.0,0.010818637992831517
2023-05-08 10:00:00+00:00,BTCUSDT,VolatilityExpansion,-1,bear,0.010202912252805896,2.0,0.007802912252805896
2023-05-11 00:00:00+00:00,BTCUSDT,VolatilityExpansion,-1,bear,0.004170909090909114,2.0,0.0017709090909091142
2023-05-11 01:00:00+00:00,BTCUSDT,VolatilityExpansion,-1,bear,0.012580100568192143,2.0,0.010180100568192144
2023-05-11 02:00:00+00:00,BTCUSDT,VolatilityExpansion,-1,bear,0.013987590832054253,2.0,0.011587590832054254
2023-05-11 03:00:00+00:00,BTCUSDT,VolatilityExpansion,-1,bear,0.009797667950909528,2.0,0.007397667950909528
2023-05-11 04:00:00+00:00,BTCUSDT,VolatilityExpansion,-1,bear,0.013422354824625282,2.0,0.011022354824625283
2023-05-11 05:00:00+00:00,BTCUSDT,VolatilityExpansion,-1,bear,0.022583634678635778,2.0,0.02018363467863578
2023-05-11 06:00:00+00:00,BTCUSDT,VolatilityExpansion,-1,bear,0.019589440254935586,2.0,0.017189440254935587
2023-05-25 01:00:00+00:00,BTCUSDT,VolatilityExpansion,-1,bear,-0.008094778599764263,2.0,-0.010494778599764262
2023-05-25 02:00:00+00:00,BTCUSDT,VolatilityExpansion,-1,bear,-0.009328222468149683,2.0,-0.011728222468149682
2023-06-05 03:00:00+00:00,BTCUSDT,VolatilityExpansion,-1,bear,0.03144679867937594,2.0,0.029046798679375943
2023-06-05 04:00:00+00:00,BTCUSDT,VolatilityExpansion,-1,bear,0.03858079904591538,2.0,0.03618079904591538
2023-06-05 05:00:00+00:00,BTCUSDT,VolatilityExpansion,-1,bear,0.03976037093266582,2.0,0.03736037093266582
2023-06-05 06:00:00+00:00,BTCUSDT,VolatilityExpansion,-1,bear,0.04494256052259826,2.0,0.04254256052259826
2023-06-05 07:00:00+00:00,BTCUSDT,VolatilityExpansion,-1,bear,0.04477016465815542,2.0,0.04237016465815542
2023-06-05 08:00:00+00:00,BTCUSDT,VolatilityExpansion,-1,bear,0.04366489488772107,2.0,0.041264894887721074
2023-06-05 09:00:00+00:00,BTCUSDT,VolatilityExpansion,-1,bear,0.04207714579247224,2.0,0.03967714579247224
2023-06-05 10:00:00+00:00,BTCUSDT,VolatilityExpansion,-1,bear,0.03763557646212834,2.0,0.03523557646212834
2023-06-05 11:00:00+00:00,BTCUSDT,VolatilityExpansion,-1,bear,0.03906921472933689,2.0,0.03666921472933689
2023-06-05 15:00:00+00:00,BTCUSDT,VolatilityExpansion,-1,bear,0.0104686460012543,2.0,0.008068646001254301
2023-06-05 16:00:00+00:00,BTCUSDT,VolatilityExpansion,-1,bear,0.00045742107548218947,2.0,-0.0019425789245178103
2023-06-05 17:00:00+00:00,BTCUSDT,VolatilityExpansion,-1,bear,-0.0005166633646829233,2.0,-0.002916663364682923
2023-06-05 18:00:00+00:00,BTCUSDT,VolatilityExpansion,-1,bear,-0.007692909688527205,2.0,-0.010092909688527205
2023-06-05 19:00:00+00:00,BTCUSDT,VolatilityExpansion,-1,bear,-0.003435031071417516,2.0,-0.005835031071417515
2023-06-05 20:00:00+00:00,BTCUSDT,VolatilityExpansion,-1,bear,-0.002638491532237497,2.0,-0.005038491532237496
2023-06-05 21:00:00+00:00,BTCUSDT,VolatilityExpansion,-1,bear,-0.003868773692338845,2.0,-0.006268773692338844
2023-06-05 22:00:00+00:00,BTCUSDT,VolatilityExpansion,-1,bear,-0.0013270599589816356,2.0,-0.0037270599589816354
2023-06-05 23:00:00+00:00,BTCUSDT,VolatilityExpansion,-1,bear,0.0015010927644216743,2.0,-0.0008989072355783255
2023-06-06 00:00:00+00:00,BTCUSDT,VolatilityExpansion,-1,bear,0.0060282251783544405,2.0,0.0036282251783544407
2023-06-06 01:00:00+00:00,BTCUSDT,VolatilityExpansion,-1,bear,-0.003527171707712995,2.0,-0.005927171707712994
2023-06-06 02:00:00+00:00,BTCUSDT,VolatilityExpansion,-1,bear,-0.010150352583020217,2.0,-0.012550352583020216
2023-06-06 03:00:00+00:00,BTCUSDT,VolatilityExpansion,-1,bear,-0.012885014657967764,2.0,-0.015285014657967763
2023-06-06 04:00:00+00:00,BTCUSDT,VolatilityExpansion,-1,bear,-0.02233469071165417,2.0,-0.02473469071165417
2023-06-10 18:00:00+00:00,BTCUSDT,VolatilityExpansion,-1,bear,-0.009639677397874635,2.0,-0.012039677397874635
2023-06-10 19:00:00+00:00,BTCUSDT,VolatilityExpansion,-1,bear,0.0003962981094248752,2.0,-0.0020037018905751246
2023-06-10 20:00:00+00:00,BTCUSDT,VolatilityExpansion,-1,bear,0.0005205743411237362,2.0,-0.0018794256588762636
2023-06-14 21:00:00+00:00,BTCUSDT,VolatilityExpansion,-1,bear,0.006723813772664955,2.0,0.004323813772664956
2023-06-14 22:00:00+00:00,BTCUSDT,VolatilityExpansion,-1,bear,0.0043405102297752185,2.0,0.0019405102297752187
2023-06-14 23:00:00+00:00,BTCUSDT,VolatilityExpansion,-1,bear,0.004335898773287106,2.0,0.001935898773287106
2023-06-15 00:00:00+00:00,BTCUSDT,VolatilityExpansion,-1,bear,0.009883501696866248,2.0,0.007483501696866249
2023-06-15 01:00:00+00:00,BTCUSDT,VolatilityExpansion,-1,bear,0.00034725409819713615,2.0,-0.0020527459018028636
2023-06-15 02:00:00+00:00,BTCUSDT,VolatilityExpansion,-1,bear,0.002684301423517277,2.0,0.00028430142351727706
2023-06-15 03:00:00+00:00,BTCUSDT,VolatilityExpansion,-1,bear,0.004246691252773882,2.0,0.0018466912527738823
2023-06-15 04:00:00+00:00,BTCUSDT,VolatilityExpansion,-1,bear,0.0009913694890051339,2.0,-0.001408630510994866
2023-06-15 05:00:00+00:00,BTCUSDT,VolatilityExpansion,-1,bear,-0.004632460799948834,2.0,-0.007032460799948834
2023-06-15 06:00:00+00:00,BTCUSDT,VolatilityExpansion,-1,bear,-0.01869777745671697,2.0,-0.021097777456716968
2023-06-15 07:00:00+00:00,BTCUSDT,VolatilityExpansion,-1,bear,-0.018755055136018273,2.0,-0.021155055136018272
2023-02-10 00:00:00+00:00,ETHUSDT,VolatilityExpansion,-1,bear,0.00928270587323321,2.0,0.00668270587323321
2023-02-10 01:00:00+00:00,ETHUSDT,VolatilityExpansion,-1,bear,0.007823241223059219,2.0,0.005223241223059219
2023-02-13 09:00:00+00:00,ETHUSDT,VolatilityExpansion,-1,bear,-0.0018491897984114214,2.0,-0.004449189798411421
2023-02-13 10:00:00+00:00,ETHUSDT,VolatilityExpansion,-1,bear,-0.005821915497898678,2.0,-0.008421915497898677
2023-02-13 11:00:00+00:00,ETHUSDT,VolatilityExpansion,-1,bear,-0.012923636118870485,2.0,-0.015523636118870485
2023-02-13 12:00:00+00:00,ETHUSDT,VolatilityExpansion,-1,bear,-0.008971565383477209,2.0,-0.011571565383477209
2023-02-13 13:00:00+00:00,ETHUSDT,VolatilityExpansion,-1,bear,-0.014178109540277317,2.0,-0.016778109540277315
2023-02-13 18:00:00+00:00,ETHUSDT,VolatilityExpansion,-1,bear,-0.010059672607047876,2.0,-0.012659672607047876
2023-02-13 19:00:00+00:00,ETHUSDT,VolatilityExpansion,-1,bear,-0.01020702613830804,2.0,-0.01280702613830804
2023-02-13 20:00:00+00:00,ETHUSDT,VolatilityExpansion,-1,bear,-0.006579256859832849,2.0,-0.00917925685983285
2023-02-13 21:00:00+00:00,ETHUSDT,VolatilityExpansion,-1,bear,-0.01822872809824383,2.0,-0.020828728098243827
2023-03-07 21:00:00+00:00,ETHUSDT,VolatilityExpansion,-1,bear,-0.0033936359647990244,2.0,-0.005993635964799024
2023-03-07 22:00:00+00:00,ETHUSDT,VolatilityExpansion,-1,bear,-0.0034969763712591195,2.0,-0.006096976371259119
2023-03-09 20:00:00+00:00,ETHUSDT,VolatilityExpansion,-1,bear,0.003633298865390988,2.0,0.0010332988653909882
2023-03-09 21:00:00+00:00,ETHUSDT,VolatilityExpansion,-1,bear,0.024377803552214306,2.0,0.021777803552214307
2023-03-09 22:00:00+00:00,ETHUSDT,VolatilityExpansion,-1,bear,0.036765168076323906,2.0,0.03416516807632391
2023-03-09 23:00:00+00:00,ETHUSDT,VolatilityExpansion,-1,bear,0.03659096921513216,2.0,0.033990969215132165
2023-03-10 00:00:00+00:00,ETHUSDT,VolatilityExpansion,-1,bear,0.021096424762866883,2.0,0.018496424762866885
2023-03-10 01:00:00+00:00,ETHUSDT,VolatilityExpansion,-1,bear,0.003701578593819921,2.0,0.001101578593819921
2023-03-10 02:00:00+00:00,ETHUSDT,VolatilityExpansion,-1,bear,0.017210532593366912,2.0,0.014610532593366912
2023-03-10 03:00:00+00:00,ETHUSDT,VolatilityExpansion,-1,bear,0.006495146175859889,2.0,0.0038951461758598895
2023-03-10 04:00:00+00:00,ETHUSDT,VolatilityExpansion,-1,bear,0.00045227764193733755,2.0,-0.0021477223580626623
2023-03-10 05:00:00+00:00,ETHUSDT,VolatilityExpansion,-1,bear,0.008946686203787246,2.0,0.0063466862037872464
2023-03-10 06:00:00+00:00,ETHUSDT,VolatilityExpansion,-1,bear,0.0021121652182570783,2.0,-0.0004878347817429216
2023-03-10 07:00:00+00:00,ETHUSDT,VolatilityExpansion,-1,bear,-0.008027490435029039,2.0,-0.010627490435029039
2023-03-10 08:00:00+00:00,ETHUSDT,VolatilityExpansion,-1,bear,-0.007485019298981266,2.0,-0.010085019298981266
2023-03-10 09:00:00+00:00,ETHUSDT,VolatilityExpansion,-1,bear,-0.01985934456285099,2.0,-0.022459344562850987
2023-03-10 14:00:00+00:00,ETHUSDT,VolatilityExpansion,-1,bear,-0.0450537918430578,2.0,-0.0476537918430578
2023-03-10 15:00:00+00:00,ETHUSDT,VolatilityExpansion,-1,bear,-0.029037997204218957,2.0,-0.031637997204218955
2023-03-10 16:00:00+00:00,ETHUSDT,VolatilityExpansion,-1,bear,-0.03167376026922697,2.0,-0.03427376026922697
2023-03-10 17:00:00+00:00,ETHUSDT,VolatilityExpansion,-1,bear,-0.038874909370068655,2.0,-0.041474909370068654
2023-03-10 18:00:00+00:00,ETHUSDT,VolatilityExpansion,-1,bear,-0.03787851792726449,2.0,-0.040478517927264486
2023-03-10 20:00:00+00:00,ETHUSDT,VolatilityExpansion,-1,bear,-0.011309998377230457,2.0,-0.013909998377230457
2023-04-24 18:00:00+00:00,ETHUSDT,VolatilityExpansion,-1,bear,0.004703324556707522,2.0,0.0021033245567075223
2023-05-01 01:00:00+00:00,ETHUSDT,VolatilityExpansion,-1,bear,-0.0031773021816021707,2.0,-0.005777302181602171
2023-05-01 02:00:00+00:00,ETHUSDT,VolatilityExpansion,-1,bear,0.00042315871706954944,2.0,-0.0021768412829304504
2023-05-01 03:00:00+00:00,ETHUSDT,VolatilityExpansion,-1,bear,0.006961223008331907,2.0,0.004361223008331907
2023-05-01 04:00:00+00:00,ETHUSDT,VolatilityExpansion,-1,bear,0.004039419536495559,2.0,0.0014394195364955589
2023-05-01 05:00:00+00:00,ETHUSDT,VolatilityExpansion,-1,bear,0.0037276234233454275,2.0,0.0011276234233454276
2023-05-01 06:00:00+00:00,ETHUSDT,VolatilityExpansion,-1,bear,0.009324866671714949,2.0,0.006724866671714949
2023-05-01 07:00:00+00:00,ETHUSDT,VolatilityExpansion,-1,bear,0.019648150953194943,2.0,0.017048150953194945
2023-05-01 08:00:00+00:00,ETHUSDT,VolatilityExpansion,-1,bear,0.021794559480308617,2.0,0.01919455948030862
2023-05-11 00:00:00+00:00,ETHUSDT,VolatilityExpansion,-1,bear,0.00663177790645586,2.0,0.00403177790645586
2023-05-11 01:00:00+00:00,ETHUSDT,VolatilityExpansion,-1,bear,0.014863523843796633,2.0,0.012263523843796633
2023-05-11 02:00:00+00:00,ETHUSDT,VolatilityExpansion,-1,bear,0.018630624532596785,2.0,0.016030624532596786
2023-05-11 03:00:00+00:00,ETHUSDT,VolatilityExpansion,-1,bear,0.010774528751238743,2.0,0.008174528751238743
2023-05-25 01:00:00+00:00,ETHUSDT,VolatilityExpansion,-1,bear,-0.012763202342078506,2.0,-0.015363202342078506
2023-05-25 02:00:00+00:00,ETHUSDT,VolatilityExpansion,-1,bear,-0.01114740090730737,2.0,-0.01374740090730737
2023-06-05 18:00:00+00:00,ETHUSDT,VolatilityExpansion,-1,bear,-0.003310616671556854,2.0,-0.005910616671556854
2023-06-05 19:00:00+00:00,ETHUSDT,VolatilityExpansion,-1,bear,-0.0037552340651794136,2.0,-0.0063552340651794135
2023-06-05 20:00:00+00:00,ETHUSDT,VolatilityExpansion,-1,bear,-0.006292550950258269,2.0,-0.008892550950258269
2023-06-05 21:00:00+00:00,ETHUSDT,VolatilityExpansion,-1,bear,-0.005319207819955096,2.0,-0.007919207819955096
2023-06-05 22:00:00+00:00,ETHUSDT,VolatilityExpansion,-1,bear,-0.0063953134257284106,2.0,-0.00899531342572841
2023-06-05 23:00:00+00:00,ETHUSDT,VolatilityExpansion,-1,bear,-0.0015027375236875695,2.0,-0.004102737523687569
2023-06-06 00:00:00+00:00,ETHUSDT,VolatilityExpansion,-1,bear,0.0030164245976718185,2.0,0.0004164245976718186
2023-06-06 01:00:00+00:00,ETHUSDT,VolatilityExpansion,-1,bear,-0.0068392932360830105,2.0,-0.00943929323608301
2023-06-06 02:00:00+00:00,ETHUSDT,VolatilityExpansion,-1,bear,-0.013952025774560894,2.0,-0.016552025774560893
2023-06-06 03:00:00+00:00,ETHUSDT,VolatilityExpansion,-1,bear,-0.016881947857588786,2.0,-0.019481947857588784
2023-06-06 04:00:00+00:00,ETHUSDT,VolatilityExpansion,-1,bear,-0.0250653459898198,2.0,-0.027665345989819796
2023-06-10 05:00:00+00:00,ETHUSDT,VolatilityExpansion,-1,bear,-0.005221842613435168,2.0,-0.007821842613435168
2023-06-10 06:00:00+00:00,ETHUSDT,VolatilityExpansion,-1,bear,0.006229743295568579,2.0,0.0036297432955685795
2023-06-10 07:00:00+00:00,ETHUSDT,VolatilityExpansion,-1,bear,-0.006884602056139499,2.0,-0.0094846020561395
2023-06-10 08:00:00+00:00,ETHUSDT,VolatilityExpansion,-1,bear,-0.0015179043720245922,2.0,-0.004117904372024592
2023-06-10 09:00:00+00:00,ETHUSDT,VolatilityExpansion,-1,bear,-0.003366557709129303,2.0,-0.005966557709129303
2023-06-10 10:00:00+00:00,ETHUSDT,VolatilityExpansion,-1,bear,-0.005760216639223437,2.0,-0.008360216639223437
2023-06-10 11:00:00+00:00,ETHUSDT,VolatilityExpansion,-1,bear,-0.0021581457120452008,2.0,-0.004758145712045201
2023-06-10 12:00:00+00:00,ETHUSDT,VolatilityExpansion,-1,bear,-0.003375716692832764,2.0,-0.005975716692832764
2023-06-10 13:00:00+00:00,ETHUSDT,VolatilityExpansion,-1,bear,-0.0034546080569264337,2.0,-0.006054608056926434
2023-06-10 14:00:00+00:00,ETHUSDT,VolatilityExpansion,-1,bear,-0.003263774965870825,2.0,-0.005863774965870825
2023-06-10 15:00:00+00:00,ETHUSDT,VolatilityExpansion,-1,bear,-0.008245523118558085,2.0,-0.010845523118558084
2023-06-10 16:00:00+00:00,ETHUSDT,VolatilityExpansion,-1,bear,-0.01194805194805193,2.0,-0.01454805194805193
2023-06-10 17:00:00+00:00,ETHUSDT,VolatilityExpansion,-1,bear,0.002137007166930993,2.0,-0.00046299283306900675
2023-06-10 18:00:00+00:00,ETHUSDT,VolatilityExpansion,-1,bear,-0.013403525785335768,2.0,-0.016003525785335766
2023-06-10 19:00:00+00:00,ETHUSDT,VolatilityExpansion,-1,bear,-0.005105201569419293,2.0,-0.007705201569419293
2023-06-10 20:00:00+00:00,ETHUSDT,VolatilityExpansion,-1,bear,-0.0035823157604670808,2.0,-0.006182315760467081
2023-06-14 20:00:00+00:00,ETHUSDT,VolatilityExpansion,-1,bear,-0.001087215445788825,2.0,-0.003687215445788825
2023-06-14 21:00:00+00:00,ETHUSDT,VolatilityExpansion,-1,bear,0.010686616630480206,2.0,0.008086616630480206
2023-06-14 22:00:00+00:00,ETHUSDT,VolatilityExpansion,-1,bear,0.008162522741055223,2.0,0.005562522741055223
2023-06-14 23:00:00+00:00,ETHUSDT,VolatilityExpansion,-1,bear,0.0046964288960664735,2.0,0.0020964288960664736
2023-06-15 00:00:00+00:00,ETHUSDT,VolatilityExpansion,-1,bear,0.008775906148573931,2.0,0.006175906148573931
2023-06-15 01:00:00+00:00,ETHUSDT,VolatilityExpansion,-1,bear,0.0004975728155339754,2.0,-0.0021024271844660245
2023-06-15 02:00:00+00:00,ETHUSDT,VolatilityExpansion,-1,bear,0.0033290280329628663,2.0,0.0007290280329628664
2023-06-15 03:00:00+00:00,ETHUSDT,VolatilityExpansion,-1,bear,0.0056753138987649665,2.0,0.0030753138987649666
2023-06-15 04:00:00+00:00,ETHUSDT,VolatilityExpansion,-1,bear,0.005377191493489142,2.0,0.002777191493489142
2023-06-15 05:00:00+00:00,ETHUSDT,VolatilityExpansion,-1,bear,-0.0018036400736030078,2.0,-0.004403640073603008
2023-06-15 06:00:00+00:00,ETHUSDT,VolatilityExpansion,-1,bear,-0.01983302366516715,2.0,-0.022433023665167147
2023-06-15 07:00:00+00:00,ETHUSDT,VolatilityExpansion,-1,bear,-0.01759886781633746,2.0,-0.020198867816337458
2023-06-15 08:00:00+00:00,ETHUSDT,VolatilityExpansion,-1,bear,-0.01857840146430756,2.0,-0.021178401464307557
2023-06-15 09:00:00+00:00,ETHUSDT,VolatilityExpansion,-1,bear,-0.018229500981165492,2.0,-0.02082950098116549
2023-06-19 18:00:00+00:00,ETHUSDT,VolatilityExpansion,-1,bear,-0.010006019976972036,2.0,-0.012606019976972036
2023-06-19 19:00:00+00:00,ETHUSDT,VolatilityExpansion,-1,bear,-0.003266646552324337,2.0,-0.005866646552324337
2023-02-10 01:00:00+00:00,SOLUSDT,VolatilityExpansion,-1,bear,0.0004332964228973557,2.0,-0.0027667035771026444
2023-02-13 09:00:00+00:00,SOLUSDT,VolatilityExpansion,-1,bear,-0.00014774686037921647,2.0,-0.0033477468603792166
2023-02-13 10:00:00+00:00,SOLUSDT,VolatilityExpansion,-1,bear,0.0038017253984500288,2.0,0.0006017253984500286
2023-02-13 11:00:00+00:00,SOLUSDT,VolatilityExpansion,-1,bear,-0.014720985963711186,2.0,-0.017920985963711188
2023-02-13 12:00:00+00:00,SOLUSDT,VolatilityExpansion,-1,bear,-0.01114789212345424,2.0,-0.014347892123454239
2023-03-07 20:00:00+00:00,SOLUSDT,VolatilityExpansion,-1,bear,0.03746383318367741,2.0,0.03426383318367741
2023-03-07 21:00:00+00:00,SOLUSDT,VolatilityExpansion,-1,bear,0.028559955829945194,2.0,0.025359955829945192
2023-03-07 22:00:00+00:00,SOLUSDT,VolatilityExpansion,-1,bear,0.02824069454146305,2.0,0.02504069454146305
2023-03-07 23:00:00+00:00,SOLUSDT,VolatilityExpansion,-1,bear,0.044976029259131134,2.0,0.04177602925913113
2023-03-08 00:00:00+00:00,SOLUSDT,VolatilityExpansion,-1,bear,0.06213659209618605,2.0,0.05893659209618605
2023-03-08 18:00:00+00:00,SOLUSDT,VolatilityExpansion,-1,bear,0.0006414368184731734,2.0,-0.002558563181526827
2023-03-08 23:00:00+00:00,SOLUSDT,VolatilityExpansion,-1,bear,-0.006680425809254986,2.0,-0.009880425809254986
2023-04-03 20:00:00+00:00,SOLUSDT,VolatilityExpansion,-1,bear,-0.0125872750516276,2.0,-0.0157872750516276
2023-04-03 21:00:00+00:00,SOLUSDT,VolatilityExpansion,-1,bear,-0.012904808635917586,2.0,-0.016104808635917588
2023-04-04 00:00:00+00:00,SOLUSDT,VolatilityExpansion,-1,bear,-0.032888278028666784,2.0,-0.036088278028666786
2023-04-04 03:00:00+00:00,SOLUSDT,VolatilityExpansion,-1,bear,-0.021857387895123592,2.0,-0.025057387895123594
2023-04-27 03:00:00+00:00,SOLUSDT,VolatilityExpansion,-1,bear,-0.029010317864248236,2.0,-0.03221031786424824
2023-04-27 05:00:00+00:00,SOLUSDT,VolatilityExpansion,-1,bear,-0.018185982592762384,2.0,-0.021385982592762386
2023-04-27 06:00:00+00:00,SOLUSDT,VolatilityExpansion,-1,bear,-0.03144625046176586,2.0,-0.03464625046176586
2023-04-27 07:00:00+00:00,SOLUSDT,VolatilityExpansion,-1,bear,-0.030287640241931868,2.0,-0.03348764024193187
2023-04-27 08:00:00+00:00,SOLUSDT,VolatilityExpansion,-1,bear,-0.03667855323484459,2.0,-0.03987855323484459
2023-05-08 02:00:00+00:00,SOLUSDT,VolatilityExpansion,-1,bear,0.0008919350295746309,2.0,-0.0023080649704253693
2023-05-08 03:00:00+00:00,SOLUSDT,VolatilityExpansion,-1,bear,0.006904325771452835,2.0,0.003704325771452835
2023-05-08 04:00:00+00:00,SOLUSDT,VolatilityExpansion,-1,bear,0.008318060059213317,2.0,0.005118060059213317
2023-05-08 05:00:00+00:00,SOLUSDT,VolatilityExpansion,-1,bear,0.04275467629271945,2.0,0.03955467629271945
2023-05-08 06:00:00+00:00,SOLUSDT,VolatilityExpansion,-1,bear,0.039047082041161474,2.0,0.03584708204116147
2023-05-08 07:00:00+00:00,SOLUSDT,VolatilityExpansion,-1,bear,0.039083494413275965,2.0,0.035883494413275964
2023-05-08 08:00:00+00:00,SOLUSDT,VolatilityExpansion,-1,bear,0.026383221030653936,2.0,0.023183221030653935
2023-05-08 09:00:00+00:00,SOLUSDT,VolatilityExpansion,-1,bear,0.030191873589164753,2.0,0.02699187358916475
2023-05-08 10:00:00+00:00,SOLUSDT,VolatilityExpansion,-1,bear,0.028719397363465182,2.0,0.02551939736346518
2023-05-21 20:00:00+00:00,SOLUSDT,VolatilityExpansion,-1,bear,-0.0008614137319482573,2.0,-0.004061413731948257
2023-05-21 21:00:00+00:00,SOLUSDT,VolatilityExpansion,-1,bear,-0.013514202662042729,2.0,-0.01671420266204273
2023-05-21 22:00:00+00:00,SOLUSDT,VolatilityExpansion,-1,bear,-0.012062296416938123,2.0,-0.015262296416938123
2023-05-21 23:00:00+00:00,SOLUSDT,VolatilityExpansion,-1,bear,-0.013313609467455523,2.0,-0.016513609467455524
2023-05-22 00:00:00+00:00,SOLUSDT,VolatilityExpansion,-1,bear,-0.014643921488028067,2.0,-0.017843921488028068
2023-05-22 01:00:00+00:00,SOLUSDT,VolatilityExpansion,-1,bear,-0.020707018805877997,2.0,-0.023907018805878
2023-05-22 02:00:00+00:00,SOLUSDT,VolatilityExpansion,-1,bear,-0.008845485223438088,2.0,-0.012045485223438087
2023-05-22 03:00:00+00:00,SOLUSDT,VolatilityExpansion,-1,bear,-0.0067595247849243645,2.0,-0.009959524784924364
2023-05-22 04:00:00+00:00,SOLUSDT,VolatilityExpansion,-1,bear,-0.006546310029151625,2.0,-0.009746310029151625
2023-05-22 05:00:00+00:00,SOLUSDT,VolatilityExpansion,-1,bear,-0.0038300480032682493,2.0,-0.007030048003268249
2023-05-22 06:00:00+00:00,SOLUSDT,VolatilityExpansion,-1,bear,-0.0002535754133279333,2.0,-0.0034535754133279335
2023-05-22 07:00:00+00:00,SOLUSDT,VolatilityExpansion,-1,bear,5.080526342537972e-05,2.0,-0.0031491947365746204
2023-06-06 04:00:00+00:00,SOLUSDT,VolatilityExpansion,-1,bear,-0.00620744893872649,2.0,-0.00940744893872649
2023-06-10 00:00:00+00:00,SOLUSDT,VolatilityExpansion,-1,bear,0.14500118175372245,2.0,0.14180118175372244
2023-06-10 01:00:00+00:00,SOLUSDT,VolatilityExpansion,-1,bear,0.13229319988224908,2.0,0.12909319988224907
2023-06-10 02:00:00+00:00,SOLUSDT,VolatilityExpansion,-1,bear,0.10209790209790215,2.0,0.09889790209790215
2023-06-10 03:00:00+00:00,SOLUSDT,VolatilityExpansion,-1,bear,0.09281896922415378,2.0,0.08961896922415379
2023-06-10 04:00:00+00:00,SOLUSDT,VolatilityExpansion,-1,bear,-0.007694421544380381,2.0,-0.01089442154438038
2023-06-10 05:00:00+00:00,SOLUSDT,VolatilityExpansion,-1,bear,-0.08820642266161816,2.0,-0.09140642266161815
2023-06-10 06:00:00+00:00,SOLUSDT,VolatilityExpansion,-1,bear,-0.0698088990302339,2.0,-0.0730088990302339
2023-06-10 07:00:00+00:00,SOLUSDT,VolatilityExpansion,-1,bear,-0.06398943931077605,2.0,-0.06718943931077605
2023-06-10 08:00:00+00:00,SOLUSDT,VolatilityExpansion,-1,bear,-0.03850570830237099,2.0,-0.04170570830237099
2023-06-10 09:00:00+00:00,SOLUSDT,VolatilityExpansion,-1,bear,-0.058602810751807954,2.0,-0.061802810751807956
2023-06-10 10:00:00+00:00,SOLUSDT,VolatilityExpansion,-1,bear,-0.05554063129617193,2.0,-0.05874063129617193
2023-06-10 11:00:00+00:00,SOLUSDT,VolatilityExpansion,-1,bear,-0.04773734389687134,2.0,-0.050937343896871344
2023-06-10 12:00:00+00:00,SOLUSDT,VolatilityExpansion,-1,bear,-0.0655148583275742,2.0,-0.0687148583275742
2023-06-10 13:00:00+00:00,SOLUSDT,VolatilityExpansion,-1,bear,-0.05719907721536166,2.0,-0.06039907721536166
2023-06-10 14:00:00+00:00,SOLUSDT,VolatilityExpansion,-1,bear,-0.06101855614248941,2.0,-0.0642185561424894
2023-06-10 15:00:00+00:00,SOLUSDT,VolatilityExpansion,-1,bear,-0.05289177840986059,2.0,-0.05609177840986059
2023-06-10 16:00:00+00:00,SOLUSDT,VolatilityExpansion,-1,bear,-0.05174882389036606,2.0,-0.05494882389036606
2023-07-17 17:00:00+00:00,BTCUSDT,VolatilityExpansion,-1,bear,-0.0008262370234146665,2.0,-0.0032262370234146663
2023-07-17 18:00:00+00:00,BTCUSDT,VolatilityExpansion,-1,bear,-0.006476631748589812,2.0,-0.008876631748589811
2023-07-17 19:00:00+00:00,BTCUSDT,VolatilityExpansion,-1,bear,-0.0027452385177051397,2.0,-0.005145238517705139
2023-07-17 20:00:00+00:00,BTCUSDT,VolatilityExpansion,-1,bear,-0.003517559375532997,2.0,-0.005917559375532996
2023-07-17 22:00:00+00:00,BTCUSDT,VolatilityExpansion,-1,bear,0.0038974890601169987,2.0,0.001497489060116999
2023-07-18 02:00:00+00:00,BTCUSDT,VolatilityExpansion,-1,bear,0.006503708575395617,2.0,0.004103708575395618
2023-07-18 03:00:00+00:00,BTCUSDT,VolatilityExpansion,-1,bear,0.00561139975651781,2.0,0.00321139975651781
2023-07-18 04:00:00+00:00,BTCUSDT,VolatilityExpansion,-1,bear,0.014028375577873509,2.0,0.01162837557787351
2023-07-18 05:00:00+00:00,BTCUSDT,VolatilityExpansion,-1,bear,0.007742880444732925,2.0,0.005342880444732925
2023-07-18 19:00:00+00:00,BTCUSDT,VolatilityExpansion,-1,bear,-0.00928363212850325,2.0,-0.011683632128503249
2023-07-24 06:00:00+00:00,BTCUSDT,VolatilityExpansion,-1,bear,0.021861172984468324,2.0,0.019461172984468325
2023-07-24 07:00:00+00:00,BTCUSDT,VolatilityExpansion,-1,bear,0.023795629251016193,2.0,0.021395629251016193
2023-07-24 08:00:00+00:00,BTCUSDT,VolatilityExpansion,-1,bear,0.020488165680473402,2.0,0.018088165680473403
2023-07-24 09:00:00+00:00,BTCUSDT,VolatilityExpansion,-1,bear,0.00012001920307247449,2.0,-0.0022799807969275253
2023-07-24 10:00:00+00:00,BTCUSDT,VolatilityExpansion,-1,bear,0.0053057728856239494,2.0,0.0029057728856239497
2023-07-24 11:00:00+00:00,BTCUSDT,VolatilityExpansion,-1,bear,0.0032775455660858377,2.0,0.0008775455660858379
2023-07-24 12:00:00+00:00,BTCUSDT,VolatilityExpansion,-1,bear,0.004113128133180544,2.0,0.0017131281331805438
2023-07-24 13:00:00+00:00,BTCUSDT,VolatilityExpansion,-1,bear,0.003476007322240293,2.0,0.0010760073222402934
2023-07-24 14:00:00+00:00,BTCUSDT,VolatilityExpansion,-1,bear,-0.003006995656561706,2.0,-0.0054069956565617056
2023-07-24 15:00:00+00:00,BTCUSDT,VolatilityExpansion,-1,bear,-0.0004710186035157271,2.0,-0.002871018603515727
2023-07-24 16:00:00+00:00,BTCUSDT,VolatilityExpansion,-1,bear,0.0006220337410345333,2.0,-0.0017779662589654664
2023-07-24 17:00:00+00:00,BTCUSDT,VolatilityExpansion,-1,bear,-0.0027246173135480056,2.0,-0.005124617313548005
2023-07-24 18:00:00+00:00,BTCUSDT,VolatilityExpansion,-1,bear,-0.0005976424037588135,2.0,-0.0029976424037588133
2023-07-24 19:00:00+00:00,BTCUSDT,VolatilityExpansion,-1,bear,-0.0008760839391481756,2.0,-0.0032760839391481754
2023-07-24 20:00:00+00:00,BTCUSDT,VolatilityExpansion,-1,bear,-0.0014553142998359192,2.0,-0.003855314299835919
2023-07-24 21:00:00+00:00,BTCUSDT,VolatilityExpansion,-1,bear,0.0001577584580825242,2.0,-0.0022422415419174756
2023-07-24 22:00:00+00:00,BTCUSDT,VolatilityExpansion,-1,bear,2.4011827540193487e-05,2.0,-0.0023759881724598063
2023-07-30 21:00:00+00:00,BTCUSDT,VolatilityExpansion,-1,bear,-0.006220200580917323,2.0,-0.008620200580917323
2023-07-30 22:00:00+00:00,BTCUSDT,VolatilityExpansion,-1,bear,-0.007980539286829291,2.0,-0.01038053928682929
2023-07-30 23:00:00+00:00,BTCUSDT,VolatilityExpansion,-1,bear,-0.004260160157424364,2.0,-0.0066601601574243635
2023-08-01 02:00:00+00:00,BTCUSDT,VolatilityExpansion,-1,bear,0.0034961649387567073,2.0,0.0010961649387567075
2023-08-01 03:00:00+00:00,BTCUSDT,VolatilityExpansion,-1,bear,-0.004260915125207765,2.0,-0.006660915125207764
2023-08-01 04:00:00+00:00,BTCUSDT,VolatilityExpansion,-1,bear,-0.0024226922037140497,2.0,-0.004822692203714049
2023-08-01 05:00:00+00:00,BTCUSDT,VolatilityExpansion,-1,bear,-0.0010688158281593196,2.0,-0.0034688158281593194
2023-08-01 06:00:00+00:00,BTCUSDT,VolatilityExpansion,-1,bear,-0.012505147041013798,2.0,-0.014905147041013797
2023-08-07 15:00:00+00:00,BTCUSDT,VolatilityExpansion,-1,bear,-0.011423342991418561,2.0,-0.01382334299141856
2023-08-07 16:00:00+00:00,BTCUSDT,VolatilityExpansion,-1,bear,-0.00990311196219884,2.0,-0.01230311196219884
2023-08-07 17:00:00+00:00,BTCUSDT,VolatilityExpansion,-1,bear,-0.00923522019526879,2.0,-0.011635220195268789
2023-08-16 23:00:00+00:00,BTCUSDT,VolatilityExpansion,-1,bear,0.006073607667233194,2.0,0.0036736076672331942
2023-08-17 00:00:00+00:00,BTCUSDT,VolatilityExpansion,-1,bear,0.002677952573984954,2.0,0.00027795257398495433
2023-08-17 01:00:00+00:00,BTCUSDT,VolatilityExpansion,-1,bear,0.007990357067989673,2.0,0.005590357067989674
2023-08-17 02:00:00+00:00,BTCUSDT,VolatilityExpansion,-1,bear,0.006537228607024326,2.0,0.004137228607024326
2023-08-17 03:00:00+00:00,BTCUSDT,VolatilityExpansion,-1,bear,0.02522736397437464,2.0,0.02282736397437464
2023-08-17 04:00:00+00:00,BTCUSDT,VolatilityExpansion,-1,bear,0.024765509871981894,2.0,0.022365509871981895
2023-08-17 05:00:00+00:00,BTCUSDT,VolatilityExpansion,-1,bear,0.024613034410117307,2.0,0.022213034410117308
2023-08-17 06:00:00+00:00,BTCUSDT,VolatilityExpansion,-1,bear,0.027925986371783895,2.0,0.025525986371783896
2023-08-17 07:00:00+00:00,BTCUSDT,VolatilityExpansion,-1,bear,0.025292610727254194,2.0,0.022892610727254195
2023-08-17 09:00:00+00:00,BTCUSDT,VolatilityExpansion,-1,bear,0.08162865469455716,2.0,0.07922865469455716
2023-08-17 16:00:00+00:00,BTCUSDT,VolatilityExpansion,-1,bear,0.0598299167487244,2.0,0.0574299167487244
2023-08-17 17:00:00+00:00,BTCUSDT,VolatilityExpansion,-1,bear,0.05500607880998354,2.0,0.05260607880998354
2023-08-17 18:00:00+00:00,BTCUSDT,VolatilityExpansion,-1,bear,0.04970762331838563,2.0,0.04730762331838563
2023-08-17 19:00:00+00:00,BTCUSDT,VolatilityExpansion,-1,bear,0.05290899051252451,2.0,0.05050899051252451
2023-08-17 20:00:00+00:00,BTCUSDT,VolatilityExpansion,-1,bear,0.03927557973502993,2.0,0.03687557973502993
2023-08-17 21:00:00+00:00,BTCUSDT,VolatilityExpansion,-1,bear,-0.007234285714285749,2.0,-0.009634285714285748
2023-08-17 22:00:00+00:00,BTCUSDT,VolatilityExpansion,-1,bear,0.013150429264650931,2.0,0.010750429264650932
2023-08-17 23:00:00+00:00,BTCUSDT,VolatilityExpansion,-1,bear,0.0048929525699275,2.0,0.0024929525699275003
2023-08-18 00:00:00+00:00,BTCUSDT,VolatilityExpansion,-1,bear,0.015166540060546407,2.0,0.012766540060546408
2023-08-18 01:00:00+00:00,BTCUSDT,VolatilityExpansion,-1,bear,0.0140887954982013,2.0,0.011688795498201301
2023-08-18 02:00:00+00:00,BTCUSDT,VolatilityExpansion,-1,bear,0.017827325410077477,2.0,0.015427325410077478
2023-08-18 03:00:00+00:00,BTCUSDT,VolatilityExpansion,-1,bear,0.014890472220116746,2.0,0.012490472220116747
2023-08-18 04:00:00+00:00,BTCUSDT,VolatilityExpansion,-1,bear,0.013973682707139279,2.0,0.01157368270713928
2023-08-18 05:00:00+00:00,BTCUSDT,VolatilityExpansion,-1,bear,0.016251887224389527,2.0,0.013851887224389528
2023-08-18 06:00:00+00:00,BTCUSDT,VolatilityExpansion,-1,bear,0.014296284551556515,2.0,0.011896284551556516
2023-08-18 07:00:00+00:00,BTCUSDT,VolatilityExpansion,-1,bear,0.013644382860474313,2.0,0.011244382860474314
2023-08-18 08:00:00+00:00,BTCUSDT,VolatilityExpansion,-1,bear,0.01897881626970699,2.0,0.01657881626970699
2023-08-18 09:00:00+00:00,BTCUSDT,VolatilityExpansion,-1,bear,0.014742813918305564,2.0,0.012342813918305565
2023-08-18 10:00:00+00:00,BTCUSDT,VolatilityExpansion,-1,bear,0.014471703394382196,2.0,0.012071703394382197
2023-08-22 21:00:00+00:00,BTCUSDT,VolatilityExpansion,-1,bear,-0.014719870265550217,2.0,-0.017119870265550216
2023-08-22 22:00:00+00:00,BTCUSDT,VolatilityExpansion,-1,bear,-0.006097490066866884,2.0,-0.008497490066866883
2023-08-28 05:00:00+00:00,BTCUSDT,VolatilityExpansion,-1,bear,-0.0068940004084763196,2.0,-0.009294000408476319
2023-08-28 06:00:00+00:00,BTCUSDT,VolatilityExpansion,-1,bear,-0.007696222835726685,2.0,-0.010096222835726684
2023-08-28 07:00:00+00:00,BTCUSDT,VolatilityExpansion,-1,bear,-0.002256674548954507,2.0,-0.004656674548954506
2023-08-28 08:00:00+00:00,BTCUSDT,VolatilityExpansion,-1,bear,-0.0010172273618747063,2.0,-0.003417227361874706
2023-08-28 09:00:00+00:00,BTCUSDT,VolatilityExpansion,-1,bear,-0.001763028860435334,2.0,-0.004163028860435333
2023-08-28 10:00:00+00:00,BTCUSDT,VolatilityExpansion,-1,bear,-0.003993447046352516,2.0,-0.006393447046352516
2023-08-28 11:00:00+00:00,BTCUSDT,VolatilityExpansion,-1,bear,-0.004374288264442416,2.0,-0.006774288264442416
2023-09-06 18:00:00+00:00,BTCUSDT,VolatilityExpansion,-1,bear,-0.0051016026917101165,2.0,-0.007501602691710116
2023-09-06 19:00:00+00:00,BTCUSDT,VolatilityExpansion,-1,bear,-0.002780427967834287,2.0,-0.005180427967834286
2023-09-06 20:00:00+00:00,BTCUSDT,VolatilityExpansion,-1,bear,-0.0023722805445727246,2.0,-0.004772280544572724
2023-09-11 00:00:00+00:00,BTCUSDT,VolatilityExpansion,-1,bear,0.000248876168551293,2.0,-0.0021511238314487068
2023-09-11 01:00:00+00:00,BTCUSDT,VolatilityExpansion,-1,bear,0.0027340707275276266,2.0,0.0003340707275276268
2023-09-11 02:00:00+00:00,BTCUSDT,VolatilityExpansion,-1,bear,0.022730099986004948,2.0,0.02033009998600495
2023-09-11 03:00:00+00:00,BTCUSDT,VolatilityExpansion,-1,bear,0.024289279134308228,2.0,0.02188927913430823
2023-09-11 04:00:00+00:00,BTCUSDT,VolatilityExpansion,-1,bear,0.022997427051276498,2.0,0.0205974270512765
2023-09-11 09:00:00+00:00,BTCUSDT,VolatilityExpansion,-1,bear,0.02291349233496065,2.0,0.02051349233496065
2023-09-11 10:00:00+00:00,BTCUSDT,VolatilityExpansion,-1,bear,0.02172931745661144,2.0,0.019329317456611442
2023-09-11 11:00:00+00:00,BTCUSDT,VolatilityExpansion,-1,bear,0.01724771215780041,2.0,0.01484771215780041
2023-09-11 12:00:00+00:00,BTCUSDT,VolatilityExpansion,-1,bear,0.02008230516702192,2.0,0.01768230516702192
2023-09-11 13:00:00+00:00,BTCUSDT,VolatilityExpansion,-1,bear,0.018577822212155093,2.0,0.016177822212155094
2023-09-11 14:00:00+00:00,BTCUSDT,VolatilityExpansion,-1,bear,-0.002239565929956777,2.0,-0.0046395659299567765
2023-09-11 15:00:00+00:00,BTCUSDT,VolatilityExpansion,-1,bear,-0.02732009688316661,2.0,-0.02972009688316661
2023-09-11 16:00:00+00:00,BTCUSDT,VolatilityExpansion,-1,bear,-0.022915226768988717,2.0,-0.025315226768988716
2023-09-11 17:00:00+00:00,BTCUSDT,VolatilityExpansion,-1,bear,-0.02198721940809456,2.0,-0.02438721940809456
2023-09-11 18:00:00+00:00,BTCUSDT,VolatilityExpansion,-1,bear,-0.023976333807823602,2.0,-0.0263763338078236
2023-09-11 19:00:00+00:00,BTCUSDT,VolatilityExpansion,-1,bear,-0.032069481210163175,2.0,-0.034469481210163175
2023-09-11 20:00:00+00:00,BTCUSDT,VolatilityExpansion,-1,bear,-0.026775570729840714,2.0,-0.029175570729840714
2023-09-11 21:00:00+00:00,BTCUSDT,VolatilityExpansion,-1,bear,-0.028765444867888235,2.0,-0.031165444867888234
2023-09-11 22:00:00+00:00,BTCUSDT,VolatilityExpansion,-1,bear,-0.04015958822102084,2.0,-0.042559588221020836
2023-09-11 23:00:00+00:00,BTCUSDT,VolatilityExpansion,-1,bear,-0.03724791653413062,2.0,-0.03964791653413062
2023-09-12 00:00:00+00:00,BTCUSDT,VolatilityExpansion,-1,bear,-0.036446776671204884,2.0,-0.03884677667120488
2023-09-12 01:00:00+00:00,BTCUSDT,VolatilityExpansion,-1,bear,-0.04490214960485783,2.0,-0.04730214960485783
2023-09-12 02:00:00+00:00,BTCUSDT,VolatilityExpansion,-1,bear,-0.03580443894075058,2.0,-0.03820443894075058
2023-09-24 19:00:00+00:00,BTCUSDT,VolatilityExpansion,-1,bear,0.009673697153125937,2.0,0.007273697153125938
2023-09-24 20:00:00+00:00,BTCUSDT,VolatilityExpansion,-1,bear,0.013529991354999882,2.0,0.011129991354999882
2023-09-24 21:00:00+00:00,BTCUSDT,VolatilityExpansion,-1,bear,0.01714438789177597,2.0,0.01474438789177597
2023-09-24 22:00:00+00:00,BTCUSDT,VolatilityExpansion,-1,bear,0.015042506505327013,2.0,0.012642506505327014
2023-09-24 23:00:00+00:00,BTCUSDT,VolatilityExpansion,-1,bear,0.006396669767158247,2.0,0.003996669767158248
2023-09-25 00:00:00+00:00,BTCUSDT,VolatilityExpansion,-1,bear,0.005613695435109145,2.0,0.0032136954351091452
2023-09-25 01:00:00+00:00,BTCUSDT,VolatilityExpansion,-1,bear,-4.970996149378237e-05,2.0,-0.002449709961493782
2023-09-25 02:00:00+00:00,BTCUSDT,VolatilityExpansion,-1,bear,0.00279425574311154,2.0,0.0003942557431115402
2023-09-25 03:00:00+00:00,BTCUSDT,VolatilityExpansion,-1,bear,-0.0031512323842668444,2.0,-0.005551232384266844
2023-09-25 04:00:00+00:00,BTCUSDT,VolatilityExpansion,-1,bear,-0.0065190444855922625,2.0,-0.008919044485592262
2023-09-25 05:00:00+00:00,BTCUSDT,VolatilityExpansion,-1,bear,-0.009048040421220316,2.0,-0.011448040421220315
2023-09-25 06:00:00+00:00,BTCUSDT,VolatilityExpansion,-1,bear,-0.007276248655559092,2.0,-0.009676248655559092
2023-09-25 07:00:00+00:00,BTCUSDT,VolatilityExpansion,-1,bear,-0.005420851367819335,2.0,-0.007820851367819334
2023-09-25 08:00:00+00:00,BTCUSDT,VolatilityExpansion,-1,bear,-0.00551837097076624,2.0,-0.00791837097076624
2023-09-25 09:00:00+00:00,BTCUSDT,VolatilityExpansion,-1,bear,-0.0083608445297505,2.0,-0.010760844529750499
2023-09-25 10:00:00+00:00,BTCUSDT,VolatilityExpansion,-1,bear,-0.007170217905606124,2.0,-0.009570217905606124
2023-09-25 11:00:00+00:00,BTCUSDT,VolatilityExpansion,-1,bear,-0.008670797444800371,2.0,-0.01107079744480037
2023-09-25 12:00:00+00:00,BTCUSDT,VolatilityExpansion,-1,bear,-0.006047830752721195,2.0,-0.008447830752721194
2023-09-25 13:00:00+00:00,BTCUSDT,VolatilityExpansion,-1,bear,-0.005161931709555256,2.0,-0.007561931709555256
2023-11-15 04:00:00+00:00,BTCUSDT,VolatilityExpansion,-1,bear,-0.021925697029285818,2.0,-0.024325697029285817
2023-12-18 02:00:00+00:00,BTCUSDT,VolatilityExpansion,-1,bear,-0.01738767051647372,2.0,-0.019787670516473718
2023-12-18 03:00:00+00:00,BTCUSDT,VolatilityExpansion,-1,bear,-0.004403143017004396,2.0,-0.0068031430170043955
2023-12-26 17:00:00+00:00,BTCUSDT,VolatilityExpansion,-1,bear,-0.01038309975718854,2.0,-0.01278309975718854
2023-12-26 18:00:00+00:00,BTCUSDT,VolatilityExpansion,-1,bear,-0.006201877389097277,2.0,-0.008601877389097276
2023-07-07 00:00:00+00:00,ETHUSDT,VolatilityExpansion,-1,bear,-0.009678468795749184,2.0,-0.012278468795749184
2023-07-24 05:00:00+00:00,ETHUSDT,VolatilityExpansion,-1,bear,0.01484095161721466,2.0,0.01224095161721466
2023-07-24 09:00:00+00:00,ETHUSDT,VolatilityExpansion,-1,bear,-0.004013076438516672,2.0,-0.006613076438516672
2023-07-24 10:00:00+00:00,ETHUSDT,VolatilityExpansion,-1,bear,0.002355025494771401,2.0,-0.0002449745052285988
2023-07-30 20:00:00+00:00,ETHUSDT,VolatilityExpansion,-1,bear,-0.0014262811060650193,2.0,-0.004026281106065019
2023-07-30 21:00:00+00:00,ETHUSDT,VolatilityExpansion,-1,bear,-0.0036819840787782887,2.0,-0.006281984078778289
2023-07-30 22:00:00+00:00,ETHUSDT,VolatilityExpansion,-1,bear,-0.006814126374011353,2.0,-0.009414126374011353
2023-07-30 23:00:00+00:00,ETHUSDT,VolatilityExpansion,-1,bear,-0.0033803210498879466,2.0,-0.0059803210498879465
2023-07-31 02:00:00+00:00,ETHUSDT,VolatilityExpansion,-1,bear,0.004910456383593331,2.0,0.0023104563835933314
2023-07-31 03:00:00+00:00,ETHUSDT,VolatilityExpansion,-1,bear,0.006417461489878762,2.0,0.003817461489878762
2023-07-31 04:00:00+00:00,ETHUSDT,VolatilityExpansion,-1,bear,0.0020025447888201153,2.0,-0.0005974552111798846
2023-07-31 05:00:00+00:00,ETHUSDT,VolatilityExpansion,-1,bear,0.000896408461666498,2.0,-0.0017035915383335019
2023-07-31 06:00:00+00:00,ETHUSDT,VolatilityExpansion,-1,bear,0.0030014739380945787,2.0,0.00040147393809457886
2023-07-31 07:00:00+00:00,ETHUSDT,VolatilityExpansion,-1,bear,0.004489837518305451,2.0,0.0018898375183054508
2023-07-31 08:00:00+00:00,ETHUSDT,VolatilityExpansion,-1,bear,0.007940459936283673,2.0,0.005340459936283673
2023-08-01 02:00:00+00:00,ETHUSDT,VolatilityExpansion,-1,bear,0.00048687888750920116,2.0,-0.0021131211124907987
2023-08-01 03:00:00+00:00,ETHUSDT,VolatilityExpansion,-1,bear,-0.004716180167942063,2.0,-0.007316180167942063
2023-08-01 04:00:00+00:00,ETHUSDT,VolatilityExpansion,-1,bear,-0.004669798135369385,2.0,-0.007269798135369385
2023-08-01 05:00:00+00:00,ETHUSDT,VolatilityExpansion,-1,bear,-0.004155253388445024,2.0,-0.006755253388445024
2023-08-01 06:00:00+00:00,ETHUSDT,VolatilityExpansion,-1,bear,-0.011702133468757037,2.0,-0.014302133468757037
2023-08-07 16:00:00+00:00,ETHUSDT,VolatilityExpansion,-1,bear,-0.009752066115702451,2.0,-0.012352066115702451
2023-08-07 17:00:00+00:00,ETHUSDT,VolatilityExpansion,-1,bear,-0.011040070550625503,2.0,-0.013640070550625502
2023-08-07 18:00:00+00:00,ETHUSDT,VolatilityExpansion,-1,bear,-0.006105160287908751,2.0,-0.00870516028790875
2023-08-07 19:00:00+00:00,ETHUSDT,VolatilityExpansion,-1,bear,-0.0028004756972417333,2.0,-0.005400475697241733
2023-08-07 20:00:00+00:00,ETHUSDT,VolatilityExpansion,-1,bear,-0.0013300347013169844,2.0,-0.003930034701316984
2023-08-07 21:00:00+00:00,ETHUSDT,VolatilityExpansion,-1,bear,-0.002931860279047349,2.0,-0.005531860279047349
2023-08-07 22:00:00+00:00,ETHUSDT,VolatilityExpansion,-1,bear,-0.0036673946718774886,2.0,-0.0062673946718774885
2023-08-08 01:00:00+00:00,ETHUSDT,VolatilityExpansion,-1,bear,-0.0045668601467527825,2.0,-0.007166860146752782
2023-08-16 20:00:00+00:00,ETHUSDT,VolatilityExpansion,-1,bear,0.009506228790608584,2.0,0.006906228790608584
2023-08-16 21:00:00+00:00,ETHUSDT,VolatilityExpansion,-1,bear,0.010500397491387647,2.0,0.007900397491387648
2023-08-16 22:00:00+00:00,ETHUSDT,VolatilityExpansion,-1,bear,0.013280784261773926,2.0,0.010680784261773926
2023-08-16 23:00:00+00:00,ETHUSDT,VolatilityExpansion,-1,bear,0.010978369734228388,2.0,0.008378369734228388
2023-08-17 00:00:00+00:00,ETHUSDT,VolatilityExpansion,-1,bear,0.0037861915367483068,2.0,0.001186191536748307
2023-08-17 01:00:00+00:00,ETHUSDT,VolatilityExpansion,-1,bear,0.00728660266322545,2.0,0.00468660266322545
2023-08-17 02:00:00+00:00,ETHUSDT,VolatilityExpansion,-1,bear,0.009363494070529721,2.0,0.006763494070529721
2023-08-17 03:00:00+00:00,ETHUSDT,VolatilityExpansion,-1,bear,0.033052610499849866,2.0,0.030452610499849868
2023-08-17 04:00:00+00:00,ETHUSDT,VolatilityExpansion,-1,bear,0.03232228858709563,2.0,0.02972228858709563
2023-08-17 05:00:00+00:00,ETHUSDT,VolatilityExpansion,-1,bear,0.03382934911111235,2.0,0.031229349111112352
2023-08-17 06:00:00+00:00,ETHUSDT,VolatilityExpansion,-1,bear,0.03726518493853881,2.0,0.03466518493853881
2023-08-17 07:00:00+00:00,ETHUSDT,VolatilityExpansion,-1,bear,0.034419131990952034,2.0,0.031819131990952036
2023-08-17 08:00:00+00:00,ETHUSDT,VolatilityExpansion,-1,bear,0.04141975515305729,2.0,0.03881975515305729
2023-08-17 09:00:00+00:00,ETHUSDT,VolatilityExpansion,-1,bear,0.0970016849481683,2.0,0.0944016849481683
2023-08-17 15:00:00+00:00,ETHUSDT,VolatilityExpansion,-1,bear,0.03562635187997598,2.0,0.03302635187997598
2023-08-17 16:00:00+00:00,ETHUSDT,VolatilityExpansion,-1,bear,0.041327111182630105,2.0,0.03872711118263011
2023-08-17 17:00:00+00:00,ETHUSDT,VolatilityExpansion,-1,bear,0.035685972632328866,2.0,0.03308597263232887
2023-08-17 18:00:00+00:00,ETHUSDT,VolatilityExpansion,-1,bear,0.025864652985934877,2.0,0.02326465298593488
2023-08-17 19:00:00+00:00,ETHUSDT,VolatilityExpansion,-1,bear,0.027449535792606006,2.0,0.024849535792606008
2023-08-17 20:00:00+00:00,ETHUSDT,VolatilityExpansion,-1,bear,0.013615302225947756,2.0,0.011015302225947756
2023-08-17 21:00:00+00:00,ETHUSDT,VolatilityExpansion,-1,bear,-0.0403853164525676,2.0,-0.0429853164525676
2023-08-17 22:00:00+00:00,ETHUSDT,VolatilityExpansion,-1,bear,0.007581031492253754,2.0,0.004981031492253754
2023-08-17 23:00:00+00:00,ETHUSDT,VolatilityExpansion,-1,bear,-0.002433075550267727,2.0,-0.005033075550267727
2023-08-18 00:00:00+00:00,ETHUSDT,VolatilityExpansion,-1,bear,0.009885446851706448,2.0,0.007285446851706448
2023-08-18 01:00:00+00:00,ETHUSDT,VolatilityExpansion,-1,bear,0.009565042287555392,2.0,0.006965042287555392
2023-08-18 02:00:00+00:00,ETHUSDT,VolatilityExpansion,-1,bear,0.00846639081336975,2.0,0.005866390813369751
2023-08-18 03:00:00+00:00,ETHUSDT,VolatilityExpansion,-1,bear,0.009759065611224194,2.0,0.007159065611224194
2023-08-18 04:00:00+00:00,ETHUSDT,VolatilityExpansion,-1,bear,0.0036268591399847283,2.0,0.0010268591399847284
2023-08-18 05:00:00+00:00,ETHUSDT,VolatilityExpansion,-1,bear,0.010270341113533643,2.0,0.007670341113533643
2023-08-18 06:00:00+00:00,ETHUSDT,VolatilityExpansion,-1,bear,0.013225399868633692,2.0,0.010625399868633692
2023-08-18 07:00:00+00:00,ETHUSDT,VolatilityExpansion,-1,bear,0.019406041380616412,2.0,0.016806041380616414
2023-08-18 08:00:00+00:00,ETHUSDT,VolatilityExpansion,-1,bear,0.02227756369022682,2.0,0.019677563690226822
2023-08-18 09:00:00+00:00,ETHUSDT,VolatilityExpansion,-1,bear,0.01284023352358099,2.0,0.01024023352358099
2023-08-18 10:00:00+00:00,ETHUSDT,VolatilityExpansion,-1,bear,0.012394704459121386,2.0,0.009794704459121386
2023-08-22 19:00:00+00:00,ETHUSDT,VolatilityExpansion,-1,bear,-0.012516931412387633,2.0,-0.015116931412387633
2023-08-22 20:00:00+00:00,ETHUSDT,VolatilityExpansion,-1,bear,-0.008213111536385487,2.0,-0.010813111536385487
2023-08-22 21:00:00+00:00,ETHUSDT,VolatilityExpansion,-1,bear,-0.02581389547212165,2.0,-0.02841389547212165
2023-08-22 22:00:00+00:00,ETHUSDT,VolatilityExpansion,-1,bear,-0.014453366275478663,2.0,-0.01705336627547866
2023-08-22 23:00:00+00:00,ETHUSDT,VolatilityExpansion,-1,bear,-0.004349980727933467,2.0,-0.006949980727933467
2023-08-23 00:00:00+00:00,ETHUSDT,VolatilityExpansion,-1,bear,-0.0031429971817178437,2.0,-0.005742997181717844
2023-08-23 01:00:00+00:00,ETHUSDT,VolatilityExpansion,-1,bear,-0.009220031835435183,2.0,-0.011820031835435183
2023-08-23 02:00:00+00:00,ETHUSDT,VolatilityExpansion,-1,bear,-0.011625556624055955,2.0,-0.014225556624055955
2023-08-23 03:00:00+00:00,ETHUSDT,VolatilityExpansion,-1,bear,-0.015615611933343931,2.0,-0.01821561193334393
2023-08-23 04:00:00+00:00,ETHUSDT,VolatilityExpansion,-1,bear,-0.026869701189865314,2.0,-0.029469701189865312
2023-08-23 05:00:00+00:00,ETHUSDT,VolatilityExpansion,-1,bear,-0.027053423185857906,2.0,-0.029653423185857904
2023-08-28 06:00:00+00:00,ETHUSDT,VolatilityExpansion,-1,bear,-0.005609184201711415,2.0,-0.008209184201711415
2023-08-28 09:00:00+00:00,ETHUSDT,VolatilityExpansion,-1,bear,-0.007000152975370932,2.0,-0.009600152975370932
2023-08-28 10:00:00+00:00,ETHUSDT,VolatilityExpansion,-1,bear,-0.007922304003909142,2.0,-0.010522304003909142
2023-08-28 11:00:00+00:00,ETHUSDT,VolatilityExpansion,-1,bear,-0.007916903014888454,2.0,-0.010516903014888454
2023-08-28 19:00:00+00:00,ETHUSDT,VolatilityExpansion,-1,bear,-0.000455699894277517,2.0,-0.003055699894277517
2023-08-28 20:00:00+00:00,ETHUSDT,VolatilityExpansion,-1,bear,0.00110552946964948,2.0,-0.00149447053035052
2023-08-28 21:00:00+00:00,ETHUSDT,VolatilityExpansion,-1,bear,0.0003828204754265929,2.0,-0.002217179524573407
2023-09-06 18:00:00+00:00,ETHUSDT,VolatilityExpansion,-1,bear,-0.005665165377360282,2.0,-0.008265165377360282
2023-09-06 20:00:00+00:00,ETHUSDT,VolatilityExpansion,-1,bear,-0.002825587537930385,2.0,-0.005425587537930385
2023-09-10 16:00:00+00:00,ETHUSDT,VolatilityExpansion,-1,bear,0.0010788222237376743,2.0,-0.0015211777762623255
2023-09-10 17:00:00+00:00,ETHUSDT,VolatilityExpansion,-1,bear,-0.005529225908372792,2.0,-0.008129225908372792
2023-09-10 18:00:00+00:00,ETHUSDT,VolatilityExpansion,-1,bear,-0.0019110849129773122,2.0,-0.004511084912977312
2023-09-10 19:00:00+00:00,ETHUSDT,VolatilityExpansion,-1,bear,0.003012737632000717,2.0,0.0004127376320007172
2023-09-10 20:00:00+00:00,ETHUSDT,VolatilityExpansion,-1,bear,0.007673914252349534,2.0,0.005073914252349534
2023-09-10 22:00:00+00:00,ETHUSDT,VolatilityExpansion,-1,bear,0.01841165494828667,2.0,0.015811654948286673
2023-09-10 23:00:00+00:00,ETHUSDT,VolatilityExpansion,-1,bear,0.01893025500167045,2.0,0.01633025500167045
2023-09-11 00:00:00+00:00,ETHUSDT,VolatilityExpansion,-1,bear,0.009768768526171256,2.0,0.007168768526171257
2023-09-11 01:00:00+00:00,ETHUSDT,VolatilityExpansion,-1,bear,0.012588238952638608,2.0,0.009988238952638609
2023-09-11 02:00:00+00:00,ETHUSDT,VolatilityExpansion,-1,bear,0.03334946216548185,2.0,0.03074946216548185
2023-09-11 03:00:00+00:00,ETHUSDT,VolatilityExpansion,-1,bear,0.03116779989081342,2.0,0.02856779989081342
2023-09-11 04:00:00+00:00,ETHUSDT,VolatilityExpansion,-1,bear,0.03342353861241121,2.0,0.03082353861241121
2023-09-11 05:00:00+00:00,ETHUSDT,VolatilityExpansion,-1,bear,0.03309189650586686,2.0,0.03049189650586686
2023-09-11 06:00:00+00:00,ETHUSDT,VolatilityExpansion,-1,bear,0.03679872176772592,2.0,0.03419872176772592
2023-09-11 07:00:00+00:00,ETHUSDT,VolatilityExpansion,-1,bear,0.045290675668128944,2.0,0.042690675668128945
2023-09-11 08:00:00+00:00,ETHUSDT,VolatilityExpansion,-1,bear,0.040465738924690964,2.0,0.037865738924690966
2023-09-11 09:00:00+00:00,ETHUSDT,VolatilityExpansion,-1,bear,0.03130571249215308,2.0,0.028705712492153083
2023-09-11 10:00:00+00:00,ETHUSDT,VolatilityExpansion,-1,bear,0.02625963808025178,2.0,0.02365963808025178
2023-09-11 11:00:00+00:00,ETHUSDT,VolatilityExpansion,-1,bear,0.02196901385359451,2.0,0.019369013853594512
2023-09-11 12:00:00+00:00,ETHUSDT,VolatilityExpansion,-1,bear,0.02311892061499843,2.0,0.02051892061499843
2023-09-11 13:00:00+00:00,ETHUSDT,VolatilityExpansion,-1,bear,0.02259385235575706,2.0,0.019993852355757062
2023-09-11 14:00:00+00:00,ETHUSDT,VolatilityExpansion,-1,bear,0.0010973778445189097,2.0,-0.0015026221554810901
2023-09-11 15:00:00+00:00,ETHUSDT,VolatilityExpansion,-1,bear,-0.014337032317553344,2.0,-0.016937032317553342
2023-09-11 16:00:00+00:00,ETHUSDT,VolatilityExpansion,-1,bear,-0.015591187254782257,2.0,-0.018191187254782255
2023-09-11 17:00:00+00:00,ETHUSDT,VolatilityExpansion,-1,bear,-0.010855867093992444,2.0,-0.013455867093992444
2023-09-11 18:00:00+00:00,ETHUSDT,VolatilityExpansion,-1,bear,-0.014794573394200539,2.0,-0.017394573394200537
2023-09-11 19:00:00+00:00,ETHUSDT,VolatilityExpansion,-1,bear,-0.02636812686858203,2.0,-0.02896812686858203
2023-09-11 20:00:00+00:00,ETHUSDT,VolatilityExpansion,-1,bear,-0.02343856461503524,2.0,-0.026038564615035238
2023-09-11 21:00:00+00:00,ETHUSDT,VolatilityExpansion,-1,bear,-0.029271675101903094,2.0,-0.03187167510190309
2023-09-11 22:00:00+00:00,ETHUSDT,VolatilityExpansion,-1,bear,-0.04255277889102915,2.0,-0.04515277889102915
2023-09-11 23:00:00+00:00,ETHUSDT,VolatilityExpansion,-1,bear,-0.03724645717012032,2.0,-0.039846457170120315
2023-09-12 00:00:00+00:00,ETHUSDT,VolatilityExpansion,-1,bear,-0.030379340249895526,2.0,-0.032979340249895524
2023-09-12 01:00:00+00:00,ETHUSDT,VolatilityExpansion,-1,bear,-0.035869642270240254,2.0,-0.03846964227024025
2023-09-12 02:00:00+00:00,ETHUSDT,VolatilityExpansion,-1,bear,-0.02574925315601817,2.0,-0.02834925315601817
2023-09-24 19:00:00+00:00,ETHUSDT,VolatilityExpansion,-1,bear,0.002977485916870082,2.0,0.0003774859168700819
2023-09-24 20:00:00+00:00,ETHUSDT,VolatilityExpansion,-1,bear,0.007623696360502641,2.0,0.005023696360502641
2023-09-24 21:00:00+00:00,ETHUSDT,VolatilityExpansion,-1,bear,0.010602218600758717,2.0,0.008002218600758717
2023-09-24 22:00:00+00:00,ETHUSDT,VolatilityExpansion,-1,bear,0.009530884093369885,2.0,0.006930884093369885
2023-09-24 23:00:00+00:00,ETHUSDT,VolatilityExpansion,-1,bear,0.007613972240330669,2.0,0.005013972240330669
2023-09-25 00:00:00+00:00,ETHUSDT,VolatilityExpansion,-1,bear,0.005749673889641649,2.0,0.003149673889641649
2023-09-25 01:00:00+00:00,ETHUSDT,VolatilityExpansion,-1,bear,-0.0010098251541730274,2.0,-0.0036098251541730273
2023-09-25 02:00:00+00:00,ETHUSDT,VolatilityExpansion,-1,bear,0.0026340617104937403,2.0,3.406171049374039e-05
2023-09-25 03:00:00+00:00,ETHUSDT,VolatilityExpansion,-1,bear,-0.004362714013950608,2.0,-0.006962714013950608
2023-09-25 04:00:00+00:00,ETHUSDT,VolatilityExpansion,-1,bear,-0.007540713516253739,2.0,-0.010140713516253739
2023-09-25 05:00:00+00:00,ETHUSDT,VolatilityExpansion,-1,bear,-0.010224157189276939,2.0,-0.012824157189276939
2023-09-25 06:00:00+00:00,ETHUSDT,VolatilityExpansion,-1,bear,-0.00813111180120285,2.0,-0.01073111180120285
2023-09-25 07:00:00+00:00,ETHUSDT,VolatilityExpansion,-1,bear,-0.006567458811024274,2.0,-0.009167458811024274
2023-09-25 08:00:00+00:00,ETHUSDT,VolatilityExpansion,-1,bear,-0.00502643155052418,2.0,-0.0076264315505241796
2023-09-25 09:00:00+00:00,ETHUSDT,VolatilityExpansion,-1,bear,-0.009011472615807259,2.0,-0.011611472615807259
2023-09-25 10:00:00+00:00,ETHUSDT,VolatilityExpansion,-1,bear,-0.00813530021164488,2.0,-0.01073530021164488
2023-09-25 11:00:00+00:00,ETHUSDT,VolatilityExpansion,-1,bear,-0.012583229164009335,2.0,-0.015183229164009335
2023-09-25 12:00:00+00:00,ETHUSDT,VolatilityExpansion,-1,bear,-0.01057860713944514,2.0,-0.01317860713944514
2023-09-25 13:00:00+00:00,ETHUSDT,VolatilityExpansion,-1,bear,-0.009250564677816486,2.0,-0.011850564677816486
2023-10-09 09:00:00+00:00,ETHUSDT,VolatilityExpansion,-1,bear,0.008149186023863275,2.0,0.005549186023863275
2023-10-09 10:00:00+00:00,ETHUSDT,VolatilityExpansion,-1,bear,0.011763082981151474,2.0,0.009163082981151474
2023-10-09 11:00:00+00:00,ETHUSDT,VolatilityExpansion,-1,bear,0.006516706924315607,2.0,0.003916706924315607
2023-10-09 12:00:00+00:00,ETHUSDT,VolatilityExpansion,-1,bear,0.0057438652240799914,2.0,0.0031438652240799916
2023-10-09 13:00:00+00:00,ETHUSDT,VolatilityExpansion,-1,bear,0.009244673172874807,2.0,0.006644673172874807
2023-10-09 14:00:00+00:00,ETHUSDT,VolatilityExpansion,-1,bear,0.0006916629463583623,2.0,-0.0019083370536416375
2023-10-09 15:00:00+00:00,ETHUSDT,VolatilityExpansion,-1,bear,0.0009649161532010453,2.0,-0.0016350838467989546
2023-10-09 16:00:00+00:00,ETHUSDT,VolatilityExpansion,-1,bear,-0.009147876863839999,2.0,-0.011747876863839999
2023-10-09 17:00:00+00:00,ETHUSDT,VolatilityExpansion,-1,bear,-0.0036526847549471775,2.0,-0.006252684754947177
2023-10-09 18:00:00+00:00,ETHUSDT,VolatilityExpansion,-1,bear,-0.008048455635187413,2.0,-0.010648455635187412
2023-10-09 19:00:00+00:00,ETHUSDT,VolatilityExpansion,-1,bear,-0.005522555178107069,2.0,-0.008122555178107069
2023-10-09 20:00:00+00:00,ETHUSDT,VolatilityExpansion,-1,bear,-0.008734289704202203,2.0,-0.011334289704202203
2023-10-09 21:00:00+00:00,ETHUSDT,VolatilityExpansion,-1,bear,-0.006385364339513977,2.0,-0.008985364339513977
2023-10-09 22:00:00+00:00,ETHUSDT,VolatilityExpansion,-1,bear,-0.005748512112482951,2.0,-0.00834851211248295
2023-12-18 11:00:00+00:00,ETHUSDT,VolatilityExpansion,-1,bear,-0.03613074823265894,2.0,-0.038730748232658936
2023-07-24 10:00:00+00:00,SOLUSDT,VolatilityExpansion,-1,bear,0.015027782454958727,2.0,0.011827782454958727
2023-07-24 14:00:00+00:00,SOLUSDT,VolatilityExpansion,-1,bear,-0.009468881811138807,2.0,-0.012668881811138807
2023-07-24 15:00:00+00:00,SOLUSDT,VolatilityExpansion,-1,bear,-0.006895362868470922,2.0,-0.010095362868470922
2023-07-24 16:00:00+00:00,SOLUSDT,VolatilityExpansion,-1,bear,0.005142930613294405,2.0,0.0019429306132944051
2023-07-24 17:00:00+00:00,SOLUSDT,VolatilityExpansion,-1,bear,-0.003618350204608989,2.0,-0.0068183502046089885
2023-07-24 18:00:00+00:00,SOLUSDT,VolatilityExpansion,-1,bear,0.009534396511180376,2.0,0.006334396511180377
2023-07-24 19:00:00+00:00,SOLUSDT,VolatilityExpansion,-1,bear,0.008844618092825551,2.0,0.005644618092825552
2023-07-24 20:00:00+00:00,SOLUSDT,VolatilityExpansion,-1,bear,0.006894779666823614,2.0,0.0036947796668236137
2023-07-31 03:00:00+00:00,SOLUSDT,VolatilityExpansion,-1,bear,0.0287036661118103,2.0,0.0255036661118103
2023-07-31 04:00:00+00:00,SOLUSDT,VolatilityExpansion,-1,bear,0.017642243143675795,2.0,0.014442243143675796
2023-07-31 05:00:00+00:00,SOLUSDT,VolatilityExpansion,-1,bear,0.012334549030856845,2.0,0.009134549030856845
2023-07-31 06:00:00+00:00,SOLUSDT,VolatilityExpansion,-1,bear,0.026977389600848833,2.0,0.023777389600848832
2023-07-31 07:00:00+00:00,SOLUSDT,VolatilityExpansion,-1,bear,0.033450416598595156,2.0,0.030250416598595155
2023-07-31 08:00:00+00:00,SOLUSDT,VolatilityExpansion,-1,bear,0.03497984281467603,2.0,0.03177984281467603
2023-08-01 02:00:00+00:00,SOLUSDT,VolatilityExpansion,-1,bear,0.011883388903137448,2.0,0.008683388903137449
2023-08-17 01:00:00+00:00,SOLUSDT,VolatilityExpansion,-1,bear,0.0034846203484619753,2.0,0.00028462034846197517
2023-08-17 21:00:00+00:00,SOLUSDT,VolatilityExpansion,-1,bear,-0.03292568203198498,2.0,-0.03612568203198498
2023-08-17 22:00:00+00:00,SOLUSDT,VolatilityExpansion,-1,bear,0.0013184215311874414,2.0,-0.0018815784688125587
2023-08-17 23:00:00+00:00,SOLUSDT,VolatilityExpansion,-1,bear,-0.015694239290989564,2.0,-0.018894239290989566
2023-08-18 00:00:00+00:00,SOLUSDT,VolatilityExpansion,-1,bear,0.004416518690525062,2.0,0.0012165186905250618
2023-08-18 01:00:00+00:00,SOLUSDT,VolatilityExpansion,-1,bear,-0.007255694342395369,2.0,-0.010455694342395369
2023-08-18 02:00:00+00:00,SOLUSDT,VolatilityExpansion,-1,bear,-0.021290503314968623,2.0,-0.024490503314968624
2023-08-18 03:00:00+00:00,SOLUSDT,VolatilityExpansion,-1,bear,-0.002738835762696068,2.0,-0.005938835762696068
2023-08-18 04:00:00+00:00,SOLUSDT,VolatilityExpansion,-1,bear,0.014484679665738076,2.0,0.011284679665738076
2023-08-18 05:00:00+00:00,SOLUSDT,VolatilityExpansion,-1,bear,0.022832303820635946,2.0,0.019632303820635945
2023-08-18 06:00:00+00:00,SOLUSDT,VolatilityExpansion,-1,bear,0.025164361822715975,2.0,0.021964361822715973
2023-08-18 07:00:00+00:00,SOLUSDT,VolatilityExpansion,-1,bear,0.03623844899438311,2.0,0.03303844899438311
2023-08-18 08:00:00+00:00,SOLUSDT,VolatilityExpansion,-1,bear,0.038922291035667356,2.0,0.035722291035667354
2023-08-18 09:00:00+00:00,SOLUSDT,VolatilityExpansion,-1,bear,0.028095259778698534,2.0,0.024895259778698532
2023-08-18 10:00:00+00:00,SOLUSDT,VolatilityExpansion,-1,bear,0.026266672736377172,2.0,0.02306667273637717
2023-08-21 15:00:00+00:00,SOLUSDT,VolatilityExpansion,-1,bear,-0.01873762495774356,2.0,-0.02193762495774356
2023-08-21 16:00:00+00:00,SOLUSDT,VolatilityExpansion,-1,bear,-0.0039215686274509665,2.0,-0.007121568627450966
2023-08-21 17:00:00+00:00,SOLUSDT,VolatilityExpansion,-1,bear,0.004172000189636371,2.0,0.000972000189636371
2023-08-21 18:00:00+00:00,SOLUSDT,VolatilityExpansion,-1,bear,-0.004378242040641522,2.0,-0.007578242040641522
2023-08-21 22:00:00+00:00,SOLUSDT,VolatilityExpansion,-1,bear,0.011161870673009111,2.0,0.007961870673009111
2023-08-21 23:00:00+00:00,SOLUSDT,VolatilityExpansion,-1,bear,0.012272255262909537,2.0,0.009072255262909537
2023-08-22 21:00:00+00:00,SOLUSDT,VolatilityExpansion,-1,bear,-0.043986357708897694,2.0,-0.047186357708897696
2023-08-22 22:00:00+00:00,SOLUSDT,VolatilityExpansion,-1,bear,-0.019078526823032016,2.0,-0.022278526823032017
2023-08-22 23:00:00+00:00,SOLUSDT,VolatilityExpansion,-1,bear,-0.0024306061931844702,2.0,-0.00563060619318447
2023-08-23 00:00:00+00:00,SOLUSDT,VolatilityExpansion,-1,bear,-0.00019495077492925894,2.0,-0.003394950774929259
2023-08-23 01:00:00+00:00,SOLUSDT,VolatilityExpansion,-1,bear,-0.008404994412865019,2.0,-0.011604994412865019
2023-08-23 03:00:00+00:00,SOLUSDT,VolatilityExpansion,-1,bear,-0.015745735529960614,2.0,-0.018945735529960615
2023-08-23 04:00:00+00:00,SOLUSDT,VolatilityExpansion,-1,bear,-0.030551777734602492,2.0,-0.033751777734602494
2023-09-10 04:00:00+00:00,SOLUSDT,VolatilityExpansion,-1,bear,0.01660948646735283,2.0,0.01340948646735283
2023-09-10 05:00:00+00:00,SOLUSDT,VolatilityExpansion,-1,bear,0.022575205352771577,2.0,0.019375205352771575
2023-09-10 06:00:00+00:00,SOLUSDT,VolatilityExpansion,-1,bear,0.024070376167089513,2.0,0.020870376167089512
2023-09-10 07:00:00+00:00,SOLUSDT,VolatilityExpansion,-1,bear,0.01874156089657042,2.0,0.01554156089657042
2023-09-10 08:00:00+00:00,SOLUSDT,VolatilityExpansion,-1,bear,-0.0008729812309036244,2.0,-0.004072981230903624
2023-09-10 09:00:00+00:00,SOLUSDT,VolatilityExpansion,-1,bear,-0.008025331659114343,2.0,-0.011225331659114343
2023-09-10 10:00:00+00:00,SOLUSDT,VolatilityExpansion,-1,bear,-0.00218770509735311,2.0,-0.0053877050973531095
2023-09-10 11:00:00+00:00,SOLUSDT,VolatilityExpansion,-1,bear,0.005350221106076303,2.0,0.0021502211060763026
2023-09-10 12:00:00+00:00,SOLUSDT,VolatilityExpansion,-1,bear,0.01838455262442218,2.0,0.01518455262442218
2023-09-10 13:00:00+00:00,SOLUSDT,VolatilityExpansion,-1,bear,0.008936355710549293,2.0,0.005736355710549293
2023-09-10 14:00:00+00:00,SOLUSDT,VolatilityExpansion,-1,bear,-0.010378712597990392,2.0,-0.013578712597990391
2023-09-10 15:00:00+00:00,SOLUSDT,VolatilityExpansion,-1,bear,-0.00797360461919161,2.0,-0.01117360461919161
2023-09-10 16:00:00+00:00,SOLUSDT,VolatilityExpansion,-1,bear,-0.007642042308118269,2.0,-0.010842042308118268
2023-09-10 17:00:00+00:00,SOLUSDT,VolatilityExpansion,-1,bear,-0.0237644701691897,2.0,-0.0269644701691897
2023-09-10 18:00:00+00:00,SOLUSDT,VolatilityExpansion,-1,bear,-0.011391285113912852,2.0,-0.014591285113912852
2023-09-10 19:00:00+00:00,SOLUSDT,VolatilityExpansion,-1,bear,-0.00126603181592988,2.0,-0.00446603181592988
2023-09-10 20:00:00+00:00,SOLUSDT,VolatilityExpansion,-1,bear,0.018698211949411236,2.0,0.015498211949411237
2023-09-10 22:00:00+00:00,SOLUSDT,VolatilityExpansion,-1,bear,0.03825375170532064,2.0,0.035053751705320636
2023-09-10 23:00:00+00:00,SOLUSDT,VolatilityExpansion,-1,bear,0.03139407244785941,2.0,0.02819407244785941
2023-09-11 00:00:00+00:00,SOLUSDT,VolatilityExpansion,-1,bear,0.012245802626475344,2.0,0.009045802626475344
2023-09-11 01:00:00+00:00,SOLUSDT,VolatilityExpansion,-1,bear,0.03244075438500027,2.0,0.02924075438500027
2023-09-11 02:00:00+00:00,SOLUSDT,VolatilityExpansion,-1,bear,0.0386842967981641,2.0,0.035484296798164096
2023-09-11 03:00:00+00:00,SOLUSDT,VolatilityExpansion,-1,bear,0.027441352973267663,2.0,0.02424135297326766
2023-09-11 04:00:00+00:00,SOLUSDT,VolatilityExpansion,-1,bear,0.02692899538360094,2.0,0.02372899538360094
2024-01-02 00:00:00+00:00,BTCUSDT,VolatilityExpansion,1,bull,0.0038822745613626974,2.0,0.0014822745613626977
2024-01-02 01:00:00+00:00,BTCUSDT,VolatilityExpansion,1,bull,0.01691206748800833,2.0,0.014512067488008332
2024-01-02 02:00:00+00:00,BTCUSDT,VolatilityExpansion,1,bull,-0.0027829150154117244,2.0,-0.005182915015411724
2024-01-02 03:00:00+00:00,BTCUSDT,VolatilityExpansion,1,bull,-0.004839891801236562,2.0,-0.0072398918012365615
2024-01-02 04:00:00+00:00,BTCUSDT,VolatilityExpansion,1,bull,0.004023312652754241,2.0,0.0016233126527542409
2024-01-02 05:00:00+00:00,BTCUSDT,VolatilityExpansion,1,bull,-0.004798952634116338,2.0,-0.007198952634116337
2024-01-02 06:00:00+00:00,BTCUSDT,VolatilityExpansion,1,bull,-0.00030750239475785257,2.0,-0.0027075023947578524
2024-01-02 07:00:00+00:00,BTCUSDT,VolatilityExpansion,1,bull,-0.009284414316988898,2.0,-0.011684414316988898
2024-01-02 08:00:00+00:00,BTCUSDT,VolatilityExpansion,1,bull,-0.02164271620890168,2.0,-0.02404271620890168
2024-01-02 09:00:00+00:00,BTCUSDT,VolatilityExpansion,1,bull,-0.012573802755302843,2.0,-0.014973802755302842
2024-01-02 10:00:00+00:00,BTCUSDT,VolatilityExpansion,1,bull,-0.014215092529519913,2.0,-0.016615092529519912
2024-01-02 11:00:00+00:00,BTCUSDT,VolatilityExpansion,1,bull,-0.01114609073401518,2.0,-0.013546090734015179
2024-01-02 12:00:00+00:00,BTCUSDT,VolatilityExpansion,1,bull,-0.0041230203439084345,2.0,-0.006523020343908434
2024-01-02 13:00:00+00:00,BTCUSDT,VolatilityExpansion,1,bull,-0.007407050706777829,2.0,-0.009807050706777828
2024-01-02 14:00:00+00:00,BTCUSDT,VolatilityExpansion,1,bull,0.00042390188437635423,2.0,-0.0019760981156236456
2024-01-08 12:00:00+00:00,BTCUSDT,VolatilityExpansion,1,bull,0.035019921113719876,2.0,0.03261992111371988
2024-01-08 13:00:00+00:00,BTCUSDT,VolatilityExpansion,1,bull,0.036935695377360744,2.0,0.034535695377360745
2024-01-08 14:00:00+00:00,BTCUSDT,VolatilityExpansion,1,bull,0.04465764924956561,2.0,0.04225764924956561
2024-01-08 15:00:00+00:00,BTCUSDT,VolatilityExpansion,1,bull,0.04365383802871725,2.0,0.04125383802871725
2024-01-08 16:00:00+00:00,BTCUSDT,VolatilityExpansion,1,bull,0.04154715360497385,2.0,0.03914715360497385
2024-01-08 17:00:00+00:00,BTCUSDT,VolatilityExpansion,1,bull,0.02361562982680998,2.0,0.02121562982680998
2024-01-08 18:00:00+00:00,BTCUSDT,VolatilityExpansion,1,bull,-0.003734306438804458,2.0,-0.006134306438804457
2024-01-08 19:00:00+00:00,BTCUSDT,VolatilityExpansion,1,bull,-0.0035335087678244337,2.0,-0.005933508767824433
2024-01-08 20:00:00+00:00,BTCUSDT,VolatilityExpansion,1,bull,-0.005211972792604547,2.0,-0.007611972792604546
2024-01-08 21:00:00+00:00,BTCUSDT,VolatilityExpansion,1,bull,-0.012517202127117266,2.0,-0.014917202127117266
2024-01-08 22:00:00+00:00,BTCUSDT,VolatilityExpansion,1,bull,-0.011941809735106279,2.0,-0.014341809735106278
2024-01-08 23:00:00+00:00,BTCUSDT,VolatilityExpansion,1,bull,-0.007412832161728278,2.0,-0.009812832161728277
2024-01-09 00:00:00+00:00,BTCUSDT,VolatilityExpansion,1,bull,-0.010856363118355361,2.0,-0.01325636311835536
2024-01-09 01:00:00+00:00,BTCUSDT,VolatilityExpansion,1,bull,0.0055909822866344605,2.0,0.0031909822866344607
2024-01-09 02:00:00+00:00,BTCUSDT,VolatilityExpansion,1,bull,-0.004864547154688759,2.0,-0.007264547154688758
2024-01-09 03:00:00+00:00,BTCUSDT,VolatilityExpansion,1,bull,-0.0013615240546568375,2.0,-0.0037615240546568372
2024-01-09 04:00:00+00:00,BTCUSDT,VolatilityExpansion,1,bull,0.0020253640527789774,2.0,-0.00037463594722102244
2024-01-10 22:00:00+00:00,BTCUSDT,VolatilityExpansion,1,bull,-0.0007909182966476802,2.0,-0.00319091829664768
2024-01-10 23:00:00+00:00,BTCUSDT,VolatilityExpansion,1,bull,0.008689968497524792,2.0,0.006289968497524792
2024-01-11 00:00:00+00:00,BTCUSDT,VolatilityExpansion,1,bull,0.01660378652029615,2.0,0.01420378652029615
2024-01-11 01:00:00+00:00,BTCUSDT,VolatilityExpansion,1,bull,0.017692074475290642,2.0,0.015292074475290643
2024-02-09 14:00:00+00:00,BTCUSDT,VolatilityExpansion,1,bull,0.005228858195916342,2.0,0.002828858195916342
2024-02-09 15:00:00+00:00,BTCUSDT,VolatilityExpansion,1,bull,0.004877272630842144,2.0,0.0024772726308421446
2024-02-09 18:00:00+00:00,BTCUSDT,VolatilityExpansion,1,bull,-0.005167801173105557,2.0,-0.007567801173105557
2024-02-09 19:00:00+00:00,BTCUSDT,VolatilityExpansion,1,bull,-0.007492687364566208,2.0,-0.009892687364566208
2024-02-09 20:00:00+00:00,BTCUSDT,VolatilityExpansion,1,bull,-0.00869281389839438,2.0,-0.01109281389839438
2024-02-09 21:00:00+00:00,BTCUSDT,VolatilityExpansion,1,bull,-0.009056044277738318,2.0,-0.011456044277738317
2024-02-12 18:00:00+00:00,BTCUSDT,VolatilityExpansion,1,bull,0.005511158991510223,2.0,0.0031111589915102235
2024-02-12 19:00:00+00:00,BTCUSDT,VolatilityExpansion,1,bull,0.00956688646285575,2.0,0.007166886462855751
2024-02-12 20:00:00+00:00,BTCUSDT,VolatilityExpansion,1,bull,-0.0005161676050022823,2.0,-0.002916167605002282
2024-02-12 21:00:00+00:00,BTCUSDT,VolatilityExpansion,1,bull,0.008072574916625497,2.0,0.005672574916625497
2024-02-12 22:00:00+00:00,BTCUSDT,VolatilityExpansion,1,bull,-0.0032494004796163045,2.0,-0.005649400479616304
2024-02-12 23:00:00+00:00,BTCUSDT,VolatilityExpansion,1,bull,0.0012093641627757279,2.0,-0.001190635837224272
2024-02-13 00:00:00+00:00,BTCUSDT,VolatilityExpansion,1,bull,-0.0049316708229425466,2.0,-0.007331670822942546
2024-02-13 01:00:00+00:00,BTCUSDT,VolatilityExpansion,1,bull,-0.012330124377762264,2.0,-0.014730124377762263
2024-02-13 02:00:00+00:00,BTCUSDT,VolatilityExpansion,1,bull,-0.025175508112997624,2.0,-0.027575508112997624
2024-02-13 03:00:00+00:00,BTCUSDT,VolatilityExpansion,1,bull,-0.021295260961297968,2.0,-0.023695260961297968
2024-02-20 19:00:00+00:00,BTCUSDT,VolatilityExpansion,1,bull,-0.010191593517893227,2.0,-0.012591593517893226
2024-02-20 20:00:00+00:00,BTCUSDT,VolatilityExpansion,1,bull,-0.0060576932319552634,2.0,-0.008457693231955263
2024-02-20 21:00:00+00:00,BTCUSDT,VolatilityExpansion,1,bull,-0.017993544916621862,2.0,-0.02039354491662186
2024-02-20 22:00:00+00:00,BTCUSDT,VolatilityExpansion,1,bull,-0.017210658614717378,2.0,-0.019610658614717377
2024-02-20 23:00:00+00:00,BTCUSDT,VolatilityExpansion,1,bull,-0.02503379715587617,2.0,-0.02743379715587617
2024-02-21 00:00:00+00:00,BTCUSDT,VolatilityExpansion,1,bull,-0.016674520260356207,2.0,-0.019074520260356206
2024-02-26 16:00:00+00:00,BTCUSDT,VolatilityExpansion,1,bull,0.044613568018802674,2.0,0.042213568018802675
2024-02-26 17:00:00+00:00,BTCUSDT,VolatilityExpansion,1,bull,0.048197945845004586,2.0,0.04579794584500459
2024-02-26 18:00:00+00:00,BTCUSDT,VolatilityExpansion,1,bull,0.051683176440751266,2.0,0.04928317644075127
2024-02-26 19:00:00+00:00,BTCUSDT,VolatilityExpansion,1,bull,0.028768851593216516,2.0,0.026368851593216516
2024-02-26 20:00:00+00:00,BTCUSDT,VolatilityExpansion,1,bull,0.03305751758485975,2.0,0.030657517584859753
2024-02-26 21:00:00+00:00,BTCUSDT,VolatilityExpansion,1,bull,0.03615546245380208,2.0,0.03375546245380208
2024-02-26 22:00:00+00:00,BTCUSDT,VolatilityExpansion,1,bull,0.03397312859884827,2.0,0.03157312859884827
2024-02-26 23:00:00+00:00,BTCUSDT,VolatilityExpansion,1,bull,0.03796799586143895,2.0,0.03556799586143895
2024-02-27 00:00:00+00:00,BTCUSDT,VolatilityExpansion,1,bull,0.041081263244265864,2.0,0.038681263244265865
2024-02-27 01:00:00+00:00,BTCUSDT,VolatilityExpansion,1,bull,0.023338041759984884,2.0,0.020938041759984885
2024-02-27 02:00:00+00:00,BTCUSDT,VolatilityExpansion,1,bull,0.010441476692752527,2.0,0.008041476692752528
2024-02-27 03:00:00+00:00,BTCUSDT,VolatilityExpansion,1,bull,0.01796385712825721,2.0,0.01556385712825721
2024-02-27 04:00:00+00:00,BTCUSDT,VolatilityExpansion,1,bull,0.022591046701180506,2.0,0.020191046701180507
2024-02-27 05:00:00+00:00,BTCUSDT,VolatilityExpansion,1,bull,0.011991569735850582,2.0,0.009591569735850583
2024-02-27 06:00:00+00:00,BTCUSDT,VolatilityExpansion,1,bull,0.013414024349158282,2.0,0.011014024349158283
2024-02-27 07:00:00+00:00,BTCUSDT,VolatilityExpansion,1,bull,0.02300530658590616,2.0,0.02060530658590616
2024-02-27 08:00:00+00:00,BTCUSDT,VolatilityExpansion,1,bull,0.012757975066703287,2.0,0.010357975066703287
2024-02-27 09:00:00+00:00,BTCUSDT,VolatilityExpansion,1,bull,0.0016819477413718698,2.0,-0.00071805225862813
2024-02-27 10:00:00+00:00,BTCUSDT,VolatilityExpansion,1,bull,0.0065731434582372295,2.0,0.00417314345823723
2024-02-27 11:00:00+00:00,BTCUSDT,VolatilityExpansion,1,bull,0.008714878034124185,2.0,0.006314878034124186
2024-02-27 12:00:00+00:00,BTCUSDT,VolatilityExpansion,1,bull,0.0038140677172946447,2.0,0.0014140677172946449
2024-02-27 13:00:00+00:00,BTCUSDT,VolatilityExpansion,1,bull,-0.006081079899021846,2.0,-0.008481079899021846
2024-02-27 14:00:00+00:00,BTCUSDT,VolatilityExpansion,1,bull,-0.000840087060379302,2.0,-0.003240087060379302
2024-02-27 15:00:00+00:00,BTCUSDT,VolatilityExpansion,1,bull,0.0033148334393071632,2.0,0.0009148334393071634
2024-02-27 16:00:00+00:00,BTCUSDT,VolatilityExpansion,1,bull,0.002943026166655871,2.0,0.0005430261666558712
2024-02-28 17:00:00+00:00,BTCUSDT,VolatilityExpansion,1,bull,0.018759415498846632,2.0,0.016359415498846633
2024-02-28 18:00:00+00:00,BTCUSDT,VolatilityExpansion,1,bull,0.030695244509248765,2.0,0.028295244509248765
2024-02-28 19:00:00+00:00,BTCUSDT,VolatilityExpansion,1,bull,0.02832411424676562,2.0,0.02592411424676562
2024-02-28 20:00:00+00:00,BTCUSDT,VolatilityExpansion,1,bull,0.03984990755654927,2.0,0.03744990755654927
2024-02-28 21:00:00+00:00,BTCUSDT,VolatilityExpansion,1,bull,0.035646583085443995,2.0,0.033246583085443995
2024-02-28 22:00:00+00:00,BTCUSDT,VolatilityExpansion,1,bull,0.024068366032258703,2.0,0.021668366032258704
2024-02-28 23:00:00+00:00,BTCUSDT,VolatilityExpansion,1,bull,0.008512047932479838,2.0,0.006112047932479839
2024-02-29 00:00:00+00:00,BTCUSDT,VolatilityExpansion,1,bull,0.020731973223031774,2.0,0.018331973223031775
2024-02-29 01:00:00+00:00,BTCUSDT,VolatilityExpansion,1,bull,0.0247818010884735,2.0,0.0223818010884735
2024-02-29 02:00:00+00:00,BTCUSDT,VolatilityExpansion,1,bull,0.018241629212483623,2.0,0.015841629212483624
2024-02-29 03:00:00+00:00,BTCUSDT,VolatilityExpansion,1,bull,0.018989723971667205,2.0,0.016589723971667206
2024-02-29 04:00:00+00:00,BTCUSDT,VolatilityExpansion,1,bull,-0.004741579897620252,2.0,-0.007141579897620251
2024-02-29 05:00:00+00:00,BTCUSDT,VolatilityExpansion,1,bull,-0.024560490187780726,2.0,-0.026960490187780725
2024-02-29 06:00:00+00:00,BTCUSDT,VolatilityExpansion,1,bull,-0.03381260962929833,2.0,-0.03621260962929833
2024-03-04 01:00:00+00:00,BTCUSDT,VolatilityExpansion,1,bull,0.024911502128509344,2.0,0.022511502128509345
2024-03-04 02:00:00+00:00,BTCUSDT,VolatilityExpansion,1,bull,0.0388878169077056,2.0,0.0364878169077056
2024-03-04 03:00:00+00:00,BTCUSDT,VolatilityExpansion,1,bull,0.04693344247843334,2.0,0.04453344247843334
2024-03-04 04:00:00+00:00,BTCUSDT,VolatilityExpansion,1,bull,0.04614792713567839,2.0,0.04374792713567839
2024-03-04 05:00:00+00:00,BTCUSDT,VolatilityExpansion,1,bull,0.05566972262921066,2.0,0.05326972262921066
2024-03-04 06:00:00+00:00,BTCUSDT,VolatilityExpansion,1,bull,0.046161689844773424,2.0,0.043761689844773424
2024-03-04 07:00:00+00:00,BTCUSDT,VolatilityExpansion,1,bull,0.052441804973752504,2.0,0.050041804973752504
2024-03-04 08:00:00+00:00,BTCUSDT,VolatilityExpansion,1,bull,0.03297959783442228,2.0,0.03057959783442228
2024-03-04 09:00:00+00:00,BTCUSDT,VolatilityExpansion,1,bull,0.031645453460948936,2.0,0.029245453460948936
2024-03-04 10:00:00+00:00,BTCUSDT,VolatilityExpansion,1,bull,0.043645890729488324,2.0,0.041245890729488324
2024-03-04 11:00:00+00:00,BTCUSDT,VolatilityExpansion,1,bull,0.04566409294193119,2.0,0.04326409294193119
2024-03-04 12:00:00+00:00,BTCUSDT,VolatilityExpansion,1,bull,0.04469945506051398,2.0,0.04229945506051398
2024-03-04 13:00:00+00:00,BTCUSDT,VolatilityExpansion,1,bull,0.052628913987783355,2.0,0.050228913987783355
2024-03-04 14:00:00+00:00,BTCUSDT,VolatilityExpansion,1,bull,0.030223318842045988,2.0,0.027823318842045988
2024-03-04 15:00:00+00:00,BTCUSDT,VolatilityExpansion,1,bull,0.025537775879853397,2.0,0.023137775879853398
2024-03-04 16:00:00+00:00,BTCUSDT,VolatilityExpansion,1,bull,0.01247845953394533,2.0,0.01007845953394533
2024-03-04 17:00:00+00:00,BTCUSDT,VolatilityExpansion,1,bull,0.0018883709812356209,2.0,-0.0005116290187643789
2024-03-04 18:00:00+00:00,BTCUSDT,VolatilityExpansion,1,bull,0.010199705495125055,2.0,0.007799705495125056
2024-03-04 19:00:00+00:00,BTCUSDT,VolatilityExpansion,1,bull,-0.018662422647414356,2.0,-0.021062422647414356
2024-03-04 20:00:00+00:00,BTCUSDT,VolatilityExpansion,1,bull,-0.007761621316452638,2.0,-0.010161621316452638
2024-03-04 21:00:00+00:00,BTCUSDT,VolatilityExpansion,1,bull,-0.013843774971202039,2.0,-0.016243774971202038
2024-03-04 22:00:00+00:00,BTCUSDT,VolatilityExpansion,1,bull,-0.01610941578734504,2.0,-0.018509415787345038
2024-03-04 23:00:00+00:00,BTCUSDT,VolatilityExpansion,1,bull,-0.022658554977195045,2.0,-0.025058554977195044
2024-03-05 00:00:00+00:00,BTCUSDT,VolatilityExpansion,1,bull,-0.010499997797819183,2.0,-0.012899997797819182
2024-03-05 01:00:00+00:00,BTCUSDT,VolatilityExpansion,1,bull,-0.010954267572744203,2.0,-0.013354267572744202
2024-03-05 02:00:00+00:00,BTCUSDT,VolatilityExpansion,1,bull,0.008565749898864494,2.0,0.006165749898864495
2024-03-05 03:00:00+00:00,BTCUSDT,VolatilityExpansion,1,bull,-0.019975455877027093,2.0,-0.022375455877027092
2024-03-05 04:00:00+00:00,BTCUSDT,VolatilityExpansion,1,bull,-0.02705976544546096,2.0,-0.02945976544546096
2024-03-05 05:00:00+00:00,BTCUSDT,VolatilityExpansion,1,bull,-0.02090142911676285,2.0,-0.023301429116762848
2024-03-05 06:00:00+00:00,BTCUSDT,VolatilityExpansion,1,bull,-0.04887447397522582,2.0,-0.05127447397522582
2024-03-05 08:00:00+00:00,BTCUSDT,VolatilityExpansion,1,bull,-0.07474985812849078,2.0,-0.07714985812849078
2024-03-05 10:00:00+00:00,BTCUSDT,VolatilityExpansion,1,bull,-0.05176070706300717,2.0,-0.05416070706300717
2024-03-11 07:00:00+00:00,BTCUSDT,VolatilityExpansion,1,bull,0.01147648471931495,2.0,0.00907648471931495
2024-03-11 08:00:00+00:00,BTCUSDT,VolatilityExpansion,1,bull,0.012213419336745357,2.0,0.009813419336745358
2024-03-11 09:00:00+00:00,BTCUSDT,VolatilityExpansion,1,bull,0.009744820890581263,2.0,0.007344820890581263
2024-03-11 10:00:00+00:00,BTCUSDT,VolatilityExpansion,1,bull,0.013097398542311955,2.0,0.010697398542311956
2024-03-11 11:00:00+00:00,BTCUSDT,VolatilityExpansion,1,bull,0.008317658534404027,2.0,0.005917658534404027
2024-03-11 12:00:00+00:00,BTCUSDT,VolatilityExpansion,1,bull,0.00012767280236247736,2.0,-0.0022723271976375224
2024-03-11 13:00:00+00:00,BTCUSDT,VolatilityExpansion,1,bull,0.013210886653470366,2.0,0.010810886653470367
2024-03-11 14:00:00+00:00,BTCUSDT,VolatilityExpansion,1,bull,0.0003723291611246182,2.0,-0.0020276708388753816
2024-03-11 15:00:00+00:00,BTCUSDT,VolatilityExpansion,1,bull,-0.005382917044238877,2.0,-0.007782917044238877
2024-03-11 16:00:00+00:00,BTCUSDT,VolatilityExpansion,1,bull,-0.009634822054813363,2.0,-0.012034822054813363
2024-03-11 17:00:00+00:00,BTCUSDT,VolatilityExpansion,1,bull,-0.006960908639797148,2.0,-0.009360908639797147
2024-03-11 18:00:00+00:00,BTCUSDT,VolatilityExpansion,1,bull,-0.00311616643994872,2.0,-0.005516166439948719
2024-03-11 19:00:00+00:00,BTCUSDT,VolatilityExpansion,1,bull,0.0018628203544355237,2.0,-0.000537179645564476
2024-03-11 20:00:00+00:00,BTCUSDT,VolatilityExpansion,1,bull,-0.005998393040201666,2.0,-0.008398393040201665
2024-04-08 13:00:00+00:00,BTCUSDT,VolatilityExpansion,1,bull,-0.009392345002694591,2.0,-0.01179234500269459
2024-04-08 14:00:00+00:00,BTCUSDT,VolatilityExpansion,1,bull,-0.0035469045386724574,2.0,-0.005946904538672457
2024-04-08 15:00:00+00:00,BTCUSDT,VolatilityExpansion,1,bull,-0.006637824319751795,2.0,-0.009037824319751794
2024-04-08 16:00:00+00:00,BTCUSDT,VolatilityExpansion,1,bull,-0.0073259511965441115,2.0,-0.009725951196544111
2024-04-08 17:00:00+00:00,BTCUSDT,VolatilityExpansion,1,bull,-0.00877612381359949,2.0,-0.01117612381359949
2024-04-08 18:00:00+00:00,BTCUSDT,VolatilityExpansion,1,bull,-0.015715145441885014,2.0,-0.018115145441885014
2024-05-15 19:00:00+00:00,BTCUSDT,VolatilityExpansion,1,bull,0.0021285756735940353,2.0,-0.00027142432640596447
2024-05-15 20:00:00+00:00,BTCUSDT,VolatilityExpansion,1,bull,0.005432399254031495,2.0,0.003032399254031495
2024-05-15 21:00:00+00:00,BTCUSDT,VolatilityExpansion,1,bull,0.0073592514676732446,2.0,0.004959251467673245
2024-05-15 22:00:00+00:00,BTCUSDT,VolatilityExpansion,1,bull,0.0007914816597203167,2.0,-0.001608518340279683
2024-05-15 23:00:00+00:00,BTCUSDT,VolatilityExpansion,1,bull,0.0046603420606450285,2.0,0.0022603420606450287
2024-05-16 00:00:00+00:00,BTCUSDT,VolatilityExpansion,1,bull,-0.0012035188165246957,2.0,-0.0036035188165246955
2024-05-20 17:00:00+00:00,BTCUSDT,VolatilityExpansion,1,bull,0.04308100494036138,2.0,0.04068100494036138
2024-05-20 18:00:00+00:00,BTCUSDT,VolatilityExpansion,1,bull,0.037382538023173595,2.0,0.034982538023173596
2024-05-20 19:00:00+00:00,BTCUSDT,VolatilityExpansion,1,bull,0.013284949961783754,2.0,0.010884949961783755
2024-05-20 20:00:00+00:00,BTCUSDT,VolatilityExpansion,1,bull,0.021305223773204762,2.0,0.018905223773204763
2024-05-20 21:00:00+00:00,BTCUSDT,VolatilityExpansion,1,bull,0.019288881236279254,2.0,0.016888881236279255
2024-05-20 22:00:00+00:00,BTCUSDT,VolatilityExpansion,1,bull,0.02201426896012504,2.0,0.01961426896012504
2024-05-20 23:00:00+00:00,BTCUSDT,VolatilityExpansion,1,bull,-0.0042467449784164835,2.0,-0.006646744978416483
2024-05-21 00:00:00+00:00,BTCUSDT,VolatilityExpansion,1,bull,0.0005718514531753982,2.0,-0.0018281485468246016
2024-05-21 01:00:00+00:00,BTCUSDT,VolatilityExpansion,1,bull,-0.007056610352507264,2.0,-0.009456610352507264
2024-05-21 02:00:00+00:00,BTCUSDT,VolatilityExpansion,1,bull,-0.014877734444570523,2.0,-0.017277734444570522
2024-05-21 03:00:00+00:00,BTCUSDT,VolatilityExpansion,1,bull,-0.020313023581222,2.0,-0.022713023581222
2024-05-21 04:00:00+00:00,BTCUSDT,VolatilityExpansion,1,bull,-0.017386855779434773,2.0,-0.019786855779434773
2024-05-21 05:00:00+00:00,BTCUSDT,VolatilityExpansion,1,bull,-0.018564868950976088,2.0,-0.020964868950976087
2024-05-21 06:00:00+00:00,BTCUSDT,VolatilityExpansion,1,bull,-0.019135599738383635,2.0,-0.021535599738383635
2024-05-21 07:00:00+00:00,BTCUSDT,VolatilityExpansion,1,bull,-0.022679880382876383,2.0,-0.025079880382876382
2024-05-21 08:00:00+00:00,BTCUSDT,VolatilityExpansion,1,bull,-0.017198670998977095,2.0,-0.019598670998977094
2024-05-27 16:00:00+00:00,BTCUSDT,VolatilityExpansion,1,bull,-0.034399528371743315,2.0,-0.036799528371743315
2024-05-27 18:00:00+00:00,BTCUSDT,VolatilityExpansion,1,bull,-0.029259886900793397,2.0,-0.031659886900793396
2024-05-27 19:00:00+00:00,BTCUSDT,VolatilityExpansion,1,bull,-0.022885253377086356,2.0,-0.025285253377086356
2024-05-27 20:00:00+00:00,BTCUSDT,VolatilityExpansion,1,bull,-0.021884007443403353,2.0,-0.024284007443403352
2024-05-27 21:00:00+00:00,BTCUSDT,VolatilityExpansion,1,bull,-0.021173984079775776,2.0,-0.023573984079775775
2024-05-27 22:00:00+00:00,BTCUSDT,VolatilityExpansion,1,bull,-0.014704615172508761,2.0,-0.01710461517250876
2024-05-27 23:00:00+00:00,BTCUSDT,VolatilityExpansion,1,bull,-0.015119166732650458,2.0,-0.017519166732650457
2024-05-28 00:00:00+00:00,BTCUSDT,VolatilityExpansion,1,bull,-0.01691899399485941,2.0,-0.01931899399485941
2024-06-03 08:00:00+00:00,BTCUSDT,VolatilityExpansion,1,bull,-0.0003931919962298913,2.0,-0.002793191996229891
2024-06-03 11:00:00+00:00,BTCUSDT,VolatilityExpansion,1,bull,-0.003965251607583431,2.0,-0.00636525160758343
2024-06-03 12:00:00+00:00,BTCUSDT,VolatilityExpansion,1,bull,-0.010767617197238621,2.0,-0.01316761719723862
2024-06-03 13:00:00+00:00,BTCUSDT,VolatilityExpansion,1,bull,-0.008165533201298758,2.0,-0.010565533201298757
2024-06-03 14:00:00+00:00,BTCUSDT,VolatilityExpansion,1,bull,0.005172914850334109,2.0,0.0027729148503341096
2024-06-03 15:00:00+00:00,BTCUSDT,VolatilityExpansion,1,bull,-0.006473797559224614,2.0,-0.008873797559224614
2024-06-03 16:00:00+00:00,BTCUSDT,VolatilityExpansion,1,bull,-0.0003616783030632176,2.0,-0.0027616783030632174
2024-06-03 17:00:00+00:00,BTCUSDT,VolatilityExpansion,1,bull,-0.004537591310909361,2.0,-0.006937591310909361
2024-06-03 18:00:00+00:00,BTCUSDT,VolatilityExpansion,1,bull,-0.0057486100795374195,2.0,-0.008148610079537419
2024-06-03 19:00:00+00:00,BTCUSDT,VolatilityExpansion,1,bull,-0.0029238837261685857,2.0,-0.005323883726168585
2024-06-03 20:00:00+00:00,BTCUSDT,VolatilityExpansion,1,bull,-0.003995661605206147,2.0,-0.006395661605206146
2024-06-03 21:00:00+00:00,BTCUSDT,VolatilityExpansion,1,bull,-0.0054477781426346406,2.0,-0.00784777814263464
2024-06-03 22:00:00+00:00,BTCUSDT,VolatilityExpansion,1,bull,-0.0022898233130645984,2.0,-0.004689823313064598
2024-06-04 00:00:00+00:00,BTCUSDT,VolatilityExpansion,1,bull,-0.0007473809078940574,2.0,-0.003147380907894057
2024-06-04 01:00:00+00:00,BTCUSDT,VolatilityExpansion,1,bull,0.004428247802841456,2.0,0.0020282478028414565
2024-06-10 18:00:00+00:00,BTCUSDT,VolatilityExpansion,1,bull,-0.030961440221396352,2.0,-0.03336144022139635
2024-01-09 22:00:00+00:00,ETHUSDT,VolatilityExpansion,1,bull,0.025641135163765094,2.0,0.023041135163765096
2024-01-09 23:00:00+00:00,ETHUSDT,VolatilityExpansion,1,bull,0.02501354331514749,2.0,0.022413543315147492
2024-01-10 00:00:00+00:00,ETHUSDT,VolatilityExpansion,1,bull,-0.016236918986275994,2.0,-0.018836918986275993
2024-01-10 01:00:00+00:00,ETHUSDT,VolatilityExpansion,1,bull,0.000639431915224753,2.0,-0.001960568084775247
2024-01-10 02:00:00+00:00,ETHUSDT,VolatilityExpansion,1,bull,0.016518895163144975,2.0,0.013918895163144976
2024-01-10 03:00:00+00:00,ETHUSDT,VolatilityExpansion,1,bull,0.0374145195096649,2.0,0.0348145195096649
2024-01-10 04:00:00+00:00,ETHUSDT,VolatilityExpansion,1,bull,0.011689740918713776,2.0,0.009089740918713776
2024-01-10 09:00:00+00:00,ETHUSDT,VolatilityExpansion,1,bull,0.041844056396539875,2.0,0.03924405639653988
2024-01-10 10:00:00+00:00,ETHUSDT,VolatilityExpansion,1,bull,0.06086148951145054,2.0,0.05826148951145054
2024-01-10 20:00:00+00:00,ETHUSDT,VolatilityExpansion,1,bull,0.0526031983646007,2.0,0.0500031983646007
2024-01-10 21:00:00+00:00,ETHUSDT,VolatilityExpansion,1,bull,0.032212253552327486,2.0,0.029612253552327487
2024-01-10 22:00:00+00:00,ETHUSDT,VolatilityExpansion,1,bull,0.035256523497151804,2.0,0.032656523497151806
2024-01-10 23:00:00+00:00,ETHUSDT,VolatilityExpansion,1,bull,0.027987361793790022,2.0,0.025387361793790024
2024-01-11 00:00:00+00:00,ETHUSDT,VolatilityExpansion,1,bull,0.015492547160402825,2.0,0.012892547160402825
2024-01-11 01:00:00+00:00,ETHUSDT,VolatilityExpansion,1,bull,0.026259858151611137,2.0,0.02365985815161114
2024-01-11 02:00:00+00:00,ETHUSDT,VolatilityExpansion,1,bull,0.039811847850935056,2.0,0.03721184785093506
2024-01-11 03:00:00+00:00,ETHUSDT,VolatilityExpansion,1,bull,0.000596992078374381,2.0,-0.002003007921625619
2024-02-12 17:00:00+00:00,ETHUSDT,VolatilityExpansion,1,bull,0.01715599846684568,2.0,0.014555998466845679
2024-02-12 18:00:00+00:00,ETHUSDT,VolatilityExpansion,1,bull,0.00991877359569826,2.0,0.0073187735956982605
2024-02-12 19:00:00+00:00,ETHUSDT,VolatilityExpansion,1,bull,0.015071373582390857,2.0,0.012471373582390857
2024-02-12 20:00:00+00:00,ETHUSDT,VolatilityExpansion,1,bull,0.008355850230467032,2.0,0.0057558502304670325
2024-02-12 21:00:00+00:00,ETHUSDT,VolatilityExpansion,1,bull,0.01780449253776717,2.0,0.01520449253776717
2024-02-12 22:00:00+00:00,ETHUSDT,VolatilityExpansion,1,bull,0.0051966635913462955,2.0,0.0025966635913462956
2024-02-12 23:00:00+00:00,ETHUSDT,VolatilityExpansion,1,bull,0.008358042925164844,2.0,0.005758042925164844
2024-02-13 00:00:00+00:00,ETHUSDT,VolatilityExpansion,1,bull,0.0025440144473043436,2.0,-5.598555269565632e-05
2024-02-13 01:00:00+00:00,ETHUSDT,VolatilityExpansion,1,bull,-0.012985461806916399,2.0,-0.015585461806916398
2024-02-13 02:00:00+00:00,ETHUSDT,VolatilityExpansion,1,bull,-0.008478945645178926,2.0,-0.011078945645178926
2024-02-13 03:00:00+00:00,ETHUSDT,VolatilityExpansion,1,bull,-0.0036633363608841174,2.0,-0.006263336360884117
2024-02-13 04:00:00+00:00,ETHUSDT,VolatilityExpansion,1,bull,-0.016608447725684927,2.0,-0.019208447725684925
2024-02-13 05:00:00+00:00,ETHUSDT,VolatilityExpansion,1,bull,-0.012420066546837139,2.0,-0.015020066546837138
2024-02-13 06:00:00+00:00,ETHUSDT,VolatilityExpansion,1,bull,-0.006483355485741971,2.0,-0.00908335548574197
2024-02-13 21:00:00+00:00,ETHUSDT,VolatilityExpansion,1,bull,0.04357288545025706,2.0,0.04097288545025706
2024-02-20 19:00:00+00:00,ETHUSDT,VolatilityExpansion,1,bull,-0.015507507788891761,2.0,-0.01810750778889176
2024-02-20 20:00:00+00:00,ETHUSDT,VolatilityExpansion,1,bull,-0.012307186295963168,2.0,-0.014907186295963168
2024-02-20 21:00:00+00:00,ETHUSDT,VolatilityExpansion,1,bull,-0.029701546446917804,2.0,-0.0323015464469178
2024-02-27 03:00:00+00:00,ETHUSDT,VolatilityExpansion,1,bull,0.0029856119573448137,2.0,0.0003856119573448138
2024-02-28 17:00:00+00:00,ETHUSDT,VolatilityExpansion,1,bull,0.037669943526458916,2.0,0.03506994352645892
2024-02-28 18:00:00+00:00,ETHUSDT,VolatilityExpansion,1,bull,0.04870772954130875,2.0,0.046107729541308755
2024-02-28 21:00:00+00:00,ETHUSDT,VolatilityExpansion,1,bull,0.042537266324588874,2.0,0.039937266324588876
2024-02-28 22:00:00+00:00,ETHUSDT,VolatilityExpansion,1,bull,0.04019213743928418,2.0,0.03759213743928418
2024-02-28 23:00:00+00:00,ETHUSDT,VolatilityExpansion,1,bull,0.039408692468711815,2.0,0.036808692468711816
2024-02-29 00:00:00+00:00,ETHUSDT,VolatilityExpansion,1,bull,0.003520658192400994,2.0,0.000920658192400994
2024-02-29 01:00:00+00:00,ETHUSDT,VolatilityExpansion,1,bull,0.017300451862215516,2.0,0.014700451862215516
2024-02-29 02:00:00+00:00,ETHUSDT,VolatilityExpansion,1,bull,0.01914887997393988,2.0,0.016548879973939883
2024-02-29 03:00:00+00:00,ETHUSDT,VolatilityExpansion,1,bull,0.017276958973817758,2.0,0.014676958973817758
2024-02-29 04:00:00+00:00,ETHUSDT,VolatilityExpansion,1,bull,-0.0014089284316538553,2.0,-0.004008928431653855
2024-02-29 05:00:00+00:00,ETHUSDT,VolatilityExpansion,1,bull,-0.024136352249069182,2.0,-0.02673635224906918
2024-02-29 06:00:00+00:00,ETHUSDT,VolatilityExpansion,1,bull,-0.031215555249380023,2.0,-0.03381555524938002
2024-03-04 18:00:00+00:00,ETHUSDT,VolatilityExpansion,1,bull,0.032247672791095416,2.0,0.029647672791095418
2024-03-04 19:00:00+00:00,ETHUSDT,VolatilityExpansion,1,bull,0.022544350567570648,2.0,0.01994435056757065
2024-03-04 20:00:00+00:00,ETHUSDT,VolatilityExpansion,1,bull,0.030811559701055646,2.0,0.028211559701055648
2024-03-04 21:00:00+00:00,ETHUSDT,VolatilityExpansion,1,bull,0.031155899499619055,2.0,0.028555899499619057
2024-03-05 03:00:00+00:00,ETHUSDT,VolatilityExpansion,1,bull,0.02461943904801589,2.0,0.02201943904801589
2024-03-05 05:00:00+00:00,ETHUSDT,VolatilityExpansion,1,bull,-0.00811737149733549,2.0,-0.01071737149733549
2024-03-06 07:00:00+00:00,ETHUSDT,VolatilityExpansion,1,bull,0.01737008061005052,2.0,0.01477008061005052
2024-03-06 08:00:00+00:00,ETHUSDT,VolatilityExpansion,1,bull,0.00830917874396131,2.0,0.00570917874396131
2024-03-11 10:00:00+00:00,ETHUSDT,VolatilityExpansion,1,bull,0.010527255991207074,2.0,0.007927255991207074
2024-03-11 11:00:00+00:00,ETHUSDT,VolatilityExpansion,1,bull,0.0079236948188941,2.0,0.0053236948188941004
2024-03-11 12:00:00+00:00,ETHUSDT,VolatilityExpansion,1,bull,0.0008721488861624938,2.0,-0.0017278511138375061
2024-03-11 13:00:00+00:00,ETHUSDT,VolatilityExpansion,1,bull,0.009979757336413098,2.0,0.007379757336413098
2024-04-08 08:00:00+00:00,ETHUSDT,VolatilityExpansion,1,bull,0.02530531319941587,2.0,0.02270531319941587
2024-04-08 09:00:00+00:00,ETHUSDT,VolatilityExpansion,1,bull,0.018497250259513764,2.0,0.015897250259513766
2024-04-08 10:00:00+00:00,ETHUSDT,VolatilityExpansion,1,bull,0.02816913074087868,2.0,0.02556913074087868
2024-04-08 11:00:00+00:00,ETHUSDT,VolatilityExpansion,1,bull,0.016891353013327226,2.0,0.014291353013327226
2024-04-08 12:00:00+00:00,ETHUSDT,VolatilityExpansion,1,bull,0.013808404615051284,2.0,0.011208404615051284
2024-04-08 13:00:00+00:00,ETHUSDT,VolatilityExpansion,1,bull,0.014305347842492377,2.0,0.011705347842492378
2024-04-08 14:00:00+00:00,ETHUSDT,VolatilityExpansion,1,bull,0.016604538975989458,2.0,0.014004538975989458
2024-04-08 15:00:00+00:00,ETHUSDT,VolatilityExpansion,1,bull,0.017443909638620525,2.0,0.014843909638620525
2024-04-08 16:00:00+00:00,ETHUSDT,VolatilityExpansion,1,bull,0.010327751085082992,2.0,0.0077277510850829925
2024-04-08 17:00:00+00:00,ETHUSDT,VolatilityExpansion,1,bull,0.0061908458280561796,2.0,0.0035908458280561797
2024-04-08 18:00:00+00:00,ETHUSDT,VolatilityExpansion,1,bull,-0.013425979812306976,2.0,-0.016025979812306974
2024-04-08 19:00:00+00:00,ETHUSDT,VolatilityExpansion,1,bull,-0.0166283026556171,2.0,-0.019228302655617098
2024-04-08 20:00:00+00:00,ETHUSDT,VolatilityExpansion,1,bull,-0.016642517637818655,2.0,-0.019242517637818653
2024-04-08 21:00:00+00:00,ETHUSDT,VolatilityExpansion,1,bull,-0.01548044682137173,2.0,-0.018080446821371728
2024-05-20 08:00:00+00:00,ETHUSDT,VolatilityExpansion,1,bull,0.13046328318495481,2.0,0.12786328318495482
2024-05-20 19:00:00+00:00,ETHUSDT,VolatilityExpansion,1,bull,0.06543950626619632,2.0,0.06283950626619632
2024-05-20 20:00:00+00:00,ETHUSDT,VolatilityExpansion,1,bull,0.04590911298177858,2.0,0.04330911298177858
2024-05-20 21:00:00+00:00,ETHUSDT,VolatilityExpansion,1,bull,0.008977796523363502,2.0,0.006377796523363502
2024-05-20 22:00:00+00:00,ETHUSDT,VolatilityExpansion,1,bull,0.028967020926313758,2.0,0.02636702092631376
2024-05-20 23:00:00+00:00,ETHUSDT,VolatilityExpansion,1,bull,0.03145134660884885,2.0,0.028851346608848853
2024-05-21 00:00:00+00:00,ETHUSDT,VolatilityExpansion,1,bull,0.028599375718032727,2.0,0.02599937571803273
2024-05-21 01:00:00+00:00,ETHUSDT,VolatilityExpansion,1,bull,0.022287294615259468,2.0,0.01968729461525947
2024-05-21 02:00:00+00:00,ETHUSDT,VolatilityExpansion,1,bull,0.027374605592427326,2.0,0.024774605592427328
2024-05-21 03:00:00+00:00,ETHUSDT,VolatilityExpansion,1,bull,0.021690525433580632,2.0,0.019090525433580634
2024-05-21 04:00:00+00:00,ETHUSDT,VolatilityExpansion,1,bull,0.031207413091983716,2.0,0.028607413091983717
2024-05-21 05:00:00+00:00,ETHUSDT,VolatilityExpansion,1,bull,0.028132578819725085,2.0,0.025532578819725087
2024-05-21 06:00:00+00:00,ETHUSDT,VolatilityExpansion,1,bull,0.017235274571433257,2.0,0.014635274571433257
2024-05-21 07:00:00+00:00,ETHUSDT,VolatilityExpansion,1,bull,0.0141539435862299,2.0,0.0115539435862299
2024-05-21 08:00:00+00:00,ETHUSDT,VolatilityExpansion,1,bull,0.02395979844601337,2.0,0.02135979844601337
2024-05-21 09:00:00+00:00,ETHUSDT,VolatilityExpansion,1,bull,0.018422859872801567,2.0,0.01582285987280157
2024-05-23 21:00:00+00:00,ETHUSDT,VolatilityExpansion,1,bull,-0.041177205048434584,2.0,-0.04377720504843458
2024-05-23 22:00:00+00:00,ETHUSDT,VolatilityExpansion,1,bull,-0.029265797550035444,2.0,-0.03186579755003544
2024-05-24 00:00:00+00:00,ETHUSDT,VolatilityExpansion,1,bull,-0.02596847714684891,2.0,-0.02856847714684891
2024-05-24 01:00:00+00:00,ETHUSDT,VolatilityExpansion,1,bull,-0.03305613850996858,2.0,-0.03565613850996858
2024-05-24 02:00:00+00:00,ETHUSDT,VolatilityExpansion,1,bull,-0.02963551868695724,2.0,-0.03223551868695724
2024-05-24 03:00:00+00:00,ETHUSDT,VolatilityExpansion,1,bull,-0.02880456205818205,2.0,-0.031404562058182046
2024-05-27 03:00:00+00:00,ETHUSDT,VolatilityExpansion,1,bull,0.01115136434673758,2.0,0.00855136434673758
2024-02-27 02:00:00+00:00,SOLUSDT,VolatilityExpansion,1,bull,-0.018851325876586555,2.0,-0.022051325876586557
2024-02-27 03:00:00+00:00,SOLUSDT,VolatilityExpansion,1,bull,-0.031829998460130904,2.0,-0.035029998460130905
2024-02-27 04:00:00+00:00,SOLUSDT,VolatilityExpansion,1,bull,-0.022566763816432633,2.0,-0.025766763816432635
2024-02-27 05:00:00+00:00,SOLUSDT,VolatilityExpansion,1,bull,-0.028395710300351373,2.0,-0.031595710300351375
2024-02-28 17:00:00+00:00,SOLUSDT,VolatilityExpansion,1,bull,0.08011946952743365,2.0,0.07691946952743366
2024-02-28 18:00:00+00:00,SOLUSDT,VolatilityExpansion,1,bull,0.09083126671314723,2.0,0.08763126671314724
2024-02-28 20:00:00+00:00,SOLUSDT,VolatilityExpansion,1,bull,0.17288784090403508,2.0,0.16968784090403508
2024-02-28 21:00:00+00:00,SOLUSDT,VolatilityExpansion,1,bull,0.11276436539404311,2.0,0.10956436539404311
2024-02-28 22:00:00+00:00,SOLUSDT,VolatilityExpansion,1,bull,0.11172895383421699,2.0,0.108528953834217
2024-02-28 23:00:00+00:00,SOLUSDT,VolatilityExpansion,1,bull,0.08341916413361128,2.0,0.08021916413361128
2024-02-29 00:00:00+00:00,SOLUSDT,VolatilityExpansion,1,bull,0.04950856364344114,2.0,0.04630856364344114
2024-02-29 01:00:00+00:00,SOLUSDT,VolatilityExpansion,1,bull,0.07312110961304019,2.0,0.0699211096130402
2024-02-29 02:00:00+00:00,SOLUSDT,VolatilityExpansion,1,bull,0.08232694171965638,2.0,0.07912694171965638
2024-02-29 03:00:00+00:00,SOLUSDT,VolatilityExpansion,1,bull,0.0708026128573278,2.0,0.06760261285732781
2024-02-29 04:00:00+00:00,SOLUSDT,VolatilityExpansion,1,bull,0.06388685686417928,2.0,0.060686856864179274
2024-02-29 05:00:00+00:00,SOLUSDT,VolatilityExpansion,1,bull,0.0392934594206753,2.0,0.0360934594206753
2024-02-29 06:00:00+00:00,SOLUSDT,VolatilityExpansion,1,bull,0.03415048543689325,2.0,0.03095048543689325
2024-02-29 07:00:00+00:00,SOLUSDT,VolatilityExpansion,1,bull,0.037413964591207494,2.0,0.03421396459120749
2024-02-29 08:00:00+00:00,SOLUSDT,VolatilityExpansion,1,bull,-0.008830624971550738,2.0,-0.012030624971550738
2024-02-29 09:00:00+00:00,SOLUSDT,VolatilityExpansion,1,bull,-0.01133869222445505,2.0,-0.014538692224455049
2024-02-29 10:00:00+00:00,SOLUSDT,VolatilityExpansion,1,bull,-0.040075684729675154,2.0,-0.043275684729675155
2024-03-05 16:00:00+00:00,SOLUSDT,VolatilityExpansion,1,bull,-0.05447330717934473,2.0,-0.057673307179344734
2024-03-05 17:00:00+00:00,SOLUSDT,VolatilityExpansion,1,bull,-0.041109665207618606,2.0,-0.04430966520761861
2024-03-11 12:00:00+00:00,SOLUSDT,VolatilityExpansion,1,bull,-0.012580217306842223,2.0,-0.015780217306842224
2024-03-11 13:00:00+00:00,SOLUSDT,VolatilityExpansion,1,bull,0.014089968976215062,2.0,0.010889968976215062
2024-03-14 20:00:00+00:00,SOLUSDT,VolatilityExpansion,1,bull,-0.006656778404034447,2.0,-0.009856778404034447
2024-03-14 21:00:00+00:00,SOLUSDT,VolatilityExpansion,1,bull,0.023534278959810973,2.0,0.02033427895981097
2024-03-14 22:00:00+00:00,SOLUSDT,VolatilityExpansion,1,bull,-0.01820702402957497,2.0,-0.02140702402957497
2024-03-14 23:00:00+00:00,SOLUSDT,VolatilityExpansion,1,bull,-0.03802614615610789,2.0,-0.04122614615610789
2024-03-15 00:00:00+00:00,SOLUSDT,VolatilityExpansion,1,bull,-0.04166110220797714,2.0,-0.04486110220797714
2024-03-15 01:00:00+00:00,SOLUSDT,VolatilityExpansion,1,bull,-0.009807914759119685,2.0,-0.013007914759119684
2024-03-15 02:00:00+00:00,SOLUSDT,VolatilityExpansion,1,bull,0.014881432713551801,2.0,0.011681432713551801
2024-03-15 03:00:00+00:00,SOLUSDT,VolatilityExpansion,1,bull,0.03273059547322288,2.0,0.029530595473222877
2024-03-15 04:00:00+00:00,SOLUSDT,VolatilityExpansion,1,bull,0.045887061428802056,2.0,0.042687061428802055
2024-03-15 05:00:00+00:00,SOLUSDT,VolatilityExpansion,1,bull,0.04196951530831772,2.0,0.038769515308317716
2024-03-15 06:00:00+00:00,SOLUSDT,VolatilityExpansion,1,bull,0.04169569943420948,2.0,0.038495699434209475
2024-03-15 07:00:00+00:00,SOLUSDT,VolatilityExpansion,1,bull,0.0407929375453886,2.0,0.037592937545388595
2024-03-15 09:00:00+00:00,SOLUSDT,VolatilityExpansion,1,bull,0.03637235031556574,2.0,0.033172350315565736
2024-03-15 13:00:00+00:00,SOLUSDT,VolatilityExpansion,1,bull,0.01757301522007415,2.0,0.014373015220074151
2024-03-15 14:00:00+00:00,SOLUSDT,VolatilityExpansion,1,bull,0.022115595525334486,2.0,0.018915595525334485
2024-03-15 15:00:00+00:00,SOLUSDT,VolatilityExpansion,1,bull,0.031876779022101065,2.0,0.028676779022101063
2024-03-15 16:00:00+00:00,SOLUSDT,VolatilityExpansion,1,bull,0.03709789477166714,2.0,0.03389789477166714
2024-05-06 12:00:00+00:00,SOLUSDT,VolatilityExpansion,1,bull,0.01632342228991468,2.0,0.01312342228991468
2024-05-06 13:00:00+00:00,SOLUSDT,VolatilityExpansion,1,bull,0.02499576674091153,2.0,0.021795766740911528
2024-05-06 14:00:00+00:00,SOLUSDT,VolatilityExpansion,1,bull,0.026852761942205428,2.0,0.023652761942205426
2024-05-06 15:00:00+00:00,SOLUSDT,VolatilityExpansion,1,bull,1.3005084988249038e-05,2.0,-0.003186994915011751
2024-05-06 16:00:00+00:00,SOLUSDT,VolatilityExpansion,1,bull,0.02246894522617371,2.0,0.019268945226173707
2024-05-06 17:00:00+00:00,SOLUSDT,VolatilityExpansion,1,bull,0.021843282695632738,2.0,0.018643282695632736
2024-05-06 18:00:00+00:00,SOLUSDT,VolatilityExpansion,1,bull,0.008242836582493807,2.0,0.005042836582493807
2024-05-06 19:00:00+00:00,SOLUSDT,VolatilityExpansion,1,bull,0.010530774494151185,2.0,0.007330774494151185
2024-05-06 20:00:00+00:00,SOLUSDT,VolatilityExpansion,1,bull,0.02578250986030417,2.0,0.02258250986030417
2024-05-06 21:00:00+00:00,SOLUSDT,VolatilityExpansion,1,bull,0.011975662777684803,2.0,0.008775662777684804
2024-05-06 22:00:00+00:00,SOLUSDT,VolatilityExpansion,1,bull,0.015261148145751191,2.0,0.012061148145751191
2024-05-06 23:00:00+00:00,SOLUSDT,VolatilityExpansion,1,bull,0.013935161245982597,2.0,0.010735161245982597
2024-05-07 00:00:00+00:00,SOLUSDT,VolatilityExpansion,1,bull,0.011571992650220908,2.0,0.008371992650220908
2024-05-07 01:00:00+00:00,SOLUSDT,VolatilityExpansion,1,bull,-0.025995234312946813,2.0,-0.029195234312946815
2024-05-21 01:00:00+00:00,SOLUSDT,VolatilityExpansion,1,bull,-0.031466412742382266,2.0,-0.03466641274238227
2024-07-21 19:00:00+00:00,BTCUSDT,VolatilityExpansion,1,bull,-0.0026887663874524126,2.0,-0.005088766387452412
2024-07-21 20:00:00+00:00,BTCUSDT,VolatilityExpansion,1,bull,-0.00957195731093119,2.0,-0.011971957310931189
2024-07-21 21:00:00+00:00,BTCUSDT,VolatilityExpansion,1,bull,-0.01144935147235282,2.0,-0.01384935147235282
2024-07-21 22:00:00+00:00,BTCUSDT,VolatilityExpansion,1,bull,-0.008751608751608742,2.0,-0.011151608751608741
2024-07-21 23:00:00+00:00,BTCUSDT,VolatilityExpansion,1,bull,-0.009670081305585665,2.0,-0.012070081305585664
2024-07-22 00:00:00+00:00,BTCUSDT,VolatilityExpansion,1,bull,-0.0073895636533815034,2.0,-0.009789563653381503
2024-07-22 01:00:00+00:00,BTCUSDT,VolatilityExpansion,1,bull,-0.010846642776032644,2.0,-0.013246642776032644
2024-07-22 02:00:00+00:00,BTCUSDT,VolatilityExpansion,1,bull,-0.019759052435563307,2.0,-0.022159052435563306
2024-07-22 03:00:00+00:00,BTCUSDT,VolatilityExpansion,1,bull,-0.01183540096658231,2.0,-0.01423540096658231
2024-07-22 04:00:00+00:00,BTCUSDT,VolatilityExpansion,1,bull,-0.012883204260721981,2.0,-0.01528320426072198
2024-07-22 05:00:00+00:00,BTCUSDT,VolatilityExpansion,1,bull,-0.002517751479289898,2.0,-0.004917751479289897
2024-08-23 22:00:00+00:00,BTCUSDT,VolatilityExpansion,1,bull,0.00048541567814597286,2.0,-0.001914584321854027
2024-08-23 23:00:00+00:00,BTCUSDT,VolatilityExpansion,1,bull,-0.0021602624179943852,2.0,-0.004560262417994385
2024-08-24 00:00:00+00:00,BTCUSDT,VolatilityExpansion,1,bull,0.0018642127454600033,2.0,-0.0005357872545399965
2024-08-24 01:00:00+00:00,BTCUSDT,VolatilityExpansion,1,bull,0.006132450268853118,2.0,0.003732450268853118
2024-08-24 02:00:00+00:00,BTCUSDT,VolatilityExpansion,1,bull,0.0037866281953586878,2.0,0.001386628195358688
2024-08-24 03:00:00+00:00,BTCUSDT,VolatilityExpansion,1,bull,0.002246081504702291,2.0,-0.00015391849529770895
2024-09-19 01:00:00+00:00,BTCUSDT,VolatilityExpansion,1,bull,0.01678036439206676,2.0,0.01438036439206676
2024-09-19 02:00:00+00:00,BTCUSDT,VolatilityExpansion,1,bull,0.01180900360124748,2.0,0.009409003601247481
2024-09-22 22:00:00+00:00,BTCUSDT,VolatilityExpansion,1,bull,-0.006026002010755316,2.0,-0.008426002010755315
2024-09-22 23:00:00+00:00,BTCUSDT,VolatilityExpansion,1,bull,-0.002509499122855363,2.0,-0.0049094991228553625
2024-09-23 00:00:00+00:00,BTCUSDT,VolatilityExpansion,1,bull,-0.004084869617759446,2.0,-0.006484869617759445
2024-09-23 01:00:00+00:00,BTCUSDT,VolatilityExpansion,1,bull,-0.009976657380829645,2.0,-0.012376657380829645
2024-09-23 02:00:00+00:00,BTCUSDT,VolatilityExpansion,1,bull,-0.008341288596065644,2.0,-0.010741288596065643
2024-09-23 03:00:00+00:00,BTCUSDT,VolatilityExpansion,1,bull,-0.011357258461973774,2.0,-0.013757258461973773
2024-09-23 04:00:00+00:00,BTCUSDT,VolatilityExpansion,1,bull,-0.010649588919293018,2.0,-0.013049588919293018
2024-09-23 05:00:00+00:00,BTCUSDT,VolatilityExpansion,1,bull,-0.006810513927030248,2.0,-0.009210513927030248
2024-09-23 06:00:00+00:00,BTCUSDT,VolatilityExpansion,1,bull,-0.0037539991326046573,2.0,-0.006153999132604657
2024-09-23 07:00:00+00:00,BTCUSDT,VolatilityExpansion,1,bull,-0.0038932680939359754,2.0,-0.006293268093935975
2024-09-23 08:00:00+00:00,BTCUSDT,VolatilityExpansion,1,bull,-0.002842722142819998,2.0,-0.005242722142819997
2024-09-23 09:00:00+00:00,BTCUSDT,VolatilityExpansion,1,bull,-0.004081202728557498,2.0,-0.0064812027285574975
2024-09-23 10:00:00+00:00,BTCUSDT,VolatilityExpansion,1,bull,-0.004428738431870638,2.0,-0.006828738431870637
2024-10-07 06:00:00+00:00,BTCUSDT,VolatilityExpansion,1,bull,-0.013380537200532117,2.0,-0.015780537200532116
2024-10-07 07:00:00+00:00,BTCUSDT,VolatilityExpansion,1,bull,-0.0025271650561565773,2.0,-0.004927165056156577
2024-10-07 08:00:00+00:00,BTCUSDT,VolatilityExpansion,1,bull,-0.00825406721011579,2.0,-0.010654067210115789
2024-10-07 09:00:00+00:00,BTCUSDT,VolatilityExpansion,1,bull,0.002540131707015947,2.0,0.00014013170701594703
2024-10-07 11:00:00+00:00,BTCUSDT,VolatilityExpansion,1,bull,-0.014630645133179465,2.0,-0.017030645133179464
2024-10-07 13:00:00+00:00,BTCUSDT,VolatilityExpansion,1,bull,-0.01301907614693365,2.0,-0.01541907614693365
2024-10-07 14:00:00+00:00,BTCUSDT,VolatilityExpansion,1,bull,-0.018794376697474635,2.0,-0.021194376697474634
2024-10-07 15:00:00+00:00,BTCUSDT,VolatilityExpansion,1,bull,-0.015996516824085427,2.0,-0.018396516824085427
2024-10-07 16:00:00+00:00,BTCUSDT,VolatilityExpansion,1,bull,-0.01764641334336592,2.0,-0.020046413343365918
2024-10-07 17:00:00+00:00,BTCUSDT,VolatilityExpansion,1,bull,-0.020310146295126397,2.0,-0.022710146295126396
2024-10-07 19:00:00+00:00,BTCUSDT,VolatilityExpansion,1,bull,-0.01670102637120474,2.0,-0.01910102637120474
2024-10-07 21:00:00+00:00,BTCUSDT,VolatilityExpansion,1,bull,-0.013164167700667084,2.0,-0.015564167700667084
2024-10-14 03:00:00+00:00,BTCUSDT,VolatilityExpansion,1,bull,0.02442564498263855,2.0,0.02202564498263855
2024-10-14 04:00:00+00:00,BTCUSDT,VolatilityExpansion,1,bull,0.024455674090710477,2.0,0.022055674090710478
2024-10-14 05:00:00+00:00,BTCUSDT,VolatilityExpansion,1,bull,0.02676816673968818,2.0,0.024368166739688182
2024-10-14 06:00:00+00:00,BTCUSDT,VolatilityExpansion,1,bull,0.02619146096877678,2.0,0.02379146096877678
2024-10-14 07:00:00+00:00,BTCUSDT,VolatilityExpansion,1,bull,0.020147214761724097,2.0,0.017747214761724098
2024-10-14 08:00:00+00:00,BTCUSDT,VolatilityExpansion,1,bull,0.02332619091981858,2.0,0.02092619091981858
2024-10-14 09:00:00+00:00,BTCUSDT,VolatilityExpansion,1,bull,0.014858896046373138,2.0,0.012458896046373139
2024-10-14 10:00:00+00:00,BTCUSDT,VolatilityExpansion,1,bull,0.024582806378975253,2.0,0.022182806378975253
2024-10-14 11:00:00+00:00,BTCUSDT,VolatilityExpansion,1,bull,0.01795699504618664,2.0,0.015556995046186642
2024-10-14 12:00:00+00:00,BTCUSDT,VolatilityExpansion,1,bull,0.016360728699361227,2.0,0.013960728699361227
2024-10-14 13:00:00+00:00,BTCUSDT,VolatilityExpansion,1,bull,0.011147095904336712,2.0,0.008747095904336713
2024-10-14 14:00:00+00:00,BTCUSDT,VolatilityExpansion,1,bull,-0.0023613073387185324,2.0,-0.004761307338718532
2024-10-14 15:00:00+00:00,BTCUSDT,VolatilityExpansion,1,bull,-0.0071191130265493285,2.0,-0.009519113026549328
2024-10-14 16:00:00+00:00,BTCUSDT,VolatilityExpansion,1,bull,-0.0014721979900769178,2.0,-0.0038721979900769176
2024-10-14 17:00:00+00:00,BTCUSDT,VolatilityExpansion,1,bull,-0.004142111928459369,2.0,-0.006542111928459368
2024-10-15 15:00:00+00:00,BTCUSDT,VolatilityExpansion,1,bull,0.016210392652743266,2.0,0.013810392652743267
2024-10-15 16:00:00+00:00,BTCUSDT,VolatilityExpansion,1,bull,0.0017248007802741494,2.0,-0.0006751992197258504
2024-10-15 17:00:00+00:00,BTCUSDT,VolatilityExpansion,1,bull,0.006086741684073305,2.0,0.003686741684073305
2024-10-15 18:00:00+00:00,BTCUSDT,VolatilityExpansion,1,bull,0.0021951139276090714,2.0,-0.00020488607239092837
2024-10-15 19:00:00+00:00,BTCUSDT,VolatilityExpansion,1,bull,0.00017628516366130498,2.0,-0.002223714836338695
2024-10-15 20:00:00+00:00,BTCUSDT,VolatilityExpansion,1,bull,0.0099970349053351,2.0,0.007597034905335101
2024-10-15 21:00:00+00:00,BTCUSDT,VolatilityExpansion,1,bull,0.015017687800161772,2.0,0.012617687800161773
2024-10-15 22:00:00+00:00,BTCUSDT,VolatilityExpansion,1,bull,0.014774316249499764,2.0,0.012374316249499764
2024-10-15 23:00:00+00:00,BTCUSDT,VolatilityExpansion,1,bull,0.012354573116162504,2.0,0.009954573116162505
2024-10-16 00:00:00+00:00,BTCUSDT,VolatilityExpansion,1,bull,0.014195588314477536,2.0,0.011795588314477537
2024-10-16 01:00:00+00:00,BTCUSDT,VolatilityExpansion,1,bull,0.0002153079497635435,2.0,-0.0021846920502364563
2024-10-16 02:00:00+00:00,BTCUSDT,VolatilityExpansion,1,bull,0.006086344906756969,2.0,0.003686344906756969
2024-10-21 00:00:00+00:00,BTCUSDT,VolatilityExpansion,1,bull,-0.01344971144071394,2.0,-0.01584971144071394
2024-10-21 01:00:00+00:00,BTCUSDT,VolatilityExpansion,1,bull,-0.027257833358375394,2.0,-0.029657833358375393
2024-10-21 02:00:00+00:00,BTCUSDT,VolatilityExpansion,1,bull,-0.020682058281699556,2.0,-0.023082058281699555
2024-10-21 03:00:00+00:00,BTCUSDT,VolatilityExpansion,1,bull,-0.02297139889668809,2.0,-0.025371398896688088
2024-10-21 04:00:00+00:00,BTCUSDT,VolatilityExpansion,1,bull,-0.02441077075284903,2.0,-0.02681077075284903
2024-10-21 05:00:00+00:00,BTCUSDT,VolatilityExpansion,1,bull,-0.02092744109989375,2.0,-0.02332744109989375
2024-10-28 15:00:00+00:00,BTCUSDT,VolatilityExpansion,1,bull,0.03605656516080402,2.0,0.03365656516080402
2024-10-28 16:00:00+00:00,BTCUSDT,VolatilityExpansion,1,bull,0.034796790587275916,2.0,0.03239679058727592
2024-10-28 17:00:00+00:00,BTCUSDT,VolatilityExpansion,1,bull,0.029904712178566717,2.0,0.027504712178566718
2024-10-28 18:00:00+00:00,BTCUSDT,VolatilityExpansion,1,bull,0.02968639543406315,2.0,0.02728639543406315
2024-10-28 19:00:00+00:00,BTCUSDT,VolatilityExpansion,1,bull,0.020672425218605017,2.0,0.018272425218605018
2024-10-28 20:00:00+00:00,BTCUSDT,VolatilityExpansion,1,bull,0.021135678391959845,2.0,0.018735678391959845
2024-10-28 21:00:00+00:00,BTCUSDT,VolatilityExpansion,1,bull,0.021641075475024252,2.0,0.019241075475024252
2024-10-28 22:00:00+00:00,BTCUSDT,VolatilityExpansion,1,bull,0.017235931376544,2.0,0.014835931376544001
2024-10-28 23:00:00+00:00,BTCUSDT,VolatilityExpansion,1,bull,0.021449844795317308,2.0,0.01904984479531731
2024-10-29 00:00:00+00:00,BTCUSDT,VolatilityExpansion,1,bull,0.01650426439994579,2.0,0.01410426439994579
2024-10-29 01:00:00+00:00,BTCUSDT,VolatilityExpansion,1,bull,0.021265698159970148,2.0,0.01886569815997015
2024-10-29 02:00:00+00:00,BTCUSDT,VolatilityExpansion,1,bull,0.009454321674548627,2.0,0.007054321674548628
2024-10-29 03:00:00+00:00,BTCUSDT,VolatilityExpansion,1,bull,0.020408192038619877,2.0,0.018008192038619877
2024-10-29 04:00:00+00:00,BTCUSDT,VolatilityExpansion,1,bull,0.023323131046613765,2.0,0.020923131046613766
2024-10-29 05:00:00+00:00,BTCUSDT,VolatilityExpansion,1,bull,0.023799196741904005,2.0,0.021399196741904006
2024-10-29 06:00:00+00:00,BTCUSDT,VolatilityExpansion,1,bull,0.02726228684227494,2.0,0.02486228684227494
2024-10-29 22:00:00+00:00,BTCUSDT,VolatilityExpansion,1,bull,-0.004122360918477508,2.0,-0.006522360918477507
2024-10-29 23:00:00+00:00,BTCUSDT,VolatilityExpansion,1,bull,-0.010235154214697673,2.0,-0.012635154214697672
2024-10-30 00:00:00+00:00,BTCUSDT,VolatilityExpansion,1,bull,-0.005841927725506735,2.0,-0.008241927725506734
2024-10-30 01:00:00+00:00,BTCUSDT,VolatilityExpansion,1,bull,-0.006445921356722062,2.0,-0.008845921356722061
2024-11-06 03:00:00+00:00,BTCUSDT,VolatilityExpansion,1,bull,-0.0010421274999293795,2.0,-0.0034421274999293793
2024-11-06 04:00:00+00:00,BTCUSDT,VolatilityExpansion,1,bull,0.0007862534886631245,2.0,-0.0016137465113368753
2024-11-06 05:00:00+00:00,BTCUSDT,VolatilityExpansion,1,bull,-0.0043272734566704996,2.0,-0.006727273456670499
2024-11-06 06:00:00+00:00,BTCUSDT,VolatilityExpansion,1,bull,0.012779974181598375,2.0,0.010379974181598375
2024-11-06 07:00:00+00:00,BTCUSDT,VolatilityExpansion,1,bull,0.03243785728486648,2.0,0.03003785728486648
2024-11-06 08:00:00+00:00,BTCUSDT,VolatilityExpansion,1,bull,0.035684735392420563,2.0,0.033284735392420564
2024-11-06 09:00:00+00:00,BTCUSDT,VolatilityExpansion,1,bull,0.028264189343916835,2.0,0.025864189343916835
2024-11-06 10:00:00+00:00,BTCUSDT,VolatilityExpansion,1,bull,0.024044170111251262,2.0,0.021644170111251262
2024-11-06 11:00:00+00:00,BTCUSDT,VolatilityExpansion,1,bull,0.017339756661915118,2.0,0.014939756661915118
2024-11-06 12:00:00+00:00,BTCUSDT,VolatilityExpansion,1,bull,0.015819269962797256,2.0,0.013419269962797256
2024-11-06 13:00:00+00:00,BTCUSDT,VolatilityExpansion,1,bull,0.018852677226111725,2.0,0.016452677226111725
2024-11-06 14:00:00+00:00,BTCUSDT,VolatilityExpansion,1,bull,0.02220749898513752,2.0,0.01980749898513752
2024-11-06 15:00:00+00:00,BTCUSDT,VolatilityExpansion,1,bull,0.010407903114429073,2.0,0.008007903114429074
2024-11-10 05:00:00+00:00,BTCUSDT,VolatilityExpansion,1,bull,0.015591477282054456,2.0,0.013191477282054456
2024-11-10 06:00:00+00:00,BTCUSDT,VolatilityExpansion,1,bull,0.020750018672611503,2.0,0.018350018672611504
2024-11-10 07:00:00+00:00,BTCUSDT,VolatilityExpansion,1,bull,0.011859261307004099,2.0,0.0094592613070041
2024-11-10 08:00:00+00:00,BTCUSDT,VolatilityExpansion,1,bull,-0.0019527574172573114,2.0,-0.004352757417257311
2024-11-10 09:00:00+00:00,BTCUSDT,VolatilityExpansion,1,bull,0.006512648162116053,2.0,0.004112648162116053
2024-11-10 10:00:00+00:00,BTCUSDT,VolatilityExpansion,1,bull,0.013676721305708517,2.0,0.011276721305708517
2024-11-10 11:00:00+00:00,BTCUSDT,VolatilityExpansion,1,bull,0.006046790371678101,2.0,0.0036467903716781015
2024-11-10 12:00:00+00:00,BTCUSDT,VolatilityExpansion,1,bull,0.011439382438954482,2.0,0.009039382438954482
2024-11-10 13:00:00+00:00,BTCUSDT,VolatilityExpansion,1,bull,0.018388297672319753,2.0,0.015988297672319754
2024-11-10 14:00:00+00:00,BTCUSDT,VolatilityExpansion,1,bull,0.024277623779801694,2.0,0.021877623779801694
2024-11-10 15:00:00+00:00,BTCUSDT,VolatilityExpansion,1,bull,0.024171287174656886,2.0,0.021771287174656886
2024-11-10 16:00:00+00:00,BTCUSDT,VolatilityExpansion,1,bull,0.020599703642838252,2.0,0.018199703642838252
2024-11-10 17:00:00+00:00,BTCUSDT,VolatilityExpansion,1,bull,0.004390404026588746,2.0,0.001990404026588746
2024-11-10 21:00:00+00:00,BTCUSDT,VolatilityExpansion,1,bull,0.02234652247725899,2.0,0.01994652247725899
2024-11-10 22:00:00+00:00,BTCUSDT,VolatilityExpansion,1,bull,0.01643952426515427,2.0,0.014039524265154271
2024-11-10 23:00:00+00:00,BTCUSDT,VolatilityExpansion,1,bull,0.021872928582177043,2.0,0.019472928582177043
2024-11-11 00:00:00+00:00,BTCUSDT,VolatilityExpansion,1,bull,0.019363945675269667,2.0,0.016963945675269668
2024-11-11 01:00:00+00:00,BTCUSDT,VolatilityExpansion,1,bull,0.00743913546513042,2.0,0.00503913546513042
2024-11-11 02:00:00+00:00,BTCUSDT,VolatilityExpansion,1,bull,0.012712696495723819,2.0,0.01031269649572382
2024-11-11 03:00:00+00:00,BTCUSDT,VolatilityExpansion,1,bull,0.03002487071757698,2.0,0.02762487071757698
2024-11-11 04:00:00+00:00,BTCUSDT,VolatilityExpansion,1,bull,0.034169540617827954,2.0,0.031769540617827954
2024-11-11 05:00:00+00:00,BTCUSDT,VolatilityExpansion,1,bull,0.04778617108986771,2.0,0.04538617108986771
2024-11-11 06:00:00+00:00,BTCUSDT,VolatilityExpansion,1,bull,0.06167485785872606,2.0,0.05927485785872606
2024-11-11 07:00:00+00:00,BTCUSDT,VolatilityExpansion,1,bull,0.06202509495020192,2.0,0.05962509495020192
2024-11-11 08:00:00+00:00,BTCUSDT,VolatilityExpansion,1,bull,0.06958333179526743,2.0,0.06718333179526743
2024-11-11 09:00:00+00:00,BTCUSDT,VolatilityExpansion,1,bull,0.07673933101805952,2.0,0.07433933101805952
2024-11-11 22:00:00+00:00,BTCUSDT,VolatilityExpansion,1,bull,-0.012679222150325131,2.0,-0.01507922215032513
2024-11-11 23:00:00+00:00,BTCUSDT,VolatilityExpansion,1,bull,-0.016899773467524692,2.0,-0.019299773467524692
2024-11-12 00:00:00+00:00,BTCUSDT,VolatilityExpansion,1,bull,-0.029329968034904397,2.0,-0.031729968034904396
2024-11-12 01:00:00+00:00,BTCUSDT,VolatilityExpansion,1,bull,-0.02477379369804711,2.0,-0.027173793698047108
2024-11-12 02:00:00+00:00,BTCUSDT,VolatilityExpansion,1,bull,-0.008397272680667922,2.0,-0.010797272680667921
2024-11-12 03:00:00+00:00,BTCUSDT,VolatilityExpansion,1,bull,-0.01684837483691648,2.0,-0.01924837483691648
2024-11-12 04:00:00+00:00,BTCUSDT,VolatilityExpansion,1,bull,-0.01604229136208657,2.0,-0.01844229136208657
2024-11-12 05:00:00+00:00,BTCUSDT,VolatilityExpansion,1,bull,-0.01641080594713684,2.0,-0.01881080594713684
2024-11-12 06:00:00+00:00,BTCUSDT,VolatilityExpansion,1,bull,-0.008848668906261792,2.0,-0.011248668906261791
2024-11-12 07:00:00+00:00,BTCUSDT,VolatilityExpansion,1,bull,-0.0037341953297304054,2.0,-0.006134195329730405
2024-11-18 15:00:00+00:00,BTCUSDT,VolatilityExpansion,1,bull,-0.009824928198701954,2.0,-0.012224928198701954
2024-11-18 16:00:00+00:00,BTCUSDT,VolatilityExpansion,1,bull,0.0011606303687350383,2.0,-0.0012393696312649615
2024-11-18 17:00:00+00:00,BTCUSDT,VolatilityExpansion,1,bull,0.0032471925314572214,2.0,0.0008471925314572216
2024-11-18 20:00:00+00:00,BTCUSDT,VolatilityExpansion,1,bull,0.0034741910215105865,2.0,0.0010741910215105867
2024-11-18 21:00:00+00:00,BTCUSDT,VolatilityExpansion,1,bull,0.004589962945326542,2.0,0.0021899629453265425
2024-11-18 22:00:00+00:00,BTCUSDT,VolatilityExpansion,1,bull,0.00661677411433792,2.0,0.004216774114337921
2024-11-19 00:00:00+00:00,BTCUSDT,VolatilityExpansion,1,bull,0.015651855152567284,2.0,0.013251855152567285
2024-11-19 02:00:00+00:00,BTCUSDT,VolatilityExpansion,1,bull,0.0062849276724084024,2.0,0.0038849276724084027
2024-12-05 02:00:00+00:00,BTCUSDT,VolatilityExpansion,1,bull,0.020280537754811645,2.0,0.017880537754811646
2024-12-05 03:00:00+00:00,BTCUSDT,VolatilityExpansion,1,bull,-0.01682693940031832,2.0,-0.01922693940031832
2024-12-05 04:00:00+00:00,BTCUSDT,VolatilityExpansion,1,bull,-0.02266789484926901,2.0,-0.02506789484926901
2024-12-05 05:00:00+00:00,BTCUSDT,VolatilityExpansion,1,bull,-0.012135484644469341,2.0,-0.01453548464446934
2024-12-05 06:00:00+00:00,BTCUSDT,VolatilityExpansion,1,bull,-0.01669857435406552,2.0,-0.01909857435406552
2024-12-05 07:00:00+00:00,BTCUSDT,VolatilityExpansion,1,bull,-0.03109233264347877,2.0,-0.03349233264347877
2024-12-05 08:00:00+00:00,BTCUSDT,VolatilityExpansion,1,bull,-0.03618957425231384,2.0,-0.03858957425231384
2024-12-05 09:00:00+00:00,BTCUSDT,VolatilityExpansion,1,bull,-0.037275291828793744,2.0,-0.03967529182879374
2024-12-05 10:00:00+00:00,BTCUSDT,VolatilityExpansion,1,bull,-0.056367933742235365,2.0,-0.058767933742235365
2024-12-05 11:00:00+00:00,BTCUSDT,VolatilityExpansion,1,bull,-0.05519430553959259,2.0,-0.05759430553959259
2024-12-05 12:00:00+00:00,BTCUSDT,VolatilityExpansion,1,bull,-0.051881335831485464,2.0,-0.054281335831485464
2024-12-05 15:00:00+00:00,BTCUSDT,VolatilityExpansion,1,bull,-0.03500144548451367,2.0,-0.03740144548451367
2024-12-16 00:00:00+00:00,BTCUSDT,VolatilityExpansion,1,bull,-0.017360442585059532,2.0,-0.01976044258505953
2024-12-16 01:00:00+00:00,BTCUSDT,VolatilityExpansion,1,bull,-0.015705555892521317,2.0,-0.018105555892521316
2024-12-16 02:00:00+00:00,BTCUSDT,VolatilityExpansion,1,bull,0.008505754821186873,2.0,0.006105754821186873
2024-12-16 03:00:00+00:00,BTCUSDT,VolatilityExpansion,1,bull,0.016461361897475157,2.0,0.014061361897475158
2024-12-16 04:00:00+00:00,BTCUSDT,VolatilityExpansion,1,bull,0.02028450094795442,2.0,0.01788450094795442
2024-12-16 05:00:00+00:00,BTCUSDT,VolatilityExpansion,1,bull,0.01927080456442365,2.0,0.01687080456442365
2024-12-16 06:00:00+00:00,BTCUSDT,VolatilityExpansion,1,bull,0.01816322648149904,2.0,0.01576322648149904
2024-12-16 07:00:00+00:00,BTCUSDT,VolatilityExpansion,1,bull,0.01520724154359221,2.0,0.01280724154359221
2024-12-16 08:00:00+00:00,BTCUSDT,VolatilityExpansion,1,bull,0.011975331677933854,2.0,0.009575331677933854
2024-12-16 09:00:00+00:00,BTCUSDT,VolatilityExpansion,1,bull,0.013088409838478254,2.0,0.010688409838478255
2024-12-16 10:00:00+00:00,BTCUSDT,VolatilityExpansion,1,bull,0.010612408692868724,2.0,0.008212408692868725
2024-07-01 07:00:00+00:00,ETHUSDT,VolatilityExpansion,1,bull,-0.0054911513935659295,2.0,-0.00809115139356593
2024-07-01 08:00:00+00:00,ETHUSDT,VolatilityExpansion,1,bull,-0.005122094775980024,2.0,-0.007722094775980024
2024-07-15 02:00:00+00:00,ETHUSDT,VolatilityExpansion,1,bull,0.012032635558585136,2.0,0.009432635558585136
2024-07-15 03:00:00+00:00,ETHUSDT,VolatilityExpansion,1,bull,0.011285515119465295,2.0,0.008685515119465295
2024-07-15 04:00:00+00:00,ETHUSDT,VolatilityExpansion,1,bull,0.0157171983689135,2.0,0.013117198368913499
2024-07-15 05:00:00+00:00,ETHUSDT,VolatilityExpansion,1,bull,0.01424620221267614,2.0,0.01164620221267614
2024-07-15 06:00:00+00:00,ETHUSDT,VolatilityExpansion,1,bull,0.014218236030485887,2.0,0.011618236030485887
2024-07-15 07:00:00+00:00,ETHUSDT,VolatilityExpansion,1,bull,0.014908820977882709,2.0,0.012308820977882709
2024-07-15 08:00:00+00:00,ETHUSDT,VolatilityExpansion,1,bull,0.0238039819523026,2.0,0.0212039819523026
2024-07-15 09:00:00+00:00,ETHUSDT,VolatilityExpansion,1,bull,0.021287911155462913,2.0,0.018687911155462915
2024-07-15 10:00:00+00:00,ETHUSDT,VolatilityExpansion,1,bull,0.04102018172549249,2.0,0.03842018172549249
2024-07-15 11:00:00+00:00,ETHUSDT,VolatilityExpansion,1,bull,0.04276335493764294,2.0,0.04016335493764294
2024-07-21 21:00:00+00:00,ETHUSDT,VolatilityExpansion,1,bull,-0.007848820687695324,2.0,-0.010448820687695324
2024-07-21 22:00:00+00:00,ETHUSDT,VolatilityExpansion,1,bull,-0.01180210733717968,2.0,-0.014402107337179679
2024-07-21 23:00:00+00:00,ETHUSDT,VolatilityExpansion,1,bull,-0.010101010101010166,2.0,-0.012701010101010166
2024-07-22 00:00:00+00:00,ETHUSDT,VolatilityExpansion,1,bull,-0.012552584770885722,2.0,-0.015152584770885722
2024-07-22 01:00:00+00:00,ETHUSDT,VolatilityExpansion,1,bull,-0.01720079410096431,2.0,-0.01980079410096431
2024-07-22 02:00:00+00:00,ETHUSDT,VolatilityExpansion,1,bull,-0.02425218422490094,2.0,-0.02685218422490094
2024-07-22 03:00:00+00:00,ETHUSDT,VolatilityExpansion,1,bull,-0.0170047902420154,2.0,-0.019604790242015398
2024-07-22 04:00:00+00:00,ETHUSDT,VolatilityExpansion,1,bull,-0.017774527824092723,2.0,-0.02037452782409272
2024-08-23 22:00:00+00:00,ETHUSDT,VolatilityExpansion,1,bull,0.003161172679057689,2.0,0.000561172679057689
2024-08-24 00:00:00+00:00,ETHUSDT,VolatilityExpansion,1,bull,-0.0006311207834601706,2.0,-0.0032311207834601705
2024-08-24 01:00:00+00:00,ETHUSDT,VolatilityExpansion,1,bull,0.0020603422275680128,2.0,-0.0005396577724319871
2024-09-23 00:00:00+00:00,ETHUSDT,VolatilityExpansion,1,bull,0.020050057655003117,2.0,0.01745005765500312
2024-09-23 01:00:00+00:00,ETHUSDT,VolatilityExpansion,1,bull,0.011268640720213163,2.0,0.008668640720213163
2024-09-23 02:00:00+00:00,ETHUSDT,VolatilityExpansion,1,bull,0.009379460083204227,2.0,0.0067794600832042275
2024-09-23 03:00:00+00:00,ETHUSDT,VolatilityExpansion,1,bull,-0.0004859140978630272,2.0,-0.003085914097863027
2024-09-23 04:00:00+00:00,ETHUSDT,VolatilityExpansion,1,bull,-0.000274126924521223,2.0,-0.002874126924521223
2024-09-23 05:00:00+00:00,ETHUSDT,VolatilityExpansion,1,bull,0.004126024447447696,2.0,0.001526024447447696
2024-09-23 06:00:00+00:00,ETHUSDT,VolatilityExpansion,1,bull,0.009288812350917386,2.0,0.006688812350917386
2024-09-23 07:00:00+00:00,ETHUSDT,VolatilityExpansion,1,bull,0.010029221969780178,2.0,0.007429221969780178
2024-09-23 08:00:00+00:00,ETHUSDT,VolatilityExpansion,1,bull,0.005940519180957171,2.0,0.0033405191809571712
2024-09-23 09:00:00+00:00,ETHUSDT,VolatilityExpansion,1,bull,2.6364951187130004e-05,2.0,-0.00257363504881287
2024-09-23 10:00:00+00:00,ETHUSDT,VolatilityExpansion,1,bull,-0.0009931761622615776,2.0,-0.0035931761622615774
2024-09-23 11:00:00+00:00,ETHUSDT,VolatilityExpansion,1,bull,0.0002759809610941577,2.0,-0.002324019038905842
2024-10-14 03:00:00+00:00,ETHUSDT,VolatilityExpansion,1,bull,0.04559848256376875,2.0,0.04299848256376875
2024-10-14 04:00:00+00:00,ETHUSDT,VolatilityExpansion,1,bull,0.03072619103829277,2.0,0.028126191038292774
2024-10-14 05:00:00+00:00,ETHUSDT,VolatilityExpansion,1,bull,0.03769633507853398,2.0,0.035096335078533984
2024-10-14 06:00:00+00:00,ETHUSDT,VolatilityExpansion,1,bull,0.04030518763578539,2.0,0.03770518763578539
2024-10-14 07:00:00+00:00,ETHUSDT,VolatilityExpansion,1,bull,0.03358135351160296,2.0,0.030981353511602965
2024-10-14 08:00:00+00:00,ETHUSDT,VolatilityExpansion,1,bull,0.038491863814478444,2.0,0.035891863814478446
2024-10-14 09:00:00+00:00,ETHUSDT,VolatilityExpansion,1,bull,0.032831283681083345,2.0,0.030231283681083347
2024-10-14 10:00:00+00:00,ETHUSDT,VolatilityExpansion,1,bull,0.043244903504247034,2.0,0.040644903504247036
2024-10-14 11:00:00+00:00,ETHUSDT,VolatilityExpansion,1,bull,0.03633855008475595,2.0,0.03373855008475595
2024-10-14 12:00:00+00:00,ETHUSDT,VolatilityExpansion,1,bull,0.02647331722958013,2.0,0.02387331722958013
2024-10-14 13:00:00+00:00,ETHUSDT,VolatilityExpansion,1,bull,0.02371847790532855,2.0,0.021118477905328552
2024-10-14 14:00:00+00:00,ETHUSDT,VolatilityExpansion,1,bull,0.0018421263401184884,2.0,-0.0007578736598815115
2024-10-14 15:00:00+00:00,ETHUSDT,VolatilityExpansion,1,bull,-0.008781950321637977,2.0,-0.011381950321637977
2024-10-14 16:00:00+00:00,ETHUSDT,VolatilityExpansion,1,bull,-0.0021301287239078315,2.0,-0.004730128723907831
2024-10-14 17:00:00+00:00,ETHUSDT,VolatilityExpansion,1,bull,-0.011971943613059532,2.0,-0.014571943613059532
2024-10-14 18:00:00+00:00,ETHUSDT,VolatilityExpansion,1,bull,-0.007699271916677519,2.0,-0.010299271916677519
2024-10-14 19:00:00+00:00,ETHUSDT,VolatilityExpansion,1,bull,-0.001774910777334604,2.0,-0.004374910777334604
2024-10-15 23:00:00+00:00,ETHUSDT,VolatilityExpansion,1,bull,0.008693517076277413,2.0,0.006093517076277413
2024-10-16 00:00:00+00:00,ETHUSDT,VolatilityExpansion,1,bull,0.012259207890275903,2.0,0.009659207890275903
2024-10-16 01:00:00+00:00,ETHUSDT,VolatilityExpansion,1,bull,-0.004853924002291454,2.0,-0.007453924002291454
2024-10-20 22:00:00+00:00,ETHUSDT,VolatilityExpansion,1,bull,-0.014942106163573388,2.0,-0.017542106163573386
2024-10-20 23:00:00+00:00,ETHUSDT,VolatilityExpansion,1,bull,-0.015209429992209644,2.0,-0.017809429992209642
2024-10-21 00:00:00+00:00,ETHUSDT,VolatilityExpansion,1,bull,-0.01759010788550952,2.0,-0.02019010788550952
2024-10-21 01:00:00+00:00,ETHUSDT,VolatilityExpansion,1,bull,-0.026419973412488806,2.0,-0.029019973412488805
2024-10-21 02:00:00+00:00,ETHUSDT,VolatilityExpansion,1,bull,-0.0219396960281647,2.0,-0.0245396960281647
2024-10-21 03:00:00+00:00,ETHUSDT,VolatilityExpansion,1,bull,-0.01997199094642077,2.0,-0.022571990946420768
2024-10-21 04:00:00+00:00,ETHUSDT,VolatilityExpansion,1,bull,-0.024564400784133356,2.0,-0.027164400784133354
2024-11-10 22:00:00+00:00,ETHUSDT,VolatilityExpansion,1,bull,0.002156173498211178,2.0,-0.0004438265017888219
2024-11-10 23:00:00+00:00,ETHUSDT,VolatilityExpansion,1,bull,0.004624527893155594,2.0,0.0020245278931555945
2024-11-11 00:00:00+00:00,ETHUSDT,VolatilityExpansion,1,bull,-0.00685201524338741,2.0,-0.00945201524338741
2024-11-11 01:00:00+00:00,ETHUSDT,VolatilityExpansion,1,bull,-0.014790219401269455,2.0,-0.017390219401269454
2024-11-12 00:00:00+00:00,ETHUSDT,VolatilityExpansion,1,bull,-0.027501083366955115,2.0,-0.030101083366955113
2024-11-12 01:00:00+00:00,ETHUSDT,VolatilityExpansion,1,bull,-0.01669918581683294,2.0,-0.019299185816832938
2024-11-21 13:00:00+00:00,ETHUSDT,VolatilityExpansion,1,bull,-0.00788771569604696,2.0,-0.01048771569604696
2024-11-21 14:00:00+00:00,ETHUSDT,VolatilityExpansion,1,bull,-0.00440852314474649,2.0,-0.00700852314474649
2024-11-21 15:00:00+00:00,ETHUSDT,VolatilityExpansion,1,bull,0.027277911448184033,2.0,0.024677911448184035
2024-11-21 16:00:00+00:00,ETHUSDT,VolatilityExpansion,1,bull,0.01772361478957518,2.0,0.015123614789575182
2024-11-21 17:00:00+00:00,ETHUSDT,VolatilityExpansion,1,bull,0.007664983551601612,2.0,0.005064983551601612
2024-11-21 18:00:00+00:00,ETHUSDT,VolatilityExpansion,1,bull,-0.0023120088459469557,2.0,-0.0049120088459469555
2024-11-21 19:00:00+00:00,ETHUSDT,VolatilityExpansion,1,bull,0.00467762590336096,2.0,0.0020776259033609603
2024-11-21 20:00:00+00:00,ETHUSDT,VolatilityExpansion,1,bull,0.0073364155431723255,2.0,0.004736415543172326
2024-11-21 21:00:00+00:00,ETHUSDT,VolatilityExpansion,1,bull,0.005614923750530076,2.0,0.0030149237505300765
2024-11-21 22:00:00+00:00,ETHUSDT,VolatilityExpansion,1,bull,-0.014601503714833597,2.0,-0.017201503714833595
2024-11-21 23:00:00+00:00,ETHUSDT,VolatilityExpansion,1,bull,-0.003483501007833456,2.0,-0.006083501007833456
2024-11-22 00:00:00+00:00,ETHUSDT,VolatilityExpansion,1,bull,0.009390222961309425,2.0,0.006790222961309425
2024-11-22 01:00:00+00:00,ETHUSDT,VolatilityExpansion,1,bull,-0.00844375592221025,2.0,-0.01104375592221025
2024-11-25 15:00:00+00:00,ETHUSDT,VolatilityExpansion,1,bull,-0.024057276253983018,2.0,-0.026657276253983016
2024-11-25 16:00:00+00:00,ETHUSDT,VolatilityExpansion,1,bull,-0.018316888480954585,2.0,-0.020916888480954583
2024-11-25 17:00:00+00:00,ETHUSDT,VolatilityExpansion,1,bull,-0.008980307962232037,2.0,-0.011580307962232037
2024-11-25 18:00:00+00:00,ETHUSDT,VolatilityExpansion,1,bull,-0.007302802595392843,2.0,-0.009902802595392843
2024-11-25 19:00:00+00:00,ETHUSDT,VolatilityExpansion,1,bull,-0.02020178712554299,2.0,-0.02280178712554299
2024-11-25 20:00:00+00:00,ETHUSDT,VolatilityExpansion,1,bull,-0.036751802635971775,2.0,-0.039351802635971773
2024-11-25 22:00:00+00:00,ETHUSDT,VolatilityExpansion,1,bull,-0.0388751704353012,2.0,-0.0414751704353012
2024-11-26 01:00:00+00:00,ETHUSDT,VolatilityExpansion,1,bull,-0.03955956687071038,2.0,-0.04215956687071038
2024-11-26 02:00:00+00:00,ETHUSDT,VolatilityExpansion,1,bull,-0.028763038509287853,2.0,-0.03136303850928785
2024-12-05 03:00:00+00:00,ETHUSDT,VolatilityExpansion,1,bull,0.014074301888562735,2.0,0.011474301888562735
2024-07-21 20:00:00+00:00,SOLUSDT,VolatilityExpansion,1,bull,-0.02784162913304189,2.0,-0.03104162913304189
2024-07-21 21:00:00+00:00,SOLUSDT,VolatilityExpansion,1,bull,-0.02898959848863214,2.0,-0.03218959848863214
2024-07-21 22:00:00+00:00,SOLUSDT,VolatilityExpansion,1,bull,-0.024078303425774883,2.0,-0.027278303425774884
2024-07-21 23:00:00+00:00,SOLUSDT,VolatilityExpansion,1,bull,-0.021623760658741387,2.0,-0.024823760658741388
2024-07-22 00:00:00+00:00,SOLUSDT,VolatilityExpansion,1,bull,-0.014172884042524259,2.0,-0.01737288404252426
2024-07-22 01:00:00+00:00,SOLUSDT,VolatilityExpansion,1,bull,-0.014472849618046957,2.0,-0.017672849618046958
2024-07-22 02:00:00+00:00,SOLUSDT,VolatilityExpansion,1,bull,-0.02300987861534831,2.0,-0.026209878615348313
2024-07-22 03:00:00+00:00,SOLUSDT,VolatilityExpansion,1,bull,-0.006185396053286163,2.0,-0.009385396053286163
2024-07-22 04:00:00+00:00,SOLUSDT,VolatilityExpansion,1,bull,-0.012002185225448048,2.0,-0.015202185225448047
2024-07-22 05:00:00+00:00,SOLUSDT,VolatilityExpansion,1,bull,0.010326244616517544,2.0,0.007126244616517544
2024-07-22 06:00:00+00:00,SOLUSDT,VolatilityExpansion,1,bull,0.00832032991529208,2.0,0.00512032991529208
2024-08-23 22:00:00+00:00,SOLUSDT,VolatilityExpansion,1,bull,0.039942553345674536,2.0,0.036742553345674535
2024-08-23 23:00:00+00:00,SOLUSDT,VolatilityExpansion,1,bull,0.026502989009841382,2.0,0.02330298900984138
2024-08-24 00:00:00+00:00,SOLUSDT,VolatilityExpansion,1,bull,0.027492958482822738,2.0,0.024292958482822737
2024-08-24 01:00:00+00:00,SOLUSDT,VolatilityExpansion,1,bull,0.03025656418019529,2.0,0.027056564180195287
2024-08-24 02:00:00+00:00,SOLUSDT,VolatilityExpansion,1,bull,0.034586005127234865,2.0,0.03138600512723486
2024-08-24 03:00:00+00:00,SOLUSDT,VolatilityExpansion,1,bull,0.040273625670683266,2.0,0.037073625670683265
2024-09-23 06:00:00+00:00,SOLUSDT,VolatilityExpansion,1,bull,-0.020771493151057863,2.0,-0.023971493151057864
2024-10-14 03:00:00+00:00,SOLUSDT,VolatilityExpansion,1,bull,0.027684838942465317,2.0,0.024484838942465316
2024-10-14 04:00:00+00:00,SOLUSDT,VolatilityExpansion,1,bull,0.019034598801135783,2.0,0.01583459880113578
2024-10-14 05:00:00+00:00,SOLUSDT,VolatilityExpansion,1,bull,0.027565114573906646,2.0,0.024365114573906645
2024-10-14 06:00:00+00:00,SOLUSDT,VolatilityExpansion,1,bull,0.025744008427706078,2.0,0.022544008427706076
2024-10-14 07:00:00+00:00,SOLUSDT,VolatilityExpansion,1,bull,0.017063284518828326,2.0,0.013863284518828326
2024-10-14 09:00:00+00:00,SOLUSDT,VolatilityExpansion,1,bull,0.018313820393747182,2.0,0.015113820393747182
2024-10-14 10:00:00+00:00,SOLUSDT,VolatilityExpansion,1,bull,0.031750179656366395,2.0,0.028550179656366394
2024-10-14 15:00:00+00:00,SOLUSDT,VolatilityExpansion,1,bull,-0.007787565428316046,2.0,-0.010987565428316045
2024-10-14 16:00:00+00:00,SOLUSDT,VolatilityExpansion,1,bull,0.006127450980392357,2.0,0.002927450980392357
2024-10-15 16:00:00+00:00,SOLUSDT,VolatilityExpansion,1,bull,-0.007165913492575893,2.0,-0.010365913492575892
2024-10-15 17:00:00+00:00,SOLUSDT,VolatilityExpansion,1,bull,-0.0036199095022624306,2.0,-0.00681990950226243
2024-10-15 18:00:00+00:00,SOLUSDT,VolatilityExpansion,1,bull,-0.006516549454803622,2.0,-0.009716549454803622
2024-10-15 19:00:00+00:00,SOLUSDT,VolatilityExpansion,1,bull,-0.009863967506930527,2.0,-0.013063967506930526
2024-10-15 23:00:00+00:00,SOLUSDT,VolatilityExpansion,1,bull,0.007176105508145847,2.0,0.003976105508145847
2024-10-16 01:00:00+00:00,SOLUSDT,VolatilityExpansion,1,bull,-0.0020685197155785318,2.0,-0.0052685197155785315
2024-10-16 02:00:00+00:00,SOLUSDT,VolatilityExpansion,1,bull,0.004727979274611327,2.0,0.0015279792746113268
2024-10-21 00:00:00+00:00,SOLUSDT,VolatilityExpansion,1,bull,-0.01801161275032581,2.0,-0.021211612750325813
2024-10-21 01:00:00+00:00,SOLUSDT,VolatilityExpansion,1,bull,-0.04221868927751293,2.0,-0.045418689277512934
2024-10-21 02:00:00+00:00,SOLUSDT,VolatilityExpansion,1,bull,-0.02527589889640436,2.0,-0.02847589889640436
2024-10-21 03:00:00+00:00,SOLUSDT,VolatilityExpansion,1,bull,-0.024769992922859085,2.0,-0.027969992922859087
2024-10-21 04:00:00+00:00,SOLUSDT,VolatilityExpansion,1,bull,-0.03510725589028252,2.0,-0.03830725589028252
2024-10-21 05:00:00+00:00,SOLUSDT,VolatilityExpansion,1,bull,-0.023287348190072055,2.0,-0.026487348190072056
2024-10-21 06:00:00+00:00,SOLUSDT,VolatilityExpansion,1,bull,-0.020104068117313134,2.0,-0.023304068117313136
2024-10-21 07:00:00+00:00,SOLUSDT,VolatilityExpansion,1,bull,-0.005749170222854372,2.0,-0.008949170222854371
2024-10-21 08:00:00+00:00,SOLUSDT,VolatilityExpansion,1,bull,-0.0011401140114011277,2.0,-0.004340114011401127
2024-10-21 09:00:00+00:00,SOLUSDT,VolatilityExpansion,1,bull,0.002454501915708729,2.0,-0.0007454980842912713
2024-10-21 10:00:00+00:00,SOLUSDT,VolatilityExpansion,1,bull,0.009085439229843617,2.0,0.005885439229843617
2024-10-21 11:00:00+00:00,SOLUSDT,VolatilityExpansion,1,bull,-0.0021023546371936597,2.0,-0.005302354637193659
2024-10-21 17:00:00+00:00,SOLUSDT,VolatilityExpansion,1,bull,0.016961429347498003,2.0,0.013761429347498003
2024-11-06 06:00:00+00:00,SOLUSDT,VolatilityExpansion,1,bull,0.012684875310374766,2.0,0.009484875310374766
2024-11-06 07:00:00+00:00,SOLUSDT,VolatilityExpansion,1,bull,0.023849622426250994,2.0,0.020649622426250992
2024-11-06 08:00:00+00:00,SOLUSDT,VolatilityExpansion,1,bull,0.023304044097582244,2.0,0.020104044097582242
2024-11-06 09:00:00+00:00,SOLUSDT,VolatilityExpansion,1,bull,0.024515919075771553,2.0,0.02131591907577155
2024-11-06 10:00:00+00:00,SOLUSDT,VolatilityExpansion,1,bull,0.020897456666126635,2.0,0.017697456666126633
2024-11-06 11:00:00+00:00,SOLUSDT,VolatilityExpansion,1,bull,-0.0009101616875467622,2.0,-0.004110161687546762
2024-11-06 12:00:00+00:00,SOLUSDT,VolatilityExpansion,1,bull,0.004989805773151668,2.0,0.0017898057731516675
2024-11-06 13:00:00+00:00,SOLUSDT,VolatilityExpansion,1,bull,0.013637822226976182,2.0,0.010437822226976182
2024-11-06 14:00:00+00:00,SOLUSDT,VolatilityExpansion,1,bull,0.035019455252918386,2.0,0.031819455252918384
2024-11-06 15:00:00+00:00,SOLUSDT,VolatilityExpansion,1,bull,0.019453575470173012,2.0,0.01625357547017301
2024-11-10 21:00:00+00:00,SOLUSDT,VolatilityExpansion,1,bull,0.017785703957198695,2.0,0.014585703957198696
2024-11-10 22:00:00+00:00,SOLUSDT,VolatilityExpansion,1,bull,0.024440015186028896,2.0,0.021240015186028895
2024-11-10 23:00:00+00:00,SOLUSDT,VolatilityExpansion,1,bull,0.03580769413666851,2.0,0.03260769413666851
2024-11-11 00:00:00+00:00,SOLUSDT,VolatilityExpansion,1,bull,0.025276236543842145,2.0,0.022076236543842144
2024-11-11 01:00:00+00:00,SOLUSDT,VolatilityExpansion,1,bull,0.031088328824339095,2.0,0.027888328824339094
2024-11-11 02:00:00+00:00,SOLUSDT,VolatilityExpansion,1,bull,0.034054411486869496,2.0,0.030854411486869494
2024-11-11 03:00:00+00:00,SOLUSDT,VolatilityExpansion,1,bull,0.043068576595441055,2.0,0.03986857659544105
2024-11-17 08:00:00+00:00,SOLUSDT,VolatilityExpansion,1,bull,-0.008151260504201674,2.0,-0.011351260504201674
2024-11-17 09:00:00+00:00,SOLUSDT,VolatilityExpansion,1,bull,-0.021688061078949494,2.0,-0.024888061078949496
2024-11-17 10:00:00+00:00,SOLUSDT,VolatilityExpansion,1,bull,-0.02462011126795649,2.0,-0.027820111267956492
2024-11-17 11:00:00+00:00,SOLUSDT,VolatilityExpansion,1,bull,0.010891299723463144,2.0,0.007691299723463144
2024-11-17 12:00:00+00:00,SOLUSDT,VolatilityExpansion,1,bull,0.001149082861642059,2.0,-0.002050917138357941
2024-11-17 13:00:00+00:00,SOLUSDT,VolatilityExpansion,1,bull,0.026644211253616712,2.0,0.02344421125361671
2024-11-17 14:00:00+00:00,SOLUSDT,VolatilityExpansion,1,bull,0.02693444097118136,2.0,0.02373444097118136
2024-11-17 15:00:00+00:00,SOLUSDT,VolatilityExpansion,1,bull,0.04395181957970262,2.0,0.04075181957970262
2024-11-17 16:00:00+00:00,SOLUSDT,VolatilityExpansion,1,bull,0.038298600710342745,2.0,0.035098600710342744
2025-01-06 14:00:00+00:00,BTCUSDT,VolatilityExpansion,1,bull,0.009192468868542747,2.0,0.0067924688685427476
2025-01-06 15:00:00+00:00,BTCUSDT,VolatilityExpansion,1,bull,-0.004340650999711038,2.0,-0.006740650999711037
2025-01-06 16:00:00+00:00,BTCUSDT,VolatilityExpansion,1,bull,-0.004953166236602358,2.0,-0.007353166236602357
2025-01-06 17:00:00+00:00,BTCUSDT,VolatilityExpansion,1,bull,-0.0009469994655936231,2.0,-0.003346999465593623
2025-01-06 18:00:00+00:00,BTCUSDT,VolatilityExpansion,1,bull,0.0006814045389604839,2.0,-0.0017185954610395159
2025-01-06 19:00:00+00:00,BTCUSDT,VolatilityExpansion,1,bull,-0.0012026919074752396,2.0,-0.0036026919074752394
2025-01-06 20:00:00+00:00,BTCUSDT,VolatilityExpansion,1,bull,-0.002091589068875521,2.0,-0.0044915890688755206
2025-01-06 21:00:00+00:00,BTCUSDT,VolatilityExpansion,1,bull,0.0011421077401430058,2.0,-0.001257892259856994
2025-01-06 22:00:00+00:00,BTCUSDT,VolatilityExpansion,1,bull,-0.0058745129499175874,2.0,-0.008274512949917587
2025-01-06 23:00:00+00:00,BTCUSDT,VolatilityExpansion,1,bull,-0.013637631446313137,2.0,-0.016037631446313136
2025-01-07 00:00:00+00:00,BTCUSDT,VolatilityExpansion,1,bull,-0.012669036494432628,2.0,-0.015069036494432628
2025-01-07 01:00:00+00:00,BTCUSDT,VolatilityExpansion,1,bull,-0.012602835466198892,2.0,-0.015002835466198891
2025-01-07 02:00:00+00:00,BTCUSDT,VolatilityExpansion,1,bull,-0.016554541724352667,2.0,-0.018954541724352666
2025-01-07 03:00:00+00:00,BTCUSDT,VolatilityExpansion,1,bull,-0.03684879413425346,2.0,-0.03924879413425346
2025-01-20 10:00:00+00:00,BTCUSDT,VolatilityExpansion,1,bull,-0.040812943837870486,2.0,-0.043212943837870485
2025-01-20 11:00:00+00:00,BTCUSDT,VolatilityExpansion,1,bull,-0.05560296893992289,2.0,-0.05800296893992289
2025-01-20 12:00:00+00:00,BTCUSDT,VolatilityExpansion,1,bull,-0.05393933274244278,2.0,-0.05633933274244278
2025-01-20 13:00:00+00:00,BTCUSDT,VolatilityExpansion,1,bull,-0.06020866782593237,2.0,-0.06260866782593237
2025-01-20 14:00:00+00:00,BTCUSDT,VolatilityExpansion,1,bull,-0.0497829841806402,2.0,-0.0521829841806402
2025-01-20 16:00:00+00:00,BTCUSDT,VolatilityExpansion,1,bull,-0.0407545196095801,2.0,-0.0431545196095801
2025-01-23 22:00:00+00:00,BTCUSDT,VolatilityExpansion,1,bull,0.013775652558761564,2.0,0.011375652558761565
2025-01-23 23:00:00+00:00,BTCUSDT,VolatilityExpansion,1,bull,0.014538242316875838,2.0,0.012138242316875839
2025-01-24 03:00:00+00:00,BTCUSDT,VolatilityExpansion,1,bull,0.0190596152253506,2.0,0.016659615225350602
2025-01-24 04:00:00+00:00,BTCUSDT,VolatilityExpansion,1,bull,0.009777204054312483,2.0,0.007377204054312483
2025-03-20 00:00:00+00:00,BTCUSDT,VolatilityExpansion,1,bull,-0.007689006384050123,2.0,-0.010089006384050123
2025-03-20 01:00:00+00:00,BTCUSDT,VolatilityExpansion,1,bull,-0.004313819600094915,2.0,-0.006713819600094914
2025-03-20 02:00:00+00:00,BTCUSDT,VolatilityExpansion,1,bull,0.0012043696763894829,2.0,-0.001195630323610517
2025-03-24 00:00:00+00:00,BTCUSDT,VolatilityExpansion,1,bull,0.015019512807751045,2.0,0.012619512807751046
2025-03-24 01:00:00+00:00,BTCUSDT,VolatilityExpansion,1,bull,0.02487462715536659,2.0,0.02247462715536659
2025-03-24 02:00:00+00:00,BTCUSDT,VolatilityExpansion,1,bull,0.02428456925034128,2.0,0.021884569250341282
2025-03-24 03:00:00+00:00,BTCUSDT,VolatilityExpansion,1,bull,0.02058897651631275,2.0,0.018188976516312752
2025-03-24 04:00:00+00:00,BTCUSDT,VolatilityExpansion,1,bull,0.013970850855464123,2.0,0.011570850855464124
2025-03-24 05:00:00+00:00,BTCUSDT,VolatilityExpansion,1,bull,0.017876961192902607,2.0,0.015476961192902608
2025-03-24 06:00:00+00:00,BTCUSDT,VolatilityExpansion,1,bull,0.015273671951984369,2.0,0.01287367195198437
2025-03-24 07:00:00+00:00,BTCUSDT,VolatilityExpansion,1,bull,0.015373009703147034,2.0,0.012973009703147034
2025-03-24 08:00:00+00:00,BTCUSDT,VolatilityExpansion,1,bull,0.004907947372336796,2.0,0.0025079473723367963
2025-03-24 09:00:00+00:00,BTCUSDT,VolatilityExpansion,1,bull,0.011002016959912098,2.0,0.008602016959912098
2025-03-24 10:00:00+00:00,BTCUSDT,VolatilityExpansion,1,bull,-0.003828033651139484,2.0,-0.0062280336511394835
2025-03-24 11:00:00+00:00,BTCUSDT,VolatilityExpansion,1,bull,-0.0020560542926124636,2.0,-0.004456054292612463
2025-03-24 12:00:00+00:00,BTCUSDT,VolatilityExpansion,1,bull,0.003093261844615114,2.0,0.0006932618446151141
2025-03-24 13:00:00+00:00,BTCUSDT,VolatilityExpansion,1,bull,-0.006946757875426091,2.0,-0.00934675787542609
2025-03-24 14:00:00+00:00,BTCUSDT,VolatilityExpansion,1,bull,-0.012589711218025212,2.0,-0.014989711218025212
2025-03-24 15:00:00+00:00,BTCUSDT,VolatilityExpansion,1,bull,-0.020460175547694526,2.0,-0.022860175547694525
2025-03-24 16:00:00+00:00,BTCUSDT,VolatilityExpansion,1,bull,-0.017014458994972004,2.0,-0.019414458994972003
2025-03-24 17:00:00+00:00,BTCUSDT,VolatilityExpansion,1,bull,-0.020388335239155286,2.0,-0.022788335239155286
2025-03-24 18:00:00+00:00,BTCUSDT,VolatilityExpansion,1,bull,-0.02151552069935625,2.0,-0.02391552069935625
2025-03-24 19:00:00+00:00,BTCUSDT,VolatilityExpansion,1,bull,-0.01993936183606837,2.0,-0.02233936183606837
2025-03-24 20:00:00+00:00,BTCUSDT,VolatilityExpansion,1,bull,-0.012782853231249725,2.0,-0.015182853231249724
2025-03-24 21:00:00+00:00,BTCUSDT,VolatilityExpansion,1,bull,-0.010187385672938531,2.0,-0.01258738567293853
2025-03-24 23:00:00+00:00,BTCUSDT,VolatilityExpansion,1,bull,-0.0016018128725843184,2.0,-0.004001812872584318
2025-03-25 00:00:00+00:00,BTCUSDT,VolatilityExpansion,1,bull,-0.005852227821152911,2.0,-0.00825222782115291
2025-04-02 20:00:00+00:00,BTCUSDT,VolatilityExpansion,1,bull,-0.023174793747488986,2.0,-0.025574793747488986
2025-04-14 02:00:00+00:00,BTCUSDT,VolatilityExpansion,1,bull,0.0034376377258704682,2.0,0.0010376377258704684
2025-04-14 03:00:00+00:00,BTCUSDT,VolatilityExpansion,1,bull,-0.005701685900984632,2.0,-0.008101685900984631
2025-04-14 04:00:00+00:00,BTCUSDT,VolatilityExpansion,1,bull,-0.006366100895803917,2.0,-0.008766100895803916
2025-04-14 05:00:00+00:00,BTCUSDT,VolatilityExpansion,1,bull,0.003402092831236825,2.0,0.001002092831236825
2025-04-21 00:00:00+00:00,BTCUSDT,VolatilityExpansion,1,bull,0.0046547397860736694,2.0,0.0022547397860736697
2025-04-21 01:00:00+00:00,BTCUSDT,VolatilityExpansion,1,bull,-0.0029284036818801873,2.0,-0.005328403681880187
2025-04-21 02:00:00+00:00,BTCUSDT,VolatilityExpansion,1,bull,0.009655162935169548,2.0,0.0072551629351695485
2025-04-21 03:00:00+00:00,BTCUSDT,VolatilityExpansion,1,bull,0.009531173637608692,2.0,0.007131173637608693
2025-04-21 04:00:00+00:00,BTCUSDT,VolatilityExpansion,1,bull,-0.0021061504402987152,2.0,-0.004506150440298715
2025-04-21 05:00:00+00:00,BTCUSDT,VolatilityExpansion,1,bull,-0.007911556952810539,2.0,-0.010311556952810538
2025-04-21 06:00:00+00:00,BTCUSDT,VolatilityExpansion,1,bull,-0.008292598164516884,2.0,-0.010692598164516884
2025-04-21 07:00:00+00:00,BTCUSDT,VolatilityExpansion,1,bull,-0.0003615531683384132,2.0,-0.002761553168338413
2025-04-21 08:00:00+00:00,BTCUSDT,VolatilityExpansion,1,bull,-0.0022664857133717353,2.0,-0.004666485713371735
2025-04-21 09:00:00+00:00,BTCUSDT,VolatilityExpansion,1,bull,-0.0027254030658498962,2.0,-0.005125403065849896
2025-04-21 10:00:00+00:00,BTCUSDT,VolatilityExpansion,1,bull,-0.0020915182406506805,2.0,-0.00449151824065068
2025-04-21 11:00:00+00:00,BTCUSDT,VolatilityExpansion,1,bull,0.0060906523727088935,2.0,0.0036906523727088937
2025-04-21 12:00:00+00:00,BTCUSDT,VolatilityExpansion,1,bull,0.007697435720607215,2.0,0.005297435720607216
2025-04-21 13:00:00+00:00,BTCUSDT,VolatilityExpansion,1,bull,0.015605943041066883,2.0,0.013205943041066884
2025-04-21 14:00:00+00:00,BTCUSDT,VolatilityExpansion,1,bull,-0.00012818520379753728,2.0,-0.002528185203797537
2025-04-21 15:00:00+00:00,BTCUSDT,VolatilityExpansion,1,bull,0.001292085098065554,2.0,-0.0011079149019344457
2025-04-21 16:00:00+00:00,BTCUSDT,VolatilityExpansion,1,bull,0.0100789837923696,2.0,0.007678983792369601
2025-04-21 19:00:00+00:00,BTCUSDT,VolatilityExpansion,1,bull,0.012197662334094916,2.0,0.009797662334094917
2025-04-21 20:00:00+00:00,BTCUSDT,VolatilityExpansion,1,bull,0.011754347196349046,2.0,0.009354347196349047
2025-04-21 21:00:00+00:00,BTCUSDT,VolatilityExpansion,1,bull,0.01486673926749571,2.0,0.01246673926749571
2025-04-21 22:00:00+00:00,BTCUSDT,VolatilityExpansion,1,bull,0.015403616062000136,2.0,0.013003616062000137
2025-04-21 23:00:00+00:00,BTCUSDT,VolatilityExpansion,1,bull,0.01265291656186407,2.0,0.01025291656186407
2025-04-22 00:00:00+00:00,BTCUSDT,VolatilityExpansion,1,bull,0.014537022357016482,2.0,0.012137022357016483
2025-04-22 01:00:00+00:00,BTCUSDT,VolatilityExpansion,1,bull,0.020718708863940227,2.0,0.018318708863940228
2025-04-22 02:00:00+00:00,BTCUSDT,VolatilityExpansion,1,bull,0.029517008840240555,2.0,0.027117008840240556
2025-04-22 03:00:00+00:00,BTCUSDT,VolatilityExpansion,1,bull,0.03143988832268385,2.0,0.02903988832268385
2025-04-22 23:00:00+00:00,BTCUSDT,VolatilityExpansion,1,bull,0.0002173333518906695,2.0,-0.0021826666481093303
2025-04-23 00:00:00+00:00,BTCUSDT,VolatilityExpansion,1,bull,0.009019128089926332,2.0,0.006619128089926332
2025-04-23 01:00:00+00:00,BTCUSDT,VolatilityExpansion,1,bull,0.00419313699128665,2.0,0.0017931369912866503
2025-04-23 02:00:00+00:00,BTCUSDT,VolatilityExpansion,1,bull,0.0006721964882041576,2.0,-0.0017278035117958422
2025-04-28 19:00:00+00:00,BTCUSDT,VolatilityExpansion,1,bull,0.0014460476456865656,2.0,-0.0009539523543134342
2025-04-28 20:00:00+00:00,BTCUSDT,VolatilityExpansion,1,bull,0.0059669687925625325,2.0,0.0035669687925625328
2025-04-28 21:00:00+00:00,BTCUSDT,VolatilityExpansion,1,bull,0.004666720988286688,2.0,0.002266720988286688
2025-04-28 22:00:00+00:00,BTCUSDT,VolatilityExpansion,1,bull,-7.280354859273697e-05,2.0,-0.0024728035485927368
2025-04-28 23:00:00+00:00,BTCUSDT,VolatilityExpansion,1,bull,0.0012414577388411008,2.0,-0.001158542261158899
2025-05-09 00:00:00+00:00,BTCUSDT,VolatilityExpansion,1,bull,0.0005933909862936293,2.0,-0.0018066090137063705
2025-05-09 01:00:00+00:00,BTCUSDT,VolatilityExpansion,1,bull,0.005023765379096323,2.0,0.0026237653790963235
2025-05-09 02:00:00+00:00,BTCUSDT,VolatilityExpansion,1,bull,0.005225449890762679,2.0,0.002825449890762679
2025-05-09 03:00:00+00:00,BTCUSDT,VolatilityExpansion,1,bull,0.004231616049678033,2.0,0.0018316160496780333
2025-05-09 04:00:00+00:00,BTCUSDT,VolatilityExpansion,1,bull,-0.0034503454722848437,2.0,-0.005850345472284843
2025-05-18 22:00:00+00:00,BTCUSDT,VolatilityExpansion,1,bull,-0.028432671415202893,2.0,-0.030832671415202892
2025-05-18 23:00:00+00:00,BTCUSDT,VolatilityExpansion,1,bull,-0.03285012804548548,2.0,-0.03525012804548548
2025-05-19 00:00:00+00:00,BTCUSDT,VolatilityExpansion,1,bull,-0.026587737538156242,2.0,-0.02898773753815624
2025-05-19 01:00:00+00:00,BTCUSDT,VolatilityExpansion,1,bull,-0.016975393867605715,2.0,-0.019375393867605714
2025-05-21 19:00:00+00:00,BTCUSDT,VolatilityExpansion,1,bull,0.022650054538486453,2.0,0.020250054538486453
2025-05-21 20:00:00+00:00,BTCUSDT,VolatilityExpansion,1,bull,0.020170566666944056,2.0,0.017770566666944057
2025-05-21 23:00:00+00:00,BTCUSDT,VolatilityExpansion,1,bull,0.01217502846466001,2.0,0.00977502846466001
2025-05-22 00:00:00+00:00,BTCUSDT,VolatilityExpansion,1,bull,0.014981992316600357,2.0,0.012581992316600357
2025-05-22 01:00:00+00:00,BTCUSDT,VolatilityExpansion,1,bull,0.008902336374183806,2.0,0.006502336374183806
2025-05-22 02:00:00+00:00,BTCUSDT,VolatilityExpansion,1,bull,0.0037296033074762924,2.0,0.0013296033074762926
2025-05-22 03:00:00+00:00,BTCUSDT,VolatilityExpansion,1,bull,-0.004521461506730162,2.0,-0.006921461506730162
2025-05-22 04:00:00+00:00,BTCUSDT,VolatilityExpansion,1,bull,-0.0019874472294626466,2.0,-0.004387447229462646
2025-06-09 13:00:00+00:00,BTCUSDT,VolatilityExpansion,1,bull,0.0259107608604201,2.0,0.023510760860420102
2025-06-09 14:00:00+00:00,BTCUSDT,VolatilityExpansion,1,bull,0.019034762567508023,2.0,0.016634762567508024
2025-06-09 15:00:00+00:00,BTCUSDT,VolatilityExpansion,1,bull,0.018235604192097243,2.0,0.015835604192097244
2025-06-09 16:00:00+00:00,BTCUSDT,VolatilityExpansion,1,bull,0.01708443375938362,2.0,0.014684433759383622
2025-06-09 17:00:00+00:00,BTCUSDT,VolatilityExpansion,1,bull,0.009133499626440722,2.0,0.006733499626440723
2025-06-09 18:00:00+00:00,BTCUSDT,VolatilityExpansion,1,bull,0.009907156162725306,2.0,0.007507156162725306
2025-06-09 19:00:00+00:00,BTCUSDT,VolatilityExpansion,1,bull,0.006108827250769666,2.0,0.0037088272507696664
2025-06-09 20:00:00+00:00,BTCUSDT,VolatilityExpansion,1,bull,0.0038126868027832383,2.0,0.0014126868027832386
2025-06-09 21:00:00+00:00,BTCUSDT,VolatilityExpansion,1,bull,-0.004187894946054871,2.0,-0.00658789494605487
2025-06-09 22:00:00+00:00,BTCUSDT,VolatilityExpansion,1,bull,-0.007902313853428988,2.0,-0.010302313853428988
2025-06-09 23:00:00+00:00,BTCUSDT,VolatilityExpansion,1,bull,-0.006621729506114504,2.0,-0.009021729506114504
2025-06-10 00:00:00+00:00,BTCUSDT,VolatilityExpansion,1,bull,-0.0020560569033543086,2.0,-0.004456056903354308
2025-06-10 01:00:00+00:00,BTCUSDT,VolatilityExpansion,1,bull,-0.004335595898406042,2.0,-0.006735595898406041
2025-06-10 02:00:00+00:00,BTCUSDT,VolatilityExpansion,1,bull,-0.0093916074027105,2.0,-0.0117916074027105
2025-06-17 02:00:00+00:00,BTCUSDT,VolatilityExpansion,1,bull,-0.024617355011895325,2.0,-0.027017355011895325
2025-06-17 03:00:00+00:00,BTCUSDT,VolatilityExpansion,1,bull,-0.03118546804235678,2.0,-0.03358546804235678
2025-06-29 23:00:00+00:00,BTCUSDT,VolatilityExpansion,1,bull,-0.006478638128775027,2.0,-0.008878638128775027
2025-06-30 00:00:00+00:00,BTCUSDT,VolatilityExpansion,1,bull,-0.01047893721656179,2.0,-0.01287893721656179
2025-06-30 01:00:00+00:00,BTCUSDT,VolatilityExpansion,1,bull,-0.008974212393688896,2.0,-0.011374212393688896
2025-02-17 15:00:00+00:00,ETHUSDT,VolatilityExpansion,1,bull,-0.015965267013464124,2.0,-0.018565267013464122
2025-02-17 17:00:00+00:00,ETHUSDT,VolatilityExpansion,1,bull,-0.020086555994112354,2.0,-0.022686555994112352
2025-02-17 20:00:00+00:00,ETHUSDT,VolatilityExpansion,1,bull,-0.023911602857237035,2.0,-0.026511602857237034
2025-02-17 21:00:00+00:00,ETHUSDT,VolatilityExpansion,1,bull,-0.02854085294668729,2.0,-0.031140852946687288
2025-02-17 22:00:00+00:00,ETHUSDT,VolatilityExpansion,1,bull,-0.015505604016912478,2.0,-0.018105604016912476
2025-02-17 23:00:00+00:00,ETHUSDT,VolatilityExpansion,1,bull,-0.023642084003222763,2.0,-0.02624208400322276
2025-02-18 01:00:00+00:00,ETHUSDT,VolatilityExpansion,1,bull,-0.012193828862262723,2.0,-0.014793828862262723
2025-03-19 19:00:00+00:00,ETHUSDT,VolatilityExpansion,1,bull,-0.011557162632826135,2.0,-0.014157162632826134
2025-03-19 20:00:00+00:00,ETHUSDT,VolatilityExpansion,1,bull,-0.007421469637877487,2.0,-0.010021469637877487
2025-03-19 21:00:00+00:00,ETHUSDT,VolatilityExpansion,1,bull,-0.017155072243495106,2.0,-0.019755072243495105
2025-03-19 22:00:00+00:00,ETHUSDT,VolatilityExpansion,1,bull,-0.032481545131429757,2.0,-0.035081545131429755
2025-03-19 23:00:00+00:00,ETHUSDT,VolatilityExpansion,1,bull,-0.032512334445947255,2.0,-0.03511233444594725
2025-03-20 00:00:00+00:00,ETHUSDT,VolatilityExpansion,1,bull,-0.017962510027017542,2.0,-0.02056251002701754
2025-03-20 01:00:00+00:00,ETHUSDT,VolatilityExpansion,1,bull,-0.020251927462265118,2.0,-0.022851927462265116
2025-03-24 05:00:00+00:00,ETHUSDT,VolatilityExpansion,1,bull,0.019287486083712668,2.0,0.01668748608371267
2025-03-24 06:00:00+00:00,ETHUSDT,VolatilityExpansion,1,bull,0.014838159971340303,2.0,0.012238159971340304
2025-03-24 07:00:00+00:00,ETHUSDT,VolatilityExpansion,1,bull,0.009296681621287162,2.0,0.006696681621287162
2025-03-24 08:00:00+00:00,ETHUSDT,VolatilityExpansion,1,bull,-0.002402477135788006,2.0,-0.005002477135788006
2025-03-24 09:00:00+00:00,ETHUSDT,VolatilityExpansion,1,bull,-0.005073086844367913,2.0,-0.007673086844367913
2025-03-24 10:00:00+00:00,ETHUSDT,VolatilityExpansion,1,bull,-0.008078231292517168,2.0,-0.010678231292517168
2025-03-24 11:00:00+00:00,ETHUSDT,VolatilityExpansion,1,bull,-0.005388013462862329,2.0,-0.007988013462862329
2025-03-24 12:00:00+00:00,ETHUSDT,VolatilityExpansion,1,bull,0.0012580065877292324,2.0,-0.0013419934122707675
2025-03-24 13:00:00+00:00,ETHUSDT,VolatilityExpansion,1,bull,-0.008015184642368167,2.0,-0.010615184642368167
2025-03-24 14:00:00+00:00,ETHUSDT,VolatilityExpansion,1,bull,-0.008586538461538562,2.0,-0.011186538461538562
2025-03-24 16:00:00+00:00,ETHUSDT,VolatilityExpansion,1,bull,-0.01598475625893192,2.0,-0.01858475625893192
2025-04-22 21:00:00+00:00,ETHUSDT,VolatilityExpansion,1,bull,0.017882701793402234,2.0,0.015282701793402234
2025-04-22 22:00:00+00:00,ETHUSDT,VolatilityExpansion,1,bull,0.03321489971346714,2.0,0.03061489971346714
2025-04-22 23:00:00+00:00,ETHUSDT,VolatilityExpansion,1,bull,0.023445243167500296,2.0,0.020845243167500298
2025-04-23 00:00:00+00:00,ETHUSDT,VolatilityExpansion,1,bull,0.03631056759180451,2.0,0.03371056759180451
2025-04-23 01:00:00+00:00,ETHUSDT,VolatilityExpansion,1,bull,0.014114334054379452,2.0,0.011514334054379452
2025-04-23 02:00:00+00:00,ETHUSDT,VolatilityExpansion,1,bull,-0.0022274201561985896,2.0,-0.0048274201561985895
2025-04-23 03:00:00+00:00,ETHUSDT,VolatilityExpansion,1,bull,-0.00045137669893169363,2.0,-0.0030513766989316935
2025-04-23 04:00:00+00:00,ETHUSDT,VolatilityExpansion,1,bull,-0.013368718959574477,2.0,-0.015968718959574475
2025-05-08 15:00:00+00:00,ETHUSDT,VolatilityExpansion,1,bull,0.07510143570536831,2.0,0.07250143570536831
2025-05-08 16:00:00+00:00,ETHUSDT,VolatilityExpansion,1,bull,0.07971021563079317,2.0,0.07711021563079316
2025-05-08 17:00:00+00:00,ETHUSDT,VolatilityExpansion,1,bull,0.08242932080508036,2.0,0.07982932080508036
2025-05-08 18:00:00+00:00,ETHUSDT,VolatilityExpansion,1,bull,0.09151345074511319,2.0,0.08891345074511318
2025-05-08 19:00:00+00:00,ETHUSDT,VolatilityExpansion,1,bull,0.11627368848549513,2.0,0.11367368848549513
2025-05-08 20:00:00+00:00,ETHUSDT,VolatilityExpansion,1,bull,0.10393873085339167,2.0,0.10133873085339166
2025-05-08 21:00:00+00:00,ETHUSDT,VolatilityExpansion,1,bull,0.07408664852886515,2.0,0.07148664852886515
2025-05-08 22:00:00+00:00,ETHUSDT,VolatilityExpansion,1,bull,0.0776368868145334,2.0,0.0750368868145334
2025-05-08 23:00:00+00:00,ETHUSDT,VolatilityExpansion,1,bull,0.06536507548050552,2.0,0.06276507548050551
2025-05-09 00:00:00+00:00,ETHUSDT,VolatilityExpansion,1,bull,0.06340166356074728,2.0,0.06080166356074728
2025-05-09 01:00:00+00:00,ETHUSDT,VolatilityExpansion,1,bull,0.07376703667275541,2.0,0.07116703667275541
2025-05-09 02:00:00+00:00,ETHUSDT,VolatilityExpansion,1,bull,0.04022996286117819,2.0,0.037629962861178194
2025-05-09 03:00:00+00:00,ETHUSDT,VolatilityExpansion,1,bull,0.04354156838552825,2.0,0.04094156838552825
2025-05-09 04:00:00+00:00,ETHUSDT,VolatilityExpansion,1,bull,0.03818470172014132,2.0,0.035584701720141325
2025-05-09 05:00:00+00:00,ETHUSDT,VolatilityExpansion,1,bull,0.06103129474145352,2.0,0.058431294741453525
2025-05-09 06:00:00+00:00,ETHUSDT,VolatilityExpansion,1,bull,0.0369203081642242,2.0,0.034320308164224204
2025-05-09 07:00:00+00:00,ETHUSDT,VolatilityExpansion,1,bull,-0.013969564794327538,2.0,-0.016569564794327536
2025-05-09 08:00:00+00:00,ETHUSDT,VolatilityExpansion,1,bull,-0.02998133941530179,2.0,-0.03258133941530179
2025-05-09 09:00:00+00:00,ETHUSDT,VolatilityExpansion,1,bull,-0.001742785381106171,2.0,-0.004342785381106171
2025-05-09 10:00:00+00:00,ETHUSDT,VolatilityExpansion,1,bull,-0.006085590055234458,2.0,-0.008685590055234458
2025-05-09 11:00:00+00:00,ETHUSDT,VolatilityExpansion,1,bull,-0.002743805168563096,2.0,-0.005343805168563096
2025-05-09 12:00:00+00:00,ETHUSDT,VolatilityExpansion,1,bull,-0.00590704314449586,2.0,-0.00850704314449586
2025-05-09 13:00:00+00:00,ETHUSDT,VolatilityExpansion,1,bull,-0.01462636291108943,2.0,-0.017226362911089428
2025-05-09 14:00:00+00:00,ETHUSDT,VolatilityExpansion,1,bull,0.015534646034782718,2.0,0.012934646034782718
2025-05-09 15:00:00+00:00,ETHUSDT,VolatilityExpansion,1,bull,0.016630805676903337,2.0,0.014030805676903338
2025-05-09 16:00:00+00:00,ETHUSDT,VolatilityExpansion,1,bull,0.016655713732368405,2.0,0.014055713732368405
2025-05-09 17:00:00+00:00,ETHUSDT,VolatilityExpansion,1,bull,0.001277008734739793,2.0,-0.001322991265260207
2025-05-09 18:00:00+00:00,ETHUSDT,VolatilityExpansion,1,bull,0.01170470624949238,2.0,0.00910470624949238
2025-05-09 19:00:00+00:00,ETHUSDT,VolatilityExpansion,1,bull,0.02938185687500261,2.0,0.026781856875002612
2025-05-09 20:00:00+00:00,ETHUSDT,VolatilityExpansion,1,bull,0.018164329685362635,2.0,0.015564329685362635
2025-06-10 00:00:00+00:00,ETHUSDT,VolatilityExpansion,1,bull,0.02440714648364395,2.0,0.02180714648364395
2025-06-10 01:00:00+00:00,ETHUSDT,VolatilityExpansion,1,bull,0.012892908715547158,2.0,0.010292908715547158
2025-06-10 02:00:00+00:00,ETHUSDT,VolatilityExpansion,1,bull,0.01616870137686588,2.0,0.01356870137686588
2025-06-10 03:00:00+00:00,ETHUSDT,VolatilityExpansion,1,bull,0.01620750969028273,2.0,0.013607509690282729
2025-06-10 04:00:00+00:00,ETHUSDT,VolatilityExpansion,1,bull,0.015328078913011689,2.0,0.012728078913011689
2025-06-10 05:00:00+00:00,ETHUSDT,VolatilityExpansion,1,bull,0.026256058370101698,2.0,0.0236560583701017
2025-06-10 06:00:00+00:00,ETHUSDT,VolatilityExpansion,1,bull,0.029383177570093455,2.0,0.026783177570093457
2025-06-10 11:00:00+00:00,ETHUSDT,VolatilityExpansion,1,bull,0.015416572003505324,2.0,0.012816572003505325
2025-06-10 12:00:00+00:00,ETHUSDT,VolatilityExpansion,1,bull,0.010993940490187093,2.0,0.008393940490187093
2025-06-10 13:00:00+00:00,ETHUSDT,VolatilityExpansion,1,bull,0.01503318019397648,2.0,0.012433180193976481
2025-06-10 15:00:00+00:00,ETHUSDT,VolatilityExpansion,1,bull,0.021366551481785123,2.0,0.018766551481785125
2025-06-10 16:00:00+00:00,ETHUSDT,VolatilityExpansion,1,bull,0.024423571475671757,2.0,0.02182357147567176
2025-06-10 17:00:00+00:00,ETHUSDT,VolatilityExpansion,1,bull,0.019299551818274807,2.0,0.01669955181827481
2025-06-10 18:00:00+00:00,ETHUSDT,VolatilityExpansion,1,bull,0.013731065764578165,2.0,0.011131065764578165
2025-06-10 19:00:00+00:00,ETHUSDT,VolatilityExpansion,1,bull,0.006487862755917284,2.0,0.0038878627559172842
2025-06-10 20:00:00+00:00,ETHUSDT,VolatilityExpansion,1,bull,-0.0018029387902280813,2.0,-0.004402938790228081
2025-06-10 21:00:00+00:00,ETHUSDT,VolatilityExpansion,1,bull,-0.005021101612379675,2.0,-0.007621101612379675
2025-06-10 22:00:00+00:00,ETHUSDT,VolatilityExpansion,1,bull,-0.011409774301962994,2.0,-0.014009774301962994
2025-06-10 23:00:00+00:00,ETHUSDT,VolatilityExpansion,1,bull,-0.01559803106820934,2.0,-0.018198031068209337
2025-06-11 00:00:00+00:00,ETHUSDT,VolatilityExpansion,1,bull,0.0034637735092892807,2.0,0.0008637735092892809
2025-06-29 22:00:00+00:00,ETHUSDT,VolatilityExpansion,1,bull,-0.018500599760095993,2.0,-0.02110059976009599
2025-06-29 23:00:00+00:00,ETHUSDT,VolatilityExpansion,1,bull,-0.016829048714614325,2.0,-0.019429048714614323
2025-06-30 00:00:00+00:00,ETHUSDT,VolatilityExpansion,1,bull,-0.0234411924743525,2.0,-0.0260411924743525
2025-06-30 01:00:00+00:00,ETHUSDT,VolatilityExpansion,1,bull,-0.0193014193157639,2.0,-0.0219014193157639
2025-06-30 02:00:00+00:00,ETHUSDT,VolatilityExpansion,1,bull,-0.02505639187956943,2.0,-0.027656391879569427
2025-06-30 03:00:00+00:00,ETHUSDT,VolatilityExpansion,1,bull,-0.009962256296954464,2.0,-0.012562256296954464
2025-06-30 04:00:00+00:00,ETHUSDT,VolatilityExpansion,1,bull,-0.00822113284084025,2.0,-0.01082113284084025
2025-06-30 05:00:00+00:00,ETHUSDT,VolatilityExpansion,1,bull,-0.006055397897597903,2.0,-0.008655397897597903
2025-06-30 07:00:00+00:00,ETHUSDT,VolatilityExpansion,1,bull,0.014175501990216333,2.0,0.011575501990216333
2025-06-30 15:00:00+00:00,ETHUSDT,VolatilityExpansion,1,bull,0.004374297565432617,2.0,0.0017742975654326167
2025-06-30 16:00:00+00:00,ETHUSDT,VolatilityExpansion,1,bull,-0.00579964353410467,2.0,-0.00839964353410467
2025-06-30 17:00:00+00:00,ETHUSDT,VolatilityExpansion,1,bull,-0.010765054790389028,2.0,-0.013365054790389028
2025-06-30 18:00:00+00:00,ETHUSDT,VolatilityExpansion,1,bull,-0.010772982631231609,2.0,-0.013372982631231609
2025-06-30 19:00:00+00:00,ETHUSDT,VolatilityExpansion,1,bull,-0.02018466824135723,2.0,-0.022784668241357227
2025-06-30 20:00:00+00:00,ETHUSDT,VolatilityExpansion,1,bull,-0.019943008556709718,2.0,-0.022543008556709716
2025-06-30 21:00:00+00:00,ETHUSDT,VolatilityExpansion,1,bull,-0.012405351391128416,2.0,-0.015005351391128416
2025-01-16 13:00:00+00:00,SOLUSDT,VolatilityExpansion,1,bull,0.021732913926222563,2.0,0.018532913926222562
2025-01-16 14:00:00+00:00,SOLUSDT,VolatilityExpansion,1,bull,0.02528049308999858,2.0,0.022080493089998578
2025-01-16 15:00:00+00:00,SOLUSDT,VolatilityExpansion,1,bull,0.009809081774247552,2.0,0.0066090817742475525
2025-01-16 16:00:00+00:00,SOLUSDT,VolatilityExpansion,1,bull,-0.0010327668763496778,2.0,-0.0042327668763496775
2025-01-16 17:00:00+00:00,SOLUSDT,VolatilityExpansion,1,bull,-0.009280850666915308,2.0,-0.012480850666915308
2025-01-16 18:00:00+00:00,SOLUSDT,VolatilityExpansion,1,bull,-0.0004703005220335621,2.0,-0.0036703005220335622
2025-01-16 19:00:00+00:00,SOLUSDT,VolatilityExpansion,1,bull,-0.00429665608070251,2.0,-0.00749665608070251
2025-01-16 20:00:00+00:00,SOLUSDT,VolatilityExpansion,1,bull,0.01430782943190878,2.0,0.011107829431908781
2025-01-16 21:00:00+00:00,SOLUSDT,VolatilityExpansion,1,bull,0.017394592550576737,2.0,0.014194592550576738
2025-01-16 22:00:00+00:00,SOLUSDT,VolatilityExpansion,1,bull,0.03600553197577372,2.0,0.03280553197577372
2025-01-16 23:00:00+00:00,SOLUSDT,VolatilityExpansion,1,bull,0.03644031654267166,2.0,0.033240316542671657
2025-01-17 00:00:00+00:00,SOLUSDT,VolatilityExpansion,1,bull,0.04501897533206822,2.0,0.04181897533206822
2025-01-18 06:00:00+00:00,SOLUSDT,VolatilityExpansion,1,bull,0.07748655629419487,2.0,0.07428655629419488
2025-01-18 07:00:00+00:00,SOLUSDT,VolatilityExpansion,1,bull,0.0965164726601091,2.0,0.0933164726601091
2025-01-18 08:00:00+00:00,SOLUSDT,VolatilityExpansion,1,bull,0.04046920821114375,2.0,0.037269208211143746
2025-01-18 09:00:00+00:00,SOLUSDT,VolatilityExpansion,1,bull,0.06091413207864216,2.0,0.05771413207864216
2025-01-18 10:00:00+00:00,SOLUSDT,VolatilityExpansion,1,bull,0.04658436213991757,2.0,0.043384362139917566
2025-01-18 11:00:00+00:00,SOLUSDT,VolatilityExpansion,1,bull,0.09650408205987016,2.0,0.09330408205987016
2025-01-18 12:00:00+00:00,SOLUSDT,VolatilityExpansion,1,bull,0.054886321588619724,2.0,0.05168632158861972
2025-01-18 13:00:00+00:00,SOLUSDT,VolatilityExpansion,1,bull,0.06374651288670519,2.0,0.060546512886705185
2025-01-18 14:00:00+00:00,SOLUSDT,VolatilityExpansion,1,bull,0.047791694133157536,2.0,0.044591694133157535
2025-01-18 15:00:00+00:00,SOLUSDT,VolatilityExpansion,1,bull,-0.008654144675566688,2.0,-0.011854144675566688
2025-01-18 16:00:00+00:00,SOLUSDT,VolatilityExpansion,1,bull,0.1275297803058406,2.0,0.12432978030584062
2025-01-18 17:00:00+00:00,SOLUSDT,VolatilityExpansion,1,bull,0.056540887989524835,2.0,0.053340887989524834
2025-01-18 18:00:00+00:00,SOLUSDT,VolatilityExpansion,1,bull,0.07883360842568576,2.0,0.07563360842568577
2025-01-18 19:00:00+00:00,SOLUSDT,VolatilityExpansion,1,bull,0.06287214039486044,2.0,0.05967214039486044
2025-01-18 20:00:00+00:00,SOLUSDT,VolatilityExpansion,1,bull,0.10480331763095374,2.0,0.10160331763095375
2025-01-18 21:00:00+00:00,SOLUSDT,VolatilityExpansion,1,bull,0.08410548823948671,2.0,0.08090548823948672
2025-01-18 22:00:00+00:00,SOLUSDT,VolatilityExpansion,1,bull,0.11760773828247895,2.0,0.11440773828247895
2025-01-18 23:00:00+00:00,SOLUSDT,VolatilityExpansion,1,bull,0.09232178992783768,2.0,0.08912178992783769
2025-01-19 00:00:00+00:00,SOLUSDT,VolatilityExpansion,1,bull,0.08052069529971173,2.0,0.07732069529971174
2025-01-19 01:00:00+00:00,SOLUSDT,VolatilityExpansion,1,bull,0.10615312353217488,2.0,0.10295312353217488
2025-01-19 02:00:00+00:00,SOLUSDT,VolatilityExpansion,1,bull,0.06369927650204454,2.0,0.06049927650204454
2025-01-19 03:00:00+00:00,SOLUSDT,VolatilityExpansion,1,bull,0.05891333281139888,2.0,0.055713332811398876
2025-01-19 04:00:00+00:00,SOLUSDT,VolatilityExpansion,1,bull,-0.017291171632242808,2.0,-0.02049117163224281
2025-01-19 05:00:00+00:00,SOLUSDT,VolatilityExpansion,1,bull,0.018626309662397977,2.0,0.015426309662397978
2025-01-19 06:00:00+00:00,SOLUSDT,VolatilityExpansion,1,bull,-0.008961095730729896,2.0,-0.012161095730729895
2025-01-19 09:00:00+00:00,SOLUSDT,VolatilityExpansion,1,bull,-0.069109106184023,2.0,-0.07230910618402299
2025-01-19 10:00:00+00:00,SOLUSDT,VolatilityExpansion,1,bull,-0.11054038840416558,2.0,-0.11374038840416557
2025-01-19 11:00:00+00:00,SOLUSDT,VolatilityExpansion,1,bull,-0.11734069698346661,2.0,-0.1205406969834666
2025-01-19 12:00:00+00:00,SOLUSDT,VolatilityExpansion,1,bull,-0.14860770451594296,2.0,-0.15180770451594297
2025-01-19 13:00:00+00:00,SOLUSDT,VolatilityExpansion,1,bull,-0.14409537960800967,2.0,-0.14729537960800967
2025-01-19 14:00:00+00:00,SOLUSDT,VolatilityExpansion,1,bull,-0.14235020145640032,2.0,-0.14555020145640032
2025-01-19 15:00:00+00:00,SOLUSDT,VolatilityExpansion,1,bull,-0.1077963846068537,2.0,-0.1109963846068537
2025-01-19 16:00:00+00:00,SOLUSDT,VolatilityExpansion,1,bull,-0.09396272737417699,2.0,-0.09716272737417699
2025-01-19 17:00:00+00:00,SOLUSDT,VolatilityExpansion,1,bull,-0.09813824884792632,2.0,-0.10133824884792632
2025-03-02 23:00:00+00:00,SOLUSDT,VolatilityExpansion,1,bull,-0.0987460815047021,2.0,-0.1019460815047021
2025-03-03 00:00:00+00:00,SOLUSDT,VolatilityExpansion,1,bull,-0.05955591255952719,2.0,-0.06275591255952719
2025-03-03 01:00:00+00:00,SOLUSDT,VolatilityExpansion,1,bull,-0.03897911832946632,2.0,-0.042179118329466324
2025-03-03 02:00:00+00:00,SOLUSDT,VolatilityExpansion,1,bull,-0.09517418451304194,2.0,-0.09837418451304193
2025-03-03 03:00:00+00:00,SOLUSDT,VolatilityExpansion,1,bull,-0.07125610976974261,2.0,-0.07445610976974261
2025-03-03 04:00:00+00:00,SOLUSDT,VolatilityExpansion,1,bull,-0.06905099150141636,2.0,-0.07225099150141635
2025-03-03 05:00:00+00:00,SOLUSDT,VolatilityExpansion,1,bull,-0.08012726094385192,2.0,-0.08332726094385191
2025-03-24 03:00:00+00:00,SOLUSDT,VolatilityExpansion,1,bull,0.036565056838751664,2.0,0.03336505683875166
2025-03-24 05:00:00+00:00,SOLUSDT,VolatilityExpansion,1,bull,0.031671256703870165,2.0,0.028471256703870164
2025-03-24 06:00:00+00:00,SOLUSDT,VolatilityExpansion,1,bull,0.031116268949009873,2.0,0.02791626894900987
2025-03-24 08:00:00+00:00,SOLUSDT,VolatilityExpansion,1,bull,0.01155739459228089,2.0,0.00835739459228089
2025-03-24 09:00:00+00:00,SOLUSDT,VolatilityExpansion,1,bull,0.010585037905879169,2.0,0.007385037905879169
2025-03-24 10:00:00+00:00,SOLUSDT,VolatilityExpansion,1,bull,-0.009808072255150901,2.0,-0.013008072255150901
2025-03-24 11:00:00+00:00,SOLUSDT,VolatilityExpansion,1,bull,-0.016673643086368206,2.0,-0.019873643086368208
2025-03-24 12:00:00+00:00,SOLUSDT,VolatilityExpansion,1,bull,-0.007268152910755443,2.0,-0.010468152910755443
2025-03-24 13:00:00+00:00,SOLUSDT,VolatilityExpansion,1,bull,-0.02950138504155142,2.0,-0.03270138504155142
2025-03-24 14:00:00+00:00,SOLUSDT,VolatilityExpansion,1,bull,-0.01973176041008362,2.0,-0.022931760410083622
2025-03-24 15:00:00+00:00,SOLUSDT,VolatilityExpansion,1,bull,-0.03261856534190111,2.0,-0.03581856534190111
2025-03-24 16:00:00+00:00,SOLUSDT,VolatilityExpansion,1,bull,-0.020982960146458396,2.0,-0.024182960146458397
2025-05-08 20:00:00+00:00,SOLUSDT,VolatilityExpansion,1,bull,0.021558872305140975,2.0,0.018358872305140973
2025-05-08 21:00:00+00:00,SOLUSDT,VolatilityExpansion,1,bull,0.03392568659127626,2.0,0.03072568659127626
2025-05-08 22:00:00+00:00,SOLUSDT,VolatilityExpansion,1,bull,0.07769035375751199,2.0,0.07449035375751199
2025-05-08 23:00:00+00:00,SOLUSDT,VolatilityExpansion,1,bull,0.0477464874399367,2.0,0.0445464874399367
2025-05-09 00:00:00+00:00,SOLUSDT,VolatilityExpansion,1,bull,0.06190329534955352,2.0,0.05870329534955352
2025-05-09 01:00:00+00:00,SOLUSDT,VolatilityExpansion,1,bull,0.05576958356264905,2.0,0.05256958356264905
2025-05-09 02:00:00+00:00,SOLUSDT,VolatilityExpansion,1,bull,0.0418487291525631,2.0,0.0386487291525631
2025-05-09 03:00:00+00:00,SOLUSDT,VolatilityExpansion,1,bull,0.0583276513977562,2.0,0.055127651397756196
2025-05-09 10:00:00+00:00,SOLUSDT,VolatilityExpansion,1,bull,-0.003966429064152677,2.0,-0.007166429064152676
2025-05-09 11:00:00+00:00,SOLUSDT,VolatilityExpansion,1,bull,0.0027864855451062986,2.0,-0.0004135144548937015
2025-05-09 12:00:00+00:00,SOLUSDT,VolatilityExpansion,1,bull,-0.006206136535003681,2.0,-0.009406136535003681
2025-05-09 13:00:00+00:00,SOLUSDT,VolatilityExpansion,1,bull,-0.0056765523632993364,2.0,-0.008876552363299336
2025-05-09 14:00:00+00:00,SOLUSDT,VolatilityExpansion,1,bull,0.016598735896981465,2.0,0.013398735896981465
2025-05-09 15:00:00+00:00,SOLUSDT,VolatilityExpansion,1,bull,0.004802623872554701,2.0,0.0016026238725547009
2025-05-09 16:00:00+00:00,SOLUSDT,VolatilityExpansion,1,bull,0.010710059171597619,2.0,0.007510059171597619
2025-05-09 17:00:00+00:00,SOLUSDT,VolatilityExpansion,1,bull,-0.00459542784014888,2.0,-0.00779542784014888
2025-05-09 18:00:00+00:00,SOLUSDT,VolatilityExpansion,1,bull,0.00186360724477308,2.0,-0.0013363927552269201
2025-05-09 19:00:00+00:00,SOLUSDT,VolatilityExpansion,1,bull,0.0020943626738030297,2.0,-0.0011056373261969705
2025-05-09 20:00:00+00:00,SOLUSDT,VolatilityExpansion,1,bull,-0.008151702607388511,2.0,-0.011351702607388511
2025-05-09 21:00:00+00:00,SOLUSDT,VolatilityExpansion,1,bull,-0.005735473031689975,2.0,-0.008935473031689975
2025-06-10 18:00:00+00:00,SOLUSDT,VolatilityExpansion,1,bull,0.01201879079982926,2.0,0.00881879079982926
2025-06-10 19:00:00+00:00,SOLUSDT,VolatilityExpansion,1,bull,0.018651012046719373,2.0,0.015451012046719373
2025-06-10 20:00:00+00:00,SOLUSDT,VolatilityExpansion,1,bull,0.001208386200229672,2.0,-0.0019916137997703282
2025-06-10 21:00:00+00:00,SOLUSDT,VolatilityExpansion,1,bull,0.006592601635941886,2.0,0.003392601635941886
2025-06-10 22:00:00+00:00,SOLUSDT,VolatilityExpansion,1,bull,-0.0026079573022804725,2.0,-0.005807957302280472
2025-06-10 23:00:00+00:00,SOLUSDT,VolatilityExpansion,1,bull,-0.0037562098630801177,2.0,-0.0069562098630801174
2025-06-11 00:00:00+00:00,SOLUSDT,VolatilityExpansion,1,bull,0.01592221209358846,2.0,0.012722212093588462
2025-06-30 16:00:00+00:00,SOLUSDT,VolatilityExpansion,1,bull,-0.028859017646684082,2.0,-0.03205901764668408
2025-06-30 17:00:00+00:00,SOLUSDT,VolatilityExpansion,1,bull,-0.03350778657135567,2.0,-0.03670778657135567
2025-06-30 18:00:00+00:00,SOLUSDT,VolatilityExpansion,1,bull,-0.028964099929356002,2.0,-0.032164099929356
2025-06-30 19:00:00+00:00,SOLUSDT,VolatilityExpansion,1,bull,-0.04907430890185149,2.0,-0.052274308901851495
2025-06-30 20:00:00+00:00,SOLUSDT,VolatilityExpansion,1,bull,-0.04817583540987791,2.0,-0.05137583540987791
2025-06-30 21:00:00+00:00,SOLUSDT,VolatilityExpansion,1,bull,-0.04077432632323619,2.0,-0.04397432632323619
2025-06-30 22:00:00+00:00,SOLUSDT,VolatilityExpansion,1,bull,-0.04010574505126052,2.0,-0.04330574505126052
2025-06-30 23:00:00+00:00,SOLUSDT,VolatilityExpansion,1,bull,-0.03864546982034389,2.0,-0.04184546982034389
2025-08-18 15:00:00+00:00,BTCUSDT,VolatilityExpansion,1,bear,-0.01156595124522597,2.0,-0.013965951245225969
2025-08-18 16:00:00+00:00,BTCUSDT,VolatilityExpansion,1,bear,-0.005650872693171438,2.0,-0.008050872693171437
2025-08-18 17:00:00+00:00,BTCUSDT,VolatilityExpansion,1,bear,-0.012418031624690351,2.0,-0.01481803162469035
2025-08-18 18:00:00+00:00,BTCUSDT,VolatilityExpansion,1,bear,-0.012587091853561994,2.0,-0.014987091853561993
2025-09-01 07:00:00+00:00,BTCUSDT,VolatilityExpansion,1,bear,-0.0019334455920182458,2.0,-0.004333445592018245
2025-09-01 08:00:00+00:00,BTCUSDT,VolatilityExpansion,1,bear,-0.006502842026761768,2.0,-0.008902842026761768
2025-09-01 09:00:00+00:00,BTCUSDT,VolatilityExpansion,1,bear,-0.01589985139557548,2.0,-0.01829985139557548
2025-09-01 11:00:00+00:00,BTCUSDT,VolatilityExpansion,1,bear,0.004287088697942698,2.0,0.0018870886979426983
2025-09-01 12:00:00+00:00,BTCUSDT,VolatilityExpansion,1,bear,-0.0006400434275884992,2.0,-0.003040043427588499
2025-09-01 13:00:00+00:00,BTCUSDT,VolatilityExpansion,1,bear,0.0026382246170675305,2.0,0.00023822461706753074
2025-09-01 14:00:00+00:00,BTCUSDT,VolatilityExpansion,1,bear,0.010127849202282935,2.0,0.007727849202282935
2025-09-01 15:00:00+00:00,BTCUSDT,VolatilityExpansion,1,bear,0.014236986368138416,2.0,0.011836986368138416
2025-10-21 15:00:00+00:00,BTCUSDT,VolatilityExpansion,1,bear,-0.045706769517410706,2.0,-0.048106769517410705
2025-11-17 02:00:00+00:00,BTCUSDT,VolatilityExpansion,1,bear,-0.0022318865919335185,2.0,-0.004631886591933518
2025-11-17 03:00:00+00:00,BTCUSDT,VolatilityExpansion,1,bear,-0.016301114462879185,2.0,-0.018701114462879184
2025-11-17 04:00:00+00:00,BTCUSDT,VolatilityExpansion,1,bear,-0.008423461992388637,2.0,-0.010823461992388636
2025-12-01 21:00:00+00:00,BTCUSDT,VolatilityExpansion,1,bear,0.0041016391506838445,2.0,0.0017016391506838448
2025-12-01 22:00:00+00:00,BTCUSDT,VolatilityExpansion,1,bear,0.008361227207160704,2.0,0.005961227207160705
2025-12-02 00:00:00+00:00,BTCUSDT,VolatilityExpansion,1,bear,0.008716126279172842,2.0,0.006316126279172843
2025-12-02 01:00:00+00:00,BTCUSDT,VolatilityExpansion,1,bear,0.014829319325679213,2.0,0.012429319325679214
2025-12-02 02:00:00+00:00,BTCUSDT,VolatilityExpansion,1,bear,0.03149092901708772,2.0,0.02909092901708772
2025-12-15 01:00:00+00:00,BTCUSDT,VolatilityExpansion,1,bear,0.0022312168540963295,2.0,-0.00016878314590367026
2025-12-15 02:00:00+00:00,BTCUSDT,VolatilityExpansion,1,bear,-0.014172813782982963,2.0,-0.016572813782982962
2025-12-15 03:00:00+00:00,BTCUSDT,VolatilityExpansion,1,bear,-0.025138951142985144,2.0,-0.027538951142985144
2025-12-15 04:00:00+00:00,BTCUSDT,VolatilityExpansion,1,bear,-0.03649060093962708,2.0,-0.03889060093962708
2025-12-15 05:00:00+00:00,BTCUSDT,VolatilityExpansion,1,bear,-0.04289722015385655,2.0,-0.04529722015385655
2025-12-15 06:00:00+00:00,BTCUSDT,VolatilityExpansion,1,bear,-0.0395817283196328,2.0,-0.0419817283196328
2025-12-15 07:00:00+00:00,BTCUSDT,VolatilityExpansion,1,bear,-0.040117989496437634,2.0,-0.04251798949643763
2025-12-15 08:00:00+00:00,BTCUSDT,VolatilityExpansion,1,bear,-0.04412615369869033,2.0,-0.04652615369869033
2025-11-17 00:00:00+00:00,ETHUSDT,VolatilityExpansion,1,bear,0.015254269728153691,2.0,0.012654269728153691
2025-11-17 02:00:00+00:00,ETHUSDT,VolatilityExpansion,1,bear,0.0007083390243980414,2.0,-0.0018916609756019585
2025-11-17 03:00:00+00:00,ETHUSDT,VolatilityExpansion,1,bear,-0.01770020184716925,2.0,-0.02030020184716925
2025-11-17 04:00:00+00:00,ETHUSDT,VolatilityExpansion,1,bear,-0.016081724428142596,2.0,-0.018681724428142595
2025-12-15 01:00:00+00:00,ETHUSDT,VolatilityExpansion,1,bear,0.0074499341895661875,2.0,0.004849934189566188
2025-12-15 02:00:00+00:00,ETHUSDT,VolatilityExpansion,1,bear,-0.02299532461535503,2.0,-0.025595324615355027
2025-12-15 03:00:00+00:00,ETHUSDT,VolatilityExpansion,1,bear,-0.031539924504986216,2.0,-0.034139924504986215
2025-12-15 04:00:00+00:00,ETHUSDT,VolatilityExpansion,1,bear,-0.043201019734945834,2.0,-0.04580101973494583
2025-12-15 05:00:00+00:00,ETHUSDT,VolatilityExpansion,1,bear,-0.05887086690413379,2.0,-0.06147086690413379
2025-12-15 06:00:00+00:00,ETHUSDT,VolatilityExpansion,1,bear,-0.0637125473539204,2.0,-0.0663125473539204
2025-12-15 07:00:00+00:00,ETHUSDT,VolatilityExpansion,1,bear,-0.06032602787033081,2.0,-0.06292602787033082
2025-12-07 19:00:00+00:00,SOLUSDT,VolatilityExpansion,1,bear,0.0009582780480612563,2.0,-0.002241721951938744
2025-12-07 20:00:00+00:00,SOLUSDT,VolatilityExpansion,1,bear,0.0040408493130554834,2.0,0.0008408493130554833
2025-12-08 01:00:00+00:00,SOLUSDT,VolatilityExpansion,1,bear,0.03578394598649659,2.0,0.03258394598649659
2025-12-26 03:00:00+00:00,SOLUSDT,VolatilityExpansion,1,bear,-0.009134654595873148,2.0,-0.012334654595873148
2025-12-26 04:00:00+00:00,SOLUSDT,VolatilityExpansion,1,bear,-0.012869593548912595,2.0,-0.016069593548912596
2025-12-26 09:00:00+00:00,SOLUSDT,VolatilityExpansion,1,bear,-0.013344116457743693,2.0,-0.016544116457743695
