time,symbol,family,h,side,gross,cost,net
2023-01-18 21:00:00+00:00,BTCUSDT,VolatilityExpansion,24,-1,-0.013555847493106565,1.5,-0.015355847493106565
2023-01-30 21:00:00+00:00,BTCUSDT,VolatilityExpansion,24,-1,-0.019121778778298903,1.5,-0.020921778778298903
2023-02-06 00:00:00+00:00,BTCUSDT,VolatilityExpansion,24,-1,0.009006507592190793,1.5,0.007206507592190794
2023-02-13 01:00:00+00:00,BTCUSDT,VolatilityExpansion,24,-1,-0.00041019684839760373,1.5,-0.0022101968483976037
2023-02-16 23:00:00+00:00,BTCUSDT,VolatilityExpansion,24,-1,-0.047244395705286824,1.5,-0.049044395705286827
2023-02-20 02:00:00+00:00,BTCUSDT,VolatilityExpansion,24,-1,-0.024020705379701468,1.5,-0.025820705379701468
2023-02-27 20:00:00+00:00,BTCUSDT,VolatilityExpansion,24,-1,0.007884824929431211,1.5,0.006084824929431212
2023-03-03 02:00:00+00:00,BTCUSDT,VolatilityExpansion,24,-1,-0.0001701319866045381,1.5,-0.001970131986604538
2023-03-07 18:00:00+00:00,BTCUSDT,VolatilityExpansion,24,-1,0.008895458089053676,1.5,0.0070954580890536766
2023-03-09 20:00:00+00:00,BTCUSDT,VolatilityExpansion,24,-1,0.0014329784058114692,1.5,-0.00036702159418853077
2023-03-22 20:00:00+00:00,BTCUSDT,VolatilityExpansion,24,-1,-0.03176417572513546,1.5,-0.03356417572513546
2023-03-28 01:00:00+00:00,BTCUSDT,VolatilityExpansion,24,-1,-0.012096371827612806,1.5,-0.013896371827612806
2023-01-18 23:00:00+00:00,ETHUSDT,VolatilityExpansion,24,-1,-0.024126753109288135,1.5,-0.026076753109288135
2023-01-25 01:00:00+00:00,ETHUSDT,VolatilityExpansion,24,-1,-0.051411001381035604,1.5,-0.053361001381035604
2023-02-03 01:00:00+00:00,ETHUSDT,VolatilityExpansion,24,-1,-0.007580501030388875,1.5,-0.009530501030388876
2023-02-10 00:00:00+00:00,ETHUSDT,VolatilityExpansion,24,-1,0.023365029327407583,1.5,0.021415029327407582
2023-02-13 09:00:00+00:00,ETHUSDT,VolatilityExpansion,24,-1,-0.018046472704203786,1.5,-0.019996472704203787
2023-02-17 01:00:00+00:00,ETHUSDT,VolatilityExpansion,24,-1,-0.0192232554504963,1.5,-0.021173255450496302
2023-02-20 03:00:00+00:00,ETHUSDT,VolatilityExpansion,24,-1,-0.007307763088375774,1.5,-0.009257763088375774
2023-03-07 21:00:00+00:00,ETHUSDT,VolatilityExpansion,24,-1,0.003225889700379403,1.5,0.001275889700379403
2023-03-09 20:00:00+00:00,ETHUSDT,VolatilityExpansion,24,-1,-0.008576851707579491,1.5,-0.010526851707579492
2023-01-18 18:00:00+00:00,SOLUSDT,VolatilityExpansion,24,-1,0.011015128662187457,1.5,0.008615128662187457
2023-02-10 01:00:00+00:00,SOLUSDT,VolatilityExpansion,24,-1,0.021616677097876957,1.5,0.019216677097876958
2023-03-07 20:00:00+00:00,SOLUSDT,VolatilityExpansion,24,-1,0.0682430410056869,1.5,0.0658430410056869
2023-03-08 23:00:00+00:00,SOLUSDT,VolatilityExpansion,24,-1,0.0736476211166629,1.5,0.0712476211166629
2023-04-10 00:00:00+00:00,BTCUSDT,TrendFollowing,24,1,0.06429052351056308,1.5,0.06249052351056308
2023-04-26 16:00:00+00:00,BTCUSDT,TrendFollowing,24,1,-0.017481109664604255,1.5,-0.019281109664604255
2023-05-04 07:00:00+00:00,BTCUSDT,TrendFollowing,24,1,-9.294736081133514e-05,1.5,-0.001892947360811335
2023-05-23 14:00:00+00:00,BTCUSDT,TrendFollowing,24,1,-0.036758352007264405,1.5,-0.03855835200726441
2023-05-28 07:00:00+00:00,BTCUSDT,TrendFollowing,24,1,0.024747419082258748,1.5,0.02294741908225875
2023-06-04 19:00:00+00:00,BTCUSDT,TrendFollowing,24,1,-0.05823929424738106,1.5,-0.06003929424738106
2023-06-17 08:00:00+00:00,BTCUSDT,TrendFollowing,24,1,-0.0028205456063420398,1.5,-0.004620545606342039
2023-04-30 15:00:00+00:00,ETHUSDT,TrendFollowing,24,1,-0.041471244241552574,1.5,-0.043421244241552574
2023-05-04 12:00:00+00:00,ETHUSDT,TrendFollowing,24,1,0.017856672409886754,1.5,0.015906672409886753
2023-05-23 03:00:00+00:00,ETHUSDT,TrendFollowing,24,1,-0.020686770761839335,1.5,-0.022636770761839335
2023-05-27 02:00:00+00:00,ETHUSDT,TrendFollowing,24,1,0.009593818044891123,1.5,0.007643818044891122
2023-06-20 19:00:00+00:00,ETHUSDT,TrendFollowing,24,1,0.05467443400567973,1.5,0.05272443400567973
2023-04-01 08:00:00+00:00,SOLUSDT,TrendFollowing,24,1,0.006715884734460609,1.5,0.0043158847344606085
2023-04-05 03:00:00+00:00,SOLUSDT,TrendFollowing,24,1,-0.01907331156230785,1.5,-0.021473311562307848
2023-04-11 04:00:00+00:00,SOLUSDT,TrendFollowing,24,1,0.013032805177415563,1.5,0.010632805177415564
2023-04-28 11:00:00+00:00,SOLUSDT,TrendFollowing,24,1,0.04809146721238533,1.5,0.04569146721238533
2023-05-06 01:00:00+00:00,SOLUSDT,TrendFollowing,24,1,-0.04810891262475925,1.5,-0.05050891262475925
2023-05-15 13:00:00+00:00,SOLUSDT,TrendFollowing,24,1,-0.028670639575805956,1.5,-0.031070639575805956
2023-05-28 07:00:00+00:00,SOLUSDT,TrendFollowing,24,1,0.010937500000000044,1.5,0.008537500000000045
2023-06-20 17:00:00+00:00,SOLUSDT,TrendFollowing,24,1,0.04639901930738577,1.5,0.04399901930738577
2023-06-29 14:00:00+00:00,SOLUSDT,TrendFollowing,24,1,0.05138976808424944,1.5,0.048989768084249444
2023-07-11 13:00:00+00:00,BTCUSDT,TrendFollowing,24,1,0.009531695104040505,1.5,0.007731695104040506
2023-08-08 16:00:00+00:00,BTCUSDT,TrendFollowing,24,1,-0.007762627723478244,1.5,-0.009562627723478243
2023-08-29 18:00:00+00:00,BTCUSDT,TrendFollowing,24,1,-0.028354691149173217,1.5,-0.030154691149173216
2023-09-13 10:00:00+00:00,BTCUSDT,TrendFollowing,24,1,0.011027724226567504,1.5,0.009227724226567504
2023-09-28 17:00:00+00:00,BTCUSDT,TrendFollowing,24,1,-0.008694370763336234,1.5,-0.010494370763336234
2023-07-13 16:00:00+00:00,ETHUSDT,TrendFollowing,24,1,-0.0011974034179498272,1.5,-0.003147403417949827
2023-07-30 17:00:00+00:00,ETHUSDT,TrendFollowing,24,1,-0.009293779292714022,1.5,-0.011243779292714022
2023-08-09 05:00:00+00:00,ETHUSDT,TrendFollowing,24,1,-0.0039911021582114126,1.5,-0.005941102158211413
2023-08-29 20:00:00+00:00,ETHUSDT,TrendFollowing,24,1,-0.013379845051079808,1.5,-0.015329845051079809
2023-09-15 01:00:00+00:00,ETHUSDT,TrendFollowing,24,1,0.010873507120948478,1.5,0.008923507120948478
2023-09-28 09:00:00+00:00,ETHUSDT,TrendFollowing,24,1,0.03265139722778132,1.5,0.03070139722778132
2023-07-27 21:00:00+00:00,SOLUSDT,TrendFollowing,24,1,-0.004518734754268894,1.5,-0.006918734754268894
2023-08-08 21:00:00+00:00,SOLUSDT,TrendFollowing,24,1,0.0028420792487027224,1.5,0.0004420792487027222
2023-08-30 04:00:00+00:00,SOLUSDT,TrendFollowing,24,1,-0.04657167888596858,1.5,-0.04897167888596858
2023-09-15 23:00:00+00:00,SOLUSDT,TrendFollowing,24,1,-0.01447457804253549,1.5,-0.01687457804253549
2023-09-29 01:00:00+00:00,SOLUSDT,TrendFollowing,24,1,0.0022267306645555873,1.5,-0.0001732693354444129
2023-10-10 22:00:00+00:00,BTCUSDT,TrendFollowing,12,-1,0.009108835825900607,1.5,0.007308835825900608
2023-11-15 04:00:00+00:00,BTCUSDT,TrendFollowing,12,-1,-0.025322002949645483,1.5,-0.027122002949645483
2023-11-28 07:00:00+00:00,BTCUSDT,TrendFollowing,12,-1,-0.0295762419379193,1.5,-0.031376241937919304
2023-12-12 05:00:00+00:00,BTCUSDT,TrendFollowing,12,-1,0.006140854958968878,1.5,0.004340854958968878
2023-12-17 04:00:00+00:00,BTCUSDT,TrendFollowing,12,-1,-0.0024083769633507224,1.5,-0.004208376963350722
2023-12-26 16:00:00+00:00,BTCUSDT,TrendFollowing,12,-1,-0.002792241204322199,1.5,-0.004592241204322198
2023-10-04 22:00:00+00:00,ETHUSDT,TrendFollowing,12,-1,0.007385291315455622,1.5,0.005435291315455622
2023-10-17 19:00:00+00:00,ETHUSDT,TrendFollowing,12,-1,-0.008545040550566707,1.5,-0.010495040550566707
2023-11-17 10:00:00+00:00,ETHUSDT,TrendFollowing,12,-1,0.0022334147334146515,1.5,0.00028341473341465155
2023-11-28 01:00:00+00:00,ETHUSDT,TrendFollowing,12,-1,-0.002299690084683892,1.5,-0.004249690084683892
2023-11-29 22:00:00+00:00,ETHUSDT,TrendFollowing,12,-1,-0.008227592258471583,1.5,-0.010177592258471584
2023-12-12 06:00:00+00:00,ETHUSDT,TrendFollowing,12,-1,0.020295559419664766,1.5,0.018345559419664766
2023-12-16 08:00:00+00:00,ETHUSDT,TrendFollowing,12,-1,0.00621743196900193,1.5,0.004267431969001929
2023-12-26 18:00:00+00:00,ETHUSDT,TrendFollowing,12,-1,-0.008318075992857166,1.5,-0.010268075992857166
2023-10-10 01:00:00+00:00,SOLUSDT,TrendFollowing,12,-1,-0.006101170149797497,1.5,-0.008501170149797496
2023-11-21 18:00:00+00:00,SOLUSDT,TrendFollowing,12,-1,-0.02329239065308575,1.5,-0.025692390653085748
2023-11-27 11:00:00+00:00,SOLUSDT,TrendFollowing,12,-1,-0.0031258518855066253,1.5,-0.0055258518855066255
2023-12-13 15:00:00+00:00,SOLUSDT,TrendFollowing,12,-1,-0.034743492993592806,1.5,-0.037143492993592805
2024-01-01 10:00:00+00:00,BTCUSDT,Momentum,24,1,0.06457403511071291,1.5,0.06277403511071292
2024-01-02 11:00:00+00:00,BTCUSDT,Momentum,24,1,-0.05916002004977272,1.5,-0.060960020049772724
2024-01-04 13:00:00+00:00,BTCUSDT,Momentum,24,1,0.0033522285513896133,1.5,0.0015522285513896133
2024-01-06 04:00:00+00:00,BTCUSDT,Momentum,24,1,0.0006658882767176522,1.5,-0.0011341117232823478
2024-01-07 13:00:00+00:00,BTCUSDT,Momentum,24,1,0.00858436753343561,1.5,0.006784367533435611
2024-01-08 14:00:00+00:00,BTCUSDT,Momentum,24,1,0.04647289192942661,1.5,0.044672891929426604
2024-01-10 22:00:00+00:00,BTCUSDT,Momentum,24,1,-0.01214517934232262,1.5,-0.01394517934232262
2024-01-15 11:00:00+00:00,BTCUSDT,Momentum,24,1,0.010775175644027968,1.5,0.008975175644027968
2024-01-16 12:00:00+00:00,BTCUSDT,Momentum,24,1,-0.01273630042562457,1.5,-0.014536300425624569
2024-01-19 19:00:00+00:00,BTCUSDT,Momentum,24,1,-0.0016691137436450898,1.5,-0.0034691137436450897
2024-01-24 03:00:00+00:00,BTCUSDT,Momentum,24,1,0.008535443168994572,1.5,0.0067354431689945725
2024-01-25 08:00:00+00:00,BTCUSDT,Momentum,24,1,-9.483546047617253e-05,1.5,-0.0018948354604761725
2024-01-26 10:00:00+00:00,BTCUSDT,Momentum,24,1,0.02636431585055221,1.5,0.024564315850552212
2024-01-27 20:00:00+00:00,BTCUSDT,Momentum,24,1,-0.0020570944789011225,1.5,-0.0038570944789011225
2024-01-29 22:00:00+00:00,BTCUSDT,Momentum,24,1,-0.003984683221164964,1.5,-0.005784683221164964
2024-02-02 02:00:00+00:00,BTCUSDT,Momentum,24,1,0.0021014842748601215,1.5,0.0003014842748601215
2024-02-08 04:00:00+00:00,BTCUSDT,Momentum,24,1,0.03987956304501328,1.5,0.038079563045013275
2024-02-09 05:00:00+00:00,BTCUSDT,Momentum,24,1,0.023619901870260085,1.5,0.021819901870260085
2024-02-10 20:00:00+00:00,BTCUSDT,Momentum,24,1,0.005302468426495732,1.5,0.0035024684264957323
2024-02-14 14:00:00+00:00,BTCUSDT,Momentum,24,1,0.0005544870128744162,1.5,-0.0012455129871255838
2024-02-18 14:00:00+00:00,BTCUSDT,Momentum,24,1,0.004589824188354186,1.5,0.0027898241883541858
2024-02-22 05:00:00+00:00,BTCUSDT,Momentum,24,1,-0.004460934817984152,1.5,-0.006260934817984152
2024-02-24 13:00:00+00:00,BTCUSDT,Momentum,24,1,0.011996130280554684,1.5,0.010196130280554685
2024-02-27 10:00:00+00:00,BTCUSDT,Momentum,24,1,0.04302951550027845,1.5,0.041229515500278445
2024-02-28 11:00:00+00:00,BTCUSDT,Momentum,24,1,0.06326549983558594,1.5,0.061465499835585934
2024-02-29 12:00:00+00:00,BTCUSDT,Momentum,24,1,-0.003503905627291637,1.5,-0.005303905627291636
2024-03-01 13:00:00+00:00,BTCUSDT,Momentum,24,1,-0.009923180536936305,1.5,-0.011723180536936304
2024-03-03 16:00:00+00:00,BTCUSDT,Momentum,24,1,0.06413329984197569,1.5,0.062333299841975685
2024-03-04 17:00:00+00:00,BTCUSDT,Momentum,24,1,-0.042728875343611805,1.5,-0.04452887534361181
2024-03-10 09:00:00+00:00,BTCUSDT,Momentum,24,1,0.023984836021601508,1.5,0.022184836021601508
2024-03-11 10:00:00+00:00,BTCUSDT,Momentum,24,1,0.007259102168090781,1.5,0.005459102168090781
2024-03-14 01:00:00+00:00,BTCUSDT,Momentum,24,1,-0.053854184076916556,1.5,-0.05565418407691656
2024-03-16 03:00:00+00:00,BTCUSDT,Momentum,24,1,-0.04124908300071062,1.5,-0.04304908300071062
2024-03-18 12:00:00+00:00,BTCUSDT,Momentum,24,1,-0.07289799178523837,1.5,-0.07469799178523837
2024-03-20 14:00:00+00:00,BTCUSDT,Momentum,24,1,0.03641043357017715,1.5,0.034610433570177145
2024-03-25 00:00:00+00:00,BTCUSDT,Momentum,24,1,0.05550352975075623,1.5,0.05370352975075623
2024-03-26 01:00:00+00:00,BTCUSDT,Momentum,24,1,0.0044787578911449355,1.5,0.0026787578911449355
2024-03-28 16:00:00+00:00,BTCUSDT,Momentum,24,1,-0.018145813869010374,1.5,-0.019945813869010374
2024-03-31 11:00:00+00:00,BTCUSDT,Momentum,24,1,-0.007814873386274734,1.5,-0.009614873386274734
2024-01-01 22:00:00+00:00,ETHUSDT,Momentum,24,1,0.008627293229543254,1.5,0.006677293229543253
2024-01-06 03:00:00+00:00,ETHUSDT,Momentum,24,1,-0.0022984731571171757,1.5,-0.004248473157117176
2024-01-08 17:00:00+00:00,ETHUSDT,Momentum,24,1,-0.013430383533257317,1.5,-0.015380383533257318
2024-01-10 19:00:00+00:00,ETHUSDT,Momentum,24,1,0.04698433451974515,1.5,0.04503433451974515
2024-01-14 01:00:00+00:00,ETHUSDT,Momentum,24,1,-0.02440153779105969,1.5,-0.02635153779105969
2024-01-16 12:00:00+00:00,ETHUSDT,Momentum,24,1,-0.0014329291033789993,1.5,-0.003382929103378999
2024-01-19 18:00:00+00:00,ETHUSDT,Momentum,24,1,-0.013807828041066839,1.5,-0.01575782804106684
2024-01-24 06:00:00+00:00,ETHUSDT,Momentum,24,1,-0.002262554939762129,1.5,-0.0042125549397621295
2024-01-25 08:00:00+00:00,ETHUSDT,Momentum,24,1,-0.008902490540261154,1.5,-0.010852490540261155
2024-01-26 11:00:00+00:00,ETHUSDT,Momentum,24,1,0.00423414746727846,1.5,0.0022841474672784597
2024-01-28 04:00:00+00:00,ETHUSDT,Momentum,24,1,-0.01699102901458116,1.5,-0.01894102901458116
2024-01-29 10:00:00+00:00,ETHUSDT,Momentum,24,1,0.016769599331853513,1.5,0.014819599331853513
2024-01-30 15:00:00+00:00,ETHUSDT,Momentum,24,1,0.0018244510624116916,1.5,-0.00012554893758830827
2024-02-01 21:00:00+00:00,ETHUSDT,Momentum,24,1,0.001870992667966087,1.5,-7.900733203391281e-05
2024-02-03 01:00:00+00:00,ETHUSDT,Momentum,24,1,-0.009732830993669173,1.5,-0.011682830993669173
2024-02-05 07:00:00+00:00,ETHUSDT,Momentum,24,1,0.01149912977218226,1.5,0.009549129772182259
2024-02-06 08:00:00+00:00,ETHUSDT,Momentum,24,1,0.014638531010572109,1.5,0.012688531010572109
2024-02-09 05:00:00+00:00,ETHUSDT,Momentum,24,1,0.020539205094440405,1.5,0.018589205094440404
2024-02-11 03:00:00+00:00,ETHUSDT,Momentum,24,1,-0.013570490610217423,1.5,-0.015520490610217423
2024-02-14 14:00:00+00:00,ETHUSDT,Momentum,24,1,0.024701377089092258,1.5,0.022751377089092258
2024-02-15 16:00:00+00:00,ETHUSDT,Momentum,24,1,-0.01825516252322512,1.5,-0.02020516252322512
2024-02-18 01:00:00+00:00,ETHUSDT,Momentum,24,1,0.03709150268046857,1.5,0.03514150268046857
2024-02-19 02:00:00+00:00,ETHUSDT,Momentum,24,1,0.008497493395460909,1.5,0.0065474933954609085
2024-02-22 12:00:00+00:00,ETHUSDT,Momentum,24,1,-0.013578633423812825,1.5,-0.015528633423812825
2024-02-24 14:00:00+00:00,ETHUSDT,Momentum,24,1,0.028297650359755844,1.5,0.026347650359755843
2024-02-25 19:00:00+00:00,ETHUSDT,Momentum,24,1,0.032367558525175255,1.5,0.030417558525175255
2024-02-26 20:00:00+00:00,ETHUSDT,Momentum,24,1,0.020996040082778222,1.5,0.019046040082778222
2024-02-28 07:00:00+00:00,ETHUSDT,Momentum,24,1,0.05361355415492186,1.5,0.05166355415492186
2024-02-29 08:00:00+00:00,ETHUSDT,Momentum,24,1,-0.014808882458980488,1.5,-0.01675888245898049
2024-03-01 09:00:00+00:00,ETHUSDT,Momentum,24,1,-0.006069117428535664,1.5,-0.008019117428535665
2024-03-03 16:00:00+00:00,ETHUSDT,Momentum,24,1,0.017695128459688902,1.5,0.015745128459688902
2024-03-04 17:00:00+00:00,ETHUSDT,Momentum,24,1,0.019408990050214125,1.5,0.017458990050214125
2024-03-06 19:00:00+00:00,ETHUSDT,Momentum,24,1,0.0202091459872189,1.5,0.0182591459872189
2024-03-07 20:00:00+00:00,ETHUSDT,Momentum,24,1,-0.0068613992271709945,1.5,-0.008811399227170995
2024-03-10 04:00:00+00:00,ETHUSDT,Momentum,24,1,-0.023830043954149782,1.5,-0.025780043954149783
2024-03-13 09:00:00+00:00,ETHUSDT,Momentum,24,1,-0.020131165816974605,1.5,-0.022081165816974606
2024-03-17 15:00:00+00:00,ETHUSDT,Momentum,24,1,-0.03453491094918659,1.5,-0.03648491094918659
2024-03-20 18:00:00+00:00,ETHUSDT,Momentum,24,1,0.012623982921012633,1.5,0.010673982921012633
2024-03-23 21:00:00+00:00,ETHUSDT,Momentum,24,1,0.015751794200153935,1.5,0.013801794200153934
2024-03-24 22:00:00+00:00,ETHUSDT,Momentum,24,1,0.043400735881329755,1.5,0.041450735881329755
2024-03-25 23:00:00+00:00,ETHUSDT,Momentum,24,1,0.007264245993531704,1.5,0.0053142459935317035
2024-03-28 14:00:00+00:00,ETHUSDT,Momentum,24,1,-0.03334847368625127,1.5,-0.03529847368625127
2024-03-30 16:00:00+00:00,ETHUSDT,Momentum,24,1,0.023880698033818648,1.5,0.021930698033818648
2024-01-02 06:00:00+00:00,SOLUSDT,Momentum,24,1,-0.04361514380226861,1.5,-0.04601514380226861
2024-01-03 08:00:00+00:00,SOLUSDT,Momentum,24,1,-0.09139799824731332,1.5,-0.09379799824731332
2024-01-07 13:00:00+00:00,SOLUSDT,Momentum,24,1,-0.021311322029669455,1.5,-0.023711322029669454
2024-01-08 14:00:00+00:00,SOLUSDT,Momentum,24,1,0.060165710643722115,1.5,0.057765710643722115
2024-01-11 18:00:00+00:00,SOLUSDT,Momentum,24,1,-0.05419306154060011,1.5,-0.056593061540600106
2024-01-13 20:00:00+00:00,SOLUSDT,Momentum,24,1,0.007027966961310028,1.5,0.004627966961310028
2024-01-16 02:00:00+00:00,SOLUSDT,Momentum,24,1,0.04716971252029123,1.5,0.04476971252029123
2024-01-17 03:00:00+00:00,SOLUSDT,Momentum,24,1,0.0004700517056877018,1.5,-0.0019299482943122984
2024-01-18 04:00:00+00:00,SOLUSDT,Momentum,24,1,-0.05969910531314038,1.5,-0.062099105313140376
2024-01-21 12:00:00+00:00,SOLUSDT,Momentum,24,1,-0.0479054133868837,1.5,-0.0503054133868837
2024-01-24 15:00:00+00:00,SOLUSDT,Momentum,24,1,-0.013943490355656674,1.5,-0.016343490355656673
2024-01-26 17:00:00+00:00,SOLUSDT,Momentum,24,1,-0.0035741118385745896,1.5,-0.00597411183857459
2024-01-27 18:00:00+00:00,SOLUSDT,Momentum,24,1,0.017514945871707877,1.5,0.015114945871707877
2024-01-29 20:00:00+00:00,SOLUSDT,Momentum,24,1,0.030562637102033552,1.5,0.028162637102033553
2024-02-02 01:00:00+00:00,SOLUSDT,Momentum,24,1,0.008984252208037002,1.5,0.006584252208037002
2024-02-05 09:00:00+00:00,SOLUSDT,Momentum,24,1,-0.03413204442616191,1.5,-0.03653204442616191
2024-02-08 13:00:00+00:00,SOLUSDT,Momentum,24,1,0.014006631158713034,1.5,0.011606631158713035
2024-02-09 15:00:00+00:00,SOLUSDT,Momentum,24,1,0.026377580003787093,1.5,0.023977580003787094
2024-02-12 21:00:00+00:00,SOLUSDT,Momentum,24,1,0.01645467485018548,1.5,0.01405467485018548
2024-02-14 23:00:00+00:00,SOLUSDT,Momentum,24,1,-0.03162470535988793,1.5,-0.03402470535988793
2024-02-18 03:00:00+00:00,SOLUSDT,Momentum,24,1,0.03333609981464569,1.5,0.030936099814645693
2024-02-22 08:00:00+00:00,SOLUSDT,Momentum,24,1,-0.031869045818841646,1.5,-0.034269045818841645
2024-02-24 10:00:00+00:00,SOLUSDT,Momentum,24,1,0.005168337339038986,1.5,0.002768337339038986
2024-02-28 15:00:00+00:00,SOLUSDT,Momentum,24,1,0.1564968456767215,1.5,0.1540968456767215
2024-02-29 16:00:00+00:00,SOLUSDT,Momentum,24,1,0.009297883719153521,1.5,0.006897883719153521
2024-03-02 19:00:00+00:00,SOLUSDT,Momentum,24,1,-0.007002522742909578,1.5,-0.009402522742909578
2024-03-03 20:00:00+00:00,SOLUSDT,Momentum,24,1,0.0056123116719146715,1.5,0.0032123116719146713
2024-03-07 00:00:00+00:00,SOLUSDT,Momentum,24,1,0.07472232321058914,1.5,0.07232232321058914
2024-03-10 06:00:00+00:00,SOLUSDT,Momentum,24,1,0.0056852488822853875,1.5,0.0032852488822853873
2024-03-11 07:00:00+00:00,SOLUSDT,Momentum,24,1,0.012505058680696068,1.5,0.010105058680696069
2024-03-12 08:00:00+00:00,SOLUSDT,Momentum,24,1,0.013922752041781505,1.5,0.011522752041781506
2024-03-13 09:00:00+00:00,SOLUSDT,Momentum,24,1,0.1399109090431263,1.5,0.1375109090431263
2024-03-14 10:00:00+00:00,SOLUSDT,Momentum,24,1,-0.019435270520291148,1.5,-0.021835270520291147
2024-03-16 12:00:00+00:00,SOLUSDT,Momentum,24,1,0.011547960401012913,1.5,0.009147960401012914
2024-03-17 13:00:00+00:00,SOLUSDT,Momentum,24,1,0.045098820158174346,1.5,0.04269882015817435
2024-03-20 18:00:00+00:00,SOLUSDT,Momentum,24,1,-0.03226227156388051,1.5,-0.034662271563880506
2024-03-25 00:00:00+00:00,SOLUSDT,Momentum,24,1,0.04770850434389784,1.5,0.04530850434389784
2024-03-26 06:00:00+00:00,SOLUSDT,Momentum,24,1,-0.04446954441843587,1.5,-0.04686954441843587
2024-03-28 09:00:00+00:00,SOLUSDT,Momentum,24,1,-0.009969680661164104,1.5,-0.012369680661164104
2024-03-30 11:00:00+00:00,SOLUSDT,Momentum,24,1,-0.007218119551052116,1.5,-0.009618119551052115
2024-03-31 18:00:00+00:00,SOLUSDT,Momentum,24,1,-0.026105125365018633,1.5,-0.028505125365018633
2024-04-08 13:00:00+00:00,BTCUSDT,VolatilityExpansion,24,1,-0.03581925361276095,1.5,-0.03761925361276095
2024-04-29 14:00:00+00:00,BTCUSDT,VolatilityExpansion,24,1,-0.03256010189460279,1.5,-0.03436010189460279
2024-05-13 08:00:00+00:00,BTCUSDT,VolatilityExpansion,24,1,-0.015647958386853178,1.5,-0.017447958386853177
2024-05-15 19:00:00+00:00,BTCUSDT,VolatilityExpansion,24,1,-0.010788422003772058,1.5,-0.012588422003772057
2024-05-20 17:00:00+00:00,BTCUSDT,VolatilityExpansion,24,1,0.023301988737030266,1.5,0.021501988737030266
2024-05-27 16:00:00+00:00,BTCUSDT,VolatilityExpansion,24,1,-0.03435253642587821,1.5,-0.036152536425878214
2024-06-03 22:00:00+00:00,BTCUSDT,VolatilityExpansion,24,1,0.021591210089117796,1.5,0.019791210089117797
2024-06-10 15:00:00+00:00,BTCUSDT,VolatilityExpansion,24,1,-0.05113645280628443,1.5,-0.05293645280628443
2024-04-08 08:00:00+00:00,ETHUSDT,VolatilityExpansion,24,1,0.008563764502030002,1.5,0.006613764502030002
2024-05-13 08:00:00+00:00,ETHUSDT,VolatilityExpansion,24,1,-0.020465228963581716,1.5,-0.022415228963581717
2024-05-20 08:00:00+00:00,ETHUSDT,VolatilityExpansion,24,1,0.18961447424930822,1.5,0.1876644742493082
2024-05-21 09:00:00+00:00,ETHUSDT,VolatilityExpansion,24,1,0.015893007890857902,1.5,0.013943007890857902
2024-05-27 03:00:00+00:00,ETHUSDT,VolatilityExpansion,24,1,-0.02123195296745095,1.5,-0.02318195296745095
2024-05-06 12:00:00+00:00,SOLUSDT,VolatilityExpansion,24,1,0.015058605390371405,1.5,0.012658605390371405
2024-05-13 08:00:00+00:00,SOLUSDT,VolatilityExpansion,24,1,0.011201516598170702,1.5,0.008801516598170703
2024-05-21 01:00:00+00:00,SOLUSDT,VolatilityExpansion,24,1,-0.03857016101108024,1.5,-0.04097016101108024
2024-05-23 21:00:00+00:00,SOLUSDT,VolatilityExpansion,24,1,-0.06586134101799423,1.5,-0.06826134101799423
2024-06-03 01:00:00+00:00,SOLUSDT,VolatilityExpansion,24,1,0.00986732246409816,1.5,0.00746732246409816
2024-06-25 03:00:00+00:00,SOLUSDT,VolatilityExpansion,24,1,0.008466645543036888,1.5,0.006066645543036888
2024-07-01 22:00:00+00:00,BTCUSDT,Pullback,24,1,-0.013309699880562076,1.5,-0.015109699880562075
2024-07-16 05:00:00+00:00,BTCUSDT,Pullback,24,1,0.029992818067667182,1.5,0.028192818067667182
2024-07-17 11:00:00+00:00,BTCUSDT,Pullback,24,1,0.0017202499540183158,1.5,-7.975004598168413e-05
2024-07-18 13:00:00+00:00,BTCUSDT,Pullback,24,1,0.01753801788183984,1.5,0.01573801788183984
2024-07-21 06:00:00+00:00,BTCUSDT,Pullback,24,1,0.007801769380716861,1.5,0.006001769380716861
2024-07-22 07:00:00+00:00,BTCUSDT,Pullback,24,1,-0.0052224060562056085,1.5,-0.007022406056205608
2024-07-27 19:00:00+00:00,BTCUSDT,Pullback,24,1,-0.003275213204064653,1.5,-0.005075213204064653
2024-08-10 01:00:00+00:00,BTCUSDT,Pullback,24,1,0.009420833064426537,1.5,0.0076208330644265375
2024-08-11 11:00:00+00:00,BTCUSDT,Pullback,24,1,-0.01546072974644408,1.5,-0.01726072974644408
2024-08-18 17:00:00+00:00,BTCUSDT,Pullback,24,1,-0.00876348179484987,1.5,-0.01056348179484987
2024-08-22 02:00:00+00:00,BTCUSDT,Pullback,24,1,0.006989809575906225,1.5,0.005189809575906226
2024-08-23 11:00:00+00:00,BTCUSDT,Pullback,24,1,0.05518521629844142,1.5,0.05338521629844142
2024-08-24 21:00:00+00:00,BTCUSDT,Pullback,24,1,0.013536402968666872,1.5,0.011736402968666872
2024-08-26 00:00:00+00:00,BTCUSDT,Pullback,24,1,-0.017261320376287137,1.5,-0.019061320376287137
2024-09-11 01:00:00+00:00,BTCUSDT,Pullback,24,1,0.02142377162086606,1.5,0.01962377162086606
2024-09-12 12:00:00+00:00,BTCUSDT,Pullback,24,1,0.006090264940397994,1.5,0.004290264940397994
2024-09-14 11:00:00+00:00,BTCUSDT,Pullback,24,1,0.006749318449533526,1.5,0.004949318449533526
2024-09-15 16:00:00+00:00,BTCUSDT,Pullback,24,1,-0.029623609437633758,1.5,-0.03142360943763376
2024-09-18 09:00:00+00:00,BTCUSDT,Pullback,24,1,0.044506529245351034,1.5,0.04270652924535103
2024-09-20 13:00:00+00:00,BTCUSDT,Pullback,24,1,0.007342992400727111,1.5,0.005542992400727111
2024-09-21 21:00:00+00:00,BTCUSDT,Pullback,24,1,0.012492726185889369,1.5,0.01069272618588937
2024-09-23 11:00:00+00:00,BTCUSDT,Pullback,24,1,0.00017665921648468697,1.5,-0.001623340783515313
2024-09-25 06:00:00+00:00,BTCUSDT,Pullback,24,1,0.0007353805868932639,1.5,-0.001064619413106736
2024-09-28 06:00:00+00:00,BTCUSDT,Pullback,24,1,-0.005196210931502132,1.5,-0.006996210931502132
2024-09-29 08:00:00+00:00,BTCUSDT,Pullback,24,1,-0.0308216303815394,1.5,-0.0326216303815394
2024-07-01 13:00:00+00:00,ETHUSDT,Pullback,24,1,-0.014702992045875107,1.5,-0.016652992045875108
2024-07-14 13:00:00+00:00,ETHUSDT,Pullback,24,1,0.05894921400000608,1.5,0.05699921400000608
2024-07-16 06:00:00+00:00,ETHUSDT,Pullback,24,1,0.025377469256596674,1.5,0.023427469256596674
2024-07-17 11:00:00+00:00,ETHUSDT,Pullback,24,1,0.006470192452698864,1.5,0.004520192452698864
2024-07-18 14:00:00+00:00,ETHUSDT,Pullback,24,1,0.00977533920689444,1.5,0.00782533920689444
2024-07-20 09:00:00+00:00,ETHUSDT,Pullback,24,1,0.003055574700760566,1.5,0.0011055747007605661
2024-07-21 10:00:00+00:00,ETHUSDT,Pullback,24,1,0.0016576910854011473,1.5,-0.0002923089145988526
2024-07-22 11:00:00+00:00,ETHUSDT,Pullback,24,1,0.00169495885508808,1.5,-0.0002550411449119198
2024-08-23 14:00:00+00:00,ETHUSDT,Pullback,24,1,0.04198853725392482,1.5,0.04003853725392482
2024-08-24 21:00:00+00:00,ETHUSDT,Pullback,24,1,0.01164145629613933,1.5,0.00969145629613933
2024-08-26 00:00:00+00:00,ETHUSDT,Pullback,24,1,-0.026739094889450143,1.5,-0.028689094889450144
2024-09-14 17:00:00+00:00,ETHUSDT,Pullback,24,1,-0.014075578022706647,1.5,-0.016025578022706648
2024-09-21 04:00:00+00:00,ETHUSDT,Pullback,24,1,0.017571456731716895,1.5,0.015621456731716894
2024-09-22 09:00:00+00:00,ETHUSDT,Pullback,24,1,0.026964767020224434,1.5,0.025014767020224433
2024-09-23 22:00:00+00:00,ETHUSDT,Pullback,24,1,0.0024835281976842705,1.5,0.0005335281976842706
2024-09-25 00:00:00+00:00,ETHUSDT,Pullback,24,1,-0.019626356042422577,1.5,-0.021576356042422577
2024-09-27 01:00:00+00:00,ETHUSDT,Pullback,24,1,0.028243443010195657,1.5,0.026293443010195656
2024-09-28 05:00:00+00:00,ETHUSDT,Pullback,24,1,-0.012244593586875574,1.5,-0.014194593586875574
2024-07-01 11:00:00+00:00,SOLUSDT,Pullback,24,1,0.02948784627176182,1.5,0.02708784627176182
2024-07-02 14:00:00+00:00,SOLUSDT,Pullback,24,1,-0.044397962281974346,1.5,-0.046797962281974345
2024-07-10 01:00:00+00:00,SOLUSDT,Pullback,24,1,0.010585935828113957,1.5,0.008185935828113958
2024-07-11 02:00:00+00:00,SOLUSDT,Pullback,24,1,-0.036923837086186184,1.5,-0.039323837086186184
2024-07-16 06:00:00+00:00,SOLUSDT,Pullback,24,1,0.042198832535760955,1.5,0.039798832535760956
2024-07-17 14:00:00+00:00,SOLUSDT,Pullback,24,1,-0.024869444773735427,1.5,-0.027269444773735427
2024-07-20 11:00:00+00:00,SOLUSDT,Pullback,24,1,0.027896344185880162,1.5,0.025496344185880163
2024-07-22 07:00:00+00:00,SOLUSDT,Pullback,24,1,-0.006001491959683358,1.5,-0.008401491959683358
2024-07-23 08:00:00+00:00,SOLUSDT,Pullback,24,1,-0.005067176769985138,1.5,-0.007467176769985138
2024-07-24 22:00:00+00:00,SOLUSDT,Pullback,24,1,-0.03126304271807423,1.5,-0.03366304271807423
2024-07-27 15:00:00+00:00,SOLUSDT,Pullback,24,1,0.0063482665614102984,1.5,0.003948266561410298
2024-07-28 16:00:00+00:00,SOLUSDT,Pullback,24,1,0.016124639102249816,1.5,0.013724639102249817
2024-07-29 19:00:00+00:00,SOLUSDT,Pullback,24,1,-0.038428387110590045,1.5,-0.040828387110590045
2024-08-09 04:00:00+00:00,SOLUSDT,Pullback,24,1,-0.013197618147205659,1.5,-0.015597618147205658
2024-08-10 06:00:00+00:00,SOLUSDT,Pullback,24,1,0.01368878878490154,1.5,0.01128878878490154
2024-08-11 10:00:00+00:00,SOLUSDT,Pullback,24,1,-0.0317538112312018,1.5,-0.0341538112312018
2024-08-25 06:00:00+00:00,SOLUSDT,Pullback,24,1,0.008362921633274123,1.5,0.005962921633274123
2024-08-26 07:00:00+00:00,SOLUSDT,Pullback,24,1,-0.013575201207243426,1.5,-0.015975201207243425
2024-09-11 01:00:00+00:00,SOLUSDT,Pullback,24,1,0.015060037650094227,1.5,0.012660037650094227
2024-09-12 15:00:00+00:00,SOLUSDT,Pullback,24,1,0.02163328289562405,1.5,0.01923328289562405
2024-09-14 07:00:00+00:00,SOLUSDT,Pullback,24,1,-0.005558829735373361,1.5,-0.00795882973537336
2024-09-20 17:00:00+00:00,SOLUSDT,Pullback,24,1,0.012989328724658966,1.5,0.010589328724658967
2024-09-21 19:00:00+00:00,SOLUSDT,Pullback,24,1,-0.019930893563869234,1.5,-0.022330893563869234
2024-09-24 14:00:00+00:00,SOLUSDT,Pullback,24,1,0.03227689054282323,1.5,0.029876890542823234
2024-09-25 17:00:00+00:00,SOLUSDT,Pullback,24,1,0.04861445783132523,1.5,0.04621445783132523
2024-09-28 05:00:00+00:00,SOLUSDT,Pullback,24,1,-0.013802250242729297,1.5,-0.016202250242729296
2024-09-30 01:00:00+00:00,SOLUSDT,Pullback,24,1,-0.021377823291077958,1.5,-0.023777823291077957
2024-10-01 13:00:00+00:00,BTCUSDT,TrendFollowing,24,-1,0.02845052984695795,1.5,0.02665052984695795
2024-10-09 01:00:00+00:00,BTCUSDT,TrendFollowing,24,-1,0.02453901186714824,1.5,0.022739011867148242
2024-10-23 23:00:00+00:00,BTCUSDT,TrendFollowing,24,-1,-0.019729231341704567,1.5,-0.021529231341704567
2024-11-03 04:00:00+00:00,BTCUSDT,TrendFollowing,24,-1,-0.0033697723690329084,1.5,-0.005169772369032908
2024-11-26 20:00:00+00:00,BTCUSDT,TrendFollowing,24,-1,-0.0570441221980551,1.5,-0.058844122198055106
2024-12-03 18:00:00+00:00,BTCUSDT,TrendFollowing,24,-1,-0.018160467701118455,1.5,-0.019960467701118454
2024-12-10 12:00:00+00:00,BTCUSDT,TrendFollowing,24,-1,-0.0157990643002881,1.5,-0.0175990643002881
2024-12-19 19:00:00+00:00,BTCUSDT,TrendFollowing,24,-1,0.00767297642741438,1.5,0.00587297642741438
2024-10-01 17:00:00+00:00,ETHUSDT,TrendFollowing,24,-1,0.046440889059206625,1.5,0.044490889059206624
2024-10-23 16:00:00+00:00,ETHUSDT,TrendFollowing,24,-1,-0.011900509333772291,1.5,-0.013850509333772291
2024-11-01 08:00:00+00:00,ETHUSDT,TrendFollowing,24,-1,0.0016233117158325205,1.5,-0.00032668828416747937
2024-11-21 02:00:00+00:00,ETHUSDT,TrendFollowing,24,-1,-0.10167933938353357,1.5,-0.10362933938353357
2024-12-10 14:00:00+00:00,ETHUSDT,TrendFollowing,24,-1,-0.031435388713657586,1.5,-0.033385388713657586
2024-12-18 21:00:00+00:00,ETHUSDT,TrendFollowing,24,-1,0.06278974620197098,1.5,0.060839746201970975
2024-10-02 01:00:00+00:00,SOLUSDT,TrendFollowing,24,-1,0.028447662323442313,1.5,0.026047662323442314
2024-11-01 06:00:00+00:00,SOLUSDT,TrendFollowing,24,-1,-0.012571014142390924,1.5,-0.014971014142390923
2024-11-26 12:00:00+00:00,SOLUSDT,TrendFollowing,24,-1,-0.0444366382717134,1.5,-0.0468366382717134
2024-12-01 02:00:00+00:00,SOLUSDT,TrendFollowing,24,-1,0.02599394894958873,1.5,0.02359394894958873
2024-12-09 06:00:00+00:00,SOLUSDT,TrendFollowing,24,-1,0.05779319314979414,1.5,0.05539319314979414
2025-01-08 16:00:00+00:00,BTCUSDT,TrendFollowing,24,-1,0.022032025280783185,1.5,0.020232025280783186
2025-01-27 08:00:00+00:00,BTCUSDT,TrendFollowing,24,-1,-0.03978817356271103,1.5,-0.04158817356271103
2025-02-01 10:00:00+00:00,BTCUSDT,TrendFollowing,24,-1,0.02742095031865932,1.5,0.02562095031865932
2025-02-16 18:00:00+00:00,BTCUSDT,TrendFollowing,24,-1,0.013816165884872889,1.5,0.012016165884872889
2025-02-22 19:00:00+00:00,BTCUSDT,TrendFollowing,24,-1,0.008920613065690808,1.5,0.007120613065690808
2025-03-07 22:00:00+00:00,BTCUSDT,TrendFollowing,24,-1,0.005943483275663186,1.5,0.004143483275663187
2025-03-28 20:00:00+00:00,BTCUSDT,TrendFollowing,24,-1,0.015428086423069143,1.5,0.013628086423069143
2025-01-08 06:00:00+00:00,ETHUSDT,TrendFollowing,24,-1,0.005874332221755374,1.5,0.003924332221755374
2025-01-19 10:00:00+00:00,ETHUSDT,TrendFollowing,24,-1,-0.06346776048213565,1.5,-0.06541776048213564
2025-01-27 01:00:00+00:00,ETHUSDT,TrendFollowing,24,-1,0.0006512842511326999,1.5,-0.0012987157488673
2025-02-02 01:00:00+00:00,ETHUSDT,TrendFollowing,24,-1,0.21151081876076872,1.5,0.2095608187607687
2025-02-22 08:00:00+00:00,ETHUSDT,TrendFollowing,24,-1,-0.04355973986859585,1.5,-0.04550973986859585
2025-02-24 20:00:00+00:00,ETHUSDT,TrendFollowing,24,-1,0.0486876923601095,1.5,0.0467376923601095
2025-03-28 06:00:00+00:00,ETHUSDT,TrendFollowing,24,-1,0.018257135693092064,1.5,0.016307135693092063
2025-01-08 09:00:00+00:00,SOLUSDT,TrendFollowing,24,-1,0.023181005871840688,1.5,0.020781005871840688
2025-01-27 10:00:00+00:00,SOLUSDT,TrendFollowing,24,-1,-0.07308281517527249,1.5,-0.07548281517527249
2025-03-04 04:00:00+00:00,SOLUSDT,TrendFollowing,24,-1,-0.043618739903069415,1.5,-0.046018739903069414
2025-03-28 17:00:00+00:00,SOLUSDT,TrendFollowing,24,-1,0.03976923076923078,1.5,0.03736923076923078
2025-04-02 20:00:00+00:00,BTCUSDT,VolatilityExpansion,24,1,-0.034373861289930696,1.5,-0.0361738612899307
2025-04-07 22:00:00+00:00,BTCUSDT,VolatilityExpansion,24,1,-0.045315598821313974,1.5,-0.04711559882131398
2025-04-14 02:00:00+00:00,BTCUSDT,VolatilityExpansion,24,1,0.0031073894520345924,1.5,0.0013073894520345924
2025-04-21 00:00:00+00:00,BTCUSDT,VolatilityExpansion,24,1,0.020210185000213654,1.5,0.018410185000213655
2025-04-22 01:00:00+00:00,BTCUSDT,VolatilityExpansion,24,1,0.05070622444117201,1.5,0.04890622444117201
2025-04-23 02:00:00+00:00,BTCUSDT,VolatilityExpansion,24,1,-0.0021232360228374825,1.5,-0.003923236022837482
2025-05-09 00:00:00+00:00,BTCUSDT,VolatilityExpansion,24,1,0.0013005963093026818,1.5,-0.0004994036906973182
2025-05-21 19:00:00+00:00,BTCUSDT,VolatilityExpansion,24,1,0.02281956605052926,1.5,0.02101956605052926
2025-06-09 13:00:00+00:00,BTCUSDT,VolatilityExpansion,24,1,0.015033046339662182,1.5,0.013233046339662182
2025-06-23 02:00:00+00:00,BTCUSDT,VolatilityExpansion,24,1,0.03584720784505846,1.5,0.03404720784505846
2025-06-29 23:00:00+00:00,BTCUSDT,VolatilityExpansion,24,1,-0.009066584925833121,1.5,-0.01086658492583312
2025-04-14 00:00:00+00:00,ETHUSDT,VolatilityExpansion,24,1,0.013940612741446978,1.5,0.011990612741446978
2025-04-23 03:00:00+00:00,ETHUSDT,VolatilityExpansion,24,1,-0.012855877091796586,1.5,-0.014805877091796586
2025-05-08 15:00:00+00:00,ETHUSDT,VolatilityExpansion,24,1,0.1205231741573034,1.5,0.11857317415730341
2025-05-09 16:00:00+00:00,ETHUSDT,VolatilityExpansion,24,1,0.07054415048026086,1.5,0.06859415048026087
2025-06-09 21:00:00+00:00,ETHUSDT,VolatilityExpansion,24,1,0.060652846839073904,1.5,0.058702846839073904
2025-06-10 22:00:00+00:00,ETHUSDT,VolatilityExpansion,24,1,-0.011602434656029947,1.5,-0.013552434656029948
2025-06-29 22:00:00+00:00,ETHUSDT,VolatilityExpansion,24,1,-0.006677329068372595,1.5,-0.008627329068372595
2025-04-02 20:00:00+00:00,SOLUSDT,VolatilityExpansion,24,1,-0.08489017431407808,1.5,-0.08729017431407808
2025-05-08 20:00:00+00:00,SOLUSDT,VolatilityExpansion,24,1,0.06025428413488121,1.5,0.05785428413488121
2025-05-09 21:00:00+00:00,SOLUSDT,VolatilityExpansion,24,1,0.013382770407276423,1.5,0.010982770407276424
2025-06-09 17:00:00+00:00,SOLUSDT,VolatilityExpansion,24,1,0.04935663529863632,1.5,0.04695663529863632
2025-06-10 18:00:00+00:00,SOLUSDT,VolatilityExpansion,24,1,-0.008297236288206888,1.5,-0.010697236288206888
2025-06-15 22:00:00+00:00,SOLUSDT,VolatilityExpansion,24,1,-0.00881520952568915,1.5,-0.011215209525689149
2025-06-30 16:00:00+00:00,SOLUSDT,VolatilityExpansion,24,1,-0.05822768681913737,1.5,-0.06062768681913737
2025-07-02 16:00:00+00:00,BTCUSDT,RangeTrading,24,-1,-0.001259977872667184,1.5,-0.003059977872667184
2025-07-09 12:00:00+00:00,BTCUSDT,RangeTrading,24,-1,-0.01339047971114482,1.5,-0.01519047971114482
2025-07-10 16:00:00+00:00,BTCUSDT,RangeTrading,24,-1,-0.0446612857959936,1.5,-0.0464612857959936
2025-07-14 02:00:00+00:00,BTCUSDT,RangeTrading,24,-1,0.02020624210040589,1.5,0.01840624210040589
2025-07-16 09:00:00+00:00,BTCUSDT,RangeTrading,24,-1,0.0071961399090015865,1.5,0.005396139909001587
2025-07-17 17:00:00+00:00,BTCUSDT,RangeTrading,24,-1,0.016414351048254394,1.5,0.014614351048254395
2025-07-20 13:00:00+00:00,BTCUSDT,RangeTrading,24,-1,-0.0035107667173233104,1.5,-0.00531076671732331
2025-07-27 14:00:00+00:00,BTCUSDT,RangeTrading,24,-1,0.002212561267679325,1.5,0.000412561267679325
2025-07-30 14:00:00+00:00,BTCUSDT,RangeTrading,24,-1,0.003531392401650124,1.5,0.0017313924016501242
2025-08-04 00:00:00+00:00,BTCUSDT,RangeTrading,24,-1,0.0016403048320210445,1.5,-0.00015969516797895546
2025-08-06 14:00:00+00:00,BTCUSDT,RangeTrading,24,-1,-0.012957845315287209,1.5,-0.014757845315287208
2025-08-09 09:00:00+00:00,BTCUSDT,RangeTrading,24,-1,-0.004323535645972321,1.5,-0.00612353564597232
2025-08-10 22:00:00+00:00,BTCUSDT,RangeTrading,24,-1,0.003400346250673092,1.5,0.001600346250673092
2025-08-12 14:00:00+00:00,BTCUSDT,RangeTrading,24,-1,-0.012379112519040225,1.5,-0.014179112519040225
2025-08-13 19:00:00+00:00,BTCUSDT,RangeTrading,24,-1,0.040000000000000036,1.5,0.03820000000000003
2025-08-17 04:00:00+00:00,BTCUSDT,RangeTrading,24,-1,0.020194283341876784,1.5,0.018394283341876785
2025-08-22 17:00:00+00:00,BTCUSDT,RangeTrading,24,-1,0.01591224626579857,1.5,0.014112246265798569
2025-08-26 21:00:00+00:00,BTCUSDT,RangeTrading,24,-1,0.0015708735653001682,1.5,-0.00022912643469983176
2025-08-28 04:00:00+00:00,BTCUSDT,RangeTrading,24,-1,0.014746159383907553,1.5,0.012946159383907554
2025-08-31 00:00:00+00:00,BTCUSDT,RangeTrading,24,-1,0.011248409775388435,1.5,0.009448409775388435
2025-09-02 03:00:00+00:00,BTCUSDT,RangeTrading,24,-1,-0.006172134269082141,1.5,-0.00797213426908214
2025-09-03 14:00:00+00:00,BTCUSDT,RangeTrading,24,-1,0.024604130870306107,1.5,0.022804130870306107
2025-09-08 08:00:00+00:00,BTCUSDT,RangeTrading,24,-1,-0.011543353636689346,1.5,-0.013343353636689346
2025-09-11 13:00:00+00:00,BTCUSDT,RangeTrading,24,-1,-0.005545557531886569,1.5,-0.007345557531886569
2025-09-12 18:00:00+00:00,BTCUSDT,RangeTrading,24,-1,0.005776305380596258,1.5,0.003976305380596259
2025-09-16 05:00:00+00:00,BTCUSDT,RangeTrading,24,-1,-0.011106777619394492,1.5,-0.012906777619394492
2025-09-24 14:00:00+00:00,BTCUSDT,RangeTrading,24,-1,0.018688645165604312,1.5,0.016888645165604312
2025-09-28 14:00:00+00:00,BTCUSDT,RangeTrading,24,-1,-0.03598139182449733,1.5,-0.037781391824497336
2025-09-29 15:00:00+00:00,BTCUSDT,RangeTrading,24,-1,0.008381391096420221,1.5,0.0065813910964202214
2025-07-02 15:00:00+00:00,ETHUSDT,RangeTrading,24,-1,-0.02915046862551196,1.5,-0.03110046862551196
2025-07-06 21:00:00+00:00,ETHUSDT,RangeTrading,24,-1,0.019947039836094027,1.5,0.017997039836094027
2025-07-08 10:00:00+00:00,ETHUSDT,RangeTrading,24,-1,-0.02338837014366768,1.5,-0.02533837014366768
2025-07-09 12:00:00+00:00,ETHUSDT,RangeTrading,24,-1,-0.046716810831139544,1.5,-0.048666810831139544
2025-07-10 16:00:00+00:00,ETHUSDT,RangeTrading,24,-1,-0.06609238398563577,1.5,-0.06804238398563577
2025-07-14 03:00:00+00:00,ETHUSDT,RangeTrading,24,-1,0.022764024147254758,1.5,0.020814024147254757
2025-07-15 13:00:00+00:00,ETHUSDT,RangeTrading,24,-1,-0.06561810570622151,1.5,-0.0675681057062215
2025-07-16 14:00:00+00:00,ETHUSDT,RangeTrading,24,-1,-0.05209938751841903,1.5,-0.05404938751841903
2025-07-18 00:00:00+00:00,ETHUSDT,RangeTrading,24,-1,-0.0021230462179528953,1.5,-0.004073046217952896
2025-07-20 01:00:00+00:00,ETHUSDT,RangeTrading,24,-1,-0.03847530471986316,1.5,-0.04042530471986316
2025-07-21 14:00:00+00:00,ETHUSDT,RangeTrading,24,-1,0.031969629112724385,1.5,0.030019629112724384
2025-07-24 14:00:00+00:00,ETHUSDT,RangeTrading,24,-1,0.027309393981595598,1.5,0.025359393981595597
2025-07-27 02:00:00+00:00,ETHUSDT,RangeTrading,24,-1,-0.025046911753045853,1.5,-0.026996911753045853
2025-07-28 05:00:00+00:00,ETHUSDT,RangeTrading,24,-1,0.02579980148125527,1.5,0.02384980148125527
2025-07-29 07:00:00+00:00,ETHUSDT,RangeTrading,24,-1,0.016395979940978633,1.5,0.014445979940978633
2025-08-04 00:00:00+00:00,ETHUSDT,RangeTrading,24,-1,-0.038065300755380393,1.5,-0.040015300755380394
2025-08-06 15:00:00+00:00,ETHUSDT,RangeTrading,24,-1,-0.04109581560942055,1.5,-0.04304581560942055
2025-08-08 13:00:00+00:00,ETHUSDT,RangeTrading,24,-1,-0.04914802422641995,1.5,-0.05109802422641995
2025-08-10 00:00:00+00:00,ETHUSDT,RangeTrading,24,-1,0.001717160466324974,1.5,-0.00023283953367502592
2025-08-11 01:00:00+00:00,ETHUSDT,RangeTrading,24,-1,0.0027916988219542915,1.5,0.0008416988219542916
2025-08-12 12:00:00+00:00,ETHUSDT,RangeTrading,24,-1,-0.06018043460494171,1.5,-0.06213043460494171
2025-08-17 03:00:00+00:00,ETHUSDT,RangeTrading,24,-1,0.02593900827783313,1.5,0.02398900827783313
2025-08-20 17:00:00+00:00,ETHUSDT,RangeTrading,24,-1,0.019033755896226467,1.5,0.017083755896226467
2025-08-22 07:00:00+00:00,ETHUSDT,RangeTrading,24,-1,-0.09056171983356465,1.5,-0.09251171983356464
2025-08-23 22:00:00+00:00,ETHUSDT,RangeTrading,24,-1,0.0005020164326713372,1.5,-0.0014479835673286627
2025-08-26 14:00:00+00:00,ETHUSDT,RangeTrading,24,-1,-0.023075350910157777,1.5,-0.025025350910157777
2025-08-27 15:00:00+00:00,ETHUSDT,RangeTrading,24,-1,0.04127974291722791,1.5,0.03932974291722791
2025-08-31 00:00:00+00:00,ETHUSDT,RangeTrading,24,-1,0.01139654095163023,1.5,0.00944654095163023
2025-09-03 10:00:00+00:00,ETHUSDT,RangeTrading,24,-1,-0.007961808948624638,1.5,-0.009911808948624638
2025-09-08 09:00:00+00:00,ETHUSDT,RangeTrading,24,-1,-0.006725803089607796,1.5,-0.008675803089607796
2025-09-10 12:00:00+00:00,ETHUSDT,RangeTrading,24,-1,-0.015219933764679228,1.5,-0.017169933764679228
2025-09-11 22:00:00+00:00,ETHUSDT,RangeTrading,24,-1,-0.05828767323318429,1.5,-0.06023767323318429
2025-09-12 23:00:00+00:00,ETHUSDT,RangeTrading,24,-1,0.009034520529334511,1.5,0.007084520529334511
2025-09-20 15:00:00+00:00,ETHUSDT,RangeTrading,24,-1,0.004823902000729352,1.5,0.002873902000729352
2025-09-21 18:00:00+00:00,ETHUSDT,RangeTrading,24,-1,0.08050239473935938,1.5,0.07855239473935939
2025-09-26 16:00:00+00:00,ETHUSDT,RangeTrading,24,-1,-0.0029285440271993313,1.5,-0.004878544027199332
2025-09-29 14:00:00+00:00,ETHUSDT,RangeTrading,24,-1,0.01623722545782913,1.5,0.01428722545782913
2025-07-02 15:00:00+00:00,SOLUSDT,RangeTrading,24,-1,0.004364213449712384,1.5,0.001964213449712384
2025-07-09 05:00:00+00:00,SOLUSDT,RangeTrading,24,-1,-0.028030055537406007,1.5,-0.030430055537406006
2025-07-10 17:00:00+00:00,SOLUSDT,RangeTrading,24,-1,-0.021698582442178704,1.5,-0.024098582442178704
2025-07-15 23:00:00+00:00,SOLUSDT,RangeTrading,24,-1,-0.05500335386304034,1.5,-0.05740335386304034
2025-07-18 00:00:00+00:00,SOLUSDT,RangeTrading,24,-1,0.017689269622295223,1.5,0.015289269622295223
2025-07-20 08:00:00+00:00,SOLUSDT,RangeTrading,24,-1,-0.060933089822347686,1.5,-0.06333308982234769
2025-07-22 01:00:00+00:00,SOLUSDT,RangeTrading,24,-1,-0.0012862372613040574,1.5,-0.0036862372613040576
2025-07-27 22:00:00+00:00,SOLUSDT,RangeTrading,24,-1,0.03086942708884899,1.5,0.02846942708884899
2025-08-04 00:00:00+00:00,SOLUSDT,RangeTrading,24,-1,-0.02274662449823639,1.5,-0.02514662449823639
2025-08-05 10:00:00+00:00,SOLUSDT,RangeTrading,24,-1,0.04018248815581682,1.5,0.03778248815581682
2025-08-06 14:00:00+00:00,SOLUSDT,RangeTrading,24,-1,-0.015375446960667283,1.5,-0.017775446960667282
2025-08-07 22:00:00+00:00,SOLUSDT,RangeTrading,24,-1,-0.009598902982516089,1.5,-0.011998902982516088
2025-08-09 05:00:00+00:00,SOLUSDT,RangeTrading,24,-1,-0.0011615686708335016,1.5,-0.003561568670833502
2025-08-11 02:00:00+00:00,SOLUSDT,RangeTrading,24,-1,0.0524354681931094,1.5,0.0500354681931094
2025-08-12 14:00:00+00:00,SOLUSDT,RangeTrading,24,-1,-0.10022284122562675,1.5,-0.10262284122562675
2025-08-14 02:00:00+00:00,SOLUSDT,RangeTrading,24,-1,0.058945540494910964,1.5,0.056545540494910965
2025-08-17 02:00:00+00:00,SOLUSDT,RangeTrading,24,-1,0.04648490546328221,1.5,0.04408490546328221
2025-08-20 17:00:00+00:00,SOLUSDT,RangeTrading,24,-1,0.01626323751891079,1.5,0.01386323751891079
2025-08-24 01:00:00+00:00,SOLUSDT,RangeTrading,24,-1,-0.02122550902804443,1.5,-0.02362550902804443
2025-08-25 02:00:00+00:00,SOLUSDT,RangeTrading,24,-1,0.12145577655522632,1.5,0.11905577655522633
2025-08-26 14:00:00+00:00,SOLUSDT,RangeTrading,24,-1,-0.08980722010344278,1.5,-0.09220722010344277
2025-08-28 04:00:00+00:00,SOLUSDT,RangeTrading,24,-1,-0.01750000000000007,1.5,-0.01990000000000007
2025-09-02 22:00:00+00:00,SOLUSDT,RangeTrading,24,-1,-0.010021097046413407,1.5,-0.012421097046413407
2025-09-05 12:00:00+00:00,SOLUSDT,RangeTrading,24,-1,0.03221020388628304,1.5,0.02981020388628304
2025-09-07 20:00:00+00:00,SOLUSDT,RangeTrading,24,-1,-0.04960210906605478,1.5,-0.05200210906605478
2025-09-09 06:00:00+00:00,SOLUSDT,RangeTrading,24,-1,-0.017310070064569416,1.5,-0.019710070064569415
2025-09-10 07:00:00+00:00,SOLUSDT,RangeTrading,24,-1,-0.005717115332673162,1.5,-0.008117115332673161
2025-09-11 10:00:00+00:00,SOLUSDT,RangeTrading,24,-1,-0.05934231519234179,1.5,-0.06174231519234179
2025-09-12 23:00:00+00:00,SOLUSDT,RangeTrading,24,-1,-0.0055768992440203835,1.5,-0.007976899244020383
2025-09-14 01:00:00+00:00,SOLUSDT,RangeTrading,24,-1,0.01510032968374786,1.5,0.01270032968374786
2025-09-16 15:00:00+00:00,SOLUSDT,RangeTrading,24,-1,0.015526382226710433,1.5,0.013126382226710434
2025-09-17 19:00:00+00:00,SOLUSDT,RangeTrading,24,-1,-0.040231330148353006,1.5,-0.042631330148353005
2025-09-26 16:00:00+00:00,SOLUSDT,RangeTrading,24,-1,-0.011431436450238142,1.5,-0.013831436450238141
2025-09-29 14:00:00+00:00,SOLUSDT,RangeTrading,24,-1,0.02977761025254444,1.5,0.02737761025254444
2025-10-24 12:00:00+00:00,BTCUSDT,TrendFollowing,24,1,0.0034104137171622195,1.5,0.0016104137171622196
2025-11-10 23:00:00+00:00,BTCUSDT,TrendFollowing,24,1,-0.029517875022530782,1.5,-0.031317875022530785
2025-11-27 09:00:00+00:00,BTCUSDT,TrendFollowing,24,1,0.0030494833578624814,1.5,0.0012494833578624814
2025-12-03 04:00:00+00:00,BTCUSDT,TrendFollowing,24,1,-0.003962397416564123,1.5,-0.0057623974165641224
2025-12-08 08:00:00+00:00,BTCUSDT,TrendFollowing,24,1,-0.01832712296528738,1.5,-0.02012712296528738
2025-12-22 05:00:00+00:00,BTCUSDT,TrendFollowing,24,1,-0.016166125693485633,1.5,-0.017966125693485633
2025-12-26 12:00:00+00:00,BTCUSDT,TrendFollowing,24,1,-0.013976358634039343,1.5,-0.015776358634039343
2025-12-29 04:00:00+00:00,BTCUSDT,TrendFollowing,24,1,-0.032007733620717516,1.5,-0.03380773362071752
2025-12-30 17:00:00+00:00,BTCUSDT,TrendFollowing,24,1,-0.007634987807114579,1.5,-0.009434987807114579
2025-10-01 08:00:00+00:00,ETHUSDT,TrendFollowing,24,1,0.02316322415669969,1.5,0.02121322415669969
2025-10-26 09:00:00+00:00,ETHUSDT,TrendFollowing,24,1,0.04500901886309627,1.5,0.04305901886309627
2025-11-11 01:00:00+00:00,ETHUSDT,TrendFollowing,24,1,-0.043025500213688894,1.5,-0.044975500213688895
2025-11-26 23:00:00+00:00,ETHUSDT,TrendFollowing,24,1,-0.003804933521100562,1.5,-0.005754933521100562
2025-12-03 10:00:00+00:00,ETHUSDT,TrendFollowing,24,1,0.04273283222460855,1.5,0.04078283222460855
2025-12-22 09:00:00+00:00,ETHUSDT,TrendFollowing,24,1,-0.024453947368421103,1.5,-0.026403947368421103
2025-12-29 06:00:00+00:00,ETHUSDT,TrendFollowing,24,1,-0.02819760066688426,1.5,-0.03014760066688426
2025-12-30 14:00:00+00:00,ETHUSDT,TrendFollowing,24,1,-0.0036424824970535674,1.5,-0.005592482497053568
2025-10-01 15:00:00+00:00,SOLUSDT,TrendFollowing,24,1,0.03511561350111303,1.5,0.03271561350111303
2025-10-24 20:00:00+00:00,SOLUSDT,TrendFollowing,24,1,0.003978916907813046,1.5,0.0015789169078130457
2025-11-26 02:00:00+00:00,SOLUSDT,TrendFollowing,24,1,0.023347701149425193,1.5,0.020947701149425194
2025-12-03 09:00:00+00:00,SOLUSDT,TrendFollowing,24,1,0.008871365204534243,1.5,0.006471365204534243
2025-12-09 20:00:00+00:00,SOLUSDT,TrendFollowing,24,1,-0.021695689409077845,1.5,-0.024095689409077845
2025-12-12 09:00:00+00:00,SOLUSDT,TrendFollowing,24,1,-0.031188942759968197,1.5,-0.033588942759968196
2025-12-29 03:00:00+00:00,SOLUSDT,TrendFollowing,24,1,-0.03633392982183148,1.5,-0.03873392982183148
2025-12-30 16:00:00+00:00,SOLUSDT,TrendFollowing,24,1,-0.005015524241700486,1.5,-0.007415524241700487
2026-01-07 00:00:00+00:00,BTCUSDT,VolatilityExpansion,24,-1,0.013859873271292567,1.5,0.012059873271292567
2026-01-13 02:00:00+00:00,BTCUSDT,VolatilityExpansion,24,-1,-0.05019238474753962,1.5,-0.05199238474753962
2026-01-19 00:00:00+00:00,BTCUSDT,VolatilityExpansion,24,-1,-0.00032916676559646696,1.5,-0.002129166765596467
2026-01-20 17:00:00+00:00,BTCUSDT,VolatilityExpansion,24,-1,0.014469643278998356,1.5,0.012669643278998357
2026-01-21 18:00:00+00:00,BTCUSDT,VolatilityExpansion,24,-1,-0.014606331219308544,1.5,-0.016406331219308543
2026-01-25 19:00:00+00:00,BTCUSDT,VolatilityExpansion,24,-1,-0.013137958394344729,1.5,-0.014937958394344728
2026-01-30 01:00:00+00:00,BTCUSDT,VolatilityExpansion,24,-1,-0.020026760575340363,1.5,-0.021826760575340363
2026-01-31 20:00:00+00:00,BTCUSDT,VolatilityExpansion,24,-1,0.018825859516705568,1.5,0.017025859516705568
2026-02-05 22:00:00+00:00,BTCUSDT,VolatilityExpansion,24,-1,-0.10435090257002733,1.5,-0.10615090257002732
2026-02-23 01:00:00+00:00,BTCUSDT,VolatilityExpansion,24,-1,0.004766475324287978,1.5,0.0029664753242879776
2026-02-24 02:00:00+00:00,BTCUSDT,VolatilityExpansion,24,-1,-0.01999837703377949,1.5,-0.02179837703377949
2026-03-09 01:00:00+00:00,BTCUSDT,VolatilityExpansion,24,-1,-0.06185780520362005,1.5,-0.06365780520362005
2026-03-23 06:00:00+00:00,BTCUSDT,VolatilityExpansion,24,-1,-0.0502614775990049,1.5,-0.0520614775990049
2026-03-30 00:00:00+00:00,BTCUSDT,VolatilityExpansion,24,-1,-0.024829738933030754,1.5,-0.026629738933030753
2026-01-05 13:00:00+00:00,ETHUSDT,VolatilityExpansion,24,-1,-0.039219666287135135,1.5,-0.041169666287135136
2026-01-13 01:00:00+00:00,ETHUSDT,VolatilityExpansion,24,-1,-0.0740355579957046,1.5,-0.0759855579957046
2026-01-18 23:00:00+00:00,ETHUSDT,VolatilityExpansion,24,-1,0.030529095855024835,1.5,0.028579095855024834
2026-01-20 17:00:00+00:00,ETHUSDT,VolatilityExpansion,24,-1,0.024189567769477116,1.5,0.022239567769477116
2026-01-21 18:00:00+00:00,ETHUSDT,VolatilityExpansion,24,-1,-0.009122073092789451,1.5,-0.011072073092789451
2026-01-25 19:00:00+00:00,ETHUSDT,VolatilityExpansion,24,-1,-0.03175484095897785,1.5,-0.03370484095897785
2026-01-30 01:00:00+00:00,ETHUSDT,VolatilityExpansion,24,-1,0.01636042467175358,1.5,0.014410424671753581
2026-01-31 18:00:00+00:00,ETHUSDT,VolatilityExpansion,24,-1,0.025000420387092492,1.5,0.023050420387092492
2026-02-23 01:00:00+00:00,ETHUSDT,VolatilityExpansion,24,-1,0.006744189807701639,1.5,0.004794189807701639
2026-03-23 06:00:00+00:00,ETHUSDT,VolatilityExpansion,24,-1,-0.06292603869953828,1.5,-0.06487603869953827
2026-01-19 00:00:00+00:00,SOLUSDT,VolatilityExpansion,24,-1,-0.0006730984967466824,1.5,-0.0030730984967466827
2026-01-25 19:00:00+00:00,SOLUSDT,VolatilityExpansion,24,-1,-0.048867396284041575,1.5,-0.051267396284041575
2026-01-30 01:00:00+00:00,SOLUSDT,VolatilityExpansion,24,-1,-0.026834563612678997,1.5,-0.029234563612678996
2026-01-31 18:00:00+00:00,SOLUSDT,VolatilityExpansion,24,-1,-0.0002945508100147265,1.5,-0.0026945508100147267
2026-02-06 00:00:00+00:00,SOLUSDT,VolatilityExpansion,24,-1,-0.1543357199681783,1.5,-0.1567357199681783
2026-02-23 01:00:00+00:00,SOLUSDT,VolatilityExpansion,24,-1,0.0038520801232665436,1.5,0.0014520801232665434
2026-03-30 00:00:00+00:00,SOLUSDT,VolatilityExpansion,24,-1,-0.023952095808383422,1.5,-0.02635209580838342
2023-01-18 21:00:00+00:00,BTCUSDT,VolatilityExpansion,24,-1,-0.013555847493106565,2.0,-0.015955847493106565
2023-01-30 21:00:00+00:00,BTCUSDT,VolatilityExpansion,24,-1,-0.019121778778298903,2.0,-0.021521778778298903
2023-02-06 00:00:00+00:00,BTCUSDT,VolatilityExpansion,24,-1,0.009006507592190793,2.0,0.006606507592190794
2023-02-13 01:00:00+00:00,BTCUSDT,VolatilityExpansion,24,-1,-0.00041019684839760373,2.0,-0.0028101968483976035
2023-02-16 23:00:00+00:00,BTCUSDT,VolatilityExpansion,24,-1,-0.047244395705286824,2.0,-0.04964439570528682
2023-02-20 02:00:00+00:00,BTCUSDT,VolatilityExpansion,24,-1,-0.024020705379701468,2.0,-0.026420705379701467
2023-02-27 20:00:00+00:00,BTCUSDT,VolatilityExpansion,24,-1,0.007884824929431211,2.0,0.005484824929431212
2023-03-03 02:00:00+00:00,BTCUSDT,VolatilityExpansion,24,-1,-0.0001701319866045381,2.0,-0.002570131986604538
2023-03-07 18:00:00+00:00,BTCUSDT,VolatilityExpansion,24,-1,0.008895458089053676,2.0,0.006495458089053677
2023-03-09 20:00:00+00:00,BTCUSDT,VolatilityExpansion,24,-1,0.0014329784058114692,2.0,-0.0009670215941885306
2023-03-22 20:00:00+00:00,BTCUSDT,VolatilityExpansion,24,-1,-0.03176417572513546,2.0,-0.03416417572513546
2023-03-28 01:00:00+00:00,BTCUSDT,VolatilityExpansion,24,-1,-0.012096371827612806,2.0,-0.014496371827612806
2023-01-18 23:00:00+00:00,ETHUSDT,VolatilityExpansion,24,-1,-0.024126753109288135,2.0,-0.026726753109288133
2023-01-25 01:00:00+00:00,ETHUSDT,VolatilityExpansion,24,-1,-0.051411001381035604,2.0,-0.0540110013810356
2023-02-03 01:00:00+00:00,ETHUSDT,VolatilityExpansion,24,-1,-0.007580501030388875,2.0,-0.010180501030388875
2023-02-10 00:00:00+00:00,ETHUSDT,VolatilityExpansion,24,-1,0.023365029327407583,2.0,0.020765029327407585
2023-02-13 09:00:00+00:00,ETHUSDT,VolatilityExpansion,24,-1,-0.018046472704203786,2.0,-0.020646472704203785
2023-02-17 01:00:00+00:00,ETHUSDT,VolatilityExpansion,24,-1,-0.0192232554504963,2.0,-0.0218232554504963
2023-02-20 03:00:00+00:00,ETHUSDT,VolatilityExpansion,24,-1,-0.007307763088375774,2.0,-0.009907763088375774
2023-03-07 21:00:00+00:00,ETHUSDT,VolatilityExpansion,24,-1,0.003225889700379403,2.0,0.000625889700379403
2023-03-09 20:00:00+00:00,ETHUSDT,VolatilityExpansion,24,-1,-0.008576851707579491,2.0,-0.011176851707579491
2023-01-18 18:00:00+00:00,SOLUSDT,VolatilityExpansion,24,-1,0.011015128662187457,2.0,0.007815128662187457
2023-02-10 01:00:00+00:00,SOLUSDT,VolatilityExpansion,24,-1,0.021616677097876957,2.0,0.018416677097876956
2023-03-07 20:00:00+00:00,SOLUSDT,VolatilityExpansion,24,-1,0.0682430410056869,2.0,0.0650430410056869
2023-03-08 23:00:00+00:00,SOLUSDT,VolatilityExpansion,24,-1,0.0736476211166629,2.0,0.0704476211166629
2023-04-10 00:00:00+00:00,BTCUSDT,TrendFollowing,24,1,0.06429052351056308,2.0,0.06189052351056308
2023-04-26 16:00:00+00:00,BTCUSDT,TrendFollowing,24,1,-0.017481109664604255,2.0,-0.019881109664604255
2023-05-04 07:00:00+00:00,BTCUSDT,TrendFollowing,24,1,-9.294736081133514e-05,2.0,-0.002492947360811335
2023-05-23 14:00:00+00:00,BTCUSDT,TrendFollowing,24,1,-0.036758352007264405,2.0,-0.039158352007264405
2023-05-28 07:00:00+00:00,BTCUSDT,TrendFollowing,24,1,0.024747419082258748,2.0,0.02234741908225875
2023-06-04 19:00:00+00:00,BTCUSDT,TrendFollowing,24,1,-0.05823929424738106,2.0,-0.060639294247381056
2023-06-17 08:00:00+00:00,BTCUSDT,TrendFollowing,24,1,-0.0028205456063420398,2.0,-0.005220545606342039
2023-04-30 15:00:00+00:00,ETHUSDT,TrendFollowing,24,1,-0.041471244241552574,2.0,-0.04407124424155257
2023-05-04 12:00:00+00:00,ETHUSDT,TrendFollowing,24,1,0.017856672409886754,2.0,0.015256672409886754
2023-05-23 03:00:00+00:00,ETHUSDT,TrendFollowing,24,1,-0.020686770761839335,2.0,-0.023286770761839333
2023-05-27 02:00:00+00:00,ETHUSDT,TrendFollowing,24,1,0.009593818044891123,2.0,0.006993818044891123
2023-06-20 19:00:00+00:00,ETHUSDT,TrendFollowing,24,1,0.05467443400567973,2.0,0.05207443400567973
2023-04-01 08:00:00+00:00,SOLUSDT,TrendFollowing,24,1,0.006715884734460609,2.0,0.0035158847344606086
2023-04-05 03:00:00+00:00,SOLUSDT,TrendFollowing,24,1,-0.01907331156230785,2.0,-0.02227331156230785
2023-04-11 04:00:00+00:00,SOLUSDT,TrendFollowing,24,1,0.013032805177415563,2.0,0.009832805177415563
2023-04-28 11:00:00+00:00,SOLUSDT,TrendFollowing,24,1,0.04809146721238533,2.0,0.04489146721238533
2023-05-06 01:00:00+00:00,SOLUSDT,TrendFollowing,24,1,-0.04810891262475925,2.0,-0.05130891262475925
2023-05-15 13:00:00+00:00,SOLUSDT,TrendFollowing,24,1,-0.028670639575805956,2.0,-0.03187063957580596
2023-05-28 07:00:00+00:00,SOLUSDT,TrendFollowing,24,1,0.010937500000000044,2.0,0.007737500000000045
2023-06-20 17:00:00+00:00,SOLUSDT,TrendFollowing,24,1,0.04639901930738577,2.0,0.04319901930738577
2023-06-29 14:00:00+00:00,SOLUSDT,TrendFollowing,24,1,0.05138976808424944,2.0,0.04818976808424944
2023-07-11 13:00:00+00:00,BTCUSDT,TrendFollowing,24,1,0.009531695104040505,2.0,0.007131695104040506
2023-08-08 16:00:00+00:00,BTCUSDT,TrendFollowing,24,1,-0.007762627723478244,2.0,-0.010162627723478243
2023-08-29 18:00:00+00:00,BTCUSDT,TrendFollowing,24,1,-0.028354691149173217,2.0,-0.030754691149173216
2023-09-13 10:00:00+00:00,BTCUSDT,TrendFollowing,24,1,0.011027724226567504,2.0,0.008627724226567504
2023-09-28 17:00:00+00:00,BTCUSDT,TrendFollowing,24,1,-0.008694370763336234,2.0,-0.011094370763336234
2023-07-13 16:00:00+00:00,ETHUSDT,TrendFollowing,24,1,-0.0011974034179498272,2.0,-0.003797403417949827
2023-07-30 17:00:00+00:00,ETHUSDT,TrendFollowing,24,1,-0.009293779292714022,2.0,-0.011893779292714022
2023-08-09 05:00:00+00:00,ETHUSDT,TrendFollowing,24,1,-0.0039911021582114126,2.0,-0.0065911021582114124
2023-08-29 20:00:00+00:00,ETHUSDT,TrendFollowing,24,1,-0.013379845051079808,2.0,-0.015979845051079807
2023-09-15 01:00:00+00:00,ETHUSDT,TrendFollowing,24,1,0.010873507120948478,2.0,0.008273507120948478
2023-09-28 09:00:00+00:00,ETHUSDT,TrendFollowing,24,1,0.03265139722778132,2.0,0.030051397227781322
2023-07-27 21:00:00+00:00,SOLUSDT,TrendFollowing,24,1,-0.004518734754268894,2.0,-0.0077187347542688935
2023-08-08 21:00:00+00:00,SOLUSDT,TrendFollowing,24,1,0.0028420792487027224,2.0,-0.0003579207512972777
2023-08-30 04:00:00+00:00,SOLUSDT,TrendFollowing,24,1,-0.04657167888596858,2.0,-0.04977167888596858
2023-09-15 23:00:00+00:00,SOLUSDT,TrendFollowing,24,1,-0.01447457804253549,2.0,-0.017674578042535492
2023-09-29 01:00:00+00:00,SOLUSDT,TrendFollowing,24,1,0.0022267306645555873,2.0,-0.0009732693354444128
2023-10-10 22:00:00+00:00,BTCUSDT,TrendFollowing,12,-1,0.009108835825900607,2.0,0.006708835825900608
2023-11-15 04:00:00+00:00,BTCUSDT,TrendFollowing,12,-1,-0.025322002949645483,2.0,-0.027722002949645483
2023-11-28 07:00:00+00:00,BTCUSDT,TrendFollowing,12,-1,-0.0295762419379193,2.0,-0.0319762419379193
2023-12-12 05:00:00+00:00,BTCUSDT,TrendFollowing,12,-1,0.006140854958968878,2.0,0.003740854958968878
2023-12-17 04:00:00+00:00,BTCUSDT,TrendFollowing,12,-1,-0.0024083769633507224,2.0,-0.004808376963350722
2023-12-26 16:00:00+00:00,BTCUSDT,TrendFollowing,12,-1,-0.002792241204322199,2.0,-0.005192241204322198
2023-10-04 22:00:00+00:00,ETHUSDT,TrendFollowing,12,-1,0.007385291315455622,2.0,0.004785291315455622
2023-10-17 19:00:00+00:00,ETHUSDT,TrendFollowing,12,-1,-0.008545040550566707,2.0,-0.011145040550566707
2023-11-17 10:00:00+00:00,ETHUSDT,TrendFollowing,12,-1,0.0022334147334146515,2.0,-0.0003665852665853484
2023-11-28 01:00:00+00:00,ETHUSDT,TrendFollowing,12,-1,-0.002299690084683892,2.0,-0.004899690084683892
2023-11-29 22:00:00+00:00,ETHUSDT,TrendFollowing,12,-1,-0.008227592258471583,2.0,-0.010827592258471583
2023-12-12 06:00:00+00:00,ETHUSDT,TrendFollowing,12,-1,0.020295559419664766,2.0,0.017695559419664768
2023-12-16 08:00:00+00:00,ETHUSDT,TrendFollowing,12,-1,0.00621743196900193,2.0,0.00361743196900193
2023-12-26 18:00:00+00:00,ETHUSDT,TrendFollowing,12,-1,-0.008318075992857166,2.0,-0.010918075992857166
2023-10-10 01:00:00+00:00,SOLUSDT,TrendFollowing,12,-1,-0.006101170149797497,2.0,-0.009301170149797497
2023-11-21 18:00:00+00:00,SOLUSDT,TrendFollowing,12,-1,-0.02329239065308575,2.0,-0.02649239065308575
2023-11-27 11:00:00+00:00,SOLUSDT,TrendFollowing,12,-1,-0.0031258518855066253,2.0,-0.006325851885506625
2023-12-13 15:00:00+00:00,SOLUSDT,TrendFollowing,12,-1,-0.034743492993592806,2.0,-0.03794349299359281
2024-01-01 10:00:00+00:00,BTCUSDT,Momentum,24,1,0.06457403511071291,2.0,0.062174035110712914
2024-01-02 11:00:00+00:00,BTCUSDT,Momentum,24,1,-0.05916002004977272,2.0,-0.06156002004977272
2024-01-04 13:00:00+00:00,BTCUSDT,Momentum,24,1,0.0033522285513896133,2.0,0.0009522285513896135
2024-01-06 04:00:00+00:00,BTCUSDT,Momentum,24,1,0.0006658882767176522,2.0,-0.0017341117232823476
2024-01-07 13:00:00+00:00,BTCUSDT,Momentum,24,1,0.00858436753343561,2.0,0.006184367533435611
2024-01-08 14:00:00+00:00,BTCUSDT,Momentum,24,1,0.04647289192942661,2.0,0.04407289192942661
2024-01-10 22:00:00+00:00,BTCUSDT,Momentum,24,1,-0.01214517934232262,2.0,-0.01454517934232262
2024-01-15 11:00:00+00:00,BTCUSDT,Momentum,24,1,0.010775175644027968,2.0,0.008375175644027968
2024-01-16 12:00:00+00:00,BTCUSDT,Momentum,24,1,-0.01273630042562457,2.0,-0.015136300425624569
2024-01-19 19:00:00+00:00,BTCUSDT,Momentum,24,1,-0.0016691137436450898,2.0,-0.004069113743645089
2024-01-24 03:00:00+00:00,BTCUSDT,Momentum,24,1,0.008535443168994572,2.0,0.006135443168994573
2024-01-25 08:00:00+00:00,BTCUSDT,Momentum,24,1,-9.483546047617253e-05,2.0,-0.0024948354604761723
2024-01-26 10:00:00+00:00,BTCUSDT,Momentum,24,1,0.02636431585055221,2.0,0.023964315850552212
2024-01-27 20:00:00+00:00,BTCUSDT,Momentum,24,1,-0.0020570944789011225,2.0,-0.004457094478901122
2024-01-29 22:00:00+00:00,BTCUSDT,Momentum,24,1,-0.003984683221164964,2.0,-0.0063846832211649635
2024-02-02 02:00:00+00:00,BTCUSDT,Momentum,24,1,0.0021014842748601215,2.0,-0.00029851572513987833
2024-02-08 04:00:00+00:00,BTCUSDT,Momentum,24,1,0.03987956304501328,2.0,0.03747956304501328
2024-02-09 05:00:00+00:00,BTCUSDT,Momentum,24,1,0.023619901870260085,2.0,0.021219901870260086
2024-02-10 20:00:00+00:00,BTCUSDT,Momentum,24,1,0.005302468426495732,2.0,0.0029024684264957325
2024-02-14 14:00:00+00:00,BTCUSDT,Momentum,24,1,0.0005544870128744162,2.0,-0.0018455129871255836
2024-02-18 14:00:00+00:00,BTCUSDT,Momentum,24,1,0.004589824188354186,2.0,0.002189824188354186
2024-02-22 05:00:00+00:00,BTCUSDT,Momentum,24,1,-0.004460934817984152,2.0,-0.006860934817984152
2024-02-24 13:00:00+00:00,BTCUSDT,Momentum,24,1,0.011996130280554684,2.0,0.009596130280554685
2024-02-27 10:00:00+00:00,BTCUSDT,Momentum,24,1,0.04302951550027845,2.0,0.04062951550027845
2024-02-28 11:00:00+00:00,BTCUSDT,Momentum,24,1,0.06326549983558594,2.0,0.06086549983558594
2024-02-29 12:00:00+00:00,BTCUSDT,Momentum,24,1,-0.003503905627291637,2.0,-0.005903905627291636
2024-03-01 13:00:00+00:00,BTCUSDT,Momentum,24,1,-0.009923180536936305,2.0,-0.012323180536936304
2024-03-03 16:00:00+00:00,BTCUSDT,Momentum,24,1,0.06413329984197569,2.0,0.06173329984197569
2024-03-04 17:00:00+00:00,BTCUSDT,Momentum,24,1,-0.042728875343611805,2.0,-0.045128875343611805
2024-03-10 09:00:00+00:00,BTCUSDT,Momentum,24,1,0.023984836021601508,2.0,0.02158483602160151
2024-03-11 10:00:00+00:00,BTCUSDT,Momentum,24,1,0.007259102168090781,2.0,0.0048591021680907814
2024-03-14 01:00:00+00:00,BTCUSDT,Momentum,24,1,-0.053854184076916556,2.0,-0.056254184076916555
2024-03-16 03:00:00+00:00,BTCUSDT,Momentum,24,1,-0.04124908300071062,2.0,-0.04364908300071062
2024-03-18 12:00:00+00:00,BTCUSDT,Momentum,24,1,-0.07289799178523837,2.0,-0.07529799178523837
2024-03-20 14:00:00+00:00,BTCUSDT,Momentum,24,1,0.03641043357017715,2.0,0.03401043357017715
2024-03-25 00:00:00+00:00,BTCUSDT,Momentum,24,1,0.05550352975075623,2.0,0.05310352975075623
2024-03-26 01:00:00+00:00,BTCUSDT,Momentum,24,1,0.0044787578911449355,2.0,0.0020787578911449357
2024-03-28 16:00:00+00:00,BTCUSDT,Momentum,24,1,-0.018145813869010374,2.0,-0.020545813869010374
2024-03-31 11:00:00+00:00,BTCUSDT,Momentum,24,1,-0.007814873386274734,2.0,-0.010214873386274734
2024-01-01 22:00:00+00:00,ETHUSDT,Momentum,24,1,0.008627293229543254,2.0,0.006027293229543254
2024-01-06 03:00:00+00:00,ETHUSDT,Momentum,24,1,-0.0022984731571171757,2.0,-0.004898473157117176
2024-01-08 17:00:00+00:00,ETHUSDT,Momentum,24,1,-0.013430383533257317,2.0,-0.016030383533257316
2024-01-10 19:00:00+00:00,ETHUSDT,Momentum,24,1,0.04698433451974515,2.0,0.044384334519745154
2024-01-14 01:00:00+00:00,ETHUSDT,Momentum,24,1,-0.02440153779105969,2.0,-0.02700153779105969
2024-01-16 12:00:00+00:00,ETHUSDT,Momentum,24,1,-0.0014329291033789993,2.0,-0.004032929103378999
2024-01-19 18:00:00+00:00,ETHUSDT,Momentum,24,1,-0.013807828041066839,2.0,-0.016407828041066837
2024-01-24 06:00:00+00:00,ETHUSDT,Momentum,24,1,-0.002262554939762129,2.0,-0.004862554939762129
2024-01-25 08:00:00+00:00,ETHUSDT,Momentum,24,1,-0.008902490540261154,2.0,-0.011502490540261154
2024-01-26 11:00:00+00:00,ETHUSDT,Momentum,24,1,0.00423414746727846,2.0,0.0016341474672784597
2024-01-28 04:00:00+00:00,ETHUSDT,Momentum,24,1,-0.01699102901458116,2.0,-0.01959102901458116
2024-01-29 10:00:00+00:00,ETHUSDT,Momentum,24,1,0.016769599331853513,2.0,0.014169599331853513
2024-01-30 15:00:00+00:00,ETHUSDT,Momentum,24,1,0.0018244510624116916,2.0,-0.0007755489375883082
2024-02-01 21:00:00+00:00,ETHUSDT,Momentum,24,1,0.001870992667966087,2.0,-0.0007290073320339128
2024-02-03 01:00:00+00:00,ETHUSDT,Momentum,24,1,-0.009732830993669173,2.0,-0.012332830993669172
2024-02-05 07:00:00+00:00,ETHUSDT,Momentum,24,1,0.01149912977218226,2.0,0.00889912977218226
2024-02-06 08:00:00+00:00,ETHUSDT,Momentum,24,1,0.014638531010572109,2.0,0.012038531010572109
2024-02-09 05:00:00+00:00,ETHUSDT,Momentum,24,1,0.020539205094440405,2.0,0.017939205094440407
2024-02-11 03:00:00+00:00,ETHUSDT,Momentum,24,1,-0.013570490610217423,2.0,-0.01617049061021742
2024-02-14 14:00:00+00:00,ETHUSDT,Momentum,24,1,0.024701377089092258,2.0,0.02210137708909226
2024-02-15 16:00:00+00:00,ETHUSDT,Momentum,24,1,-0.01825516252322512,2.0,-0.02085516252322512
2024-02-18 01:00:00+00:00,ETHUSDT,Momentum,24,1,0.03709150268046857,2.0,0.03449150268046857
2024-02-19 02:00:00+00:00,ETHUSDT,Momentum,24,1,0.008497493395460909,2.0,0.005897493395460909
2024-02-22 12:00:00+00:00,ETHUSDT,Momentum,24,1,-0.013578633423812825,2.0,-0.016178633423812823
2024-02-24 14:00:00+00:00,ETHUSDT,Momentum,24,1,0.028297650359755844,2.0,0.025697650359755846
2024-02-25 19:00:00+00:00,ETHUSDT,Momentum,24,1,0.032367558525175255,2.0,0.029767558525175257
2024-02-26 20:00:00+00:00,ETHUSDT,Momentum,24,1,0.020996040082778222,2.0,0.018396040082778224
2024-02-28 07:00:00+00:00,ETHUSDT,Momentum,24,1,0.05361355415492186,2.0,0.05101355415492186
2024-02-29 08:00:00+00:00,ETHUSDT,Momentum,24,1,-0.014808882458980488,2.0,-0.017408882458980486
2024-03-01 09:00:00+00:00,ETHUSDT,Momentum,24,1,-0.006069117428535664,2.0,-0.008669117428535664
2024-03-03 16:00:00+00:00,ETHUSDT,Momentum,24,1,0.017695128459688902,2.0,0.015095128459688903
2024-03-04 17:00:00+00:00,ETHUSDT,Momentum,24,1,0.019408990050214125,2.0,0.016808990050214127
2024-03-06 19:00:00+00:00,ETHUSDT,Momentum,24,1,0.0202091459872189,2.0,0.017609145987218904
2024-03-07 20:00:00+00:00,ETHUSDT,Momentum,24,1,-0.0068613992271709945,2.0,-0.009461399227170994
2024-03-10 04:00:00+00:00,ETHUSDT,Momentum,24,1,-0.023830043954149782,2.0,-0.02643004395414978
2024-03-13 09:00:00+00:00,ETHUSDT,Momentum,24,1,-0.020131165816974605,2.0,-0.022731165816974604
2024-03-17 15:00:00+00:00,ETHUSDT,Momentum,24,1,-0.03453491094918659,2.0,-0.03713491094918659
2024-03-20 18:00:00+00:00,ETHUSDT,Momentum,24,1,0.012623982921012633,2.0,0.010023982921012633
2024-03-23 21:00:00+00:00,ETHUSDT,Momentum,24,1,0.015751794200153935,2.0,0.013151794200153935
2024-03-24 22:00:00+00:00,ETHUSDT,Momentum,24,1,0.043400735881329755,2.0,0.04080073588132976
2024-03-25 23:00:00+00:00,ETHUSDT,Momentum,24,1,0.007264245993531704,2.0,0.004664245993531704
2024-03-28 14:00:00+00:00,ETHUSDT,Momentum,24,1,-0.03334847368625127,2.0,-0.035948473686251266
2024-03-30 16:00:00+00:00,ETHUSDT,Momentum,24,1,0.023880698033818648,2.0,0.02128069803381865
2024-01-02 06:00:00+00:00,SOLUSDT,Momentum,24,1,-0.04361514380226861,2.0,-0.04681514380226861
2024-01-03 08:00:00+00:00,SOLUSDT,Momentum,24,1,-0.09139799824731332,2.0,-0.09459799824731331
2024-01-07 13:00:00+00:00,SOLUSDT,Momentum,24,1,-0.021311322029669455,2.0,-0.024511322029669456
2024-01-08 14:00:00+00:00,SOLUSDT,Momentum,24,1,0.060165710643722115,2.0,0.05696571064372211
2024-01-11 18:00:00+00:00,SOLUSDT,Momentum,24,1,-0.05419306154060011,2.0,-0.05739306154060011
2024-01-13 20:00:00+00:00,SOLUSDT,Momentum,24,1,0.007027966961310028,2.0,0.003827966961310028
2024-01-16 02:00:00+00:00,SOLUSDT,Momentum,24,1,0.04716971252029123,2.0,0.04396971252029123
2024-01-17 03:00:00+00:00,SOLUSDT,Momentum,24,1,0.0004700517056877018,2.0,-0.0027299482943122983
2024-01-18 04:00:00+00:00,SOLUSDT,Momentum,24,1,-0.05969910531314038,2.0,-0.06289910531314037
2024-01-21 12:00:00+00:00,SOLUSDT,Momentum,24,1,-0.0479054133868837,2.0,-0.0511054133868837
2024-01-24 15:00:00+00:00,SOLUSDT,Momentum,24,1,-0.013943490355656674,2.0,-0.017143490355656675
2024-01-26 17:00:00+00:00,SOLUSDT,Momentum,24,1,-0.0035741118385745896,2.0,-0.006774111838574589
2024-01-27 18:00:00+00:00,SOLUSDT,Momentum,24,1,0.017514945871707877,2.0,0.014314945871707877
2024-01-29 20:00:00+00:00,SOLUSDT,Momentum,24,1,0.030562637102033552,2.0,0.02736263710203355
2024-02-02 01:00:00+00:00,SOLUSDT,Momentum,24,1,0.008984252208037002,2.0,0.005784252208037003
2024-02-05 09:00:00+00:00,SOLUSDT,Momentum,24,1,-0.03413204442616191,2.0,-0.03733204442616191
2024-02-08 13:00:00+00:00,SOLUSDT,Momentum,24,1,0.014006631158713034,2.0,0.010806631158713035
2024-02-09 15:00:00+00:00,SOLUSDT,Momentum,24,1,0.026377580003787093,2.0,0.023177580003787092
2024-02-12 21:00:00+00:00,SOLUSDT,Momentum,24,1,0.01645467485018548,2.0,0.01325467485018548
2024-02-14 23:00:00+00:00,SOLUSDT,Momentum,24,1,-0.03162470535988793,2.0,-0.03482470535988793
2024-02-18 03:00:00+00:00,SOLUSDT,Momentum,24,1,0.03333609981464569,2.0,0.03013609981464569
2024-02-22 08:00:00+00:00,SOLUSDT,Momentum,24,1,-0.031869045818841646,2.0,-0.03506904581884165
2024-02-24 10:00:00+00:00,SOLUSDT,Momentum,24,1,0.005168337339038986,2.0,0.0019683373390389862
2024-02-28 15:00:00+00:00,SOLUSDT,Momentum,24,1,0.1564968456767215,2.0,0.1532968456767215
2024-02-29 16:00:00+00:00,SOLUSDT,Momentum,24,1,0.009297883719153521,2.0,0.006097883719153522
2024-03-02 19:00:00+00:00,SOLUSDT,Momentum,24,1,-0.007002522742909578,2.0,-0.010202522742909578
2024-03-03 20:00:00+00:00,SOLUSDT,Momentum,24,1,0.0056123116719146715,2.0,0.0024123116719146714
2024-03-07 00:00:00+00:00,SOLUSDT,Momentum,24,1,0.07472232321058914,2.0,0.07152232321058914
2024-03-10 06:00:00+00:00,SOLUSDT,Momentum,24,1,0.0056852488822853875,2.0,0.0024852488822853873
2024-03-11 07:00:00+00:00,SOLUSDT,Momentum,24,1,0.012505058680696068,2.0,0.009305058680696069
2024-03-12 08:00:00+00:00,SOLUSDT,Momentum,24,1,0.013922752041781505,2.0,0.010722752041781506
2024-03-13 09:00:00+00:00,SOLUSDT,Momentum,24,1,0.1399109090431263,2.0,0.1367109090431263
2024-03-14 10:00:00+00:00,SOLUSDT,Momentum,24,1,-0.019435270520291148,2.0,-0.02263527052029115
2024-03-16 12:00:00+00:00,SOLUSDT,Momentum,24,1,0.011547960401012913,2.0,0.008347960401012914
2024-03-17 13:00:00+00:00,SOLUSDT,Momentum,24,1,0.045098820158174346,2.0,0.041898820158174345
2024-03-20 18:00:00+00:00,SOLUSDT,Momentum,24,1,-0.03226227156388051,2.0,-0.03546227156388051
2024-03-25 00:00:00+00:00,SOLUSDT,Momentum,24,1,0.04770850434389784,2.0,0.04450850434389784
2024-03-26 06:00:00+00:00,SOLUSDT,Momentum,24,1,-0.04446954441843587,2.0,-0.04766954441843587
2024-03-28 09:00:00+00:00,SOLUSDT,Momentum,24,1,-0.009969680661164104,2.0,-0.013169680661164104
2024-03-30 11:00:00+00:00,SOLUSDT,Momentum,24,1,-0.007218119551052116,2.0,-0.010418119551052115
2024-03-31 18:00:00+00:00,SOLUSDT,Momentum,24,1,-0.026105125365018633,2.0,-0.029305125365018635
2024-04-08 13:00:00+00:00,BTCUSDT,VolatilityExpansion,24,1,-0.03581925361276095,2.0,-0.03821925361276095
2024-04-29 14:00:00+00:00,BTCUSDT,VolatilityExpansion,24,1,-0.03256010189460279,2.0,-0.03496010189460279
2024-05-13 08:00:00+00:00,BTCUSDT,VolatilityExpansion,24,1,-0.015647958386853178,2.0,-0.018047958386853177
2024-05-15 19:00:00+00:00,BTCUSDT,VolatilityExpansion,24,1,-0.010788422003772058,2.0,-0.013188422003772057
2024-05-20 17:00:00+00:00,BTCUSDT,VolatilityExpansion,24,1,0.023301988737030266,2.0,0.020901988737030266
2024-05-27 16:00:00+00:00,BTCUSDT,VolatilityExpansion,24,1,-0.03435253642587821,2.0,-0.03675253642587821
2024-06-03 22:00:00+00:00,BTCUSDT,VolatilityExpansion,24,1,0.021591210089117796,2.0,0.019191210089117797
2024-06-10 15:00:00+00:00,BTCUSDT,VolatilityExpansion,24,1,-0.05113645280628443,2.0,-0.053536452806284426
2024-04-08 08:00:00+00:00,ETHUSDT,VolatilityExpansion,24,1,0.008563764502030002,2.0,0.0059637645020300025
2024-05-13 08:00:00+00:00,ETHUSDT,VolatilityExpansion,24,1,-0.020465228963581716,2.0,-0.023065228963581715
2024-05-20 08:00:00+00:00,ETHUSDT,VolatilityExpansion,24,1,0.18961447424930822,2.0,0.18701447424930823
2024-05-21 09:00:00+00:00,ETHUSDT,VolatilityExpansion,24,1,0.015893007890857902,2.0,0.013293007890857902
2024-05-27 03:00:00+00:00,ETHUSDT,VolatilityExpansion,24,1,-0.02123195296745095,2.0,-0.02383195296745095
2024-05-06 12:00:00+00:00,SOLUSDT,VolatilityExpansion,24,1,0.015058605390371405,2.0,0.011858605390371405
2024-05-13 08:00:00+00:00,SOLUSDT,VolatilityExpansion,24,1,0.011201516598170702,2.0,0.008001516598170702
2024-05-21 01:00:00+00:00,SOLUSDT,VolatilityExpansion,24,1,-0.03857016101108024,2.0,-0.04177016101108024
2024-05-23 21:00:00+00:00,SOLUSDT,VolatilityExpansion,24,1,-0.06586134101799423,2.0,-0.06906134101799423
2024-06-03 01:00:00+00:00,SOLUSDT,VolatilityExpansion,24,1,0.00986732246409816,2.0,0.006667322464098161
2024-06-25 03:00:00+00:00,SOLUSDT,VolatilityExpansion,24,1,0.008466645543036888,2.0,0.005266645543036888
2024-07-01 22:00:00+00:00,BTCUSDT,Pullback,24,1,-0.013309699880562076,2.0,-0.015709699880562075
2024-07-16 05:00:00+00:00,BTCUSDT,Pullback,24,1,0.029992818067667182,2.0,0.027592818067667182
2024-07-17 11:00:00+00:00,BTCUSDT,Pullback,24,1,0.0017202499540183158,2.0,-0.000679750045981684
2024-07-18 13:00:00+00:00,BTCUSDT,Pullback,24,1,0.01753801788183984,2.0,0.015138017881839841
2024-07-21 06:00:00+00:00,BTCUSDT,Pullback,24,1,0.007801769380716861,2.0,0.0054017693807168615
2024-07-22 07:00:00+00:00,BTCUSDT,Pullback,24,1,-0.0052224060562056085,2.0,-0.007622406056205608
2024-07-27 19:00:00+00:00,BTCUSDT,Pullback,24,1,-0.003275213204064653,2.0,-0.0056752132040646525
2024-08-10 01:00:00+00:00,BTCUSDT,Pullback,24,1,0.009420833064426537,2.0,0.007020833064426538
2024-08-11 11:00:00+00:00,BTCUSDT,Pullback,24,1,-0.01546072974644408,2.0,-0.01786072974644408
2024-08-18 17:00:00+00:00,BTCUSDT,Pullback,24,1,-0.00876348179484987,2.0,-0.01116348179484987
2024-08-22 02:00:00+00:00,BTCUSDT,Pullback,24,1,0.006989809575906225,2.0,0.004589809575906226
2024-08-23 11:00:00+00:00,BTCUSDT,Pullback,24,1,0.05518521629844142,2.0,0.05278521629844142
2024-08-24 21:00:00+00:00,BTCUSDT,Pullback,24,1,0.013536402968666872,2.0,0.011136402968666873
2024-08-26 00:00:00+00:00,BTCUSDT,Pullback,24,1,-0.017261320376287137,2.0,-0.019661320376287136
2024-09-11 01:00:00+00:00,BTCUSDT,Pullback,24,1,0.02142377162086606,2.0,0.019023771620866062
2024-09-12 12:00:00+00:00,BTCUSDT,Pullback,24,1,0.006090264940397994,2.0,0.003690264940397994
2024-09-14 11:00:00+00:00,BTCUSDT,Pullback,24,1,0.006749318449533526,2.0,0.004349318449533526
2024-09-15 16:00:00+00:00,BTCUSDT,Pullback,24,1,-0.029623609437633758,2.0,-0.03202360943763376
2024-09-18 09:00:00+00:00,BTCUSDT,Pullback,24,1,0.044506529245351034,2.0,0.042106529245351035
2024-09-20 13:00:00+00:00,BTCUSDT,Pullback,24,1,0.007342992400727111,2.0,0.0049429924007271114
2024-09-21 21:00:00+00:00,BTCUSDT,Pullback,24,1,0.012492726185889369,2.0,0.01009272618588937
2024-09-23 11:00:00+00:00,BTCUSDT,Pullback,24,1,0.00017665921648468697,2.0,-0.002223340783515313
2024-09-25 06:00:00+00:00,BTCUSDT,Pullback,24,1,0.0007353805868932639,2.0,-0.0016646194131067359
2024-09-28 06:00:00+00:00,BTCUSDT,Pullback,24,1,-0.005196210931502132,2.0,-0.0075962109315021314
2024-09-29 08:00:00+00:00,BTCUSDT,Pullback,24,1,-0.0308216303815394,2.0,-0.0332216303815394
2024-07-01 13:00:00+00:00,ETHUSDT,Pullback,24,1,-0.014702992045875107,2.0,-0.017302992045875105
2024-07-14 13:00:00+00:00,ETHUSDT,Pullback,24,1,0.05894921400000608,2.0,0.05634921400000608
2024-07-16 06:00:00+00:00,ETHUSDT,Pullback,24,1,0.025377469256596674,2.0,0.022777469256596676
2024-07-17 11:00:00+00:00,ETHUSDT,Pullback,24,1,0.006470192452698864,2.0,0.0038701924526988642
2024-07-18 14:00:00+00:00,ETHUSDT,Pullback,24,1,0.00977533920689444,2.0,0.00717533920689444
2024-07-20 09:00:00+00:00,ETHUSDT,Pullback,24,1,0.003055574700760566,2.0,0.00045557470076056615
2024-07-21 10:00:00+00:00,ETHUSDT,Pullback,24,1,0.0016576910854011473,2.0,-0.0009423089145988526
2024-07-22 11:00:00+00:00,ETHUSDT,Pullback,24,1,0.00169495885508808,2.0,-0.0009050411449119198
2024-08-23 14:00:00+00:00,ETHUSDT,Pullback,24,1,0.04198853725392482,2.0,0.03938853725392482
2024-08-24 21:00:00+00:00,ETHUSDT,Pullback,24,1,0.01164145629613933,2.0,0.00904145629613933
2024-08-26 00:00:00+00:00,ETHUSDT,Pullback,24,1,-0.026739094889450143,2.0,-0.02933909488945014
2024-09-14 17:00:00+00:00,ETHUSDT,Pullback,24,1,-0.014075578022706647,2.0,-0.016675578022706646
2024-09-21 04:00:00+00:00,ETHUSDT,Pullback,24,1,0.017571456731716895,2.0,0.014971456731716895
2024-09-22 09:00:00+00:00,ETHUSDT,Pullback,24,1,0.026964767020224434,2.0,0.024364767020224436
2024-09-23 22:00:00+00:00,ETHUSDT,Pullback,24,1,0.0024835281976842705,2.0,-0.00011647180231572941
2024-09-25 00:00:00+00:00,ETHUSDT,Pullback,24,1,-0.019626356042422577,2.0,-0.022226356042422575
2024-09-27 01:00:00+00:00,ETHUSDT,Pullback,24,1,0.028243443010195657,2.0,0.02564344301019566
2024-09-28 05:00:00+00:00,ETHUSDT,Pullback,24,1,-0.012244593586875574,2.0,-0.014844593586875574
2024-07-01 11:00:00+00:00,SOLUSDT,Pullback,24,1,0.02948784627176182,2.0,0.026287846271761818
2024-07-02 14:00:00+00:00,SOLUSDT,Pullback,24,1,-0.044397962281974346,2.0,-0.04759796228197435
2024-07-10 01:00:00+00:00,SOLUSDT,Pullback,24,1,0.010585935828113957,2.0,0.007385935828113957
2024-07-11 02:00:00+00:00,SOLUSDT,Pullback,24,1,-0.036923837086186184,2.0,-0.040123837086186186
2024-07-16 06:00:00+00:00,SOLUSDT,Pullback,24,1,0.042198832535760955,2.0,0.038998832535760954
2024-07-17 14:00:00+00:00,SOLUSDT,Pullback,24,1,-0.024869444773735427,2.0,-0.02806944477373543
2024-07-20 11:00:00+00:00,SOLUSDT,Pullback,24,1,0.027896344185880162,2.0,0.02469634418588016
2024-07-22 07:00:00+00:00,SOLUSDT,Pullback,24,1,-0.006001491959683358,2.0,-0.009201491959683358
2024-07-23 08:00:00+00:00,SOLUSDT,Pullback,24,1,-0.005067176769985138,2.0,-0.008267176769985137
2024-07-24 22:00:00+00:00,SOLUSDT,Pullback,24,1,-0.03126304271807423,2.0,-0.03446304271807423
2024-07-27 15:00:00+00:00,SOLUSDT,Pullback,24,1,0.0063482665614102984,2.0,0.0031482665614102983
2024-07-28 16:00:00+00:00,SOLUSDT,Pullback,24,1,0.016124639102249816,2.0,0.012924639102249816
2024-07-29 19:00:00+00:00,SOLUSDT,Pullback,24,1,-0.038428387110590045,2.0,-0.04162838711059005
2024-08-09 04:00:00+00:00,SOLUSDT,Pullback,24,1,-0.013197618147205659,2.0,-0.01639761814720566
2024-08-10 06:00:00+00:00,SOLUSDT,Pullback,24,1,0.01368878878490154,2.0,0.01048878878490154
2024-08-11 10:00:00+00:00,SOLUSDT,Pullback,24,1,-0.0317538112312018,2.0,-0.0349538112312018
2024-08-25 06:00:00+00:00,SOLUSDT,Pullback,24,1,0.008362921633274123,2.0,0.005162921633274123
2024-08-26 07:00:00+00:00,SOLUSDT,Pullback,24,1,-0.013575201207243426,2.0,-0.016775201207243427
2024-09-11 01:00:00+00:00,SOLUSDT,Pullback,24,1,0.015060037650094227,2.0,0.011860037650094227
2024-09-12 15:00:00+00:00,SOLUSDT,Pullback,24,1,0.02163328289562405,2.0,0.01843328289562405
2024-09-14 07:00:00+00:00,SOLUSDT,Pullback,24,1,-0.005558829735373361,2.0,-0.00875882973537336
2024-09-20 17:00:00+00:00,SOLUSDT,Pullback,24,1,0.012989328724658966,2.0,0.009789328724658966
2024-09-21 19:00:00+00:00,SOLUSDT,Pullback,24,1,-0.019930893563869234,2.0,-0.023130893563869236
2024-09-24 14:00:00+00:00,SOLUSDT,Pullback,24,1,0.03227689054282323,2.0,0.029076890542823232
2024-09-25 17:00:00+00:00,SOLUSDT,Pullback,24,1,0.04861445783132523,2.0,0.04541445783132523
2024-09-28 05:00:00+00:00,SOLUSDT,Pullback,24,1,-0.013802250242729297,2.0,-0.0170022502427293
2024-09-30 01:00:00+00:00,SOLUSDT,Pullback,24,1,-0.021377823291077958,2.0,-0.02457782329107796
2024-10-01 13:00:00+00:00,BTCUSDT,TrendFollowing,24,-1,0.02845052984695795,2.0,0.02605052984695795
2024-10-09 01:00:00+00:00,BTCUSDT,TrendFollowing,24,-1,0.02453901186714824,2.0,0.022139011867148242
2024-10-23 23:00:00+00:00,BTCUSDT,TrendFollowing,24,-1,-0.019729231341704567,2.0,-0.022129231341704567
2024-11-03 04:00:00+00:00,BTCUSDT,TrendFollowing,24,-1,-0.0033697723690329084,2.0,-0.005769772369032908
2024-11-26 20:00:00+00:00,BTCUSDT,TrendFollowing,24,-1,-0.0570441221980551,2.0,-0.0594441221980551
2024-12-03 18:00:00+00:00,BTCUSDT,TrendFollowing,24,-1,-0.018160467701118455,2.0,-0.020560467701118454
2024-12-10 12:00:00+00:00,BTCUSDT,TrendFollowing,24,-1,-0.0157990643002881,2.0,-0.0181990643002881
2024-12-19 19:00:00+00:00,BTCUSDT,TrendFollowing,24,-1,0.00767297642741438,2.0,0.00527297642741438
2024-10-01 17:00:00+00:00,ETHUSDT,TrendFollowing,24,-1,0.046440889059206625,2.0,0.04384088905920663
2024-10-23 16:00:00+00:00,ETHUSDT,TrendFollowing,24,-1,-0.011900509333772291,2.0,-0.014500509333772291
2024-11-01 08:00:00+00:00,ETHUSDT,TrendFollowing,24,-1,0.0016233117158325205,2.0,-0.0009766882841674793
2024-11-21 02:00:00+00:00,ETHUSDT,TrendFollowing,24,-1,-0.10167933938353357,2.0,-0.10427933938353358
2024-12-10 14:00:00+00:00,ETHUSDT,TrendFollowing,24,-1,-0.031435388713657586,2.0,-0.034035388713657584
2024-12-18 21:00:00+00:00,ETHUSDT,TrendFollowing,24,-1,0.06278974620197098,2.0,0.06018974620197098
2024-10-02 01:00:00+00:00,SOLUSDT,TrendFollowing,24,-1,0.028447662323442313,2.0,0.02524766232344231
2024-11-01 06:00:00+00:00,SOLUSDT,TrendFollowing,24,-1,-0.012571014142390924,2.0,-0.015771014142390925
2024-11-26 12:00:00+00:00,SOLUSDT,TrendFollowing,24,-1,-0.0444366382717134,2.0,-0.047636638271713404
2024-12-01 02:00:00+00:00,SOLUSDT,TrendFollowing,24,-1,0.02599394894958873,2.0,0.02279394894958873
2024-12-09 06:00:00+00:00,SOLUSDT,TrendFollowing,24,-1,0.05779319314979414,2.0,0.05459319314979414
2025-01-08 16:00:00+00:00,BTCUSDT,TrendFollowing,24,-1,0.022032025280783185,2.0,0.019632025280783186
2025-01-27 08:00:00+00:00,BTCUSDT,TrendFollowing,24,-1,-0.03978817356271103,2.0,-0.042188173562711026
2025-02-01 10:00:00+00:00,BTCUSDT,TrendFollowing,24,-1,0.02742095031865932,2.0,0.02502095031865932
2025-02-16 18:00:00+00:00,BTCUSDT,TrendFollowing,24,-1,0.013816165884872889,2.0,0.01141616588487289
2025-02-22 19:00:00+00:00,BTCUSDT,TrendFollowing,24,-1,0.008920613065690808,2.0,0.0065206130656908085
2025-03-07 22:00:00+00:00,BTCUSDT,TrendFollowing,24,-1,0.005943483275663186,2.0,0.0035434832756631863
2025-03-28 20:00:00+00:00,BTCUSDT,TrendFollowing,24,-1,0.015428086423069143,2.0,0.013028086423069143
2025-01-08 06:00:00+00:00,ETHUSDT,TrendFollowing,24,-1,0.005874332221755374,2.0,0.003274332221755374
2025-01-19 10:00:00+00:00,ETHUSDT,TrendFollowing,24,-1,-0.06346776048213565,2.0,-0.06606776048213565
2025-01-27 01:00:00+00:00,ETHUSDT,TrendFollowing,24,-1,0.0006512842511326999,2.0,-0.0019487157488673
2025-02-02 01:00:00+00:00,ETHUSDT,TrendFollowing,24,-1,0.21151081876076872,2.0,0.20891081876076872
2025-02-22 08:00:00+00:00,ETHUSDT,TrendFollowing,24,-1,-0.04355973986859585,2.0,-0.046159739868595846
2025-02-24 20:00:00+00:00,ETHUSDT,TrendFollowing,24,-1,0.0486876923601095,2.0,0.046087692360109504
2025-03-28 06:00:00+00:00,ETHUSDT,TrendFollowing,24,-1,0.018257135693092064,2.0,0.015657135693092065
2025-01-08 09:00:00+00:00,SOLUSDT,TrendFollowing,24,-1,0.023181005871840688,2.0,0.019981005871840686
2025-01-27 10:00:00+00:00,SOLUSDT,TrendFollowing,24,-1,-0.07308281517527249,2.0,-0.07628281517527248
2025-03-04 04:00:00+00:00,SOLUSDT,TrendFollowing,24,-1,-0.043618739903069415,2.0,-0.046818739903069416
2025-03-28 17:00:00+00:00,SOLUSDT,TrendFollowing,24,-1,0.03976923076923078,2.0,0.03656923076923078
2025-04-02 20:00:00+00:00,BTCUSDT,VolatilityExpansion,24,1,-0.034373861289930696,2.0,-0.036773861289930695
2025-04-07 22:00:00+00:00,BTCUSDT,VolatilityExpansion,24,1,-0.045315598821313974,2.0,-0.04771559882131397
2025-04-14 02:00:00+00:00,BTCUSDT,VolatilityExpansion,24,1,0.0031073894520345924,2.0,0.0007073894520345926
2025-04-21 00:00:00+00:00,BTCUSDT,VolatilityExpansion,24,1,0.020210185000213654,2.0,0.017810185000213655
2025-04-22 01:00:00+00:00,BTCUSDT,VolatilityExpansion,24,1,0.05070622444117201,2.0,0.04830622444117201
2025-04-23 02:00:00+00:00,BTCUSDT,VolatilityExpansion,24,1,-0.0021232360228374825,2.0,-0.004523236022837482
2025-05-09 00:00:00+00:00,BTCUSDT,VolatilityExpansion,24,1,0.0013005963093026818,2.0,-0.001099403690697318
2025-05-21 19:00:00+00:00,BTCUSDT,VolatilityExpansion,24,1,0.02281956605052926,2.0,0.02041956605052926
2025-06-09 13:00:00+00:00,BTCUSDT,VolatilityExpansion,24,1,0.015033046339662182,2.0,0.012633046339662182
2025-06-23 02:00:00+00:00,BTCUSDT,VolatilityExpansion,24,1,0.03584720784505846,2.0,0.03344720784505846
2025-06-29 23:00:00+00:00,BTCUSDT,VolatilityExpansion,24,1,-0.009066584925833121,2.0,-0.01146658492583312
2025-04-14 00:00:00+00:00,ETHUSDT,VolatilityExpansion,24,1,0.013940612741446978,2.0,0.011340612741446978
2025-04-23 03:00:00+00:00,ETHUSDT,VolatilityExpansion,24,1,-0.012855877091796586,2.0,-0.015455877091796586
2025-05-08 15:00:00+00:00,ETHUSDT,VolatilityExpansion,24,1,0.1205231741573034,2.0,0.1179231741573034
2025-05-09 16:00:00+00:00,ETHUSDT,VolatilityExpansion,24,1,0.07054415048026086,2.0,0.06794415048026085
2025-06-09 21:00:00+00:00,ETHUSDT,VolatilityExpansion,24,1,0.060652846839073904,2.0,0.058052846839073906
2025-06-10 22:00:00+00:00,ETHUSDT,VolatilityExpansion,24,1,-0.011602434656029947,2.0,-0.014202434656029947
2025-06-29 22:00:00+00:00,ETHUSDT,VolatilityExpansion,24,1,-0.006677329068372595,2.0,-0.009277329068372595
2025-04-02 20:00:00+00:00,SOLUSDT,VolatilityExpansion,24,1,-0.08489017431407808,2.0,-0.08809017431407808
2025-05-08 20:00:00+00:00,SOLUSDT,VolatilityExpansion,24,1,0.06025428413488121,2.0,0.05705428413488121
2025-05-09 21:00:00+00:00,SOLUSDT,VolatilityExpansion,24,1,0.013382770407276423,2.0,0.010182770407276423
2025-06-09 17:00:00+00:00,SOLUSDT,VolatilityExpansion,24,1,0.04935663529863632,2.0,0.04615663529863632
2025-06-10 18:00:00+00:00,SOLUSDT,VolatilityExpansion,24,1,-0.008297236288206888,2.0,-0.011497236288206888
2025-06-15 22:00:00+00:00,SOLUSDT,VolatilityExpansion,24,1,-0.00881520952568915,2.0,-0.012015209525689149
2025-06-30 16:00:00+00:00,SOLUSDT,VolatilityExpansion,24,1,-0.05822768681913737,2.0,-0.06142768681913737
2025-07-02 16:00:00+00:00,BTCUSDT,RangeTrading,24,-1,-0.001259977872667184,2.0,-0.0036599778726671838
2025-07-09 12:00:00+00:00,BTCUSDT,RangeTrading,24,-1,-0.01339047971114482,2.0,-0.01579047971114482
2025-07-10 16:00:00+00:00,BTCUSDT,RangeTrading,24,-1,-0.0446612857959936,2.0,-0.0470612857959936
2025-07-14 02:00:00+00:00,BTCUSDT,RangeTrading,24,-1,0.02020624210040589,2.0,0.017806242100405892
2025-07-16 09:00:00+00:00,BTCUSDT,RangeTrading,24,-1,0.0071961399090015865,2.0,0.004796139909001587
2025-07-17 17:00:00+00:00,BTCUSDT,RangeTrading,24,-1,0.016414351048254394,2.0,0.014014351048254395
2025-07-20 13:00:00+00:00,BTCUSDT,RangeTrading,24,-1,-0.0035107667173233104,2.0,-0.00591076671732331
2025-07-27 14:00:00+00:00,BTCUSDT,RangeTrading,24,-1,0.002212561267679325,2.0,-0.00018743873232067486
2025-07-30 14:00:00+00:00,BTCUSDT,RangeTrading,24,-1,0.003531392401650124,2.0,0.0011313924016501243
2025-08-04 00:00:00+00:00,BTCUSDT,RangeTrading,24,-1,0.0016403048320210445,2.0,-0.0007596951679789553
2025-08-06 14:00:00+00:00,BTCUSDT,RangeTrading,24,-1,-0.012957845315287209,2.0,-0.015357845315287208
2025-08-09 09:00:00+00:00,BTCUSDT,RangeTrading,24,-1,-0.004323535645972321,2.0,-0.00672353564597232
2025-08-10 22:00:00+00:00,BTCUSDT,RangeTrading,24,-1,0.003400346250673092,2.0,0.0010003462506730921
2025-08-12 14:00:00+00:00,BTCUSDT,RangeTrading,24,-1,-0.012379112519040225,2.0,-0.014779112519040224
2025-08-13 19:00:00+00:00,BTCUSDT,RangeTrading,24,-1,0.040000000000000036,2.0,0.037600000000000036
2025-08-17 04:00:00+00:00,BTCUSDT,RangeTrading,24,-1,0.020194283341876784,2.0,0.017794283341876785
2025-08-22 17:00:00+00:00,BTCUSDT,RangeTrading,24,-1,0.01591224626579857,2.0,0.01351224626579857
2025-08-26 21:00:00+00:00,BTCUSDT,RangeTrading,24,-1,0.0015708735653001682,2.0,-0.0008291264346998316
2025-08-28 04:00:00+00:00,BTCUSDT,RangeTrading,24,-1,0.014746159383907553,2.0,0.012346159383907554
2025-08-31 00:00:00+00:00,BTCUSDT,RangeTrading,24,-1,0.011248409775388435,2.0,0.008848409775388436
2025-09-02 03:00:00+00:00,BTCUSDT,RangeTrading,24,-1,-0.006172134269082141,2.0,-0.00857213426908214
2025-09-03 14:00:00+00:00,BTCUSDT,RangeTrading,24,-1,0.024604130870306107,2.0,0.022204130870306107
2025-09-08 08:00:00+00:00,BTCUSDT,RangeTrading,24,-1,-0.011543353636689346,2.0,-0.013943353636689346
2025-09-11 13:00:00+00:00,BTCUSDT,RangeTrading,24,-1,-0.005545557531886569,2.0,-0.007945557531886568
2025-09-12 18:00:00+00:00,BTCUSDT,RangeTrading,24,-1,0.005776305380596258,2.0,0.0033763053805962585
2025-09-16 05:00:00+00:00,BTCUSDT,RangeTrading,24,-1,-0.011106777619394492,2.0,-0.013506777619394492
2025-09-24 14:00:00+00:00,BTCUSDT,RangeTrading,24,-1,0.018688645165604312,2.0,0.016288645165604312
2025-09-28 14:00:00+00:00,BTCUSDT,RangeTrading,24,-1,-0.03598139182449733,2.0,-0.03838139182449733
2025-09-29 15:00:00+00:00,BTCUSDT,RangeTrading,24,-1,0.008381391096420221,2.0,0.005981391096420222
2025-07-02 15:00:00+00:00,ETHUSDT,RangeTrading,24,-1,-0.02915046862551196,2.0,-0.03175046862551196
2025-07-06 21:00:00+00:00,ETHUSDT,RangeTrading,24,-1,0.019947039836094027,2.0,0.01734703983609403
2025-07-08 10:00:00+00:00,ETHUSDT,RangeTrading,24,-1,-0.02338837014366768,2.0,-0.02598837014366768
2025-07-09 12:00:00+00:00,ETHUSDT,RangeTrading,24,-1,-0.046716810831139544,2.0,-0.04931681083113954
2025-07-10 16:00:00+00:00,ETHUSDT,RangeTrading,24,-1,-0.06609238398563577,2.0,-0.06869238398563578
2025-07-14 03:00:00+00:00,ETHUSDT,RangeTrading,24,-1,0.022764024147254758,2.0,0.02016402414725476
2025-07-15 13:00:00+00:00,ETHUSDT,RangeTrading,24,-1,-0.06561810570622151,2.0,-0.06821810570622151
2025-07-16 14:00:00+00:00,ETHUSDT,RangeTrading,24,-1,-0.05209938751841903,2.0,-0.054699387518419025
2025-07-18 00:00:00+00:00,ETHUSDT,RangeTrading,24,-1,-0.0021230462179528953,2.0,-0.004723046217952895
2025-07-20 01:00:00+00:00,ETHUSDT,RangeTrading,24,-1,-0.03847530471986316,2.0,-0.041075304719863155
2025-07-21 14:00:00+00:00,ETHUSDT,RangeTrading,24,-1,0.031969629112724385,2.0,0.029369629112724387
2025-07-24 14:00:00+00:00,ETHUSDT,RangeTrading,24,-1,0.027309393981595598,2.0,0.0247093939815956
2025-07-27 02:00:00+00:00,ETHUSDT,RangeTrading,24,-1,-0.025046911753045853,2.0,-0.02764691175304585
2025-07-28 05:00:00+00:00,ETHUSDT,RangeTrading,24,-1,0.02579980148125527,2.0,0.02319980148125527
2025-07-29 07:00:00+00:00,ETHUSDT,RangeTrading,24,-1,0.016395979940978633,2.0,0.013795979940978633
2025-08-04 00:00:00+00:00,ETHUSDT,RangeTrading,24,-1,-0.038065300755380393,2.0,-0.04066530075538039
2025-08-06 15:00:00+00:00,ETHUSDT,RangeTrading,24,-1,-0.04109581560942055,2.0,-0.04369581560942055
2025-08-08 13:00:00+00:00,ETHUSDT,RangeTrading,24,-1,-0.04914802422641995,2.0,-0.05174802422641995
2025-08-10 00:00:00+00:00,ETHUSDT,RangeTrading,24,-1,0.001717160466324974,2.0,-0.0008828395336750259
2025-08-11 01:00:00+00:00,ETHUSDT,RangeTrading,24,-1,0.0027916988219542915,2.0,0.00019169882195429165
2025-08-12 12:00:00+00:00,ETHUSDT,RangeTrading,24,-1,-0.06018043460494171,2.0,-0.06278043460494172
2025-08-17 03:00:00+00:00,ETHUSDT,RangeTrading,24,-1,0.02593900827783313,2.0,0.023339008277833133
2025-08-20 17:00:00+00:00,ETHUSDT,RangeTrading,24,-1,0.019033755896226467,2.0,0.01643375589622647
2025-08-22 07:00:00+00:00,ETHUSDT,RangeTrading,24,-1,-0.09056171983356465,2.0,-0.09316171983356465
2025-08-23 22:00:00+00:00,ETHUSDT,RangeTrading,24,-1,0.0005020164326713372,2.0,-0.0020979835673286627
2025-08-26 14:00:00+00:00,ETHUSDT,RangeTrading,24,-1,-0.023075350910157777,2.0,-0.025675350910157775
2025-08-27 15:00:00+00:00,ETHUSDT,RangeTrading,24,-1,0.04127974291722791,2.0,0.038679742917227915
2025-08-31 00:00:00+00:00,ETHUSDT,RangeTrading,24,-1,0.01139654095163023,2.0,0.00879654095163023
2025-09-03 10:00:00+00:00,ETHUSDT,RangeTrading,24,-1,-0.007961808948624638,2.0,-0.010561808948624638
2025-09-08 09:00:00+00:00,ETHUSDT,RangeTrading,24,-1,-0.006725803089607796,2.0,-0.009325803089607796
2025-09-10 12:00:00+00:00,ETHUSDT,RangeTrading,24,-1,-0.015219933764679228,2.0,-0.017819933764679226
2025-09-11 22:00:00+00:00,ETHUSDT,RangeTrading,24,-1,-0.05828767323318429,2.0,-0.06088767323318429
2025-09-12 23:00:00+00:00,ETHUSDT,RangeTrading,24,-1,0.009034520529334511,2.0,0.006434520529334511
2025-09-20 15:00:00+00:00,ETHUSDT,RangeTrading,24,-1,0.004823902000729352,2.0,0.002223902000729352
2025-09-21 18:00:00+00:00,ETHUSDT,RangeTrading,24,-1,0.08050239473935938,2.0,0.07790239473935938
2025-09-26 16:00:00+00:00,ETHUSDT,RangeTrading,24,-1,-0.0029285440271993313,2.0,-0.005528544027199331
2025-09-29 14:00:00+00:00,ETHUSDT,RangeTrading,24,-1,0.01623722545782913,2.0,0.01363722545782913
2025-07-02 15:00:00+00:00,SOLUSDT,RangeTrading,24,-1,0.004364213449712384,2.0,0.001164213449712384
2025-07-09 05:00:00+00:00,SOLUSDT,RangeTrading,24,-1,-0.028030055537406007,2.0,-0.031230055537406008
2025-07-10 17:00:00+00:00,SOLUSDT,RangeTrading,24,-1,-0.021698582442178704,2.0,-0.024898582442178706
2025-07-15 23:00:00+00:00,SOLUSDT,RangeTrading,24,-1,-0.05500335386304034,2.0,-0.05820335386304034
2025-07-18 00:00:00+00:00,SOLUSDT,RangeTrading,24,-1,0.017689269622295223,2.0,0.014489269622295223
2025-07-20 08:00:00+00:00,SOLUSDT,RangeTrading,24,-1,-0.060933089822347686,2.0,-0.06413308982234768
2025-07-22 01:00:00+00:00,SOLUSDT,RangeTrading,24,-1,-0.0012862372613040574,2.0,-0.004486237261304057
2025-07-27 22:00:00+00:00,SOLUSDT,RangeTrading,24,-1,0.03086942708884899,2.0,0.027669427088848987
2025-08-04 00:00:00+00:00,SOLUSDT,RangeTrading,24,-1,-0.02274662449823639,2.0,-0.02594662449823639
2025-08-05 10:00:00+00:00,SOLUSDT,RangeTrading,24,-1,0.04018248815581682,2.0,0.03698248815581682
2025-08-06 14:00:00+00:00,SOLUSDT,RangeTrading,24,-1,-0.015375446960667283,2.0,-0.018575446960667284
2025-08-07 22:00:00+00:00,SOLUSDT,RangeTrading,24,-1,-0.009598902982516089,2.0,-0.012798902982516088
2025-08-09 05:00:00+00:00,SOLUSDT,RangeTrading,24,-1,-0.0011615686708335016,2.0,-0.004361568670833501
2025-08-11 02:00:00+00:00,SOLUSDT,RangeTrading,24,-1,0.0524354681931094,2.0,0.0492354681931094
2025-08-12 14:00:00+00:00,SOLUSDT,RangeTrading,24,-1,-0.10022284122562675,2.0,-0.10342284122562674
2025-08-14 02:00:00+00:00,SOLUSDT,RangeTrading,24,-1,0.058945540494910964,2.0,0.05574554049491096
2025-08-17 02:00:00+00:00,SOLUSDT,RangeTrading,24,-1,0.04648490546328221,2.0,0.04328490546328221
2025-08-20 17:00:00+00:00,SOLUSDT,RangeTrading,24,-1,0.01626323751891079,2.0,0.01306323751891079
2025-08-24 01:00:00+00:00,SOLUSDT,RangeTrading,24,-1,-0.02122550902804443,2.0,-0.024425509028044433
2025-08-25 02:00:00+00:00,SOLUSDT,RangeTrading,24,-1,0.12145577655522632,2.0,0.11825577655522633
2025-08-26 14:00:00+00:00,SOLUSDT,RangeTrading,24,-1,-0.08980722010344278,2.0,-0.09300722010344277
2025-08-28 04:00:00+00:00,SOLUSDT,RangeTrading,24,-1,-0.01750000000000007,2.0,-0.020700000000000073
2025-09-02 22:00:00+00:00,SOLUSDT,RangeTrading,24,-1,-0.010021097046413407,2.0,-0.013221097046413407
2025-09-05 12:00:00+00:00,SOLUSDT,RangeTrading,24,-1,0.03221020388628304,2.0,0.02901020388628304
2025-09-07 20:00:00+00:00,SOLUSDT,RangeTrading,24,-1,-0.04960210906605478,2.0,-0.05280210906605478
2025-09-09 06:00:00+00:00,SOLUSDT,RangeTrading,24,-1,-0.017310070064569416,2.0,-0.020510070064569418
2025-09-10 07:00:00+00:00,SOLUSDT,RangeTrading,24,-1,-0.005717115332673162,2.0,-0.008917115332673161
2025-09-11 10:00:00+00:00,SOLUSDT,RangeTrading,24,-1,-0.05934231519234179,2.0,-0.06254231519234178
2025-09-12 23:00:00+00:00,SOLUSDT,RangeTrading,24,-1,-0.0055768992440203835,2.0,-0.008776899244020383
2025-09-14 01:00:00+00:00,SOLUSDT,RangeTrading,24,-1,0.01510032968374786,2.0,0.01190032968374786
2025-09-16 15:00:00+00:00,SOLUSDT,RangeTrading,24,-1,0.015526382226710433,2.0,0.012326382226710434
2025-09-17 19:00:00+00:00,SOLUSDT,RangeTrading,24,-1,-0.040231330148353006,2.0,-0.04343133014835301
2025-09-26 16:00:00+00:00,SOLUSDT,RangeTrading,24,-1,-0.011431436450238142,2.0,-0.014631436450238141
2025-09-29 14:00:00+00:00,SOLUSDT,RangeTrading,24,-1,0.02977761025254444,2.0,0.026577610252544438
2025-10-24 12:00:00+00:00,BTCUSDT,TrendFollowing,24,1,0.0034104137171622195,2.0,0.0010104137171622197
2025-11-10 23:00:00+00:00,BTCUSDT,TrendFollowing,24,1,-0.029517875022530782,2.0,-0.03191787502253078
2025-11-27 09:00:00+00:00,BTCUSDT,TrendFollowing,24,1,0.0030494833578624814,2.0,0.0006494833578624816
2025-12-03 04:00:00+00:00,BTCUSDT,TrendFollowing,24,1,-0.003962397416564123,2.0,-0.006362397416564122
2025-12-08 08:00:00+00:00,BTCUSDT,TrendFollowing,24,1,-0.01832712296528738,2.0,-0.02072712296528738
2025-12-22 05:00:00+00:00,BTCUSDT,TrendFollowing,24,1,-0.016166125693485633,2.0,-0.018566125693485633
2025-12-26 12:00:00+00:00,BTCUSDT,TrendFollowing,24,1,-0.013976358634039343,2.0,-0.016376358634039342
2025-12-29 04:00:00+00:00,BTCUSDT,TrendFollowing,24,1,-0.032007733620717516,2.0,-0.034407733620717515
2025-12-30 17:00:00+00:00,BTCUSDT,TrendFollowing,24,1,-0.007634987807114579,2.0,-0.010034987807114579
2025-10-01 08:00:00+00:00,ETHUSDT,TrendFollowing,24,1,0.02316322415669969,2.0,0.020563224156699693
2025-10-26 09:00:00+00:00,ETHUSDT,TrendFollowing,24,1,0.04500901886309627,2.0,0.042409018863096275
2025-11-11 01:00:00+00:00,ETHUSDT,TrendFollowing,24,1,-0.043025500213688894,2.0,-0.04562550021368889
2025-11-26 23:00:00+00:00,ETHUSDT,TrendFollowing,24,1,-0.003804933521100562,2.0,-0.006404933521100562
2025-12-03 10:00:00+00:00,ETHUSDT,TrendFollowing,24,1,0.04273283222460855,2.0,0.040132832224608554
2025-12-22 09:00:00+00:00,ETHUSDT,TrendFollowing,24,1,-0.024453947368421103,2.0,-0.0270539473684211
2025-12-29 06:00:00+00:00,ETHUSDT,TrendFollowing,24,1,-0.02819760066688426,2.0,-0.030797600666884258
2025-12-30 14:00:00+00:00,ETHUSDT,TrendFollowing,24,1,-0.0036424824970535674,2.0,-0.006242482497053567
2025-10-01 15:00:00+00:00,SOLUSDT,TrendFollowing,24,1,0.03511561350111303,2.0,0.03191561350111303
2025-10-24 20:00:00+00:00,SOLUSDT,TrendFollowing,24,1,0.003978916907813046,2.0,0.0007789169078130458
2025-11-26 02:00:00+00:00,SOLUSDT,TrendFollowing,24,1,0.023347701149425193,2.0,0.02014770114942519
2025-12-03 09:00:00+00:00,SOLUSDT,TrendFollowing,24,1,0.008871365204534243,2.0,0.005671365204534243
2025-12-09 20:00:00+00:00,SOLUSDT,TrendFollowing,24,1,-0.021695689409077845,2.0,-0.024895689409077847
2025-12-12 09:00:00+00:00,SOLUSDT,TrendFollowing,24,1,-0.031188942759968197,2.0,-0.0343889427599682
2025-12-29 03:00:00+00:00,SOLUSDT,TrendFollowing,24,1,-0.03633392982183148,2.0,-0.03953392982183148
2025-12-30 16:00:00+00:00,SOLUSDT,TrendFollowing,24,1,-0.005015524241700486,2.0,-0.008215524241700486
2026-01-07 00:00:00+00:00,BTCUSDT,VolatilityExpansion,24,-1,0.013859873271292567,2.0,0.011459873271292567
2026-01-13 02:00:00+00:00,BTCUSDT,VolatilityExpansion,24,-1,-0.05019238474753962,2.0,-0.05259238474753962
2026-01-19 00:00:00+00:00,BTCUSDT,VolatilityExpansion,24,-1,-0.00032916676559646696,2.0,-0.0027291667655964667
2026-01-20 17:00:00+00:00,BTCUSDT,VolatilityExpansion,24,-1,0.014469643278998356,2.0,0.012069643278998357
2026-01-21 18:00:00+00:00,BTCUSDT,VolatilityExpansion,24,-1,-0.014606331219308544,2.0,-0.017006331219308543
2026-01-25 19:00:00+00:00,BTCUSDT,VolatilityExpansion,24,-1,-0.013137958394344729,2.0,-0.015537958394344728
2026-01-30 01:00:00+00:00,BTCUSDT,VolatilityExpansion,24,-1,-0.020026760575340363,2.0,-0.022426760575340363
2026-01-31 20:00:00+00:00,BTCUSDT,VolatilityExpansion,24,-1,0.018825859516705568,2.0,0.016425859516705568
2026-02-05 22:00:00+00:00,BTCUSDT,VolatilityExpansion,24,-1,-0.10435090257002733,2.0,-0.10675090257002733
2026-02-23 01:00:00+00:00,BTCUSDT,VolatilityExpansion,24,-1,0.004766475324287978,2.0,0.002366475324287978
2026-02-24 02:00:00+00:00,BTCUSDT,VolatilityExpansion,24,-1,-0.01999837703377949,2.0,-0.02239837703377949
2026-03-09 01:00:00+00:00,BTCUSDT,VolatilityExpansion,24,-1,-0.06185780520362005,2.0,-0.06425780520362005
2026-03-23 06:00:00+00:00,BTCUSDT,VolatilityExpansion,24,-1,-0.0502614775990049,2.0,-0.0526614775990049
2026-03-30 00:00:00+00:00,BTCUSDT,VolatilityExpansion,24,-1,-0.024829738933030754,2.0,-0.027229738933030753
2026-01-05 13:00:00+00:00,ETHUSDT,VolatilityExpansion,24,-1,-0.039219666287135135,2.0,-0.041819666287135134
2026-01-13 01:00:00+00:00,ETHUSDT,VolatilityExpansion,24,-1,-0.0740355579957046,2.0,-0.07663555799570461
2026-01-18 23:00:00+00:00,ETHUSDT,VolatilityExpansion,24,-1,0.030529095855024835,2.0,0.027929095855024837
2026-01-20 17:00:00+00:00,ETHUSDT,VolatilityExpansion,24,-1,0.024189567769477116,2.0,0.021589567769477118
2026-01-21 18:00:00+00:00,ETHUSDT,VolatilityExpansion,24,-1,-0.009122073092789451,2.0,-0.011722073092789451
2026-01-25 19:00:00+00:00,ETHUSDT,VolatilityExpansion,24,-1,-0.03175484095897785,2.0,-0.034354840958977846
2026-01-30 01:00:00+00:00,ETHUSDT,VolatilityExpansion,24,-1,0.01636042467175358,2.0,0.013760424671753582
2026-01-31 18:00:00+00:00,ETHUSDT,VolatilityExpansion,24,-1,0.025000420387092492,2.0,0.022400420387092494
2026-02-23 01:00:00+00:00,ETHUSDT,VolatilityExpansion,24,-1,0.006744189807701639,2.0,0.0041441898077016395
2026-03-23 06:00:00+00:00,ETHUSDT,VolatilityExpansion,24,-1,-0.06292603869953828,2.0,-0.06552603869953828
2026-01-19 00:00:00+00:00,SOLUSDT,VolatilityExpansion,24,-1,-0.0006730984967466824,2.0,-0.0038730984967466826
2026-01-25 19:00:00+00:00,SOLUSDT,VolatilityExpansion,24,-1,-0.048867396284041575,2.0,-0.05206739628404158
2026-01-30 01:00:00+00:00,SOLUSDT,VolatilityExpansion,24,-1,-0.026834563612678997,2.0,-0.030034563612678998
2026-01-31 18:00:00+00:00,SOLUSDT,VolatilityExpansion,24,-1,-0.0002945508100147265,2.0,-0.0034945508100147266
2026-02-06 00:00:00+00:00,SOLUSDT,VolatilityExpansion,24,-1,-0.1543357199681783,2.0,-0.1575357199681783
2026-02-23 01:00:00+00:00,SOLUSDT,VolatilityExpansion,24,-1,0.0038520801232665436,2.0,0.0006520801232665434
2026-03-30 00:00:00+00:00,SOLUSDT,VolatilityExpansion,24,-1,-0.023952095808383422,2.0,-0.027152095808383424
